step,energy,std,acceptance_rate,step_size,cm_mean,cm_std
0,49.33978271484375,17.41053009033203,0.9706499576568604,0.31411951780319214,-0.011653583496809006,1.488639235496521
1,49.53779220581055,17.43041229248047,0.9548800587654114,0.3284081816673279,0.03399908170104027,1.5113916397094727
2,49.41606903076172,17.416242599487305,0.931494951248169,0.34257882833480835,0.04989934712648392,1.5460896492004395
3,49.42813491821289,17.428590774536133,0.9284299612045288,0.3572559356689453,0.0523349829018116,1.6008455753326416
4,49.47738265991211,17.412717819213867,0.9291000366210938,0.3725857734680176,0.09883183985948563,1.7183172702789307
5,49.35277557373047,17.286226272583008,0.9261800050735474,0.38846465945243835,-0.02813258022069931,1.777377963066101
6,49.3018798828125,17.34421730041504,0.9200249910354614,0.40478113293647766,0.08950389176607132,1.9160549640655518
7,49.476776123046875,17.344970703125,0.9069600105285645,0.42125412821769714,0.03186792507767677,1.9501850605010986
8,49.338809967041016,17.368820190429688,0.8952800035476685,0.4379054605960846,-0.007890060544013977,1.9631648063659668
9,49.255760192871094,17.284822463989258,0.8781650066375732,0.45446550846099854,0.09029623121023178,2.018653392791748
10,49.26499938964844,17.223485946655273,0.856380045413971,0.4706617295742035,0.08372218906879425,2.0256969928741455
11,49.197025299072266,17.166942596435547,0.832069993019104,0.48629096150398254,0.04789949208498001,2.071303129196167
12,49.057090759277344,17.146831512451172,0.8070050477981567,0.5012202858924866,0.03905289247632027,2.012157917022705
13,49.027645111083984,17.076454162597656,0.7860749959945679,0.5155589580535889,0.09534261375665665,2.0420215129852295
14,48.972354888916016,16.968481063842773,0.7645900249481201,0.5292001366615295,0.03168896213173866,2.125117301940918
15,48.84049987792969,16.900468826293945,0.7420549392700195,0.5420096516609192,0.09053449332714081,2.1054534912109375
16,48.69057846069336,16.85398292541504,0.7189000844955444,0.5538742542266846,0.15754950046539307,2.1255743503570557
17,48.682579040527344,16.745019912719727,0.6984100341796875,0.5648636221885681,0.12234092503786087,2.149425745010376
18,48.51736831665039,16.653091430664062,0.6726799607276917,0.5746176838874817,0.15044358372688293,2.129931926727295
19,48.30653381347656,16.473920822143555,0.6479100584983826,0.583116888999939,0.19316723942756653,2.099454164505005
20,48.28276062011719,16.349210739135742,0.623824954032898,0.590337336063385,0.026208912953734398,2.0715434551239014
21,47.98474884033203,16.199153900146484,0.592400074005127,0.5957920551300049,0.1792338639497757,1.9578224420547485
22,47.89059829711914,16.07475471496582,0.5673200488090515,0.5998029112815857,0.08756503462791443,1.9394656419754028
23,47.51811218261719,15.867701530456543,0.5404300093650818,0.6022279262542725,0.1481172889471054,1.880837321281433
24,47.28666305541992,15.627267837524414,0.5166300535202026,0.6032294034957886,0.16378340125083923,1.8755652904510498
25,47.309288024902344,15.474770545959473,0.49333998560905457,0.6028276681900024,0.20007076859474182,1.7645890712738037
26,46.88268280029297,15.271344184875488,0.47119003534317017,0.6010909080505371,0.2084447741508484,1.6886295080184937
27,46.86869812011719,15.060630798339844,0.44191500544548035,0.5975995063781738,0.16811443865299225,1.655275583267212
28,46.358543395996094,14.788451194763184,0.42135000228881836,0.5928993821144104,0.2532840967178345,1.5687459707260132
29,46.19122314453125,14.56605052947998,0.3985249996185303,0.5868829488754272,0.2003343254327774,1.4510577917099
30,46.087337493896484,14.433387756347656,0.38236501812934875,0.5799791216850281,0.18943403661251068,1.4795278310775757
31,45.5647087097168,14.26309871673584,0.3595449924468994,0.5718330144882202,0.2192670702934265,1.3576891422271729
32,45.54799270629883,14.011642456054688,0.34243500232696533,0.5628229379653931,0.2318236231803894,1.2556804418563843
33,45.075679779052734,13.891935348510742,0.32212501764297485,0.5528117418289185,0.17082428932189941,1.2124279737472534
34,44.88414764404297,13.717191696166992,0.3066149950027466,0.542121171951294,0.24257703125476837,1.1281747817993164
35,44.822303771972656,13.570062637329102,0.2930299937725067,0.5309008955955505,0.2531593441963196,1.0416529178619385
36,44.264251708984375,13.400172233581543,0.2784099876880646,0.5191366672515869,0.24751906096935272,0.9687005281448364
37,44.315704345703125,13.415730476379395,0.2712550163269043,0.5072616934776306,0.26115667819976807,0.8952568769454956
38,44.03567886352539,13.193934440612793,0.263355016708374,0.4952576160430908,0.28335681557655334,0.8668744564056396
39,43.74990463256836,12.907275199890137,0.25100502371788025,0.4829259514808655,0.26121076941490173,0.7781183123588562
40,43.440399169921875,12.719878196716309,0.2470950037240982,0.4707125127315521,0.2720729112625122,0.7646541595458984
41,43.19791030883789,12.414149284362793,0.24023501574993134,0.45848506689071655,0.2976771593093872,0.705376386642456
42,42.7894287109375,12.242212295532227,0.2384600192308426,0.44649386405944824,0.2595643997192383,0.6923715472221375
43,42.471656799316406,11.920369148254395,0.23226001858711243,0.43453943729400635,0.2781239151954651,0.6431340575218201
44,42.112159729003906,11.444107055664062,0.2299950122833252,0.42280665040016174,0.29971468448638916,0.5816149115562439
45,41.81597137451172,11.046557426452637,0.22969001531600952,0.41137775778770447,0.3304791748523712,0.5612335205078125
46,41.3890266418457,10.572575569152832,0.22406500577926636,0.4000264108181,0.32795488834381104,0.5230243802070618
47,41.24436569213867,10.130048751831055,0.2266400158405304,0.38909128308296204,0.31654730439186096,0.5101171731948853
48,40.88615798950195,9.739522933959961,0.2271900177001953,0.37847650051116943,0.3283563256263733,0.48588037490844727
49,40.443519592285156,9.15459156036377,0.2261650264263153,0.3681124746799469,0.3374525308609009,0.46452343463897705
50,40.225563049316406,8.659707069396973,0.22782002389431,0.3580932021141052,0.3381108045578003,0.4540151059627533
51,39.99466323852539,8.202932357788086,0.22938501834869385,0.34840264916419983,0.3659147024154663,0.4144788980484009
52,39.79206848144531,7.719004154205322,0.2275100201368332,0.3389090299606323,0.34881696105003357,0.4055056571960449
53,39.47801971435547,7.18361759185791,0.23178501427173615,0.329818993806839,0.36305904388427734,0.3948609530925751
54,39.299800872802734,6.9716877937316895,0.23494501411914825,0.32107698917388916,0.3669911324977875,0.38836485147476196
55,39.17997360229492,6.733562469482422,0.23475001752376556,0.31256040930747986,0.3472757935523987,0.39461609721183777
56,39.0823860168457,6.732676982879639,0.24061499536037445,0.304453045129776,0.35203322768211365,0.38873016834259033
57,39.08189392089844,6.504001617431641,0.241100013256073,0.296570748090744,0.3743371367454529,0.360624223947525
58,38.985233306884766,6.702988147735596,0.24778001010417938,0.289090633392334,0.3658439517021179,0.3549168109893799
59,38.89569854736328,6.817468643188477,0.25620999932289124,0.28204289078712463,0.37681320309638977,0.3544974625110626
60,38.872737884521484,6.863979339599609,0.2633100152015686,0.27536723017692566,0.36452633142471313,0.3518822193145752
61,38.894927978515625,6.7679762840271,0.26930001378059387,0.26901450753211975,0.3838746249675751,0.33763426542282104
62,38.89316940307617,6.739156723022461,0.2799749970436096,0.263095498085022,0.3987455666065216,0.3225008547306061
63,38.83132553100586,6.740830421447754,0.2873450219631195,0.25750064849853516,0.3872371315956116,0.3271515667438507
64,38.82222366333008,6.730404853820801,0.29685500264167786,0.2522696554660797,0.39443981647491455,0.32519054412841797
65,38.8261604309082,6.675633907318115,0.30655500292778015,0.24738962948322296,0.37405329942703247,0.35148730874061584
66,38.85417556762695,6.60530424118042,0.3151150047779083,0.242815762758255,0.3825947940349579,0.35210564732551575
67,38.86621856689453,6.5187530517578125,0.3239299952983856,0.23854051530361176,0.3903285562992096,0.330124169588089
68,38.846336364746094,6.4482574462890625,0.33501502871513367,0.23460495471954346,0.38350600004196167,0.33344340324401855
69,38.79990768432617,6.3628249168396,0.34090501070022583,0.2308725118637085,0.3845100700855255,0.3382059633731842
70,38.79415512084961,6.215043544769287,0.34659501910209656,0.22733080387115479,0.3787320852279663,0.3505542576313019
71,38.73650360107422,6.16251802444458,0.35205501317977905,0.2239675670862198,0.3836287558078766,0.33804449439048767
72,38.850582122802734,6.036674499511719,0.35888001322746277,0.22080694139003754,0.3676994740962982,0.3600066900253296
73,38.75661849975586,5.981164455413818,0.36335501074790955,0.21778972446918488,0.3747497498989105,0.3536583483219147
74,38.7021484375,5.992997646331787,0.36645999550819397,0.21488136053085327,0.3708310127258301,0.34583014249801636
75,38.76948547363281,5.823246479034424,0.37439998984336853,0.2121824473142624,0.3850688934326172,0.33614930510520935
76,38.63703536987305,5.843830108642578,0.37571001052856445,0.20954522490501404,0.3809576630592346,0.33793017268180847
77,38.6071662902832,5.772523403167725,0.3809199929237366,0.20704996585845947,0.38452669978141785,0.3292677104473114
78,38.638038635253906,5.68649959564209,0.3831250071525574,0.2046300619840622,0.37510889768600464,0.3321269750595093
79,38.63146209716797,5.937793731689453,0.3867950141429901,0.20231355726718903,0.3699711263179779,0.3434438407421112
80,38.56245422363281,5.965273380279541,0.3950900137424469,0.20019108057022095,0.3570062518119812,0.35680246353149414
81,38.57173538208008,5.8395280838012695,0.40108001232147217,0.19821079075336456,0.3678627610206604,0.3352810740470886
82,38.47929382324219,5.873997211456299,0.40447500348091125,0.1963173896074295,0.35552453994750977,0.3477074205875397
83,38.55076599121094,5.774442195892334,0.4105850160121918,0.19456201791763306,0.3666716516017914,0.34828731417655945
84,38.5245246887207,5.915766716003418,0.41492000222206116,0.1929066777229309,0.3624534606933594,0.3413596749305725
85,38.517269134521484,5.87221097946167,0.42399001121520996,0.1914403885602951,0.35899367928504944,0.34851986169815063
86,38.572364807128906,5.619636058807373,0.4263150095939636,0.19002975523471832,0.3681965172290802,0.33477669954299927
87,38.65143585205078,5.700385093688965,0.43072500824928284,0.18871332705020905,0.36742904782295227,0.3321622312068939
88,38.58030700683594,5.7631683349609375,0.436379998922348,0.18751272559165955,0.36503106355667114,0.3278956115245819
89,38.51896286010742,5.586438179016113,0.4381849765777588,0.1863536238670349,0.35248568654060364,0.350168377161026
90,38.5302848815918,5.681858539581299,0.4403800368309021,0.18524257838726044,0.34725508093833923,0.34751737117767334
91,38.4765739440918,5.574572563171387,0.4412650167942047,0.18415455520153046,0.3428558111190796,0.3515844941139221
92,38.48164749145508,5.5860371589660645,0.4453050196170807,0.18314732611179352,0.34385091066360474,0.35532981157302856
93,38.46770477294922,5.67044734954834,0.4498399794101715,0.18222865462303162,0.3447231948375702,0.3379284739494324
94,38.451847076416016,5.526651859283447,0.45123499631881714,0.1813400238752365,0.34153035283088684,0.3525485694408417
95,38.43547439575195,5.511455059051514,0.45466500520706177,0.18051791191101074,0.3437812626361847,0.3435411751270294
96,38.419464111328125,5.485806941986084,0.45279499888420105,0.17966577410697937,0.33167195320129395,0.3534255623817444
97,38.437618255615234,5.512088298797607,0.45774000883102417,0.17890651524066925,0.30810853838920593,0.36546844244003296
98,38.49067687988281,5.475432872772217,0.4586549997329712,0.17816683650016785,0.31038546562194824,0.36542487144470215
99,38.416690826416016,5.489324569702148,0.46256500482559204,0.17749986052513123,0.31523364782333374,0.37436172366142273
100,38.36237335205078,5.563132286071777,0.46228498220443726,0.17683042585849762,0.29543337225914,0.36848434805870056
101,38.33002471923828,5.441440105438232,0.46477001905441284,0.17620745301246643,0.2913718521595001,0.38555243611335754
102,38.34815979003906,5.4400129318237305,0.46742501854896545,0.17563346028327942,0.28538447618484497,0.37002795934677124
103,38.3475227355957,5.491982460021973,0.4705449938774109,0.1751161366701126,0.2803436517715454,0.38878366351127625
104,38.30049133300781,5.524211406707764,0.4697200059890747,0.17458589375019073,0.2714245021343231,0.38743555545806885
105,38.31538772583008,5.572442054748535,0.47222501039505005,0.17410098016262054,0.2746484577655792,0.38814476132392883
106,38.21614456176758,5.5655059814453125,0.47341498732566833,0.17363813519477844,0.25844356417655945,0.4156481623649597
107,38.2318229675293,5.533361911773682,0.47578999400138855,0.1732177585363388,0.2768450081348419,0.3865458071231842
108,38.184593200683594,5.508671760559082,0.4792550206184387,0.17285841703414917,0.26108652353286743,0.38734686374664307
109,38.19340133666992,5.528376579284668,0.48173004388809204,0.17254260182380676,0.23184628784656525,0.4199746549129486
110,38.22288513183594,5.60906982421875,0.4839950203895569,0.17226645350456238,0.23647621273994446,0.4208911955356598
111,38.180694580078125,5.633153438568115,0.4881250262260437,0.17206189036369324,0.25078949332237244,0.4201604425907135
112,38.220706939697266,5.649379730224609,0.488290011882782,0.17186041176319122,0.2433682680130005,0.40164318680763245
113,38.12621307373047,5.682345867156982,0.4894750118255615,0.1716795265674591,0.22534717619419098,0.42716658115386963
114,38.14311599731445,5.733475208282471,0.49285000562667847,0.1715567708015442,0.22847376763820648,0.41835612058639526
115,38.02519989013672,5.822788715362549,0.4949049949645996,0.17146936058998108,0.23508459329605103,0.4117977023124695
116,38.10926818847656,5.808450698852539,0.4975000321865082,0.17142648994922638,0.22361502051353455,0.42015349864959717
117,38.03689193725586,5.923064708709717,0.49738502502441406,0.17138166725635529,0.2349861115217209,0.40854889154434204
118,38.04841613769531,6.0293121337890625,0.502810001373291,0.1714298278093338,0.2139962911605835,0.44024649262428284
119,38.00906753540039,5.939614772796631,0.4999549686908722,0.17142905294895172,0.2126355916261673,0.4390158951282501
120,37.9609489440918,6.030523300170898,0.502720057964325,0.17147569358348846,0.22123026847839355,0.42923134565353394
121,37.938228607177734,6.163292407989502,0.50565505027771,0.17157267034053802,0.23258280754089355,0.43704789876937866
122,37.91106033325195,6.205156326293945,0.5049900412559509,0.17165829241275787,0.20102305710315704,0.4517812430858612
123,37.94878387451172,6.405710220336914,0.5120000243186951,0.17186427116394043,0.1950714886188507,0.468906968832016
124,37.82704162597656,6.473151206970215,0.5140650272369385,0.17210601270198822,0.18261460959911346,0.47227969765663147
125,37.79508590698242,6.452662467956543,0.5122849941253662,0.17231743037700653,0.18565741181373596,0.47617605328559875
126,37.782711029052734,6.5745697021484375,0.5142949819564819,0.17256376147270203,0.18454676866531372,0.47900572419166565
127,37.76106262207031,6.808821678161621,0.519029974937439,0.17289215326309204,0.1728481501340866,0.4801076352596283
128,37.72025680541992,6.93800687789917,0.5221949815750122,0.1732758730649948,0.1645926535129547,0.4889877736568451
129,37.75005340576172,7.007274150848389,0.521405041217804,0.17364677786827087,0.16038712859153748,0.5102776288986206
130,37.63005828857422,7.044989109039307,0.520145058631897,0.17399659752845764,0.14966058731079102,0.51546710729599
131,37.60599899291992,7.159224033355713,0.5176350474357605,0.17430342733860016,0.1666671335697174,0.509844183921814
132,37.535560607910156,7.3122639656066895,0.5209299325942993,0.17466823756694794,0.15437021851539612,0.5049406886100769
133,37.445579528808594,7.365814208984375,0.5198550224304199,0.17501504719257355,0.1382206827402115,0.5205987691879272
134,37.457637786865234,7.465462684631348,0.5215849876403809,0.17539282143115997,0.11533471196889877,0.5266078114509583
135,37.54441833496094,7.572749614715576,0.5218900442123413,0.17577676475048065,0.11864833533763885,0.5316886305809021
136,37.43556213378906,7.4662394523620605,0.5190349817276001,0.1761113554239273,0.12601740658283234,0.5336437225341797
137,37.47432327270508,7.413978099822998,0.5148249864578247,0.1763724386692047,0.14565064013004303,0.5340679287910461
138,37.38743591308594,7.378738880157471,0.5124300122261047,0.1765916645526886,0.14818166196346283,0.5194457769393921
139,37.33588790893555,7.244056701660156,0.5095550417900085,0.17676039040088654,0.1339733749628067,0.5238156914710999
140,37.24831771850586,7.028712749481201,0.5148100256919861,0.17702218890190125,0.12117325514554977,0.5215047001838684
141,37.21503829956055,6.893657684326172,0.5181750059127808,0.1773439198732376,0.11773046106100082,0.5389654040336609
142,37.22813034057617,6.790271759033203,0.5193600058555603,0.17768725752830505,0.09563126415014267,0.5447406768798828
143,37.15036392211914,6.561636447906494,0.5194199681282043,0.17803233861923218,0.11568927764892578,0.5402926206588745
144,37.11686325073242,6.410573959350586,0.5152700543403625,0.17830418050289154,0.10569191724061966,0.526777446269989
145,37.15480422973633,6.214795112609863,0.5144749879837036,0.17856226861476898,0.1394065022468567,0.5287892818450928
146,37.0814323425293,6.05733060836792,0.5160450339317322,0.17884878814220428,0.11353534460067749,0.5497356057167053
147,37.0264892578125,6.017792701721191,0.5180800557136536,0.17917215824127197,0.08174216002225876,0.5611727833747864
148,37.01734924316406,5.858481407165527,0.5156599879264832,0.17945274710655212,0.09123996645212173,0.5525103211402893
149,36.957611083984375,5.788498401641846,0.5101649761199951,0.1796351671218872,0.08192946016788483,0.5532159805297852
150,36.93598556518555,5.619930744171143,0.511584997177124,0.17984327673912048,0.0865756943821907,0.5608622431755066
151,36.9294548034668,5.514449119567871,0.506434977054596,0.1799589991569519,0.11589081585407257,0.5260156393051147
152,36.89005661010742,5.301977634429932,0.5045549869537354,0.18004097044467926,0.12082983553409576,0.5395412445068359
153,36.86178207397461,5.1223602294921875,0.5051649808883667,0.18013396859169006,0.10965155810117722,0.5339405536651611
154,36.87425994873047,5.053092956542969,0.505620002746582,0.18023519217967987,0.1079486757516861,0.551701545715332
155,36.839847564697266,4.933839797973633,0.5061349868774414,0.18034575879573822,0.0844476968050003,0.5414957404136658
156,36.80892562866211,4.828863143920898,0.5064049959182739,0.18046127259731293,0.09770470857620239,0.5246076583862305
157,36.807159423828125,4.688868999481201,0.5066150426864624,0.18058064579963684,0.0888972207903862,0.559623658657074
158,36.78956604003906,4.600238800048828,0.5057899951934814,0.18068520724773407,0.0858583152294159,0.5432674288749695
159,36.72908401489258,4.510138511657715,0.5053850412368774,0.1807824969291687,0.09556514024734497,0.5450968742370605
160,36.73577880859375,4.4927659034729,0.5047749876976013,0.18086883425712585,0.08313565701246262,0.5462082624435425
161,36.73788833618164,4.401688575744629,0.5041549801826477,0.18094398081302643,0.10376303642988205,0.5348533987998962
162,36.71429443359375,4.357974052429199,0.5039049983024597,0.18101464211940765,0.09295256435871124,0.5622929334640503
163,36.6685791015625,4.284953594207764,0.5021849870681763,0.18105418980121613,0.09836135804653168,0.5535207986831665
164,36.6656608581543,4.294191837310791,0.49970000982284546,0.18104876577854156,0.09269504249095917,0.5585768222808838
165,36.69301223754883,4.222403526306152,0.499504953622818,0.18103979527950287,0.08907958120107651,0.5591132044792175
166,36.65607452392578,4.2234086990356445,0.5009649991989136,0.18105727434158325,0.07786639779806137,0.5452529191970825
167,36.63450622558594,4.201443672180176,0.49844998121261597,0.18102921545505524,0.08401994407176971,0.547039806842804
168,36.62095260620117,4.156901836395264,0.4966449737548828,0.1809684783220291,0.06736432015895844,0.567774772644043
169,36.62571716308594,4.099864482879639,0.4988200068473816,0.18094712495803833,0.0681462436914444,0.5706353187561035
170,36.61540985107422,4.002511024475098,0.49753499031066895,0.18090251088142395,0.09058800339698792,0.5707433819770813
171,36.61458206176758,3.9218320846557617,0.49718502163887024,0.18085157871246338,0.08309457451105118,0.5485283732414246
172,36.608375549316406,3.9013867378234863,0.4971250295639038,0.18079958856105804,0.054429832845926285,0.5549771189689636
173,36.58611297607422,3.8674662113189697,0.5007599592208862,0.18081334233283997,0.05004612356424332,0.5473337173461914
174,36.55564880371094,3.8087377548217773,0.49989500641822815,0.18081144988536835,0.05500693991780281,0.5607632994651794
175,36.56121826171875,3.7917308807373047,0.500499963760376,0.18082047998905182,0.05583861470222473,0.5696725845336914
176,36.546382904052734,3.739093542098999,0.5044299960136414,0.18090057373046875,0.02708619087934494,0.5495916604995728
177,36.53471374511719,3.7179365158081055,0.501075029373169,0.18092001974582672,0.07370273768901825,0.5507752895355225
178,36.5335693359375,3.7069036960601807,0.5009649991989136,0.1809374839067459,0.026360582560300827,0.572657585144043
179,36.5220832824707,3.6654040813446045,0.4986850321292877,0.18091368675231934,0.05847354605793953,0.5656977891921997
180,36.48683547973633,3.6650915145874023,0.4976850152015686,0.18087179958820343,0.04897795245051384,0.5583940744400024
181,36.476131439208984,3.688215494155884,0.5012550354003906,0.18089450895786285,0.006036879029124975,0.5603641271591187
182,36.469791412353516,3.6538825035095215,0.49738502502441406,0.18084721267223358,0.04120640829205513,0.57094806432724
183,36.45333480834961,3.6239302158355713,0.5004100203514099,0.18085463345050812,0.03116176836192608,0.5497077107429504
184,36.461700439453125,3.585528612136841,0.5008749961853027,0.18087045848369598,0.03700670972466469,0.58565753698349
185,36.469085693359375,3.580803871154785,0.4970099925994873,0.1808163821697235,0.01917683146893978,0.5828671455383301
186,36.44888687133789,3.578766345977783,0.4999749958515167,0.1808159351348877,0.019646713510155678,0.5710447430610657
187,36.44612503051758,3.5652546882629395,0.4985450208187103,0.18078963458538055,0.037829965353012085,0.5639391541481018
188,36.451141357421875,3.5048227310180664,0.497575044631958,0.18074579536914825,0.03367031365633011,0.5505051016807556
189,36.39156723022461,3.52586030960083,0.5012499690055847,0.18076840043067932,0.025030476972460747,0.5511440634727478
190,36.41429901123047,3.5156917572021484,0.5011900067329407,0.18078990280628204,0.014529373496770859,0.5800719261169434
191,36.3880615234375,3.519235372543335,0.49805501103401184,0.18075473606586456,0.007960706017911434,0.5707821846008301
192,36.42580795288086,3.5317721366882324,0.5004749894142151,0.18076331913471222,0.023070186376571655,0.5784793496131897
193,36.37822723388672,3.4933393001556396,0.4990350008010864,0.18074586987495422,0.026002539321780205,0.5810820460319519
194,36.398963928222656,3.5151774883270264,0.5016000270843506,0.1807747781276703,0.014574159868061543,0.5771262645721436
195,36.39348220825195,3.47460675239563,0.49939998984336853,0.18076393008232117,0.0054861512035131454,0.5856915712356567
196,36.397682189941406,3.489583730697632,0.4976150095462799,0.18072082102298737,0.023903081193566322,0.5911177396774292
197,36.40386962890625,3.4808337688446045,0.49839499592781067,0.18069180846214294,0.04536387324333191,0.5805971026420593
198,36.40163803100586,3.4610698223114014,0.4987049996852875,0.1806683987379074,0.03289229795336723,0.5773847699165344
199,36.378273010253906,3.4716618061065674,0.4970199763774872,0.18061456084251404,0.015044929459691048,0.579071581363678
200,36.3609733581543,3.451941728591919,0.49755001068115234,0.1805703192949295,0.008479293435811996,0.5898929834365845
201,36.3689079284668,3.431851863861084,0.5014899969100952,0.1805972307920456,0.00728259515017271,0.5841655731201172
202,36.3426399230957,3.418281316757202,0.5001450181007385,0.1805998533964157,0.0018784981220960617,0.5733853578567505
203,36.349822998046875,3.4178502559661865,0.5022749900817871,0.18064093589782715,-0.015430779196321964,0.5956007242202759
204,36.371665954589844,3.398261308670044,0.4985450208187103,0.1806146502494812,-0.010260805487632751,0.5883053541183472
205,36.344303131103516,3.4051926136016846,0.5021399855613708,0.18065330386161804,-0.02056005597114563,0.5895749926567078
206,36.35258102416992,3.386065721511841,0.49934500455856323,0.18064147233963013,0.009879758581519127,0.5988906621932983
207,36.332855224609375,3.3980491161346436,0.4985450208187103,0.18061518669128418,-0.011181526817381382,0.5798163414001465
208,36.307403564453125,3.370237350463867,0.49818000197410583,0.18058231472969055,0.011929252184927464,0.5749157071113586
209,36.31631851196289,3.3675036430358887,0.49632498621940613,0.18051594495773315,-0.005896964576095343,0.5860282778739929
210,36.34701919555664,3.3524396419525146,0.49817997217178345,0.18048308789730072,-0.006608343683183193,0.5773355960845947
211,36.3206787109375,3.3351497650146484,0.49973997473716736,0.18047839403152466,-0.01754460111260414,0.5830116271972656
212,36.30653762817383,3.317504405975342,0.4982900023460388,0.1804475337266922,0.003891946980729699,0.6021211743354797
213,36.29651641845703,3.288055419921875,0.499985009431839,0.1804472655057907,-0.02326558716595173,0.5846060514450073
214,36.278472900390625,3.266157388687134,0.5018500089645386,0.18048064410686493,0.010505464859306812,0.5932329297065735
215,36.33684158325195,3.2917566299438477,0.5010199546813965,0.18049906194210052,-0.002843307564035058,0.5857976675033569
216,36.314056396484375,3.2673463821411133,0.49768000841140747,0.1804571896791458,-0.013973585329949856,0.580449640750885
217,36.292057037353516,3.250826835632324,0.4972350001335144,0.18040728569030762,-0.006685796193778515,0.5735033750534058
218,36.29945373535156,3.2727503776550293,0.498075008392334,0.18037255108356476,-0.021317044273018837,0.5931211113929749
219,36.29680252075195,3.2224020957946777,0.4980200231075287,0.1803368330001831,-0.003576073795557022,0.5885565280914307
220,36.3130989074707,3.2091777324676514,0.49892500042915344,0.1803174465894699,0.018763598054647446,0.5801557898521423
221,36.31661605834961,3.199585199356079,0.49675002694129944,0.1802588403224945,0.0034201452508568764,0.5866365432739258
222,36.265037536621094,3.1695873737335205,0.49945998191833496,0.18024910986423492,-0.013473507948219776,0.5910561680793762
223,36.29764938354492,3.133047342300415,0.501134991645813,0.18026956915855408,-0.013593037612736225,0.5957422256469727
224,36.29506301879883,3.1315033435821533,0.5003349781036377,0.18027560412883759,-0.024547219276428223,0.5895470380783081
225,36.301368713378906,3.1089279651641846,0.49845004081726074,0.18024766445159912,0.002120249904692173,0.5925329923629761
226,36.298973083496094,3.0931079387664795,0.4981899857521057,0.1802150309085846,0.022046871483325958,0.5919505953788757
227,36.283966064453125,3.0594632625579834,0.49812501668930054,0.18018123507499695,0.02851569838821888,0.5590282082557678
228,36.27861022949219,3.0361685752868652,0.4976100027561188,0.18013817071914673,0.01672310009598732,0.5728647112846375
229,36.29917907714844,3.0192794799804688,0.4960249960422516,0.1800665706396103,-0.023852143436670303,0.5699042677879333
230,36.2733268737793,3.0152125358581543,0.4976550042629242,0.18002434074878693,-0.011483401991426945,0.578656017780304
231,36.267879486083984,3.00461483001709,0.5021999478340149,0.18006393313407898,-0.00638617156073451,0.5881971716880798
232,36.29501724243164,2.989665985107422,0.4991050064563751,0.18004781007766724,0.0026584540028125048,0.5781230926513672
233,36.28246307373047,2.959104061126709,0.4990899860858917,0.180031418800354,0.00567806838080287,0.5715563297271729
234,36.31222152709961,2.954416036605835,0.5008950233459473,0.18004754185676575,-0.0036426354199647903,0.5999284982681274
235,36.292720794677734,2.9247288703918457,0.49796000123023987,0.1800108104944229,-0.008852379396557808,0.6002318263053894
236,36.25870132446289,2.8889968395233154,0.5002350211143494,0.18001504242420197,0.003735859878361225,0.5900911092758179
237,36.26251220703125,2.8785765171051025,0.4984949827194214,0.17998795211315155,-0.012479539960622787,0.5749879479408264
238,36.28387451171875,2.870105743408203,0.502465009689331,0.18003232777118683,-0.009884944185614586,0.5843979120254517
239,36.28157424926758,2.863335132598877,0.49850502610206604,0.18000541627407074,0.0008235831628553569,0.5671406984329224
240,36.27275848388672,2.847870111465454,0.49916496872901917,0.17999038100242615,-0.01722165383398533,0.5817461013793945
241,36.290103912353516,2.853869676589966,0.50006502866745,0.17999155819416046,-0.01669696718454361,0.5887662172317505
242,36.28288650512695,2.824350118637085,0.49869000911712646,0.1799679845571518,0.0020289174281060696,0.5683382749557495
243,36.26974868774414,2.8041012287139893,0.49635499715805054,0.17990238964557648,0.010037301108241081,0.5795512795448303
244,36.26112365722656,2.8075249195098877,0.49939000606536865,0.1798914223909378,0.006335076410323381,0.590388298034668
245,36.23046875,2.7500100135803223,0.5022349953651428,0.1799316257238388,-0.01881474442780018,0.5862022638320923
246,36.22584533691406,2.7460501194000244,0.5007449984550476,0.17994503676891327,-0.021601663902401924,0.5906445980072021
247,36.25040054321289,2.754176139831543,0.5020999908447266,0.17998284101486206,-0.007381236646324396,0.5950130224227905
248,36.26478576660156,2.727821111679077,0.49949002265930176,0.17997366189956665,-0.0075546447187662125,0.576012372970581
249,36.27700424194336,2.7302091121673584,0.49810999631881714,0.1799396425485611,-0.0012779637472704053,0.5763795971870422
250,36.26531219482422,2.742155075073242,0.4999200105667114,0.1799382120370865,0.005037128459662199,0.5867593884468079
251,36.243568420410156,2.7104570865631104,0.49880000948905945,0.1799166202545166,-0.0028506452217698097,0.5963491797447205
252,36.228492736816406,2.6948859691619873,0.4988900125026703,0.17989665269851685,-0.01287407148629427,0.5762232542037964
253,36.2474250793457,2.6925172805786133,0.5011399984359741,0.17991715669631958,-0.01598358154296875,0.5725614428520203
254,36.24846267700195,2.666804790496826,0.5010100603103638,0.17993532121181488,-0.005277186166495085,0.5897256135940552
255,36.2176513671875,2.655383586883545,0.4997299909591675,0.17993046343326569,0.010184153914451599,0.5782968997955322
256,36.24363327026367,2.6175312995910645,0.4989599883556366,0.1799117475748062,0.003838943550363183,0.5774462223052979
257,36.24147415161133,2.6293349266052246,0.5014599561691284,0.17993801832199097,-0.019655948504805565,0.6107099056243896
258,36.23836135864258,2.621109962463379,0.49994999170303345,0.17993712425231934,-0.01682855188846588,0.584209144115448
259,36.212501525878906,2.591327428817749,0.5005549788475037,0.1799471229314804,-0.01836356148123741,0.5755129456520081
260,36.23134231567383,2.5913498401641846,0.4971449673175812,0.17989574372768402,-0.01694488525390625,0.5980978608131409
261,36.22280502319336,2.5451138019561768,0.5010800361633301,0.1799151748418808,-0.013347913511097431,0.5910458564758301
262,36.235450744628906,2.540058135986328,0.49794504046440125,0.17987820506095886,-0.023914430290460587,0.5852646231651306
263,36.219905853271484,2.5435402393341064,0.5000500082969666,0.1798790991306305,0.0005348491831682622,0.6023088097572327
264,36.21493148803711,2.518199920654297,0.4986850321292877,0.17985545098781586,-0.010081544518470764,0.5938218832015991
265,36.21539306640625,2.4987308979034424,0.5005549788475037,0.17986544966697693,-0.0005816988996230066,0.5771161317825317
266,36.24591064453125,2.4915950298309326,0.49954500794410706,0.1798572689294815,-0.01658705249428749,0.6024593114852905
267,36.215675354003906,2.475461721420288,0.500665009021759,0.17986923456192017,-0.009058411233127117,0.5869541764259338
268,36.19643783569336,2.447824001312256,0.4974599778652191,0.17982354760169983,-0.032662417739629745,0.5742586255073547
269,36.226219177246094,2.471844434738159,0.4991050064563751,0.17980745434761047,-0.001467520254664123,0.589599609375
270,36.20710372924805,2.419776439666748,0.49940499663352966,0.1797967553138733,-0.015023529529571533,0.5924530625343323
271,36.213016510009766,2.4166994094848633,0.4982749819755554,0.1797657459974289,-0.012070514261722565,0.5820420980453491
272,36.21854782104492,2.41076922416687,0.4993400275707245,0.1797538846731186,-0.0062028514221310616,0.5828946828842163
273,36.211612701416016,2.4099786281585693,0.5027199983596802,0.1798027902841568,0.013546369038522243,0.5835548043251038
274,36.21536636352539,2.352260112762451,0.49612998962402344,0.17973320186138153,-0.036155570298433304,0.5700089335441589
275,36.21303176879883,2.3540170192718506,0.4965600073337555,0.17967137694358826,-0.01996956393122673,0.5652186274528503
276,36.2336311340332,2.3670849800109863,0.5006799697875977,0.17968358099460602,-0.001507206936366856,0.5747888088226318
277,36.220741271972656,2.3427484035491943,0.5005800127983093,0.1796940118074417,0.008807078935205936,0.5779898166656494
278,36.24604797363281,2.346336603164673,0.5016949772834778,0.17972446978092194,-0.018605781719088554,0.5709563493728638
279,36.203521728515625,2.330782413482666,0.5018150210380554,0.17975710332393646,-0.018514404073357582,0.5810205936431885
280,36.19477844238281,2.304985761642456,0.5013350248336792,0.17978110909461975,0.005987171083688736,0.5985175967216492
281,36.20610046386719,2.2725753784179688,0.4976699948310852,0.17973922193050385,-0.020259421318769455,0.5894359946250916
282,36.21645736694336,2.3066253662109375,0.49599000811576843,0.1796671450138092,-0.011933786794543266,0.5822466015815735
283,36.21831130981445,2.2845306396484375,0.4996599853038788,0.17966103553771973,-0.005238249432295561,0.5862400531768799
284,36.21121597290039,2.266592264175415,0.4988750219345093,0.17964082956314087,-0.012314503081142902,0.5723326206207275
285,36.213043212890625,2.2588138580322266,0.49757999181747437,0.17959736287593842,-0.03586217388510704,0.5872280597686768
286,36.17158889770508,2.2330644130706787,0.5007950067520142,0.17961163818836212,-0.035423051565885544,0.5811751484870911
287,36.194549560546875,2.209484100341797,0.4999150037765503,0.17961010336875916,0.0011798215564340353,0.5806184411048889
288,36.215065002441406,2.227213144302368,0.5025299787521362,0.1796555370092392,-0.0007927747210487723,0.5753650665283203
289,36.21611022949219,2.2259395122528076,0.5005550384521484,0.17966552078723907,-0.0542912557721138,0.5707286596298218
290,36.21379470825195,2.201570987701416,0.4984299838542938,0.17963731288909912,-0.006802649702876806,0.5802517533302307
291,36.177669525146484,2.180817127227783,0.4968850016593933,0.17958135902881622,0.001721866661682725,0.5819015502929688
292,36.19786071777344,2.1941306591033936,0.5002750158309937,0.17958630621433258,-0.02590710110962391,0.5716965794563293
293,36.1883659362793,2.161623954772949,0.49966999888420105,0.17958037555217743,-0.014233452267944813,0.5789030194282532
294,36.176265716552734,2.159520149230957,0.49990999698638916,0.1795787662267685,-0.009856536984443665,0.58689945936203
295,36.18354034423828,2.1275970935821533,0.4992600381374359,0.17956548929214478,-0.021949615329504013,0.5954564213752747
296,36.18218994140625,2.1194076538085938,0.5026200413703918,0.17961253225803375,0.0005635542911477387,0.5697246193885803
297,36.18223190307617,2.1061038970947266,0.5005700588226318,0.17962276935577393,-0.034081730991601944,0.5728123784065247
298,36.17409133911133,2.1190760135650635,0.4993849992752075,0.17961172759532928,-0.04350673407316208,0.5997717380523682
299,36.18501663208008,2.1126785278320312,0.49955499172210693,0.1796037256717682,-0.03356160968542099,0.5820795893669128
300,36.19783020019531,2.0942561626434326,0.4984299838542938,0.17957553267478943,-0.021759895607829094,0.5799275040626526
301,36.20364761352539,2.101522922515869,0.5000450015068054,0.1795763522386551,-0.0440097376704216,0.605347752571106
302,36.161685943603516,2.0787079334259033,0.4969800114631653,0.17952211201190948,-0.013162375427782536,0.5788700580596924
303,36.18001937866211,2.046322822570801,0.5010149478912354,0.17954032123088837,-0.024921389296650887,0.5888568758964539
304,36.176273345947266,2.0434787273406982,0.49894002079963684,0.17952129244804382,-0.021111007779836655,0.5701494216918945
305,36.2104606628418,2.0598719120025635,0.5002099871635437,0.17952506244182587,-0.027940906584262848,0.5876497030258179
306,36.205509185791016,2.0430750846862793,0.49805501103401184,0.17949014902114868,0.01081725861877203,0.6039045453071594
307,36.17375564575195,2.0235323905944824,0.49853500723838806,0.17946384847164154,-0.0027784034609794617,0.5896171927452087
308,36.17975616455078,2.0220561027526855,0.5,0.17946384847164154,-0.02045651711523533,0.5740686058998108
309,36.187496185302734,2.0252320766448975,0.4985950291156769,0.17943863570690155,-0.020030200481414795,0.5738339424133301
310,36.19746398925781,2.0166218280792236,0.49692001938819885,0.17938336730003357,-0.03354413062334061,0.5827062726020813
311,36.19670104980469,1.9876015186309814,0.4970400035381317,0.1793302744626999,-0.011241430416703224,0.5726908445358276
312,36.182029724121094,1.9732685089111328,0.4990350008010864,0.17931297421455383,0.005478874314576387,0.5804097056388855
313,36.198360443115234,1.963919997215271,0.4996200203895569,0.17930614948272705,0.009552561677992344,0.5748659372329712
314,36.18013381958008,1.9711836576461792,0.5027100443840027,0.1793547421693802,-0.01973617635667324,0.58055180311203
315,36.16755676269531,1.948263168334961,0.4984600245952606,0.1793271154165268,-0.022463524714112282,0.5758115649223328
316,36.180137634277344,1.9389946460723877,0.5008350014686584,0.17934207618236542,-0.030450182035565376,0.5630214810371399
317,36.177799224853516,1.929884910583496,0.4959850013256073,0.17927007377147675,-0.020833253860473633,0.59019535779953
318,36.18352127075195,1.9471468925476074,0.4992050230503082,0.17925581336021423,-0.018250111490488052,0.5598691701889038
319,36.19344711303711,1.9371424913406372,0.4994649887084961,0.1792462170124054,-0.007736342027783394,0.5743201375007629
320,36.1690673828125,1.9198954105377197,0.5005249977111816,0.1792556196451187,-0.035236015915870667,0.5844954252243042
321,36.16595458984375,1.9061930179595947,0.49925002455711365,0.17924217879772186,-0.01832457445561886,0.5812146663665771
322,36.15789794921875,1.8984756469726562,0.5005599856376648,0.17925222218036652,-0.020801182836294174,0.5833131670951843
323,36.186317443847656,1.8853211402893066,0.4998500347137451,0.17924952507019043,-0.03107033483684063,0.5780246257781982
324,36.17029571533203,1.8962124586105347,0.5020850300788879,0.1792868971824646,-0.003281704615801573,0.5771629810333252
325,36.15734100341797,1.8663030862808228,0.49812501668930054,0.17925328016281128,-0.00799844041466713,0.5813229084014893
326,36.165679931640625,1.8679710626602173,0.4987350106239319,0.17923060059547424,-0.03473832085728645,0.5854361653327942
327,36.16386032104492,1.8645414113998413,0.499500036239624,0.17922164499759674,-0.008975809440016747,0.5767149925231934
328,36.1599235534668,1.8685415983200073,0.4998749792575836,0.17921939492225647,-0.006320782005786896,0.5783260464668274
329,36.15821075439453,1.852908730506897,0.5000649690628052,0.1792205423116684,-0.013193676248192787,0.5782200694084167
330,36.17163848876953,1.8301125764846802,0.5004000067710876,0.17922772467136383,-0.00948929414153099,0.5851594805717468
331,36.18042755126953,1.8428497314453125,0.49965497851371765,0.17922154068946838,-0.02401634119451046,0.5893166661262512
332,36.174720764160156,1.8130089044570923,0.5003300309181213,0.17922745645046234,0.005927732679992914,0.579792320728302
333,36.1968994140625,1.8334637880325317,0.5003550052642822,0.17923381924629211,-0.043046317994594574,0.5704591274261475
334,36.165199279785156,1.818596601486206,0.49808502197265625,0.1791994869709015,-0.019992131739854813,0.5713301301002502
335,36.18335723876953,1.801970362663269,0.49724000692367554,0.1791500300168991,-0.01289626769721508,0.5761005282402039
336,36.1855583190918,1.7923038005828857,0.4973750114440918,0.17910300195217133,-0.021470345556735992,0.5695108771324158
337,36.1817626953125,1.7898808717727661,0.5009850263595581,0.17912064492702484,0.014396104961633682,0.5680767297744751
338,36.18153762817383,1.7948914766311646,0.5003249645233154,0.17912647128105164,-0.030464066192507744,0.5675419569015503
339,36.160892486572266,1.7857602834701538,0.5009750127792358,0.17914393544197083,-0.0027256328612565994,0.5810309052467346
340,36.16600799560547,1.765597939491272,0.5004200339317322,0.17915144562721252,-0.011990814469754696,0.5784138441085815
341,36.17148208618164,1.7727290391921997,0.4993800222873688,0.1791403442621231,-0.0011722565395757556,0.5846667289733887
342,36.18941116333008,1.7505751848220825,0.49668002128601074,0.17908087372779846,-0.005133208353072405,0.5757431983947754
343,36.176151275634766,1.7554786205291748,0.49850499629974365,0.17905409634113312,-0.004727205727249384,0.5851995348930359
344,36.16695022583008,1.7505881786346436,0.49852001667022705,0.17902760207653046,-0.006082384847104549,0.5911768674850464
345,36.17159652709961,1.7471381425857544,0.5001950263977051,0.179031103849411,-0.014331790618598461,0.5759953856468201
346,36.18045425415039,1.741376280784607,0.5017499923706055,0.17906244099140167,-0.01970665715634823,0.5875318646430969
347,36.16120529174805,1.7360506057739258,0.5000550150871277,0.17906342446804047,-0.025839928537607193,0.5908557176589966
348,36.161136627197266,1.7174303531646729,0.5005500316619873,0.1790732592344284,-0.00047655488015152514,0.5731300711631775
349,36.150699615478516,1.7229044437408447,0.5015550255775452,0.1791010946035385,-0.016602953895926476,0.5807091593742371
350,36.162879943847656,1.7134065628051758,0.49978500604629517,0.1790972352027893,-0.024974657222628593,0.5794012546539307
351,36.164772033691406,1.7179089784622192,0.4995099902153015,0.17908845841884613,-0.023862840607762337,0.5823197364807129
352,36.14161682128906,1.7095210552215576,0.4984600245952606,0.17906087636947632,-0.02895170822739601,0.5733844637870789
353,36.155174255371094,1.7148735523223877,0.5010850429534912,0.1790803074836731,-0.025205304846167564,0.5780871510505676
354,36.15512466430664,1.707353115081787,0.4992550015449524,0.1790669709444046,-0.013694793917238712,0.5623149871826172
355,36.15583801269531,1.6921067237854004,0.49880000948905945,0.17904548346996307,-0.0027745477855205536,0.5861250758171082
356,36.17008972167969,1.6981945037841797,0.49860501289367676,0.17902050912380219,-0.009269834496080875,0.5789057016372681
357,36.183372497558594,1.7049444913864136,0.5017399787902832,0.17905166745185852,-0.013786396011710167,0.5758813619613647
358,36.148868560791016,1.6863691806793213,0.49811500310897827,0.17901791632175446,-0.013682526536285877,0.5785276293754578
359,36.14814758300781,1.6845349073410034,0.5020049810409546,0.17905381321907043,0.0010142846731469035,0.5806536674499512
360,36.16231155395508,1.69261634349823,0.4986800253391266,0.179030179977417,-0.022786561399698257,0.5916585922241211
361,36.1740608215332,1.688778281211853,0.501105010509491,0.17904996871948242,-0.03205246850848198,0.578654944896698
362,36.16344451904297,1.6837096214294434,0.4996800124645233,0.1790442317724228,-0.020885445177555084,0.5931965112686157
363,36.15644836425781,1.6832972764968872,0.4988449811935425,0.17902354896068573,-0.008200842887163162,0.5972223877906799
364,36.14928436279297,1.671105980873108,0.4994800090789795,0.17901425063610077,-0.03283989056944847,0.5888554453849792
365,36.161468505859375,1.670210361480713,0.5008999705314636,0.17903035879135132,-0.02377953939139843,0.6031396389007568
366,36.143714904785156,1.6648216247558594,0.502250075340271,0.17907065153121948,-0.008402087725698948,0.5973087549209595
367,36.15113830566406,1.657459020614624,0.49848997592926025,0.17904362082481384,-0.01901092566549778,0.5811772346496582
368,36.15266418457031,1.656620979309082,0.499099999666214,0.1790275126695633,-0.0012603781651705503,0.5933120846748352
369,36.150787353515625,1.640557885169983,0.5003550052642822,0.17903387546539307,-0.011984230950474739,0.5777360200881958
370,36.148399353027344,1.6361812353134155,0.49822500348091125,0.1790020912885666,-0.020844312384724617,0.5652139782905579
371,36.150718688964844,1.6450120210647583,0.49988996982574463,0.179000124335289,-0.00718794297426939,0.5866919159889221
372,36.152503967285156,1.6224079132080078,0.4992750287055969,0.17898714542388916,-0.01020745001733303,0.5813413858413696
373,36.15615463256836,1.649178147315979,0.4989300072193146,0.17896799743175507,-0.02582540735602379,0.5935973525047302
374,36.15756607055664,1.652625560760498,0.5011299848556519,0.17898821830749512,-0.026607338339090347,0.5892627835273743
375,36.15340042114258,1.6262966394424438,0.49878498911857605,0.1789664775133133,-0.02646462805569172,0.5796147584915161
376,36.16478729248047,1.6155287027359009,0.5014300346374512,0.17899207770824432,-0.006925311405211687,0.5756414532661438
377,36.16516876220703,1.6302047967910767,0.4995049834251404,0.17898322641849518,-0.01131287682801485,0.5824176073074341
378,36.15080642700195,1.6184433698654175,0.5011250376701355,0.17900337278842926,-0.008111978881061077,0.5818728804588318
379,36.14179229736328,1.6174224615097046,0.49762001633644104,0.17896077036857605,-0.029730597510933876,0.5737547278404236
380,36.158687591552734,1.6285847425460815,0.500220000743866,0.17896471917629242,-0.00851843599230051,0.5913406014442444
381,36.16109848022461,1.6086033582687378,0.49891000986099243,0.17894521355628967,-0.037010788917541504,0.589122474193573
382,36.15790557861328,1.615610122680664,0.49874499440193176,0.17892275750637054,-0.00024151612888090312,0.5930421948432922
383,36.15267562866211,1.6113526821136475,0.5009250044822693,0.1789393126964569,0.0012621073983609676,0.5759643912315369
384,36.15986633300781,1.6104962825775146,0.500190019607544,0.1789427101612091,-0.02487376518547535,0.5796017050743103
385,36.15216064453125,1.6078367233276367,0.5024750232696533,0.17898699641227722,-0.01773001067340374,0.5798750519752502
386,36.16209411621094,1.5904595851898193,0.5011600255966187,0.17900775372982025,-0.0005278797470964491,0.5712438225746155
387,36.17070388793945,1.5964298248291016,0.5001450181007385,0.17901036143302917,-0.0025017501320689917,0.5931963920593262
388,36.151004791259766,1.6034221649169922,0.502714991569519,0.1790589690208435,-0.013236123137176037,0.5765241980552673
389,36.142738342285156,1.5842972993850708,0.5016000270843506,0.17908760905265808,-0.0195258017629385,0.5786443948745728
390,36.139801025390625,1.5869457721710205,0.49962496757507324,0.17908088862895966,-0.024312246590852737,0.590918242931366
391,36.16567611694336,1.5850857496261597,0.49817001819610596,0.17904812097549438,-0.016886714845895767,0.5804744958877563
392,36.16530227661133,1.590388298034668,0.49981001019477844,0.1790447235107422,-0.00831344909965992,0.5906369686126709
393,36.154541015625,1.5806572437286377,0.5004950761795044,0.17905357480049133,-0.011643261648714542,0.5887923836708069
394,36.13420486450195,1.5785667896270752,0.49604499340057373,0.17898276448249817,-0.019288580864667892,0.5787786841392517
395,36.13058090209961,1.5986770391464233,0.5013149380683899,0.17900629341602325,-0.028520669788122177,0.5772029161453247
396,36.14414978027344,1.56692373752594,0.4991399943828583,0.17899090051651,-0.01253722608089447,0.5789188146591187
397,36.148929595947266,1.568626046180725,0.49961501359939575,0.17898400127887726,-0.008550058118999004,0.57552570104599
398,36.15768051147461,1.575314998626709,0.4979749917984009,0.17894776165485382,-0.022414185106754303,0.5711176991462708
399,36.140743255615234,1.5647069215774536,0.5014849901199341,0.17897434532642365,-0.009220913052558899,0.5909839272499084
400,36.146305084228516,1.5866053104400635,0.49977004528045654,0.17897023260593414,-0.020418545231223106,0.5783752202987671
401,36.137996673583984,1.5488606691360474,0.4985250234603882,0.17894382774829865,-0.02954879030585289,0.587191641330719
402,36.14908218383789,1.556595802307129,0.4974850118160248,0.17889882624149323,-0.012792645953595638,0.5901708006858826
403,36.144554138183594,1.5538336038589478,0.5025500059127808,0.1789444386959076,-0.010144388303160667,0.5768210887908936
404,36.151817321777344,1.5450866222381592,0.5017800331115723,0.17897628247737885,-0.01836632937192917,0.5921488404273987
405,36.155433654785156,1.5494202375411987,0.4972050189971924,0.1789262592792511,-0.011301003396511078,0.5642432570457458
406,36.13567352294922,1.5419199466705322,0.5006750226020813,0.17893832921981812,-0.023659901693463326,0.5799952149391174
407,36.14678192138672,1.5381240844726562,0.4990450143814087,0.17892123758792877,-0.027734318748116493,0.57303786277771
408,36.146175384521484,1.5368399620056152,0.5022850036621094,0.1789621263742447,-0.006705856416374445,0.5822393894195557
409,36.15131759643555,1.54105806350708,0.5024999976158142,0.17900685966014862,-0.01614067517220974,0.5882940292358398
410,36.15337371826172,1.5276204347610474,0.5009850263595581,0.17902448773384094,-0.028670314699411392,0.5844353437423706
411,36.15357208251953,1.5418394804000854,0.5022799968719482,0.17906531691551208,-0.015345956198871136,0.586466908454895
412,36.14921951293945,1.5301663875579834,0.4997600317001343,0.17906101047992706,0.0031755520030856133,0.5925159454345703
413,36.16061782836914,1.5300997495651245,0.4982849955558777,0.17903029918670654,-0.020139142870903015,0.5746828317642212
414,36.14814376831055,1.5238642692565918,0.5009700059890747,0.17904767394065857,-0.0003414259117562324,0.5746833682060242
415,36.176204681396484,1.5244317054748535,0.4967750012874603,0.1789899319410324,-0.00869715679436922,0.579567015171051
416,36.15784454345703,1.5403032302856445,0.49939003586769104,0.1789790242910385,-0.03293408825993538,0.584473192691803
417,36.15492248535156,1.5318001508712769,0.4987049996852875,0.1789558380842209,-0.015527487732470036,0.5821197032928467
418,36.14509201049805,1.5130212306976318,0.49932000041007996,0.1789436638355255,-0.006792129948735237,0.5773137211799622
419,36.149818420410156,1.517188310623169,0.5006300210952759,0.17895492911338806,-0.028011251240968704,0.5709773898124695
420,36.13869857788086,1.5161794424057007,0.4982549846172333,0.17892369627952576,-0.015390363521873951,0.5705404877662659
421,36.14603042602539,1.5152283906936646,0.5013900399208069,0.1789485663175583,-0.018154490739107132,0.5834511518478394
422,36.15412521362305,1.51671302318573,0.4999200105667114,0.17894713580608368,-0.00826162938028574,0.5716792345046997
423,36.1301155090332,1.5143840312957764,0.502465009689331,0.17899125814437866,-0.020276574417948723,0.6005513668060303
424,36.14881896972656,1.5284500122070312,0.5020650029182434,0.1790282130241394,-0.018973246216773987,0.558000922203064
425,36.163063049316406,1.5124504566192627,0.49970999360084534,0.17902301251888275,-0.04051155969500542,0.574962854385376
426,36.14875793457031,1.509386658668518,0.4996950030326843,0.1790175437927246,-0.018534023314714432,0.592875599861145
427,36.12913513183594,1.4870318174362183,0.4995400011539459,0.1790093034505844,-0.035961542278528214,0.5784550309181213
428,36.126609802246094,1.4875000715255737,0.4978500306606293,0.1789708137512207,-0.024134133011102676,0.5792942047119141
429,36.16158676147461,1.4985263347625732,0.4995100200176239,0.17896205186843872,-0.012001597322523594,0.5944501757621765
430,36.157222747802734,1.4919016361236572,0.4991700053215027,0.17894721031188965,-0.021389974281191826,0.5845538377761841
431,36.15964889526367,1.4849742650985718,0.49796998500823975,0.17891088128089905,-0.018838204443454742,0.5792081356048584
432,36.145774841308594,1.5007805824279785,0.4977100193500519,0.17886990308761597,-0.014662329107522964,0.5734602212905884
433,36.14894104003906,1.4969253540039062,0.5001800060272217,0.17887312173843384,-0.008366169407963753,0.5785646438598633
434,36.156455993652344,1.4891271591186523,0.5014749765396118,0.17889949679374695,-0.022249406203627586,0.5954064726829529
435,36.16021728515625,1.476281762123108,0.49899494647979736,0.17888152599334717,-0.009966758079826832,0.5736387968063354
436,36.1574592590332,1.4673689603805542,0.49912503361701965,0.17886587977409363,-0.003985673189163208,0.5704212784767151
437,36.16472625732422,1.4920421838760376,0.4999150037765503,0.17886435985565186,0.007814092561602592,0.5703821182250977
438,36.150970458984375,1.4625451564788818,0.49834999442100525,0.17883485555648804,-0.018406692892313004,0.5905513763427734
439,36.13900375366211,1.4754260778427124,0.4997449815273285,0.17883029580116272,-0.016881383955478668,0.5851646065711975
440,36.13406753540039,1.4519025087356567,0.49876999855041504,0.1788083016872406,-0.01501194667071104,0.5842087864875793
441,36.15196228027344,1.463202714920044,0.5007599592208862,0.17882190644741058,-0.021488461643457413,0.5854690074920654
442,36.15657424926758,1.4729479551315308,0.49970999360084534,0.17881672084331512,0.012221178971230984,0.5725680589675903
443,36.13916015625,1.462104082107544,0.5004200339317322,0.17882423102855682,-0.0070554339326918125,0.5930372476577759
444,36.145450592041016,1.4742729663848877,0.49963000416755676,0.17881761491298676,-0.025207990780472755,0.5827034115791321
445,36.14987564086914,1.4565621614456177,0.5000349879264832,0.1788182258605957,-0.032129377126693726,0.5676918625831604
446,36.144081115722656,1.445064663887024,0.5017749667167664,0.1788499653339386,-0.023172475397586823,0.5779320597648621
447,36.1458854675293,1.4690399169921875,0.5040900111198425,0.1789231151342392,-0.0033783316612243652,0.592568576335907
448,36.13533020019531,1.4506725072860718,0.5000500082969666,0.17892400920391083,-0.020140482112765312,0.58846515417099
449,36.13017654418945,1.4579488039016724,0.5014950037002563,0.17895075678825378,-0.012746496126055717,0.583827018737793
450,36.145843505859375,1.4431841373443604,0.496955007314682,0.17889626324176788,-0.015317792072892189,0.5779735445976257
451,36.13736343383789,1.4470710754394531,0.4988750219345093,0.1788761466741562,-0.003982939291745424,0.5834522843360901
452,36.14344787597656,1.4459716081619263,0.49884000420570374,0.17885540425777435,-0.01603236235678196,0.5818058252334595
453,36.139827728271484,1.4398630857467651,0.4975299835205078,0.1788112223148346,-0.02803720533847809,0.5715925693511963
454,36.14482879638672,1.440613865852356,0.49899500608444214,0.17879325151443481,-0.029521159827709198,0.5900542140007019
455,36.148529052734375,1.4232268333435059,0.5010600090026855,0.1788122057914734,-0.021342666819691658,0.5768213868141174
456,36.150535583496094,1.4333478212356567,0.5020050406455994,0.1788480579853058,-0.01120211835950613,0.5815594792366028
457,36.14783477783203,1.4395955801010132,0.4998149871826172,0.17884474992752075,-0.03184281662106514,0.5736169815063477
458,36.138328552246094,1.4368696212768555,0.49962499737739563,0.17883804440498352,-0.018734168261289597,0.5762847661972046
459,36.147300720214844,1.4294114112854004,0.5018300414085388,0.1788707673549652,-0.01651526801288128,0.5765783190727234
460,36.153404235839844,1.4283674955368042,0.5008949637413025,0.1788867861032486,-0.011751610785722733,0.5783267021179199
461,36.17288589477539,1.4395753145217896,0.5020250082015991,0.17892301082611084,-0.009696253575384617,0.5624040365219116
462,36.135414123535156,1.420309066772461,0.4992949962615967,0.17891038954257965,-0.013693888671696186,0.5919130444526672
463,36.13996124267578,1.422637939453125,0.4996749758720398,0.17890457808971405,-0.0353308729827404,0.5934137105941772
464,36.140472412109375,1.4156813621520996,0.5031149983406067,0.17896030843257904,0.006101140286773443,0.5753337740898132
465,36.13773727416992,1.4149192571640015,0.5002000331878662,0.17896389961242676,0.0023232719395309687,0.577181339263916
466,36.159427642822266,1.4251030683517456,0.4993799924850464,0.17895281314849854,-0.011800017207860947,0.5804241299629211
467,36.13570022583008,1.413984775543213,0.5001450181007385,0.17895542085170746,-0.023112745955586433,0.5816144347190857
468,36.12578582763672,1.4028279781341553,0.500635027885437,0.17896679043769836,-0.026453815400600433,0.5764889717102051
469,36.13871765136719,1.409694790840149,0.5010350346565247,0.17898531258106232,-0.020430592820048332,0.5794791579246521
470,36.14750289916992,1.4309653043746948,0.4977549910545349,0.1789451390504837,-0.015608522109687328,0.5685989856719971
471,36.15614318847656,1.4094045162200928,0.50006502866745,0.17894631624221802,-0.01385562215000391,0.5871254205703735
472,36.144020080566406,1.4046562910079956,0.4977250099182129,0.17890560626983643,-0.029312863945961,0.5738177299499512
473,36.13706970214844,1.4024637937545776,0.4984099864959717,0.17887715995311737,-0.01655813492834568,0.5874904990196228
474,36.14404296875,1.394482970237732,0.5011250376701355,0.17889729142189026,-0.007515342440456152,0.5640719532966614
475,36.14426040649414,1.3945837020874023,0.4987199902534485,0.17887438833713531,-0.01911957561969757,0.5832369327545166
476,36.14436340332031,1.4081833362579346,0.4977800250053406,0.1788346767425537,0.004365541040897369,0.582442581653595
477,36.135066986083984,1.3871262073516846,0.5019049644470215,0.17886874079704285,-0.029519425705075264,0.5927411913871765
478,36.15089797973633,1.4017044305801392,0.4980800151824951,0.17883439362049103,-0.027777478098869324,0.5798104405403137
479,36.14363479614258,1.3871361017227173,0.4987199902534485,0.17881149053573608,-0.006377313751727343,0.5878223776817322
480,36.137943267822266,1.3734632730484009,0.4995400011539459,0.17880326509475708,-0.028718452900648117,0.5953301787376404
481,36.13399887084961,1.383076548576355,0.5014299750328064,0.17882885038852692,-0.023793427273631096,0.5812125205993652
482,36.132049560546875,1.3875999450683594,0.4993550181388855,0.17881731688976288,-0.014770925976336002,0.5772547721862793
483,36.154083251953125,1.3868247270584106,0.49935001134872437,0.17880569398403168,-0.0144432308152318,0.5842779874801636
484,36.13502502441406,1.3807413578033447,0.4976450502872467,0.17876358330249786,-0.0025386917404830456,0.5944617986679077
485,36.13161849975586,1.3674163818359375,0.49650996923446655,0.17870119214057922,-0.015282288193702698,0.5649817585945129
486,36.13320541381836,1.378069519996643,0.5004000067710876,0.17870834469795227,-0.00036203957279212773,0.6064444184303284
487,36.14140701293945,1.377774715423584,0.49839502573013306,0.1786796599626541,0.0008675756980665028,0.5927684903144836
488,36.15146255493164,1.3905701637268066,0.49815499782562256,0.17864669859409332,-0.023576319217681885,0.5558229088783264
489,36.1393928527832,1.375915765762329,0.4987899959087372,0.17862507700920105,-0.0041871750727295876,0.5674265623092651
490,36.151554107666016,1.3677725791931152,0.499500036239624,0.17861615121364594,0.006724036764353514,0.5674824714660645
491,36.156593322753906,1.3710681200027466,0.4995500147342682,0.17860811948776245,-0.0077530923299491405,0.5822978019714355
492,36.150081634521484,1.3762675523757935,0.499705046415329,0.17860284447669983,-0.02675545960664749,0.5956207513809204
493,36.14059829711914,1.3663108348846436,0.5043050050735474,0.1786797195672989,-0.017680512741208076,0.585533082485199
494,36.13654327392578,1.3549481630325317,0.5007399916648865,0.17869295179843903,-0.0025642765685915947,0.5861940383911133
495,36.12950897216797,1.3587424755096436,0.5023699402809143,0.17873530089855194,-0.03311624005436897,0.5871726870536804
496,36.1472053527832,1.3846166133880615,0.49627000093460083,0.17866863310337067,-0.022952908650040627,0.5602664947509766
497,36.152469635009766,1.3690906763076782,0.49949002265930176,0.17865951359272003,-0.022022301331162453,0.5624470114707947
498,36.142333984375,1.3538883924484253,0.5005650520324707,0.17866960167884827,-0.010396135970950127,0.5778095722198486
499,36.13751220703125,1.363519549369812,0.5012900233268738,0.17869265377521515,-0.0303692314773798,0.5789610743522644
500,36.140560150146484,1.3552371263504028,0.5003600120544434,0.1786990910768509,-0.027086898684501648,0.5711861848831177
501,36.15351867675781,1.3602544069290161,0.4999999701976776,0.1786990910768509,-0.021698929369449615,0.5795441269874573
502,36.15159225463867,1.3675047159194946,0.5012350082397461,0.17872115969657898,-0.012704120948910713,0.5892874002456665
503,36.15044403076172,1.349871039390564,0.501010000705719,0.17873920500278473,0.014519909396767616,0.5851788520812988
504,36.159210205078125,1.3627008199691772,0.49921998381614685,0.1787252575159073,-0.046701423823833466,0.5787733197212219
505,36.13502883911133,1.3464761972427368,0.5032399892807007,0.17878316342830658,-0.034907083958387375,0.5703356266021729
506,36.139854431152344,1.3625515699386597,0.49592500925064087,0.17871031165122986,-0.02821962907910347,0.5483422875404358
507,36.144317626953125,1.3498203754425049,0.49708497524261475,0.17865821719169617,-0.014406050555408001,0.5927240252494812
508,36.14387130737305,1.3519176244735718,0.49897000193595886,0.17863981425762177,-0.022408483549952507,0.5784143805503845
509,36.146976470947266,1.3491528034210205,0.5007550120353699,0.1786532998085022,-0.03199198842048645,0.5762339234352112
510,36.14312744140625,1.3411643505096436,0.49938496947288513,0.17864231765270233,-0.008180678822100163,0.5784269571304321
511,36.150291442871094,1.3366196155548096,0.5016500353813171,0.17867179214954376,-0.013052730821073055,0.5813405513763428
512,36.145103454589844,1.3558772802352905,0.5014849901199341,0.17869833111763,-0.02785545028746128,0.5801972150802612
513,36.13724899291992,1.3346484899520874,0.49845001101493835,0.17867064476013184,-0.012400316074490547,0.5618356466293335
514,36.133758544921875,1.3350268602371216,0.4999350309371948,0.17866948246955872,-0.038241200149059296,0.558384120464325
515,36.14756774902344,1.3590595722198486,0.4985699951648712,0.17864392697811127,0.000810959842056036,0.588604748249054
516,36.14628219604492,1.3368489742279053,0.49810999631881714,0.178610160946846,-0.032899629324674606,0.5577347874641418
517,36.15996170043945,1.3514848947525024,0.4987500309944153,0.17858783900737762,-0.019015956670045853,0.5768707990646362
518,36.13764953613281,1.335315465927124,0.4994000494480133,0.17857712507247925,-0.025974946096539497,0.5712708830833435
519,36.140594482421875,1.335702657699585,0.49944499135017395,0.17856721580028534,-0.01159382052719593,0.5835192203521729
520,36.13528060913086,1.3190346956253052,0.5008749961853027,0.17858284711837769,-0.000593307544477284,0.596737265586853
521,36.15767288208008,1.3496160507202148,0.5004050135612488,0.1785900890827179,-0.020216595381498337,0.5779987573623657
522,36.14032745361328,1.3296676874160767,0.5013599991798401,0.17861437797546387,-0.0028348094783723354,0.5827460885047913
523,36.13743591308594,1.3355375528335571,0.5003499984741211,0.17862063646316528,-0.02025088481605053,0.5908876061439514
524,36.14094924926758,1.3386802673339844,0.5006700158119202,0.17863260209560394,-0.030245965346693993,0.5637655258178711
525,36.155860900878906,1.3431094884872437,0.49764999747276306,0.17859062552452087,-0.012543276883661747,0.5842790603637695
526,36.14338684082031,1.3294404745101929,0.498075008392334,0.17855624854564667,-0.030820703133940697,0.5811936855316162
527,36.13893127441406,1.3306597471237183,0.5015749931335449,0.17858436703681946,-0.02403390035033226,0.5728052854537964
528,36.140010833740234,1.3226574659347534,0.5042250156402588,0.1786598116159439,-0.02575993724167347,0.566277801990509
529,36.148860931396484,1.3165260553359985,0.4988900125026703,0.1786399781703949,-0.011404371820390224,0.579340398311615
530,36.14580535888672,1.312949538230896,0.4985499978065491,0.1786140650510788,-0.010064812377095222,0.576244056224823
531,36.1539192199707,1.3325366973876953,0.499099999666214,0.17859798669815063,0.007106528151780367,0.583798885345459
532,36.13591766357422,1.3056538105010986,0.5010300278663635,0.17861637473106384,-0.015499759465456009,0.5764214396476746
533,36.14598846435547,1.333167314529419,0.4999150037765503,0.17861485481262207,-0.018902938812971115,0.5676153898239136
534,36.15248489379883,1.3121815919876099,0.5002300143241882,0.17861896753311157,0.01766234263777733,0.567215085029602
535,36.16202926635742,1.3218187093734741,0.5033600330352783,0.1786789894104004,-0.02372008003294468,0.5659967064857483
536,36.15913009643555,1.3151942491531372,0.49980002641677856,0.17867541313171387,0.0017668947111815214,0.5774345993995667
537,36.15746307373047,1.3140406608581543,0.5007399916648865,0.178688645362854,-0.005505429580807686,0.5704713463783264
538,36.13716506958008,1.3067517280578613,0.5004850029945374,0.17869731783866882,-0.01446289848536253,0.5740861892700195
539,36.149635314941406,1.3235865831375122,0.4992850124835968,0.1786845326423645,-0.009298120625317097,0.5837407112121582
540,36.14420700073242,1.310632348060608,0.4986700117588043,0.17866076529026031,-0.038823895156383514,0.5870301127433777
541,36.15165710449219,1.3022363185882568,0.49968501925468445,0.17865514755249023,-0.034043338149785995,0.5845093131065369
542,36.140560150146484,1.3035598993301392,0.5007649660110474,0.1786688268184662,-0.009801454842090607,0.5859134197235107
543,36.14686584472656,1.281825304031372,0.49955999851226807,0.17866097390651703,-0.0146144088357687,0.5737335085868835
544,36.14002990722656,1.307158350944519,0.5007749795913696,0.1786748170852661,-0.01551398728042841,0.600824236869812
545,36.13520050048828,1.3038115501403809,0.5011000037193298,0.1786944717168808,-0.011098098941147327,0.5798086524009705
546,36.14301300048828,1.3097777366638184,0.5012100338935852,0.17871609330177307,-0.03481817618012428,0.564344584941864
547,36.147247314453125,1.3066571950912476,0.5006750226020813,0.1787281483411789,-0.007190821226686239,0.5655049085617065
548,36.141632080078125,1.2973780632019043,0.4986700117588043,0.1787043809890747,-0.01693662442266941,0.5834246873855591
549,36.12977981567383,1.3078663349151611,0.4987249970436096,0.17868159711360931,-0.028004907071590424,0.5883803963661194
550,36.14314270019531,1.2921767234802246,0.4983850419521332,0.17865274846553802,-0.011589659377932549,0.5758148431777954
551,36.14757537841797,1.2908978462219238,0.49988502264022827,0.17865069210529327,0.0112007362768054,0.5762892961502075
552,36.13557434082031,1.2936680316925049,0.5002599954605103,0.17865534126758575,-0.006533106788992882,0.5739685297012329
553,36.1344108581543,1.2883121967315674,0.4989149868488312,0.17863595485687256,-0.011267452500760555,0.606196939945221
554,36.14421844482422,1.2936586141586304,0.4997900128364563,0.1786321997642517,-0.03303717076778412,0.5806446671485901
555,36.15560531616211,1.2940928936004639,0.4988200068473816,0.17861111462116241,-0.025044076144695282,0.578111469745636
556,36.14627456665039,1.2944661378860474,0.4985100030899048,0.1785845011472702,-0.0325092151761055,0.5775983929634094
557,36.131446838378906,1.2882558107376099,0.4982549846172333,0.17855332791805267,-0.017721176147460938,0.5826444625854492
558,36.139408111572266,1.2745931148529053,0.4992700219154358,0.17854028940200806,-0.020488331094384193,0.5785600543022156
559,36.164066314697266,1.2895314693450928,0.49811500310897827,0.17850664258003235,-0.003520246595144272,0.5699651837348938
560,36.14692687988281,1.2722773551940918,0.4995049834251404,0.1784978061914444,-0.0069901407696306705,0.5710859894752502
561,36.13580322265625,1.2946401834487915,0.49986502528190613,0.1784954071044922,-0.0019649479072541,0.5789704322814941
562,36.143619537353516,1.299137830734253,0.5007050037384033,0.1785079836845398,-0.054234638810157776,0.5638991594314575
563,36.14600372314453,1.289969563484192,0.5004299879074097,0.17851567268371582,-0.023300031200051308,0.5729572772979736
564,36.14017868041992,1.2759382724761963,0.4998049736022949,0.17851220071315765,0.011857796460390091,0.5601828694343567
565,36.15037536621094,1.2913520336151123,0.49867501854896545,0.17848855257034302,-0.003937252797186375,0.5706163048744202
566,36.134700775146484,1.2768036127090454,0.5022850036621094,0.17852933704853058,-0.023944100365042686,0.5742250680923462
567,36.13022232055664,1.2754263877868652,0.4968000054359436,0.17847220599651337,-0.01122682262212038,0.5730909109115601
568,36.149600982666016,1.289499044418335,0.5015249848365784,0.17849941551685333,-0.020353905856609344,0.5668046474456787
569,36.15202713012695,1.2791547775268555,0.4976949989795685,0.17845827341079712,-0.01723145879805088,0.5807239413261414
570,36.1336669921875,1.287064790725708,0.49744999408721924,0.1784127652645111,-0.01278321910649538,0.5886263847351074
571,36.13978576660156,1.2772973775863647,0.49803999066352844,0.17837780714035034,-0.013604218140244484,0.5968605875968933
572,36.14196014404297,1.2622156143188477,0.5009049773216248,0.17839394509792328,-0.0011793843004852533,0.5771449208259583
573,36.14849853515625,1.2778280973434448,0.49986502528190613,0.17839154601097107,-0.02052898146212101,0.5779391527175903
574,36.12228775024414,1.2687337398529053,0.5018850564956665,0.1784251630306244,-0.015017474070191383,0.5730386972427368
575,36.138057708740234,1.273679256439209,0.5010550022125244,0.17844398319721222,-0.035910412669181824,0.5698983669281006
576,36.13473129272461,1.2698336839675903,0.5013250112533569,0.17846763134002686,-0.0041398401372134686,0.5851784348487854
577,36.147281646728516,1.264843225479126,0.4998599886894226,0.1784651279449463,-0.008922895416617393,0.5719369649887085
578,36.1434440612793,1.288977026939392,0.501800000667572,0.17849725484848022,-0.016829201951622963,0.565204918384552
579,36.12660217285156,1.2653794288635254,0.5004550218582153,0.17850537598133087,-4.5577529817819595e-05,0.5594210028648376
580,36.12556076049805,1.2648857831954956,0.49856001138687134,0.17847967147827148,-0.011525439098477364,0.5716534852981567
581,36.159210205078125,1.2899775505065918,0.4981750249862671,0.17844709753990173,0.004318252671509981,0.5848278403282166
582,36.145076751708984,1.275755763053894,0.49632999300956726,0.17838160693645477,0.0023778839968144894,0.5817955732345581
583,36.14031219482422,1.2745482921600342,0.4999549984931946,0.1783808022737503,-0.022719018161296844,0.591070294380188
584,36.13839340209961,1.2714951038360596,0.5009949803352356,0.17839856445789337,-0.011790863238275051,0.5893492102622986
585,36.147674560546875,1.2719799280166626,0.5002400279045105,0.178402841091156,-0.02375784143805504,0.5677605271339417
586,36.1490364074707,1.2551501989364624,0.4993099868297577,0.1783905327320099,-0.01132173277437687,0.5786519050598145
587,36.13587951660156,1.251267671585083,0.5022349953651428,0.17843040823936462,-0.0153516735881567,0.5832593441009521
588,36.14080047607422,1.26926589012146,0.5004550218582153,0.17843852937221527,-0.0190624687820673,0.5921016931533813
589,36.144569396972656,1.2514046430587769,0.49595004320144653,0.1783662587404251,-0.011394350789487362,0.5828051567077637
590,36.13883590698242,1.2579070329666138,0.5020599961280823,0.17840300500392914,-0.009133266285061836,0.5885903239250183
591,36.127906799316406,1.2485601902008057,0.4998150169849396,0.1783997118473053,-0.018143121153116226,0.5713684558868408
592,36.14242935180664,1.2593772411346436,0.5003300309181213,0.17840559780597687,-0.005709039978682995,0.5800644755363464
593,36.152469635009766,1.2661367654800415,0.49876996874809265,0.17838364839553833,-0.03509615734219551,0.5855767726898193
594,36.11937713623047,1.249094843864441,0.5003849864006042,0.1783905178308487,-0.027057195082306862,0.5948520302772522
595,36.13909149169922,1.260871410369873,0.4984550178050995,0.17836295068264008,-0.03328942134976387,0.5829704403877258
596,36.149818420410156,1.2554529905319214,0.4986000061035156,0.1783379763364792,-0.013923014514148235,0.5653871297836304
597,36.154293060302734,1.2587119340896606,0.5009499788284302,0.1783549189567566,-0.030775614082813263,0.585051417350769
598,36.13484573364258,1.2369914054870605,0.49945002794265747,0.17834511399269104,-0.0005133473896421492,0.5775771737098694
599,36.13386917114258,1.2556169033050537,0.5001850128173828,0.17834840714931488,-0.025016196072101593,0.5849311947822571
600,36.146827697753906,1.2603715658187866,0.4988800287246704,0.17832843959331512,-0.014643803238868713,0.5777857303619385
601,36.15326690673828,1.2415368556976318,0.4999050199985504,0.17832675576210022,0.0009083481272682548,0.5757626891136169
602,36.14760208129883,1.2550166845321655,0.4986700117588043,0.1783030480146408,-0.019567769020795822,0.5625435709953308
603,36.1333122253418,1.2501529455184937,0.5001450181007385,0.17830564081668854,-0.009976240806281567,0.5841854214668274
604,36.1369743347168,1.2674585580825806,0.502905011177063,0.17835743725299835,-0.02316012978553772,0.5858687162399292
605,36.145233154296875,1.252761960029602,0.5006549954414368,0.17836910486221313,-0.007188114337623119,0.5808943510055542
606,36.15925979614258,1.2570337057113647,0.4982199966907501,0.17833736538887024,-0.002829719567671418,0.584704577922821
607,36.147682189941406,1.2461152076721191,0.5014599561691284,0.17836341261863708,-0.022946663200855255,0.5786139965057373
608,36.148319244384766,1.2643142938613892,0.5003550052642822,0.17836974561214447,-0.021443422883749008,0.572470486164093
609,36.124637603759766,1.2414997816085815,0.5003349781036377,0.1783757209777832,0.0020322876516729593,0.5828325152397156
610,36.14002227783203,1.2462453842163086,0.5007449984550476,0.17838901281356812,-0.014548486098647118,0.5681090354919434
611,36.15306091308594,1.2384663820266724,0.5012950301170349,0.17841210961341858,-0.002139904536306858,0.579635739326477
612,36.15179443359375,1.2469980716705322,0.4981750249862671,0.17837955057621002,0.0017812176374718547,0.5856333374977112
613,36.13643264770508,1.2634581327438354,0.4984149932861328,0.1783512830734253,-0.02648724429309368,0.5672816038131714
614,36.13039779663086,1.2360209226608276,0.49996501207351685,0.17835065722465515,-0.006773968692868948,0.5717313885688782
615,36.14243698120117,1.2423381805419922,0.4988050162792206,0.17832934856414795,-0.01820661686360836,0.5660822987556458
616,36.13715362548828,1.2307981252670288,0.49991002678871155,0.178327739238739,-0.006876068655401468,0.5851774215698242
617,36.142799377441406,1.252550721168518,0.5013149380683899,0.17835119366645813,0.010862783528864384,0.5798311829566956
618,36.12252426147461,1.2449396848678589,0.5004050135612488,0.17835842072963715,-0.06043800339102745,0.5888486504554749
619,36.13727569580078,1.2352310419082642,0.5001399517059326,0.17836090922355652,-0.008647606708109379,0.5723947882652283
620,36.15888214111328,1.2539938688278198,0.5025349855422974,0.17840611934661865,0.0042438991367816925,0.5629530549049377
621,36.136653900146484,1.2335244417190552,0.500980019569397,0.17842359840869904,0.0033982298336923122,0.5744972229003906
622,36.13404083251953,1.2517422437667847,0.5007550120353699,0.17843706905841827,-0.03178441897034645,0.5912044644355774
623,36.14166259765625,1.2517240047454834,0.49984002113342285,0.17843422293663025,-0.018488779664039612,0.5887840986251831
624,36.156036376953125,1.2494816780090332,0.4993150234222412,0.1784220039844513,0.001960082445293665,0.5894498229026794
625,36.15066146850586,1.2522454261779785,0.4976600110530853,0.17838025093078613,-0.03100232407450676,0.5638521909713745
626,36.14046096801758,1.2509956359863281,0.5014749765396118,0.17840655148029327,-0.03420631214976311,0.5776943564414978
627,36.13426208496094,1.2304270267486572,0.5006200075149536,0.1784176081418991,-0.005508184898644686,0.5806604027748108
628,36.133811950683594,1.2248584032058716,0.5009199976921082,0.17843402922153473,-0.010581455193459988,0.5738146901130676
629,36.15184783935547,1.2332797050476074,0.4986549913883209,0.17841002345085144,-0.004636296536773443,0.5755501389503479
630,36.14006423950195,1.2363334894180298,0.5004000067710876,0.1784171760082245,-0.024264633655548096,0.5648435950279236
631,36.1333122253418,1.2378922700881958,0.4992600381374359,0.17840397357940674,-0.001896908855997026,0.5848766565322876
632,36.1424560546875,1.2377721071243286,0.5019749999046326,0.1784392148256302,-0.007440308574587107,0.5799190402030945
633,36.1314697265625,1.2253601551055908,0.5006200075149536,0.17845027148723602,-0.015168844722211361,0.5810954570770264
634,36.1387825012207,1.2146378755569458,0.50142502784729,0.17847569286823273,-0.017878426238894463,0.5866791009902954
635,36.14584732055664,1.2312811613082886,0.5016649961471558,0.17850542068481445,-0.03283750265836716,0.5916042923927307
636,36.14432907104492,1.2321425676345825,0.4982849955558777,0.1784748136997223,-0.003916103392839432,0.587525486946106
637,36.135868072509766,1.2334027290344238,0.4984099864959717,0.178446426987648,-0.030657412484288216,0.5871925950050354
638,36.14741516113281,1.2205826044082642,0.49919500946998596,0.17843206226825714,-0.013142859563231468,0.5861667394638062
639,36.149654388427734,1.2225552797317505,0.4992400109767914,0.17841850221157074,-0.017044557258486748,0.5765295624732971
640,36.13981246948242,1.2286620140075684,0.5012649893760681,0.17844106256961823,-0.0312175452709198,0.5766769051551819
641,36.14028549194336,1.2235252857208252,0.5015000104904175,0.17846782505512238,-0.027538543567061424,0.5858407616615295
642,36.137149810791016,1.2182891368865967,0.5014200210571289,0.17849315702915192,-0.008238594979047775,0.5790061950683594
643,36.143394470214844,1.2218228578567505,0.49825501441955566,0.17846199870109558,-0.00716501334682107,0.5712450742721558
644,36.14834976196289,1.22800612449646,0.4969800114631653,0.17840810120105743,-0.018741056323051453,0.5942022204399109
645,36.137535095214844,1.2274290323257446,0.5001100301742554,0.17841005325317383,-0.029334409162402153,0.5931843519210815
646,36.132083892822266,1.2144224643707275,0.49978500604629517,0.17840620875358582,-0.011929089203476906,0.5924410223960876
647,36.1396484375,1.2109850645065308,0.5024049878120422,0.1784491091966629,-0.010280889458954334,0.5869070887565613
648,36.146331787109375,1.2274399995803833,0.49972501397132874,0.17844420671463013,-0.01535030547529459,0.5839411616325378
649,36.1492805480957,1.2175648212432861,0.49966999888420105,0.17843832075595856,-0.009122566320002079,0.5747920274734497
650,36.137447357177734,1.2140814065933228,0.49811500310897827,0.17840468883514404,-0.01933867856860161,0.5783905982971191
651,36.13969802856445,1.2103177309036255,0.5003899931907654,0.17841164767742157,0.009704722091555595,0.5748667120933533
652,36.14949417114258,1.2273472547531128,0.500665009021759,0.17842350900173187,0.0026979828253388405,0.5658091902732849
653,36.13829803466797,1.2182159423828125,0.500665009021759,0.17843537032604218,-0.01679360866546631,0.5838850736618042
654,36.14404296875,1.2179579734802246,0.500290036201477,0.17844054102897644,-0.017731904983520508,0.5753908753395081
655,36.13483810424805,1.2067492008209229,0.4993700087070465,0.17842930555343628,-0.007741470821201801,0.5692153573036194
656,36.147647857666016,1.2254136800765991,0.501230001449585,0.17845125496387482,0.008200819604098797,0.5680261254310608
657,36.14218521118164,1.216159462928772,0.4999549686908722,0.17845045030117035,-0.015903566032648087,0.569929301738739
658,36.1365852355957,1.223029375076294,0.49980995059013367,0.17844705283641815,-0.014627987518906593,0.5816445350646973
659,36.13015365600586,1.2073934078216553,0.5011400580406189,0.17846739292144775,-0.012490380555391312,0.5752891302108765
660,36.145626068115234,1.2078864574432373,0.5029399991035461,0.1785198599100113,-0.016614720225334167,0.5906500816345215
661,36.143394470214844,1.2006886005401611,0.5004450082778931,0.1785278022289276,-0.01628372073173523,0.5791372656822205
662,36.1341667175293,1.1994589567184448,0.5018749833106995,0.1785612851381302,-0.014550472609698772,0.5922180414199829
663,36.142581939697266,1.2062381505966187,0.49949002265930176,0.17855218052864075,-0.025533011183142662,0.5598651170730591
664,36.13960647583008,1.2057417631149292,0.49904999136924744,0.17853522300720215,-0.019055278971791267,0.5718214511871338
665,36.14059829711914,1.2155042886734009,0.4965749979019165,0.1784740835428238,-0.03798212483525276,0.5575926899909973
666,36.14780044555664,1.2278631925582886,0.49972501397132874,0.17846918106079102,-0.03610733151435852,0.5797953009605408
667,36.14177703857422,1.213782787322998,0.499224990606308,0.17845535278320312,-0.015382576733827591,0.5746036171913147
668,36.13676071166992,1.199564814567566,0.5029150247573853,0.17850737273693085,-0.015739670023322105,0.5869458317756653
669,36.14228439331055,1.2035253047943115,0.5009250044822693,0.17852388322353363,-0.004027725197374821,0.5671588778495789
670,36.13930892944336,1.1961687803268433,0.4993949830532074,0.1785130798816681,-0.025316933169960976,0.5958569049835205
671,36.136566162109375,1.1971172094345093,0.4995900094509125,0.1785057634115219,-6.378174020937877e-06,0.5750693678855896
672,36.12559127807617,1.2024554014205933,0.5011149644851685,0.1785256564617157,-0.02900773100554943,0.572611927986145
673,36.146156311035156,1.2068580389022827,0.5002899765968323,0.17853082716464996,-0.02459530532360077,0.5898212790489197
674,36.12790298461914,1.211658239364624,0.5009350180625916,0.17854751646518707,-0.01650386117398739,0.5876368880271912
675,36.142356872558594,1.2135058641433716,0.5025349855422974,0.1785927712917328,-0.033811699599027634,0.5688254237174988
676,36.135250091552734,1.1926614046096802,0.5008200407028198,0.17860741913318634,-0.0037371753714978695,0.5690017938613892
677,36.146873474121094,1.2102423906326294,0.5002250075340271,0.17861144244670868,-0.03238583356142044,0.5807244181632996
678,36.13821792602539,1.2146536111831665,0.4996050000190735,0.1786043792963028,-0.00840802676975727,0.5921957492828369
679,36.14931869506836,1.2057249546051025,0.49930500984191895,0.17859196662902832,-0.04780733585357666,0.5780831575393677
680,36.139488220214844,1.1967912912368774,0.4997450113296509,0.178587406873703,-0.04163336008787155,0.5651343464851379
681,36.13762283325195,1.2038371562957764,0.5004449486732483,0.17859534919261932,-0.008747020736336708,0.5704488754272461
682,36.13680648803711,1.193807601928711,0.5015100240707397,0.1786223202943802,0.0031323598232120275,0.5818727612495422
683,36.1507682800293,1.2067352533340454,0.4985150098800659,0.17859579622745514,-0.0057202912867069244,0.575365424156189
684,36.1346435546875,1.2131659984588623,0.4979649782180786,0.17855945229530334,-0.01773698441684246,0.5898002982139587
685,36.12873077392578,1.2137649059295654,0.5005199909210205,0.1785687357187271,-0.013176411390304565,0.5714635848999023
686,36.151851654052734,1.2026065587997437,0.4987249970436096,0.1785459667444229,-0.006067618727684021,0.5693081021308899
687,36.152137756347656,1.2093526124954224,0.5013999938964844,0.178570955991745,-0.020400328561663628,0.5586149096488953
688,36.14106750488281,1.1973177194595337,0.5011100172996521,0.1785907745361328,-0.007023132871836424,0.5901093482971191
689,36.13982391357422,1.2081388235092163,0.5002849698066711,0.17859585583209991,-0.050744812935590744,0.5813585519790649
690,36.142356872558594,1.1985489130020142,0.49740999937057495,0.1785496026277542,-0.02192649245262146,0.5931209325790405
691,36.14009094238281,1.197738528251648,0.49908000230789185,0.1785331666469574,-1.6215324649238028e-05,0.5883164405822754
692,36.13787841796875,1.20219087600708,0.5009950399398804,0.17855094373226166,-0.015718407928943634,0.5903700590133667
693,36.14175033569336,1.2031058073043823,0.5012900233268738,0.17857398092746735,-0.031049558892846107,0.5805939435958862
694,36.13759231567383,1.2088261842727661,0.49883002042770386,0.17855308949947357,-0.01483538094907999,0.5792694091796875
695,36.14767074584961,1.1968352794647217,0.5016050338745117,0.17858174443244934,-0.008225941099226475,0.5613569021224976
696,36.13709259033203,1.191637635231018,0.5014300346374512,0.1786072850227356,-0.00825856626033783,0.576022744178772
697,36.12140655517578,1.1903562545776367,0.4994499981403351,0.17859746515750885,-0.01770532689988613,0.5899149775505066
698,36.14577102661133,1.2057507038116455,0.5006800293922424,0.17860959470272064,-0.020163381472229958,0.5892850160598755
699,36.141029357910156,1.2129089832305908,0.49764499068260193,0.1785675287246704,-0.009348026476800442,0.5672129392623901
700,36.147315979003906,1.1921089887619019,0.5014950037002563,0.1785942167043686,-0.01727377623319626,0.5953332185745239
701,36.135318756103516,1.195271372795105,0.5013050436973572,0.17861752212047577,-0.012669598683714867,0.592024564743042
702,36.152217864990234,1.1907235383987427,0.4980650246143341,0.17858296632766724,-0.017012670636177063,0.5623037219047546
703,36.140419006347656,1.182910680770874,0.4996750056743622,0.17857716977596283,-0.004713363014161587,0.5898920893669128
704,36.137393951416016,1.1883238554000854,0.49941501021385193,0.17856672406196594,-0.013066762126982212,0.5585508942604065
705,36.13185501098633,1.1992703676223755,0.49913501739501953,0.17855128645896912,-0.02631213888525963,0.5816470980644226
706,36.14042282104492,1.2052910327911377,0.49810001254081726,0.17851735651493073,-0.00676704803481698,0.5757646560668945
707,36.155181884765625,1.2038687467575073,0.5001250505447388,0.1785195916891098,-0.021262921392917633,0.5713573098182678
708,36.157814025878906,1.1880451440811157,0.501740038394928,0.17855066061019897,-0.026946594938635826,0.5673223733901978
709,36.1387939453125,1.1677117347717285,0.49985000491142273,0.17854797840118408,-0.018536031246185303,0.5746887922286987
710,36.13114929199219,1.1787359714508057,0.49759000539779663,0.17850495874881744,-0.011756489984691143,0.5777683258056641
711,36.13271713256836,1.178882360458374,0.5003650188446045,0.17851147055625916,0.0024271479342132807,0.5766900181770325
712,36.150081634521484,1.1748617887496948,0.5001299977302551,0.1785137951374054,-0.006616623140871525,0.5810251832008362
713,36.14128494262695,1.182878017425537,0.5008249878883362,0.17852851748466492,-0.019246524199843407,0.5575955510139465
714,36.13454818725586,1.1874183416366577,0.49838000535964966,0.17849959433078766,-0.01991862803697586,0.583634078502655
715,36.12976837158203,1.1855230331420898,0.4998150169849396,0.17849630117416382,-0.020089078694581985,0.5722690224647522
716,36.14619445800781,1.201291799545288,0.4997750222682953,0.17849229276180267,-0.01515236310660839,0.5619862079620361
717,36.16147994995117,1.1926463842391968,0.4985150396823883,0.1784657984972,-0.003016439499333501,0.5551536679267883
718,36.13050079345703,1.1817845106124878,0.49977001547813416,0.1784616857767105,-0.018762249499559402,0.5578400492668152
719,36.12345504760742,1.1830788850784302,0.4986399710178375,0.17843741178512573,-0.008332093246281147,0.5755747556686401
720,36.1441535949707,1.1801235675811768,0.5000600218772888,0.1784384697675705,-0.017415115609765053,0.5752829313278198
721,36.154029846191406,1.198553442955017,0.5014100074768066,0.1784636378288269,-0.012027966789901257,0.5785860419273376
722,36.12886047363281,1.177459478378296,0.5016300082206726,0.1784927248954773,-0.024035347625613213,0.568740725517273
723,36.12558364868164,1.1933070421218872,0.5023450255393982,0.1785345822572708,-0.029329974204301834,0.5871822237968445
724,36.136470794677734,1.1802269220352173,0.5028299689292908,0.17858511209487915,-0.027379140257835388,0.6024422645568848
725,36.13847732543945,1.196619987487793,0.5001000165939331,0.1785869002342224,-0.014052015729248524,0.5828609466552734
726,36.13185501098633,1.1884268522262573,0.5006200075149536,0.17859797179698944,-0.007067117840051651,0.5704762935638428
727,36.11607360839844,1.1843509674072266,0.49904000759124756,0.17858082056045532,-0.00612062681466341,0.5651853084564209
728,36.117008209228516,1.1603224277496338,0.4998849928379059,0.17857876420021057,0.0014173479285091162,0.5871216058731079
729,36.144100189208984,1.195183515548706,0.5010849833488464,0.17859813570976257,-0.02496611885726452,0.591937780380249
730,36.151573181152344,1.191217303276062,0.4972750246524811,0.17854946851730347,0.001876430120319128,0.5587730407714844
731,36.13198471069336,1.1763193607330322,0.5020549893379211,0.1785861700773239,-0.031016774475574493,0.5668002367019653
732,36.136634826660156,1.1991904973983765,0.4981600046157837,0.17855331301689148,-0.020916800945997238,0.5790859460830688
733,36.13979721069336,1.1783431768417358,0.49973002076148987,0.17854848504066467,-0.009171079844236374,0.5579547882080078
734,36.163719177246094,1.1803967952728271,0.5015150308609009,0.1785755306482315,-0.009129563346505165,0.575818657875061
735,36.16084289550781,1.2043954133987427,0.5010049939155579,0.1785934716463089,0.0003665266267489642,0.5624303817749023
736,36.15440368652344,1.194689154624939,0.4989899694919586,0.17857542634010315,-0.029266824945807457,0.5891709923744202
737,36.15025329589844,1.1870737075805664,0.49889999628067017,0.17855577170848846,0.0024507849011570215,0.5852669477462769
738,36.15933609008789,1.1843104362487793,0.4998449981212616,0.1785530000925064,-0.0055319215171039104,0.5797829031944275
739,36.138267517089844,1.1876431703567505,0.4980100095272064,0.17851746082305908,-0.011930256150662899,0.5823513269424438
740,36.134010314941406,1.1620322465896606,0.4994300305843353,0.17850728332996368,-0.019854163751006126,0.5768336057662964
741,36.13673400878906,1.1806070804595947,0.4995749890804291,0.17849969863891602,0.0023474751506000757,0.574130654335022
742,36.141292572021484,1.1700772047042847,0.5008450150489807,0.1785147786140442,-0.01304501574486494,0.5771954655647278
743,36.145912170410156,1.17322838306427,0.5001800060272217,0.17851799726486206,-0.027666866779327393,0.5749306082725525
744,36.147056579589844,1.1844278573989868,0.49928003549575806,0.17850513756275177,-0.02460862323641777,0.5885087847709656
745,36.13423156738281,1.1834884881973267,0.4993150234222412,0.17849291861057281,-0.007867982611060143,0.5638885498046875
746,36.13606262207031,1.1656394004821777,0.4990299940109253,0.17847560346126556,-0.017078133299946785,0.5769608616828918
747,36.13486862182617,1.1726880073547363,0.5000399947166443,0.17847633361816406,-0.006056518759578466,0.5792368054389954
748,36.13146209716797,1.1604620218276978,0.4980250298976898,0.1784410923719406,-0.01663864776492119,0.5907701253890991
749,36.136966705322266,1.1691292524337769,0.5002599954605103,0.1784457266330719,-0.017583781853318214,0.5696097016334534
750,36.136653900146484,1.1693028211593628,0.5023249983787537,0.17848721146583557,-0.028688570484519005,0.5889420509338379
751,36.13075637817383,1.1792105436325073,0.5004950165748596,0.17849604785442352,-0.011654159985482693,0.5711867213249207
752,36.137943267822266,1.164452075958252,0.49838000535964966,0.17846712470054626,-0.017796993255615234,0.5934685468673706
753,36.16324234008789,1.1911357641220093,0.5019950270652771,0.17850273847579956,-0.006532531231641769,0.6065044403076172
754,36.12788772583008,1.1671719551086426,0.5008599758148193,0.17851808667182922,-0.006712087895721197,0.5951154232025146
755,36.13262939453125,1.1803525686264038,0.5012350082397461,0.17854014039039612,-0.0305838230997324,0.5798830986022949
756,36.143428802490234,1.1659711599349976,0.498075008392334,0.1785057634115219,-0.009489210322499275,0.5709006190299988
757,36.15039825439453,1.162880778312683,0.4973849952220917,0.17845909297466278,-0.009181850589811802,0.5771420001983643
758,36.14179229736328,1.1727290153503418,0.5004200339317322,0.1784665882587433,-0.026724930852651596,0.5792662501335144
759,36.135826110839844,1.1657406091690063,0.49911001324653625,0.17845070362091064,-0.013968920335173607,0.5783215761184692
760,36.141693115234375,1.1725997924804688,0.5001850128173828,0.17845399677753448,-0.023150356486439705,0.5833943486213684
761,36.15130615234375,1.1751115322113037,0.4992949962615967,0.17844142019748688,-0.0009014444658532739,0.5727462768554688
762,36.136661529541016,1.158740520477295,0.5004400014877319,0.17844927310943604,-0.01367708295583725,0.5829623341560364
763,36.150306701660156,1.1702725887298584,0.5003849864006042,0.1784561425447464,-0.010691780596971512,0.5654839873313904
764,36.1318244934082,1.1594445705413818,0.49869003891944885,0.17843276262283325,-0.004510337021201849,0.5721153616905212
765,36.14521026611328,1.157347559928894,0.5002849698066711,0.17843784391880035,-0.009262459352612495,0.5900105834007263
766,36.13193893432617,1.1592339277267456,0.5009199976921082,0.17845426499843597,-0.028601791709661484,0.5730960965156555
767,36.140380859375,1.1683183908462524,0.5013899803161621,0.17847907543182373,-0.011774943210184574,0.565958559513092
768,36.1382942199707,1.1714521646499634,0.49955999851226807,0.17847122251987457,-0.010537540540099144,0.5852667689323425
769,36.14594650268555,1.1655666828155518,0.5007349848747253,0.17848435044288635,-0.02776738628745079,0.5550927519798279
770,36.12965393066406,1.1485365629196167,0.5014500021934509,0.17851021885871887,-0.01976030319929123,0.5844799280166626
771,36.13569259643555,1.1730780601501465,0.5003200173377991,0.17851592600345612,-0.02229085937142372,0.5728684663772583
772,36.128475189208984,1.1608816385269165,0.4989500343799591,0.17849718034267426,-0.02602325938642025,0.5829374194145203
773,36.13853073120117,1.147426724433899,0.49782997369766235,0.17845843732357025,0.006517842411994934,0.5748392343521118
774,36.14510726928711,1.1754451990127563,0.4982500374317169,0.17842720448970795,-0.030611984431743622,0.5728222131729126
775,36.13420486450195,1.1641050577163696,0.49844998121261597,0.17839954793453217,-0.026133425533771515,0.5733380317687988
776,36.136810302734375,1.1568812131881714,0.4979749917984009,0.17836342751979828,-0.029797280207276344,0.5659075379371643
777,36.15317916870117,1.163533091545105,0.5007100105285645,0.17837609350681305,0.0263683944940567,0.5700779557228088
778,36.146385192871094,1.1691094636917114,0.500059962272644,0.1783771514892578,-0.008173061534762383,0.5810821652412415
779,36.13087844848633,1.149662971496582,0.49992501735687256,0.17837581038475037,-0.003366162534803152,0.5788698196411133
780,36.13544845581055,1.1612440347671509,0.4995550215244293,0.17836786806583405,-0.01179576013237238,0.5832005739212036
781,36.13882827758789,1.1548845767974854,0.4979500472545624,0.17833130061626434,0.0021872215438634157,0.5800763368606567
782,36.13604736328125,1.1678663492202759,0.5026350617408752,0.17837828397750854,-0.004994266666471958,0.5893431305885315
783,36.13507843017578,1.1756645441055298,0.498460054397583,0.1783508062362671,-0.026789216324687004,0.5885003805160522
784,36.144691467285156,1.1717690229415894,0.5006300210952759,0.17836202681064606,-0.015137426555156708,0.5643015503883362
785,36.144081115722656,1.1507428884506226,0.5010850429534912,0.17838136851787567,-0.01608669012784958,0.5774955153465271
786,36.135948181152344,1.1811450719833374,0.5008000135421753,0.17839564383029938,-0.021803785115480423,0.5628718733787537
787,36.15333938598633,1.1690661907196045,0.500635027885437,0.1784069836139679,-0.017649561166763306,0.5616272687911987
788,36.13400650024414,1.159040093421936,0.500029981136322,0.17840752005577087,0.007965626195073128,0.5620773434638977
789,36.14662551879883,1.1655820608139038,0.49834001064300537,0.1783779114484787,0.005115732550621033,0.5816537737846375
790,36.156185150146484,1.1565935611724854,0.5033250451087952,0.1784372180700302,-0.01839257776737213,0.5814445614814758
791,36.15227127075195,1.1607002019882202,0.5000349879264832,0.17843782901763916,-0.010466133244335651,0.5692747235298157
792,36.138397216796875,1.157996654510498,0.49876996874809265,0.17841587960720062,-0.005428984761238098,0.564109206199646
793,36.1473503112793,1.1654847860336304,0.4989100396633148,0.17839643359184265,-0.026016898453235626,0.5902796387672424
794,36.15087890625,1.159926414489746,0.4992550313472748,0.17838314175605774,-0.022498199716210365,0.5738698840141296
795,36.150150299072266,1.1509613990783691,0.4989899694919586,0.17836512625217438,-0.015362737700343132,0.5756985545158386
796,36.14306640625,1.1649832725524902,0.5022299885749817,0.17840491235256195,-0.012865002267062664,0.586693525314331
797,36.14368438720703,1.167057752609253,0.5,0.17840491235256195,-0.017794473096728325,0.5847409963607788
798,36.1494255065918,1.1630882024765015,0.5018050074577332,0.17843711376190186,-0.012328778393566608,0.5733888149261475
799,36.12706756591797,1.153022289276123,0.5000150203704834,0.17843739688396454,-0.020471928641200066,0.5790042877197266
800,36.128597259521484,1.1542243957519531,0.5011249780654907,0.17845748364925385,-0.022166280075907707,0.572825014591217
801,36.143585205078125,1.1811885833740234,0.49911001324653625,0.1784415990114212,-0.02621537819504738,0.5812767744064331
802,36.14857482910156,1.1655902862548828,0.4999150037765503,0.17844007909297943,3.022003329533618e-05,0.5852473378181458
803,36.1471061706543,1.1567156314849854,0.5011000037193298,0.17845971882343292,-0.00024576904252171516,0.5623112916946411
804,36.11996078491211,1.1601204872131348,0.5011900067329407,0.17848095297813416,-0.029852963984012604,0.5771258473396301
805,36.14498519897461,1.1616172790527344,0.4975399971008301,0.17843705415725708,-0.00010522652155486867,0.5733135938644409
806,36.151641845703125,1.169457197189331,0.49894002079963684,0.1784181445837021,-0.012105625122785568,0.5673894882202148
807,36.13496780395508,1.161362648010254,0.5004299879074097,0.17842581868171692,0.004140733741223812,0.5854708552360535
808,36.13347244262695,1.1675512790679932,0.499875009059906,0.17842358350753784,-0.024392956867814064,0.5779609680175781
809,36.136741638183594,1.1508839130401611,0.5027599930763245,0.17847281694412231,-0.010286527685821056,0.5952089428901672
810,36.149818420410156,1.1450324058532715,0.5013149976730347,0.17849628627300262,-0.020953668281435966,0.5730984807014465
811,36.15211868286133,1.1658791303634644,0.5003600120544434,0.17850270867347717,0.006857433822005987,0.5768460035324097
812,36.122623443603516,1.1449421644210815,0.49990999698638916,0.17850109934806824,-0.007862700149416924,0.5839583873748779
813,36.13529968261719,1.147597074508667,0.5001100301742554,0.17850305140018463,-0.011624055914580822,0.5811182856559753
814,36.15058517456055,1.144176721572876,0.5008900165557861,0.17851895093917847,-0.001132866949774325,0.563062310218811
815,36.143672943115234,1.151285171508789,0.4992449879646301,0.17850546538829803,-4.745817568618804e-05,0.5837859511375427
816,36.12858581542969,1.167048454284668,0.5009450316429138,0.17852233350276947,-0.012648536823689938,0.574853777885437
817,36.14858627319336,1.1540786027908325,0.49921998381614685,0.17850840091705322,-0.032930079847574234,0.5613466501235962
818,36.1359748840332,1.1274386644363403,0.4984399974346161,0.17848055064678192,-0.02415039949119091,0.5779767632484436
819,36.12014389038086,1.1500002145767212,0.5026050209999084,0.17852704226970673,0.01146513782441616,0.5836170315742493
820,36.13880920410156,1.1421266794204712,0.4999200105667114,0.17852561175823212,-0.02063888870179653,0.5758841037750244
821,36.141292572021484,1.1435115337371826,0.49996498227119446,0.17852498590946198,0.00721733970567584,0.5645120739936829
822,36.12978744506836,1.1502692699432373,0.5000849962234497,0.17852649092674255,-0.037950608879327774,0.5756089091300964
823,36.140079498291016,1.1464534997940063,0.5001499652862549,0.17852917313575745,-0.01333809643983841,0.56951904296875
824,36.15189743041992,1.1461008787155151,0.5007399916648865,0.1785423904657364,-0.004149419255554676,0.5818893313407898
825,36.140411376953125,1.146553635597229,0.4998350143432617,0.17853944003582,-0.027295049279928207,0.5745846033096313
826,36.128910064697266,1.1564550399780273,0.5032100081443787,0.17859674990177155,-0.014435919001698494,0.5951210260391235
827,36.141441345214844,1.1618269681930542,0.49945998191833496,0.17858710885047913,-0.018974075093865395,0.574363112449646
828,36.1591911315918,1.157377004623413,0.49923497438430786,0.17857344448566437,-0.02161373384296894,0.5780538320541382
829,36.138343811035156,1.1591179370880127,0.4980500042438507,0.17853862047195435,-0.027448371052742004,0.5859267115592957
830,36.132022857666016,1.148103952407837,0.500789999961853,0.17855273187160492,-0.024578619748353958,0.5985689759254456
831,36.1473274230957,1.1435831785202026,0.4975249767303467,0.17850854992866516,-0.0038946038112044334,0.5834115147590637
832,36.149349212646484,1.1487035751342773,0.49847498536109924,0.178481325507164,-0.01780981384217739,0.5661054849624634
833,36.13295364379883,1.1592217683792114,0.499904990196228,0.1784796267747879,-0.042753301560878754,0.5838261842727661
834,36.14580154418945,1.142246127128601,0.5002750158309937,0.17848454415798187,-0.009374447166919708,0.5838953256607056
835,36.16324996948242,1.150624394416809,0.49930500984191895,0.1784721463918686,-0.005252426490187645,0.5767661333084106
836,36.146148681640625,1.136220097541809,0.50204998254776,0.17850874364376068,-0.01220343541353941,0.5822897553443909
837,36.12725067138672,1.1737885475158691,0.5006499886512756,0.1785203367471695,-0.02235676720738411,0.5918986201286316
838,36.14187240600586,1.1541811227798462,0.5001200437545776,0.1785224825143814,-0.011211876757442951,0.5801650285720825
839,36.1561164855957,1.1374801397323608,0.4990200102329254,0.17850498855113983,-0.024548398330807686,0.570035457611084
840,36.14598846435547,1.1511074304580688,0.4987099766731262,0.17848196625709534,-0.014425981789827347,0.5843198895454407
841,36.12685012817383,1.1678643226623535,0.5030699968338013,0.17853675782680511,-0.008797342889010906,0.5660847425460815
842,36.12861251831055,1.1374351978302002,0.502185046672821,0.1785757690668106,-0.015146848745644093,0.585852324962616
843,36.156761169433594,1.1578643321990967,0.4988200068473816,0.1785546988248825,-0.020660175010561943,0.5707256197929382
844,36.14145278930664,1.1515998840332031,0.49912503361701965,0.17853908240795135,-0.003164746332913637,0.5669233798980713
845,36.135135650634766,1.143957257270813,0.5000849962234497,0.17854058742523193,-0.017618561163544655,0.5678405165672302
846,36.138187408447266,1.142954707145691,0.5023800134658813,0.1785830706357956,-0.02019408904016018,0.5709888935089111
847,36.145912170410156,1.1346465349197388,0.500220000743866,0.17858700454235077,-0.018659120425581932,0.5838479399681091
848,36.143218994140625,1.1336749792099,0.49876001477241516,0.1785648614168167,-0.017522267997264862,0.5764023065567017
849,36.132164001464844,1.1261260509490967,0.4992949962615967,0.1785522699356079,-0.006752473767846823,0.5645977854728699
850,36.13854217529297,1.1477214097976685,0.5020450353622437,0.17858879268169403,-0.01665136218070984,0.5733006000518799
851,36.13145065307617,1.136765718460083,0.5004650354385376,0.178597092628479,-0.008455578237771988,0.5594726800918579
852,36.14256286621094,1.1454153060913086,0.4997049868106842,0.17859181761741638,-0.022742459550499916,0.5815167427062988
853,36.136444091796875,1.122125267982483,0.5011699795722961,0.17861270904541016,-0.006796105764806271,0.5770812034606934
854,36.12272262573242,1.1341779232025146,0.500694990158081,0.17862512171268463,-0.03751141577959061,0.5935412049293518
855,36.137535095214844,1.1486599445343018,0.500885009765625,0.1786409169435501,-0.029994795098900795,0.5844635367393494
856,36.13955307006836,1.1237531900405884,0.49724501371383667,0.17859169840812683,0.0007489862618967891,0.5773526430130005
857,36.1430778503418,1.1240805387496948,0.4992600381374359,0.1785784810781479,-0.0008241832838393748,0.5661730170249939
858,36.133384704589844,1.1344133615493774,0.5010900497436523,0.17859794199466705,-0.016359811648726463,0.5859300494194031
859,36.12748718261719,1.1366362571716309,0.5016800165176392,0.17862793803215027,-0.038113269954919815,0.5788049101829529
860,36.14089584350586,1.136672854423523,0.4982199966907501,0.1785961389541626,-0.025685707107186317,0.5697289109230042
861,36.156925201416016,1.1535379886627197,0.5010050535202026,0.17861407995224,-0.008457223884761333,0.5850529074668884
862,36.13994598388672,1.1273010969161987,0.49869996309280396,0.17859086394309998,-0.010969839990139008,0.5755429863929749
863,36.13843536376953,1.1374346017837524,0.4980250298976898,0.17855559289455414,-0.016363684087991714,0.5713974237442017
864,36.133548736572266,1.1395111083984375,0.4995950162410736,0.17854836583137512,-0.025608966127038002,0.5866364240646362
865,36.14814376831055,1.1474486589431763,0.4974000155925751,0.1785019487142563,-0.014199505560100079,0.5934901237487793
866,36.135223388671875,1.1362149715423584,0.49838998913764954,0.17847320437431335,-0.02537223882973194,0.5749147534370422
867,36.14579391479492,1.1339815855026245,0.4982749819755554,0.17844241857528687,-0.016552353277802467,0.5821930170059204
868,36.13900375366211,1.1314997673034668,0.4987650215625763,0.17842037975788116,-0.00652117095887661,0.5800488591194153
869,36.12662887573242,1.1360716819763184,0.5018100142478943,0.17845267057418823,-0.018341347575187683,0.5844610929489136
870,36.13420486450195,1.1314609050750732,0.4991999864578247,0.17843839526176453,-0.01712626777589321,0.5819810628890991
871,36.150753021240234,1.1456823348999023,0.49850499629974365,0.17841172218322754,-0.030767148360610008,0.5709112882614136
872,36.146568298339844,1.1465697288513184,0.4992149770259857,0.17839771509170532,-0.0028674700297415257,0.5639488101005554
873,36.12859344482422,1.1517703533172607,0.4996899962425232,0.1783921867609024,-0.021054454147815704,0.5792246460914612
874,36.12331771850586,1.1292251348495483,0.49904003739356995,0.17837505042552948,-0.0007111797458492219,0.5757796764373779
875,36.15573501586914,1.1393015384674072,0.49856501817703247,0.17834945023059845,-0.01382218487560749,0.5716893076896667
876,36.14667510986328,1.1344637870788574,0.49876999855041504,0.1783275157213211,-0.024501202628016472,0.5620390772819519
877,36.13447570800781,1.1541845798492432,0.5007349848747253,0.1783406287431717,-0.030185554176568985,0.5808385014533997
878,36.1201171875,1.1189484596252441,0.49661001563072205,0.17828017473220825,0.006283537019044161,0.5849975347518921
879,36.14603805541992,1.137762188911438,0.5001550316810608,0.1782829314470291,0.012643801048398018,0.5712999701499939
880,36.14003372192383,1.1419397592544556,0.4993100166320801,0.178270623087883,-0.026743246242403984,0.5673530697822571
881,36.1369743347168,1.136696219444275,0.49990999698638916,0.17826901376247406,-0.0174019206315279,0.5681250095367432
882,36.142181396484375,1.1316453218460083,0.49873000383377075,0.1782463639974594,-0.015234675258398056,0.5840836763381958
883,36.139766693115234,1.1195554733276367,0.502625048160553,0.1782931536436081,0.014368930831551552,0.5822730660438538
884,36.148292541503906,1.1300688982009888,0.5001100301742554,0.1782951056957245,-0.013307728804647923,0.5714695453643799
885,36.138336181640625,1.137688398361206,0.5009099841117859,0.1783113181591034,-0.025271505117416382,0.5576350688934326
886,36.11574935913086,1.1328662633895874,0.5015699863433838,0.17833931744098663,-0.0035533502232283354,0.5848621129989624
887,36.143310546875,1.1371902227401733,0.5007849931716919,0.17835330963134766,-0.007632717955857515,0.5748712420463562
888,36.143611907958984,1.1146878004074097,0.4970650374889374,0.17830096185207367,-0.004341392312198877,0.5820316076278687
889,36.14194107055664,1.1463052034378052,0.5006900429725647,0.1783132702112198,-0.013843989931046963,0.5590517520904541
890,36.134925842285156,1.1542478799819946,0.4980199933052063,0.17827796936035156,-0.021627813577651978,0.5832716822624207
891,36.12963104248047,1.1132874488830566,0.500885009765625,0.17829373478889465,-0.027256188914179802,0.5842182040214539
892,36.13380432128906,1.120528221130371,0.49932000041007996,0.17828160524368286,-0.0106243547052145,0.5768571496009827
893,36.134666442871094,1.1396822929382324,0.5010349750518799,0.17830005288124084,-0.008558050729334354,0.5902290940284729
894,36.13892364501953,1.1363188028335571,0.49793002009391785,0.17826314270496368,-0.03228959068655968,0.5637732148170471
895,36.13466262817383,1.1348828077316284,0.5000399947166443,0.178263857960701,-0.016714900732040405,0.5726599097251892
896,36.13698196411133,1.1254239082336426,0.5015250444412231,0.17829103767871857,-0.02859410271048546,0.5897795557975769
897,36.12932586669922,1.1260851621627808,0.4991200268268585,0.17827534675598145,-0.01739334873855114,0.5831803679466248
898,36.14219284057617,1.115088939666748,0.5009300112724304,0.178291916847229,0.0091279037296772,0.5726385116577148
899,36.138675689697266,1.1288695335388184,0.49987003207206726,0.17828960716724396,0.007728185039013624,0.60523921251297
900,36.14484405517578,1.1447105407714844,0.5002400279045105,0.1782938838005066,-0.0330670066177845,0.5950419902801514
901,36.129478454589844,1.1180082559585571,0.5028600096702576,0.17834487557411194,-0.019624322652816772,0.5822460055351257
902,36.14048767089844,1.1399853229522705,0.5001449584960938,0.17834746837615967,-0.013598110526800156,0.5787696838378906
903,36.11852264404297,1.116658329963684,0.49805501103401184,0.1783127784729004,-0.02066095918416977,0.5799547433853149
904,36.13679504394531,1.132493257522583,0.5013499855995178,0.17833684384822845,-0.021530330181121826,0.5767622590065002
905,36.143863677978516,1.1322698593139648,0.49864497780799866,0.17831268906593323,-0.006718417163938284,0.5510655045509338
906,36.126991271972656,1.1134072542190552,0.5002000331878662,0.17831626534461975,-0.013428674079477787,0.5859145522117615
907,36.132137298583984,1.1376748085021973,0.5019299983978271,0.17835068702697754,-0.012410517781972885,0.5876151919364929
908,36.14181900024414,1.1216492652893066,0.4999450445175171,0.17834970355033875,-0.014162558130919933,0.5722593665122986
909,36.15483474731445,1.1265684366226196,0.49853500723838806,0.17832356691360474,-0.008810339495539665,0.5873678922653198
910,36.1222038269043,1.1273027658462524,0.4996200203895569,0.17831678688526154,-0.030611390247941017,0.5735131502151489
911,36.124755859375,1.1168270111083984,0.5018250346183777,0.1783493310213089,-0.011887036263942719,0.573214054107666
912,36.153724670410156,1.131593108177185,0.5023050308227539,0.17839044332504272,-0.009206694550812244,0.5745330452919006
913,36.149105072021484,1.12123703956604,0.50034499168396,0.1783965826034546,-0.03424063324928284,0.5728974938392639
914,36.13080596923828,1.1330535411834717,0.4980800151824951,0.17836233973503113,-0.03478293865919113,0.569413423538208
915,36.12609100341797,1.1112306118011475,0.4997299909591675,0.17835752665996552,-0.013170604594051838,0.5649851560592651
916,36.16374206542969,1.132663369178772,0.49999502301216125,0.17835743725299835,0.012797633185982704,0.5729334950447083
917,36.15480422973633,1.144391655921936,0.49989500641822815,0.17835555970668793,0.0006290721939876676,0.553805947303772
918,36.123172760009766,1.1372498273849487,0.5017049908638,0.17838595807552338,-0.02453903667628765,0.5724190473556519
919,36.143436431884766,1.1560951471328735,0.5007550120353699,0.17839941382408142,-0.017389774322509766,0.5748981833457947
920,36.148536682128906,1.1220301389694214,0.49905502796173096,0.17838256061077118,-0.008099350146949291,0.5734656453132629
921,36.14563751220703,1.1520423889160156,0.4985499978065491,0.17835669219493866,-0.030737223103642464,0.581956684589386
922,36.145118713378906,1.1439656019210815,0.5004349946975708,0.17836445569992065,-0.016181781888008118,0.5784485936164856
923,36.13880920410156,1.1434762477874756,0.5009949803352356,0.17838220298290253,-0.019467007368803024,0.5719964504241943
924,36.1271858215332,1.1244547367095947,0.4996100068092346,0.178375244140625,-0.013801499269902706,0.585718035697937
925,36.136024475097656,1.1241141557693481,0.5003550052642822,0.17838157713413239,-0.01739581674337387,0.5735496282577515
926,36.13702392578125,1.1276649236679077,0.5018750429153442,0.17841503024101257,0.005164214409887791,0.5762982368469238
927,36.13314437866211,1.1363979578018188,0.5021750330924988,0.17845384776592255,-0.03890230506658554,0.5753423571586609
928,36.123409271240234,1.1379915475845337,0.5004450082778931,0.17846179008483887,-0.02770107053220272,0.5811670422554016
929,36.151187896728516,1.1246026754379272,0.49832504987716675,0.178431898355484,-0.003846556879580021,0.5566686987876892
930,36.15544128417969,1.1233956813812256,0.49930500984191895,0.17841950058937073,-0.00039262964855879545,0.5692037343978882
931,36.13728713989258,1.1215453147888184,0.5004349946975708,0.17842726409435272,-0.023832352831959724,0.5912859439849854
932,36.13044738769531,1.1158642768859863,0.5010700225830078,0.17844636738300323,-0.020867623388767242,0.5777212977409363
933,36.14609909057617,1.1224424839019775,0.5012800097465515,0.1784692108631134,-0.020116040483117104,0.5769465565681458
934,36.16001510620117,1.135040283203125,0.5008650422096252,0.17848466336727142,0.0018089772202074528,0.5658403038978577
935,36.13727951049805,1.142213225364685,0.5007950067520142,0.17849884927272797,-0.004671506583690643,0.5754112601280212
936,36.13040542602539,1.1284120082855225,0.5001950263977051,0.17850233614444733,-0.0023600198328495026,0.5767087936401367
937,36.14804458618164,1.1161500215530396,0.5000349879264832,0.17850294709205627,-0.01885407790541649,0.5788432955741882
938,36.14802551269531,1.134475588798523,0.5010949969291687,0.1785224974155426,-0.015431568026542664,0.5685827136039734
939,36.13844680786133,1.1153817176818848,0.499099999666214,0.17850643396377563,-0.015494139865040779,0.5840282440185547
940,36.13656997680664,1.1372087001800537,0.4991900324821472,0.1784919798374176,-0.023121479898691177,0.5689973831176758
941,36.14942932128906,1.1464180946350098,0.49720001220703125,0.17844200134277344,0.010470147244632244,0.5765947103500366
942,36.139434814453125,1.1292054653167725,0.499875009059906,0.17843976616859436,-0.005180595442652702,0.5842693448066711
943,36.14109802246094,1.1069947481155396,0.4981750249862671,0.1784071922302246,-0.02093370258808136,0.5679328441619873
944,36.1396598815918,1.1194355487823486,0.4987799823284149,0.1783854216337204,-0.011505180969834328,0.5704997181892395
945,36.134578704833984,1.1136529445648193,0.5021700263023376,0.17842411994934082,-0.021543461829423904,0.57462477684021
946,36.13288879394531,1.1080799102783203,0.5022249817848206,0.17846381664276123,0.007382439915090799,0.5790657997131348
947,36.14036178588867,1.1056561470031738,0.5017650127410889,0.17849531769752502,-0.009200697764754295,0.5885807275772095
948,36.14408493041992,1.116454005241394,0.4980500042438507,0.1784605085849762,0.003985671792179346,0.56570965051651
949,36.13103103637695,1.1226087808609009,0.5000550150871277,0.178461492061615,-0.009386944584548473,0.5929605960845947
950,36.13257598876953,1.1034750938415527,0.5014199614524841,0.17848682403564453,-0.01061771996319294,0.5752924680709839
951,36.15449905395508,1.124319076538086,0.4986349940299988,0.1784624606370926,-0.006299799308180809,0.5763046145439148
952,36.13990783691406,1.1018240451812744,0.5001000165939331,0.17846424877643585,0.008925184607505798,0.5974438786506653
953,36.1299934387207,1.1130774021148682,0.49781498312950134,0.17842525243759155,-0.01865219697356224,0.5774718523025513
954,36.14588165283203,1.1185048818588257,0.498615026473999,0.17840053141117096,-0.015921853482723236,0.5723219513893127
955,36.14289093017578,1.1132431030273438,0.4997299909591675,0.17839571833610535,-0.01182542648166418,0.5740320682525635
956,36.13825607299805,1.1172510385513306,0.5010650157928467,0.1784147024154663,-0.0003400974383112043,0.6044358015060425
957,36.13328552246094,1.117771863937378,0.5002300143241882,0.17841880023479462,-0.028872067108750343,0.5676152110099792
958,36.13817596435547,1.1205649375915527,0.5006449818611145,0.17843030393123627,-0.009897645562887192,0.5705856084823608
959,36.147037506103516,1.123195767402649,0.5001550316810608,0.17843307554721832,0.003486042143777013,0.5915480256080627
960,36.14357376098633,1.1440526247024536,0.5009499788284302,0.17845003306865692,-0.029640287160873413,0.5689964890480042
961,36.13695526123047,1.1072357892990112,0.5005999803543091,0.1784607321023941,-0.015384994447231293,0.5815111398696899
962,36.12261962890625,1.1150509119033813,0.5003200173377991,0.17846643924713135,-0.03607131540775299,0.58121258020401
963,36.12669372558594,1.1085721254348755,0.5017650127410889,0.17849794030189514,-0.022518860176205635,0.5762219429016113
964,36.131988525390625,1.103250503540039,0.49998000264167786,0.1784975826740265,-0.034607771784067154,0.574148952960968
965,36.13212585449219,1.1165329217910767,0.49908000230789185,0.17848116159439087,-0.013987981714308262,0.5771178007125854
966,36.14146423339844,1.1161991357803345,0.5009199976921082,0.1784975826740265,-0.019227510318160057,0.5694624185562134
967,36.13930892944336,1.1081839799880981,0.5007550120353699,0.17851105332374573,-0.025697318837046623,0.6069934964179993
968,36.14211654663086,1.1195526123046875,0.4991699755191803,0.17849622666835785,-0.015854723751544952,0.5761986970901489
969,36.13869094848633,1.1105788946151733,0.49758997559547424,0.1784532070159912,-0.026202378794550896,0.5661083459854126
970,36.13567352294922,1.1002458333969116,0.4987950026988983,0.1784317046403885,-0.02552877739071846,0.569851815700531
971,36.13462448120117,1.092987298965454,0.4992450177669525,0.17841823399066925,-0.005010814871639013,0.5807985663414001
972,36.13823699951172,1.1109106540679932,0.49893999099731445,0.17839932441711426,-0.0359615758061409,0.5883177518844604
973,36.135677337646484,1.1102458238601685,0.5010900497436523,0.17841875553131104,-0.021528635174036026,0.576516330242157
974,36.138118743896484,1.1014938354492188,0.49930500984191895,0.17840635776519775,-0.03226042166352272,0.5958032608032227
975,36.13886642456055,1.1053858995437622,0.5014399886131287,0.17843204736709595,-0.003041410120204091,0.5992609262466431
976,36.14899826049805,1.135587453842163,0.49958500266075134,0.1784246414899826,-0.022762931883335114,0.576099693775177
977,36.13685607910156,1.1223208904266357,0.49709001183509827,0.17837272584438324,0.000765375152695924,0.5739005208015442
978,36.144588470458984,1.1078400611877441,0.5008350014686584,0.1783876121044159,-0.012226132676005363,0.5788174867630005
979,36.150299072265625,1.1091115474700928,0.4987500309944153,0.1783653199672699,-0.016811398789286613,0.5672740936279297
980,36.13719940185547,1.092411994934082,0.5016800165176392,0.17839528620243073,-0.006439085118472576,0.5822931528091431
981,36.1493034362793,1.1224076747894287,0.5014150142669678,0.1784205287694931,-0.006588412448763847,0.5764725208282471
982,36.15201187133789,1.1109460592269897,0.4999749958515167,0.1784200817346573,0.0005809951107949018,0.5714312791824341
983,36.13665008544922,1.110965609550476,0.5002999901771545,0.17842544615268707,0.00932653620839119,0.5636334419250488
984,36.13587951660156,1.1104731559753418,0.4992699921131134,0.17841242253780365,-0.02555680088698864,0.5838828086853027
985,36.142581939697266,1.109777569770813,0.498089998960495,0.17837834358215332,-0.017053836956620216,0.5729222297668457
986,36.13806915283203,1.1197774410247803,0.49762001633644104,0.17833589017391205,-0.0005792761221528053,0.5698028802871704
987,36.13616943359375,1.110283374786377,0.5004799962043762,0.1783444583415985,-0.029091019183397293,0.5703020691871643
988,36.142181396484375,1.104578971862793,0.5024750232696533,0.1783885955810547,-0.013323245570063591,0.5727481842041016
989,36.13479232788086,1.109039306640625,0.49888503551483154,0.1783687025308609,-0.016780288890004158,0.5858177542686462
990,36.14243698120117,1.1174339056015015,0.5016549825668335,0.1783982217311859,-0.013020189478993416,0.5877803564071655
991,36.131797790527344,1.1036651134490967,0.5002949833869934,0.17840348184108734,-0.016903536394238472,0.5848305821418762
992,36.13713836669922,1.1123623847961426,0.5012900233268738,0.17842648923397064,-0.03268550708889961,0.5773916244506836
993,36.13404846191406,1.1253548860549927,0.4992450177669525,0.1784130185842514,-0.0014424221590161324,0.5785089731216431
994,36.12918472290039,1.1009081602096558,0.5018050074577332,0.1784452199935913,-0.010961930267512798,0.5682336091995239
995,36.13536834716797,1.0979458093643188,0.5029950141906738,0.17849865555763245,-0.027266783639788628,0.5744913220405579
996,36.12759780883789,1.1091686487197876,0.49971503019332886,0.17849357426166534,-0.04545475170016289,0.5843909978866577
997,36.138450622558594,1.1208562850952148,0.5004549622535706,0.178501695394516,-0.025526437908411026,0.5771730542182922
998,36.143123626708984,1.115362524986267,0.49952998757362366,0.17849330604076385,0.009695368818938732,0.5844197273254395
999,36.13488006591797,1.107858419418335,0.5000700354576111,0.17849455773830414,-0.011609271168708801,0.5770118236541748
1000,36.142269134521484,1.119131088256836,0.5003899931907654,0.17850151658058167,-0.002205922268331051,0.5738726854324341
1001,36.14019775390625,1.113608956336975,0.5009599924087524,0.1785186529159546,-0.021599939092993736,0.5914664268493652
1002,36.13009262084961,1.1161556243896484,0.49952998757362366,0.17851026356220245,-0.014662927016615868,0.5866892337799072
1003,36.135826110839844,1.087056040763855,0.5002050399780273,0.17851392924785614,-0.02009369246661663,0.5792296528816223
1004,36.147281646728516,1.1211466789245605,0.4994000196456909,0.17850321531295776,-0.011569919064640999,0.5737504959106445
1005,36.13750457763672,1.122807264328003,0.4991000294685364,0.1784871518611908,-0.03224613144993782,0.5687399506568909
1006,36.127891540527344,1.1079550981521606,0.5013550519943237,0.1785113513469696,-0.026428773999214172,0.5707816481590271
1007,36.139347076416016,1.1173685789108276,0.5019500255584717,0.17854616045951843,-0.013325641863048077,0.5840746760368347
1008,36.144039154052734,1.0948692560195923,0.5022650361061096,0.17858660221099854,-0.00896954070776701,0.5804761648178101
1009,36.14883041381836,1.102043628692627,0.5004799962043762,0.1785951852798462,-0.026687126606702805,0.5727081894874573
1010,36.143310546875,1.115325927734375,0.4994100034236908,0.17858465015888214,-0.005667309742420912,0.5819730162620544
1011,36.12987518310547,1.107917308807373,0.5002700090408325,0.17858946323394775,-0.022074559703469276,0.5788805484771729
1012,36.15264129638672,1.113709568977356,0.5020149946212769,0.1786254495382309,0.00776186678558588,0.57784503698349
1013,36.14207458496094,1.1064008474349976,0.498104989528656,0.17859160900115967,0.0005314789013937116,0.5881825685501099
1014,36.14173126220703,1.1032317876815796,0.499985009431839,0.17859134078025818,-0.008130119182169437,0.5644742250442505
1015,36.13792419433594,1.1119582653045654,0.5000500082969666,0.1785922348499298,-0.0072963363490998745,0.5762670040130615
1016,36.14048385620117,1.1124293804168701,0.4984950125217438,0.1785653531551361,-0.006326240953058004,0.5840392708778381
1017,36.134159088134766,1.0951576232910156,0.49895501136779785,0.1785466969013214,-0.02767879143357277,0.5764734745025635
1018,36.13840103149414,1.102084755897522,0.49899497628211975,0.17852875590324402,-0.01612132601439953,0.5812841057777405
1019,36.130226135253906,1.1011654138565063,0.4998050034046173,0.17852526903152466,-0.005041993223130703,0.5956154465675354
1020,36.143375396728516,1.0933518409729004,0.4995949864387512,0.17851802706718445,-0.006937921978533268,0.5889899730682373
1021,36.144012451171875,1.0988812446594238,0.49869003891944885,0.1784946322441101,-0.02555246092379093,0.5701498985290527
1022,36.14698791503906,1.0979678630828857,0.5015449523925781,0.17852221429347992,-0.006470665335655212,0.5747706294059753
1023,36.13135528564453,1.0900483131408691,0.502905011177063,0.1785740703344345,-0.032286662608385086,0.5774673819541931
1024,36.13618087768555,1.1021913290023804,0.5001300573348999,0.17857639491558075,-0.028165284544229507,0.5794455409049988
1025,36.13985824584961,1.110026478767395,0.5011699795722961,0.17859727144241333,-0.004316520877182484,0.5826679468154907
1026,36.140445709228516,1.1007587909698486,0.5005149841308594,0.17860646545886993,-0.016692236065864563,0.5846102237701416
1027,36.13993835449219,1.1040626764297485,0.49847498536109924,0.17857922613620758,-0.01046772301197052,0.5907285213470459
1028,36.13653564453125,1.1158692836761475,0.5000200271606445,0.17857958376407623,-0.03784165531396866,0.5607091784477234
1029,36.13383483886719,1.1002545356750488,0.4987199902534485,0.17855672538280487,-0.019397282972931862,0.568744421005249
1030,36.15346908569336,1.1021877527236938,0.4986549913883209,0.1785327047109604,-0.008709284476935863,0.5873894095420837
1031,36.1375617980957,1.1031311750411987,0.501069962978363,0.1785518229007721,-0.032319534569978714,0.5748329162597656
1032,36.124881744384766,1.091928482055664,0.5007449984550476,0.1785651296377182,-0.00779756112024188,0.5928599238395691
1033,36.14134216308594,1.1054154634475708,0.5000199675559998,0.17856548726558685,-0.010368634015321732,0.5696757435798645
1034,36.14302444458008,1.1020973920822144,0.5009850263595581,0.1785830706357956,-0.024831846356391907,0.5916790962219238
1035,36.14350128173828,1.097337245941162,0.49897500872612,0.17856475710868835,-0.011483170092105865,0.5756765604019165
1036,36.1365852355957,1.09908127784729,0.5018100142478943,0.17859706282615662,-0.014397908933460712,0.5770143866539001
1037,36.129215240478516,1.1128886938095093,0.4989199936389923,0.17857778072357178,0.0009719429654069245,0.5743548274040222
1038,36.15242385864258,1.1203117370605469,0.5000399947166443,0.17857851088047028,-0.001060736016370356,0.5946221351623535
1039,36.14698028564453,1.1098254919052124,0.4999350309371948,0.17857734858989716,-0.027500897645950317,0.570543110370636
1040,36.140350341796875,1.0958797931671143,0.49916499853134155,0.17856243252754211,-0.014873748645186424,0.5743338465690613
1041,36.1395149230957,1.0960443019866943,0.5015650391578674,0.17859038710594177,0.0008554573287256062,0.5924138426780701
1042,36.144710540771484,1.0940309762954712,0.501075029373169,0.17860959470272064,-0.01004883274435997,0.5774835348129272
1043,36.13972854614258,1.0908409357070923,0.4993100166320801,0.17859727144241333,-0.02615034580230713,0.5955588221549988
1044,36.138065338134766,1.0999702215194702,0.4989599883556366,0.1785786896944046,0.002178600523620844,0.5869041085243225
1045,36.14337921142578,1.0911251306533813,0.4976649880409241,0.17853698134422302,-0.0243019238114357,0.5624082684516907
1046,36.132591247558594,1.0767943859100342,0.5004900097846985,0.1785457283258438,-0.013843628577888012,0.5790542960166931
1047,36.130760192871094,1.0863072872161865,0.5016300082206726,0.1785748302936554,-0.012896307744085789,0.5697178244590759
1048,36.146156311035156,1.0887086391448975,0.5008699893951416,0.17859037220478058,-0.015198161825537682,0.5812448859214783
1049,36.143516540527344,1.087867021560669,0.5009499788284302,0.17860734462738037,-0.014723793603479862,0.5719348192214966
1050,36.14038848876953,1.0925970077514648,0.5023750066757202,0.17864975333213806,-0.020695459097623825,0.5798253417015076
1051,36.14693069458008,1.1062700748443604,0.5009950399398804,0.17866753041744232,-0.029068006202578545,0.5850899815559387
1052,36.15836715698242,1.0915011167526245,0.4980500042438507,0.1786326915025711,0.007371505256742239,0.5727558135986328
1053,36.1502799987793,1.092413067817688,0.49932000041007996,0.17862054705619812,-0.005377886816859245,0.5877284407615662
1054,36.13638687133789,1.0973055362701416,0.496165007352829,0.17855204641819,-0.009130454622209072,0.5867988467216492
1055,36.146305084228516,1.0986087322235107,0.4970700144767761,0.1784997284412384,-0.01646394282579422,0.5627968907356262
1056,36.14730453491211,1.0969902276992798,0.4979900121688843,0.17846384644508362,-0.003575080307200551,0.5524004101753235
1057,36.152099609375,1.1048341989517212,0.5022000074386597,0.1785031259059906,-0.02039562724530697,0.5776968598365784
1058,36.1302375793457,1.1083331108093262,0.4980100393295288,0.17846760153770447,-0.002563830465078354,0.5744970440864563
1059,36.151710510253906,1.1159617900848389,0.49825000762939453,0.17843636870384216,0.005031437147408724,0.5721121430397034
1060,36.14691162109375,1.0996053218841553,0.5016250014305115,0.1784653663635254,-0.013924984261393547,0.5826442837715149
1061,36.123504638671875,1.0935817956924438,0.5016000270843506,0.1784939169883728,-0.03317151591181755,0.5906065702438354
1062,36.129661560058594,1.0916262865066528,0.4997299909591675,0.1784891039133072,-0.026468470692634583,0.5867416262626648
1063,36.13063049316406,1.0773171186447144,0.5013200044631958,0.17851266264915466,-0.010941763408482075,0.5690497159957886
1064,36.13701629638672,1.0949645042419434,0.5016149878501892,0.17854149639606476,-0.01296097319573164,0.5766045451164246
1065,36.13313674926758,1.0997318029403687,0.5002250075340271,0.1785455197095871,-0.034900322556495667,0.5822350978851318
1066,36.14009475708008,1.0884548425674438,0.5013399720191956,0.17856943607330322,-0.01773216389119625,0.5804522633552551
1067,36.13544464111328,1.0841773748397827,0.49945497512817383,0.17855970561504364,0.001152102486230433,0.5792552828788757
1068,36.13520431518555,1.098980188369751,0.5010850429534912,0.17857907712459564,-0.020440472289919853,0.5680155158042908
1069,36.143375396728516,1.106145977973938,0.49919503927230835,0.17856471240520477,-0.019037993624806404,0.5638920664787292
1070,36.14203643798828,1.0905451774597168,0.49873000383377075,0.17854203283786774,-0.00987058226019144,0.5839062333106995
1071,36.14640426635742,1.091886281967163,0.49985000491142273,0.17853935062885284,-0.004542004782706499,0.5991056561470032
1072,36.14325714111328,1.0803568363189697,0.4990350306034088,0.17852212488651276,-0.004143211524933577,0.5733298659324646
1073,36.14488220214844,1.0936483144760132,0.5012900233268738,0.17854514718055725,-0.020187901332974434,0.5650302767753601
1074,36.15398025512695,1.104899525642395,0.4971950352191925,0.17849506437778473,-0.036421336233615875,0.5756253004074097
1075,36.14278030395508,1.0897579193115234,0.498740017414093,0.1784725785255432,-0.0122012784704566,0.5753021836280823
1076,36.150169372558594,1.1064574718475342,0.5004550218582153,0.17848069965839386,-0.0016030913684517145,0.5819458365440369
1077,36.139442443847656,1.087052583694458,0.4974749982357025,0.17843563854694366,-0.006386521738022566,0.5779237151145935
1078,36.13542938232422,1.084836483001709,0.4999450147151947,0.17843465507030487,-0.027030179277062416,0.5646697878837585
1079,36.1425666809082,1.087700366973877,0.5003949999809265,0.17844168841838837,-0.003236239543184638,0.5744679570198059
1080,36.13800048828125,1.0902200937271118,0.5014000535011292,0.17846666276454926,-0.013973474502563477,0.5779872536659241
1081,36.147804260253906,1.1090363264083862,0.5009850263595581,0.1784842312335968,-0.015978898853063583,0.5757553577423096
1082,36.13026809692383,1.0858495235443115,0.5005249977111816,0.17849358916282654,-0.02333739586174488,0.5690845847129822
1083,36.13001251220703,1.0921027660369873,0.4996449947357178,0.17848724126815796,-0.00021031952928751707,0.566476047039032
1084,36.142616271972656,1.0846843719482422,0.4994199872016907,0.17847688496112823,-0.015733325853943825,0.583145022392273
1085,36.14284896850586,1.082529902458191,0.4997749924659729,0.1784728616476059,-0.016837216913700104,0.5796570181846619
1086,36.13031768798828,1.0830790996551514,0.49876001477241516,0.17845073342323303,-0.01159378606826067,0.5765591263771057
1087,36.1400260925293,1.086974859237671,0.4974300265312195,0.17840486764907837,-0.012884503230452538,0.5719999074935913
1088,36.1500129699707,1.108068585395813,0.5009250044822693,0.17842137813568115,-0.02536390908062458,0.5741326212882996
1089,36.134300231933594,1.0828936100006104,0.5013200044631958,0.17844492197036743,-0.006176076829433441,0.5885922312736511
1090,36.12499237060547,1.0789273977279663,0.49619999527931213,0.17837712168693542,-0.023995600640773773,0.575717031955719
1091,36.150386810302734,1.1014695167541504,0.49746498465538025,0.1783318966627121,-0.02617626264691353,0.5657802820205688
1092,36.146148681640625,1.1003843545913696,0.4999900162220001,0.17833171784877777,-0.0041449652053415775,0.5672178864479065
1093,36.13384246826172,1.098691701889038,0.5022550225257874,0.17837193608283997,-0.01911037229001522,0.5911465883255005
1094,36.14092254638672,1.0955342054367065,0.5007849931716919,0.178385928273201,-0.017813635990023613,0.5751050114631653
1095,36.14304733276367,1.088242530822754,0.49939998984336853,0.1783752143383026,-0.00155940733384341,0.5829150080680847
1096,36.14551544189453,1.0853906869888306,0.5008800029754639,0.17839090526103973,0.020566269755363464,0.5703617334365845
1097,36.13750076293945,1.0916343927383423,0.4979900121688843,0.17835505306720734,-0.008342588320374489,0.5801872611045837
1098,36.12837219238281,1.0830128192901611,0.5010650157928467,0.1783740371465683,-0.015394750982522964,0.5859415531158447
1099,36.1292724609375,1.1066962480545044,0.49990999698638916,0.17837242782115936,-0.018608978018164635,0.5689314603805542
1100,36.12931823730469,1.0858887434005737,0.5008450150489807,0.17838750779628754,-0.016984257847070694,0.5777416825294495
1101,36.149330139160156,1.0902575254440308,0.5006900429725647,0.17839981615543365,0.015131894499063492,0.5801304578781128
1102,36.14545440673828,1.088322401046753,0.4997299909591675,0.17839500308036804,-0.006801496259868145,0.5713802576065063
1103,36.112548828125,1.086305022239685,0.4987749755382538,0.17837315797805786,-0.03455278277397156,0.5758424401283264
1104,36.12779235839844,1.0674278736114502,0.5004050135612488,0.17838038504123688,-0.031472593545913696,0.5731770396232605
1105,36.15523147583008,1.0989807844161987,0.49928000569343567,0.17836754024028778,-0.012609487399458885,0.5708937048912048
1106,36.12936782836914,1.072479486465454,0.4979899823665619,0.17833168804645538,-0.012983744964003563,0.5726184248924255
1107,36.12104797363281,1.0926986932754517,0.5019450187683105,0.17836637794971466,-0.03282281383872032,0.5675498843193054
1108,36.14866256713867,1.095363974571228,0.4988400340080261,0.1783456951379776,0.0034900361206382513,0.5467802882194519
1109,36.16119384765625,1.0998070240020752,0.5000799894332886,0.1783471256494522,0.021163254976272583,0.5737526416778564
1110,36.13739776611328,1.0972803831100464,0.5001850128173828,0.17835041880607605,-0.027094794437289238,0.589264452457428
1111,36.13194274902344,1.1087617874145508,0.4995049834251404,0.1783415973186493,-0.02365489862859249,0.5718545913696289
1112,36.146121978759766,1.077650785446167,0.49884000420570374,0.17832091450691223,0.005815155804157257,0.5804833769798279
1113,36.14918518066406,1.0927815437316895,0.4994649887084961,0.17831136286258698,-0.012286528944969177,0.5685999393463135
1114,36.145050048828125,1.0870184898376465,0.5003899931907654,0.1783183068037033,-0.0016763630555942655,0.5667200684547424
1115,36.14412307739258,1.1064927577972412,0.49782001972198486,0.17827944457530975,-0.01619855873286724,0.5753648281097412
1116,36.14289093017578,1.088075876235962,0.49846500158309937,0.17825208604335785,-0.0018666936084628105,0.5641658902168274
1117,36.14499282836914,1.078836441040039,0.496040016412735,0.1781814992427826,-0.0122977951541543,0.5813164114952087
1118,36.152618408203125,1.09310781955719,0.5003349781036377,0.17818747460842133,-0.0330120250582695,0.5800033211708069
1119,36.128719329833984,1.066505789756775,0.5004499554634094,0.17819547653198242,-0.010503738187253475,0.5652773976325989
1120,36.13393020629883,1.0883687734603882,0.4991150200366974,0.17817971110343933,-0.012658697552978992,0.5769261121749878
1121,36.146461486816406,1.0875191688537598,0.4979200065135956,0.17814265191555023,-0.02400115318596363,0.5754736661911011
1122,36.13856887817383,1.0807719230651855,0.4995550215244293,0.1781347244977951,-0.03418315574526787,0.5691916346549988
1123,36.13219451904297,1.08588445186615,0.5019550323486328,0.17816954851150513,-0.006901781540364027,0.5688478350639343
1124,36.14191818237305,1.0718040466308594,0.4980299770832062,0.17813445627689362,-0.027716627344489098,0.5782470703125
1125,36.14399719238281,1.0739997625350952,0.503665030002594,0.17819973826408386,0.009800640866160393,0.5723879337310791
1126,36.128692626953125,1.0911720991134644,0.4998299777507782,0.1781967133283615,0.0015272436430677772,0.578405499458313
1127,36.1203727722168,1.0755761861801147,0.499765008687973,0.17819252610206604,0.0010611448669806123,0.5640794038772583
1128,36.148136138916016,1.1008710861206055,0.4974500238895416,0.178147092461586,-0.011842002160847187,0.5675216317176819
1129,36.14350891113281,1.0790400505065918,0.49983498454093933,0.1781441569328308,-0.0018687983974814415,0.5784029960632324
1130,36.13811492919922,1.1039224863052368,0.5003700256347656,0.1781507432460785,-0.0323028564453125,0.5768755674362183
1131,36.12997817993164,1.0704009532928467,0.5004100203514099,0.17815804481506348,-0.011696995235979557,0.5679071545600891
1132,36.14789962768555,1.089247465133667,0.5010600090026855,0.17817692458629608,-0.021885380148887634,0.5845956802368164
1133,36.14435577392578,1.0809907913208008,0.4973900020122528,0.17813041806221008,-0.009411506354808807,0.5785918235778809
1134,36.11923599243164,1.0958198308944702,0.5012950301170349,0.17815348505973816,-0.012400549836456776,0.5781669616699219
1135,36.12735366821289,1.0660693645477295,0.5026400089263916,0.17820052802562714,-0.018129833042621613,0.5811401605606079
1136,36.157222747802734,1.0899417400360107,0.499985009431839,0.17820025980472565,0.004317952319979668,0.5628888010978699
1137,36.12685775756836,1.0748859643936157,0.5000250339508057,0.17820070683956146,-0.009451206773519516,0.5831179022789001
1138,36.126930236816406,1.0929657220840454,0.5011950135231018,0.17822198569774628,-0.04832741618156433,0.5902751088142395
1139,36.1434440612793,1.0815101861953735,0.49834999442100525,0.17819258570671082,-0.03170647472143173,0.5815325379371643
1140,36.14776611328125,1.0914008617401123,0.4990699887275696,0.17817601561546326,0.02565595880150795,0.5725334882736206
1141,36.13516616821289,1.0842839479446411,0.4991300404071808,0.17816050350666046,-0.015435132198035717,0.5765542387962341
1142,36.12422561645508,1.0747829675674438,0.500665009021759,0.17817234992980957,-0.03782493621110916,0.5898320078849792
1143,36.164344787597656,1.1078965663909912,0.5006999969482422,0.17818482220172882,-0.015846559777855873,0.5758808255195618
1144,36.15167999267578,1.0875383615493774,0.5006399750709534,0.17819622159004211,-0.03049447387456894,0.5727769136428833
1145,36.119964599609375,1.09177565574646,0.49973997473716736,0.17819158732891083,-0.03412323072552681,0.5803484916687012
1146,36.126888275146484,1.07525634765625,0.49818000197410583,0.17815916240215302,-0.03225450962781906,0.578973650932312
1147,36.158348083496094,1.086461067199707,0.49765002727508545,0.1781172901391983,-0.013648198917508125,0.5742741823196411
1148,36.148338317871094,1.0914530754089355,0.4997900128364563,0.17811354994773865,0.0029378551989793777,0.5713568329811096
1149,36.12397384643555,1.0724260807037354,0.5029200315475464,0.17816556990146637,-0.006575806997716427,0.5786082148551941
1150,36.14175033569336,1.1013973951339722,0.5014899969100952,0.1781921237707138,-0.0037423069588840008,0.5751550197601318
1151,36.14876174926758,1.0898821353912354,0.49972003698349,0.17818713188171387,-0.014514734968543053,0.5727595090866089
1152,36.15439224243164,1.0904943943023682,0.4986650347709656,0.1781633347272873,-0.014445185661315918,0.5776622295379639
1153,36.139137268066406,1.093770980834961,0.4980200231075287,0.17812806367874146,-0.017133403569459915,0.5712239742279053
1154,36.12713623046875,1.0720224380493164,0.5026599764823914,0.1781754344701767,-0.014337948523461819,0.5830758810043335
1155,36.14189529418945,1.0787581205368042,0.4979550540447235,0.17813900113105774,-0.006891245022416115,0.5666226744651794
1156,36.144683837890625,1.078676700592041,0.5014299750328064,0.17816448211669922,-0.01592927984893322,0.5745420455932617
1157,36.13843536376953,1.0729384422302246,0.49979501962661743,0.17816083133220673,0.0005628337967209518,0.5905394554138184
1158,36.13265609741211,1.1039953231811523,0.49827998876571655,0.17813017964363098,-0.017272446304559708,0.576613187789917
1159,36.14374923706055,1.083011269569397,0.49927499890327454,0.1781172752380371,-0.006538135930895805,0.5690596103668213
1160,36.148555755615234,1.0796871185302734,0.5007500052452087,0.1781306266784668,0.004168533254414797,0.5720001459121704
1161,36.134925842285156,1.0767197608947754,0.502364993095398,0.1781727522611618,-0.028967110440135002,0.5795858502388
1162,36.12541961669922,1.0672085285186768,0.4975000321865082,0.1781282126903534,-0.008683094754815102,0.5841261148452759
1163,36.14956283569336,1.077488660812378,0.4987049996852875,0.17810514569282532,-0.016184939071536064,0.5643808841705322
1164,36.137550354003906,1.0901172161102295,0.5001699924468994,0.17810818552970886,-0.03019648976624012,0.5788778066635132
1165,36.130306243896484,1.063253402709961,0.5021700263023376,0.1781468242406845,-0.011638968251645565,0.5587719678878784
1166,36.14186096191406,1.0727260112762451,0.5002000331878662,0.17815038561820984,-0.021430693566799164,0.5761134028434753
1167,36.146427154541016,1.0893189907073975,0.49866002798080444,0.1781265139579773,-0.010802265256643295,0.5650112628936768
1168,36.1357421875,1.0809290409088135,0.5003149509429932,0.17813211679458618,0.00013545418914873153,0.583163857460022
1169,36.135986328125,1.0949411392211914,0.5012549757957458,0.17815448343753815,-0.031129151582717896,0.5780672430992126
1170,36.138675689697266,1.0832490921020508,0.5005099773406982,0.1781635731458664,-0.02004615217447281,0.5757813453674316
1171,36.13376235961914,1.0744869709014893,0.49913501739501953,0.17814816534519196,-0.011924191378057003,0.5843159556388855
1172,36.145538330078125,1.0873305797576904,0.5001699924468994,0.1781512051820755,-0.008461298421025276,0.5679519772529602
1173,36.129798889160156,1.080517292022705,0.49844998121261597,0.1781235933303833,-0.029749780893325806,0.584082305431366
1174,36.132747650146484,1.0777878761291504,0.5014899969100952,0.17815013229846954,-0.02006244845688343,0.5837268233299255
1175,36.14188766479492,1.075602412223816,0.49954500794410706,0.1781420260667801,-0.00750573119148612,0.5658660531044006
1176,36.15498352050781,1.078554630279541,0.5008600354194641,0.17815734446048737,-0.01702173613011837,0.5696401000022888
1177,36.13321304321289,1.102431297302246,0.5010049939155579,0.17817524075508118,-0.012284781783819199,0.5783555507659912
1178,36.14222717285156,1.0667229890823364,0.49876001477241516,0.1781531572341919,-0.025966359302401543,0.573348343372345
1179,36.157142639160156,1.0755821466445923,0.5017150044441223,0.17818371951580048,-0.01042807288467884,0.5697792172431946
1180,36.140262603759766,1.0768142938613892,0.49962499737739563,0.17817704379558563,-0.014084318652749062,0.5996869206428528
1181,36.14618682861328,1.063693642616272,0.5002599954605103,0.17818167805671692,-0.02428532764315605,0.5752897262573242
1182,36.153282165527344,1.0712469816207886,0.5000799894332886,0.17818310856819153,-0.01821681298315525,0.5792961120605469
1183,36.140132904052734,1.0584020614624023,0.49849000573158264,0.17815621197223663,0.0019813119433820248,0.58221435546875
1184,36.136924743652344,1.0702170133590698,0.49839499592781067,0.17812761664390564,-0.01398819126188755,0.5681945085525513
1185,36.143856048583984,1.087422490119934,0.5045300126075745,0.17820830643177032,-0.011006904765963554,0.5724630951881409
1186,36.14716720581055,1.0822668075561523,0.4993950128555298,0.17819751799106598,0.0060509247705340385,0.5896958708763123
1187,36.149654388427734,1.0745165348052979,0.49974000453948975,0.1781928837299347,-0.04642929136753082,0.5694854855537415
1188,36.132659912109375,1.070468783378601,0.5012600421905518,0.17821533977985382,-0.016072772443294525,0.5776383876800537
1189,36.13371276855469,1.0730770826339722,0.5014150142669678,0.1782405525445938,-0.022724293172359467,0.5768221616744995
1190,36.136512756347656,1.0748481750488281,0.49867501854896545,0.17821693420410156,-0.034957654774188995,0.5673172473907471
1191,36.14316177368164,1.0865254402160645,0.4972600042819977,0.17816810309886932,-0.018621748313307762,0.5637452006340027
1192,36.127498626708984,1.0867022275924683,0.49933502078056335,0.17815625667572021,-0.019968843087553978,0.5849146246910095
1193,36.132503509521484,1.0746300220489502,0.499875009059906,0.17815402150154114,-0.02779935672879219,0.5728621482849121
1194,36.145538330078125,1.0699106454849243,0.5035399794578552,0.1782170981168747,-0.013752894476056099,0.5651571750640869
1195,36.1357536315918,1.0669342279434204,0.499705046415329,0.17821183800697327,-0.026674745604395866,0.5739343762397766
1196,36.156280517578125,1.0993452072143555,0.50239497423172,0.17825451493263245,-0.01997203193604946,0.5684323906898499
1197,36.13294982910156,1.070737600326538,0.5011900067329407,0.1782757192850113,-0.018422789871692657,0.5795088410377502
1198,36.14200973510742,1.0802152156829834,0.4995049834251404,0.17826689779758453,-0.03754662722349167,0.5769402384757996
1199,36.13613510131836,1.0507431030273438,0.500124990940094,0.1782691329717636,-0.0014466391876339912,0.5749910473823547
1200,36.1445198059082,1.0664678812026978,0.49995002150535583,0.17826823890209198,-0.009140150621533394,0.5857387781143188
1201,36.1456298828125,1.0698637962341309,0.49796000123023987,0.1782318651676178,-0.023033464327454567,0.574610710144043
1202,36.13914108276367,1.0924768447875977,0.4983700215816498,0.1782028079032898,-0.0036930330097675323,0.5687620639801025
1203,36.14716720581055,1.0793546438217163,0.497855007648468,0.17816458642482758,-0.026463566347956657,0.5700359344482422
1204,36.13240051269531,1.0693548917770386,0.5006499886512756,0.1781761646270752,0.0005419316585175693,0.5795974135398865
1205,36.139305114746094,1.0584098100662231,0.5004200339317322,0.1781836450099945,-0.02515454962849617,0.5628799796104431
1206,36.13788604736328,1.0658372640609741,0.49945998191833496,0.17817401885986328,-0.0031585886608809233,0.5545708537101746
1207,36.135772705078125,1.067314624786377,0.4977400004863739,0.1781337410211563,-0.006578383967280388,0.5706871747970581
1208,36.13319396972656,1.0820597410202026,0.5005849599838257,0.178144171833992,-0.02184288576245308,0.5914057493209839
1209,36.14881896972656,1.0741138458251953,0.5016850233078003,0.1781741976737976,-0.01642337441444397,0.5801830291748047
1210,36.1408805847168,1.072100281715393,0.501520037651062,0.17820127308368683,-0.0014937114901840687,0.5812807679176331
1211,36.14455032348633,1.077518105506897,0.5003899931907654,0.17820821702480316,0.013760440982878208,0.5597271919250488
1212,36.12404251098633,1.0671545267105103,0.4991050064563751,0.17819225788116455,-0.014240442775189877,0.5628089308738708
1213,36.13542556762695,1.0607837438583374,0.4991150200366974,0.17817649245262146,-0.013200615532696247,0.5807836055755615
1214,36.145755767822266,1.065590262413025,0.4997299909591675,0.17817167937755585,-0.00012542725016828626,0.571967363357544
1215,36.13673782348633,1.089106798171997,0.49970003962516785,0.17816634476184845,-0.013535993173718452,0.5851770639419556
1216,36.12251663208008,1.0791115760803223,0.4986100196838379,0.17814157903194427,-0.030591977760195732,0.5895771384239197
1217,36.14997100830078,1.0692601203918457,0.4995200037956238,0.178133025765419,-0.0070597585290670395,0.5689654350280762
1218,36.15240478515625,1.0815212726593018,0.5001050233840942,0.17813488841056824,-0.012079856358468533,0.5844070315361023
1219,36.128963470458984,1.0724745988845825,0.5023699998855591,0.1781771034002304,-0.007478542625904083,0.5780524611473083
1220,36.134498596191406,1.0705782175064087,0.5004349946975708,0.1781848520040512,-0.021857963874936104,0.576192319393158
1221,36.15168762207031,1.0747661590576172,0.5008699893951416,0.178200364112854,0.004716530907899141,0.5681001543998718
1222,36.15087890625,1.068807601928711,0.4974050223827362,0.1781541109085083,0.003493865253403783,0.5802478194236755
1223,36.13999557495117,1.0775386095046997,0.4991850256919861,0.1781395971775055,-0.02516143210232258,0.5795972943305969
1224,36.1432991027832,1.0609221458435059,0.5009300112724304,0.17815616726875305,0.005339277442544699,0.5708314776420593
1225,36.14567565917969,1.0735976696014404,0.4982699751853943,0.17812535166740417,-0.014845822006464005,0.55806565284729
1226,36.1431770324707,1.0659486055374146,0.4985450208187103,0.17809943854808807,-0.012005103752017021,0.5718313455581665
1227,36.14323043823242,1.0647733211517334,0.4988449811935425,0.17807886004447937,-0.0058693173341453075,0.56944340467453
1228,36.13880157470703,1.0852744579315186,0.4963200092315674,0.17801332473754883,-0.022989541292190552,0.583682656288147
1229,36.14259338378906,1.0767529010772705,0.49834999442100525,0.17798395454883575,-0.03323910012841225,0.5641829371452332
1230,36.14519119262695,1.068720817565918,0.5010050535202026,0.17800183594226837,-0.003525732783600688,0.5713253021240234
1231,36.13578414916992,1.0616949796676636,0.502174973487854,0.1780405342578888,-0.032561711966991425,0.5737497806549072
1232,36.1406135559082,1.0762664079666138,0.5010800361633301,0.17805975675582886,-0.04102088510990143,0.5748862028121948
1233,36.152252197265625,1.0612304210662842,0.5003049969673157,0.1780651956796646,-0.017610890790820122,0.5773716568946838
1234,36.14462661743164,1.0577664375305176,0.50142502784729,0.17809055745601654,0.0028055754955857992,0.5838655233383179
1235,36.133628845214844,1.0877817869186401,0.49966999888420105,0.17808467149734497,-0.03942860662937164,0.5911111831665039
1236,36.13322448730469,1.0629072189331055,0.5002700090408325,0.1780894696712494,-0.012425344437360764,0.5733934640884399
1237,36.14948654174805,1.0702342987060547,0.5025250315666199,0.17813444137573242,-0.013338816352188587,0.5812554955482483
1238,36.13798141479492,1.0496306419372559,0.5010349750518799,0.1781528741121292,-0.014789791777729988,0.5742643475532532
1239,36.11494445800781,1.0812031030654907,0.499875009059906,0.17815063893795013,-0.033107075840234756,0.588534414768219
1240,36.142677307128906,1.0677796602249146,0.4993550181388855,0.17813915014266968,-0.013920346274971962,0.5589397549629211
1241,36.15535354614258,1.0711214542388916,0.4990450143814087,0.1781221330165863,-0.004874317441135645,0.5737518668174744
1242,36.135250091552734,1.08475661277771,0.49901002645492554,0.17810450494289398,-0.02015666663646698,0.5750841498374939
1243,36.13206100463867,1.0763050317764282,0.5008450150489807,0.17811955511569977,-0.031550195068120956,0.5879890322685242
1244,36.146331787109375,1.079044222831726,0.5012150406837463,0.17814119160175323,-0.016102947294712067,0.5781106948852539
1245,36.15185546875,1.0800933837890625,0.5021250247955322,0.1781790554523468,0.0037728988099843264,0.5810526609420776
1246,36.129981994628906,1.0894337892532349,0.5006549954414368,0.17819072306156158,-0.0306201484054327,0.5896563529968262
1247,36.13926315307617,1.0736052989959717,0.5006099939346313,0.1782016009092331,-0.014300302602350712,0.5735899806022644
1248,36.14285659790039,1.0585393905639648,0.5035399794578552,0.17826469242572784,-0.00691670086234808,0.5755257606506348
1249,36.13990783691406,1.0891104936599731,0.4993400275707245,0.1782529354095459,-0.010628734715282917,0.575648844242096
1250,36.136756896972656,1.068063735961914,0.49817997217178345,0.1782204806804657,-0.01713484153151512,0.5738385915756226
1251,36.145233154296875,1.0769625902175903,0.4998300075531006,0.17821745574474335,-0.011711420491337776,0.5730662941932678
1252,36.131813049316406,1.0606740713119507,0.49853000044822693,0.17819125950336456,-0.01375795528292656,0.5855010747909546
1253,36.13956069946289,1.0777469873428345,0.4994350075721741,0.17818118631839752,-0.006925506982952356,0.5731987953186035
1254,36.15163803100586,1.0649693012237549,0.501230001449585,0.17820310592651367,-0.017609689384698868,0.5902398824691772
1255,36.146785736083984,1.081683874130249,0.5017549991607666,0.17823438346385956,-0.02047094888985157,0.5909041166305542
1256,36.13499069213867,1.082963466644287,0.5016199946403503,0.17826326191425323,-0.0007176051731221378,0.5746070742607117
1257,36.14421844482422,1.064450979232788,0.5031799674034119,0.17831996083259583,-0.017117222771048546,0.5720664262771606
1258,36.15386962890625,1.0707377195358276,0.5009350180625916,0.17833662033081055,-0.0003766288864426315,0.5694170594215393
1259,36.1293830871582,1.0752553939819336,0.4978249669075012,0.17829783260822296,-0.03334241732954979,0.5741302371025085
1260,36.13151931762695,1.0581635236740112,0.4977649748325348,0.1782579869031906,-0.018948059529066086,0.5600247383117676
1261,36.14220428466797,1.0657291412353516,0.499875009059906,0.17825575172901154,-0.008176463656127453,0.5719490647315979
1262,36.14289855957031,1.0636661052703857,0.5003650188446045,0.17826224863529205,-0.03305094689130783,0.5667775869369507
1263,36.139713287353516,1.0560568571090698,0.5006999969482422,0.1782747209072113,-0.02730102464556694,0.5741920471191406
1264,36.1531982421875,1.0672892332077026,0.5002050399780273,0.1782783716917038,0.014912551268935204,0.5752915740013123
1265,36.13957977294922,1.0694503784179688,0.500789999961853,0.17829246819019318,-0.019694335758686066,0.5681756734848022
1266,36.13736343383789,1.0575827360153198,0.5032549500465393,0.17835049331188202,-0.02114981599152088,0.5860508680343628
1267,36.149986267089844,1.068542242050171,0.5023850202560425,0.17839303612709045,0.003690987592563033,0.5716965794563293
1268,36.149261474609375,1.0666908025741577,0.5008749961853027,0.1784086525440216,0.021042460575699806,0.5806372165679932
1269,36.13664245605469,1.0661226511001587,0.4978500008583069,0.17837029695510864,-0.0281054750084877,0.5715987682342529
1270,36.136112213134766,1.0722914934158325,0.5000250339508057,0.17837074398994446,-0.030599117279052734,0.5779713988304138
1271,36.14837646484375,1.0643361806869507,0.501075029373169,0.17838992178440094,0.0062720333226025105,0.556518018245697
1272,36.149681091308594,1.0630581378936768,0.5006549954414368,0.17840158939361572,0.01117628999054432,0.566666841506958
1273,36.120391845703125,1.0531425476074219,0.5005000233650208,0.17841050028800964,-0.015438344329595566,0.5665883421897888
1274,36.132869720458984,1.054301142692566,0.4975050091743469,0.17836599051952362,-0.021299080923199654,0.5727709531784058
1275,36.13774108886719,1.0533243417739868,0.5012699961662292,0.17838864028453827,-0.018433885648846626,0.576383113861084
1276,36.133995056152344,1.0787864923477173,0.5010249614715576,0.17840692400932312,-0.023478124290704727,0.5651552677154541
1277,36.129634857177734,1.0698919296264648,0.5000399947166443,0.17840765416622162,-0.013165551237761974,0.5713273286819458
1278,36.13916778564453,1.0714744329452515,0.4977950155735016,0.17836831510066986,-0.0064894394017755985,0.5752353072166443
1279,36.14752960205078,1.0642988681793213,0.5002049803733826,0.17837196588516235,-0.010371565818786621,0.5688531994819641
1280,36.13655471801758,1.0849957466125488,0.5002899765968323,0.17837713658809662,-0.015274287201464176,0.5726270079612732
1281,36.14838409423828,1.0686028003692627,0.5033349990844727,0.17843663692474365,-0.007030087988823652,0.5850557684898376
1282,36.14351272583008,1.0736088752746582,0.5005649924278259,0.1784467250108719,-0.011070187203586102,0.5886685848236084
1283,36.13555908203125,1.0573393106460571,0.5004000067710876,0.17845387756824493,-0.010494118556380272,0.5956714153289795
1284,36.139625549316406,1.0636507272720337,0.49788999557495117,0.17841622233390808,-0.01773080974817276,0.5785730481147766
1285,36.13639831542969,1.0717319250106812,0.5013949871063232,0.1784411072731018,-0.02408946119248867,0.5748749375343323
1286,36.134525299072266,1.0512205362319946,0.5017600059509277,0.17847250401973724,-0.025276711210608482,0.5909688472747803
1287,36.15442657470703,1.0655781030654907,0.4994649887084961,0.178462952375412,0.0012141061015427113,0.5724089741706848
1288,36.140586853027344,1.0512735843658447,0.49949002265930176,0.17845384776592255,-0.01364948321133852,0.5748634338378906
1289,36.13739776611328,1.0574754476547241,0.4994699954986572,0.17844438552856445,-0.01134718582034111,0.5727184414863586
1290,36.13556671142578,1.0506060123443604,0.5005700588226318,0.17845454812049866,-0.021246876567602158,0.5796940922737122
1291,36.153072357177734,1.0672630071640015,0.496040016412735,0.17838387191295624,0.0009993143612518907,0.5921411514282227
1292,36.14280319213867,1.06674325466156,0.49845004081726074,0.17835623025894165,-0.011862012557685375,0.5713945031166077
1293,36.13813781738281,1.081271767616272,0.5002849698066711,0.17836131155490875,-0.0314781628549099,0.5885050892829895
1294,36.14092254638672,1.0587159395217896,0.4983449876308441,0.17833179235458374,-0.019357532262802124,0.5793821811676025
1295,36.15640640258789,1.0798335075378418,0.502144992351532,0.17837004363536835,-0.0027753773611038923,0.5767490863800049
1296,36.14061737060547,1.0593206882476807,0.4992150068283081,0.17835603654384613,-0.018612584099173546,0.5857797265052795
1297,36.14208221435547,1.0660359859466553,0.4988750219345093,0.1783359795808792,-0.031681183725595474,0.5756216645240784
1298,36.14201736450195,1.0555297136306763,0.5009599924087524,0.17835308611392975,0.012095356360077858,0.590073823928833
1299,36.14681625366211,1.0616811513900757,0.49921998381614685,0.1783391684293747,-0.0113672548905015,0.569941520690918
1300,36.13844299316406,1.0531834363937378,0.498740017414093,0.17831669747829437,-0.016234731301665306,0.5656740069389343
1301,36.14592361450195,1.0805388689041138,0.4986249804496765,0.1782921701669693,-0.05123654380440712,0.5665977001190186
1302,36.129974365234375,1.0479531288146973,0.4990600347518921,0.17827540636062622,-0.012448013760149479,0.5998712182044983
1303,36.151336669921875,1.0709335803985596,0.49974000453948975,0.17827077209949493,-0.027642229571938515,0.5797696709632874
1304,36.141822814941406,1.0638965368270874,0.5019899606704712,0.1783062368631363,-0.014520524069666862,0.5791318416595459
1305,36.12254333496094,1.0492658615112305,0.5013450384140015,0.1783302128314972,-0.028028888627886772,0.5762038230895996
1306,36.14929962158203,1.0823286771774292,0.5014750361442566,0.17835651338100433,-0.009692341089248657,0.5847257375717163
1307,36.14603042602539,1.0665630102157593,0.5003450512886047,0.1783626526594162,-0.0009025593171827495,0.5755930542945862
1308,36.13180160522461,1.0639235973358154,0.49979501962661743,0.1783590018749237,-0.013437737710773945,0.5823677778244019
1309,36.14332962036133,1.0749540328979492,0.5010100603103638,0.17837701737880707,-0.023912150412797928,0.58107590675354
1310,36.14812469482422,1.0737087726593018,0.5003450512886047,0.17838315665721893,-0.0018761097453534603,0.5626627206802368
1311,36.1540641784668,1.061130166053772,0.5011000037193298,0.17840278148651123,0.003309501800686121,0.5726256966590881
1312,36.12424850463867,1.0753668546676636,0.4989999830722809,0.1783849447965622,-0.03228366747498512,0.5665068030357361
1313,36.14731216430664,1.0579899549484253,0.49826499819755554,0.17835399508476257,-0.005801565945148468,0.5718200206756592
1314,36.143775939941406,1.066758155822754,0.5004599690437317,0.17836220562458038,-0.003525596810504794,0.5690798759460449
1315,36.12725067138672,1.0481091737747192,0.5017350316047668,0.1783931404352188,-0.009291073307394981,0.5829789042472839
1316,36.13428497314453,1.0505093336105347,0.50142502784729,0.17841854691505432,0.023311203345656395,0.5867911577224731
1317,36.138511657714844,1.0667537450790405,0.49928000569343567,0.17840570211410522,0.001878955401480198,0.5699504613876343
1318,36.13343811035156,1.0522921085357666,0.49923500418663025,0.17839205265045166,-0.03530057519674301,0.5604422092437744
1319,36.13410568237305,1.0577771663665771,0.500499963760376,0.17840096354484558,-0.02960033155977726,0.5677222013473511
1320,36.13652420043945,1.0501922369003296,0.4995400011539459,0.17839275300502777,0.008620700798928738,0.5811585783958435
1321,36.14317321777344,1.04413640499115,0.5035499930381775,0.17845608294010162,-0.0007363291224464774,0.5836556553840637
1322,36.144287109375,1.0684130191802979,0.49988001585006714,0.1784539520740509,-0.0007162971887737513,0.5619325637817383
1323,36.14777374267578,1.0582635402679443,0.4971499741077423,0.1784030944108963,-0.006688697263598442,0.5844075679779053
1324,36.14733123779297,1.0719826221466064,0.5003799796104431,0.1784098744392395,-0.005716985557228327,0.5749577879905701
1325,36.14586639404297,1.067856788635254,0.5007749795913696,0.1784237027168274,-0.004861492197960615,0.5936954021453857
1326,36.138023376464844,1.0428276062011719,0.4990699887275696,0.17840711772441864,0.0020535262301564217,0.5631252527236938
1327,36.141048431396484,1.0560224056243896,0.5005999803543091,0.17841781675815582,-0.006455424707382917,0.5903080701828003
1328,36.12307357788086,1.0527539253234863,0.49979501962661743,0.17841415107250214,-0.02614268846809864,0.5851117968559265
1329,36.13018035888672,1.0598145723342896,0.5004550218582153,0.17842227220535278,-0.016499333083629608,0.5597700476646423
1330,36.14888381958008,1.0529847145080566,0.500635027885437,0.1784336119890213,-0.012615326792001724,0.5774441361427307
1331,36.138729095458984,1.0578047037124634,0.4991699755191803,0.17841880023479462,0.015274124220013618,0.5796290040016174
1332,36.11869430541992,1.0540952682495117,0.5004499554634094,0.1784268170595169,-0.02140788547694683,0.5912473797798157
1333,36.1495246887207,1.0592550039291382,0.4996649920940399,0.17842084169387817,-0.02953367680311203,0.5652782320976257
1334,36.158599853515625,1.0858219861984253,0.4988250136375427,0.17839987576007843,-0.018391910940408707,0.5512887835502625
1335,36.13164138793945,1.0735934972763062,0.4995500147342682,0.17839184403419495,-0.01798088289797306,0.5838244557380676
1336,36.128753662109375,1.0644158124923706,0.4982300102710724,0.17836026847362518,-0.009478878229856491,0.5882946848869324
1337,36.162967681884766,1.0728936195373535,0.5011249780654907,0.1783803403377533,0.008080609142780304,0.571672797203064
1338,36.131591796875,1.0493168830871582,0.4996900260448456,0.17837481200695038,-0.009190543554723263,0.5697753429412842
1339,36.12135696411133,1.0833916664123535,0.4983000159263611,0.1783444881439209,-0.04207649081945419,0.5703518986701965
1340,36.14443588256836,1.0627354383468628,0.4978249967098236,0.1783057004213333,-0.006787135731428862,0.5727828145027161
1341,36.16665267944336,1.0807991027832031,0.498615026473999,0.1782809942960739,0.0007966351695358753,0.5777667164802551
1342,36.1247444152832,1.0689455270767212,0.5022149682044983,0.1783204823732376,-0.018824074417352676,0.5698642730712891
1343,36.124366760253906,1.0573599338531494,0.5004700422286987,0.17832885682582855,-0.007302027195692062,0.566687822341919
1344,36.154937744140625,1.062845230102539,0.497730016708374,0.17828838527202606,3.0538561986759305e-05,0.5537242293357849
1345,36.152381896972656,1.0572013854980469,0.4987799823284149,0.17826662957668304,0.012584494426846504,0.5561227202415466
1346,36.13429641723633,1.0844757556915283,0.5019299983978271,0.17830103635787964,-0.020024169236421585,0.5712683200836182
1347,36.13407897949219,1.0656404495239258,0.5002700090408325,0.17830583453178406,-0.018088841810822487,0.5753160119056702
1348,36.1495246887207,1.0439307689666748,0.49904003739356995,0.17828871309757233,-0.008386580273509026,0.5796147584915161
1349,36.14121627807617,1.0380016565322876,0.4989050030708313,0.1782691925764084,-0.0014635787811130285,0.573166012763977
1350,36.13357162475586,1.0880382061004639,0.5014100074768066,0.1782943308353424,-0.019858965650200844,0.5871267914772034
1351,36.1338005065918,1.05500066280365,0.4995650351047516,0.1782865673303604,-0.031525492668151855,0.5615525245666504
1352,36.14555358886719,1.0730986595153809,0.5013400316238403,0.17831045389175415,-0.0038477822672575712,0.5671658515930176
1353,36.14017868041992,1.0553996562957764,0.5007799863815308,0.178324356675148,-0.00905320793390274,0.5952264666557312
1354,36.12958526611328,1.0431970357894897,0.5007100105285645,0.17833702266216278,-0.02245858870446682,0.5924085974693298
1355,36.126625061035156,1.0334659814834595,0.49858999252319336,0.17831186950206757,-0.004583332221955061,0.5612791776657104
1356,36.15168380737305,1.0648969411849976,0.4984300136566162,0.17828387022018433,-0.011187680996954441,0.5763972401618958
1357,36.129634857177734,1.0428003072738647,0.4991700053215027,0.17826907336711884,-0.022646352648735046,0.5867230892181396
1358,36.1317253112793,1.0561597347259521,0.5006750226020813,0.17828109860420227,-0.021909892559051514,0.5858888626098633
1359,36.14332580566406,1.0572580099105835,0.4996200203895569,0.17827431857585907,-0.012018341571092606,0.5663585662841797
1360,36.15336608886719,1.0598342418670654,0.5002400279045105,0.1782785952091217,0.0230877622961998,0.5832107067108154
1361,36.130455017089844,1.04631507396698,0.5008500218391418,0.17829374969005585,-0.034473635256290436,0.5826530456542969
1362,36.12846755981445,1.0352208614349365,0.5015100240707397,0.17832067608833313,-0.036965370178222656,0.5813941955566406
1363,36.150184631347656,1.0470328330993652,0.502625048160553,0.178367480635643,0.009693366475403309,0.5682547092437744
1364,36.13824462890625,1.049754023551941,0.500855028629303,0.1783827245235443,-0.017655720934271812,0.5787996649742126
1365,36.1422004699707,1.0788323879241943,0.5002650022506714,0.17838744819164276,-0.017752766609191895,0.5773223638534546
1366,36.13958740234375,1.038305640220642,0.499750018119812,0.1783829927444458,-0.01968306489288807,0.5801514387130737
1367,36.15386962890625,1.0594881772994995,0.5006750226020813,0.17839503288269043,-0.00943808164447546,0.5826709270477295
1368,36.12727355957031,1.053717851638794,0.5016550421714783,0.17842455208301544,-0.029198944568634033,0.5712013244628906
1369,36.14369201660156,1.0617117881774902,0.4982900023460388,0.17839403450489044,0.01761390082538128,0.5686817765235901
1370,36.146305084228516,1.0525624752044678,0.4998449981212616,0.1783912628889084,-0.015674946829676628,0.5716512203216553
1371,36.14410400390625,1.0668175220489502,0.5007200241088867,0.17840410768985748,-0.023559631779789925,0.5664144158363342
1372,36.115211486816406,1.0461938381195068,0.5005550384521484,0.1784140169620514,-0.005623468663543463,0.5770832896232605
1373,36.14897918701172,1.0625947713851929,0.5008249878883362,0.1784287393093109,-0.009679860435426235,0.5713065266609192
1374,36.14086151123047,1.0494625568389893,0.4991300404071808,0.17841321229934692,-0.009554330259561539,0.5713094472885132
1375,36.138282775878906,1.0828797817230225,0.49803999066352844,0.17837825417518616,-0.04471171647310257,0.5720965266227722
1376,36.13926696777344,1.0598673820495605,0.5000849962234497,0.17837975919246674,-0.019115524366497993,0.5781840682029724
1377,36.138450622558594,1.0452500581741333,0.5025550127029419,0.17842532694339752,0.0007210434996522963,0.5622143149375916
1378,36.14994812011719,1.0790714025497437,0.49864500761032104,0.1784011572599411,-0.01430781651288271,0.5815813541412354
1379,36.14037322998047,1.0458792448043823,0.501675009727478,0.17843103408813477,-0.03195463493466377,0.5577632188796997
1380,36.13520431518555,1.04909086227417,0.4996500015258789,0.17842479050159454,-0.02802295982837677,0.565592348575592
1381,36.137935638427734,1.0650285482406616,0.4984600245952606,0.1783973127603531,-0.025382887572050095,0.5775994658470154
1382,36.131717681884766,1.0433582067489624,0.49960997700691223,0.17839035391807556,0.0013992672320455313,0.565948486328125
1383,36.14992141723633,1.0762428045272827,0.49901503324508667,0.17837278544902802,-0.003052392276003957,0.5914515256881714
1384,36.135597229003906,1.0490061044692993,0.5001500248908997,0.1783754676580429,-0.013190299272537231,0.5781124234199524
1385,36.13600540161133,1.056477427482605,0.498740017414093,0.17835299670696259,-0.005712971556931734,0.5652588605880737
1386,36.15902328491211,1.047722578048706,0.4996799826622009,0.17834728956222534,-0.0070877764374017715,0.5686779022216797
1387,36.14741134643555,1.0485448837280273,0.49950504302978516,0.17833846807479858,-0.021627580747008324,0.5618664026260376
1388,36.14017868041992,1.0811091661453247,0.497994989156723,0.17830270528793335,0.0044165789149701595,0.5825464725494385
1389,36.137943267822266,1.0478850603103638,0.5016999840736389,0.17833301424980164,-0.010021675378084183,0.5822290182113647
1390,36.152191162109375,1.0540552139282227,0.5013750195503235,0.17835752665996552,-0.011117745190858841,0.5717689990997314
1391,36.139366149902344,1.054730772972107,0.4987350106239319,0.17833496630191803,-0.0075949509628117085,0.5662331581115723
1392,36.147056579589844,1.058581829071045,0.4995500147342682,0.17832693457603455,-0.019553670659661293,0.5596632957458496
1393,36.14997100830078,1.066892385482788,0.5002050399780273,0.17833058536052704,0.013397538103163242,0.5698563456535339
1394,36.134185791015625,1.0484436750411987,0.5003100037574768,0.17833611369132996,-0.04362848401069641,0.5768539905548096
1395,36.12489318847656,1.045843243598938,0.4994150400161743,0.17832568287849426,-0.01066104881465435,0.5780085325241089
1396,36.14114761352539,1.044064998626709,0.5009199976921082,0.1783420890569687,0.020990632474422455,0.5896787047386169
1397,36.14536666870117,1.0517061948776245,0.5034549832344055,0.17840370535850525,-0.006800177041441202,0.5840147137641907
1398,36.141929626464844,1.0531654357910156,0.4965600073337555,0.17834234237670898,-0.015267403796315193,0.5697472095489502
1399,36.13772201538086,1.0353485345840454,0.5004599690437317,0.1783505529165268,-0.015048186294734478,0.5765413045883179
1400,36.14790344238281,1.0582128763198853,0.5006799697875977,0.1783626675605774,-0.00043631604057736695,0.5737997889518738
1401,36.14284896850586,1.043237328529358,0.5020599961280823,0.17839941382408142,-0.035951439291238785,0.5940192937850952
1402,36.14629364013672,1.0478538274765015,0.49856001138687134,0.17837372422218323,-0.022948380559682846,0.5894447565078735
1403,36.141700744628906,1.0450959205627441,0.500914990901947,0.17839005589485168,-0.03995177149772644,0.5833881497383118
1404,36.13368606567383,1.0482487678527832,0.49794501066207886,0.17835339903831482,-0.016944821923971176,0.5727283954620361
1405,36.15371322631836,1.05790114402771,0.4983999729156494,0.1783248633146286,-0.005397829692810774,0.5780659317970276
1406,36.14317321777344,1.0354470014572144,0.5030249953269958,0.17837882041931152,-0.005124595016241074,0.5696627497673035
1407,36.13141632080078,1.0682334899902344,0.49980998039245605,0.17837542295455933,-0.02382454089820385,0.5886276960372925
1408,36.13093566894531,1.0380218029022217,0.5027549862861633,0.17842456698417664,-0.008074471727013588,0.5726066827774048
1409,36.153446197509766,1.0582280158996582,0.5002250075340271,0.17842859029769897,-0.00922359898686409,0.5762138962745667
1410,36.147369384765625,1.0516656637191772,0.4987099766731262,0.17840558290481567,-0.01414440106600523,0.5825748443603516
1411,36.13108825683594,1.0635571479797363,0.5005649924278259,0.1784156709909439,-0.013584889471530914,0.5824190974235535
1412,36.1485595703125,1.058680772781372,0.5015349984169006,0.1784430593252182,-0.013123858720064163,0.5697486400604248
1413,36.1370849609375,1.0335371494293213,0.4968699812889099,0.17838720977306366,0.0017226572381332517,0.5833467841148376
1414,36.13252258300781,1.0540337562561035,0.4975000321865082,0.17834261059761047,-0.005938014481216669,0.5851068496704102
1415,36.134159088134766,1.0367162227630615,0.5002400279045105,0.1783468872308731,-0.029313629493117332,0.5758330821990967
1416,36.13603973388672,1.0551451444625854,0.5022300481796265,0.1783866584300995,0.006410777568817139,0.577842116355896
1417,36.140750885009766,1.0561418533325195,0.49874502420425415,0.17836426198482513,-0.012247868813574314,0.5732863545417786
1418,36.14633560180664,1.061124563217163,0.4993000030517578,0.1783517748117447,-0.013195579871535301,0.5869407653808594
1419,36.14405059814453,1.0559574365615845,0.49965500831604004,0.17834562063217163,-0.0015474153915420175,0.5621825456619263
1420,36.13510513305664,1.0309016704559326,0.5030450224876404,0.178399920463562,-0.007736961357295513,0.6030414700508118
1421,36.131126403808594,1.0437239408493042,0.4984099864959717,0.17837154865264893,-0.018949218094348907,0.5683990120887756
1422,36.13627243041992,1.0382736921310425,0.4983200132846832,0.1783415824174881,-0.033444855362176895,0.5883230566978455
1423,36.14200973510742,1.0374984741210938,0.5015450119972229,0.17836913466453552,-0.014195268042385578,0.5761205554008484
1424,36.14175033569336,1.0400149822235107,0.5008600354194641,0.178384467959404,-0.01597416028380394,0.5931366086006165
1425,36.140953063964844,1.0583220720291138,0.499904990196228,0.1783827841281891,-0.012130968272686005,0.5720009803771973
1426,36.1364631652832,1.0450526475906372,0.4982049763202667,0.1783507615327835,-0.008395375683903694,0.5784575939178467
1427,36.14303207397461,1.051634430885315,0.5024250149726868,0.17839400470256805,-0.006698348559439182,0.5718259215354919
1428,36.14448547363281,1.061452865600586,0.5004950165748596,0.1784028261899948,-0.034589823335409164,0.5874662399291992
1429,36.14256286621094,1.0531054735183716,0.4991599917411804,0.178387850522995,-0.012750372290611267,0.5698606371879578
1430,36.15507507324219,1.0663352012634277,0.5019149780273438,0.1784220039844513,-0.003467594040557742,0.5768321752548218
1431,36.1373291015625,1.0568931102752686,0.5004650354385376,0.17843030393123627,-0.030658062547445297,0.5890532732009888
1432,36.13251876831055,1.0203698873519897,0.49940499663352966,0.17841969430446625,-0.018938668072223663,0.5732777118682861
1433,36.1607780456543,1.0674655437469482,0.49850499629974365,0.17839302122592926,-0.021317550912499428,0.5599697232246399
1434,36.134910583496094,1.0372048616409302,0.5020450353622437,0.178429514169693,-0.02169816941022873,0.5849732756614685
1435,36.13114929199219,1.0256924629211426,0.5009400248527527,0.17844629287719727,-0.011383377015590668,0.567947268486023
1436,36.141441345214844,1.0362749099731445,0.499875009059906,0.1784440577030182,-0.005542807746678591,0.5694818496704102
1437,36.13199996948242,1.0227251052856445,0.5007249712944031,0.17845699191093445,-0.0029673634562641382,0.567786693572998
1438,36.13399887084961,1.0393445491790771,0.4966200292110443,0.17839667201042175,-0.0072159962728619576,0.5777015089988708
1439,36.138648986816406,1.039746642112732,0.5024800300598145,0.1784409135580063,0.0008724184590391815,0.5721703767776489
1440,36.12576675415039,1.0295097827911377,0.5033550262451172,0.17850077152252197,-0.01788843423128128,0.5878124237060547
1441,36.12837219238281,1.0508869886398315,0.4994649887084961,0.17849121987819672,-0.028182148933410645,0.5915182828903198
1442,36.13381576538086,1.0272529125213623,0.49913501739501953,0.1784757822751999,-0.0070194462314248085,0.5765377283096313
1443,36.13453674316406,1.054292917251587,0.5004900097846985,0.17848452925682068,-0.022647209465503693,0.5925734043121338
1444,36.139949798583984,1.0472301244735718,0.5017350316047668,0.1785154938697815,-0.010867668315768242,0.5747703909873962
1445,36.126739501953125,1.0301655530929565,0.5008749961853027,0.17853111028671265,-0.02267533540725708,0.5882135033607483
1446,36.134037017822266,1.042672872543335,0.5015050172805786,0.17855796217918396,-0.020162904635071754,0.5817031264305115
1447,36.14332962036133,1.0382275581359863,0.5013899803161621,0.1785827875137329,-0.024562984704971313,0.5608742237091064
1448,36.13545227050781,1.0486950874328613,0.4962799847126007,0.17851635813713074,-0.014165676198899746,0.5766023993492126
1449,36.13957595825195,1.0636868476867676,0.5010600090026855,0.17853528261184692,-0.015149718150496483,0.5915271639823914
1450,36.13956832885742,1.0296382904052734,0.5003899931907654,0.17854224145412445,0.007412908133119345,0.5784035921096802
1451,36.13758087158203,1.0552054643630981,0.4995650351047516,0.17853447794914246,-0.010077251121401787,0.5708472728729248
1452,36.13861083984375,1.0490328073501587,0.4979550540447235,0.17849797010421753,-0.02415754459798336,0.5742864608764648
1453,36.12471008300781,1.0482465028762817,0.4976850152015686,0.178456649184227,-0.029885759577155113,0.578659176826477
1454,36.14388656616211,1.042006254196167,0.5022299885749817,0.17849645018577576,-0.010634553618729115,0.5712236166000366
1455,36.15761947631836,1.0514137744903564,0.49942001700401306,0.17848609387874603,0.010530058294534683,0.5714013576507568
1456,36.12181854248047,1.0566078424453735,0.5008400082588196,0.17850109934806824,-0.04055117070674896,0.5781607031822205
1457,36.134498596191406,1.0367158651351929,0.5009549856185913,0.178518146276474,-0.033735036849975586,0.5819570422172546
1458,36.15620040893555,1.0527658462524414,0.4994850158691406,0.1785089522600174,-0.007869573310017586,0.5684272050857544
1459,36.148075103759766,1.054463267326355,0.49806496500968933,0.17847441136837006,-0.009733440354466438,0.5610770583152771
1460,36.124229431152344,1.0730422735214233,0.49940499663352966,0.17846380174160004,-0.016471873968839645,0.5801839232444763
1461,36.14238739013672,1.0482220649719238,0.5005350112915039,0.1784733533859253,-0.005731495097279549,0.5819573998451233
1462,36.157833099365234,1.056003212928772,0.49898502230644226,0.17845523357391357,-0.001126298913732171,0.5686227679252625
1463,36.1251106262207,1.025648832321167,0.49963003396987915,0.1784486323595047,0.0018738454673439264,0.5804033279418945
1464,36.13239288330078,1.046266794204712,0.49944499135017395,0.1784387230873108,-0.022754333913326263,0.5830038785934448
1465,36.152732849121094,1.045181155204773,0.5008600354194641,0.17845405638217926,-0.013424496166408062,0.5935913920402527
1466,36.150291442871094,1.0473301410675049,0.500124990940094,0.17845629155635834,0.01476498506963253,0.5825873613357544
1467,36.13393783569336,1.039710521697998,0.49635499715805054,0.1783912479877472,-0.024844931438565254,0.5655091404914856
1468,36.13801193237305,1.0364049673080444,0.4988349974155426,0.17837046086788177,0.010134159587323666,0.5785480737686157
1469,36.133636474609375,1.0216503143310547,0.5016599893569946,0.17840005457401276,-0.011161466129124165,0.5492597222328186
1470,36.13899612426758,1.0414468050003052,0.49919500946998596,0.1783856898546219,-0.00886276550590992,0.5770927667617798
1471,36.13410949707031,1.0517247915267944,0.50204998254776,0.17842227220535278,0.007980728521943092,0.5704141855239868
1472,36.13875198364258,1.0382195711135864,0.5008800029754639,0.1784379631280899,-0.004948337562382221,0.5692358613014221
1473,36.152305603027344,1.0464296340942383,0.4987799823284149,0.1784161925315857,-0.012234805151820183,0.5662773847579956
1474,36.130130767822266,1.0252844095230103,0.49999499320983887,0.17841610312461853,-0.05009128898382187,0.5786650776863098
1475,36.14043426513672,1.0306878089904785,0.49925002455711365,0.17840272188186646,-0.02181265503168106,0.5843452215194702
1476,36.13334274291992,1.0509113073349,0.5014050006866455,0.1784278005361557,-0.007717310916632414,0.5577687621116638
1477,36.14093017578125,1.040535807609558,0.5015400052070618,0.17845527827739716,-0.030192632228136063,0.586638331413269
1478,36.13843536376953,1.0355944633483887,0.4986100196838379,0.1784304678440094,0.003312913002446294,0.5624950528144836
1479,36.1356086730957,1.0416935682296753,0.5022649765014648,0.17847087979316711,-0.002885515335947275,0.5837211608886719
1480,36.14516830444336,1.0379412174224854,0.4961700141429901,0.17840252816677094,-0.026209866628050804,0.5805298089981079
1481,36.140472412109375,1.0390263795852661,0.4992849826812744,0.178389772772789,-0.022309591993689537,0.5868151187896729
1482,36.14521789550781,1.0417540073394775,0.49943995475769043,0.17837977409362793,-0.02887197956442833,0.5603037476539612
1483,36.134666442871094,1.0355916023254395,0.5009300112724304,0.17839635908603668,0.008388781920075417,0.5762357115745544
1484,36.1407356262207,1.0461455583572388,0.5016300082206726,0.17842543125152588,-0.006162539590150118,0.5750153064727783
1485,36.139930725097656,1.0425654649734497,0.4993150234222412,0.17841321229934692,-0.00857667624950409,0.579355001449585
1486,36.14421081542969,1.0541726350784302,0.5020149946212769,0.17844915390014648,-0.0011158123379573226,0.5811200141906738
1487,36.13583755493164,1.0290327072143555,0.500510036945343,0.17845825850963593,-0.017322514206171036,0.5773983001708984
1488,36.12969207763672,1.0272796154022217,0.5005249977111816,0.17846761643886566,-0.021235359832644463,0.5859629511833191
1489,36.1456413269043,1.0474977493286133,0.4997749924659729,0.17846359312534332,-0.014676823280751705,0.5730537176132202
1490,36.14531707763672,1.0426818132400513,0.4995900094509125,0.17845627665519714,-0.031834445893764496,0.5641322731971741
1491,36.13227462768555,1.0366805791854858,0.4988050162792206,0.17843495309352875,-0.016270965337753296,0.5787522792816162
1492,36.12656021118164,1.036821722984314,0.4990299940109253,0.1784176528453827,-0.000591619755141437,0.5856136679649353
1493,36.15422439575195,1.0633727312088013,0.5008000135421753,0.1784319281578064,-0.026112470775842667,0.5750883221626282
1494,36.13568115234375,1.024724006652832,0.49897500872612,0.17841362953186035,-0.01177192386239767,0.5805377960205078
1495,36.1435432434082,1.0466077327728271,0.5000749826431274,0.1784149706363678,-0.018366903066635132,0.5691816210746765
1496,36.126956939697266,1.0286530256271362,0.4990699589252472,0.17839838564395905,-0.011719074100255966,0.5887239575386047
1497,36.13522720336914,1.042860984802246,0.49976497888565063,0.17839419841766357,-0.010014316067099571,0.576862096786499
1498,36.134578704833984,1.0224460363388062,0.5003250241279602,0.17840000987052917,-0.010930454358458519,0.57148277759552
1499,36.14059066772461,1.0276882648468018,0.49796998500823975,0.17836378514766693,-0.005466774106025696,0.5620210766792297
1500,36.13423156738281,1.0403261184692383,0.4966450035572052,0.17830394208431244,-0.00888476800173521,0.5828462243080139
1501,36.131500244140625,1.0195868015289307,0.5006549954414368,0.17831560969352722,-0.016695160418748856,0.5927060842514038
1502,36.1533317565918,1.0418163537979126,0.5010849833488464,0.17833495140075684,-0.01626104675233364,0.5509058833122253
1503,36.130306243896484,1.0186567306518555,0.5028300285339355,0.1783854216337204,-0.008525985293090343,0.5560678839683533
1504,36.133079528808594,1.0524382591247559,0.4994350075721741,0.17837534844875336,-0.03405942767858505,0.5766966342926025
1505,36.14923095703125,1.043513536453247,0.4974000155925751,0.1783289760351181,-0.004403629340231419,0.578020453453064
1506,36.14369201660156,1.0356122255325317,0.49847498536109924,0.17830178141593933,0.006331306416541338,0.5616953372955322
1507,36.131649017333984,1.052803635597229,0.5011399984359741,0.17832210659980774,-0.004365210887044668,0.5735414028167725
1508,36.1385383605957,1.029528260231018,0.5004100203514099,0.17832942306995392,-0.0058454773388803005,0.5881900787353516
1509,36.149375915527344,1.0514938831329346,0.49928998947143555,0.17831675708293915,-0.02735123224556446,0.5770779848098755
1510,36.12303161621094,1.0335133075714111,0.5011399984359741,0.17833708226680756,-0.010146225802600384,0.579124391078949
1511,36.125362396240234,1.0304853916168213,0.5020850300788879,0.1783742606639862,-0.017388375476002693,0.5933863520622253
1512,36.149932861328125,1.0459263324737549,0.4992400109767914,0.1783607006072998,-0.012186297215521336,0.5738065242767334
1513,36.150306701660156,1.0532673597335815,0.5006800293922424,0.1783728152513504,0.001775316777639091,0.5676671266555786
1514,36.13069152832031,1.0409352779388428,0.5018050074577332,0.1784050017595291,-0.025188565254211426,0.5953004360198975
1515,36.14284896850586,1.0426170825958252,0.501479983329773,0.1784314215183258,-0.012568917125463486,0.582837700843811
1516,36.14176940917969,1.0306719541549683,0.49869504570961,0.17840814590454102,-0.02928643487393856,0.5620427131652832
1517,36.144325256347656,1.0474934577941895,0.5026900172233582,0.1784561425447464,-0.01538771390914917,0.5839458107948303
1518,36.13455581665039,1.028496503829956,0.5015400052070618,0.17848363518714905,-0.02146879769861698,0.5905804634094238
1519,36.1513671875,1.0503208637237549,0.5002899765968323,0.1784888058900833,-0.04018330201506615,0.5733973979949951
1520,36.137657165527344,1.0403333902359009,0.49964001774787903,0.17848238348960876,-0.010528038255870342,0.5693380236625671
1521,36.138267517089844,1.0355660915374756,0.4974900186061859,0.17843759059906006,-0.020112378522753716,0.5841875076293945
1522,36.136653900146484,1.0298198461532593,0.4975450038909912,0.17839378118515015,-0.026541275903582573,0.5805694460868835
1523,36.12614440917969,1.0160318613052368,0.49809500575065613,0.17835979163646698,-0.021341612562537193,0.5858421325683594
1524,36.136531829833984,1.0359752178192139,0.5007500052452087,0.17837317287921906,-0.027370911091566086,0.5757061243057251
1525,36.143348693847656,1.0383533239364624,0.5010050535202026,0.17839109897613525,-0.005590769462287426,0.5699945092201233
1526,36.129268646240234,1.0321292877197266,0.5004449486732483,0.17839902639389038,-0.004394507501274347,0.5697895884513855
1527,36.13717269897461,1.0368976593017578,0.5000349879264832,0.17839963734149933,-0.02098928950726986,0.5834622979164124
1528,36.1412467956543,1.04806649684906,0.49869999289512634,0.1783764511346817,-0.016052082180976868,0.5695676207542419
1529,36.135223388671875,1.028682827949524,0.49758002161979675,0.17833328247070312,-0.01434503123164177,0.5605183839797974
1530,36.13096618652344,1.024610161781311,0.502240002155304,0.17837323248386383,-0.012269698083400726,0.5678364038467407
1531,36.146575927734375,1.0386812686920166,0.5003650188446045,0.17837974429130554,-0.013717173598706722,0.5857531428337097
1532,36.13739776611328,1.027516484260559,0.5005500316619873,0.1783895492553711,0.0019741421565413475,0.579153299331665
1533,36.139217376708984,1.0455735921859741,0.49834999442100525,0.17836011946201324,-0.010329324752092361,0.5729466676712036
1534,36.14358901977539,1.034124732017517,0.5006600022315979,0.17837189137935638,-0.016586950048804283,0.5697520971298218
1535,36.14690399169922,1.0349866151809692,0.5042200088500977,0.1784471571445465,0.016356125473976135,0.5817649364471436
1536,36.149322509765625,1.0577750205993652,0.5015749931335449,0.1784752607345581,-0.018571244552731514,0.5783852338790894
1537,36.133392333984375,1.0184239149093628,0.5004100203514099,0.17848257720470428,-0.01216826681047678,0.5890247225761414
1538,36.146263122558594,1.030413031578064,0.5003049969673157,0.17848803102970123,-0.01958516612648964,0.582743227481842
1539,36.13766098022461,1.0413352251052856,0.5003499984741211,0.17849428951740265,0.004489870276302099,0.5740931630134583
1540,36.12819290161133,1.0300359725952148,0.503184974193573,0.17855113744735718,-0.03412582725286484,0.5796061754226685
1541,36.15690994262695,1.0587193965911865,0.5022850036621094,0.17859193682670593,-0.014838972128927708,0.5850434899330139
1542,36.14628219604492,1.0420526266098022,0.5007950067520142,0.17860613763332367,-0.02619325742125511,0.5869978666305542
1543,36.13645935058594,1.0378756523132324,0.499500036239624,0.17859721183776855,-0.01681431010365486,0.5854491591453552
1544,36.14952850341797,1.0327476263046265,0.4977799952030182,0.17855755984783173,-0.022457849234342575,0.5774950981140137
1545,36.12055969238281,1.0142450332641602,0.5032599568367004,0.1786157786846161,-0.011002249084413052,0.5743573904037476
1546,36.13151168823242,1.0225160121917725,0.5019049644470215,0.17864979803562164,-0.0031456872820854187,0.5706387162208557
1547,36.1397819519043,1.045206904411316,0.4999450445175171,0.17864881455898285,0.007919040508568287,0.5586680769920349
1548,36.13119888305664,1.0246680974960327,0.4969800114631653,0.17859485745429993,-0.027605457231402397,0.584053635597229
1549,36.13506317138672,1.0273418426513672,0.500575065612793,0.1786051243543625,-0.010583402588963509,0.5786511898040771
1550,36.13694381713867,1.0270707607269287,0.49870002269744873,0.17858190834522247,-0.037291038781404495,0.5629916191101074
1551,36.13710403442383,1.035960078239441,0.49840497970581055,0.17855341732501984,-0.0128890136256814,0.5654246807098389
1552,36.14185333251953,1.028566598892212,0.49883005023002625,0.17853252589702606,-0.0030866977758705616,0.5793316960334778
1553,36.137474060058594,1.0287309885025024,0.4965350031852722,0.1784706711769104,-0.022400066256523132,0.5544711351394653
1554,36.14322280883789,1.0377576351165771,0.4990600347518921,0.17845389246940613,-0.010163305327296257,0.5797856450080872
1555,36.132530212402344,1.0259774923324585,0.5037400126457214,0.17852061986923218,-0.001266869599930942,0.5729559063911438
1556,36.14792251586914,1.035936951637268,0.5008249878883362,0.1785353422164917,-0.00420447438955307,0.5876866579055786
1557,36.13648223876953,1.033839225769043,0.49976998567581177,0.1785312294960022,0.012880660593509674,0.5711228251457214
1558,36.13527297973633,1.0327011346817017,0.4969850182533264,0.17847740650177002,-0.004593383055180311,0.5872693657875061
1559,36.14772415161133,1.0361509323120117,0.4978500008583069,0.17843903601169586,-0.012650186195969582,0.5881919264793396
1560,36.16228485107422,1.0414882898330688,0.5003049969673157,0.17844447493553162,0.02054702118039131,0.5906734466552734
1561,36.12791061401367,1.0519336462020874,0.4996750056743622,0.1784386783838272,-0.007109011989086866,0.5614047646522522
1562,36.124656677246094,1.0275624990463257,0.5010050535202026,0.1784566044807434,-0.02671637386083603,0.5853634476661682
1563,36.16496658325195,1.0593703985214233,0.49812501668930054,0.17842313647270203,0.014062982983887196,0.5651485323905945
1564,36.12221908569336,1.0249707698822021,0.5002750158309937,0.178428053855896,-0.021478217095136642,0.5930970907211304
1565,36.12639236450195,1.0333753824234009,0.5021800398826599,0.17846696078777313,-0.015682782977819443,0.5790461897850037
1566,36.15457534790039,1.037886142730713,0.5020850300788879,0.17850416898727417,-0.011865690350532532,0.5628090500831604
1567,36.14252471923828,1.0441089868545532,0.4975399971008301,0.1784602552652359,-0.012027139775454998,0.5697318315505981
1568,36.126869201660156,1.0223863124847412,0.5025749802589417,0.17850621044635773,-0.03252748027443886,0.5978885293006897
1569,36.14950942993164,1.046981930732727,0.5014550685882568,0.1785321980714798,-0.008760884404182434,0.5737133622169495
1570,36.14107894897461,1.0278788805007935,0.4997349977493286,0.17852745950222015,-0.00938598532229662,0.587643563747406
1571,36.14491271972656,1.044874668121338,0.500635027885437,0.17853879928588867,-0.02545393444597721,0.570374071598053
1572,36.138675689697266,1.0453927516937256,0.5001499652862549,0.17854148149490356,0.00012159348261775449,0.5794225931167603
1573,36.135860443115234,1.0352256298065186,0.49850499629974365,0.17851479351520538,-0.0217326357960701,0.5768706798553467
1574,36.125099182128906,1.0357661247253418,0.5011849999427795,0.17853595316410065,-0.00937493983656168,0.5795642137527466
1575,36.14094924926758,1.0180271863937378,0.5006400346755981,0.17854738235473633,-0.024043813347816467,0.5923214554786682
1576,36.14686584472656,1.0449485778808594,0.5015450119972229,0.17857496440410614,-0.014324016869068146,0.587665855884552
1577,36.121421813964844,1.0445696115493774,0.5008299946784973,0.17858977615833282,-0.008497416973114014,0.5783681869506836
1578,36.12839126586914,1.0379087924957275,0.49939000606536865,0.17857888340950012,-0.039572931826114655,0.5859761834144592
1579,36.1564826965332,1.0433725118637085,0.49663498997688293,0.17851878702640533,-0.022469477728009224,0.5808751583099365
1580,36.1516227722168,1.0392265319824219,0.5002700090408325,0.17852360010147095,0.011150218546390533,0.5826482176780701
1581,36.13710021972656,1.042243242263794,0.5007050037384033,0.17853617668151855,-0.020330144092440605,0.5744491219520569
1582,36.14543533325195,1.0548019409179688,0.49840497970581055,0.1785077005624771,-0.002369081601500511,0.5786014199256897
1583,36.144866943359375,1.029584527015686,0.4996599853038788,0.17850163578987122,-0.016955262050032616,0.5754575729370117
1584,36.13636016845703,1.0398072004318237,0.49985501170158386,0.1784990429878235,-0.012388468720018864,0.5685049891471863
1585,36.14064407348633,1.0413997173309326,0.5023350119590759,0.17854072153568268,-0.004196295980364084,0.5854666829109192
1586,36.14897537231445,1.043311357498169,0.5019150376319885,0.17857490479946136,-0.002622500993311405,0.5643574595451355
1587,36.12895584106445,1.0436444282531738,0.5000550150871277,0.17857588827610016,-0.008157939650118351,0.5680367350578308
1588,36.1328239440918,1.0216673612594604,0.49944502115249634,0.17856597900390625,0.01451035775244236,0.5871936678886414
1589,36.15401077270508,1.0455586910247803,0.4983299672603607,0.17853616178035736,0.0002742595679592341,0.5887569785118103
1590,36.124610900878906,1.0153300762176514,0.49898001551628113,0.17851795256137848,-0.015406807884573936,0.5673339366912842
1591,36.14850997924805,1.0414425134658813,0.4992299973964691,0.17850419878959656,-0.022022848948836327,0.5772711038589478
1592,36.15544128417969,1.0371389389038086,0.4998849630355835,0.1785021424293518,-0.005074045620858669,0.5753922462463379
1593,36.14749526977539,1.0439475774765015,0.4975850284099579,0.178459033370018,-0.00951202679425478,0.5693798065185547
1594,36.13104248046875,1.0644516944885254,0.5004850029945374,0.17846769094467163,-0.026785986497998238,0.5921533107757568
1595,36.14888381958008,1.0366514921188354,0.4992400109767914,0.17845413088798523,-0.02100488729774952,0.573954701423645
1596,36.150970458984375,1.0310627222061157,0.49972501397132874,0.17844922840595245,0.0016317751724272966,0.5651556253433228
1597,36.12441635131836,1.0388909578323364,0.5003550052642822,0.17845556139945984,-0.03322375565767288,0.5773844718933105
1598,36.14390182495117,1.0380383729934692,0.5017549395561218,0.1784868687391281,-0.01898086629807949,0.5847885608673096
1599,36.15049362182617,1.0449634790420532,0.4989350140094757,0.17846785485744476,0.008782802149653435,0.5742388367652893
1600,36.12029266357422,1.01698637008667,0.49898001551628113,0.17844966053962708,-0.006410185247659683,0.5709047913551331
1601,36.127262115478516,1.0248382091522217,0.5019299983978271,0.17848409712314606,-0.027335450053215027,0.5806635618209839
1602,36.15080642700195,1.045719027519226,0.5008900165557861,0.1784999966621399,-0.011041979305446148,0.566939651966095
1603,36.1435661315918,1.0281774997711182,0.4969649910926819,0.17844581604003906,-0.036532312631607056,0.5795284509658813
1604,36.12258529663086,1.0278922319412231,0.49876004457473755,0.1784236878156662,-0.026445847004652023,0.566230833530426
1605,36.152259826660156,1.058048129081726,0.500249981880188,0.17842815816402435,-0.020853063091635704,0.5719476342201233
1606,36.14104080200195,1.0200419425964355,0.49759000539779663,0.1783851534128189,-0.018570290878415108,0.5782700181007385
1607,36.14823532104492,1.0331225395202637,0.49980005621910095,0.17838159203529358,-0.02040911093354225,0.5611929893493652
1608,36.13490676879883,1.0258959531784058,0.49821001291275024,0.17834965884685516,0.01081730518490076,0.5695623159408569
1609,36.146278381347656,1.0372503995895386,0.5006499886512756,0.17836125195026398,-0.008114141412079334,0.5629927515983582
1610,36.14650344848633,1.0466879606246948,0.49808499217033386,0.17832709848880768,-0.00772850401699543,0.5809676647186279
1611,36.145442962646484,1.0300618410110474,0.4984149932861328,0.17829883098602295,-0.010574731975793839,0.5776143074035645
1612,36.136112213134766,1.0221443176269531,0.5019450187683105,0.17833352088928223,-0.0179834496229887,0.5634375214576721
1613,36.12779235839844,1.0135715007781982,0.5019049644470215,0.1783674955368042,-0.022460022941231728,0.5737090706825256
1614,36.13775634765625,1.0215693712234497,0.5001100301742554,0.1783694475889206,-0.019053814932703972,0.5815994739532471
1615,36.138912200927734,1.0024253129959106,0.5016099810600281,0.17839817702770233,0.004187578335404396,0.5814210176467896
1616,36.143707275390625,1.0281898975372314,0.4989650249481201,0.17837971448898315,0.010948408395051956,0.5777639746665955
1617,36.14060974121094,1.0480380058288574,0.5001199841499329,0.17838186025619507,0.0010276088723912835,0.5819392800331116
1618,36.1430778503418,1.0292887687683105,0.5010600090026855,0.17840076982975006,-0.02238832227885723,0.5713960528373718
1619,36.13462448120117,1.0226423740386963,0.5003499984741211,0.17840702831745148,-0.020631402730941772,0.5637375116348267
1620,36.13536834716797,1.0291706323623657,0.5010299682617188,0.1784254014492035,-0.018859850242733955,0.5723628401756287
1621,36.126304626464844,1.0269708633422852,0.5003750324249268,0.17843210697174072,-0.026145948097109795,0.5691948533058167
1622,36.14714431762695,1.0293868780136108,0.499904990196228,0.17843042314052582,-0.009197164326906204,0.5683952569961548
1623,36.14391326904297,1.0184966325759888,0.4999300241470337,0.17842917144298553,-0.02269178070127964,0.5692551136016846
1624,36.134437561035156,1.0558770895004272,0.5005350112915039,0.1784387230873108,-0.027314962819218636,0.5942080020904541
1625,36.132774353027344,1.031030535697937,0.49869003891944885,0.17841534316539764,-0.010180672630667686,0.5758832097053528
1626,36.152183532714844,1.0253561735153198,0.4989449977874756,0.17839652299880981,-0.018562939018011093,0.5722305774688721
1627,36.145381927490234,1.039461374282837,0.4985450208187103,0.17837056517601013,-0.027888713404536247,0.5868151783943176
1628,36.12730407714844,1.0309500694274902,0.4992149770259857,0.17835655808448792,-0.027216406539082527,0.5747683048248291
1629,36.13134765625,1.033058524131775,0.502020001411438,0.17839257419109344,-0.013316658325493336,0.5867490172386169
1630,36.16416549682617,1.0395711660385132,0.49971500039100647,0.17838749289512634,0.0015547979855909944,0.5661245584487915
1631,36.141998291015625,1.0237013101577759,0.5013149976730347,0.17841094732284546,-0.013598937541246414,0.5927784442901611
1632,36.127685546875,1.0418134927749634,0.49893999099731445,0.17839203774929047,-0.040153130888938904,0.5765233039855957
1633,36.16830062866211,1.0434281826019287,0.5013449788093567,0.17841602861881256,-0.0154171884059906,0.568077564239502
1634,36.153175354003906,1.049390196800232,0.4996650218963623,0.17841005325317383,0.00308746169321239,0.5701450705528259
1635,36.12125015258789,1.025917649269104,0.5005699992179871,0.17842021584510803,-0.009085365571081638,0.5650651454925537
1636,36.137813568115234,1.0281893014907837,0.5000249743461609,0.17842066287994385,-0.031438134610652924,0.573814332485199
1637,36.15206527709961,1.0272471904754639,0.4983149766921997,0.17839059233665466,-0.014807782135903835,0.5844009518623352
1638,36.13435363769531,1.0134034156799316,0.5001850128173828,0.1783938854932785,-0.013351949863135815,0.5779464244842529
1639,36.13017654418945,1.0178916454315186,0.49822500348091125,0.17836222052574158,-0.016593381762504578,0.5764634013175964
1640,36.148040771484375,1.0268670320510864,0.4984149932861328,0.17833395302295685,-0.0012545252684503794,0.574386715888977
1641,36.14286804199219,1.0289300680160522,0.4987049996852875,0.17831085622310638,-0.006387414410710335,0.5662317872047424
1642,36.139556884765625,1.0132025480270386,0.4995500147342682,0.1783028393983841,-0.010114621371030807,0.5787925124168396
1643,36.146156311035156,1.0258464813232422,0.49969497323036194,0.17829740047454834,-0.009929545223712921,0.5779417753219604
1644,36.135860443115234,1.0249160528182983,0.5004599690437317,0.17830561101436615,-0.011368481442332268,0.5728410482406616
1645,36.14360046386719,1.0345311164855957,0.5014649629592896,0.17833173274993896,-0.01262550801038742,0.5766185522079468
1646,36.15381622314453,1.0374174118041992,0.49986502528190613,0.17832933366298676,-0.007111016660928726,0.5716474056243896
1647,36.13547897338867,1.0305739641189575,0.49822998046875,0.178297758102417,-0.028035180643200874,0.5907333493232727
1648,36.135494232177734,1.0247360467910767,0.4976450204849243,0.17825576663017273,-0.02071266435086727,0.5782901644706726
1649,36.1442756652832,1.0318832397460938,0.4997349679470062,0.17825104296207428,-0.017634263262152672,0.5720696449279785
1650,36.133052825927734,1.046710729598999,0.4996500015258789,0.17824479937553406,-0.026765814051032066,0.5814632773399353
1651,36.13239288330078,1.0065323114395142,0.5021900534629822,0.17828382551670074,-0.029079949483275414,0.5814840197563171
1652,36.14754104614258,1.030447006225586,0.4972350001335144,0.1782345324754715,-0.0073759900406003,0.5695482492446899
1653,36.1448974609375,1.0236138105392456,0.49865999817848206,0.17821064591407776,-0.030951229855418205,0.5722194314002991
1654,36.1339111328125,1.0303868055343628,0.4970650374889374,0.17815834283828735,-0.008084882982075214,0.5862215161323547
1655,36.15199279785156,1.0436080694198608,0.50027996301651,0.1781633347272873,-0.006690739654004574,0.5712102055549622
1656,36.143123626708984,1.0283784866333008,0.5011300444602966,0.17818346619606018,0.0014055348001420498,0.5753433704376221
1657,36.13539123535156,1.0199090242385864,0.5021100044250488,0.17822106182575226,-0.0229292381554842,0.573939323425293
1658,36.1409912109375,1.024003267288208,0.5015900135040283,0.17824940383434296,-0.007018127012997866,0.5685811638832092
1659,36.14152526855469,1.0231503248214722,0.49985501170158386,0.17824682593345642,-0.02656606398522854,0.5762147903442383
1660,36.14479446411133,1.0392484664916992,0.49942001700401306,0.1782364845275879,0.023140229284763336,0.5778689384460449
1661,36.13786315917969,1.0200189352035522,0.5009950399398804,0.17825423181056976,0.006368502043187618,0.5750986337661743
1662,36.13526153564453,1.0232758522033691,0.4983299672603607,0.17822445929050446,-0.021314160898327827,0.5632742047309875
1663,36.12369918823242,1.0468719005584717,0.49996501207351685,0.17822383344173431,-0.0344444215297699,0.579492449760437
1664,36.1317253112793,1.0184636116027832,0.5002400279045105,0.17822811007499695,-0.03996528685092926,0.5670506358146667
1665,36.151329040527344,1.041050910949707,0.5007150173187256,0.1782408505678177,-0.0019909986294806004,0.5682950615882874
1666,36.1322021484375,1.0108431577682495,0.5007749795913696,0.17825466394424438,-0.006184488534927368,0.5755814909934998
1667,36.13934326171875,1.0323646068572998,0.5005899667739868,0.17826518416404724,-0.04139939323067665,0.5856916308403015
1668,36.14436721801758,1.0218935012817383,0.4989650249481201,0.17824673652648926,-0.012891373597085476,0.5747551918029785
1669,36.15188217163086,1.0237796306610107,0.49904000759124756,0.17822961509227753,-0.010471533983945847,0.5650158524513245
1670,36.1474609375,1.0475467443466187,0.4990350008010864,0.17821241915225983,-0.015540137887001038,0.5497879981994629
1671,36.15082931518555,1.036247730255127,0.4980299770832062,0.17817731201648712,-0.020928436890244484,0.5661889910697937
1672,36.14876937866211,1.0308992862701416,0.49845999479293823,0.17814986407756805,-0.03555573895573616,0.5677691102027893
1673,36.136390686035156,1.0262209177017212,0.49693000316619873,0.17809516191482544,-0.026554906740784645,0.5824543833732605
1674,36.14393615722656,1.018141508102417,0.4980200231075287,0.1780598908662796,-0.04035403952002525,0.575210690498352
1675,36.13909149169922,1.0278124809265137,0.4996100068092346,0.17805294692516327,0.0011391425505280495,0.576109766960144
1676,36.140010833740234,1.051500916481018,0.5000100135803223,0.1780531108379364,-0.013512770645320415,0.5837911367416382
1677,36.14830017089844,1.0278621912002563,0.5003399848937988,0.1780591607093811,-0.032781876623630524,0.5708830952644348
1678,36.14363479614258,1.0265223979949951,0.5013800263404846,0.17808374762535095,-0.024965623393654823,0.5687861442565918
1679,36.12590789794922,1.0204004049301147,0.49900999665260315,0.17806611955165863,-0.03137364611029625,0.5670299530029297
1680,36.1390380859375,1.0197128057479858,0.5011249780654907,0.17808616161346436,-0.014976820908486843,0.5768651366233826
1681,36.142791748046875,1.0181519985198975,0.499144971370697,0.17807093262672424,-0.010338307358324528,0.5791600346565247
1682,36.13894271850586,1.0471861362457275,0.4992449879646301,0.1780574917793274,-0.010911351069808006,0.5887659788131714
1683,36.13295364379883,1.0341711044311523,0.4983700215816498,0.17802846431732178,-0.01407601311802864,0.5803040266036987
1684,36.14594268798828,1.0197067260742188,0.5016650557518005,0.17805811762809753,-0.0043078879825770855,0.5799436569213867
1685,36.1397590637207,1.0224114656448364,0.5021899938583374,0.17809711396694183,-0.027797788381576538,0.5553268790245056
1686,36.12583923339844,1.0423579216003418,0.5021550059318542,0.17813549935817719,-0.017648443579673767,0.5825996994972229
1687,36.151222229003906,1.0208300352096558,0.5026099681854248,0.178181990981102,-0.003337779315188527,0.5705220699310303
1688,36.14995574951172,1.0315443277359009,0.5011900067329407,0.17820319533348083,-0.006090095732361078,0.592280924320221
1689,36.125885009765625,1.0354512929916382,0.5019949674606323,0.17823874950408936,-0.03626437485218048,0.5725864171981812
1690,36.13514709472656,1.0148547887802124,0.502644956111908,0.1782858967781067,-0.01835349015891552,0.5891807675361633
1691,36.15094757080078,1.0272536277770996,0.5008350014686584,0.17830076813697815,-0.011690099723637104,0.5595433712005615
1692,36.12607955932617,1.0001320838928223,0.49836501479148865,0.17827162146568298,-0.0008662352920509875,0.575614869594574
1693,36.12131881713867,1.0308948755264282,0.49998000264167786,0.17827126383781433,-0.01702282764017582,0.5767725110054016
1694,36.15549850463867,1.0300872325897217,0.4971500337123871,0.1782204657793045,0.001854374073445797,0.5569669008255005
1695,36.140254974365234,1.006991982460022,0.49987003207206726,0.17821815609931946,-0.010537630878388882,0.5615425705909729
1696,36.13698959350586,1.0212390422821045,0.5022749900817871,0.17825868725776672,0.0024514079559594393,0.5886818766593933
1697,36.14905548095703,1.023671269416809,0.5001149773597717,0.17826072871685028,-0.036895692348480225,0.580642819404602
1698,36.1455192565918,1.023911476135254,0.49817001819610596,0.17822811007499695,0.008391269482672215,0.5686308145523071
1699,36.138885498046875,1.0388704538345337,0.5017899870872498,0.17826002836227417,0.018237747251987457,0.578217625617981
1700,36.14889144897461,1.0322760343551636,0.4990350008010864,0.17824283242225647,-0.02052217908203602,0.5746352672576904
1701,36.13764190673828,1.0237950086593628,0.4991300404071808,0.17822732031345367,-0.01719651371240616,0.5806226134300232
1702,36.149879455566406,1.0383061170578003,0.4991900324821472,0.17821288108825684,-0.030789915472269058,0.5607437491416931
1703,36.15449905395508,1.0328530073165894,0.4987800121307373,0.178191140294075,-0.004645731300115585,0.5518331527709961
1704,36.141780853271484,1.0358648300170898,0.4997450113296509,0.1781865954399109,-0.027450120076537132,0.5729405283927917
1705,36.13604736328125,1.0294133424758911,0.5001299977302551,0.17818890511989594,0.02900104597210884,0.5915032625198364
1706,36.15091323852539,1.0318938493728638,0.5006600022315979,0.17820067703723907,-0.011987032368779182,0.5680369734764099
1707,36.12609100341797,1.0269858837127686,0.4997450113296509,0.17819613218307495,-0.03192007169127464,0.5794479250907898
1708,36.12481689453125,1.014230728149414,0.5009100437164307,0.17821234464645386,-0.002320782747119665,0.5685039162635803
1709,36.14955520629883,1.0494225025177002,0.4995500147342682,0.17820432782173157,-0.025333859026432037,0.5790795087814331
1710,36.13861846923828,1.016375184059143,0.4994699954986572,0.17819488048553467,-0.006270821671932936,0.5639540553092957
1711,36.124366760253906,1.0358504056930542,0.502465009689331,0.17823880910873413,-0.018757646903395653,0.5697533488273621
1712,36.13026428222656,1.0086455345153809,0.49944502115249634,0.17822891473770142,0.006279160734266043,0.5688087940216064
1713,36.14495086669922,1.0190891027450562,0.5018500089645386,0.1782618910074234,0.029601216316223145,0.5810155272483826
1714,36.14187240600586,1.040535807609558,0.5007249712944031,0.17827481031417847,-0.019620858132839203,0.5866515040397644
1715,36.12821960449219,1.0436313152313232,0.5015049576759338,0.1783016324043274,0.0001403894420946017,0.5868173241615295
1716,36.153682708740234,1.0280497074127197,0.4985150098800659,0.17827515304088593,-0.011994940228760242,0.5692940354347229
1717,36.14677047729492,1.0216633081436157,0.4990750253200531,0.17825865745544434,-0.017820609733462334,0.5724906325340271
1718,36.134769439697266,1.021018624305725,0.49808499217033386,0.17822451889514923,-0.023990174755454063,0.5742723941802979
1719,36.14631652832031,1.018836498260498,0.499860018491745,0.17822201550006866,-0.02786015160381794,0.5769695043563843
1720,36.13795471191406,1.0243258476257324,0.5021800398826599,0.17826087772846222,-0.01817951537668705,0.5942021012306213
1721,36.145633697509766,1.022993564605713,0.5006250143051147,0.17827200889587402,-0.011851035058498383,0.5802380442619324
1722,36.12615966796875,1.0175575017929077,0.4996100068092346,0.1782650649547577,-0.02412404678761959,0.5810064077377319
1723,36.13396072387695,1.0248596668243408,0.502204954624176,0.17830437421798706,-0.030514292418956757,0.5760329365730286
1724,36.14429473876953,1.0257877111434937,0.4998150169849396,0.17830108106136322,-0.0043413639068603516,0.5770195126533508
1725,36.14125061035156,1.002725601196289,0.500499963760376,0.17830999195575714,-0.01315892394632101,0.5790259838104248
1726,36.13492965698242,1.0243909358978271,0.5002350211143494,0.1783141791820526,-0.012213361449539661,0.5864585638046265
1727,36.13628005981445,1.0265260934829712,0.4995349943637848,0.17830589413642883,-0.01247193943709135,0.5750350952148438
1728,36.157901763916016,1.0433459281921387,0.4987350106239319,0.17828334867954254,0.006790205370634794,0.57478928565979
1729,36.13597106933594,1.015267252922058,0.502934992313385,0.17833566665649414,-0.005930688232183456,0.573382556438446
1730,36.127288818359375,1.0302355289459229,0.4992400109767914,0.17832210659980774,-0.033965256065130234,0.5662291646003723
1731,36.1405143737793,1.02785325050354,0.49840500950813293,0.17829366028308868,-0.015983430668711662,0.5748469829559326
1732,36.1475944519043,1.0277061462402344,0.5015749931335449,0.1783217340707779,-0.0055852653458714485,0.5821777582168579
1733,36.12589645385742,1.0339586734771729,0.5009549856185913,0.17833876609802246,-0.022553104907274246,0.5872155427932739
1734,36.135162353515625,1.0312399864196777,0.502240002155304,0.17837871611118317,-0.002580221276730299,0.5775152444839478
1735,36.13759231567383,1.0202922821044922,0.49998000264167786,0.17837835848331451,-0.027541879564523697,0.5818055868148804
1736,36.149513244628906,1.0157231092453003,0.49581003189086914,0.17830361425876617,-0.01129211951047182,0.568138062953949
1737,36.13161849975586,1.0258846282958984,0.4990200102329254,0.1782861351966858,-0.018696285784244537,0.5702562928199768
1738,36.140586853027344,1.0281113386154175,0.5025399923324585,0.1783314198255539,-0.026027856394648552,0.567141056060791
1739,36.14189147949219,1.0346516370773315,0.5028800368309021,0.1783827841281891,-0.030394328758120537,0.5863579511642456
1740,36.13675308227539,1.0013185739517212,0.498089998960495,0.17834872007369995,-0.016919437795877457,0.5594392418861389
1741,36.134925842285156,1.013710856437683,0.5011900067329407,0.17836993932724,-0.025563932955265045,0.5704097151756287
1742,36.133792877197266,1.015085220336914,0.4979599714279175,0.17833355069160461,-0.03260165825486183,0.5620173215866089
1743,36.16170120239258,1.0214438438415527,0.49937501549720764,0.17832240462303162,-0.0171958114951849,0.564765989780426
1744,36.1267204284668,1.0198895931243896,0.5007750391960144,0.1783362179994583,-0.03039008565247059,0.5881508588790894
1745,36.132293701171875,1.0260791778564453,0.5017300248146057,0.17836706340312958,-0.03553372249007225,0.5869482755661011
1746,36.147918701171875,1.0209904909133911,0.4992850124835968,0.17835430800914764,-0.00046722032129764557,0.5778475403785706
1747,36.14119338989258,1.0074830055236816,0.5001300573348999,0.17835663259029388,-0.016643818467855453,0.575253427028656
1748,36.1217041015625,1.023091197013855,0.5019149780273438,0.17839078605175018,-0.010653231292963028,0.5978035926818848
1749,36.14474105834961,1.006883978843689,0.5000900030136108,0.17839239537715912,0.005885394290089607,0.5849315524101257
1750,36.15142822265625,1.0353730916976929,0.49921998381614685,0.17837847769260406,-0.014513340778648853,0.563093364238739
1751,36.132362365722656,1.007916808128357,0.5010550022125244,0.1783972978591919,-0.010325471870601177,0.5925594568252563
1752,36.12208557128906,1.037664532661438,0.5005450248718262,0.17840701341629028,-0.03510280326008797,0.5739648342132568
1753,36.14994812011719,1.0354653596878052,0.4994249939918518,0.17839674651622772,0.0049036662094295025,0.5751602053642273
1754,36.15410614013672,1.0317585468292236,0.4997450113296509,0.1783922016620636,-0.0017149830237030983,0.5779626369476318
1755,36.12849426269531,1.027358055114746,0.5018150210380554,0.17842459678649902,0.00023176480317488313,0.580497145652771
1756,36.136329650878906,1.0447393655776978,0.5006300210952759,0.17843583226203918,-0.017173411324620247,0.5768983364105225
1757,36.133060455322266,1.0079383850097656,0.5008100271224976,0.1784503012895584,-0.011247526854276657,0.5702279806137085
1758,36.13671112060547,1.0269380807876587,0.50034499168396,0.17845645546913147,-0.009194334037601948,0.5774431228637695
1759,36.12355041503906,1.0318763256072998,0.49952998757362366,0.17844806611537933,-0.016756581142544746,0.5764145851135254
1760,36.133697509765625,1.0136390924453735,0.49966999888420105,0.17844218015670776,-0.030100766569375992,0.5820571184158325
1761,36.156959533691406,1.0351357460021973,0.502810001373291,0.17849232256412506,-0.009028458036482334,0.575146496295929
1762,36.13594436645508,1.0168955326080322,0.4984149932861328,0.17846404016017914,-0.018333090469241142,0.5674946308135986
1763,36.1338005065918,1.031984806060791,0.49845001101493835,0.17843638360500336,-0.02475759945809841,0.572433590888977
1764,36.1368408203125,1.0006835460662842,0.4996449947357178,0.17843005061149597,-0.015045873820781708,0.5625422596931458
1765,36.161312103271484,1.030979871749878,0.49990999698638916,0.17842844128608704,-0.018546704202890396,0.5723270773887634
1766,36.140113830566406,1.0237594842910767,0.5005350112915039,0.1784379929304123,-0.006814692635089159,0.5673734545707703
1767,36.13166809082031,1.0291593074798584,0.4997900128364563,0.17843425273895264,-0.005804281681776047,0.5870992541313171
1768,36.14496612548828,1.0276925563812256,0.49729999899864197,0.17838607728481293,-0.018359536305069923,0.5551252365112305
1769,36.142024993896484,1.0090961456298828,0.5032299757003784,0.17844370007514954,-0.0020803147926926613,0.5781187415122986
1770,36.1361083984375,1.0343466997146606,0.5002049803733826,0.17844736576080322,-0.025662334635853767,0.5761419534683228
1771,36.12384033203125,1.0008667707443237,0.5023149847984314,0.17848867177963257,0.004956994205713272,0.5690800547599792
1772,36.13874435424805,1.0047369003295898,0.4993150234222412,0.1784764528274536,-0.014234080910682678,0.5860730409622192
1773,36.14589309692383,1.0156936645507812,0.4979749917984009,0.17844031751155853,-0.018834032118320465,0.5587038397789001
1774,36.12410354614258,1.0203803777694702,0.4965600073337555,0.17837893962860107,-0.012080271728336811,0.566419243812561
1775,36.14455032348633,1.0126594305038452,0.4998449981212616,0.17837616801261902,-0.006999889854341745,0.5656824707984924
1776,36.149147033691406,1.022145390510559,0.5011900067329407,0.17839738726615906,-0.026677949354052544,0.5678175091743469
1777,36.14404296875,1.0329655408859253,0.5004500150680542,0.17840541899204254,0.018332969397306442,0.585533618927002
1778,36.1398811340332,1.0182150602340698,0.4975600242614746,0.17836187779903412,-0.014528969302773476,0.5690752267837524
1779,36.14417266845703,1.0173629522323608,0.5015700459480286,0.17838987708091736,-0.008687370456755161,0.584134042263031
1780,36.144718170166016,1.0065118074417114,0.5020350217819214,0.17842617630958557,-0.005251515656709671,0.5733542442321777
1781,36.12912368774414,1.005510926246643,0.4983050227165222,0.17839592695236206,-0.03512768819928169,0.5660349726676941
1782,36.135475158691406,1.0127190351486206,0.4982700049877167,0.1783650666475296,-0.01748427376151085,0.5873515009880066
1783,36.13609313964844,1.0066903829574585,0.498089998960495,0.17833100259304047,-0.01653154380619526,0.579010546207428
1784,36.13018798828125,1.0066070556640625,0.4995799958705902,0.17832350730895996,-0.028754420578479767,0.558160126209259
1785,36.1336669921875,1.0188584327697754,0.4999599754810333,0.17832279205322266,-0.025268904864788055,0.5772491097450256
1786,36.1416015625,1.0123687982559204,0.5003200173377991,0.1783284842967987,-0.011552823707461357,0.581235945224762
1787,36.158905029296875,1.0270112752914429,0.5007950067520142,0.17834267020225525,0.003850346663966775,0.5663105249404907
1788,36.129791259765625,1.0200414657592773,0.49965500831604004,0.1783365160226822,-0.003440011292695999,0.5783879160881042
1789,36.147705078125,1.00965416431427,0.4986650049686432,0.17831270396709442,-0.023364033550024033,0.5677234530448914
1790,36.13752365112305,1.0073167085647583,0.5012350082397461,0.17833472788333893,-0.021879548206925392,0.5740583539009094
1791,36.13359451293945,1.0093867778778076,0.5014399886131287,0.17836040258407593,-0.027088837698101997,0.5886718034744263
1792,36.1484375,1.0159010887145996,0.5013949871063232,0.17838527262210846,-0.014905467629432678,0.5563216209411621
1793,36.14278030395508,1.003706932067871,0.4985249936580658,0.17835895717144012,-0.011209703050553799,0.5808361172676086
1794,36.13713836669922,1.0319390296936035,0.49893999099731445,0.17834006249904633,-0.019139353185892105,0.5703772902488708
1795,36.14223098754883,1.0015021562576294,0.5021300315856934,0.17837806046009064,0.003741973079741001,0.5667420625686646
1796,36.14206314086914,1.019163966178894,0.4980649948120117,0.17834354937076569,-0.02537604048848152,0.5795313119888306
1797,36.13095474243164,1.0159780979156494,0.4983600080013275,0.17831431329250336,-0.021289456635713577,0.5728561282157898
1798,36.14133834838867,1.0411587953567505,0.49679499864578247,0.17825716733932495,-0.032094161957502365,0.5721268057823181
1799,36.1510124206543,1.0175423622131348,0.5014150142669678,0.17828239500522614,-0.0166796687990427,0.590731143951416
1800,36.14331817626953,1.0232207775115967,0.5023350119590759,0.17832402884960175,-0.021376073360443115,0.5885698199272156
1801,36.12863540649414,1.0124989748001099,0.5014100074768066,0.17834918200969696,-0.02081957831978798,0.5920170545578003
1802,36.146568298339844,1.0318504571914673,0.4999600350856781,0.17834846675395966,-0.0027285220567137003,0.5565122365951538
1803,36.14237594604492,1.0288065671920776,0.5006950497627258,0.17836086452007294,0.0011503520654514432,0.577191174030304
1804,36.143917083740234,1.022689700126648,0.5017500519752502,0.17839208245277405,-0.009263783693313599,0.5849958062171936
1805,36.130271911621094,1.0066405534744263,0.4999300241470337,0.17839084565639496,-0.0048582726158201694,0.5880568027496338
1806,36.13523483276367,1.0080593824386597,0.5016199946403503,0.17841973900794983,-0.005573584232479334,0.5806527137756348
1807,36.14235305786133,1.0094938278198242,0.496910035610199,0.1783646047115326,0.007356522139161825,0.5599108338356018
1808,36.14750671386719,1.021055817604065,0.4973900020122528,0.178318053483963,-0.005116199608892202,0.5666614174842834
1809,36.12274932861328,1.0424063205718994,0.5017099976539612,0.17834854125976562,-0.011751891113817692,0.5780022144317627
1810,36.14598083496094,1.0148286819458008,0.4978800117969513,0.17831072211265564,-0.033669911324977875,0.5669085383415222
1811,36.16774368286133,1.0535829067230225,0.4985499978065491,0.17828486859798431,-0.013185376301407814,0.5605807900428772
1812,36.1347541809082,1.03568696975708,0.4996800124645233,0.17827916145324707,-0.02791590988636017,0.5741382837295532
1813,36.13105392456055,1.0423178672790527,0.5005600452423096,0.17828914523124695,-0.017703566700220108,0.5886332988739014
1814,36.14297866821289,1.0041779279708862,0.49699002504348755,0.1782354861497879,-0.006781863514333963,0.5674741864204407
1815,36.150108337402344,1.015802264213562,0.49796998500823975,0.17819930613040924,-0.022744961082935333,0.5590688586235046
1816,36.12535095214844,1.0316193103790283,0.49755001068115234,0.17815564572811127,-0.02839840017259121,0.5877017378807068
1817,36.13209533691406,1.019274353981018,0.4990749955177307,0.17813916504383087,-0.007486764341592789,0.5692455768585205
1818,36.15455627441406,1.035423994064331,0.49863001704216003,0.17811477184295654,-0.014421464875340462,0.557877242565155
1819,36.13644790649414,1.0328007936477661,0.5006700158119202,0.17812670767307281,-0.05208845064043999,0.5792094469070435
1820,36.12448501586914,1.0104904174804688,0.5009599924087524,0.17814379930496216,-0.009895438328385353,0.576819658279419
1821,36.14577865600586,1.023771047592163,0.5,0.17814379930496216,-0.014686528593301773,0.5734348297119141
1822,36.14266586303711,1.0345128774642944,0.5007500052452087,0.17815715074539185,-0.04039917141199112,0.5748621821403503
1823,36.13502502441406,1.0414130687713623,0.4992149770259857,0.17814315855503082,-0.02640778012573719,0.5873072147369385
1824,36.12990951538086,0.9991893768310547,0.5002650022506714,0.17814786732196808,-0.01266949251294136,0.5770270824432373
1825,36.134769439697266,1.0109001398086548,0.5012649893760681,0.17817039787769318,-0.0062871333211660385,0.578936755657196
1826,36.12742233276367,0.9970144033432007,0.4967849850654602,0.17811311781406403,-0.001000233693048358,0.585800051689148
1827,36.14091491699219,1.0146681070327759,0.4984600245952606,0.17808568477630615,-0.022967221215367317,0.5762882828712463
1828,36.13554000854492,1.0097377300262451,0.4992299973964691,0.1780719757080078,-0.019708139821887016,0.5812917351722717
1829,36.14375686645508,1.0145776271820068,0.50239497423172,0.1781146228313446,-0.02273404225707054,0.5690357089042664
1830,36.13232421875,1.0170947313308716,0.5002899765968323,0.17811977863311768,-0.00928103644400835,0.5799456834793091
1831,36.14689254760742,1.0278239250183105,0.5008100271224976,0.17813421785831451,-0.026697637513279915,0.5671415328979492
1832,36.14779281616211,1.0007847547531128,0.49987998604774475,0.1781320869922638,-0.0029519235249608755,0.5705318450927734
1833,36.14435958862305,1.0043126344680786,0.49996498227119446,0.17813146114349365,-0.0035386374220252037,0.5839047431945801
1834,36.13478469848633,1.0092943906784058,0.5030550360679626,0.17818588018417358,-0.014002546668052673,0.5769590139389038
1835,36.143310546875,1.0078256130218506,0.5020099878311157,0.1782216876745224,-0.020988984033465385,0.5759631991386414
1836,36.15098571777344,1.0072211027145386,0.5003600120544434,0.17822811007499695,-0.015865705907344818,0.564771294593811
1837,36.14789962768555,1.0144939422607422,0.4973899722099304,0.17818158864974976,-0.004834331572055817,0.5791741609573364
1838,36.13783645629883,1.00319504737854,0.4992400109767914,0.17816804349422455,-0.014573806896805763,0.5752609968185425
1839,36.15239334106445,1.0164713859558105,0.4983999729156494,0.17813953757286072,0.005317318253219128,0.5775195360183716
1840,36.137699127197266,1.0175387859344482,0.5022950172424316,0.17818041145801544,0.008497855626046658,0.5813493132591248
1841,36.13241958618164,1.0048614740371704,0.5018050074577332,0.17821256816387177,-0.011805584654211998,0.5800222158432007
1842,36.13239288330078,0.9963683485984802,0.49966999888420105,0.1782066822052002,-0.0048379539512097836,0.5767503976821899
1843,36.139892578125,1.0079339742660522,0.5003350377082825,0.17821265757083893,-0.008927655406296253,0.5663411021232605
1844,36.13605499267578,1.0035839080810547,0.5015699863433838,0.17824064195156097,-0.007193219382315874,0.5965989828109741
1845,36.12782287597656,1.0203102827072144,0.5015250444412231,0.17826782166957855,-0.01782674714922905,0.5811823606491089
1846,36.138370513916016,1.007187008857727,0.4974350333213806,0.17822210490703583,-0.024883251637220383,0.5618934035301208
1847,36.151954650878906,1.019672155380249,0.5005899667739868,0.17823262512683868,-0.011189904063940048,0.5644288063049316
1848,36.135292053222656,1.0223506689071655,0.4986250102519989,0.1782081127166748,-0.01966000534594059,0.5556716322898865
1849,36.13203048706055,1.0132607221603394,0.5011900067329407,0.17822931706905365,0.005020481068640947,0.5659701824188232
1850,36.14570617675781,1.0037237405776978,0.5010499954223633,0.17824803292751312,-0.02096511982381344,0.5805289149284363
1851,36.13386154174805,1.011948585510254,0.4978349804878235,0.17820943892002106,-0.024818189442157745,0.5807682275772095
1852,36.126312255859375,1.0065189599990845,0.49826499819755554,0.17817851901054382,-0.0029368039686232805,0.5815690755844116
1853,36.13813781738281,1.001765251159668,0.4995550215244293,0.1781705915927887,-0.005460069980472326,0.577568769454956
1854,36.1385383605957,1.014072060585022,0.4997050166130066,0.17816533148288727,-0.006765240803360939,0.6042736768722534
1855,36.12533950805664,1.0043522119522095,0.5025849938392639,0.17821137607097626,-0.03007638268172741,0.5865304470062256
1856,36.14728546142578,1.028078556060791,0.5037800073623657,0.17827874422073364,-0.012813241221010685,0.5573874115943909
1857,36.14046859741211,1.0063834190368652,0.5005249977111816,0.17828810214996338,-0.014870272018015385,0.5861261487007141
1858,36.13343048095703,1.0080915689468384,0.5019199848175049,0.17832234501838684,-0.01825270988047123,0.583211362361908
1859,36.127723693847656,1.0192387104034424,0.49974000453948975,0.17831771075725555,-0.01893426664173603,0.5789336562156677
1860,36.15521240234375,1.018053412437439,0.5018399953842163,0.1783505380153656,-0.005873063579201698,0.5637695789337158
1861,36.137657165527344,1.0127017498016357,0.4996050000190735,0.1783434897661209,-0.008269929327070713,0.5931078195571899
1862,36.124698638916016,1.022890567779541,0.49895501136779785,0.1783248484134674,-0.014343307353556156,0.5730931758880615
1863,36.1248779296875,1.0247331857681274,0.49959999322891235,0.17831771075725555,-0.021048299968242645,0.5962904095649719
1864,36.16231155395508,1.0276919603347778,0.500220000743866,0.17832164466381073,0.005559736862778664,0.5652661919593811
1865,36.1485710144043,1.0132546424865723,0.49962499737739563,0.1783149540424347,-0.009731762111186981,0.5830720663070679
1866,36.136287689208984,1.0312252044677734,0.5014699697494507,0.17834116518497467,-0.03488036245107651,0.5556610226631165
1867,36.133384704589844,1.0141812562942505,0.5028700232505798,0.17839236557483673,0.004908861592411995,0.582625687122345
1868,36.170265197753906,1.041722059249878,0.49791499972343445,0.1783551722764969,-0.01905323565006256,0.5577499866485596
1869,36.11871337890625,1.0025861263275146,0.5005900263786316,0.17836569249629974,-0.01677505113184452,0.5733732581138611
1870,36.13585662841797,1.0167186260223389,0.5012850165367126,0.17838861048221588,-0.026708343997597694,0.5833542346954346
1871,36.150718688964844,1.0099830627441406,0.501645028591156,0.17841795086860657,-0.02806304208934307,0.5730302333831787
1872,36.14150619506836,1.0064036846160889,0.4996950030326843,0.1784125119447708,-0.0124570457264781,0.5609056949615479
1873,36.137611389160156,1.0247451066970825,0.4996599853038788,0.17840644717216492,-0.01047452725470066,0.5843100547790527
1874,36.12759017944336,1.0068360567092896,0.4993550181388855,0.17839494347572327,0.004392074886709452,0.5697981715202332
1875,36.14992141723633,1.0211167335510254,0.4982450008392334,0.178363636136055,-0.00015133667329791933,0.5635339021682739
1876,36.14512634277344,1.0189359188079834,0.5006099939346313,0.1783745288848877,-0.011259105987846851,0.5812875628471375
1877,36.11831283569336,1.0372306108474731,0.4971050024032593,0.178322896361351,-0.025663072243332863,0.5848438143730164
1878,36.139793395996094,1.0081013441085815,0.5009649991989136,0.1783401221036911,-0.008357752114534378,0.5587743520736694
1879,36.154727935791016,1.0159549713134766,0.49942001700401306,0.17832978069782257,-0.030264416709542274,0.5718125700950623
1880,36.126373291015625,1.0122047662734985,0.5023099780082703,0.17837098240852356,-0.01787218637764454,0.5889887809753418
1881,36.11765670776367,1.0337200164794922,0.4989999830722809,0.17835314571857452,-0.024793855845928192,0.5901597142219543
1882,36.143470764160156,1.0196565389633179,0.49923500418663025,0.17833951115608215,0.00251205381937325,0.5716162323951721
1883,36.14265441894531,1.0091145038604736,0.5022300481796265,0.17837928235530853,-0.038251325488090515,0.5695891380310059
1884,36.12059783935547,1.0107693672180176,0.5025449991226196,0.1784246861934662,-0.025028366595506668,0.5842973589897156
1885,36.1263542175293,1.0339369773864746,0.4976649880409241,0.1783830225467682,-0.005705920979380608,0.5855705142021179
1886,36.15804672241211,1.019375205039978,0.5011799931526184,0.1784040778875351,-0.019083580002188683,0.5829094648361206
1887,36.136817932128906,1.000413179397583,0.5015400052070618,0.17843155562877655,-0.02271828055381775,0.5928216576576233
1888,36.125022888183594,1.023980736732483,0.5038949847221375,0.17850103974342346,-0.019330646842718124,0.5860472321510315
1889,36.156375885009766,1.0286365747451782,0.49814000725746155,0.17846783995628357,-0.0098543306812644,0.5808774828910828
1890,36.134803771972656,1.0041539669036865,0.4977850019931793,0.1784283071756363,-0.01769111678004265,0.5813873410224915
1891,36.1379280090332,0.9987430572509766,0.49989500641822815,0.17842642962932587,-0.001188509981147945,0.5973691940307617
1892,36.130393981933594,1.0085678100585938,0.5017250180244446,0.17845720052719116,-0.009406432509422302,0.578616201877594
1893,36.136505126953125,1.0036895275115967,0.5004250407218933,0.17846480011940002,-0.004328783135861158,0.571444571018219
1894,36.13991165161133,1.0162049531936646,0.4978249967098236,0.17842598259449005,-0.00633471691980958,0.5882211923599243
1895,36.142826080322266,1.018754005432129,0.4975299835205078,0.17838190495967865,-0.004759323783218861,0.5762205719947815
1896,36.13601303100586,1.0102839469909668,0.49834999442100525,0.1783524751663208,-0.014034164138138294,0.5717943906784058
1897,36.15241622924805,1.0192159414291382,0.4972650408744812,0.17830370366573334,-0.005428495816886425,0.5636886358261108
1898,36.136592864990234,1.0101088285446167,0.49976998567581177,0.17829960584640503,-0.011613408103585243,0.5688173174858093
1899,36.1306037902832,0.9956627488136292,0.498740017414093,0.1782771348953247,-0.010100788436830044,0.5860846042633057
1900,36.14592361450195,1.014453411102295,0.5003349781036377,0.17828311026096344,0.009305953979492188,0.5604855418205261
1901,36.13833236694336,1.0171637535095215,0.4993650019168854,0.1782718002796173,-0.0049727060832083225,0.595894992351532
1902,36.14699172973633,1.0238068103790283,0.5018849968910217,0.17830540239810944,-0.03012947179377079,0.581718921661377
1903,36.14872360229492,1.0125980377197266,0.5010300278663635,0.17832376062870026,-0.03719058260321617,0.5799227952957153
1904,36.13120651245117,1.0095102787017822,0.4986000061035156,0.17829878628253937,-0.010356787592172623,0.5788615942001343
1905,36.143218994140625,1.0156599283218384,0.498119980096817,0.1782652735710144,-0.02286425419151783,0.5784751176834106
1906,36.13496398925781,1.0130060911178589,0.49881502985954285,0.17824414372444153,0.001084702555090189,0.5795606970787048
1907,36.14632034301758,1.01858651638031,0.5009949803352356,0.1782618910074234,0.0007411804399453104,0.5749695897102356
1908,36.14351272583008,0.9990048408508301,0.5003800392150879,0.1782686710357666,-0.00540316803380847,0.5731756091117859
1909,36.141544342041016,1.0055378675460815,0.499239981174469,0.1782551258802414,2.9685976187465712e-05,0.5800299644470215
1910,36.131412506103516,1.0167901515960693,0.5002099871635437,0.17825886607170105,-0.01992938108742237,0.5775420069694519
1911,36.138427734375,1.0085475444793701,0.5029500126838684,0.17831146717071533,-0.023418094962835312,0.5663037300109863
1912,36.143402099609375,0.9955137372016907,0.5021250247955322,0.1783493608236313,-0.003876245580613613,0.5789880752563477
1913,36.147560119628906,1.0065566301345825,0.5011500120162964,0.17836987972259521,-0.0007242417777888477,0.5701311826705933
1914,36.12681579589844,1.0183885097503662,0.5026299953460693,0.17841678857803345,-0.02191995643079281,0.591126024723053
1915,36.13036346435547,1.0001463890075684,0.4994400143623352,0.17840678989887238,-0.02749776653945446,0.557644784450531
1916,36.14509201049805,1.0086946487426758,0.4990200102329254,0.178389310836792,-0.015039411373436451,0.5893290638923645
1917,36.13046646118164,0.998047947883606,0.5009049773216248,0.17840544879436493,-0.004310882184654474,0.5653208494186401
1918,36.133419036865234,1.0028334856033325,0.5014599561691284,0.17843149602413177,-0.02490943856537342,0.5893029570579529
1919,36.13680648803711,0.99073725938797,0.5010900497436523,0.17845094203948975,0.0025984530802816153,0.590006411075592
1920,36.14742660522461,1.0264708995819092,0.49880000948905945,0.1784295290708542,-0.02466549724340439,0.5652729272842407
1921,36.12786865234375,1.0074188709259033,0.500855028629303,0.1784447729587555,-0.008870480582118034,0.5846916437149048
1922,36.14844512939453,1.0219193696975708,0.4996749758720398,0.1784389764070511,-0.008074117824435234,0.5897307395935059
1923,36.13302230834961,0.9999980330467224,0.5001300573348999,0.17844130098819733,-0.019290970638394356,0.5689584016799927
1924,36.13602066040039,1.0028719902038574,0.5004900097846985,0.17845004796981812,-0.005484091117978096,0.5741420984268188
1925,36.14823532104492,1.0277513265609741,0.5011399984359741,0.17847038805484772,-0.012398014776408672,0.5935749411582947
1926,36.130672454833984,0.9967166781425476,0.5018200278282166,0.1785028725862503,-0.01952706277370453,0.5793409943580627
1927,36.13489532470703,0.9829899072647095,0.4991399645805359,0.17848752439022064,-0.03206169232726097,0.5693699717521667
1928,36.150394439697266,1.0239672660827637,0.49998000264167786,0.178487166762352,0.0196467787027359,0.5610908269882202
1929,36.133384704589844,1.0234174728393555,0.497810035943985,0.17844808101654053,-0.004047782626003027,0.5671892762184143
1930,36.13349914550781,1.0078099966049194,0.499004989862442,0.17843033373355865,-0.035025835037231445,0.5801685452461243
1931,36.162689208984375,1.0254522562026978,0.498989999294281,0.1784123182296753,-0.0005645403871312737,0.5591830611228943
1932,36.13837432861328,1.0075502395629883,0.5019400119781494,0.1784469187259674,-0.004335759207606316,0.5823571085929871
1933,36.125953674316406,1.0041992664337158,0.4985499978065491,0.1784210354089737,-0.02180192992091179,0.5797085762023926
1934,36.14479446411133,1.0106110572814941,0.4974850118160248,0.17837616801261902,-0.03356218338012695,0.580331563949585
1935,36.138736724853516,1.0014946460723877,0.499004989862442,0.17835842072963715,-0.027402212843298912,0.5593329071998596
1936,36.127017974853516,1.0084418058395386,0.49841001629829407,0.17833006381988525,-0.006320158485323191,0.5803720951080322
1937,36.127601623535156,1.0050618648529053,0.5009000301361084,0.17834611237049103,-0.014927741140127182,0.5630340576171875
1938,36.15537643432617,1.0111764669418335,0.4997900128364563,0.17834237217903137,-0.006793796084821224,0.5587723255157471
1939,36.145606994628906,1.015225887298584,0.5014100074768066,0.1783675253391266,-0.009611842222511768,0.5833457112312317
1940,36.14155578613281,1.0186281204223633,0.4988350570201874,0.17834675312042236,-0.008761829696595669,0.5548033714294434
1941,36.140830993652344,1.0061862468719482,0.49992501735687256,0.17834541201591492,-0.0054175532422959805,0.5638495087623596
1942,36.15130615234375,1.0324864387512207,0.4986650049686432,0.17832159996032715,-0.0048178257420659065,0.5578194856643677
1943,36.1521110534668,1.0330791473388672,0.4988049864768982,0.17830029129981995,-0.03921475261449814,0.573829710483551
1944,36.13424301147461,1.0062909126281738,0.4996950328350067,0.1782948523759842,-0.008339564315974712,0.5748770236968994
1945,36.13287353515625,0.9993652701377869,0.4986250102519989,0.1782703399658203,-0.035570982843637466,0.5786720514297485
1946,36.15288162231445,1.0204601287841797,0.49811500310897827,0.17823673784732819,-0.011021061800420284,0.5705201625823975
1947,36.13780975341797,1.028664469718933,0.50177001953125,0.17826828360557556,-0.01622423529624939,0.5681195259094238
1948,36.12787628173828,1.0259971618652344,0.4988250136375427,0.1782473474740982,-0.007858706638216972,0.5690010190010071
1949,36.1541748046875,1.02046799659729,0.4996599853038788,0.1782412976026535,-0.0033707749098539352,0.5787261128425598
1950,36.13796615600586,1.0144952535629272,0.5009050369262695,0.17825742065906525,-0.019595438614487648,0.5924996733665466
1951,36.119285583496094,1.0408915281295776,0.5018849968910217,0.17829102277755737,-0.023425202816724777,0.575100839138031
1952,36.1401252746582,1.0110348463058472,0.5002050399780273,0.17829467356204987,-0.007259352132678032,0.5648288130760193
1953,36.1555061340332,1.0333393812179565,0.5005449652671814,0.17830438911914825,0.0007564687984995544,0.5716930627822876
1954,36.11375427246094,1.045711874961853,0.4978800415992737,0.17826658487319946,-0.024962784722447395,0.5729245543479919
1955,36.12691879272461,0.9868160486221313,0.501010000705719,0.17828458547592163,-0.013366234488785267,0.58638596534729
1956,36.149925231933594,1.0407586097717285,0.5008300542831421,0.17829938232898712,-0.03142036870121956,0.5832281112670898
1957,36.13530731201172,1.0154227018356323,0.4994399845600128,0.17828939855098724,-0.01639532297849655,0.571535050868988
1958,36.116825103759766,1.0090477466583252,0.5021400451660156,0.1783275455236435,-0.022367971017956734,0.5783820748329163
1959,36.14723205566406,1.0329172611236572,0.502310037612915,0.17836874723434448,-0.002163616241887212,0.5815902948379517
1960,36.130859375,0.9959648847579956,0.5033999681472778,0.17842939496040344,-0.0333394818007946,0.5664854049682617
1961,36.1175651550293,1.0076904296875,0.5012549757957458,0.1784517914056778,-0.02681145630776882,0.5789361596107483
1962,36.14382553100586,1.0180199146270752,0.500124990940094,0.17845402657985687,-0.018621409311890602,0.5782034397125244
1963,36.1277961730957,0.9998328685760498,0.49729499220848083,0.17840576171875,-0.02066369168460369,0.5657135248184204
1964,36.1262321472168,1.0156365633010864,0.5005499720573425,0.17841556668281555,-0.014791115187108517,0.5751011967658997
1965,36.13764953613281,1.0107516050338745,0.4997200071811676,0.1784105747938156,-0.03572891280055046,0.581922709941864
1966,36.150325775146484,1.0053735971450806,0.4988200068473816,0.1783895194530487,-0.013272276148200035,0.5659622550010681
1967,36.12260437011719,0.9972515106201172,0.4980649948120117,0.17835500836372375,0.0025137329939752817,0.5730913281440735
1968,36.145931243896484,1.0052618980407715,0.4992000460624695,0.17834074795246124,-0.006549085024744272,0.5640005469322205
1969,36.149879455566406,1.0129646062850952,0.5000099539756775,0.17834091186523438,-0.000934242270886898,0.5499265193939209
1970,36.13496017456055,0.9912309646606445,0.4987500309944153,0.17831861972808838,-0.01976459100842476,0.5658314824104309
1971,36.14395523071289,0.9984553456306458,0.496969997882843,0.1782645881175995,-0.029264885932207108,0.5647466778755188
1972,36.14284896850586,1.0157270431518555,0.5003899931907654,0.17827153205871582,-0.003063429845497012,0.5813397169113159
1973,36.1358642578125,1.0054172277450562,0.49869003891944885,0.17824818193912506,-0.01498373318463564,0.5536510348320007
1974,36.143798828125,1.0206893682479858,0.504135012626648,0.17832189798355103,-0.012197306379675865,0.5772085785865784
1975,36.134525299072266,0.987802267074585,0.4991200268268585,0.1783062070608139,-0.008725626394152641,0.5817009210586548
1976,36.13632583618164,0.9967882633209229,0.5024049878120422,0.1783490777015686,-0.013830979354679585,0.5818907022476196
1977,36.145652770996094,0.9971643090248108,0.5008000135421753,0.17836333811283112,-0.021532833576202393,0.5718730688095093
1978,36.14366912841797,1.0067614316940308,0.5010149478912354,0.17838142812252045,0.010464039631187916,0.5650358200073242
1979,36.14432907104492,0.997043251991272,0.49994999170303345,0.17838053405284882,0.0034227033611387014,0.5515446662902832
1980,36.15177917480469,1.0026217699050903,0.4997900128364563,0.17837679386138916,0.0022177300415933132,0.5727465152740479
1981,36.126827239990234,1.0120733976364136,0.5022249817848206,0.17841647565364838,-0.03903070092201233,0.5649587512016296
1982,36.13371658325195,0.9906296133995056,0.49865999817848206,0.17839257419109344,-0.005766182206571102,0.5838139057159424
1983,36.14952850341797,1.001313328742981,0.5001050233840942,0.17839445173740387,-0.013064420782029629,0.5787328481674194
1984,36.142818450927734,1.0103200674057007,0.5018349885940552,0.17842717468738556,-0.000998918549157679,0.5704110264778137
1985,36.12284469604492,1.0204566717147827,0.5002400279045105,0.1784314513206482,-0.01709473319351673,0.565636396408081
1986,36.14570236206055,1.0117253065109253,0.497994989156723,0.17839567363262177,-0.005173917859792709,0.5639194846153259
1987,36.15106201171875,1.0247437953948975,0.4991399943828583,0.1783803254365921,-0.01997111551463604,0.5654075741767883
1988,36.15146255493164,1.0225841999053955,0.4981299638748169,0.17834697663784027,-0.020708516240119934,0.5635268688201904
1989,36.131736755371094,1.0078643560409546,0.5030449628829956,0.17840127646923065,-0.017752543091773987,0.5679980516433716
1990,36.128902435302734,0.9953423738479614,0.4986400306224823,0.17837701737880707,-0.009142749011516571,0.5742843747138977
1991,36.15410614013672,1.0132193565368652,0.500819981098175,0.17839165031909943,-0.0053972820751369,0.5809869170188904
1992,36.12572479248047,0.9881468415260315,0.49869999289512634,0.1783684641122818,-0.01856652833521366,0.5718767046928406
1993,36.1314811706543,1.0045145750045776,0.5021750330924988,0.17840726673603058,-0.00885445810854435,0.5946717858314514
1994,36.136192321777344,0.9939510822296143,0.5015349984169006,0.17843465507030487,-0.0003560648183338344,0.5720382332801819
1995,36.15428161621094,1.0031307935714722,0.497810035943985,0.1783955842256546,-0.002686544554308057,0.5746685862541199
1996,36.14004898071289,1.0106486082077026,0.4990450441837311,0.17837855219841003,-0.00607953080907464,0.5752069354057312
1997,36.13933181762695,1.0123933553695679,0.5000649690628052,0.17837969958782196,-0.020822374150156975,0.599977970123291
1998,36.157936096191406,1.0063199996948242,0.49876999855041504,0.17835775017738342,0.0014969182666391134,0.5723055005073547
1999,36.137969970703125,0.9921972751617432,0.5007200241088867,0.17837059497833252,0.004217252135276794,0.5807358622550964
2000,36.13048553466797,0.998374879360199,0.5006450414657593,0.17838209867477417,-0.017234722152352333,0.5828512907028198
2001,36.14217758178711,1.0178841352462769,0.4988349974155426,0.17836131155490875,-0.023442037403583527,0.5766112804412842
2002,36.14128112792969,1.00102961063385,0.4994399845600128,0.17835131287574768,-0.0024355039931833744,0.5709614157676697
2003,36.138057708740234,1.0004479885101318,0.4993550181388855,0.17833980917930603,-0.020495610311627388,0.5736271142959595
2004,36.15339279174805,1.0220850706100464,0.5013400316238403,0.17836371064186096,-0.018676837906241417,0.5830054879188538
2005,36.13536071777344,1.0045312643051147,0.5002899765968323,0.17836888134479523,0.004303649999201298,0.5781118869781494
2006,36.13926696777344,1.01673424243927,0.4987499713897705,0.17834658920764923,-0.010998266749083996,0.5636472702026367
2007,36.130245208740234,1.0018905401229858,0.5008949637413025,0.17836256325244904,0.01269575022161007,0.5745121836662292
2008,36.14493179321289,1.002669095993042,0.5025950074195862,0.17840884625911713,-0.00021320344239939004,0.5942121148109436
2009,36.13941955566406,0.9959731101989746,0.5028499960899353,0.17845970392227173,-0.018441343680024147,0.5829501152038574
2010,36.13324737548828,1.0129209756851196,0.5003049969673157,0.17846514284610748,-0.010976817458868027,0.5801689624786377
2011,36.1388053894043,1.0020151138305664,0.4990900158882141,0.1784489005804062,-0.01392795704305172,0.5703790187835693
2012,36.152591705322266,1.0167587995529175,0.49882999062538147,0.1784280240535736,-0.02418038249015808,0.5550201535224915
2013,36.13799285888672,1.008717656135559,0.49898502230644226,0.17840991914272308,-0.02190685085952282,0.570749819278717
2014,36.133460998535156,0.9998527765274048,0.5016499757766724,0.17843934893608093,-0.0005018148804083467,0.5672069191932678
2015,36.131370544433594,0.9938225150108337,0.5025649666786194,0.17848512530326843,-0.012066135182976723,0.5784451365470886
2016,36.15332794189453,1.0323283672332764,0.4982050061225891,0.17845308780670166,-0.015493706800043583,0.573428750038147
2017,36.122528076171875,0.9924680590629578,0.4980050325393677,0.17841748893260956,-0.02524164505302906,0.5597957372665405
2018,36.129703521728516,0.9919896721839905,0.5000799894332886,0.17841891944408417,-0.009523280896246433,0.5560107827186584
2019,36.140419006347656,0.989524781703949,0.5028900504112244,0.17847047746181488,-0.0067553166300058365,0.590057373046875
2020,36.14412307739258,1.013192057609558,0.5000550150871277,0.17847146093845367,-0.02246774360537529,0.5772226452827454
2021,36.134300231933594,0.984228253364563,0.5000550150871277,0.17847244441509247,-0.014637873508036137,0.5788050889968872
2022,36.142635345458984,1.0067386627197266,0.49862003326416016,0.17844781279563904,-0.014763041399419308,0.5686739683151245
2023,36.151031494140625,0.9929429888725281,0.4990149736404419,0.1784302294254303,-0.025465862825512886,0.5744728446006775
2024,36.14772033691406,1.0047307014465332,0.4987500309944153,0.1784079223871231,-0.011021347716450691,0.5585857629776001
2025,36.13686752319336,1.000231385231018,0.4988050162792206,0.1783865988254547,-0.010296915657818317,0.5766962766647339
2026,36.144081115722656,1.0089569091796875,0.5023350119590759,0.1784282624721527,-0.007267280947417021,0.5773192644119263
2027,36.13806915283203,0.9854676127433777,0.5000849962234497,0.1784297674894333,0.009113382548093796,0.5936773419380188
2028,36.1336555480957,0.9982160925865173,0.4997449815273285,0.17842522263526917,-0.009839450009167194,0.5933095812797546
2029,36.145050048828125,1.0234184265136719,0.5017000436782837,0.17845554649829865,-0.009342852048575878,0.5814776420593262
2030,36.138153076171875,0.9968243837356567,0.5001000165939331,0.1784573346376419,-0.013989371247589588,0.5792321562767029
2031,36.16379928588867,1.0212260484695435,0.5000699758529663,0.1784585863351822,-0.00431529525667429,0.5761438012123108
2032,36.1306266784668,1.002826452255249,0.49836498498916626,0.17842940986156464,-0.004155256319791079,0.594391405582428
2033,36.133304595947266,0.997372031211853,0.4988250136375427,0.1784084439277649,-0.029934270307421684,0.5739775896072388
2034,36.14906311035156,1.007408618927002,0.5031049847602844,0.17846384644508362,-0.012228897772729397,0.5665856599807739
2035,36.144493103027344,1.0109200477600098,0.5008699893951416,0.1784793734550476,-0.015007240697741508,0.5891856551170349
2036,36.136268615722656,0.9952422380447388,0.49656999111175537,0.1784181445837021,-0.01314506959170103,0.5763880014419556
2037,36.141239166259766,0.9938424229621887,0.496830016374588,0.17836159467697144,-0.005490800831466913,0.575011134147644
2038,36.136260986328125,0.9872872829437256,0.49946001172065735,0.1783519685268402,-0.02187953144311905,0.5830646753311157
2039,36.152687072753906,1.0036641359329224,0.49945002794265747,0.17834216356277466,-0.042007312178611755,0.5676791667938232
2040,36.15349197387695,1.0266649723052979,0.49916499853134155,0.178327277302742,-0.011956805363297462,0.5955945253372192
2041,36.13604736328125,0.9945022463798523,0.49965497851371765,0.17832112312316895,-0.028560087084770203,0.5711205005645752
2042,36.147029876708984,1.001206636428833,0.49675002694129944,0.17826315760612488,-0.011760925874114037,0.5738317966461182
2043,36.144691467285156,0.9882212281227112,0.4990350008010864,0.17824596166610718,-0.026724183931946754,0.5844973921775818
2044,36.13137435913086,1.0067301988601685,0.4995650351047516,0.17823821306228638,-0.016451772302389145,0.5747930407524109
2045,36.13765335083008,1.005900263786316,0.5010450482368469,0.17825685441493988,0.008697613142430782,0.5641051530838013
2046,36.15367889404297,1.0206222534179688,0.5026050209999084,0.1783032864332199,-0.009895938448607922,0.5762032270431519
2047,36.133888244628906,0.9961889982223511,0.4968950152397156,0.17824792861938477,-0.015557803213596344,0.56003338098526
2048,36.131568908691406,0.989407479763031,0.5018349885940552,0.17828063666820526,-0.014831122010946274,0.5805409550666809
2049,36.1334228515625,0.9974737167358398,0.5010249614715576,0.1782989203929901,-0.005553743802011013,0.5720767378807068
2050,36.13688659667969,0.9933395981788635,0.5004050135612488,0.17830614745616913,0.0030950605869293213,0.5821672081947327
2051,36.14064407348633,1.0092705488204956,0.500540018081665,0.17831577360630035,-0.01733594574034214,0.5817630290985107
2052,36.133758544921875,0.9881683588027954,0.5015749931335449,0.17834384739398956,-0.0068360744044184685,0.5789561867713928
2053,36.1334114074707,1.0056706666946411,0.4983600080013275,0.17831461131572723,0.002089659683406353,0.5671694278717041
2054,36.12995529174805,1.0018227100372314,0.5000900030136108,0.17831622064113617,-0.0032035133335739374,0.5825657844543457
2055,36.138893127441406,1.0104087591171265,0.5004799962043762,0.17832478880882263,-0.021982945501804352,0.5931636691093445
2056,36.15458679199219,1.0071141719818115,0.4990350008010864,0.17830757796764374,-0.009409894235432148,0.5588615536689758
2057,36.138309478759766,1.0054208040237427,0.501010000705719,0.1783255785703659,-0.01296494621783495,0.5871081948280334
2058,36.13808059692383,1.0112868547439575,0.5024850368499756,0.1783698946237564,-0.03167006000876427,0.5832698941230774
2059,36.13270568847656,1.0019497871398926,0.5006849765777588,0.17838212847709656,0.000665398605633527,0.5599564909934998
2060,36.142677307128906,1.0138882398605347,0.49914997816085815,0.17836697399616241,-0.012036317028105259,0.5817202925682068
2061,36.11949157714844,0.9981129765510559,0.4987199902534485,0.17834413051605225,0.007419666741043329,0.5754384398460388
2062,36.14667892456055,1.0151513814926147,0.4975850284099579,0.17830105125904083,0.0260042492300272,0.5746487379074097
2063,36.14375686645508,0.993726372718811,0.5019450187683105,0.1783357411623001,-0.0023192770313471556,0.5714232325553894
2064,36.13298034667969,1.0082652568817139,0.5027000308036804,0.17838388681411743,-0.03921098634600639,0.5787866115570068
2065,36.14954376220703,1.0158545970916748,0.5024900436401367,0.1784283071756363,0.009379914030432701,0.5823043584823608
2066,36.1417236328125,0.9998829960823059,0.5007500052452087,0.17844168841838837,-0.0007999067893251777,0.580634593963623
2067,36.13935089111328,1.0091184377670288,0.5005449652671814,0.17845140397548676,-0.029764629900455475,0.5689616799354553
2068,36.1304817199707,0.9828811287879944,0.5006099939346313,0.17846229672431946,-0.013506827875971794,0.5773882865905762
2069,36.1278190612793,0.9861594438552856,0.4985150098800659,0.1784358024597168,-0.010793718509376049,0.5720762610435486
2070,36.148372650146484,1.0096449851989746,0.4992550313472748,0.17842251062393188,-0.007687879726290703,0.5891361236572266
2071,36.152435302734375,1.0086928606033325,0.5015950202941895,0.17845097184181213,-0.019038110971450806,0.5670143961906433
2072,36.136634826660156,1.0073246955871582,0.5020300149917603,0.17848719656467438,-0.02941751480102539,0.5650444030761719
2073,36.142765045166016,1.0118792057037354,0.5008699893951416,0.17850272357463837,-0.034225307404994965,0.5837816596031189
2074,36.14470672607422,0.9931640625,0.5016000270843506,0.17853127419948578,-0.0257001630961895,0.573777437210083
2075,36.14304733276367,1.011372685432434,0.4992299973964691,0.17851752042770386,-0.01524006761610508,0.5798102021217346
2076,36.12586212158203,1.010939359664917,0.4988950192928314,0.1784977912902832,0.005983015056699514,0.5848724842071533
2077,36.12484359741211,0.9804505705833435,0.5009900331497192,0.1785154491662979,-0.026756251230835915,0.5735800862312317
2078,36.14533233642578,1.0216344594955444,0.49976998567581177,0.1785113364458084,-0.004726361483335495,0.5587307214736938
2079,36.1356315612793,0.9942752122879028,0.49843502044677734,0.17848339676856995,-0.0266339723020792,0.5592288374900818
2080,36.1240348815918,0.9965405464172363,0.4959850013256073,0.17841173708438873,-0.0033718624617904425,0.5753970742225647
2081,36.1497917175293,0.9944610595703125,0.4981200098991394,0.17837819457054138,-0.011858239769935608,0.5838395357131958
2082,36.141761779785156,0.9854638576507568,0.5025699734687805,0.17842404544353485,-0.025709563866257668,0.5733270049095154
2083,36.13406753540039,0.9919868111610413,0.4984250068664551,0.17839594185352325,-0.023994317278265953,0.5729402899742126
2084,36.14365005493164,0.9996963143348694,0.500290036201477,0.17840111255645752,-0.0031266785226762295,0.5625624656677246
2085,36.151153564453125,1.00190269947052,0.5006849765777588,0.17841334640979767,-0.01946830004453659,0.5974899530410767
2086,36.13637161254883,0.996567964553833,0.4997200071811676,0.17840835452079773,-0.015158222056925297,0.5763956308364868
2087,36.137306213378906,1.0102100372314453,0.5031500458717346,0.17846454679965973,-0.008173421956598759,0.5680863857269287
2088,36.136436462402344,0.9969635605812073,0.49862003326416016,0.1784399151802063,-0.009284933097660542,0.5866959095001221
2089,36.14818572998047,0.9949621558189392,0.49989503622055054,0.17843803763389587,-0.02141321450471878,0.5734483599662781
2090,36.131649017333984,0.9929455518722534,0.49814000725746155,0.17840483784675598,-0.014881430193781853,0.5742069482803345
2091,36.12372589111328,0.9875786304473877,0.5010899901390076,0.17842426896095276,0.003554512280970812,0.5750226378440857
2092,36.12958526611328,0.9938239455223083,0.499765008687973,0.1784200817346573,-0.021925481036305428,0.5635114312171936
2093,36.134735107421875,0.9923067092895508,0.5015349984169006,0.17844747006893158,-0.010983036831021309,0.562372088432312
2094,36.12483215332031,0.9932160973548889,0.49977999925613403,0.1784435510635376,-0.01386112067848444,0.5869765281677246
2095,36.13828659057617,0.9976835250854492,0.5012850165367126,0.17846648395061493,0.0027235732413828373,0.5826954245567322
2096,36.1356201171875,0.9855709075927734,0.4959699809551239,0.17839457094669342,-0.010898258537054062,0.5716079473495483
2097,36.1365852355957,0.9933295249938965,0.5021349787712097,0.1784326583147049,9.486389899393544e-05,0.553868293762207
2098,36.14274978637695,0.9928786158561707,0.5008149743080139,0.1784472018480301,-0.01773362047970295,0.5776441693305969
2099,36.131813049316406,0.998685359954834,0.5018200278282166,0.17847968637943268,-0.0007348175277002156,0.5943677425384521
2100,36.145015716552734,1.0109530687332153,0.5009900331497192,0.1784973442554474,-0.01330077089369297,0.5802195072174072
2101,36.147891998291016,0.9941998720169067,0.499099999666214,0.17848128080368042,-0.015590348280966282,0.5630743503570557
2102,36.133628845214844,1.0053900480270386,0.4994950294494629,0.17847226560115814,-0.00823204405605793,0.5698473453521729
2103,36.14230728149414,1.0026025772094727,0.49742501974105835,0.17842631042003632,-0.020551305264234543,0.5609902143478394
2104,36.138179779052734,0.9864495396614075,0.5002000331878662,0.17842988669872284,-0.0176961999386549,0.5744236707687378
2105,36.13243103027344,1.010957956314087,0.5013250112533569,0.17845353484153748,-0.03510364517569542,0.5798788070678711
2106,36.13502502441406,0.9858559370040894,0.49818000197410583,0.17842106521129608,-0.020377827808260918,0.5638539791107178
2107,36.15575408935547,1.0132492780685425,0.499765008687973,0.1784168779850006,0.008141693659126759,0.5919063687324524
2108,36.1308479309082,0.9903590083122253,0.5014150142669678,0.178442120552063,-0.009176306426525116,0.5856829881668091
2109,36.141422271728516,1.0105961561203003,0.5013899803161621,0.17846693098545074,0.018007969483733177,0.578074038028717
2110,36.14988327026367,1.0084590911865234,0.4979249835014343,0.17842990159988403,-0.014036552980542183,0.5764198899269104
2111,36.142578125,0.9782751202583313,0.49921998381614685,0.17841598391532898,-0.010893385857343674,0.5665631890296936
2112,36.12427520751953,0.9958012700080872,0.5011399984359741,0.17843632400035858,-0.021854566410183907,0.57945716381073
2113,36.13762283325195,0.9869555830955505,0.49976998567581177,0.17843221127986908,-0.0060607618652284145,0.5732866525650024
2114,36.14781951904297,0.9915540218353271,0.500154972076416,0.17843498289585114,0.004820843692868948,0.5640000104904175
2115,36.123809814453125,0.9931395649909973,0.49901503324508667,0.1784174144268036,-0.0276282150298357,0.578614354133606
2116,36.121585845947266,0.9951921105384827,0.501615047454834,0.1784462332725525,-0.009339113719761372,0.582608163356781
2117,36.149139404296875,1.0061315298080444,0.5024850368499756,0.17849057912826538,-0.012147294357419014,0.5655171275138855
2118,36.1533088684082,0.992881178855896,0.5021550059318542,0.1785290539264679,-0.0011969071347266436,0.5765411853790283
2119,36.122928619384766,1.0052295923233032,0.5010200142860413,0.17854727804660797,-0.025857381522655487,0.5907875299453735
2120,36.12897872924805,0.982197642326355,0.49904000759124756,0.17853012681007385,-0.0014668504009023309,0.5781461596488953
2121,36.15580368041992,1.0018013715744019,0.4983550012111664,0.17850075662136078,0.0036994607653468847,0.5647857785224915
2122,36.13994216918945,1.001585602760315,0.4979500472545624,0.17846417427062988,-0.00748289143666625,0.5757541060447693
2123,36.13280487060547,0.989316463470459,0.5005600452423096,0.17847417294979095,-0.005664742551743984,0.5811962485313416
2124,36.13578796386719,0.9811763167381287,0.497810035943985,0.1784350872039795,0.006487882696092129,0.5773327946662903
2125,36.14106369018555,0.9991610050201416,0.49574002623558044,0.17835907638072968,-0.02376345917582512,0.5684964656829834
2126,36.122493743896484,0.9846904277801514,0.49945002794265747,0.17834925651550293,-0.004652669187635183,0.5855053663253784
2127,36.14149856567383,0.9864198565483093,0.500789999961853,0.1783633530139923,-0.03238380327820778,0.5929918885231018
2128,36.139400482177734,0.9943464398384094,0.49981001019477844,0.1783599555492401,-0.01984638348221779,0.5717646479606628
2129,36.13518524169922,0.9965808391571045,0.49857500195503235,0.1783345341682434,-0.01516102347522974,0.5732720494270325
2130,36.12991714477539,0.9872190952301025,0.49881500005722046,0.17831340432167053,-0.0029512010514736176,0.5899810194969177
2131,36.150474548339844,1.0113284587860107,0.5015900135040283,0.17834176123142242,-0.01669895276427269,0.5751500725746155
2132,36.1320915222168,1.0018035173416138,0.4992849826812744,0.1783290058374405,-0.033112213015556335,0.5851940512657166
2133,36.13302993774414,0.9964138269424438,0.5029699802398682,0.17838196456432343,0.006996849086135626,0.5680927634239197
2134,36.15126037597656,0.9960454106330872,0.5009250044822693,0.17839846014976501,-0.005261603742837906,0.5713270306587219
2135,36.14348220825195,0.9948304891586304,0.4996500015258789,0.1783922165632248,-0.016121456399559975,0.582165539264679
2136,36.137062072753906,1.0083028078079224,0.501039981842041,0.17841075360774994,-0.005084142088890076,0.5707667469978333
2137,36.135032653808594,0.9918777346611023,0.5005199909210205,0.1784200221300125,-0.012381401844322681,0.5857638120651245
2138,36.139034271240234,1.0005418062210083,0.5006099939346313,0.17843091487884521,-0.017530424520373344,0.576975405216217
2139,36.13775634765625,0.976482629776001,0.5000550150871277,0.178431898355484,-0.027755070477724075,0.5953521728515625
2140,36.13018798828125,0.978181004524231,0.49721500277519226,0.17838220298290253,-0.007522708736360073,0.5769400000572205
2141,36.14179611206055,1.0056650638580322,0.49979501962661743,0.17837855219841003,0.018061211332678795,0.5759060382843018
2142,36.13243103027344,0.9652709364891052,0.5004299879074097,0.17838622629642487,-0.004602199885994196,0.5666565299034119
2143,36.139892578125,0.9856152534484863,0.49775999784469604,0.17834626138210297,-0.026985131204128265,0.5714236497879028
2144,36.1368522644043,1.0066932439804077,0.5008100271224976,0.178360715508461,-0.01783548668026924,0.6041176915168762
2145,36.146080017089844,0.9951404333114624,0.49918001890182495,0.17834608256816864,-0.020696740597486496,0.5789940357208252
2146,36.15038299560547,0.9956381320953369,0.4983850121498108,0.17831727862358093,-0.006577596068382263,0.5636323690414429
2147,36.12974548339844,1.0036203861236572,0.49845001101493835,0.17828965187072754,-0.026348864659667015,0.5557453632354736
2148,36.1387939453125,0.9851643443107605,0.500605046749115,0.17830045521259308,-0.009089355356991291,0.5789278149604797
2149,36.143802642822266,0.9887096285820007,0.500190019607544,0.17830383777618408,-0.014889474026858807,0.5772600769996643
2150,36.14015579223633,0.9996331930160522,0.500469982624054,0.17831221222877502,-0.01631964184343815,0.5743674635887146
2151,36.1312255859375,0.9931761026382446,0.5004799962043762,0.1783207803964615,-0.013498669490218163,0.5879880785942078
2152,36.13069534301758,0.9955726265907288,0.5007449984550476,0.1783340722322464,0.006380900740623474,0.568324863910675
2153,36.13450241088867,0.9778940081596375,0.5015550255775452,0.17836178839206696,-0.01779637299478054,0.5607855319976807
2154,36.135986328125,1.0025999546051025,0.5021100044250488,0.17839942872524261,-0.00522836996242404,0.5903326272964478
2155,36.14450454711914,0.9988202452659607,0.5008800029754639,0.17841511964797974,-0.017071740701794624,0.5831347107887268
2156,36.12907409667969,0.9781999588012695,0.5013300180435181,0.17843885719776154,-0.03145468235015869,0.5868444442749023
2157,36.142677307128906,0.995224118232727,0.5020450353622437,0.17847536504268646,-0.0070115551352500916,0.571967363357544
2158,36.141544342041016,1.0079443454742432,0.497175008058548,0.17842493951320648,0.0032548352610319853,0.566074550151825
2159,36.14002227783203,1.0128000974655151,0.5000849962234497,0.17842644453048706,-0.027488406747579575,0.5787573456764221
2160,36.144317626953125,0.9913215041160583,0.49875500798225403,0.17840422689914703,-0.016213467344641685,0.5827276706695557
2161,36.131778717041016,0.9846901297569275,0.49720001220703125,0.17835426330566406,-0.039423052221536636,0.5636805891990662
2162,36.135616302490234,0.9982670545578003,0.5012699961662292,0.1783769130706787,-0.027286721393465996,0.5593385100364685
2163,36.12752151489258,0.9919638633728027,0.50034499168396,0.17838305234909058,-0.013389511965215206,0.576672375202179
2164,36.129981994628906,0.9993279576301575,0.5017250180244446,0.17841382324695587,-0.019484179094433784,0.5899426341056824
2165,36.15257263183594,1.00548255443573,0.5008400082588196,0.17842881381511688,-0.02639833092689514,0.5620327591896057
2166,36.117347717285156,0.9879469871520996,0.5010900497436523,0.17844825983047485,-0.010089621879160404,0.5816988945007324
2167,36.12602233886719,0.9786275625228882,0.4973349869251251,0.17840071022510529,-0.04094100743532181,0.5774685144424438
2168,36.1553840637207,0.9975134134292603,0.4986650049686432,0.17837689816951752,-0.00946388766169548,0.5583892464637756
2169,36.147682189941406,0.9980687499046326,0.5013400316238403,0.17840079963207245,-0.01413222961127758,0.5949918627738953
2170,36.13447189331055,1.003983497619629,0.500980019569397,0.17841827869415283,-0.029713159427046776,0.5698041319847107
2171,36.158447265625,1.0029487609863281,0.5014150142669678,0.1784435212612152,0.005406268406659365,0.5811526775360107
2172,36.14680862426758,1.0043023824691772,0.4980449974536896,0.1784086376428604,-0.01658760756254196,0.5822474956512451
2173,36.12748718261719,0.9854528903961182,0.49720498919487,0.1783587783575058,-0.005424597766250372,0.5732080340385437
2174,36.14344024658203,0.9895121455192566,0.5009549856185913,0.17837581038475037,0.0005168609786778688,0.587894082069397
2175,36.14857482910156,0.9914204478263855,0.5020149946212769,0.17841175198554993,-0.00648064911365509,0.5834394097328186
2176,36.145999908447266,0.9912204146385193,0.4979550540447235,0.1783752590417862,-0.0055635590106248856,0.565422773361206
2177,36.134037017822266,0.998643159866333,0.5001699924468994,0.17837829887866974,-0.010091803036630154,0.5638836622238159
2178,36.1317138671875,0.9899571537971497,0.49874502420425415,0.17835590243339539,-0.016600048169493675,0.5864670276641846
2179,36.145687103271484,0.9925865530967712,0.4996950030326843,0.17835046350955963,-0.020763900130987167,0.5779669284820557
2180,36.14090347290039,0.9847896695137024,0.5010849833488464,0.17836980521678925,-0.00969268660992384,0.5686285495758057
2181,36.12439727783203,1.008034586906433,0.49758002161979675,0.17832663655281067,-0.029679402709007263,0.568418025970459
2182,36.13356018066406,0.9941699504852295,0.49843499064445496,0.1782987266778946,-0.025233788415789604,0.5651729702949524
2183,36.15618133544922,1.0147191286087036,0.49821001291275024,0.17826680839061737,0.004921823740005493,0.5561599135398865
2184,36.150123596191406,1.0120819807052612,0.500220000743866,0.17827074229717255,-0.010317889042198658,0.5628973841667175
2185,36.13359451293945,0.9974780678749084,0.5012950301170349,0.17829382419586182,-0.025620054453611374,0.5735033750534058
2186,36.14183044433594,0.9969147443771362,0.5006300210952759,0.17830504477024078,0.0005730066332034767,0.5713354349136353
2187,36.14858627319336,0.9930320978164673,0.4977850019931793,0.1782655566930771,-0.02163035050034523,0.5647029280662537
2188,36.137271881103516,0.971782386302948,0.49759501218795776,0.1782226860523224,-0.008218145929276943,0.5733933448791504
2189,36.13252258300781,0.9946200847625732,0.5005849599838257,0.17823311686515808,-0.022417951375246048,0.5622909069061279
2190,36.145259857177734,0.9975585341453552,0.5017099976539612,0.1782635897397995,-0.010899297893047333,0.56220543384552
2191,36.15364456176758,0.9959552884101868,0.5015349984169006,0.1782909631729126,-0.030514707788825035,0.5896322727203369
2192,36.14516067504883,0.9942171573638916,0.5002350211143494,0.17829515039920807,0.018329592421650887,0.5735806226730347
2193,36.14014434814453,0.9834133982658386,0.49779000878334045,0.17825575172901154,-0.011217368766665459,0.571436882019043
2194,36.14842224121094,1.0230735540390015,0.5004749894142151,0.17826421558856964,-0.01469339244067669,0.5632103681564331
2195,36.15003204345703,0.9994531273841858,0.501270055770874,0.1782868504524231,-0.014567891135811806,0.5737600326538086
2196,36.1396598815918,0.9760180711746216,0.5015349388122559,0.1783142238855362,0.004902753978967667,0.5823603272438049
2197,36.14570617675781,1.01251220703125,0.4964450001716614,0.17825083434581757,-0.028883913531899452,0.5668657422065735
2198,36.149288177490234,1.0010939836502075,0.4993400275707245,0.17823907732963562,0.001171570853330195,0.561733067035675
2199,36.14712905883789,1.0037052631378174,0.4994250237941742,0.17822882533073425,-0.015417586080729961,0.5679286122322083
2200,36.150062561035156,0.9940793514251709,0.5011699795722961,0.17824967205524445,-0.004430144559592009,0.5803529620170593
2201,36.137428283691406,0.9780718684196472,0.4979400038719177,0.1782129555940628,-0.018683724105358124,0.5714185237884521
2202,36.1338005065918,0.9891664981842041,0.49928998947143555,0.17820030450820923,-0.014348951168358326,0.5733484625816345
2203,36.145694732666016,1.0028733015060425,0.49847498536109924,0.17817312479019165,-0.004902882967144251,0.5848332047462463
2204,36.12942123413086,0.986449658870697,0.5015000104904175,0.17819984257221222,-0.008959008380770683,0.5892258882522583
2205,36.13262939453125,0.9932158589363098,0.501960039138794,0.1782347708940506,-0.025945041328668594,0.5750238299369812
2206,36.136863708496094,0.9926292896270752,0.5017699599266052,0.17826631665229797,-0.019925611093640327,0.5786654353141785
2207,36.134822845458984,0.9926217794418335,0.49886998534202576,0.1782461702823639,-0.018032781779766083,0.5700682401657104
2208,36.13473129272461,0.9879182577133179,0.5002000331878662,0.17824974656105042,-0.01581660658121109,0.5829047560691833
2209,36.13292694091797,0.9936426877975464,0.500540018081665,0.17825937271118164,0.010621460154652596,0.5623230338096619
2210,36.1541633605957,0.9998845458030701,0.5009650588035583,0.17827658355236053,0.000812661659438163,0.5720751285552979
2211,36.140220642089844,0.9941601753234863,0.500944972038269,0.17829343676567078,-0.0004936800105497241,0.568856418132782
2212,36.13870620727539,0.9802147746086121,0.4995199739933014,0.1782848834991455,-0.0033481293357908726,0.573613166809082
2213,36.148338317871094,0.9912445545196533,0.5035150051116943,0.17834755778312683,0.004113544709980488,0.5684827566146851
2214,36.13456344604492,0.9752342700958252,0.4995099902153015,0.17833882570266724,0.005179364234209061,0.5947784185409546
2215,36.15032196044922,0.993462860584259,0.49753499031066895,0.17829486727714539,-0.0159998070448637,0.5741846561431885
2216,36.14845657348633,0.9858093857765198,0.4999350309371948,0.17829370498657227,-0.0037592346780002117,0.5556710958480835
2217,36.13507843017578,0.9779377579689026,0.5023400187492371,0.17833542823791504,-0.011327042244374752,0.5713791847229004
2218,36.13848114013672,0.9744532704353333,0.49949002265930176,0.1783263236284256,0.00015167094534263015,0.5643734335899353
2219,36.14524459838867,1.0024083852767944,0.5005599856376648,0.17833632230758667,0.014909488148987293,0.5918823480606079
2220,36.130523681640625,0.9939458966255188,0.49946001172065735,0.17832669615745544,-0.02631484717130661,0.5733729600906372
2221,36.143375396728516,0.993610143661499,0.49912503361701965,0.17831109464168549,-0.02511485293507576,0.5653480291366577
2222,36.1390495300293,0.9746864438056946,0.49986502528190613,0.17830869555473328,-0.007045847363770008,0.5802550911903381
2223,36.13239288330078,0.9885151386260986,0.5010049939155579,0.17832662165164948,-0.028645792976021767,0.5755307674407959
2224,36.13874435424805,0.9955155849456787,0.5000199675559998,0.17832697927951813,-0.025235554203391075,0.5644983053207397
2225,36.12942886352539,0.968440592288971,0.4988600015640259,0.17830663919448853,-0.013197390362620354,0.5814803242683411
2226,36.12407684326172,0.9970049858093262,0.49979501962661743,0.17830298840999603,-0.006865335162729025,0.5719682574272156
2227,36.13630676269531,0.9809814095497131,0.500914990901947,0.1783193051815033,-0.009426018223166466,0.5754269957542419
2228,36.14287567138672,1.0004701614379883,0.5002250075340271,0.17832332849502563,-0.02320297807455063,0.5894362926483154
2229,36.12541198730469,0.992298424243927,0.5016500353813171,0.1783527433872223,-0.023684391751885414,0.5597556829452515
2230,36.1380500793457,0.98604816198349,0.5010799765586853,0.17837201058864594,-0.00803240668028593,0.5830681920051575
2231,36.13796615600586,0.97893226146698,0.49911999702453613,0.1783563196659088,-0.020939068868756294,0.5747268199920654
2232,36.126441955566406,1.0075938701629639,0.498740017414093,0.1783338487148285,-0.007261452730745077,0.5836885571479797
2233,36.130516052246094,0.9755236506462097,0.4980349838733673,0.17829880118370056,-0.028414616361260414,0.5683510303497314
2234,36.14564895629883,0.9816650152206421,0.500635027885437,0.17831012606620789,-0.004161872901022434,0.5759326219558716
2235,36.13920974731445,1.0210728645324707,0.4981499910354614,0.1782771348953247,0.006629117764532566,0.5711069107055664
2236,36.12921142578125,0.987070620059967,0.5020250082015991,0.1783132404088974,-0.007235233671963215,0.5756556987762451
2237,36.14187240600586,0.9816200733184814,0.4982749819755554,0.1782824844121933,-0.00850716419517994,0.5794246196746826
2238,36.1456184387207,1.0045679807662964,0.5000900030136108,0.17828409373760223,-0.028357533738017082,0.5620178580284119
2239,36.13291931152344,0.9745104908943176,0.5009599924087524,0.17830120027065277,-0.005489126313477755,0.5898967981338501
2240,36.126800537109375,0.9783422946929932,0.5009199976921082,0.1783176064491272,-0.01610836759209633,0.5780882239341736
2241,36.13783645629883,0.9906911253929138,0.4997599720954895,0.17831332981586456,-0.02766704000532627,0.5769066214561462
2242,36.15428161621094,1.0139814615249634,0.4999600350856781,0.17831261456012726,-0.0036164643242955208,0.5746015906333923
2243,36.12039566040039,1.0081615447998047,0.4982049763202667,0.17828060686588287,-0.005882365629076958,0.5744653344154358
2244,36.13725662231445,1.0086023807525635,0.49857500195503235,0.17825520038604736,-0.022939223796129227,0.568699061870575
2245,36.15309143066406,1.0082576274871826,0.5021300315856934,0.1782931685447693,-0.013505342416465282,0.5630404353141785
2246,36.13209533691406,0.9954660534858704,0.5007100105285645,0.17830583453178406,-0.021939612925052643,0.5744506120681763
2247,36.141815185546875,1.0030351877212524,0.5002450346946716,0.17831021547317505,-0.027979157865047455,0.57905513048172
2248,36.15584945678711,0.996812105178833,0.49551501870155334,0.17823024094104767,-0.007731963414698839,0.5706242918968201
2249,36.15958786010742,0.9937299489974976,0.4970249831676483,0.17817722260951996,-0.02077276073396206,0.5780717134475708
2250,36.130943298339844,1.019844651222229,0.5012949705123901,0.17820028960704803,-0.04535800218582153,0.5640408992767334
2251,36.150169372558594,0.9931181073188782,0.49992501735687256,0.1781989485025406,-0.01877717860043049,0.574213445186615
2252,36.15840530395508,1.0011770725250244,0.500190019607544,0.1782023310661316,-0.012504595331847668,0.5780284404754639
2253,36.11545944213867,0.99690842628479,0.49985501170158386,0.17819975316524506,-0.03935765475034714,0.5839270353317261
2254,36.12314224243164,0.9700502157211304,0.4997299909591675,0.17819494009017944,-0.0054093413054943085,0.5722430348396301
2255,36.165443420410156,1.0286489725112915,0.5027550458908081,0.17824402451515198,0.023960284888744354,0.573208212852478
2256,36.131553649902344,1.0178073644638062,0.5002099871635437,0.17824776470661163,-0.02542521059513092,0.5663473606109619
2257,36.12283706665039,0.9962387084960938,0.501010000705719,0.1782657653093338,-0.03436190262436867,0.5843682289123535
2258,36.15520095825195,1.0041203498840332,0.5020800232887268,0.1783028542995453,-0.004254539497196674,0.580262303352356
2259,36.13084411621094,1.0290062427520752,0.5000300407409668,0.17830339074134827,-0.02350032702088356,0.5837932229042053
2260,36.1278190612793,1.0099698305130005,0.5014050006866455,0.17832845449447632,-0.031108440831303596,0.5758037567138672
2261,36.15100860595703,1.0032100677490234,0.4996500313282013,0.1783222109079361,-0.005800111684948206,0.5655090808868408
2262,36.13222885131836,1.0073570013046265,0.49729999899864197,0.17827406525611877,-0.023766042664647102,0.5707287788391113
2263,36.14303207397461,0.9995728731155396,0.49982497096061707,0.17827093601226807,-0.02642589993774891,0.5835443735122681
2264,36.15106964111328,1.0164406299591064,0.5006999969482422,0.17828340828418732,-0.015536521561443806,0.5656988024711609
2265,36.12786865234375,1.0148203372955322,0.4985949993133545,0.17825835943222046,-0.012681671418249607,0.5669876933097839
2266,36.146697998046875,0.983916163444519,0.5011799931526184,0.17827939987182617,0.0023438159842044115,0.5692222714424133
2267,36.15800476074219,1.0073590278625488,0.5002300143241882,0.17828349769115448,-0.02094537764787674,0.5923246145248413
2268,36.12841033935547,1.0179905891418457,0.501990020275116,0.17831896245479584,-0.030652297660708427,0.566194474697113
2269,36.137027740478516,0.9868106842041016,0.4999549686908722,0.17831815779209137,-0.027816779911518097,0.571779191493988
2270,36.15934753417969,1.0347424745559692,0.5010200142860413,0.17833635210990906,0.020055042579770088,0.5617338418960571
2271,36.13080596923828,0.9917035102844238,0.4987099766731262,0.17831334471702576,-0.021334202960133553,0.5644826889038086
2272,36.12671661376953,0.9886782169342041,0.5019099712371826,0.1783473938703537,-0.0040690661408007145,0.5765857100486755
2273,36.147525787353516,0.9968609809875488,0.499765008687973,0.17834320664405823,-0.011735164560377598,0.5839532017707825
2274,36.12613296508789,0.9792971014976501,0.4969950318336487,0.17828960716724396,-0.005085397977381945,0.5781424045562744
2275,36.1306037902832,0.9979293942451477,0.4980349838733673,0.17825457453727722,-0.024965249001979828,0.5797371864318848
2276,36.151092529296875,0.9841604828834534,0.4996050298213959,0.17824752628803253,-0.02603347972035408,0.567523181438446
2277,36.1412467956543,0.9986080527305603,0.5026649832725525,0.17829503118991852,0.002039483282715082,0.5670498609542847
2278,36.132667541503906,0.9895642995834351,0.500499963760376,0.17830394208431244,-0.02763965167105198,0.5915530323982239
2279,36.15839767456055,0.9975802302360535,0.4992949962615967,0.17829136550426483,0.0001644401636440307,0.5711115002632141
2280,36.13319778442383,0.9801496863365173,0.4980299770832062,0.17825624346733093,-0.019880924373865128,0.5715593099594116
2281,36.133094787597656,0.9856030941009521,0.5012350082397461,0.17827825248241425,-0.024794716387987137,0.5781611800193787
2282,36.145057678222656,0.9838451147079468,0.5022349953651428,0.1783180981874466,0.006542713847011328,0.5769849419593811
2283,36.14736557006836,0.9980869293212891,0.4994499683380127,0.17830829322338104,-0.02136518806219101,0.5670664310455322
2284,36.13957595825195,1.00783371925354,0.5016550421714783,0.17833779752254486,-0.015591563656926155,0.5803093910217285
2285,36.147666931152344,0.9950208067893982,0.499224990606308,0.17832398414611816,-0.002274793805554509,0.5692805051803589
2286,36.147804260253906,0.9974992871284485,0.49693000316619873,0.17826923727989197,-0.01572064310312271,0.565499484539032
2287,36.12987518310547,1.0060125589370728,0.4998149871826172,0.17826594412326813,-0.02906423807144165,0.5928595066070557
2288,36.14460754394531,1.0028769969940186,0.49963000416755676,0.17825934290885925,-0.00584725197404623,0.5742130279541016
2289,36.14505386352539,0.9808093309402466,0.501579999923706,0.17828750610351562,0.0036893750075250864,0.5701392292976379
2290,36.1346435546875,0.9751668572425842,0.5010150671005249,0.17830561101436615,-0.00920789036899805,0.5720179080963135
2291,36.142982482910156,1.0083181858062744,0.5004900097846985,0.17831434309482574,-0.032236337661743164,0.5708351135253906
2292,36.155208587646484,1.0047965049743652,0.5023850202560425,0.17835687100887299,-0.0032954891212284565,0.5756859183311462
2293,36.13882827758789,0.9903460741043091,0.4982699751853943,0.17832602560520172,-0.022301416844129562,0.5823495984077454
2294,36.134830474853516,0.9968017339706421,0.5001200437545776,0.17832817137241364,-0.024275004863739014,0.562958836555481
2295,36.13795471191406,0.9942110180854797,0.5005650520324707,0.17833824455738068,-0.0057540335692465305,0.5772455334663391
2296,36.14324951171875,0.9981474876403809,0.4993849992752075,0.178327277302742,-0.021197356283664703,0.5821964144706726
2297,36.13319778442383,0.9855291843414307,0.501300036907196,0.17835046350955963,-0.033097244799137115,0.5811736583709717
2298,36.1311149597168,0.9793446660041809,0.4985849857330322,0.17832522094249725,-0.02183152735233307,0.5625800490379333
2299,36.137916564941406,0.9873824715614319,0.50006502866745,0.17832638323307037,-0.034579552710056305,0.5766757726669312
2300,36.15003204345703,0.9950992465019226,0.4976949989795685,0.17828528583049774,-0.007606716360896826,0.5771578550338745
2301,36.139644622802734,0.9833570122718811,0.5013250112533569,0.17830891907215118,-0.01820949651300907,0.5833064317703247
2302,36.137874603271484,1.0000032186508179,0.49935001134872437,0.17829734086990356,-0.02283453568816185,0.5791765451431274
2303,36.16724395751953,1.0039507150650024,0.5004700422286987,0.1783057153224945,0.0033195940777659416,0.5640096068382263
2304,36.14698028564453,0.9857488870620728,0.5021299719810486,0.17834369838237762,-0.031868286430835724,0.5713172554969788
2305,36.12840270996094,0.985981822013855,0.4994499683380127,0.17833389341831207,-0.03055589459836483,0.55854332447052
2306,36.1484260559082,1.0006818771362305,0.49912500381469727,0.17831829190254211,-0.015257062390446663,0.5602136850357056
2307,36.14799499511719,0.9920370578765869,0.49957501888275146,0.17831070721149445,-0.043685249984264374,0.5691145658493042
2308,36.13018798828125,0.9896377325057983,0.5006400346755981,0.17832212150096893,-0.025769829750061035,0.5811483860015869
2309,36.12541198730469,0.9947404265403748,0.5019500255584717,0.17835690081119537,-0.020051881670951843,0.5635591149330139
2310,36.15211486816406,0.9965898394584656,0.499099999666214,0.1783408522605896,-0.008716621436178684,0.5693152546882629
2311,36.142478942871094,0.9936122894287109,0.5007550120353699,0.17835430800914764,-0.012950535863637924,0.5570091605186462
2312,36.12827682495117,0.9716262817382812,0.5014950037002563,0.17838096618652344,-0.017684217542409897,0.5780772566795349
2313,36.156124114990234,0.9971955418586731,0.49769002199172974,0.17833974957466125,0.008510117419064045,0.5741376876831055
2314,36.1358757019043,0.9836922883987427,0.4995350241661072,0.17833146452903748,-0.017512517049908638,0.5782483816146851
2315,36.12538146972656,0.9822813868522644,0.4996649920940399,0.17832548916339874,-0.002955686766654253,0.5681589841842651
2316,36.1351318359375,0.9977898597717285,0.4994550049304962,0.17831577360630035,0.006147285923361778,0.5885375738143921
2317,36.13822937011719,0.9882710576057434,0.49919503927230835,0.17830142378807068,-0.005438277497887611,0.5792425274848938
2318,36.13031005859375,0.9807202816009521,0.49871498346328735,0.17827850580215454,-0.01670524664223194,0.5666823387145996
2319,36.126163482666016,0.9797088503837585,0.5003049969673157,0.1782839447259903,-0.020372619852423668,0.56658536195755
2320,36.15258026123047,0.9916284084320068,0.5004550218582153,0.17829206585884094,-0.003735780483111739,0.5764471888542175
2321,36.13259506225586,0.9777119755744934,0.4977850019931793,0.17825257778167725,-0.003680098569020629,0.5580670237541199
2322,36.12381362915039,0.980443000793457,0.5005099773406982,0.1782616674900055,-0.016516266390681267,0.5867338180541992
2323,36.1630744934082,1.010217308998108,0.49851998686790466,0.17823529243469238,0.004778224974870682,0.556404709815979
2324,36.13888931274414,0.997504472732544,0.49988001585006714,0.17823316156864166,-0.004804606549441814,0.5740535259246826
2325,36.12571334838867,1.0053855180740356,0.49959999322891235,0.178226038813591,-0.020203519612550735,0.5935183167457581
2326,36.152198791503906,1.0044989585876465,0.5032899975776672,0.1782846748828888,0.0006441565928980708,0.5824056267738342
2327,36.15534973144531,1.001761794090271,0.49987003207206726,0.17828236520290375,0.0081328721717,0.5634582042694092
2328,36.144222259521484,1.005613923072815,0.5002099871635437,0.1782861053943634,-0.019635753706097603,0.5766686201095581
2329,36.144775390625,1.0329349040985107,0.500575065612793,0.17829634249210358,-0.029587050899863243,0.5727476477622986
2330,36.14139175415039,0.9947128891944885,0.5000399947166443,0.17829705774784088,-0.013889696449041367,0.5740717649459839
2331,36.142601013183594,1.0182914733886719,0.5017300248146057,0.17832790315151215,-0.020208576694130898,0.5539382696151733
2332,36.13862228393555,0.9909605979919434,0.5005500316619873,0.1783377081155777,-0.027953913435339928,0.5703536868095398
2333,36.13260269165039,0.9971951842308044,0.4978650212287903,0.17829963564872742,-0.021966230124235153,0.5774427056312561
2334,36.13199234008789,0.9932188391685486,0.4983050227165222,0.1782694160938263,-0.004678253084421158,0.55899578332901
2335,36.16184997558594,1.0018209218978882,0.5004950165748596,0.17827823758125305,0.015725187957286835,0.5625801086425781
2336,36.125450134277344,0.9934792518615723,0.5021300315856934,0.17831622064113617,-0.0333825908601284,0.5806488990783691
2337,36.13751220703125,0.9817923307418823,0.5014100074768066,0.17834137380123138,-0.007082325406372547,0.5689878463745117
2338,36.1440315246582,0.9917193055152893,0.5004950165748596,0.17835019528865814,-0.002556339604780078,0.5746719837188721
2339,36.133811950683594,0.9866858720779419,0.5000150203704834,0.17835047841072083,-0.007662266492843628,0.5687422752380371
2340,36.1279296875,0.9842398166656494,0.4998149871826172,0.17834718525409698,-0.023712849244475365,0.5675346851348877
2341,36.13222885131836,0.9840235114097595,0.49885499477386475,0.1783267706632614,-0.005243729799985886,0.5703664422035217
2342,36.14451599121094,0.9791750311851501,0.49885499477386475,0.17830635607242584,0.002711135894060135,0.5701148509979248
2343,36.136451721191406,0.9948490858078003,0.5005799531936646,0.17831668257713318,-0.007456725928932428,0.5692089796066284
2344,36.144535064697266,0.9971979260444641,0.5009700059890747,0.17833398282527924,-0.023091034963726997,0.5786464810371399
2345,36.1584358215332,0.9911079406738281,0.5029200315475464,0.17838606238365173,-0.004295650869607925,0.5824636816978455
2346,36.14311218261719,1.0045411586761475,0.4984700381755829,0.1783587634563446,-0.016727566719055176,0.57904052734375
2347,36.12542724609375,0.9941056966781616,0.500510036945343,0.17836786806583405,-0.03162495791912079,0.5745976567268372
2348,36.13506317138672,0.9874110817909241,0.49908000230789185,0.17835144698619843,-0.005044523160904646,0.5784330368041992
2349,36.152099609375,0.9858459234237671,0.49726003408432007,0.1783025711774826,-0.005083385854959488,0.575862467288971
2350,36.12834167480469,0.9865882396697998,0.5021399855613708,0.17834071815013885,-0.021610358729958534,0.5770759582519531
2351,36.12117385864258,0.9920951724052429,0.5012950301170349,0.17836380004882812,-0.00010634422505972907,0.5998131632804871
2352,36.14834976196289,0.9948150515556335,0.4960800111293793,0.1782938838005066,-0.014277621172368526,0.5658212900161743
2353,36.15385437011719,1.0023128986358643,0.4987350106239319,0.1782713383436203,-0.012065970338881016,0.5894888639450073
2354,36.1256217956543,1.0002557039260864,0.5000500082969666,0.17827223241329193,-0.028361091390252113,0.5880379676818848
2355,36.135311126708984,0.9683858156204224,0.5013499855995178,0.1782962828874588,-0.03285403922200203,0.5746175646781921
2356,36.18601608276367,1.0380319356918335,0.4974699914455414,0.17825117707252502,-0.003795707831159234,0.5738269090652466
2357,36.12987518310547,0.9948853850364685,0.49911001324653625,0.17823530733585358,-4.189014816802228e-06,0.5704936385154724
2358,36.11669158935547,1.0153710842132568,0.4995799958705902,0.17822781205177307,-0.03851057589054108,0.5749854445457458
2359,36.16301727294922,0.9955422878265381,0.5015199780464172,0.1782549023628235,0.0006963806226849556,0.5738391280174255
2360,36.14666748046875,0.996848464012146,0.4974850118160248,0.1782100796699524,-0.0022243643179535866,0.5644547939300537
2361,36.11050033569336,1.0170536041259766,0.5026549696922302,0.17825739085674286,-0.01948368549346924,0.5715225338935852
2362,36.14368438720703,0.9955058097839355,0.5008900165557861,0.1782732605934143,-0.02905326895415783,0.5683257579803467
2363,36.16425704956055,1.0095398426055908,0.49801501631736755,0.17823787033557892,-0.007526084780693054,0.5538090467453003
2364,36.13087844848633,0.9941208958625793,0.5028049945831299,0.17828786373138428,-0.016246287152171135,0.5752639770507812
2365,36.13216018676758,1.0203932523727417,0.5022600293159485,0.17832815647125244,-0.035358186811208725,0.5982899069786072
2366,36.14461898803711,0.9940462708473206,0.5004900097846985,0.17833688855171204,0.01583096943795681,0.5822092890739441
2367,36.15152359008789,1.0002340078353882,0.5007749795913696,0.17835070192813873,-0.004415440373122692,0.573265790939331
2368,36.118919372558594,0.9819751977920532,0.5032299757003784,0.17840832471847534,-0.033058952540159225,0.5894952416419983
2369,36.13801574707031,0.9975243210792542,0.49897500872612,0.1783900409936905,-0.01178972702473402,0.559550404548645
2370,36.16716003417969,1.0218696594238281,0.5004050135612488,0.1783972680568695,0.022178467363119125,0.5715471506118774
2371,36.14335632324219,0.9747228026390076,0.5001800060272217,0.17840048670768738,-0.010572891682386398,0.5887500047683716
2372,36.134315490722656,0.9919713735580444,0.5006750226020813,0.178412526845932,-0.013518263585865498,0.563844621181488
2373,36.1506462097168,0.9873070120811462,0.5014200210571289,0.17843785881996155,-0.019686013460159302,0.5734908580780029
2374,36.14394760131836,0.9892852902412415,0.4978000223636627,0.17839860916137695,-0.02521878480911255,0.5647802948951721
2375,36.132144927978516,0.9879128932952881,0.4992450177669525,0.17838513851165771,-0.009955208748579025,0.5841773152351379
2376,36.125267028808594,0.9739605784416199,0.5005800127983093,0.17839549481868744,-0.008477466180920601,0.5906250476837158
2377,36.15955352783203,0.9926295876502991,0.4996350407600403,0.17838898301124573,-0.0022595468908548355,0.5666627287864685
2378,36.141605377197266,0.9909374713897705,0.49958500266075134,0.17838157713413239,0.0051687126979231834,0.5630582571029663
2379,36.124412536621094,0.9988521337509155,0.49972501397132874,0.1783766746520996,-0.004816032480448484,0.5764442086219788
2380,36.14551544189453,0.9746314287185669,0.5007649660110474,0.17839032411575317,-0.004301401320844889,0.5664640665054321
2381,36.141544342041016,0.9751514792442322,0.49794504046440125,0.1783536672592163,-0.019575245678424835,0.5945770740509033
2382,36.135929107666016,0.9726439118385315,0.4981600046157837,0.17832085490226746,0.009916957467794418,0.5754871368408203
2383,36.13423538208008,0.9722610116004944,0.4987500011920929,0.17829856276512146,-0.04402150586247444,0.5732038021087646
2384,36.15508270263672,0.9857603907585144,0.4993000030517578,0.1782860904932022,0.0010091218864545226,0.5787514448165894
2385,36.150367736816406,0.9883608222007751,0.499224990606308,0.1782722771167755,-0.0035866843536496162,0.559043824672699
2386,36.13050079345703,0.9893482327461243,0.4973600208759308,0.17822521924972534,-0.014625507406890392,0.5780941247940063
2387,36.13233184814453,0.987520158290863,0.49869999289512634,0.1782020479440689,-0.023949189111590385,0.5820351243019104
2388,36.14091491699219,0.982921302318573,0.4986349940299988,0.17817772924900055,-0.017799660563468933,0.5715540051460266
2389,36.137393951416016,0.9757071733474731,0.5022600293159485,0.17821800708770752,-0.022522859275341034,0.5932455062866211
2390,36.11467361450195,0.9728357195854187,0.5010850429534912,0.17823733389377594,-0.008996662683784962,0.5841262340545654
2391,36.131961822509766,0.981695294380188,0.4994649887084961,0.17822779715061188,-0.025468435138463974,0.5723376274108887
2392,36.1339225769043,0.9812244772911072,0.49756503105163574,0.1781844049692154,-0.009371851570904255,0.5805364847183228
2393,36.13426208496094,0.9673750996589661,0.5005500316619873,0.17819419503211975,-0.01727074198424816,0.5826765894889832
2394,36.13515090942383,0.9913546442985535,0.5015450119972229,0.17822173237800598,-0.011839388869702816,0.5775769948959351
2395,36.135684967041016,0.9727556705474854,0.49768000841140747,0.17818038165569305,-0.03519527614116669,0.5893428921699524
2396,36.14101791381836,0.9751741290092468,0.49999502301216125,0.1781802922487259,-0.01018802635371685,0.588401198387146
2397,36.15535354614258,0.9891931414604187,0.5012199878692627,0.17820201814174652,-0.01090613566339016,0.5816267132759094
2398,36.1295166015625,0.987134575843811,0.5002399682998657,0.17820629477500916,-0.030898701399564743,0.5783915519714355
2399,36.1312370300293,0.9741924405097961,0.5003250241279602,0.17821209132671356,0.009762609377503395,0.5687134861946106
2400,36.152591705322266,1.0151704549789429,0.49958497285842896,0.1782047003507614,-0.022164929658174515,0.5713136196136475
2401,36.131675720214844,0.9857494831085205,0.5005000233650208,0.17821359634399414,-0.022783251479268074,0.5673456192016602
2402,36.126251220703125,0.983180820941925,0.5008400082588196,0.17822857201099396,-0.018550846725702286,0.574533224105835
2403,36.15663528442383,0.9910613298416138,0.4984849989414215,0.1782015711069107,-0.014619062654674053,0.5844007730484009
2404,36.1392936706543,0.9879119992256165,0.49869996309280396,0.17817839980125427,-0.004665966145694256,0.5804035067558289
2405,36.13695526123047,0.987726628780365,0.5002449750900269,0.17818278074264526,-0.0485210120677948,0.5714884400367737
2406,36.139488220214844,0.9719587564468384,0.5007799863815308,0.17819666862487793,-0.018501615151762962,0.5803335309028625
2407,36.137290954589844,0.969942033290863,0.5006700158119202,0.1782086044549942,-0.013647849671542645,0.5587852597236633
2408,36.137596130371094,0.9932922720909119,0.4978000223636627,0.1781693994998932,-0.008192548528313637,0.5711377263069153
2409,36.12714385986328,0.9793062806129456,0.49820998311042786,0.17813751101493835,-0.007662107236683369,0.5738723278045654
2410,36.145320892333984,0.998606264591217,0.5012450218200684,0.1781596839427948,-0.015995295718312263,0.5659126043319702
2411,36.138553619384766,0.9844328165054321,0.5012550354003906,0.17818205058574677,0.003657055087387562,0.5855666995048523
2412,36.12999725341797,0.9891852736473083,0.5003250241279602,0.17818784713745117,-0.0010991059243679047,0.5743457674980164
2413,36.15745544433594,1.0166243314743042,0.5015549659729004,0.17821554839611053,-0.014866323210299015,0.5784895420074463
2414,36.145538330078125,0.9899005889892578,0.49720999598503113,0.17816582322120667,-0.006401019170880318,0.5601794123649597
2415,36.14223861694336,1.0043697357177734,0.5008950233459473,0.17818176746368408,-0.028804991394281387,0.5746854543685913
2416,36.14234161376953,1.0001966953277588,0.501960039138794,0.17821668088436127,0.0074906605295836926,0.5777334570884705
2417,36.135433197021484,0.9868161082267761,0.500260055065155,0.17822131514549255,-0.013564890250563622,0.5672339200973511
2418,36.136375427246094,1.007885456085205,0.5028500556945801,0.17827211320400238,-0.022913921624422073,0.5797287821769714
2419,36.15475845336914,0.9870952367782593,0.4988100230693817,0.17825090885162354,-0.013935811817646027,0.5630393028259277
2420,36.13522720336914,0.9933823347091675,0.5001200437545776,0.17825305461883545,-0.024180231615900993,0.5730990171432495
2421,36.12913513183594,0.9933127164840698,0.5013750195503235,0.17827755212783813,0.00018069650104735047,0.5670684576034546
2422,36.16020202636719,1.012148380279541,0.4997349977493286,0.17827282845973969,-0.0011352720903232694,0.566058337688446
2423,36.13032150268555,0.9687257409095764,0.5003200173377991,0.17827852070331573,-0.010738996788859367,0.5793348550796509
2424,36.12177276611328,0.9969950318336487,0.5002550482749939,0.17828306555747986,-0.043490611016750336,0.5828255414962769
2425,36.143280029296875,0.9896127581596375,0.49954500794410706,0.1782749593257904,-0.01293252781033516,0.5690746903419495
2426,36.13835144042969,0.9800547957420349,0.502530038356781,0.178320050239563,-0.007267114706337452,0.5721941590309143
2427,36.13393783569336,0.9845833778381348,0.4983599781990051,0.17829079926013947,-0.003952846862375736,0.5752084255218506
2428,36.12547302246094,0.9863569736480713,0.5010700225830078,0.17830988764762878,-0.01185595989227295,0.5822013020515442
2429,36.13998031616211,0.9913332462310791,0.5001149773597717,0.17831192910671234,-0.011224005371332169,0.5811190009117126
2430,36.14109420776367,0.986995279788971,0.5004400014877319,0.1783197671175003,-0.004514767788350582,0.560312807559967
2431,36.147518157958984,0.989629328250885,0.5018799901008606,0.17835329473018646,-0.015437032096087933,0.5767234563827515
2432,36.12928771972656,0.9819965958595276,0.4993100166320801,0.17834098637104034,-0.0005882549448870122,0.5762875080108643
2433,36.148406982421875,0.9848096370697021,0.49981001019477844,0.17833758890628815,-0.01599893718957901,0.5779345631599426
2434,36.13716125488281,0.9821300506591797,0.49905499815940857,0.1783207356929779,-0.02825142629444599,0.5810236930847168
2435,36.136756896972656,0.9892647862434387,0.502530038356781,0.17836584150791168,-0.03561720624566078,0.5764845013618469
2436,36.13732147216797,0.9810903072357178,0.5021299719810486,0.178403839468956,-0.009508964605629444,0.5739985108375549
2437,36.1414794921875,0.9915804266929626,0.5019149780273438,0.1784379929304123,-0.012248837389051914,0.569299578666687
2438,36.13362121582031,0.9828241467475891,0.49864500761032104,0.17841382324695587,-0.026441048830747604,0.5734506249427795
2439,36.13050079345703,0.9713459014892578,0.4976300299167633,0.17837154865264893,-0.04235943406820297,0.585647463798523
2440,36.15835952758789,0.9944517612457275,0.49636000394821167,0.17830662429332733,-0.027946554124355316,0.561275839805603
2441,36.149444580078125,1.0059720277786255,0.4992400109767914,0.17829307913780212,-0.007228006608784199,0.5731394290924072
2442,36.131072998046875,1.014782190322876,0.49925002455711365,0.17827971279621124,-0.027125149965286255,0.5766104459762573
2443,36.13943862915039,0.9663873910903931,0.5012900233268738,0.17830270528793335,-0.02988268807530403,0.5801804661750793
2444,36.14871597290039,0.9826027154922485,0.4994800090789795,0.17829343676567078,-0.005259163677692413,0.5721747279167175
2445,36.121246337890625,0.9692498445510864,0.5006850361824036,0.17830565571784973,-0.025782957673072815,0.5707593560218811
2446,36.12464141845703,0.9873716831207275,0.5009099841117859,0.17832186818122864,0.007497998420149088,0.5966642498970032
2447,36.15743637084961,0.9937377572059631,0.4992299973964691,0.1783081293106079,-0.0025130778085440397,0.5770893096923828
2448,36.152793884277344,1.011436104774475,0.5016400218009949,0.17833738029003143,-0.018428504467010498,0.563210129737854
2449,36.13758087158203,0.9698012471199036,0.5011399984359741,0.17835770547389984,-0.00394572876393795,0.5788218379020691
2450,36.144962310791016,0.9960333704948425,0.5011100172996521,0.17837749421596527,-0.015116223134100437,0.5796427130699158
2451,36.138423919677734,0.991120457649231,0.4993800222873688,0.17836643755435944,0.008857796899974346,0.5688382983207703
2452,36.143348693847656,0.9901958703994751,0.4986000061035156,0.17834146320819855,0.0021099993027746677,0.5791621804237366
2453,36.147552490234375,0.9973642230033875,0.5021650195121765,0.1783800721168518,0.005348930601030588,0.5910296440124512
2454,36.12253952026367,0.9688569903373718,0.5009050369262695,0.17839621007442474,-0.02144874446094036,0.5730124115943909
2455,36.155296325683594,1.009242296218872,0.49757999181747437,0.17835304141044617,-0.0064507401548326015,0.5762121081352234
2456,36.137351989746094,0.983636736869812,0.500885009765625,0.17836882174015045,-0.026390088722109795,0.5727750658988953
2457,36.13998794555664,0.9991846084594727,0.5008050203323364,0.17838317155838013,-0.0389627106487751,0.5824236869812012
2458,36.14662551879883,0.9877649545669556,0.5009999871253967,0.17840100824832916,-0.0064451489597558975,0.5564068555831909
2459,36.15088653564453,0.9880774617195129,0.5012750029563904,0.17842376232147217,-0.008273935876786709,0.5627685189247131
2460,36.14439392089844,0.9879374504089355,0.49702998995780945,0.17837077379226685,0.006096835248172283,0.5733937621116638
2461,36.138999938964844,0.986017107963562,0.49869504570961,0.17834749817848206,-0.026610977947711945,0.5651871562004089
2462,36.148094177246094,0.9889646768569946,0.5039250254631042,0.17841750383377075,-0.04415535554289818,0.5937697291374207
2463,36.14030456542969,0.9775635004043579,0.49809500575065613,0.17838351428508759,-0.02028568647801876,0.5942121148109436
2464,36.135414123535156,0.9921911358833313,0.5015850067138672,0.1784117966890335,-0.0004054465389344841,0.5802975296974182
2465,36.1391487121582,0.9926626086235046,0.49975502490997314,0.1784074306488037,-0.0015284710098057985,0.5851024985313416
2466,36.13603210449219,0.9785194396972656,0.4989350140094757,0.17838843166828156,-0.011841931380331516,0.5569971799850464
2467,36.13481521606445,0.9905653595924377,0.49732503294944763,0.17834071815013885,-0.02689621038734913,0.5778279900550842
2468,36.122962951660156,0.9844081401824951,0.5011100172996521,0.17836050689220428,-0.0102797606959939,0.5615142583847046
2469,36.15589141845703,0.9984654784202576,0.49845001101493835,0.1783328652381897,-0.00199978263117373,0.5861024856567383
2470,36.136817932128906,0.9880151748657227,0.5009549856185913,0.17834989726543427,0.012217728421092033,0.5756916403770447
2471,36.13505172729492,0.9987983703613281,0.5006449818611145,0.17836140096187592,-0.02624143287539482,0.5827430486679077
2472,36.14873504638672,0.9850106239318848,0.49803999066352844,0.17832644283771515,-0.0019112706650048494,0.5752100944519043
2473,36.142250061035156,0.9658242464065552,0.5029150247573853,0.1783784180879593,-0.023845894262194633,0.5786126852035522
2474,36.13726806640625,0.9809772968292236,0.4993250072002411,0.17836637794971466,0.002400829456746578,0.5689674019813538
2475,36.13825607299805,1.0008975267410278,0.5023550391197205,0.1784083992242813,-0.0097991107031703,0.5713121891021729
2476,36.14766311645508,0.9846420288085938,0.4979250133037567,0.1783713847398758,-0.010992367751896381,0.5677567720413208
2477,36.14120864868164,0.9807717800140381,0.49627000093460083,0.17830485105514526,-0.012646502815186977,0.5662733912467957
2478,36.13018035888672,0.980283260345459,0.5005699992179871,0.17831501364707947,-0.01599685288965702,0.5800787806510925
2479,36.140625,0.9781752228736877,0.4994950294494629,0.17830601334571838,-0.014008482918143272,0.5902541279792786
2480,36.14764404296875,0.9840756058692932,0.49888497591018677,0.1782861351966858,-0.01200821902602911,0.572725772857666
2481,36.144954681396484,0.9796165823936462,0.5007950067520142,0.17830030620098114,-0.021663794293999672,0.5788813233375549
2482,36.14581298828125,0.970516562461853,0.499144971370697,0.17828506231307983,-0.013299662619829178,0.5671504735946655
2483,36.143062591552734,0.995898425579071,0.499004989862442,0.17826732993125916,0.0019641804974526167,0.5747830271720886
2484,36.1451301574707,0.9863885045051575,0.5000700354576111,0.17826858162879944,-0.009820930659770966,0.5729449987411499
2485,36.15407180786133,1.003495693206787,0.5005450248718262,0.17827829718589783,-0.008785066194832325,0.5734119415283203
2486,36.14268493652344,0.9766318202018738,0.49916499853134155,0.17826341092586517,8.13198130344972e-05,0.5783292651176453
2487,36.14769744873047,1.0013381242752075,0.4994850158691406,0.17825423181056976,-0.010070540010929108,0.5753915905952454
2488,36.14179229736328,0.979912281036377,0.500499963760376,0.17826314270496368,-0.0038072816096246243,0.5714824795722961
2489,36.14688491821289,0.9857312440872192,0.5012100338935852,0.17828470468521118,-0.019245170056819916,0.5546126365661621
2490,36.132659912109375,0.9733798503875732,0.4975850284099579,0.17824164032936096,-0.016726743429899216,0.5599777102470398
2491,36.126731872558594,0.9702743887901306,0.5012850165367126,0.1782645434141159,-0.0016711207572370768,0.570264458656311
2492,36.14356994628906,0.9783821105957031,0.5024400353431702,0.17830803990364075,-0.029313500970602036,0.5753453373908997
2493,36.141571044921875,0.9741225838661194,0.5021200180053711,0.17834582924842834,-0.026900090277194977,0.5730326175689697
2494,36.13642883300781,0.9674389958381653,0.4989050030708313,0.1783263087272644,-0.015489393845200539,0.578312337398529
2495,36.13948440551758,0.9905734658241272,0.5001299977302551,0.17832863330841064,-0.019182270392775536,0.5760728120803833
2496,36.14383316040039,0.9878013730049133,0.5038999915122986,0.17839819192886353,-0.03308131918311119,0.5789300799369812
2497,36.146080017089844,0.9799087047576904,0.49985501170158386,0.178395614027977,0.0007685036980547011,0.574630618095398
2498,36.13677978515625,0.9761573076248169,0.5019299983978271,0.17843005061149597,-0.0294483732432127,0.5589841604232788
2499,36.15357208251953,0.9925170540809631,0.4980050027370453,0.17839445173740387,-0.004518541507422924,0.5863277912139893
2500,36.13825988769531,0.9826105237007141,0.4994850158691406,0.17838525772094727,-0.015602522529661655,0.587993860244751
2501,36.13568115234375,0.9662333726882935,0.5005600452423096,0.17839525640010834,-0.014929591678082943,0.5799270868301392
2502,36.133888244628906,0.9753788113594055,0.4986000061035156,0.17837028205394745,-0.017378468066453934,0.5746752023696899
2503,36.12955093383789,0.9622642397880554,0.5019000172615051,0.17840418219566345,-0.024361731484532356,0.5736587643623352
2504,36.13730239868164,0.9651535749435425,0.5010650157928467,0.1784231811761856,-0.028787989169359207,0.5760884284973145
2505,36.13594436645508,0.9604503512382507,0.49984002113342285,0.17842033505439758,-0.020371029153466225,0.5772686004638672
2506,36.14109802246094,0.9832049608230591,0.4980449974536896,0.17838545143604279,-0.006446276791393757,0.5787732601165771
2507,36.139854431152344,0.9745549559593201,0.5021400451660156,0.17842362821102142,-0.012529511004686356,0.57853764295578
2508,36.145172119140625,0.9682353138923645,0.499099999666214,0.17840756475925446,-0.013819483108818531,0.5802100896835327
2509,36.134178161621094,0.9824205636978149,0.4967550039291382,0.17834967374801636,-0.04171862080693245,0.5754358172416687
2510,36.13672637939453,0.9814240336418152,0.49990999698638916,0.17834806442260742,0.004127407446503639,0.5675274133682251
2511,36.14970016479492,0.9807831048965454,0.4975700080394745,0.17830471694469452,-0.012037981301546097,0.5717595815658569
2512,36.142269134521484,0.9952795505523682,0.49975502490997314,0.17830035090446472,-0.0471854992210865,0.5642439126968384
2513,36.13528823852539,0.971023678779602,0.5009599924087524,0.17831745743751526,-0.024903031066060066,0.5781576037406921
2514,36.138492584228516,0.9816901683807373,0.49700501561164856,0.1782640516757965,-0.02400440350174904,0.5726821422576904
2515,36.14427185058594,1.0050666332244873,0.4998300075531006,0.17826102674007416,-0.022824890911579132,0.5726163983345032
2516,36.14491653442383,0.9820778965950012,0.49692001938819885,0.17820613086223602,-0.002139855409041047,0.5681697130203247
2517,36.12961959838867,0.9764484167098999,0.5002399682998657,0.17821040749549866,-0.025328874588012695,0.5911369323730469
2518,36.13191604614258,0.9819984436035156,0.500944972038269,0.1782272607088089,-0.017508218064904213,0.5674521327018738
2519,36.147178649902344,0.9827414751052856,0.49787500500679016,0.17818938195705414,-0.0056270514614880085,0.5633214116096497
2520,36.13229751586914,0.9741882085800171,0.5014699697494507,0.17821557819843292,0.0015901299193501472,0.574703574180603
2521,36.14046859741211,0.9852039217948914,0.4994550049304962,0.17820586264133453,-0.006749419029802084,0.5782580375671387
2522,36.14008331298828,0.9863532781600952,0.5004600286483765,0.17821405827999115,-0.005521157756447792,0.5888227820396423
2523,36.1395378112793,0.9652677178382874,0.5004050135612488,0.17822128534317017,-0.010124797001481056,0.5828542709350586
2524,36.134033203125,0.9685846567153931,0.4993100166320801,0.17820897698402405,-0.005009922198951244,0.5722193121910095
2525,36.13611602783203,0.9797231554985046,0.5004799962043762,0.1782175451517105,-0.023664185777306557,0.5585930943489075
2526,36.145294189453125,0.9730752110481262,0.4997200071811676,0.17821255326271057,-0.01587638258934021,0.5647795796394348
2527,36.134986877441406,0.9686415791511536,0.5011450052261353,0.17823295295238495,0.004557041451334953,0.5657501220703125
2528,36.130775451660156,0.9861270785331726,0.4993100166320801,0.17822064459323883,-0.01827101968228817,0.5900824666023254
2529,36.137367248535156,0.9865549206733704,0.49889999628067017,0.17820103466510773,-0.020549947395920753,0.5695014595985413
2530,36.142547607421875,0.9685313105583191,0.4980050027370453,0.1781654804944992,-0.02420509047806263,0.5764355063438416
2531,36.126766204833984,0.9802830219268799,0.500855028629303,0.17818070948123932,-0.00826208759099245,0.5666278600692749
2532,36.14181137084961,0.9961972236633301,0.49995002150535583,0.1781798154115677,-0.034161120653152466,0.5763788223266602
2533,36.15689468383789,0.986451268196106,0.5006950497627258,0.17819219827651978,0.01099174190312624,0.5838294625282288
2534,36.13219451904297,0.9909826517105103,0.50114506483078,0.17821261286735535,-0.03882391378283501,0.5773393511772156
2535,36.133663177490234,0.9905143976211548,0.5006300210952759,0.17822383344173431,-0.029938532039523125,0.5712400674819946
2536,36.154335021972656,0.9983334541320801,0.49738001823425293,0.1781771332025528,0.012308245524764061,0.5730418562889099
2537,36.14301681518555,0.9850305318832397,0.49505501985549927,0.17808902263641357,0.014975350350141525,0.561005175113678
2538,36.12331771850586,1.0219900608062744,0.5001000165939331,0.17809081077575684,-0.002720923162996769,0.5808688998222351
2539,36.14541244506836,1.0014759302139282,0.4991549849510193,0.17807576060295105,-0.0021786014549434185,0.5599077939987183
2540,36.14540100097656,0.9757823348045349,0.5009549856185913,0.17809276282787323,0.003669618396088481,0.5755822062492371
2541,36.13315963745117,0.9824729561805725,0.4995099902153015,0.17808403074741364,-0.01009241584688425,0.5699836611747742
2542,36.1346549987793,0.9903945922851562,0.499239981174469,0.17807050049304962,-0.017174096778035164,0.5713865160942078
2543,36.14442443847656,0.9881924986839294,0.4995100200176239,0.17806178331375122,-0.014024518430233002,0.5708659291267395
2544,36.15682601928711,1.0066380500793457,0.5000649690628052,0.17806293070316315,-0.018721019849181175,0.5700222253799438
2545,36.134700775146484,0.9796929955482483,0.5033349990844727,0.17812232673168182,-0.010796752758324146,0.5784984827041626
2546,36.1529541015625,1.0043340921401978,0.5032050013542175,0.17817942798137665,-0.007099435664713383,0.578697144985199
2547,36.140480041503906,0.9965761303901672,0.4975550174713135,0.17813585698604584,-0.02816997468471527,0.5769441723823547
2548,36.13272476196289,0.985490620136261,0.4997499883174896,0.17813140153884888,-0.002022859640419483,0.5697394013404846
2549,36.14270782470703,0.9891619682312012,0.5024999976158142,0.1781759262084961,0.0005751462304033339,0.5622764825820923
2550,36.13269805908203,0.9848580360412598,0.5021550059318542,0.17821432650089264,-0.024949640035629272,0.5730409622192383
2551,36.15508270263672,0.9961698651313782,0.49768000841140747,0.1781729906797409,-0.0031025162898004055,0.5867727994918823
2552,36.15618896484375,0.9897645115852356,0.5006450414657593,0.17818447947502136,0.010186680592596531,0.5819570422172546
2553,36.14176940917969,0.9781221747398376,0.5010600090026855,0.17820335924625397,-0.011236807331442833,0.5838402509689331
2554,36.14064407348633,0.9683595895767212,0.5011900067329407,0.1782245635986328,-0.014596664346754551,0.5682207942008972
2555,36.1403694152832,0.9765057563781738,0.50204998254776,0.17826110124588013,-0.008633957244455814,0.5842891335487366
2556,36.12846755981445,0.9728660583496094,0.4985699951648712,0.17823560535907745,-0.031061742454767227,0.5705588459968567
2557,36.133750915527344,0.9775963425636292,0.4977399706840515,0.17819532752037048,-0.0025855046696960926,0.5694848895072937
2558,36.14613723754883,0.9754993319511414,0.5008100271224976,0.17820976674556732,0.009030361659824848,0.5684641599655151
2559,36.134117126464844,0.9723124504089355,0.4991549849510193,0.17819470167160034,-0.019774949178099632,0.5723568797111511
2560,36.13742446899414,0.9856715798377991,0.4982849955558777,0.17816413938999176,-0.035445742309093475,0.5747594237327576
2561,36.142948150634766,0.9740992188453674,0.4990300238132477,0.1781468689441681,-0.013549561612308025,0.5772189497947693
2562,36.13502883911133,0.9692426323890686,0.5024850368499756,0.178191140294075,0.00011864853149745613,0.586534321308136
2563,36.1400146484375,0.9703336954116821,0.5011350512504578,0.17821136116981506,-0.0114979213103652,0.5679277181625366
2564,36.13240432739258,0.9843862652778625,0.4984999895095825,0.1781846284866333,-0.03875572979450226,0.5785523653030396
2565,36.14752197265625,0.9931809306144714,0.4992550015449524,0.17817135155200958,-0.008916215971112251,0.5581240057945251
2566,36.1452522277832,0.9809020161628723,0.5005049705505371,0.17818035185337067,-0.006286322139203548,0.5782223343849182
2567,36.131019592285156,0.9796373248100281,0.4991750121116638,0.17816565930843353,-0.03811673820018768,0.5813612341880798
2568,36.14436721801758,0.9779927134513855,0.49590998888015747,0.17809279263019562,-0.003994791302829981,0.5805196762084961
2569,36.145572662353516,0.9844414591789246,0.49930498003959656,0.17808040976524353,-0.00541771249845624,0.5727090835571289
2570,36.14621353149414,0.9847303628921509,0.5013299584388733,0.17810410261154175,-0.006046186666935682,0.5770818591117859
2571,36.142982482910156,0.9783984422683716,0.49955999851226807,0.17809626460075378,-0.012924152426421642,0.5693336725234985
2572,36.146629333496094,0.9919984340667725,0.49958497285842896,0.17808887362480164,-0.010232988744974136,0.5726328492164612
2573,36.14006042480469,0.9764150381088257,0.4995650053024292,0.17808112502098083,-0.0006261473172344267,0.5734748244285583
2574,36.14167785644531,0.9801145792007446,0.5002099871635437,0.1780848652124405,-0.013136950321495533,0.5579142570495605
2575,36.14524459838867,0.9919121861457825,0.5010800361633301,0.17810410261154175,-0.03361991420388222,0.5941945910453796
2576,36.14238739013672,0.9657662510871887,0.500635027885437,0.17811541259288788,-0.017439696937799454,0.5729643702507019
2577,36.13558578491211,0.9688705801963806,0.49885499477386475,0.1780950129032135,-0.0027139645535498857,0.5729923844337463
2578,36.14101791381836,0.9751275777816772,0.5006049871444702,0.17810580134391785,-0.041007645428180695,0.585189163684845
2579,36.144779205322266,0.9743055105209351,0.5010700225830078,0.17812487483024597,-0.017880773171782494,0.5848554968833923
2580,36.13611602783203,0.9845959544181824,0.49985000491142273,0.17812219262123108,-0.01512316707521677,0.5526278614997864
2581,36.13981246948242,0.9813046455383301,0.5003349781036377,0.17812815308570862,-0.018740033730864525,0.5911357402801514
2582,36.13206100463867,0.9707304835319519,0.5019199848175049,0.1781623661518097,-0.02254156768321991,0.5795048475265503
2583,36.13428497314453,0.9658623337745667,0.5010800361633301,0.17818160355091095,0.004879252519458532,0.556342363357544
2584,36.142154693603516,0.9869490265846252,0.5007599592208862,0.17819514870643616,0.0037130624987185,0.565169095993042
2585,36.142539978027344,0.9871878027915955,0.5013599991798401,0.17821939289569855,-0.01081110816448927,0.5707894563674927
2586,36.130638122558594,0.970274806022644,0.5008600354194641,0.17823471128940582,-0.006826417520642281,0.5863696336746216
2587,36.133819580078125,0.9661314487457275,0.4982549846172333,0.17820361256599426,-0.0153190353885293,0.5707427859306335
2588,36.13871765136719,0.9620652198791504,0.500415027141571,0.1782110035419464,-0.011421860195696354,0.5657612085342407
2589,36.1224365234375,0.9784532189369202,0.5017200112342834,0.17824165523052216,-0.00627693347632885,0.5747976899147034
2590,36.1264533996582,0.9620888829231262,0.4975399971008301,0.17819781601428986,-0.02232798933982849,0.5816931128501892
2591,36.146453857421875,0.9726799726486206,0.4994000196456909,0.17818711698055267,-0.005786954425275326,0.5723159313201904
2592,36.1414909362793,0.9745492935180664,0.502240002155304,0.178227037191391,-0.03290420025587082,0.5766355991363525
2593,36.13481140136719,0.9919326305389404,0.5017549991607666,0.17825831472873688,-0.016526607796549797,0.569939911365509
2594,36.151554107666016,0.9730238318443298,0.5008950233459473,0.1782742738723755,-0.0040354239754378796,0.5806739330291748
2595,36.143375396728516,0.9756127595901489,0.4983749985694885,0.17824530601501465,-0.03156419098377228,0.5796851515769958
2596,36.144691467285156,0.9917024374008179,0.4996500015258789,0.17823906242847443,-0.0014830222353339195,0.5907517671585083
2597,36.14466857910156,0.9846187233924866,0.49990999698638916,0.1782374531030655,0.015500586479902267,0.5782439708709717
2598,36.149375915527344,0.9837073087692261,0.4969850182533264,0.17818371951580048,0.006415395066142082,0.5800781846046448
2599,36.145469665527344,0.9951813817024231,0.5006899833679199,0.1781960129737854,-0.0057736593298614025,0.5644533634185791
2600,36.13840103149414,0.9817704558372498,0.5018850564956665,0.17822960019111633,-0.019907308742403984,0.5706619024276733
2601,36.14887237548828,0.9851307272911072,0.49746498465538025,0.1781844198703766,-0.025999300181865692,0.5809325575828552
2602,36.131954193115234,0.9900506734848022,0.49996498227119446,0.17818379402160645,-0.009069950319826603,0.5772953033447266
2603,36.141868591308594,0.9655575156211853,0.5009250044822693,0.17820027470588684,0.0019221887923777103,0.5898511409759521
2604,36.122684478759766,0.9754347205162048,0.5014100074768066,0.17822539806365967,-0.02206714265048504,0.5821422338485718
2605,36.14401626586914,0.9758391976356506,0.49877500534057617,0.17820356786251068,-0.014253322966396809,0.5607220530509949
2606,36.14833068847656,0.9751636981964111,0.49874502420425415,0.17818120121955872,0.010516407899558544,0.5741239786148071
2607,36.13555908203125,0.9841270446777344,0.49982500076293945,0.178178071975708,-0.004856459330767393,0.581774890422821
2608,36.13920593261719,0.9729114770889282,0.5005899667739868,0.17818859219551086,-0.032714881002902985,0.5830751061439514
2609,36.14315414428711,0.9726026058197021,0.496940016746521,0.17813406884670258,-0.0031816591508686543,0.5758333206176758
2610,36.144168853759766,0.9905054569244385,0.4985550045967102,0.1781083345413208,0.0007857151213102043,0.5801237225532532
2611,36.13327407836914,0.9781549572944641,0.49834001064300537,0.1780787706375122,-0.009140814654529095,0.5893588662147522
2612,36.14432907104492,0.9755339026451111,0.4987749755382538,0.17805695533752441,-0.013018525205552578,0.5901054739952087
2613,36.13498306274414,0.9776467084884644,0.5006600022315979,0.17806871235370636,-0.011985266581177711,0.5688443779945374
2614,36.126861572265625,0.9684560298919678,0.499224990606308,0.17805491387844086,-0.009038355201482773,0.5730945467948914
2615,36.14729309082031,0.986044704914093,0.4982750117778778,0.17802420258522034,0.019706929102540016,0.5718427896499634
2616,36.14056396484375,0.9839387536048889,0.4995400011539459,0.17801600694656372,0.0012382384156808257,0.5737860798835754
2617,36.13924789428711,0.9902781248092651,0.4997999668121338,0.1780124455690384,-0.015844011679291725,0.564948558807373
2618,36.14641571044922,0.9801996350288391,0.502465009689331,0.17805632948875427,-0.033090636134147644,0.5775576233863831
2619,36.129913330078125,0.9724896550178528,0.5022850036621094,0.17809702455997467,-0.015409843064844608,0.5684854984283447
2620,36.141117095947266,0.9753854870796204,0.4987950026988983,0.17807556688785553,-0.014903672970831394,0.5849841237068176
2621,36.14052963256836,0.9740628004074097,0.4999200105667114,0.17807415127754211,-0.031643107533454895,0.5632027387619019
2622,36.13414764404297,0.9730721116065979,0.5003049969673157,0.17807959020137787,-0.016538307070732117,0.5792936086654663
2623,36.14369201660156,0.9752826690673828,0.5005550384521484,0.17808948457241058,-0.015710119158029556,0.5805094838142395
2624,36.14571762084961,0.9957143068313599,0.5004550218582153,0.17809759080410004,-0.005141148809343576,0.5661959052085876
2625,36.12912368774414,0.9803466200828552,0.4991700053215027,0.17808280885219574,-0.031672924757003784,0.5675592422485352
2626,36.14280700683594,0.9750034809112549,0.49893999099731445,0.17806392908096313,-0.0011049776803702116,0.5770696401596069
2627,36.133975982666016,0.9666450619697571,0.49994999170303345,0.1780630350112915,-0.004002411849796772,0.5530369877815247
2628,36.1297492980957,0.9689593315124512,0.502685010433197,0.17811083793640137,-0.02930320054292679,0.5988669395446777
2629,36.146549224853516,0.9761093854904175,0.4991350471973419,0.17809543013572693,0.006239535287022591,0.5739458799362183
2630,36.14126205444336,0.9683817625045776,0.5017350316047668,0.17812632024288177,-0.016549058258533478,0.5724878311157227
2631,36.14108657836914,0.9887794852256775,0.49990999698638916,0.17812471091747284,-0.026267603039741516,0.5798149108886719
2632,36.13926696777344,0.963667094707489,0.5014699697494507,0.17815089225769043,-0.009084375575184822,0.5721759796142578
2633,36.15089797973633,0.9885442852973938,0.4994950294494629,0.17814189195632935,-0.00885582435876131,0.5777680277824402
2634,36.1286506652832,0.9691003561019897,0.497979998588562,0.1781059056520462,-0.03178431838750839,0.580051064491272
2635,36.14188003540039,0.9863665699958801,0.5009049773216248,0.17812201380729675,-0.009568706154823303,0.5478259921073914
2636,36.142181396484375,0.9670553207397461,0.49787503480911255,0.17808416485786438,-0.017188725993037224,0.5814571380615234
2637,36.12786102294922,0.9734308123588562,0.5015550255775452,0.17811185121536255,-0.021341761574149132,0.5828309059143066
2638,36.14126968383789,0.991958498954773,0.4965150058269501,0.17804977297782898,-0.016016293317079544,0.5625975728034973
2639,36.15011978149414,0.9767526984214783,0.501550018787384,0.17807736992835999,-0.006497688591480255,0.5712670087814331
2640,36.14377212524414,0.9739765524864197,0.5016649961471558,0.17810702323913574,-0.0059396857395768166,0.5670541524887085
2641,36.13511276245117,0.9917231798171997,0.5013600587844849,0.17813125252723694,-0.018779318779706955,0.5676199793815613
2642,36.14436340332031,0.9646973609924316,0.49762997031211853,0.17808903753757477,0.007892647758126259,0.5656787157058716
2643,36.16157531738281,0.9983507990837097,0.4998299777507782,0.17808601260185242,0.008476612158119678,0.5761886835098267
2644,36.13932418823242,0.9876016974449158,0.5014150142669678,0.1781112104654312,-0.015018881298601627,0.5632187724113464
2645,36.14185333251953,0.9654896259307861,0.49905502796173096,0.17809438705444336,-0.03224211186170578,0.567481517791748
2646,36.155826568603516,0.9887518286705017,0.5019850134849548,0.17812973260879517,0.015573668293654919,0.5519595742225647
2647,36.12773132324219,0.9756295084953308,0.5005350112915039,0.17813926935195923,0.0008165622130036354,0.5761711001396179
2648,36.12336730957031,0.9682756662368774,0.49873000383377075,0.17811664938926697,-0.02515612728893757,0.5784255862236023
2649,36.15803146362305,0.9863756895065308,0.4972449839115143,0.17806757986545563,0.0038548156153410673,0.5773163437843323
2650,36.14128494262695,0.9748096466064453,0.5000500082969666,0.17806847393512726,0.015597445890307426,0.5913891196250916
2651,36.12882995605469,0.9891376495361328,0.49846500158309937,0.17804114520549774,-0.03292332589626312,0.5679402947425842
2652,36.141971588134766,0.9755344986915588,0.4977400004863739,0.17800089716911316,0.012726315297186375,0.5682119727134705
2653,36.158565521240234,0.9958896636962891,0.5007399916648865,0.17801406979560852,-0.02977176383137703,0.5793328881263733
2654,36.12263488769531,0.9922112226486206,0.5019449591636658,0.17804870009422302,-0.010759723372757435,0.585345983505249
2655,36.130523681640625,0.9721965193748474,0.49972501397132874,0.17804381251335144,0.0019279404077678919,0.5790569186210632
2656,36.16734313964844,1.0064244270324707,0.49900999665260315,0.17802618443965912,0.0009483113535679877,0.5570675730705261
2657,36.15031814575195,0.991057276725769,0.5026600360870361,0.17807352542877197,-0.004452226683497429,0.5744870901107788
2658,36.13011932373047,0.9999397397041321,0.5020300149917603,0.17810967564582825,-0.027578212320804596,0.577153205871582
2659,36.14771270751953,0.9716461300849915,0.4985400140285492,0.17808367311954498,-0.010956397280097008,0.5703496932983398
2660,36.161197662353516,1.0012292861938477,0.5018050074577332,0.1781158149242401,0.0155936973169446,0.5564054250717163
2661,36.129886627197266,0.9682676792144775,0.5003950595855713,0.1781228482723236,-0.01052218396216631,0.5754774808883667
2662,36.133628845214844,1.0020995140075684,0.5028149485588074,0.1781729757785797,-0.014207524247467518,0.5814363956451416
2663,36.13881301879883,0.9761586785316467,0.4995650053024292,0.1781652271747589,-0.023615341633558273,0.5600095391273499
2664,36.141632080078125,0.974187433719635,0.49957501888275146,0.17815765738487244,0.002704389626160264,0.5884135961532593
2665,36.1380729675293,0.9929973483085632,0.4989050030708313,0.1781381517648697,-0.017765657976269722,0.568755567073822
2666,36.13269805908203,0.9736076593399048,0.49873000383377075,0.17811553180217743,-0.018454885110259056,0.5617762804031372
2667,36.14909744262695,0.984144389629364,0.5023199915885925,0.17815685272216797,-0.022812901064753532,0.5737116932868958
2668,36.15280532836914,0.9764659404754639,0.4997599720954895,0.17815257608890533,-0.008550609461963177,0.5758960843086243
2669,36.123878479003906,0.9527570605278015,0.4985400140285492,0.17812657356262207,-0.013067790307104588,0.6018450856208801
2670,36.144771575927734,0.986698567867279,0.5012800097465515,0.17814937233924866,-0.022682752460241318,0.5679057836532593
2671,36.14822769165039,0.9718608856201172,0.4964649975299835,0.17808640003204346,-0.005149239208549261,0.5724941492080688
2672,36.13521957397461,0.9693653583526611,0.5009400248527527,0.17810314893722534,0.010303079150617123,0.5829825401306152
2673,36.13768768310547,0.9915997982025146,0.5001000165939331,0.1781049370765686,-0.005434172693639994,0.5622167587280273
2674,36.15196228027344,0.9884678721427917,0.49847498536109924,0.17807777225971222,0.0001932492305058986,0.5660060048103333
2675,36.151554107666016,0.9676820635795593,0.4993000030517578,0.17806531488895416,2.718544055824168e-05,0.5628440380096436
2676,36.130924224853516,0.995187520980835,0.5010200142860413,0.17808347940444946,-0.022908290848135948,0.5739418864250183
2677,36.149513244628906,0.9764040112495422,0.5002849698066711,0.17808854579925537,-0.006591418758034706,0.5837693214416504
2678,36.14524841308594,0.9867353439331055,0.501230001449585,0.17811045050621033,0.004857867024838924,0.5723708868026733
2679,36.14168930053711,0.9823716878890991,0.4982450306415558,0.17807920277118683,-0.016407813876867294,0.5764270424842834
2680,36.13694381713867,0.9689043164253235,0.5029200315475464,0.17813120782375336,-0.021743694320321083,0.5744627714157104
2681,36.13580322265625,0.9595633745193481,0.5004649758338928,0.17813949286937714,-0.010514914058148861,0.5649449825286865
2682,36.14504623413086,1.0036876201629639,0.4994300305843353,0.17812934517860413,0.004931661766022444,0.5816591382026672
2683,36.13325500488281,0.9672667980194092,0.5005900263786316,0.1781398504972458,-0.010023390874266624,0.5698755383491516
2684,36.142234802246094,0.9727891683578491,0.5000500082969666,0.17814074456691742,-0.005438783671706915,0.5844467878341675
2685,36.135738372802734,0.9795429110527039,0.5014649629592896,0.17816683650016785,-0.027645258232951164,0.5936388969421387
2686,36.14181900024414,0.9730600714683533,0.49907001852989197,0.1781502664089203,-0.015963150188326836,0.5724698305130005
2687,36.16447448730469,0.9923379421234131,0.500665009021759,0.1781621128320694,-0.0025045271031558514,0.5624646544456482
2688,36.13603210449219,0.9966249465942383,0.5025150179862976,0.1782069206237793,-0.05084170401096344,0.566959023475647
2689,36.140403747558594,0.9869576096534729,0.4991850256919861,0.1781924068927765,-0.012420973740518093,0.5752078294754028
2690,36.15580368041992,0.983121931552887,0.5008149743080139,0.1782069355249405,0.0014253774425014853,0.5652266144752502
2691,36.14264678955078,0.9803503751754761,0.5029850006103516,0.17826013267040253,-0.0342341884970665,0.5662249326705933
2692,36.1302490234375,0.9932807683944702,0.49930500984191895,0.17824774980545044,-0.013983254320919514,0.5821946859359741
2693,36.135074615478516,0.9763603806495667,0.5018500089645386,0.17828072607517242,-0.007460830267518759,0.588124692440033
2694,36.13853073120117,0.983360767364502,0.5024399757385254,0.17832423746585846,-0.022964252158999443,0.5867156982421875
2695,36.13209533691406,0.9730847477912903,0.4976949989795685,0.17828314006328583,-0.01253252848982811,0.5721245408058167
2696,36.12397766113281,0.977165937423706,0.5009199976921082,0.17829954624176025,-0.011110850609838963,0.5947954654693604
2697,36.138511657714844,0.9724246859550476,0.5007200241088867,0.17831239104270935,0.02435183897614479,0.5807316899299622
2698,36.154022216796875,0.9859123229980469,0.5016800165176392,0.17834234237670898,-0.016434334218502045,0.5912668108940125
2699,36.12324142456055,0.9720037579536438,0.5001199841499329,0.1783444881439209,0.013905219733715057,0.5612920522689819
2700,36.137298583984375,0.9812245965003967,0.49983999133110046,0.17834164202213287,-0.021847790107131004,0.5776773691177368
2701,36.15768814086914,0.9864072203636169,0.4997599720954895,0.17833736538887024,-0.02166634611785412,0.5781807899475098
2702,36.150691986083984,0.9746626615524292,0.5005249977111816,0.17834672331809998,0.003294490510597825,0.5674790740013123
2703,36.13549041748047,0.9897284507751465,0.5001850128173828,0.17835001647472382,-0.023995278403162956,0.5772130489349365
2704,36.13715362548828,0.9770784974098206,0.5022599697113037,0.17839032411575317,-0.010508661158382893,0.5851103663444519
2705,36.14954376220703,0.9732270240783691,0.5012199878692627,0.1784120798110962,-0.01643415354192257,0.5671966671943665
2706,36.12385559082031,0.9625747203826904,0.5027899742126465,0.17846184968948364,-0.025441721081733704,0.5878440141677856
2707,36.1223258972168,0.9714047312736511,0.5010150074958801,0.17847995460033417,-0.02672937512397766,0.5697699189186096
2708,36.151214599609375,0.9822397232055664,0.5004349946975708,0.17848771810531616,-0.018641244620084763,0.5852884650230408
2709,36.1468620300293,0.9917056560516357,0.4982050061225891,0.1784556806087494,-0.017290202900767326,0.5703232884407043
2710,36.12971878051758,0.9760774374008179,0.49850502610206604,0.1784290075302124,-0.04126957431435585,0.5736479163169861
2711,36.15238571166992,0.9867151379585266,0.4999450147151947,0.1784280240535736,0.004223015625029802,0.5742607712745667
2712,36.14946365356445,0.9845113754272461,0.5023800134658813,0.17847047746181488,-0.011300024576485157,0.5669060349464417
2713,36.13459777832031,0.9591802358627319,0.49763500690460205,0.1784282624721527,-0.010840590111911297,0.5675957202911377
2714,36.14516067504883,0.9901189208030701,0.4992149770259857,0.1784142553806305,0.0007375755812972784,0.5584288835525513
2715,36.14940643310547,0.9708359837532043,0.5014650225639343,0.1784403920173645,-0.003465482033789158,0.5810124278068542
2716,36.14543151855469,0.9853882193565369,0.5003499984741211,0.17844665050506592,-0.016139838844537735,0.5782065391540527
2717,36.13468933105469,0.9740342497825623,0.5008249878883362,0.17846137285232544,-0.029761750251054764,0.5833333134651184
2718,36.13816452026367,0.9774052500724792,0.49982503056526184,0.17845824360847473,-0.010397650301456451,0.5724110007286072
2719,36.1495246887207,0.9816738367080688,0.5016199946403503,0.1784871518611908,-0.0038449077401310205,0.5814710855484009
2720,36.126956939697266,0.9799281358718872,0.5,0.1784871518611908,-0.026606984436511993,0.5743072628974915
2721,36.121681213378906,0.9662696719169617,0.5006700158119202,0.17849910259246826,-0.01915244199335575,0.5671073198318481
2722,36.13788986206055,0.963205873966217,0.5016850233078003,0.17852918803691864,-0.011248365044593811,0.5732848644256592
2723,36.12733840942383,0.9547958374023438,0.4994550049304962,0.17851945757865906,-0.027427244931459427,0.5722846984863281
2724,36.138492584228516,0.9704349040985107,0.49692502617836,0.17846456170082092,-0.027376163750886917,0.5855273008346558
2725,36.13590621948242,0.9744135141372681,0.5028349757194519,0.17851515114307404,-0.025300271809101105,0.5729708671569824
2726,36.14881896972656,0.9699550271034241,0.4963749945163727,0.17845043540000916,-0.02950599044561386,0.5764403939247131
2727,36.13967514038086,0.9772934317588806,0.4987049996852875,0.1784273236989975,-0.01958918385207653,0.5662099719047546
2728,36.12396240234375,0.9785556197166443,0.497979998588562,0.17839127779006958,-0.02017040178179741,0.5813652873039246
2729,36.1424674987793,0.9877280592918396,0.5011200308799744,0.17841127514839172,-0.01664254255592823,0.5795424580574036
2730,36.15247344970703,0.9937272667884827,0.5002149939537048,0.17841510474681854,-0.01683911494910717,0.5750365257263184
2731,36.1265983581543,0.9797105193138123,0.5015800595283508,0.1784432828426361,-0.0021459609270095825,0.5717958807945251
2732,36.12648010253906,0.9932507276535034,0.4980449974536896,0.1784083992242813,-0.032242897897958755,0.5869088172912598
2733,36.15432357788086,1.0076006650924683,0.4984600245952606,0.17838092148303986,-0.0056673940271139145,0.5784735083580017
2734,36.1395149230957,0.9761676788330078,0.5017300248146057,0.17841178178787231,-0.004413535352796316,0.5814385414123535
2735,36.13164138793945,0.9683093428611755,0.5049200057983398,0.17849954962730408,-0.03271569684147835,0.5866842865943909
2736,36.1362419128418,0.9554111957550049,0.4982450306415558,0.1784682273864746,-0.011813194490969181,0.5576387047767639
2737,36.14517593383789,0.9892504811286926,0.495945006608963,0.17839586734771729,-0.011572238057851791,0.5533573031425476
2738,36.12906265258789,0.9717557430267334,0.4987199902534485,0.17837302386760712,-0.02065526880323887,0.5834159851074219
2739,36.136962890625,0.9538332223892212,0.5023950338363647,0.17841574549674988,-0.022337255999445915,0.570561945438385
2740,36.15596389770508,0.9779515862464905,0.4975949823856354,0.1783728301525116,-0.0026181431021541357,0.569691002368927
2741,36.13277053833008,0.9772646427154541,0.4958450198173523,0.1782987117767334,-0.03406643122434616,0.5716773867607117
2742,36.12769317626953,0.9899787306785583,0.500029981136322,0.17829924821853638,-0.02209271304309368,0.5720468163490295
2743,36.148292541503906,0.9803302884101868,0.5031149983406067,0.17835478484630585,0.0025386286433786154,0.5808470845222473
2744,36.14763641357422,0.9828668236732483,0.4991599917411804,0.17833980917930603,-0.015578709542751312,0.5796700119972229
2745,36.126136779785156,0.9960089325904846,0.5022349953651428,0.17837966978549957,-0.031302765011787415,0.5769026875495911
2746,36.15217590332031,0.9792819619178772,0.49620500206947327,0.17831197381019592,-0.00864099059253931,0.5643221735954285
2747,36.143070220947266,0.9807995557785034,0.4973199963569641,0.17826418578624725,0.0020091545302420855,0.5627650618553162
2748,36.134857177734375,0.9855008125305176,0.5013650059700012,0.1782885193824768,-0.004470180254429579,0.574750542640686
2749,36.15235137939453,0.9732462763786316,0.49958500266075134,0.17828112840652466,-0.021616589277982712,0.5821722745895386
2750,36.15032958984375,0.9686902165412903,0.5006700158119202,0.17829307913780212,0.00019124413665849715,0.5667299032211304
2751,36.13916015625,0.9838795065879822,0.49697500467300415,0.1782391518354416,-0.0019421225879341364,0.5819330215454102
2752,36.1433219909668,0.9725773930549622,0.501300036907196,0.17826233804225922,0.0007503691012971103,0.584991991519928
2753,36.14863204956055,0.9807267785072327,0.5030050277709961,0.1783159077167511,0.0005609617219306529,0.5845171213150024
2754,36.1405143737793,0.9662340879440308,0.4982599914073944,0.1782848834991455,-0.02321302704513073,0.5535074472427368
2755,36.1168098449707,0.9657875895500183,0.49899500608444214,0.1782669723033905,-0.03311755880713463,0.6068021655082703
2756,36.140106201171875,0.9778420925140381,0.5018600225448608,0.17830012738704681,-0.020007794722914696,0.5613020658493042
2757,36.148433685302734,0.9890651106834412,0.49998000264167786,0.17829976975917816,-0.013627607375383377,0.5878557562828064
2758,36.114444732666016,0.9644114375114441,0.5003899931907654,0.1783067137002945,-0.01970430463552475,0.5795673131942749
2759,36.12641143798828,0.9736384153366089,0.5001850128173828,0.17831000685691833,-0.014249783009290695,0.5610166788101196
2760,36.14554977416992,0.9672479629516602,0.5010949969291687,0.17832954227924347,-0.003673706203699112,0.5812214016914368
2761,36.14332580566406,0.9955706596374512,0.5001300573348999,0.1783318668603897,-0.01447420846670866,0.5805376768112183
2762,36.13886642456055,0.9728313088417053,0.5000749826431274,0.17833320796489716,-0.0035889798309653997,0.5728510618209839
2763,36.141204833984375,0.9749491214752197,0.4995899796485901,0.17832589149475098,0.004831941798329353,0.5846384167671204
2764,36.13588333129883,0.976859450340271,0.4992099702358246,0.1783118098974228,-0.009670215658843517,0.5978554487228394
2765,36.13646697998047,0.972366452217102,0.5007650256156921,0.17832545936107635,-0.02043161541223526,0.5617249011993408
2766,36.144405364990234,0.9841089844703674,0.498879998922348,0.1783054918050766,-0.0045966217294335365,0.5703303813934326
2767,36.145198822021484,0.9775023460388184,0.5025149583816528,0.17835034430027008,-0.009785755537450314,0.574830949306488
2768,36.12356185913086,0.9785091876983643,0.4999300241470337,0.178349107503891,-0.039110224694013596,0.5788537859916687
2769,36.144779205322266,0.9780856966972351,0.49987998604774475,0.17834697663784027,-0.01873668096959591,0.5807920694351196
2770,36.15054702758789,0.9800546765327454,0.49849000573158264,0.178320050239563,0.0007739830180071294,0.5766400694847107
2771,36.13780975341797,0.9670596122741699,0.49996498227119446,0.17831942439079285,-0.0072282166220247746,0.5667068362236023
2772,36.133846282958984,0.9770463109016418,0.5006150007247925,0.17833039164543152,-0.01295626349747181,0.5752829313278198
2773,36.14659881591797,0.9631211161613464,0.4990899860858917,0.17831416428089142,-0.011157466098666191,0.573136031627655
2774,36.13509750366211,0.9587384462356567,0.49916499853134155,0.17829927802085876,-0.021959839388728142,0.5694141387939453
2775,36.14093017578125,0.9629730582237244,0.5001300573348999,0.1783015877008438,-0.004948725923895836,0.5818613171577454
2776,36.13632583618164,0.9653486013412476,0.4989500343799591,0.17828285694122314,-0.012268812395632267,0.5675486326217651
2777,36.14054870605469,0.9645528793334961,0.4993099868297577,0.17827054858207703,-0.03323258087038994,0.5675666928291321
2778,36.14572525024414,0.9728066325187683,0.4991300404071808,0.17825503647327423,-0.030284646898508072,0.5794795155525208
2779,36.14038848876953,0.9737792611122131,0.50142502784729,0.17828042805194855,-0.0032791958656162024,0.5654237866401672
2780,36.14738082885742,0.9703019857406616,0.5016500353813171,0.1783098429441452,-0.01561727374792099,0.5645118355751038
2781,36.1270637512207,0.9751133322715759,0.5007850527763367,0.17832385003566742,-0.01380698662251234,0.5780463218688965
2782,36.1429443359375,0.9644060134887695,0.49944499135017395,0.1783139556646347,-0.010253933258354664,0.5666735768318176
2783,36.13638687133789,0.9649936556816101,0.4970650374889374,0.1782616227865219,0.012385696172714233,0.5424840450286865
2784,36.12867736816406,0.9570562839508057,0.5016750693321228,0.17829148471355438,-0.023289022967219353,0.5676955580711365
2785,36.13799285888672,0.9661984443664551,0.5015850067138672,0.1783197522163391,0.0038446548860520124,0.5865430235862732
2786,36.138343811035156,0.9604347348213196,0.5010800361633301,0.17833900451660156,-0.012803399004042149,0.579856276512146
2787,36.140682220458984,0.966382622718811,0.5012450218200684,0.1783611923456192,-0.00973428599536419,0.550432562828064
2788,36.142662048339844,0.9596817493438721,0.49762001633644104,0.17831873893737793,-0.009128717705607414,0.5565891265869141
2789,36.13328552246094,0.9762989282608032,0.4991300106048584,0.17830322682857513,-0.011598434299230576,0.5823543667793274
2790,36.14324188232422,0.9691142439842224,0.49898001551628113,0.17828504741191864,-0.03022908978164196,0.577593207359314
2791,36.15460205078125,0.972868800163269,0.5001200437545776,0.17828719317913055,0.024872060865163803,0.5835739374160767
2792,36.1334228515625,0.9735497236251831,0.49783000349998474,0.17824849486351013,-0.009222333319485188,0.5677616000175476
2793,36.13344955444336,0.9627203941345215,0.501105010509491,0.1782681941986084,0.013773010112345219,0.5710228681564331
2794,36.147987365722656,0.9611756205558777,0.501230001449585,0.17829012870788574,-0.02204662375152111,0.5815746188163757
2795,36.14042282104492,0.9785416722297668,0.4980349838733673,0.178255096077919,-0.022248243913054466,0.5742774605751038
2796,36.13511276245117,0.9663417339324951,0.497730016708374,0.1782146394252777,-0.03404669836163521,0.5772966742515564
2797,36.13912582397461,0.956625759601593,0.5038050413131714,0.1782824546098709,-0.015431402251124382,0.5766345858573914
2798,36.136070251464844,0.958855926990509,0.4994400143623352,0.17827247083187103,-0.025957899168133736,0.5770499110221863
2799,36.12522888183594,0.9625324606895447,0.5008000135421753,0.17828673124313354,-0.011967898346483707,0.5987145900726318
2800,36.14068603515625,0.9580860733985901,0.5006699562072754,0.178298681974411,9.169578697765246e-05,0.5829411149024963
2801,36.14469909667969,0.9857025742530823,0.5007700324058533,0.17831240594387054,-0.02823125198483467,0.5782012343406677
2802,36.1402473449707,0.9774878621101379,0.4986800253391266,0.17828886210918427,-0.008734690956771374,0.5862096548080444
2803,36.133975982666016,0.9652142524719238,0.5008350014686584,0.17830373346805573,0.001658856519497931,0.5733193755149841
2804,36.13689422607422,0.9738327860832214,0.500374972820282,0.17831042408943176,-0.0011255817953497171,0.5795580744743347
2805,36.1351432800293,0.9660231471061707,0.49796998500823975,0.1782742291688919,-0.016924355179071426,0.5750077366828918
2806,36.14579772949219,0.9685521721839905,0.4976550042629242,0.17823243141174316,-0.015561653301119804,0.5610135793685913
2807,36.14189910888672,0.981076180934906,0.4987700283527374,0.17821051180362701,0.006303992122411728,0.569739818572998
2808,36.141197204589844,0.9751276969909668,0.4991999864578247,0.1781962513923645,8.97083300515078e-05,0.5818419456481934
2809,36.13294982910156,0.9705396294593811,0.5016050338745117,0.1782248467206955,-0.030854111537337303,0.5637325048446655
2810,36.146846771240234,0.9689090847969055,0.49977004528045654,0.1782207489013672,-0.0004718110722023994,0.5671334862709045
2811,36.15332794189453,0.9888945817947388,0.4992949962615967,0.17820818722248077,-0.009227482602000237,0.5558426380157471
2812,36.1389274597168,0.961111307144165,0.49956002831459045,0.1782003492116928,-0.010334997437894344,0.5776322484016418
2813,36.139129638671875,0.9825402498245239,0.501585066318512,0.17822860181331635,-0.004891115240752697,0.5911709666252136
2814,36.132328033447266,0.955735445022583,0.4981750249862671,0.17819607257843018,-0.027045251801609993,0.576493501663208
2815,36.14219665527344,0.9642660617828369,0.501740038394928,0.17822708189487457,0.00703897699713707,0.570885419845581
2816,36.13280487060547,0.9498644471168518,0.49826496839523315,0.17819616198539734,-0.03580904379487038,0.5615967512130737
2817,36.13685989379883,0.9762560129165649,0.49881502985954285,0.17817504703998566,-0.027297044172883034,0.5807788968086243
2818,36.14469909667969,0.974284827709198,0.5002500414848328,0.17817950248718262,-0.008262979798018932,0.5818188190460205
2819,36.13109588623047,0.9619198441505432,0.49986502528190613,0.1781771034002304,-0.023882057517766953,0.5916114449501038
2820,36.119590759277344,0.9675584435462952,0.4991599917411804,0.17816214263439178,-0.006074768491089344,0.5723464488983154
2821,36.12609100341797,0.9567278027534485,0.49940499663352966,0.17815154790878296,-0.007472057826817036,0.5845589637756348
2822,36.150238037109375,0.9821029305458069,0.5002750158309937,0.17815645039081573,-0.031681209802627563,0.574759840965271
2823,36.13454055786133,0.972568690776825,0.500760018825531,0.17816999554634094,-0.0044433181174099445,0.5776516199111938
2824,36.13624572753906,0.9709006547927856,0.50027996301651,0.17817498743534088,-0.026293544098734856,0.5752828121185303
2825,36.16010665893555,0.9783274531364441,0.500374972820282,0.17818167805671692,0.00862052757292986,0.5740359425544739
2826,36.140682220458984,0.9831251502037048,0.49994003772735596,0.17818060517311096,-0.02655946835875511,0.5642442107200623
2827,36.14645767211914,0.9899755120277405,0.5004349946975708,0.17818835377693176,-0.0017281151376664639,0.5722925662994385
2828,36.14518737792969,0.9618282914161682,0.49794504046440125,0.17815172672271729,-0.00865156389772892,0.5638654232025146
2829,36.145469665527344,0.9764377474784851,0.5013250112533569,0.17817534506320953,-0.002859674161300063,0.5655384659767151
2830,36.123878479003906,0.9632550477981567,0.5007449984550476,0.17818862199783325,-0.007969260215759277,0.5890098810195923
2831,36.14812469482422,0.9592509865760803,0.5012049674987793,0.1782100945711136,-0.009058726020157337,0.5790601968765259
2832,36.14937973022461,0.9730876684188843,0.49836501479148865,0.17818096280097961,-0.006207072641700506,0.5636747479438782
2833,36.13543701171875,0.9850532412528992,0.5016250014305115,0.17820991575717926,-0.03602340817451477,0.5623425245285034
2834,36.12155532836914,0.9748818874359131,0.4980049729347229,0.17817436158657074,-0.01780327409505844,0.5710098147392273
2835,36.149837493896484,0.9819583892822266,0.4983000159263611,0.17814406752586365,-0.021187322214245796,0.563078761100769
2836,36.13347244262695,0.974048912525177,0.49862003326416016,0.1781194806098938,0.001693296479061246,0.5758649110794067
2837,36.12657928466797,0.975527822971344,0.5012800097465515,0.17814227938652039,-0.008181892335414886,0.5669241547584534
2838,36.142295837402344,0.965972363948822,0.5006049871444702,0.17815306782722473,0.0039065247401595116,0.5594798922538757
2839,36.14790344238281,0.9688909649848938,0.5004950165748596,0.1781618744134903,-0.01774822734296322,0.5674262642860413
2840,36.13185501098633,0.9698189496994019,0.49972501397132874,0.17815697193145752,-0.022569332271814346,0.5715962648391724
2841,36.135459899902344,0.9801681637763977,0.5009599924087524,0.17817406356334686,-0.03294757008552551,0.5754716992378235
2842,36.16160202026367,0.9812531471252441,0.5005249977111816,0.1781834065914154,0.0022599792573601007,0.5769811868667603
2843,36.13796615600586,0.9733449220657349,0.49977999925613403,0.17817948758602142,-0.011329424567520618,0.56737220287323
2844,36.12900924682617,0.9918086528778076,0.5001850128173828,0.17818278074264526,-0.008019302040338516,0.5627955794334412
2845,36.14856719970703,0.9756063222885132,0.4991350471973419,0.17816737294197083,-0.01809374988079071,0.5764846205711365
2846,36.16191864013672,0.997844398021698,0.499845027923584,0.17816461622714996,-0.01476750522851944,0.5780890583992004
2847,36.14651870727539,1.000714659690857,0.5025849938392639,0.17821066081523895,-0.011009188368916512,0.5681096315383911
2848,36.138465881347656,0.9621371626853943,0.5009900331497192,0.17822828888893127,-0.0002799163048621267,0.5702657699584961
2849,36.15696334838867,1.0002058744430542,0.5010650157928467,0.17824725806713104,0.0037381669972091913,0.565990149974823
2850,36.140411376953125,0.9737768173217773,0.5010049939155579,0.17826516926288605,-0.015563856810331345,0.5658111572265625
2851,36.132442474365234,0.9822052717208862,0.4980050027370453,0.17822960019111633,-0.01238409336656332,0.5729591250419617
2852,36.15656280517578,0.9777294993400574,0.4990050196647644,0.17821186780929565,-0.020888185128569603,0.5686070322990417
2853,36.1512565612793,0.9764770865440369,0.5003150105476379,0.17821747064590454,0.011721513234078884,0.564322292804718
2854,36.13715362548828,1.0017893314361572,0.4994400143623352,0.17820748686790466,-0.01514412835240364,0.5697771310806274
2855,36.12510681152344,0.9789992570877075,0.49838003516197205,0.17817862331867218,-0.0369650274515152,0.5642845630645752
2856,36.150203704833984,0.980981171131134,0.5023500323295593,0.1782204955816269,-0.002478183014318347,0.5732671022415161
2857,36.13134765625,0.9594980478286743,0.5018700361251831,0.17825382947921753,-0.008053150027990341,0.5548499822616577
2858,36.1239128112793,0.9673244953155518,0.4986400008201599,0.17822958528995514,-0.017460715025663376,0.5743653178215027
2859,36.13941955566406,0.9772935509681702,0.4980050027370453,0.17819403111934662,-0.016386421397328377,0.552818775177002
2860,36.14738082885742,0.9744685888290405,0.4992400109767914,0.1781804859638214,0.0024903318844735622,0.5677710175514221
2861,36.1368522644043,0.9657593965530396,0.4997750222682953,0.17817647755146027,-0.01582495868206024,0.5744221210479736
2862,36.13534164428711,0.96500563621521,0.49964001774787903,0.1781700700521469,-0.004595034755766392,0.573204755783081
2863,36.15370559692383,0.9787046313285828,0.4996800124645233,0.17816436290740967,-7.179093518061563e-05,0.5634961724281311
2864,36.145530700683594,0.9688857197761536,0.501105010509491,0.17818404734134674,-0.0015279051149263978,0.5803143382072449
2865,36.12651062011719,0.9740721583366394,0.5030099749565125,0.1782376766204834,-0.022192763164639473,0.5636429190635681
2866,36.15266799926758,0.976655125617981,0.4994949996471405,0.17822867631912231,-0.008485127240419388,0.5675235986709595
2867,36.145286560058594,0.9690501689910889,0.49912503361701965,0.17821307480335236,-0.010277727618813515,0.581572413444519
2868,36.11635971069336,0.9665929079055786,0.5021950006484985,0.1782521903514862,-0.014085041359066963,0.5869810581207275
2869,36.12556076049805,0.955298125743866,0.49871501326560974,0.17822928726673126,-0.01566256582736969,0.5821086168289185
2870,36.153900146484375,0.9743643403053284,0.5011550784111023,0.17824988067150116,-0.009624162688851357,0.5807593464851379
2871,36.1297607421875,0.9662773609161377,0.501010000705719,0.17826788127422333,-0.012110386975109577,0.5831494927406311
2872,36.139862060546875,1.0023252964019775,0.49879997968673706,0.17824649810791016,-0.027934828773140907,0.5788283348083496
2873,36.14975357055664,0.97425776720047,0.502020001411438,0.1782824993133545,-0.015276332385838032,0.561334490776062
2874,36.143043518066406,0.9548503756523132,0.5037950277328491,0.17835016548633575,-0.019057683646678925,0.5825412273406982
2875,36.13298797607422,0.9808085560798645,0.5003200173377991,0.1783558577299118,-0.016528397798538208,0.5640316009521484
2876,36.13351821899414,0.9635524153709412,0.4996100068092346,0.17834889888763428,-0.018026044592261314,0.5773186683654785
2877,36.136619567871094,0.9648904800415039,0.49921998381614685,0.17833498120307922,-0.016474688425660133,0.5766798853874207
2878,36.160831451416016,1.0049504041671753,0.5000600218772888,0.178336039185524,-0.02227381244301796,0.595982551574707
2879,36.13418960571289,0.9689368009567261,0.5006099939346313,0.1783469170331955,-0.009480476379394531,0.5781797766685486
2880,36.1365966796875,0.982391893863678,0.5004599690437317,0.1783551275730133,-0.010887964628636837,0.5648680925369263
2881,36.13496017456055,0.9543814063072205,0.498865008354187,0.17833489179611206,-0.0030005723237991333,0.5731029510498047
2882,36.1488037109375,0.9779253005981445,0.5013350248336792,0.17835870385169983,-0.034634727984666824,0.5699973702430725
2883,36.131893157958984,0.9943218231201172,0.4990600049495697,0.17834194004535675,-0.030289355665445328,0.5694513320922852
2884,36.140750885009766,0.964187741279602,0.49829500913619995,0.1783115416765213,-0.03367559239268303,0.5802191495895386
2885,36.15658187866211,0.9915401935577393,0.4981650114059448,0.1782788187265396,-0.017269816249608994,0.5722327828407288
2886,36.1254997253418,0.9756775498390198,0.49975499510765076,0.17827445268630981,-0.032480355352163315,0.5765368938446045
2887,36.1269645690918,0.9461317658424377,0.500825047492981,0.17828916013240814,-0.03323021158576012,0.5928244590759277
2888,36.166744232177734,0.9978012442588806,0.5003100037574768,0.17829468846321106,-0.012261553667485714,0.5594357252120972
2889,36.13633728027344,0.9888992309570312,0.4994499683380127,0.1782848834991455,-0.013809177093207836,0.5699419975280762
2890,36.124324798583984,0.9747065901756287,0.5011950135231018,0.17830617725849152,-0.012767180800437927,0.5882564783096313
2891,36.15535354614258,0.9780727624893188,0.4995949864387512,0.1782989501953125,-0.01742120087146759,0.5602055788040161
2892,36.142276763916016,0.9731062054634094,0.5004000067710876,0.17830608785152435,0.008752740919589996,0.5790239572525024
2893,36.13561248779297,0.9609820246696472,0.5010050535202026,0.17832399904727936,-0.024785717949271202,0.5801527500152588
2894,36.14511489868164,0.9850962162017822,0.49758002161979675,0.17828084528446198,-0.02756081521511078,0.5789196491241455
2895,36.149513244628906,0.9821755290031433,0.4998200237751007,0.1782776415348053,-0.0075948163866996765,0.5771933197975159
2896,36.13222885131836,0.9823207259178162,0.4982999861240387,0.178247332572937,-0.030250340700149536,0.5769317150115967
2897,36.14458465576172,0.9648795127868652,0.503320038318634,0.17830650508403778,-0.014343826100230217,0.5884008407592773
2898,36.141746520996094,0.9861943125724792,0.49993500113487244,0.17830534279346466,-0.010202436707913876,0.5602584481239319
2899,36.13340377807617,0.9826005697250366,0.500855028629303,0.17832058668136597,-0.027849188074469566,0.5892853140830994
2900,36.14473342895508,0.9739655256271362,0.5001850128173828,0.1783238798379898,-0.022794244810938835,0.5888901948928833
2901,36.14519119262695,0.9803730845451355,0.49925002455711365,0.17831051349639893,-0.0029251957312226295,0.5721036791801453
2902,36.127769470214844,0.9729155898094177,0.498089998960495,0.17827646434307098,-0.005946977995336056,0.5632823705673218
2903,36.14949417114258,0.9613495469093323,0.49977999925613403,0.178272545337677,-0.01580311357975006,0.5752164721488953
2904,36.140602111816406,0.9693492650985718,0.4996199905872345,0.1782657653093338,-0.006799091584980488,0.5770882964134216
2905,36.14551544189453,0.9659329056739807,0.4986700117588043,0.1782420575618744,-0.008927610702812672,0.5663400888442993
2906,36.13933563232422,0.9580304622650146,0.5028200149536133,0.17829233407974243,0.009885912761092186,0.5767808556556702
2907,36.1473388671875,0.9727078080177307,0.5000500082969666,0.17829322814941406,-0.027139024809002876,0.5709718465805054
2908,36.13325500488281,0.9755468964576721,0.4971649944782257,0.17824268341064453,-0.023942681029438972,0.5749232769012451
2909,36.128902435302734,0.9460194706916809,0.4989050328731537,0.1782231628894806,-0.009537691250443459,0.5609220266342163
2910,36.15763854980469,0.9933372735977173,0.5026499629020691,0.1782703995704651,-0.02377339079976082,0.5671796798706055
2911,36.13516616821289,0.992195188999176,0.5013799667358398,0.17829500138759613,-0.02251741662621498,0.5839964151382446
2912,36.152191162109375,0.9868786334991455,0.5021700263023376,0.17833368480205536,-0.005221455357968807,0.5813289880752563
2913,36.13716125488281,0.9548092484474182,0.4988349974155426,0.17831289768218994,-0.006970505230128765,0.5747775435447693
2914,36.129703521728516,0.9798961281776428,0.4978000223636627,0.17827366292476654,-0.043520692735910416,0.5698274374008179
2915,36.14579391479492,0.9695242643356323,0.5035499930381775,0.1783369481563568,-0.0021552639082074165,0.5598575472831726
2916,36.147220611572266,0.9575281739234924,0.4987799823284149,0.1783151924610138,0.01885797269642353,0.5737237334251404
2917,36.13409423828125,0.9612976312637329,0.49981001019477844,0.1783117949962616,-0.01910899206995964,0.5781832933425903
2918,36.13539123535156,0.9661304354667664,0.49889999628067017,0.1782921701669693,-0.03292025998234749,0.5731092095375061
2919,36.16388702392578,0.9800264835357666,0.4994650185108185,0.17828263342380524,-0.0039544557221233845,0.5646262764930725
2920,36.14139175415039,0.9867440462112427,0.5013899803161621,0.1783074140548706,-0.005756013095378876,0.5843456983566284
2921,36.147457122802734,0.9780396223068237,0.5002650022506714,0.17831213772296906,0.0019769719801843166,0.5509185194969177
2922,36.142494201660156,0.9612842202186584,0.4997049868106842,0.17830687761306763,-0.013712610118091106,0.5720136165618896
2923,36.140865325927734,0.9781433939933777,0.5003700256347656,0.1783134639263153,-0.016708174720406532,0.5749680399894714
2924,36.136634826660156,0.9518119692802429,0.49909502267837524,0.17829732596874237,-0.005231435876339674,0.5643321871757507
2925,36.1569709777832,0.9772423505783081,0.49958500266075134,0.17828993499279022,0.013270064257085323,0.5714953541755676
2926,36.13216018676758,0.9677809476852417,0.5023849606513977,0.17833246290683746,-0.019791042432188988,0.5706774592399597
2927,36.14624786376953,0.9741535186767578,0.49810001254081726,0.17829857766628265,-0.00604755524545908,0.5831843614578247
2928,36.131927490234375,0.9621824622154236,0.5000700354576111,0.17829982936382294,-0.00951495859771967,0.5712606906890869
2929,36.13920974731445,0.9806757569313049,0.5011600255966187,0.17832051217556,0.0003913049877155572,0.5659880638122559
2930,36.13290786743164,0.970885157585144,0.49906498193740845,0.17830383777618408,0.0043974206782877445,0.5784595608711243
2931,36.14397430419922,0.9664899110794067,0.4976649880409241,0.17826220393180847,-0.012454880401492119,0.573759138584137
2932,36.146419525146484,0.9712358117103577,0.5001100301742554,0.17826415598392487,-0.013931461609899998,0.5548688173294067
2933,36.13640594482422,0.9925599098205566,0.5006400346755981,0.17827557027339935,-0.026625020429491997,0.5721937417984009
2934,36.1346435546875,0.9564799070358276,0.49729999899864197,0.17822743952274323,-0.009283403865993023,0.5691810846328735
2935,36.149105072021484,0.9686154723167419,0.4996050000190735,0.17822039127349854,0.011969385668635368,0.5589114427566528
2936,36.14393615722656,0.9927161931991577,0.49886998534202576,0.17820024490356445,-0.03596432879567146,0.5620611906051636
2937,36.128135681152344,0.9642385840415955,0.5035499930381775,0.17826350033283234,-0.024211933836340904,0.5598180294036865
2938,36.138919830322266,0.9519249796867371,0.500700056552887,0.1782759726047516,-0.024413704872131348,0.5800690650939941
2939,36.15681076049805,1.0013411045074463,0.5012050271034241,0.17829746007919312,-0.022175049409270287,0.586870014667511
2940,36.131874084472656,0.9789561629295349,0.4982450306415558,0.17826616764068604,-0.012011471204459667,0.5801665186882019
2941,36.14303207397461,0.9889755845069885,0.49971500039100647,0.17826108634471893,-0.029220646247267723,0.5689095854759216
2942,36.14329147338867,0.9778780341148376,0.499224990606308,0.17824727296829224,-0.017667217180132866,0.5636067986488342
2943,36.131690979003906,0.9633211493492126,0.5023449659347534,0.17828907072544098,-0.020969336852431297,0.578271746635437
2944,36.14289093017578,0.9950653314590454,0.5008049607276917,0.17830342054367065,-0.008937940932810307,0.5755225419998169
2945,36.1377067565918,0.9702160954475403,0.4997600317001343,0.17829914391040802,-0.0191667340695858,0.5807945728302002
2946,36.14698028564453,0.9641718864440918,0.49932998418807983,0.17828719317913055,-0.030567126348614693,0.575873613357544
2947,36.14362335205078,0.9789209365844727,0.501645028591156,0.17831651866436005,-0.004229116719216108,0.5840466618537903
2948,36.12890625,0.9533090591430664,0.49954500794410706,0.1783084124326706,-0.004644372500479221,0.5713614821434021
2949,36.1418342590332,0.9563446640968323,0.4986100494861603,0.17828363180160522,-0.013201211579144001,0.5729014277458191
2950,36.13850402832031,0.9769617319107056,0.4972600042819977,0.1782347857952118,-0.017203183844685555,0.5639397501945496
2951,36.1284294128418,0.9889609217643738,0.49977001547813416,0.17823068797588348,-0.011478278785943985,0.5738623738288879
2952,36.15068817138672,0.9668323397636414,0.4999350309371948,0.17822952568531036,0.011498345993459225,0.562434196472168
2953,36.13150405883789,0.9495433568954468,0.5010600090026855,0.17824842035770416,5.8876994444290176e-05,0.5731546878814697
2954,36.13969421386719,0.9844681620597839,0.4987749755382538,0.17822659015655518,-0.024420389905571938,0.5897794365882874
2955,36.14189910888672,0.9943005442619324,0.5007650256156921,0.17824022471904755,-0.012146245688199997,0.583142101764679
2956,36.13840103149414,0.9696912169456482,0.50211501121521,0.17827792465686798,-0.023312753066420555,0.5809083580970764
2957,36.13207244873047,0.9585649967193604,0.5038949847221375,0.17834734916687012,-0.014008156023919582,0.5694770216941833
2958,36.13579177856445,0.963323712348938,0.49930500984191895,0.17833495140075684,-0.0055748093873262405,0.5778270363807678
2959,36.13441848754883,0.9628467559814453,0.5018550157546997,0.17836803197860718,-0.002646710956469178,0.5900065898895264
2960,36.12928771972656,0.963344156742096,0.4987350106239319,0.1783454716205597,-0.030150264501571655,0.5687500238418579
2961,36.143585205078125,0.9542365074157715,0.5024449825286865,0.1783890724182129,-0.005250869784504175,0.5802276134490967
2962,36.135318756103516,0.9391353130340576,0.4977099895477295,0.17834822833538055,-0.011426227167248726,0.5844607353210449
2963,36.13541030883789,0.9435378313064575,0.5001400113105774,0.17835071682929993,-0.008658784441649914,0.5816097259521484
2964,36.130699157714844,0.9487236142158508,0.5019999742507935,0.178386390209198,-0.02935333363711834,0.5746544599533081
2965,36.14210510253906,0.9505049586296082,0.4981350004673004,0.17835311591625214,-0.023386772722005844,0.572580099105835
2966,36.14212417602539,0.9729210138320923,0.5014050006866455,0.1783781796693802,-0.018881293013691902,0.5785563588142395
2967,36.135711669921875,0.9763966798782349,0.49998006224632263,0.17837782204151154,-0.007231093477457762,0.5729635953903198
2968,36.15065383911133,0.967718243598938,0.4986000061035156,0.17835284769535065,0.002628091024234891,0.5746498703956604
2969,36.13925552368164,0.9603725075721741,0.4969100058078766,0.1782977432012558,0.005274691618978977,0.5755888819694519
2970,36.12541198730469,0.9504556655883789,0.5013700127601624,0.17832216620445251,-0.02777460776269436,0.5746983885765076
2971,36.1409912109375,0.9649556279182434,0.4994250237941742,0.17831191420555115,-0.012469444423913956,0.5769530534744263
2972,36.15207290649414,0.9733492136001587,0.499500036239624,0.17830300331115723,0.00046416858094744384,0.5593162178993225
2973,36.132808685302734,0.9496453404426575,0.4999749958515167,0.1783025562763214,-0.007817438803613186,0.5694171786308289
2974,36.12974166870117,0.9708976149559021,0.4984600245952606,0.17827509343624115,-0.008771354332566261,0.5717561841011047
2975,36.145381927490234,0.9585473537445068,0.5004200339317322,0.17828257381916046,-0.00310370116494596,0.5639773607254028
2976,36.15702438354492,0.980178952217102,0.4990200102329254,0.17826510965824127,-0.017064549028873444,0.571715235710144
2977,36.13550567626953,0.9814264178276062,0.49992501735687256,0.17826376855373383,-0.02462366223335266,0.5766657590866089
2978,36.14164733886719,0.9775643348693848,0.5006049871444702,0.17827455699443817,-0.013308524154126644,0.5796462297439575
2979,36.14449691772461,0.9788429141044617,0.49790501594543457,0.1782371997833252,-0.003987603355199099,0.5623052716255188
2980,36.13252639770508,0.9507588744163513,0.49914997816085815,0.17822204530239105,-0.01851268857717514,0.5807682275772095
2981,36.124908447265625,0.9672386646270752,0.4994350075721741,0.178211972117424,-0.014656961895525455,0.5781088471412659
2982,36.12275695800781,0.9573198556900024,0.5034900307655334,0.17827416956424713,-0.016354821622371674,0.5883913040161133
2983,36.1535758972168,0.9735665321350098,0.500885009765625,0.17828993499279022,-0.010801190510392189,0.5743427872657776
2984,36.1534423828125,0.9783014059066772,0.5014599561691284,0.17831596732139587,-0.02545715495944023,0.5587626099586487
2985,36.12596893310547,0.99418705701828,0.5021700263023376,0.1783546507358551,-0.016836918890476227,0.580500066280365
2986,36.143707275390625,0.970335066318512,0.5012450218200684,0.17837685346603394,-0.012139222584664822,0.5883166193962097
2987,36.16392135620117,0.9845120906829834,0.49914002418518066,0.17836150527000427,0.004503387026488781,0.554767906665802
2988,36.129329681396484,0.9739784002304077,0.49982500076293945,0.17835837602615356,-0.01155254989862442,0.5989916324615479
2989,36.1373291015625,0.976826012134552,0.5004400014877319,0.17836622893810272,-0.03315092250704765,0.5748302936553955
2990,36.16164779663086,0.9824211597442627,0.4983700215816498,0.17833715677261353,-0.005104179494082928,0.5724526643753052
2991,36.13525390625,0.9885438084602356,0.4979900121688843,0.17830131947994232,-0.02238851599395275,0.5694760680198669
2992,36.1312255859375,0.9642769694328308,0.5003499984741211,0.17830756306648254,-0.027770809829235077,0.5950168371200562
2993,36.15254592895508,0.9687095284461975,0.4986700117588043,0.17828385531902313,-0.016032757237553596,0.558755099773407
2994,36.14374542236328,0.9587412476539612,0.4985800087451935,0.17825853824615479,-0.008834638632833958,0.5777719616889954
2995,36.134159088134766,0.9570264220237732,0.5028499960899353,0.1783093512058258,-0.004040454514324665,0.5918883681297302
2996,36.142738342285156,0.9745152592658997,0.4996800124645233,0.17830364406108856,-0.019329141825437546,0.5669527053833008
2997,36.12693786621094,0.9563710689544678,0.5023250579833984,0.17834509909152985,-0.008363988250494003,0.5549889802932739
2998,36.135772705078125,0.9460466504096985,0.5005350112915039,0.1783546507358551,0.012256957590579987,0.5735329985618591
2999,36.143550872802734,0.9902598857879639,0.4997749924659729,0.17835062742233276,-0.0074831717647612095,0.5808579921722412
3000,36.136356353759766,0.9739207625389099,0.5008649826049805,0.1783660650253296,-0.017998429015278816,0.5875697731971741
3001,36.14468765258789,0.9598533511161804,0.5026900172233582,0.17841406166553497,-0.029988855123519897,0.5809338688850403
3002,36.15131378173828,0.9782794117927551,0.5006499886512756,0.1784256547689438,-0.01807377301156521,0.5656701922416687
3003,36.12382507324219,0.9659958481788635,0.5020350217819214,0.1784619688987732,-0.007302712183445692,0.5805895924568176
3004,36.13093185424805,0.9685099124908447,0.5020399689674377,0.17849837243556976,-0.012493873946368694,0.5849286913871765
3005,36.15179443359375,0.9847004413604736,0.4999350309371948,0.17849721014499664,0.004786635749042034,0.5845652222633362
3006,36.13534927368164,0.9663481116294861,0.5003150105476379,0.17850282788276672,-0.02091066911816597,0.5645202994346619
3007,36.13108825683594,0.9681515097618103,0.5011950135231018,0.17852415144443512,-0.007788542658090591,0.5784804224967957
3008,36.1436767578125,0.9674324989318848,0.4998300075531006,0.17852111160755157,-0.02184944786131382,0.5824161767959595
3009,36.138275146484375,0.9556217193603516,0.5015100240707397,0.17854806780815125,-0.011211595498025417,0.5833202600479126
3010,36.122711181640625,0.9513310194015503,0.5012800097465515,0.1785709261894226,-0.025478677824139595,0.5872700214385986
3011,36.15034103393555,0.9672813415527344,0.49843502044677734,0.17854297161102295,-0.0028066574595868587,0.5569495558738708
3012,36.141929626464844,0.9643684029579163,0.49985000491142273,0.17854028940200806,0.0084612388163805,0.5755314230918884
3013,36.134765625,0.9642968773841858,0.4984000027179718,0.17851172387599945,-0.02390855737030506,0.5720391273498535
3014,36.14723205566406,0.9715627431869507,0.49950000643730164,0.17850279808044434,-0.007622496224939823,0.5583066940307617
3015,36.14057540893555,0.9545057415962219,0.49962499737739563,0.1784961074590683,0.0005031795590184629,0.5761372447013855
3016,36.131839752197266,0.9616041779518127,0.4999450147151947,0.1784951239824295,-0.01594141684472561,0.5803852081298828
3017,36.13576889038086,0.9590142965316772,0.5009850263595581,0.17851269245147705,-0.02154160663485527,0.5786380171775818
3018,36.1458625793457,0.9583471417427063,0.49970999360084534,0.1785075068473816,-0.013930834829807281,0.5687291622161865
3019,36.13768005371094,0.9611411094665527,0.5009649991989136,0.17852474749088287,-0.024785997346043587,0.5746219158172607
3020,36.136810302734375,0.959262490272522,0.49987998604774475,0.17852260172367096,-0.013478376902639866,0.576119065284729
3021,36.148109436035156,0.9751641154289246,0.49742498993873596,0.17847663164138794,-0.006748168263584375,0.5610009431838989
3022,36.131813049316406,0.9751182198524475,0.4998050034046173,0.17847315967082977,-0.026535063982009888,0.5741993188858032
3023,36.13566589355469,0.9637320637702942,0.501579999923706,0.17850135266780853,-0.005169853568077087,0.5894095301628113
3024,36.1432991027832,0.9784597158432007,0.5002700090408325,0.17850616574287415,-0.0028014089912176132,0.5676870346069336
3025,36.142425537109375,0.9681914448738098,0.4965899884700775,0.17844529449939728,0.00034256483195349574,0.568712055683136
3026,36.12642288208008,0.9676812291145325,0.5006150007247925,0.17845627665519714,-0.0187981054186821,0.5784046649932861
3027,36.13727951049805,0.9610061645507812,0.4984849989414215,0.1784292310476303,-0.021393820643424988,0.5678069591522217
3028,36.14822006225586,0.9721261262893677,0.4994250237941742,0.17841896414756775,-0.027968022972345352,0.5649527907371521
3029,36.13385009765625,0.9874910116195679,0.4994699954986572,0.17840951681137085,0.0063174390234053135,0.5798372626304626
3030,36.14403533935547,0.9871634244918823,0.5005500316619873,0.1784193217754364,-0.00017619044228922576,0.5631271600723267
3031,36.14690399169922,0.9616445302963257,0.5013349652290344,0.17844314873218536,-0.02120629884302616,0.5761725902557373
3032,36.140281677246094,0.9826459884643555,0.5023449659347534,0.1784849911928177,-0.014616274274885654,0.5906769037246704
3033,36.122825622558594,0.9594778418540955,0.5006800293922424,0.17849712073802948,-0.007344495039433241,0.5640842914581299
3034,36.142738342285156,0.9647514224052429,0.49750998616218567,0.17845267057418823,-0.003681188216432929,0.5742545127868652
3035,36.136497497558594,0.9719745516777039,0.49962499737739563,0.1784459799528122,-0.011073922738432884,0.5687820911407471
3036,36.13631057739258,0.9733096957206726,0.5020700097084045,0.17848290503025055,-0.027671251446008682,0.5883554816246033
3037,36.14076614379883,0.9630979895591736,0.49869003891944885,0.1784595251083374,-0.019588608294725418,0.5775464177131653
3038,36.13994598388672,0.9547756910324097,0.49987003207206726,0.17845720052719116,-0.005764482542872429,0.5755919218063354
3039,36.13741683959961,0.9563373327255249,0.5020949840545654,0.17849457263946533,-0.005883905570954084,0.5826156735420227
3040,36.13402557373047,0.9580677151679993,0.49876999855041504,0.1784726083278656,-0.029494786635041237,0.5785632729530334
3041,36.13545227050781,0.9460498690605164,0.49975499510765076,0.1784682422876358,-0.017333466559648514,0.56089848279953
3042,36.145511627197266,0.9629157781600952,0.5026200413703918,0.1785150021314621,-0.010851748287677765,0.5807147026062012
3043,36.13219451904297,0.9641680717468262,0.501479983329773,0.17854143679141998,-0.02784554846584797,0.5711015462875366
3044,36.14042282104492,0.9795928597450256,0.5017849802970886,0.17857329547405243,-0.009654400870203972,0.5605014562606812
3045,36.153419494628906,0.972724437713623,0.4985550045967102,0.17854750156402588,0.0057290284894406796,0.5677672624588013
3046,36.15340805053711,0.9940341114997864,0.5020699501037598,0.17858445644378662,-0.023711634799838066,0.5924100875854492
3047,36.13521194458008,0.9622618556022644,0.5018100142478943,0.17861677706241608,-0.018658412620425224,0.576439380645752
3048,36.15778732299805,0.9877682328224182,0.4985800087451935,0.17859141528606415,-0.018046796321868896,0.5662211179733276
3049,36.134761810302734,0.9569524526596069,0.4965350031852722,0.1785295307636261,-0.014262803830206394,0.5912474989891052
3050,36.126888275146484,0.9569016098976135,0.5004450082778931,0.17853747308254242,-0.001793803763575852,0.5681498646736145
3051,36.15182876586914,0.9645788073539734,0.49613499641418457,0.1784684658050537,-0.015837078914046288,0.5515977144241333
3052,36.145774841308594,0.9600074887275696,0.5005850195884705,0.1784789115190506,-0.011602705344557762,0.5865077376365662
3053,36.12506866455078,0.9696035385131836,0.4993250370025635,0.17846687138080597,-0.016933759674429893,0.5765025019645691
3054,36.14813232421875,0.9690337777137756,0.5011550188064575,0.17848747968673706,-0.008830790407955647,0.5619857907295227
3055,36.14647674560547,0.9621447920799255,0.4999599754810333,0.17848676443099976,0.01585046760737896,0.5830112099647522
3056,36.13386154174805,0.9643421769142151,0.5004250407218933,0.17849436402320862,-0.006869599688798189,0.5805988907814026
3057,36.13718032836914,0.9681479334831238,0.5008450150489807,0.1785094439983368,-0.027400705963373184,0.5777373909950256
3058,36.14641189575195,0.9429211020469666,0.5030400156974792,0.17856371402740479,-0.013233169913291931,0.5714162588119507
3059,36.136714935302734,0.9621700644493103,0.4992400109767914,0.1785501390695572,-0.01820443756878376,0.5738702416419983
3060,36.13884735107422,0.9616245627403259,0.4980800151824951,0.17851586639881134,-0.013832079246640205,0.5808878540992737
3061,36.129493713378906,0.9512266516685486,0.49744996428489685,0.17847034335136414,-0.004443696234375238,0.5677173137664795
3062,36.13310623168945,0.9541463255882263,0.496165007352829,0.1784019023180008,-0.018518727272748947,0.5596063137054443
3063,36.139774322509766,0.9593188762664795,0.5002800226211548,0.17840689420700073,-0.008698352612555027,0.5775451064109802
3064,36.119117736816406,0.938213586807251,0.49957001209259033,0.1783992201089859,0.00219015427865088,0.5693201422691345
3065,36.14451599121094,0.9870817065238953,0.49950000643730164,0.1783902943134308,0.0002009401359828189,0.579538881778717
3066,36.1463623046875,0.9609037637710571,0.5002650618553162,0.17839501798152924,-0.0029208441264927387,0.5861825346946716
3067,36.13276290893555,0.9599218964576721,0.500855028629303,0.17841026186943054,-0.019731735810637474,0.5796913504600525
3068,36.12744903564453,0.973089337348938,0.49745500087738037,0.1783648580312729,-0.019050052389502525,0.5799804925918579
3069,36.148616790771484,0.9687198400497437,0.5004649758338928,0.17837314307689667,-0.01843995600938797,0.564272403717041
3070,36.13667297363281,0.93924480676651,0.5007349848747253,0.17838625609874725,-0.019301053136587143,0.5795300602912903
3071,36.14143371582031,0.9485986232757568,0.49939000606536865,0.17837537825107574,0.01845945231616497,0.5754714608192444
3072,36.15690612792969,0.9735044240951538,0.4976600110530853,0.17833364009857178,-0.010090101510286331,0.5687025785446167
3073,36.1430778503418,0.9720419645309448,0.4979400336742401,0.17829690873622894,-0.025399228557944298,0.563088595867157
3074,36.13469314575195,0.9673295021057129,0.5004850029945374,0.17830556631088257,-0.03803960978984833,0.569691002368927
3075,36.13955307006836,0.9549466371536255,0.5003899931907654,0.1783125102519989,-0.014407102018594742,0.5761126279830933
3076,36.16317367553711,0.9755452275276184,0.49941501021385193,0.1783020794391632,0.000280681619187817,0.5700258016586304
3077,36.13599395751953,0.9698866605758667,0.5012000203132629,0.17832347750663757,0.0014750090194866061,0.5699219703674316
3078,36.12364959716797,0.97567218542099,0.4987799823284149,0.17830172181129456,-0.02999706007540226,0.5876724720001221
3079,36.159278869628906,0.9785559177398682,0.49788999557495117,0.1782640963792801,0.016550110653042793,0.551487922668457
3080,36.15070343017578,0.9686516523361206,0.4986250102519989,0.1782395839691162,-0.012979204766452312,0.55797278881073
3081,36.118743896484375,0.9983757138252258,0.49864497780799866,0.17821542918682098,-0.01409347914159298,0.5867957472801208
3082,36.132774353027344,0.9515911340713501,0.4992450177669525,0.17820197343826294,-0.020562201738357544,0.5757522583007812
3083,36.164817810058594,0.9882221221923828,0.5008350610733032,0.1782168447971344,0.010029434226453304,0.5732278823852539
3084,36.128787994384766,0.9645883440971375,0.5011600255966187,0.17823751270771027,-0.021880323067307472,0.5817378759384155
3085,36.12852478027344,0.975980281829834,0.500944972038269,0.1782543659210205,-0.01568300649523735,0.5903670787811279
3086,36.150081634521484,0.9742503762245178,0.4999849796295166,0.17825409770011902,-0.005159191321581602,0.570212185382843
3087,36.155250549316406,0.976874828338623,0.5012249946594238,0.1782759428024292,-0.01486606989055872,0.5834599137306213
3088,36.1205940246582,0.9736222624778748,0.496845006942749,0.17821970582008362,-0.03341096267104149,0.5759199261665344
3089,36.15924072265625,0.9805353283882141,0.5001400113105774,0.178222194314003,-0.010798665694892406,0.5858124494552612
3090,36.147212982177734,0.9639606475830078,0.5006600022315979,0.17823396623134613,0.003261445090174675,0.57240229845047
3091,36.13459014892578,0.9570941925048828,0.5001000165939331,0.1782357543706894,-0.00527498172596097,0.5745537877082825
3092,36.12714385986328,0.9764665365219116,0.4982199966907501,0.1782040297985077,-0.0034858619328588247,0.586478590965271
3093,36.14439392089844,0.9686169028282166,0.500605046749115,0.17821481823921204,0.0009517238358967006,0.5723558664321899
3094,36.14399719238281,0.9650663137435913,0.49857500195503235,0.17818942666053772,-0.021203605458140373,0.5782689452171326
3095,36.139366149902344,0.9550873041152954,0.5026900172233582,0.17823736369609833,-0.002328223781660199,0.5736854672431946
3096,36.14480972290039,0.9675168395042419,0.49751001596450806,0.17819297313690186,-0.004574124235659838,0.5672088265419006
3097,36.14254379272461,0.9856646060943604,0.49775001406669617,0.1781528741121292,-0.01819951832294464,0.5838601589202881
3098,36.147315979003906,0.9648168683052063,0.5010249614715576,0.17817114293575287,-0.030572962015867233,0.5893491506576538
3099,36.145816802978516,0.9871372580528259,0.5003499984741211,0.1781773865222931,-0.016237599775195122,0.5849741101264954
3100,36.124637603759766,0.9520326256752014,0.49781501293182373,0.17813844978809357,-0.012568874284625053,0.6044747829437256
3101,36.13447952270508,0.9771555662155151,0.49857500195503235,0.17811305820941925,-0.017590049654245377,0.5813261866569519
3102,36.163455963134766,0.9905753135681152,0.5006900429725647,0.17812535166740417,0.009489797987043858,0.565635085105896
3103,36.13463592529297,0.9597536325454712,0.5007349848747253,0.17813844978809357,-0.020701982080936432,0.5859072804450989
3104,36.12236022949219,0.9711990356445312,0.5016050338745117,0.17816703021526337,-0.024855485185980797,0.581743061542511
3105,36.15378189086914,0.9753605723381042,0.49764499068260193,0.1781250685453415,0.008308541029691696,0.5702160596847534
3106,36.14451599121094,0.9597843885421753,0.500749945640564,0.17813841998577118,-0.015478012152016163,0.5653139352798462
3107,36.13689422607422,0.9888666868209839,0.4970400035381317,0.17808568477630615,0.00044940283987671137,0.5639345049858093
3108,36.135154724121094,0.9642634391784668,0.4994499981403351,0.1780758947134018,-0.0033013869542628527,0.5768425464630127
3109,36.15251922607422,0.9770739078521729,0.4973900020122528,0.17802941799163818,-0.008805888704955578,0.5676758289337158
3110,36.13124465942383,0.9612531661987305,0.4996950328350067,0.17802397906780243,-0.025327423587441444,0.5662795901298523
3111,36.14381790161133,0.9838500022888184,0.49972501397132874,0.17801909148693085,-0.012762912549078465,0.562556803226471
3112,36.140201568603516,0.9595831036567688,0.5027450323104858,0.17806796729564667,-0.0050973170436918736,0.5785254240036011
3113,36.143550872802734,0.976569414138794,0.4983299970626831,0.17803822457790375,-0.017395466566085815,0.5743513703346252
3114,36.1307373046875,0.9663949012756348,0.5009099841117859,0.17805442214012146,0.004204159136861563,0.5857061147689819
3115,36.131656646728516,0.9541683793067932,0.5014699697494507,0.17808058857917786,0.0015423522563651204,0.5668616890907288
3116,36.14530563354492,0.9694883227348328,0.5016400218009949,0.1781097948551178,0.00048171807429753244,0.593681812286377
3117,36.14732360839844,0.9784523844718933,0.5007150173187256,0.17812253534793854,-0.011164018884301186,0.5878522396087646
3118,36.140480041503906,0.9647968411445618,0.4986000061035156,0.17809759080410004,-0.018532009795308113,0.5803357362747192
3119,36.134185791015625,0.9640832543373108,0.5001850128173828,0.17810088396072388,-0.006437299307435751,0.5698556303977966
3120,36.13815689086914,0.9554029703140259,0.5005649924278259,0.17811094224452972,0.00961049273610115,0.5719672441482544
3121,36.14832305908203,0.9619710445404053,0.49985501170158386,0.1781083643436432,-0.01859883964061737,0.5713785290718079
3122,36.12186813354492,0.9451753497123718,0.4975600242614746,0.17806489765644073,-0.008805387653410435,0.5626758337020874
3123,36.13838195800781,0.9614982604980469,0.499625027179718,0.1780582219362259,-0.033474646508693695,0.57999187707901
3124,36.15154266357422,0.9605495929718018,0.5013100504875183,0.17808154225349426,0.01588333398103714,0.5722696185112
3125,36.144386291503906,0.952049970626831,0.5007249712944031,0.17809444665908813,-0.0016738853882998228,0.5796824097633362
3126,36.129634857177734,0.9576332569122314,0.501740038394928,0.17812544107437134,-0.017847910523414612,0.5795929431915283
3127,36.1336555480957,0.9440374970436096,0.4994350075721741,0.1781153827905655,-0.029073422774672508,0.5801350474357605
3128,36.15867233276367,0.967964768409729,0.4992550313472748,0.17810210585594177,0.0018668508855625987,0.5867404937744141
3129,36.13544464111328,0.9429768323898315,0.5014150142669678,0.17812730371952057,-0.030040424317121506,0.584115207195282
3130,36.1350212097168,0.9686709642410278,0.5003849864006042,0.17813415825366974,-0.03193707391619682,0.5717219710350037
3131,36.144474029541016,0.9499541521072388,0.500415027141571,0.1781415492296219,0.00983863789588213,0.5798176527023315
3132,36.15476989746094,0.9745656847953796,0.4976300001144409,0.17809933423995972,-0.02310873195528984,0.5630220174789429
3133,36.12842559814453,0.9652431011199951,0.4993250370025635,0.17808732390403748,-0.008113081566989422,0.5776478052139282
3134,36.1302604675293,0.9431134462356567,0.5044450163841248,0.1781664937734604,-0.002432451816275716,0.5789082646369934
3135,36.15782928466797,0.974689781665802,0.5011250376701355,0.1781865507364273,-0.000511195685248822,0.5776883959770203
3136,36.13624954223633,0.9561319947242737,0.4995350241661072,0.17817826569080353,-0.024714427068829536,0.5838140845298767
3137,36.12002182006836,0.9712854623794556,0.5001800060272217,0.1781814694404602,-0.003030129475519061,0.5856883525848389
3138,36.14925765991211,0.9536312818527222,0.5031300187110901,0.17823724448680878,-0.019718343392014503,0.5818975567817688
3139,36.14461898803711,0.9643268585205078,0.49933502078056335,0.17822538316249847,-0.01358044147491455,0.5808539390563965
3140,36.13867950439453,0.9923483729362488,0.5020999908447266,0.17826281487941742,-0.01574746146798134,0.5705236792564392
3141,36.13656234741211,0.9428006410598755,0.50027996301651,0.17826780676841736,0.003103344002738595,0.5889517068862915
3142,36.14522933959961,0.9632512927055359,0.49915000796318054,0.17825265228748322,0.013634690083563328,0.5742065906524658
3143,36.148284912109375,0.964870035648346,0.4974300265312195,0.17820683121681213,-0.011419395916163921,0.5839481353759766
3144,36.12777328491211,0.9824478030204773,0.4992750287055969,0.17819391191005707,-0.027812711894512177,0.5683059692382812
3145,36.13756561279297,0.9652287364006042,0.4978399872779846,0.17815542221069336,-0.029666651040315628,0.5826840996742249
3146,36.14675521850586,0.963947594165802,0.5008600354194641,0.17817074060440063,0.006197518669068813,0.5679941177368164
3147,36.13741683959961,0.968655526638031,0.5011399984359741,0.17819105088710785,-0.008320534601807594,0.5863533616065979
3148,36.132266998291016,0.9658111333847046,0.5017450451850891,0.1782221496105194,0.0017774301813915372,0.582109272480011
3149,36.14201736450195,0.9717671871185303,0.5033349990844727,0.17828159034252167,-0.007153417449444532,0.5741713643074036
3150,36.151309967041016,0.9680908918380737,0.5041500329971313,0.17835557460784912,-0.015279917046427727,0.5693687200546265
3151,36.13544464111328,0.9548825621604919,0.49857500195503235,0.17833015322685242,-0.02773498371243477,0.5627402067184448
3152,36.134037017822266,0.9605371356010437,0.4997650384902954,0.17832596600055695,-0.039689432829618454,0.5749843716621399
3153,36.148597717285156,0.9519525170326233,0.4997299909591675,0.17832115292549133,0.0012988434173166752,0.5664323568344116
3154,36.13489532470703,0.94944167137146,0.501675009727478,0.1783510148525238,-0.00027012277860194445,0.5774702429771423
3155,36.141353607177734,0.9663245677947998,0.4994649887084961,0.17834146320819855,-0.013237828388810158,0.5772539973258972
3156,36.14558792114258,0.9527254104614258,0.5000100135803223,0.17834162712097168,0.013718117959797382,0.5802221298217773
3157,36.13984680175781,0.9465931057929993,0.5013650059700012,0.17836597561836243,-0.011463116854429245,0.5813791751861572
3158,36.13851547241211,0.9647267460823059,0.5011699795722961,0.1783868372440338,-0.0034787412732839584,0.5676201581954956
3159,36.136966705322266,0.963840663433075,0.5020949840545654,0.1784241944551468,-0.014199369587004185,0.5793492794036865
3160,36.13994598388672,0.9590610265731812,0.4990899860858917,0.1784079521894455,-0.024423515424132347,0.5625308752059937
3161,36.14395523071289,0.9612594246864319,0.49695998430252075,0.1783537119626999,-0.02604125440120697,0.5667064189910889
3162,36.14762496948242,0.9625577330589294,0.49939998984336853,0.1783430129289627,0.001873552449978888,0.5754672288894653
3163,36.13518524169922,0.962922215461731,0.4996900260448456,0.1783374845981598,-0.03702216222882271,0.5594355463981628
3164,36.132076263427734,0.9617850184440613,0.4996500015258789,0.17833124101161957,-0.0015719009097665548,0.5746475458145142
3165,36.144630432128906,0.9558348655700684,0.4989300072193146,0.17831216752529144,-0.009447772055864334,0.5511434674263
3166,36.13385772705078,0.9440721273422241,0.5010749697685242,0.17833134531974792,0.005469204392284155,0.5805679559707642
3167,36.13074493408203,0.9715593457221985,0.49900999665260315,0.17831368744373322,-0.030241236090660095,0.5758345723152161
3168,36.14466857910156,0.9448978304862976,0.4987749755382538,0.17829184234142303,-0.0014317730674520135,0.566119372844696
3169,36.14079666137695,0.9582032561302185,0.49930500984191895,0.17827944457530975,-0.038713112473487854,0.5857375264167786
3170,36.12530517578125,0.9380470514297485,0.503125011920929,0.17833514511585236,-0.010568065568804741,0.5730039477348328
3171,36.14583206176758,0.9596276879310608,0.49887001514434814,0.17831499874591827,0.0011829915456473827,0.5779374241828918
3172,36.1532096862793,0.9647241830825806,0.5024150013923645,0.1783580631017685,0.013238768093287945,0.5849858522415161
3173,36.129600524902344,0.967898964881897,0.5000849962234497,0.17835956811904907,-0.01799648441374302,0.5728616714477539
3174,36.143409729003906,0.9656497836112976,0.498835027217865,0.17833879590034485,0.005327808670699596,0.5537323355674744
3175,36.13744354248047,0.9438358545303345,0.50347501039505,0.17840076982975006,-0.02604338712990284,0.5963501930236816
3176,36.13848114013672,0.9574109315872192,0.5002650022506714,0.1784054934978485,-0.013720030896365643,0.5693272948265076
3177,36.141998291015625,0.9533312916755676,0.5022650361061096,0.17844590544700623,-0.01239868812263012,0.568803071975708
3178,36.14021682739258,0.9740946292877197,0.4985850155353546,0.17842064797878265,-0.011572567746043205,0.5808266401290894
3179,36.13335037231445,0.9452119469642639,0.4978349804878235,0.1783820241689682,-0.01592574082314968,0.5781054496765137
3180,36.13774108886719,0.9539588689804077,0.4992099702358246,0.17836794257164001,-0.017847172915935516,0.574618399143219
3181,36.14275360107422,0.952772319316864,0.49944499135017395,0.1783580482006073,0.016437401995062828,0.5777491331100464
3182,36.14327621459961,0.9729131460189819,0.4986650049686432,0.17833423614501953,-0.022529931738972664,0.574909508228302
3183,36.12413024902344,0.9409089088439941,0.49898001551628113,0.17831604182720184,-0.026101555675268173,0.5854898691177368
3184,36.13667297363281,0.9629051089286804,0.4997600018978119,0.1783117651939392,-0.023911964148283005,0.592928946018219
3185,36.16090393066406,0.9875178933143616,0.49732500314712524,0.1782640665769577,0.012818261049687862,0.560735821723938
3186,36.1353645324707,0.9729828834533691,0.5017000436782837,0.178294375538826,-0.005808609537780285,0.5642465949058533
3187,36.12956619262695,0.9651297926902771,0.5000050067901611,0.17829446494579315,-0.027251964434981346,0.5806644558906555
3188,36.16411209106445,0.9824478030204773,0.5017799735069275,0.17832620441913605,0.014519939199090004,0.5726460814476013
3189,36.13312530517578,0.9455702304840088,0.500510036945343,0.1783353090286255,-0.005801144056022167,0.5580875277519226
3190,36.12571716308594,0.9820544719696045,0.5020400285720825,0.17837168276309967,-0.01861814223229885,0.5713708400726318
3191,36.142906188964844,0.9660435914993286,0.5003800392150879,0.17837846279144287,-0.013625095598399639,0.5727456212043762
3192,36.15106201171875,0.9734841585159302,0.4988599717617035,0.17835812270641327,-0.01028544083237648,0.5540878772735596
3193,36.131004333496094,0.9695988893508911,0.5006549954414368,0.17836979031562805,-0.01617695577442646,0.5816617608070374
3194,36.141056060791016,0.9677813649177551,0.4993950128555298,0.1783590018749237,-0.022448567673563957,0.5730857849121094
3195,36.145015716552734,0.9549747109413147,0.500249981880188,0.17836347222328186,-0.010517626069486141,0.5772286057472229
3196,36.136653900146484,0.949564516544342,0.4967450201511383,0.17830541729927063,0.009663122706115246,0.5627733469009399
3197,36.12839889526367,0.9409000873565674,0.501075029373169,0.1783245950937271,-0.009994681924581528,0.5775787234306335
3198,36.140628814697266,0.9588218927383423,0.5007650256156921,0.17833824455738068,-0.00895953830331564,0.5659741759300232
3199,36.151405334472656,0.9617981314659119,0.4984549880027771,0.17831069231033325,-0.006353365257382393,0.5702347159385681
3200,36.144325256347656,0.9580182433128357,0.5012199878692627,0.17833243310451508,0.004004134330898523,0.5761094689369202
3201,36.13524627685547,0.9845778942108154,0.5006899833679199,0.1783447414636612,0.007447780109941959,0.5931370854377747
3202,36.13875961303711,0.9613569378852844,0.5033299922943115,0.17840412259101868,-0.030956853181123734,0.5853256583213806
3203,36.14596939086914,0.9763203263282776,0.5022050142288208,0.17844346165657043,-0.01227172464132309,0.5891470313072205
3204,36.136085510253906,0.9698125123977661,0.5015900135040283,0.17847183346748352,-0.015337824821472168,0.5743712782859802
3205,36.13574981689453,0.9656229615211487,0.497855007648468,0.17843355238437653,-0.01602448709309101,0.5987571477890015
3206,36.12807846069336,0.9347937703132629,0.4985450208187103,0.17840759456157684,-0.015295359306037426,0.573648989200592
3207,36.13972091674805,0.9557946920394897,0.4987049698829651,0.17838448286056519,-0.025404561311006546,0.5576759576797485
3208,36.12419128417969,0.9311942458152771,0.5006300210952759,0.17839570343494415,-0.04742037504911423,0.5766134262084961
3209,36.13917541503906,0.9505940675735474,0.5009850263595581,0.1784132719039917,-0.0536532886326313,0.5686757564544678
3210,36.149234771728516,0.9684257507324219,0.49700501561164856,0.17835983633995056,-0.019176136702299118,0.5740818977355957
3211,36.129844665527344,0.9683837890625,0.49783000349998474,0.17832112312316895,-0.003605140373110771,0.5809394717216492
3212,36.14533996582031,0.9639242887496948,0.5006450414657593,0.1783326268196106,-0.021400796249508858,0.580575168132782
3213,36.13725662231445,0.9577245116233826,0.49773502349853516,0.17829222977161407,0.0030442147981375456,0.5580853819847107
3214,36.13017272949219,0.9834393262863159,0.49794504046440125,0.1782555878162384,-0.006326928269118071,0.578194797039032
3215,36.14208221435547,0.9550292491912842,0.49933502078056335,0.1782437264919281,-0.03145992383360863,0.57567298412323
3216,36.139835357666016,0.9525959491729736,0.5008000135421753,0.1782579869031906,-0.023298712447285652,0.575914204120636
3217,36.12556076049805,0.9839778542518616,0.5012800097465515,0.1782808154821396,-0.026255296543240547,0.578457236289978
3218,36.13113021850586,0.9558956623077393,0.5003399848937988,0.1782868653535843,-0.02316426858305931,0.5939238667488098
3219,36.154022216796875,0.9813135862350464,0.4989800453186035,0.1782686859369278,-0.010354931466281414,0.5565068125724792
3220,36.14482498168945,0.9758439660072327,0.5005699992179871,0.178278848528862,-0.008823379874229431,0.5593629479408264
3221,36.13772201538086,0.9926580190658569,0.4966549873352051,0.17821921408176422,-0.0008076019585132599,0.578493595123291
3222,36.15161895751953,0.9564045071601868,0.5023350715637207,0.17826083302497864,-0.025724532082676888,0.5784456729888916
3223,36.15969467163086,0.9761900305747986,0.5015450119972229,0.17828837037086487,-0.020626701414585114,0.5655336976051331
3224,36.126373291015625,0.9693570733070374,0.4985499978065491,0.17826251685619354,-0.01139591634273529,0.5764741897583008
3225,36.13722229003906,0.9697327613830566,0.5001650452613831,0.17826545238494873,-0.003015481634065509,0.565851092338562
3226,36.14799118041992,0.9497002363204956,0.49980002641677856,0.1782618761062622,0.0038563250564038754,0.5819277167320251
3227,36.12744140625,0.938768208026886,0.501010000705719,0.17827987670898438,0.004274985287338495,0.574530303478241
3228,36.123374938964844,0.9782853126525879,0.5007800459861755,0.17829377949237823,-0.02015753649175167,0.5771549940109253
3229,36.141380310058594,0.9499567747116089,0.4995550215244293,0.17828583717346191,-0.02610284648835659,0.5758402943611145
3230,36.13959884643555,0.9602596163749695,0.501509964466095,0.1783127635717392,-0.02346324361860752,0.5744072198867798
3231,36.1369743347168,0.9640583992004395,0.49932000041007996,0.1783006340265274,-0.03267898038029671,0.5844537019729614
3232,36.12335968017578,0.946337103843689,0.5005049705505371,0.17830964922904968,-0.012709755450487137,0.58334881067276
3233,36.15097427368164,0.9770582318305969,0.49796003103256226,0.1782732754945755,-0.0024423752911388874,0.5734186172485352
3234,36.1391716003418,0.9385316967964172,0.5033849477767944,0.17833362519741058,-0.005387829151004553,0.5729098916053772
3235,36.14384460449219,0.9674525856971741,0.4983850121498108,0.17830482125282288,-0.02079932950437069,0.5680330991744995
3236,36.14296340942383,0.9571021795272827,0.5012000203132629,0.17832621932029724,-0.02575632743537426,0.5700455904006958
3237,36.144466400146484,0.9327670335769653,0.4987950026988983,0.1783047318458557,-0.017000621184706688,0.5746698379516602
3238,36.14168930053711,0.9567053318023682,0.4989349842071533,0.17828573286533356,-0.01250747125595808,0.5681803822517395
3239,36.12866973876953,0.9566932320594788,0.49951496720314026,0.17827709019184113,-0.01715269684791565,0.5885576009750366
3240,36.14763641357422,0.9585046768188477,0.5000150203704834,0.1782773733139038,-0.012680185958743095,0.5643233060836792
3241,36.13642501831055,0.9499891400337219,0.5032000541687012,0.17833441495895386,-0.021438561379909515,0.5948355197906494
3242,36.128684997558594,0.9592857956886292,0.49925497174263,0.17832112312316895,-0.04007198289036751,0.5817371606826782
3243,36.128719329833984,0.9506887793540955,0.5004950165748596,0.1783299446105957,0.013154112733900547,0.583501398563385
3244,36.151432037353516,0.9717785120010376,0.4993300139904022,0.17831799387931824,-0.008944984525442123,0.573066234588623
3245,36.134246826171875,0.9550420045852661,0.5002849698066711,0.17832307517528534,-0.035184066742658615,0.5812428593635559
3246,36.138916015625,0.9603135585784912,0.5000450015068054,0.1783238798379898,-0.019135143607854843,0.5677707195281982
3247,36.15116882324219,0.9655792713165283,0.49695003032684326,0.17826949059963226,0.00924239307641983,0.5552371740341187
3248,36.14200210571289,0.9595886468887329,0.5014150142669678,0.17829471826553345,-0.01558359432965517,0.5707662105560303
3249,36.1422004699707,0.9553519487380981,0.4988100230693817,0.1782734990119934,-0.023370839655399323,0.5685579776763916
3250,36.14293670654297,0.9609156847000122,0.4991900324821472,0.17825905978679657,-0.01699935272336006,0.5872135758399963
3251,36.13191223144531,0.9493884444236755,0.4999750256538391,0.17825861275196075,-0.00748370960354805,0.5701769590377808
3252,36.13433837890625,0.9549248218536377,0.4996950328350067,0.178253173828125,-0.005751589313149452,0.5558649301528931
3253,36.14141082763672,0.9672520756721497,0.4982749819755554,0.1782224327325821,0.016870060935616493,0.5887629985809326
3254,36.130218505859375,0.9479391574859619,0.4978500306606293,0.1781841218471527,-0.02016054280102253,0.5754894018173218
3255,36.12976837158203,0.9668051600456238,0.5017749667167664,0.17821575701236725,-0.0390566810965538,0.5904180407524109
3256,36.1392822265625,0.9499008059501648,0.5005300045013428,0.17822520434856415,0.011693391017615795,0.5629521608352661
3257,36.14839553833008,0.9729706645011902,0.501740038394928,0.17825622856616974,0.011970996856689453,0.5617561936378479
3258,36.13561248779297,0.9675146341323853,0.4993550181388855,0.17824473977088928,-0.015333588235080242,0.5787908434867859
3259,36.118064880371094,0.938734233379364,0.5012400150299072,0.17826683819293976,-0.026312660425901413,0.5681033730506897
3260,36.14857482910156,0.9459349513053894,0.49985000491142273,0.17826415598392487,0.02114550583064556,0.5696346759796143
3261,36.14339828491211,0.9475526809692383,0.4991450011730194,0.17824891209602356,-0.02301160991191864,0.56406569480896
3262,36.13252258300781,0.955953061580658,0.5000200271606445,0.1782492697238922,-0.026554392650723457,0.5713843703269958
3263,36.14320755004883,0.9426671266555786,0.501550018787384,0.1782768964767456,0.00916273146867752,0.5703901052474976
3264,36.14873504638672,0.9679995775222778,0.499860018491745,0.17827439308166504,-0.008198968134820461,0.584617555141449
3265,36.13863754272461,0.9633389711380005,0.5008000135421753,0.17828865349292755,-0.03154672309756279,0.5745458602905273
3266,36.14331817626953,0.9565803408622742,0.49932000041007996,0.17827652394771576,-0.03222676366567612,0.5574729442596436
3267,36.15623092651367,0.9681670069694519,0.49780499935150146,0.17823739349842072,0.013931055553257465,0.5611650943756104
3268,36.134742736816406,0.961235523223877,0.5023850202560425,0.17827990651130676,-0.021308213472366333,0.5726454854011536
3269,36.13241958618164,0.9656081795692444,0.498725026845932,0.17825718224048615,-0.04338865354657173,0.5856799483299255
3270,36.14741516113281,0.9576250314712524,0.502519965171814,0.1783021092414856,-0.004805359058082104,0.5729933381080627
3271,36.1307487487793,0.9426548480987549,0.4998199939727783,0.17829890549182892,-0.025777636095881462,0.56453937292099
3272,36.125423431396484,0.9741297960281372,0.49867501854896545,0.17827528715133667,-0.006738016381859779,0.5882106423377991
3273,36.14207458496094,0.9606550931930542,0.4984300136566162,0.17824730277061462,-0.01694643497467041,0.5683863162994385
3274,36.14458465576172,0.9569819569587708,0.4996350407600403,0.1782408058643341,0.0014865800039842725,0.5764215588569641
3275,36.14292907714844,0.9636490345001221,0.5013750195503235,0.1782653033733368,-0.028011851012706757,0.5803637504577637
3276,36.13574981689453,0.952424168586731,0.4980250298976898,0.17823010683059692,-0.03790292143821716,0.563958466053009
3277,36.141998291015625,0.9562501907348633,0.49824002385139465,0.17819873988628387,-0.021780962124466896,0.5831260681152344
3278,36.13715362548828,0.951119065284729,0.5020400285720825,0.17823508381843567,0.009504929184913635,0.5866267085075378
3279,36.13075637817383,0.9622474908828735,0.5005449652671814,0.17824479937553406,-0.019261222332715988,0.575415313243866
3280,36.14680480957031,0.9573687314987183,0.49808502197265625,0.17821066081523895,-0.0008544120937585831,0.5695533752441406
3281,36.142154693603516,0.9685643315315247,0.5009199976921082,0.17822706699371338,-0.0006012525991536677,0.5780152678489685
3282,36.12890625,0.964683473110199,0.5022199749946594,0.17826662957668304,-0.012172340415418148,0.5788169503211975
3283,36.14089584350586,0.9454417824745178,0.49860501289367676,0.1782417595386505,-0.019444748759269714,0.5677989721298218
3284,36.13689422607422,0.9629576206207275,0.49963000416755676,0.17823515832424164,-0.017399149015545845,0.5697882175445557
3285,36.13617706298828,0.9621043801307678,0.5012400150299072,0.17825725674629211,-0.030930044129490852,0.5613600015640259
3286,36.15074157714844,0.9509711861610413,0.5008350014686584,0.17827212810516357,0.016023287549614906,0.565109372138977
3287,36.146663665771484,0.9588523507118225,0.49951496720314026,0.17826348543167114,-0.016806460916996002,0.5732614994049072
3288,36.136741638183594,0.9575760960578918,0.49850499629974365,0.17823684215545654,0.018877867609262466,0.5796566009521484
3289,36.15139389038086,0.9743053913116455,0.5012449622154236,0.17825902998447418,-0.0018985004862770438,0.5639330744743347
3290,36.14350509643555,0.9422932267189026,0.4985400140285492,0.17823301255702972,-0.015869829803705215,0.5680380463600159
3291,36.13566970825195,0.9671083688735962,0.501960039138794,0.1782679408788681,-0.027365729212760925,0.5755093097686768
3292,36.13084030151367,0.9573783278465271,0.49807998538017273,0.17823371291160583,-0.03422646224498749,0.5675347447395325
3293,36.13679504394531,0.9370937347412109,0.50239497423172,0.1782764047384262,-0.022282389923930168,0.5776439309120178
3294,36.14146423339844,0.9824262857437134,0.5007799863815308,0.17829030752182007,-0.016224928200244904,0.5687196254730225
3295,36.1422119140625,0.9457834959030151,0.502590000629425,0.1783364862203598,-0.0022051373962312937,0.5766995549201965
3296,36.13550567626953,0.9518147706985474,0.5005000233650208,0.17834539711475372,-0.021205032244324684,0.5899161100387573
3297,36.130279541015625,0.9560708403587341,0.5008099675178528,0.17835983633995056,1.3840675819665194e-05,0.5496854782104492
3298,36.14725112915039,0.9759118556976318,0.4995500147342682,0.17835180461406708,-0.014783780090510845,0.5770829319953918
3299,36.12804412841797,0.9622482061386108,0.4981600046157837,0.17831899225711823,0.002112529007717967,0.562648355960846
3300,36.13257598876953,0.9693819284439087,0.4989149868488312,0.1782996505498886,-0.0368192233145237,0.5784051418304443
3301,36.141422271728516,0.9532555937767029,0.5015150308609009,0.17832666635513306,-0.0029528771992772818,0.5812118053436279
3302,36.128299713134766,0.9398305416107178,0.498119980096817,0.1782931387424469,-0.004166301805526018,0.5485889911651611
3303,36.133304595947266,0.9592580199241638,0.4986650049686432,0.17826932668685913,-0.012468308210372925,0.567693829536438
3304,36.13289260864258,0.9466144442558289,0.49788999557495117,0.17823171615600586,-0.013878718949854374,0.5726553201675415
3305,36.143272399902344,0.9579938054084778,0.49972501397132874,0.17822681367397308,-0.010165456682443619,0.58909672498703
3306,36.127281188964844,0.9420860409736633,0.5008600354194641,0.17824213206768036,-0.022127602249383926,0.5745096206665039
3307,36.133609771728516,0.9549781084060669,0.49715498089790344,0.1781914234161377,-0.010269096121191978,0.5713885426521301
3308,36.156219482421875,0.9613584876060486,0.5006099939346313,0.1782023012638092,-0.0005615701666101813,0.5725950002670288
3309,36.14734649658203,0.978361964225769,0.502144992351532,0.17824052274227142,-0.016796933487057686,0.5777871012687683
3310,36.14215087890625,0.9749113917350769,0.5020949840545654,0.178277850151062,-0.009556511417031288,0.5646753311157227
3311,36.14397048950195,0.9788401126861572,0.4978949725627899,0.1782403141260147,-0.0072278352454304695,0.5645994544029236
3312,36.14382553100586,0.9567647576332092,0.49982500076293945,0.178237184882164,0.003828880377113819,0.5704759955406189
3313,36.13226318359375,0.9446109533309937,0.500635027885437,0.17824850976467133,-0.003944651689380407,0.5890483856201172
3314,36.146785736083984,0.9560516476631165,0.49958497285842896,0.17824111878871918,-0.027376538142561913,0.5714723467826843
3315,36.148868560791016,0.9589555859565735,0.49979501962661743,0.17823746800422668,-8.74633842613548e-05,0.5672880411148071
3316,36.13998031616211,0.9580643177032471,0.499860018491745,0.17823496460914612,-0.02725869044661522,0.5674793124198914
3317,36.141822814941406,0.9526528716087341,0.49864500761032104,0.1782108098268509,0.004670691676437855,0.5789971351623535
3318,36.12993240356445,0.9432262182235718,0.4995099604129791,0.1782020777463913,-0.018140144646167755,0.5637127757072449
3319,36.143917083740234,0.9562287330627441,0.5022549629211426,0.1782422661781311,-0.009541942737996578,0.5760658383369446
3320,36.12647247314453,0.9495053291320801,0.5007399916648865,0.17825546860694885,-0.01783851347863674,0.565542995929718
3321,36.143585205078125,0.9661563634872437,0.500665009021759,0.17826732993125916,0.00026548196910880506,0.5744931101799011
3322,36.13475036621094,0.9510283470153809,0.4998050034046173,0.178263857960701,0.007679616566747427,0.5909526944160461
3323,36.128814697265625,0.9467546343803406,0.4980100393295288,0.17822837829589844,-0.01678396761417389,0.565921425819397
3324,36.1473274230957,0.9677937626838684,0.49934500455856323,0.17821671068668365,2.5242807168979198e-05,0.5789785981178284
3325,36.13868713378906,0.950783908367157,0.5009750127792358,0.17823408544063568,-0.005280687473714352,0.5951082706451416
3326,36.1279411315918,0.943111002445221,0.5005849599838257,0.17824451625347137,-0.019683722406625748,0.5730105042457581
3327,36.14407730102539,0.9507261514663696,0.49955999851226807,0.1782366782426834,-0.009888877160847187,0.5618637800216675
3328,36.1406364440918,0.9566129446029663,0.49744001030921936,0.17819105088710785,-0.01941537857055664,0.5629845261573792
3329,36.1313362121582,0.9466646313667297,0.4979950189590454,0.178155317902565,-0.018709011375904083,0.5692732334136963
3330,36.145748138427734,0.9631662368774414,0.496815025806427,0.17809857428073883,0.0004247207834850997,0.5788915157318115
3331,36.13444900512695,0.9570638537406921,0.5001350045204163,0.17810097336769104,-0.03776541352272034,0.5766624212265015
3332,36.1378173828125,0.9608350396156311,0.5005499720573425,0.1781107634305954,-0.014406902715563774,0.5738716125488281
3333,36.13224411010742,0.9459264874458313,0.5024600028991699,0.1781545877456665,-0.0005847153952345252,0.583243191242218
3334,36.1348762512207,0.9647529125213623,0.49920499324798584,0.17814041674137115,-0.012875632382929325,0.571081280708313
3335,36.14521026611328,0.9600499868392944,0.5004550218582153,0.1781485229730606,0.0015877304831519723,0.5630660653114319
3336,36.1431884765625,0.9495444893836975,0.4988449811935425,0.1781279444694519,0.007604312151670456,0.5680864453315735
3337,36.11966323852539,0.941572904586792,0.4994000196456909,0.17811726033687592,0.022985877469182014,0.5740607380867004
3338,36.13720703125,0.9386804699897766,0.4984250068664551,0.1780892163515091,-0.017029011622071266,0.5749726891517639
3339,36.14582443237305,0.9418935179710388,0.5017150044441223,0.17811976373195648,-0.016396336257457733,0.5770788788795471
3340,36.1354866027832,0.9552382826805115,0.5048149824142456,0.17820551991462708,-0.0034855196718126535,0.577757716178894
3341,36.131317138671875,0.9464074969291687,0.5039299726486206,0.17827555537223816,-0.007735532242804766,0.587985098361969
3342,36.14686584472656,0.9657703638076782,0.4997349977493286,0.1782708317041397,-0.007855888456106186,0.5655640959739685
3343,36.14091873168945,0.9467588067054749,0.5017949938774109,0.1783028393983841,-0.007701314054429531,0.5686597228050232
3344,36.13743591308594,0.9582644701004028,0.49977001547813416,0.1782987415790558,-0.019307294860482216,0.5854401588439941
3345,36.13679885864258,0.9480728507041931,0.499889999628067,0.1782967746257782,-0.003428810741752386,0.5773327946662903
3346,36.13655471801758,0.9530296921730042,0.4966150224208832,0.17823642492294312,-0.027553418651223183,0.5742489695549011
3347,36.12814712524414,0.9459485411643982,0.5016399621963501,0.17826566100120544,-0.007186319213360548,0.5722010731697083
3348,36.146297454833984,0.9748746156692505,0.5013999938964844,0.17829060554504395,-0.0181582048535347,0.5627433061599731
3349,36.140724182128906,0.941203773021698,0.4991999864578247,0.17827634513378143,-0.020668961107730865,0.5731457471847534
3350,36.14420700073242,0.9589667320251465,0.4972050189971924,0.1782265156507492,-0.027188919484615326,0.5778338313102722
3351,36.14918518066406,0.9505680799484253,0.5003600120544434,0.17823293805122375,-0.009205525740981102,0.5593879818916321
3352,36.13593292236328,0.948749840259552,0.5011749863624573,0.1782538890838623,-0.014109495095908642,0.5887984037399292
3353,36.13589096069336,0.9492270946502686,0.49887001514434814,0.17823374271392822,-0.021128928288817406,0.5741310119628906
3354,36.146060943603516,0.9681859016418457,0.5002700090408325,0.17823854088783264,-0.014141148887574673,0.5806481838226318
3355,36.13343048095703,0.9451655149459839,0.5011450052261353,0.17825894057750702,-0.007749013137072325,0.5792151093482971
3356,36.14352798461914,0.937673807144165,0.5003699660301208,0.1782655268907547,-0.008646664209663868,0.5688276290893555
3357,36.14183807373047,0.9533591270446777,0.49996498227119446,0.17826490104198456,-0.02046305313706398,0.5802498459815979
3358,36.13333511352539,0.9704014658927917,0.49982503056526184,0.17826177179813385,-0.03161274641752243,0.5741212964057922
3359,36.15642547607422,0.9695159196853638,0.5006200075149536,0.17827282845973969,0.004664257168769836,0.5710068941116333
3360,36.14802169799805,0.9625891447067261,0.5008400678634644,0.1782878041267395,0.0003560018667485565,0.5820138454437256
3361,36.12647247314453,0.9563276171684265,0.4993950128555298,0.17827701568603516,-0.019035127013921738,0.5690988898277283
3362,36.14601516723633,0.9680071473121643,0.5017799735069275,0.17830874025821686,-0.003446863265708089,0.5650806427001953
3363,36.1447868347168,0.9491415619850159,0.5017600059509277,0.1783401072025299,0.011333021335303783,0.5878075361251831
3364,36.133392333984375,0.965520977973938,0.5024300217628479,0.17838343977928162,-0.016269812360405922,0.5922657251358032
3365,36.138484954833984,0.9537695646286011,0.49916499853134155,0.17836853861808777,-0.00451442738994956,0.5756049752235413
3366,36.14872741699219,0.9615426063537598,0.4998200237751007,0.1783653348684311,0.0011918075615540147,0.5624899864196777
3367,36.14128494262695,0.9696178436279297,0.49874502420425415,0.17834293842315674,-0.01679016463458538,0.588412344455719
3368,36.134117126464844,0.9550306797027588,0.49957001209259033,0.1783352792263031,-0.030567513778805733,0.5658339858055115
3369,36.14658737182617,0.9512354731559753,0.5016900300979614,0.17836542427539825,-0.020381223410367966,0.5772706270217896
3370,36.133567810058594,0.9523535370826721,0.49810999631881714,0.17833171784877777,-0.011579493060708046,0.5616756081581116
3371,36.13412857055664,0.966041624546051,0.49994000792503357,0.17833064496517181,-0.028382807970046997,0.5776785016059875
3372,36.14316940307617,0.9545835256576538,0.4987049996852875,0.17830754816532135,0.003659887472167611,0.577630877494812
3373,36.14850616455078,0.9573867321014404,0.4993250072002411,0.17829552292823792,-0.011584383435547352,0.5689287185668945
3374,36.122005462646484,0.9460139870643616,0.500095009803772,0.178297221660614,-0.009897200390696526,0.584342360496521
3375,36.132484436035156,0.942213237285614,0.5020950436592102,0.1783345639705658,-0.015593736432492733,0.5807141065597534
3376,36.15273666381836,0.9593753218650818,0.49994999170303345,0.17833366990089417,-0.012764740735292435,0.5665247440338135
3377,36.130374908447266,0.9484800100326538,0.5009700059890747,0.17835097014904022,-0.012188779190182686,0.5736956000328064
3378,36.15211868286133,0.973219096660614,0.49838000535964966,0.17832207679748535,-0.010212566703557968,0.5598649978637695
3379,36.13751220703125,0.9497890472412109,0.4990500211715698,0.17830513417720795,-0.023738794028759003,0.5815231204032898
3380,36.131500244140625,0.9453103542327881,0.5012800097465515,0.17832796275615692,-0.011525768786668777,0.5589956045150757
3381,36.15021896362305,0.9609360694885254,0.5008649826049805,0.17834340035915375,-0.011349265463650227,0.5516552329063416
3382,36.13663101196289,0.9557700157165527,0.5017350316047668,0.17837433516979218,-0.012033509090542793,0.5681602954864502
3383,36.12969970703125,0.9479013085365295,0.5009649991989136,0.17839156091213226,-0.027511218562722206,0.5665854811668396
3384,36.146400451660156,0.9563925266265869,0.5003349781036377,0.178397536277771,-0.011287666857242584,0.5636937022209167
3385,36.14570999145508,0.9616914391517639,0.5013350248336792,0.17842134833335876,-0.013859990984201431,0.5709524750709534
3386,36.12381362915039,0.9485435485839844,0.4993850290775299,0.1784103661775589,-0.017566589638590813,0.5925253033638
3387,36.142581939697266,0.9477643370628357,0.5007749795913696,0.1784241944551468,0.003006627317517996,0.5630283355712891
3388,36.1474723815918,0.9720136523246765,0.4977800250053406,0.17838458716869354,-0.019546981900930405,0.5776450634002686
3389,36.13703918457031,0.9697579145431519,0.5002149939537048,0.17838841676712036,-0.005652388092130423,0.5762012004852295
3390,36.121395111083984,0.9495057463645935,0.5030299425125122,0.17844247817993164,-0.003927942365407944,0.5825260877609253
3391,36.15022277832031,0.9477419257164001,0.5009350180625916,0.17845915257930756,-0.0012332487385720015,0.5598258376121521
3392,36.139244079589844,0.9469242691993713,0.49810999631881714,0.17842541635036469,-0.002780767623335123,0.5884761810302734
3393,36.119266510009766,0.9669521450996399,0.4993450343608856,0.1784137338399887,-0.01945655420422554,0.5743796825408936
3394,36.14609146118164,0.9584689140319824,0.49788498878479004,0.1783760040998459,-0.017803436145186424,0.5673937797546387
3395,36.160587310791016,0.9633715152740479,0.4986500144004822,0.17835192382335663,0.007980328053236008,0.5753251314163208
3396,36.14282989501953,0.9586085081100464,0.4976699948310852,0.178310364484787,-0.02437140792608261,0.585925817489624
3397,36.12218475341797,0.9547002911567688,0.4984799921512604,0.17828325927257538,-0.032309580594301224,0.588591456413269
3398,36.15061569213867,0.961417019367218,0.49739497900009155,0.17823682725429535,-0.01548096165060997,0.5624458193778992
3399,36.14003372192383,0.9470986723899841,0.49972501397132874,0.17823192477226257,-0.023567426949739456,0.5721399188041687
3400,36.13380432128906,0.9851014018058777,0.5037050247192383,0.1782979667186737,-0.027454771101474762,0.58111172914505
3401,36.13664245605469,0.953670859336853,0.49855998158454895,0.1782722920179367,-0.01615482196211815,0.5807067155838013
3402,36.153717041015625,0.9648808836936951,0.4984700083732605,0.17824502289295197,-0.012161252088844776,0.5751161575317383
3403,36.1241569519043,0.9535413980484009,0.5012000203132629,0.17826642096042633,-0.043124228715896606,0.5706856846809387
3404,36.131404876708984,0.958180844783783,0.49864497780799866,0.1782422661781311,-0.02126265875995159,0.5691723227500916
3405,36.16062545776367,0.9682901501655579,0.49865999817848206,0.17821837961673737,-0.0018646097742021084,0.5802947878837585
3406,36.135894775390625,0.967105507850647,0.4965049922466278,0.17815609276294708,-0.018325047567486763,0.576751172542572
3407,36.115352630615234,0.9526023864746094,0.5028649568557739,0.178207129240036,-0.034986864775419235,0.5866150856018066
3408,36.15111541748047,0.9622106552124023,0.49774500727653503,0.1781669408082962,-0.030570467934012413,0.5676605105400085
3409,36.13899230957031,0.9649612307548523,0.5011399984359741,0.17818725109100342,-0.017157969996333122,0.5812581181526184
3410,36.134281158447266,0.9570766687393188,0.49897000193595886,0.1781688928604126,-0.01746031455695629,0.5732632279396057
3411,36.14133834838867,0.9583143591880798,0.5026499629020691,0.1782161146402359,-0.0008776271715760231,0.5798313617706299
3412,36.14955520629883,0.9998570084571838,0.4986650049686432,0.17819231748580933,-0.01668996922671795,0.5813001990318298
3413,36.141937255859375,0.9614685773849487,0.5005049705505371,0.1782013177871704,-0.004488916601985693,0.5844658017158508
3414,36.14702224731445,0.9488140940666199,0.4991750419139862,0.17818661034107208,-0.009281693957746029,0.5670890212059021
3415,36.1407356262207,0.9816069602966309,0.49940499663352966,0.17817601561546326,-0.009346036240458488,0.585063099861145
3416,36.154052734375,0.9768688082695007,0.5000400543212891,0.17817673087120056,-0.010933593846857548,0.5636846423149109
3417,36.13772964477539,0.9699251651763916,0.5009649991989136,0.17819394171237946,-0.01258782297372818,0.5635520815849304
3418,36.137062072753906,0.9412789344787598,0.5020099878311157,0.17822974920272827,-0.004986860789358616,0.5882683992385864
3419,36.155887603759766,0.9576579332351685,0.4972649812698364,0.178180992603302,-0.022863266989588737,0.559416651725769
3420,36.135684967041016,0.9637159109115601,0.5020099878311157,0.17821680009365082,-0.017952628433704376,0.5673070549964905
3421,36.116825103759766,0.9498522877693176,0.5030699968338013,0.17827150225639343,-0.04497608169913292,0.5685697793960571
3422,36.14872360229492,0.9608421921730042,0.5007299780845642,0.17828451097011566,0.0023298354353755713,0.5814458727836609
3423,36.135799407958984,0.9489277601242065,0.4974299967288971,0.17823868989944458,-0.01725000888109207,0.5733621716499329
3424,36.13376998901367,0.9955683946609497,0.4985400140285492,0.17821267247200012,-0.03119438886642456,0.5692939758300781
3425,36.141597747802734,0.9742594957351685,0.49921002984046936,0.17819859087467194,-0.03704167902469635,0.5812615752220154
3426,36.147865295410156,0.9629446864128113,0.5001200437545776,0.17820073664188385,-0.027186989784240723,0.5752942562103271
3427,36.138160705566406,0.955682098865509,0.4998049736022949,0.17819726467132568,-0.023142030462622643,0.5797586441040039
3428,36.13386917114258,0.9662807583808899,0.5013650059700012,0.17822158336639404,-0.038458485156297684,0.5717296004295349
3429,36.14354705810547,0.9483014941215515,0.4999300241470337,0.17822034657001495,-0.02084389328956604,0.5876153111457825
3430,36.14824295043945,0.9462410807609558,0.5011350512504578,0.178240567445755,-0.006142769008874893,0.5750865936279297
3431,36.14530563354492,0.9498398303985596,0.5019350051879883,0.17827504873275757,-0.006015503313392401,0.5801770091056824
3432,36.135929107666016,0.9557762145996094,0.4999350309371948,0.17827388644218445,-0.0035371247213333845,0.5743259787559509
3433,36.145179748535156,0.9629430770874023,0.4993950128555298,0.1782630980014801,-0.018553439527750015,0.5719498991966248
3434,36.147010803222656,0.9604015946388245,0.496955007314682,0.17820881307125092,-0.03568056598305702,0.5857998728752136
3435,36.147682189941406,0.9470250606536865,0.49999499320983887,0.17820872366428375,-0.01853892207145691,0.566866934299469
3436,36.14794921875,0.9626022577285767,0.5010949969291687,0.1782282441854477,-0.013794046826660633,0.5735333561897278
3437,36.13551712036133,0.953515887260437,0.499985009431839,0.1782279759645462,-0.02719753049314022,0.5768836140632629
3438,36.14030838012695,0.9641390442848206,0.5003450512886047,0.17823411524295807,-0.02701403759419918,0.5742591619491577
3439,36.136199951171875,0.941922664642334,0.49906501173973083,0.17821744084358215,-0.012738633900880814,0.5758243799209595
3440,36.14375686645508,0.9453640580177307,0.5011699795722961,0.17823828756809235,-0.020237283781170845,0.560271143913269
3441,36.13735580444336,0.94057297706604,0.5012649893760681,0.17826083302497864,-0.015854844823479652,0.5818278193473816
3442,36.13285827636719,0.9379178881645203,0.5011000037193298,0.17828044295310974,-0.0238216333091259,0.5855084657669067
3443,36.12696838378906,0.9438498020172119,0.5009049773216248,0.17829658091068268,-0.01149036642163992,0.5668186545372009
3444,36.159088134765625,0.9655212163925171,0.4999600052833557,0.17829586565494537,-0.01986066810786724,0.5647334456443787
3445,36.13956832885742,0.9448308944702148,0.5002650022506714,0.17830058932304382,-0.012394014745950699,0.5778606534004211
3446,36.132022857666016,0.9423153400421143,0.5001299977302551,0.17830289900302887,-0.006565912161022425,0.5756356120109558
3447,36.149635314941406,0.965819239616394,0.5007799863815308,0.17831680178642273,0.00292873103171587,0.5745497941970825
3448,36.13316345214844,0.9303624629974365,0.500914990901947,0.1783331334590912,-0.016828516498208046,0.5832970142364502
3449,36.12180709838867,0.947177529335022,0.5012199878692627,0.178354874253273,-0.020832844078540802,0.5650761127471924
3450,36.14444351196289,0.9611655473709106,0.5023000240325928,0.17839588224887848,-0.01874798908829689,0.5833356976509094
3451,36.1414680480957,0.9604192972183228,0.4956149756908417,0.17831765115261078,-0.00646210415288806,0.5729787349700928
3452,36.12234878540039,0.9447283744812012,0.4988050162792206,0.17829634249210358,-0.023929322138428688,0.5622308254241943
3453,36.13616180419922,0.9594330787658691,0.49999499320983887,0.1782962530851364,-0.01084325835108757,0.5760972499847412
3454,36.148193359375,0.9645794630050659,0.4997349977493286,0.17829152941703796,-0.01833806373178959,0.572206437587738
3455,36.120574951171875,0.9394993782043457,0.5007050633430481,0.17830409109592438,-0.010195436887443066,0.566540539264679
3456,36.14501190185547,0.9618380069732666,0.49869000911712646,0.17828072607517242,-0.014927673153579235,0.5692285895347595
3457,36.1436767578125,0.9494521617889404,0.4997450113296509,0.1782761812210083,-0.018269343301653862,0.582697331905365
3458,36.12641906738281,0.9616740942001343,0.5002099871635437,0.17827992141246796,-0.019230347126722336,0.6035197973251343
3459,36.14754104614258,0.9664657115936279,0.502750039100647,0.17832894623279572,-0.010704992339015007,0.5745906233787537
3460,36.13677215576172,0.9458311796188354,0.4967249929904938,0.17827053368091583,-0.017750540748238564,0.5788511037826538
3461,36.12784957885742,0.9595497250556946,0.5013399720191956,0.17829442024230957,-0.01903608813881874,0.5734714865684509
3462,36.1404914855957,0.9602006673812866,0.5006250143051147,0.17830555140972137,-0.006471079308539629,0.5760825872421265
3463,36.13930130004883,0.9580361843109131,0.4974449872970581,0.1782599836587906,0.005600668024271727,0.56588214635849
3464,36.14078903198242,0.9731326699256897,0.4981200098991394,0.17822647094726562,-0.015027342364192009,0.5666856169700623
3465,36.13404846191406,0.9780341386795044,0.5008699893951416,0.17824198305606842,-0.024318333715200424,0.553687572479248
3466,36.13583755493164,0.943483293056488,0.500635027885437,0.17825330793857574,-0.015355538576841354,0.5850198864936829
3467,36.137290954589844,0.9680684804916382,0.4994800090789795,0.17824403941631317,-0.00767318531870842,0.5783105492591858
3468,36.133033752441406,0.9604785442352295,0.4999749958515167,0.17824359238147736,0.0132570406422019,0.5797821283340454
3469,36.142704010009766,0.9629557132720947,0.5002750158309937,0.17824849486351013,-0.0034412690438330173,0.5892335772514343
3470,36.16498565673828,0.9763226509094238,0.502655029296875,0.1782958209514618,-0.019162165001034737,0.5823033452033997
3471,36.14290237426758,0.9508285522460938,0.49752500653266907,0.1782516986131668,-0.01815398782491684,0.5794810652732849
3472,36.128292083740234,0.9826289415359497,0.4983700215816498,0.1782226413488388,-0.022300435230135918,0.5700811743736267
3473,36.145835876464844,0.945686399936676,0.4989350140094757,0.17820365726947784,0.005121201742440462,0.5519079566001892
3474,36.157142639160156,0.9680765271186829,0.500594973564148,0.17821425199508667,-0.0006793394568376243,0.5666119456291199
3475,36.134071350097656,0.9691734910011292,0.5023900270462036,0.17825685441493988,-0.020867828279733658,0.5729603171348572
3476,36.134132385253906,0.9550051689147949,0.49978500604629517,0.17825302481651306,-0.014892809092998505,0.5799416899681091
3477,36.15028762817383,0.9437410831451416,0.4986700117588043,0.17822931706905365,-0.0014675998827442527,0.5741569399833679
3478,36.141700744628906,0.9614298939704895,0.5014650225639343,0.17825542390346527,-0.008976577781140804,0.5841894745826721
3479,36.126548767089844,0.9568184614181519,0.5020850300788879,0.17829258739948273,-0.03197614476084709,0.5849613547325134
3480,36.156166076660156,0.9532036781311035,0.497700035572052,0.17825157940387726,0.00426832027733326,0.5659825801849365
3481,36.15060043334961,0.9482595324516296,0.4985000193119049,0.1782248318195343,0.01199902780354023,0.5706908106803894
3482,36.12018585205078,0.9618719220161438,0.5016549825668335,0.17825432121753693,-0.020003261044621468,0.5751348733901978
3483,36.14714431762695,0.9592474699020386,0.5010799765586853,0.17827357351779938,-0.001045448356308043,0.5572465062141418
3484,36.15827560424805,0.9710032939910889,0.5001500248908997,0.17827625572681427,-0.017636017873883247,0.5637568235397339
3485,36.136512756347656,0.9647712111473083,0.498339980840683,0.1782466620206833,-0.022285792976617813,0.5652802586555481
3486,36.13387680053711,0.9545575380325317,0.5014050006866455,0.17827171087265015,-0.014153252355754375,0.5773001909255981
3487,36.15995788574219,0.9601821899414062,0.5036299824714661,0.17833642661571503,0.006774851121008396,0.565686821937561
3488,36.140541076660156,0.9433223009109497,0.5000150203704834,0.1783367097377777,0.0009090929524973035,0.5863229036331177
3489,36.12260055541992,0.9464367628097534,0.49745500087738037,0.17829132080078125,-0.028657639399170876,0.5676146745681763
3490,36.141029357910156,0.9697284698486328,0.5005199909210205,0.17830058932304382,-0.013053465634584427,0.5806916952133179
3491,36.13970184326172,0.9438675045967102,0.5007399916648865,0.17831379175186157,0.007018248084932566,0.5773811936378479
3492,36.145145416259766,0.9493964910507202,0.5022500157356262,0.1783539056777954,-0.015168772079050541,0.5660057663917542
3493,36.12711715698242,0.9538773894309998,0.5021199584007263,0.1783917099237442,-0.016385845839977264,0.5522629022598267
3494,36.14316940307617,0.959847092628479,0.49909499287605286,0.17837557196617126,-0.017276467755436897,0.5902798175811768
3495,36.144248962402344,0.9377507567405701,0.49897500872612,0.1783572882413864,-0.021589893847703934,0.554995059967041
3496,36.14100646972656,0.9565941691398621,0.49977999925613403,0.17835336923599243,-0.028776343911886215,0.5800246596336365
3497,36.138275146484375,0.968434751033783,0.500029981136322,0.1783539056777954,-0.01534911897033453,0.5690485239028931
3498,36.141143798828125,0.9340402483940125,0.4986250102519989,0.17832937836647034,-0.003443635068833828,0.5652226209640503
3499,36.13425064086914,0.9487671256065369,0.49673500657081604,0.17827114462852478,-0.001995942322537303,0.5578120350837708
3500,36.1302490234375,0.9507935643196106,0.5009549856185913,0.17828816175460815,-0.031121596693992615,0.5858355164527893
3501,36.13710021972656,0.93831467628479,0.4995799958705902,0.17828066647052765,-0.008794119581580162,0.5638328194618225
3502,36.146095275878906,0.9556419849395752,0.4992000162601471,0.17826640605926514,-0.022499391809105873,0.5666986107826233
3503,36.12059020996094,0.9858651161193848,0.5003299713134766,0.1782722920179367,-0.030144652351737022,0.5810419917106628
3504,36.134742736816406,0.9286742806434631,0.5017799735069275,0.1783040165901184,-0.01230874564498663,0.5698977112770081
3505,36.15546417236328,0.9567793607711792,0.5015749931335449,0.17833209037780762,-0.01169593632221222,0.5848262906074524
3506,36.12016677856445,0.953860878944397,0.4990600049495697,0.17831532657146454,-0.015526055358350277,0.5796651244163513
3507,36.13811111450195,0.9686843156814575,0.4985849857330322,0.17829009890556335,-0.01834937371313572,0.5854880213737488
3508,36.14945602416992,0.9530749917030334,0.4991550147533417,0.17827503383159637,0.002093189861625433,0.5706687569618225
3509,36.14850997924805,0.9709250926971436,0.49981001019477844,0.17827165126800537,-0.016434799879789352,0.5628836750984192
3510,36.12406921386719,0.9648444056510925,0.5017000436782837,0.17830196022987366,-0.022498495876789093,0.5844075083732605
3511,36.14772415161133,0.963498055934906,0.500885009765625,0.17831772565841675,0.008106039837002754,0.5745404958724976
3512,36.155635833740234,0.9732431769371033,0.5000100135803223,0.17831788957118988,0.008657090365886688,0.5728473663330078
3513,36.14778137207031,0.9539086818695068,0.4997600018978119,0.17831361293792725,-0.028802569955587387,0.5719478726387024
3514,36.1279296875,0.9718090891838074,0.4993250072002411,0.1783015877008438,0.00023316957231145352,0.5635052919387817
3515,36.138671875,0.9519461989402771,0.5001699924468994,0.17830462753772736,-0.00408029044046998,0.5760383009910583
3516,36.14764404296875,0.9757291078567505,0.4988600015640259,0.17828430235385895,-0.015296392142772675,0.5644497871398926
3517,36.139408111572266,0.9561525583267212,0.4996800124645233,0.1782785952091217,-0.019527701660990715,0.5703217387199402
3518,36.13517379760742,0.9679988622665405,0.5016700029373169,0.178308367729187,-0.021923020482063293,0.5786888599395752
3519,36.14440155029297,0.9617758989334106,0.4980100393295288,0.17827288806438446,0.0016106368275359273,0.5658682584762573
3520,36.14012908935547,0.9481720328330994,0.49935999512672424,0.17826147377490997,-0.00401445385068655,0.5674671530723572
3521,36.131412506103516,0.9712813496589661,0.49932000041007996,0.17824934422969818,-0.05430423840880394,0.5648773908615112
3522,36.13352966308594,0.9511649012565613,0.49756503105163574,0.1782059371471405,-0.004456348717212677,0.5692735910415649
3523,36.159461975097656,0.9678925275802612,0.5017949938774109,0.1782379299402237,0.00522450590506196,0.5767315626144409
3524,36.1370849609375,0.954798698425293,0.5008650422096252,0.17825335264205933,-0.010892212390899658,0.5705651044845581
3525,36.12596893310547,0.956632137298584,0.4991900324821472,0.1782389134168625,-0.02413511462509632,0.5741565823554993
3526,36.1458625793457,0.9558929800987244,0.4952950179576874,0.1781550496816635,-0.013519997708499432,0.5863121747970581
3527,36.14496612548828,0.9531704783439636,0.4994850158691406,0.1781458705663681,0.0015302354004234076,0.5672743916511536
3528,36.11977767944336,0.9658100008964539,0.49904006719589233,0.17812877893447876,-0.027845045551657677,0.5628513693809509
3529,36.128360748291016,0.9348101019859314,0.5001599788665771,0.17813162505626678,-0.01353004202246666,0.5745384097099304
3530,36.160118103027344,0.9568735957145691,0.4983750283718109,0.17810268700122833,-0.016621127724647522,0.5642381310462952
3531,36.123191833496094,0.9461022615432739,0.5013350248336792,0.1781264692544937,-0.002261948771774769,0.573554277420044
3532,36.129600524902344,0.949751079082489,0.49939000606536865,0.1781156063079834,-0.01737811788916588,0.5590431094169617
3533,36.145137786865234,0.9695068597793579,0.499889999628067,0.1781136393547058,0.0023309465032070875,0.5568627715110779
3534,36.14090347290039,0.9612966179847717,0.5019400119781494,0.17814818024635315,-0.01968342997133732,0.5652739405632019
3535,36.130733489990234,0.9531686305999756,0.49813002347946167,0.1781148761510849,-0.029809636995196342,0.5673314929008484
3536,36.1479377746582,0.9827841520309448,0.5001299381256104,0.17811718583106995,-0.04714822769165039,0.5645874738693237
3537,36.13654327392578,0.9481431245803833,0.4984450042247772,0.17808948457241058,-0.026414422318339348,0.5615237951278687
3538,36.1284294128418,0.9328969717025757,0.5025650262832642,0.17813517153263092,-0.017002930864691734,0.5741724371910095
3539,36.1466064453125,0.9482660889625549,0.49921002984046936,0.17812110483646393,-0.007464281283318996,0.560081422328949
3540,36.13496780395508,0.9624190926551819,0.4995100200176239,0.17811237275600433,-0.02429286390542984,0.5776779055595398
3541,36.13227844238281,0.9758468270301819,0.4983700215816498,0.17808333039283752,-0.015391022898256779,0.5718141794204712
3542,36.148319244384766,0.9499520659446716,0.5015050172805786,0.17811012268066406,0.005222220439463854,0.5573168396949768
3543,36.136756896972656,0.9560388922691345,0.5014100074768066,0.1781352460384369,-0.018259799107909203,0.5717368721961975
3544,36.128379821777344,0.9842503070831299,0.5010149478912354,0.17815332114696503,-0.01765535958111286,0.5935257077217102
3545,36.16044998168945,0.9759892821311951,0.49893999099731445,0.17813444137573242,-0.02457561157643795,0.5490538477897644
3546,36.12889862060547,0.9439025521278381,0.4996500313282013,0.1781282126903534,0.0017905427375808358,0.568099319934845
3547,36.115753173828125,0.9628329277038574,0.5015550255775452,0.17815589904785156,-0.019763657823204994,0.5574735999107361
3548,36.14017868041992,0.9386937022209167,0.49871498346328735,0.1781330108642578,-9.797049278859049e-05,0.5954935550689697
3549,36.15660095214844,0.9535826444625854,0.4996649920940399,0.17812705039978027,0.020643938332796097,0.5781073570251465
3550,36.126129150390625,0.953894853591919,0.4994250237941742,0.1781167984008789,-0.015050545334815979,0.5807725787162781
3551,36.138668060302734,0.9597353339195251,0.5014349818229675,0.17814236879348755,0.0009685020777396858,0.5623950958251953
3552,36.15495681762695,0.9446604251861572,0.5015000104904175,0.17816908657550812,0.0008490221807733178,0.5677481293678284
3553,36.14536666870117,0.9612813591957092,0.5004100203514099,0.1781763881444931,-0.019843826070427895,0.5923781394958496
3554,36.123653411865234,0.961685299873352,0.501010000705719,0.17819437384605408,-0.019790150225162506,0.5655965805053711
3555,36.13157272338867,0.9466261863708496,0.5014649629592896,0.1782204806804657,-0.021384112536907196,0.5749397873878479
3556,36.160030364990234,0.9734827876091003,0.4991300106048584,0.1782049685716629,0.00250463979318738,0.588064968585968
3557,36.130367279052734,0.9615127444267273,0.49925002455711365,0.17819160223007202,-0.01968768797814846,0.5846795439720154
3558,36.125057220458984,0.9424424767494202,0.4997299909591675,0.1781867891550064,-0.043328944593667984,0.5790772438049316
3559,36.148624420166016,0.952488124370575,0.5016350150108337,0.17821593582630157,-0.018478261306881905,0.5751339197158813
3560,36.1399040222168,0.9699601531028748,0.49966999888420105,0.17821004986763,-0.007967501878738403,0.5900304317474365
3561,36.12849807739258,0.9383149147033691,0.501230001449585,0.17823196947574615,-0.01981286332011223,0.5779263973236084
3562,36.14164733886719,0.9582829475402832,0.49961501359939575,0.1782251000404358,-0.01893428899347782,0.5834693908691406
3563,36.13661193847656,0.9419965744018555,0.4999350309371948,0.17822393774986267,-0.014203617349267006,0.5748273134231567
3564,36.145164489746094,0.9602117538452148,0.4983000159263611,0.17819364368915558,0.002558500971645117,0.5674082636833191
3565,36.1367301940918,0.9510338306427002,0.49801501631736755,0.17815826833248138,-0.03673022240400314,0.5702241659164429
3566,36.140098571777344,0.9696957468986511,0.49974000453948975,0.1781536340713501,-0.03660134598612785,0.5742065906524658
3567,36.143917083740234,0.9414018988609314,0.5020599961280823,0.17819033563137054,0.01281705591827631,0.5745034217834473
3568,36.13343811035156,0.9441179037094116,0.49846503138542175,0.17816299200057983,-0.0035961028188467026,0.5873437523841858
3569,36.12510681152344,0.9547169804573059,0.5016250014305115,0.17819194495677948,-0.02652459405362606,0.5698378086090088
3570,36.15091323852539,0.9444037079811096,0.49976998567581177,0.17818784713745117,0.009014498442411423,0.5774745941162109
3571,36.138465881347656,0.9409133195877075,0.5020450353622437,0.17822429537773132,-0.004366761539131403,0.5764089822769165
3572,36.119384765625,0.9728080630302429,0.49897500872612,0.17820602655410767,-0.022658588364720345,0.5868881940841675
3573,36.14113235473633,0.9470884203910828,0.4992550015449524,0.17819274961948395,-0.01763305440545082,0.5780953764915466
3574,36.1518440246582,0.9650352597236633,0.49999499320983887,0.17819266021251678,0.003614485962316394,0.5753278732299805
3575,36.13199234008789,0.972593367099762,0.5001599788665771,0.1781955063343048,-0.03022642806172371,0.5800794959068298
3576,36.125572204589844,0.9326767325401306,0.503915011882782,0.1782652735710144,-0.004246982745826244,0.578091561794281
3577,36.1522216796875,0.960835874080658,0.5004950165748596,0.17827409505844116,0.0027390012983232737,0.5763654112815857
3578,36.13261032104492,0.9630395770072937,0.49822503328323364,0.17824244499206543,-0.030893666669726372,0.5504791736602783
3579,36.11973571777344,0.9530731439590454,0.5003250241279602,0.17824824154376984,-0.0388827919960022,0.5675179362297058
3580,36.14265060424805,0.958682119846344,0.5011849999427795,0.17826935648918152,-0.029681475833058357,0.5758180618286133
3581,36.159610748291016,0.9792386293411255,0.499765008687973,0.17826516926288605,-0.008270292542874813,0.5773163437843323
3582,36.12506866455078,0.9444388747215271,0.5013449788093567,0.17828914523124695,-0.023238884285092354,0.5692949891090393
3583,36.12848663330078,0.9549049139022827,0.5016300082206726,0.17831820249557495,-0.03271987661719322,0.5667583346366882
3584,36.15549850463867,0.9577667117118835,0.5009399652481079,0.17833495140075684,-0.0011126642348244786,0.5434151887893677
3585,36.14619445800781,0.9562765955924988,0.498879998922348,0.17831498384475708,-0.007202743086963892,0.582492470741272
3586,36.12591552734375,0.9515549540519714,0.4988349974155426,0.17829421162605286,-0.02549166977405548,0.5837934613227844
3587,36.12855911254883,0.9121299386024475,0.5002650022506714,0.1782989352941513,-0.010889196768403053,0.5441847443580627
3588,36.152191162109375,0.9636268019676208,0.4991550147533417,0.17828387022018433,0.00039709091652184725,0.5711116194725037
3589,36.14680099487305,0.9540039896965027,0.4962350130081177,0.17821674048900604,0.010228835046291351,0.5646076798439026
3590,36.13533020019531,0.9583791494369507,0.5037100315093994,0.17828285694122314,-0.016170522198081017,0.5946983098983765
3591,36.138458251953125,0.9446327090263367,0.49857503175735474,0.17825745046138763,-0.0254810843616724,0.5748774409294128
3592,36.1488037109375,0.9389167428016663,0.5016350150108337,0.178286612033844,-0.028033368289470673,0.5938422083854675
3593,36.135765075683594,0.9655120968818665,0.49988502264022827,0.17828455567359924,-0.0062765879556536674,0.5811771154403687
3594,36.11649703979492,0.9506919384002686,0.5001350045204163,0.17828695476055145,-0.03389313071966171,0.6041984558105469
3595,36.14121627807617,0.938786506652832,0.5010899901390076,0.17830638587474823,-0.026593338698148727,0.5647796988487244
3596,36.14284896850586,0.9574651122093201,0.4987650215625763,0.17828436195850372,-0.010827411897480488,0.57463538646698
3597,36.12009811401367,0.9533783197402954,0.49954500794410706,0.17827625572681427,-0.025090416893363,0.5783624053001404
3598,36.12666702270508,0.932094156742096,0.49947503209114075,0.17826689779758453,-0.007479279302060604,0.592033326625824
3599,36.14787292480469,0.9665579795837402,0.5012299418449402,0.17828883230686188,-0.004599257837980986,0.574049711227417
3600,36.127906799316406,0.9320738911628723,0.5003900527954102,0.1782957762479782,-0.038794443011283875,0.5683686137199402
3601,36.14429473876953,0.9547242522239685,0.49877500534057617,0.17827393114566803,-0.007050618529319763,0.5837237238883972
3602,36.15048599243164,0.9723284840583801,0.5002400279045105,0.17827820777893066,-0.0030384999699890614,0.5654135942459106
3603,36.1361198425293,0.9274147152900696,0.5037149786949158,0.17834442853927612,-0.013630657456815243,0.5684547424316406
3604,36.12913513183594,0.947767436504364,0.4975700080394745,0.17830109596252441,-0.008059988729655743,0.5585433840751648
3605,36.147918701171875,0.9651095271110535,0.49951499700546265,0.1782924383878708,-0.009759189561009407,0.5677027106285095
3606,36.1226692199707,0.9555825591087341,0.5006750226020813,0.17830446362495422,-0.008080795407295227,0.5650749802589417
3607,36.134796142578125,0.9477480053901672,0.4971499741077423,0.178253635764122,-0.031256332993507385,0.5734168291091919
3608,36.16006851196289,0.9747626781463623,0.5019850134849548,0.1782890111207962,-0.012731358408927917,0.5719940066337585
3609,36.13294219970703,0.9508007168769836,0.5001200437545776,0.17829115688800812,-0.023220406845211983,0.5822703242301941
3610,36.12667465209961,0.9478684663772583,0.498725026845932,0.1782684326171875,-0.030326223000884056,0.5747822523117065
3611,36.148990631103516,0.9573753476142883,0.5010749697685242,0.1782875955104828,0.008078212849795818,0.5775277614593506
3612,36.14639663696289,0.956516444683075,0.49812498688697815,0.1782541573047638,-0.014545129612088203,0.5765084028244019
3613,36.11787414550781,0.9768275618553162,0.4995349943637848,0.17824587225914001,-0.013687684200704098,0.5745548009872437
3614,36.16355895996094,0.9877040386199951,0.5009499788284302,0.17826279997825623,-0.0072674802504479885,0.5688855051994324
3615,36.14540481567383,0.9507349133491516,0.5006499886512756,0.17827437818050385,-0.00403016759082675,0.5765138864517212
3616,36.1314811706543,0.9852744340896606,0.5011450052261353,0.17829477787017822,-0.026502398774027824,0.5691947340965271
3617,36.150115966796875,0.9633195400238037,0.4998300075531006,0.17829175293445587,0.008829561062157154,0.5745806694030762
3618,36.14882278442383,0.9676870107650757,0.49833500385284424,0.17826206982135773,-0.013992981053888798,0.5871080756187439
3619,36.12328338623047,0.9584639668464661,0.5019749999046326,0.1782972812652588,-0.019900910556316376,0.5960062742233276
3620,36.135833740234375,0.96012282371521,0.4994250237941742,0.17828702926635742,-0.008771641179919243,0.5617023706436157
3621,36.1594123840332,0.9717457294464111,0.4980599880218506,0.1782524436712265,0.0030572358518838882,0.5613878965377808
3622,36.14223098754883,0.9735577702522278,0.4999749958515167,0.17825199663639069,-0.027108240872621536,0.5603989362716675
3623,36.13449478149414,0.9445376396179199,0.5010799765586853,0.17827124893665314,-0.008701030164957047,0.5775288939476013
3624,36.14860153198242,0.9758438467979431,0.5012850165367126,0.17829415202140808,-0.027903245761990547,0.5629798769950867
3625,36.14328384399414,0.945660412311554,0.49975502490997314,0.17828978598117828,-0.031388059258461,0.5738016366958618
3626,36.14125442504883,0.9697477221488953,0.5006499886512756,0.1783013641834259,0.0035663796588778496,0.573474109172821
3627,36.12569808959961,0.9606990814208984,0.5011999607086182,0.17832276225090027,-0.013711899518966675,0.5823161602020264
3628,36.14299392700195,0.9342389106750488,0.5038250088691711,0.1783909797668457,-0.013842273503541946,0.5828520655632019
3629,36.15606689453125,0.9744139313697815,0.5008249878883362,0.17840570211410522,0.01467270776629448,0.5775098204612732
3630,36.13176727294922,0.9298406839370728,0.49990999698638916,0.1784040927886963,-0.013167324475944042,0.5676460862159729
3631,36.139244079589844,0.9662311673164368,0.5019550323486328,0.1784389764070511,-0.02181953936815262,0.5684167742729187
3632,36.13751220703125,0.956684410572052,0.4993700087070465,0.17842774093151093,-0.00015976907161530107,0.5740101337432861
3633,36.14780044555664,0.9299365878105164,0.5006549954414368,0.1784394234418869,-0.02312028966844082,0.5749379992485046
3634,36.14804458618164,0.9799618721008301,0.49892500042915344,0.17842023074626923,0.00022225572320166975,0.5673997402191162
3635,36.12488555908203,0.9488993883132935,0.4976300001144409,0.1783779412508011,-0.021433444693684578,0.5733640193939209
3636,36.152225494384766,0.9618116021156311,0.5005999803543091,0.17838864028453827,-0.002474097302183509,0.5764533281326294
3637,36.15066146850586,0.9543545842170715,0.49897000193595886,0.17837026715278625,0.019897565245628357,0.5704450011253357
3638,36.132530212402344,0.9615812301635742,0.5000249743461609,0.17837071418762207,-0.025173405185341835,0.5721883773803711
3639,36.13056182861328,0.936870813369751,0.4984700381755829,0.17834341526031494,-0.013848409987986088,0.5683698654174805
3640,36.151798248291016,0.9536436796188354,0.5001050233840942,0.17834529280662537,-0.006620566826313734,0.5718424916267395
3641,36.12804412841797,0.9331632852554321,0.49980002641677856,0.17834171652793884,-0.010489252395927906,0.5789647698402405
3642,36.13595962524414,0.9589035511016846,0.49656495451927185,0.17828045785427094,-0.03911731019616127,0.5669084787368774
3643,36.145668029785156,0.9482937455177307,0.4979349970817566,0.17824365198612213,5.066466474090703e-05,0.57546466588974
3644,36.14286804199219,0.9525853395462036,0.5012649893760681,0.17826619744300842,-0.031178506091237068,0.5808910727500916
3645,36.12124252319336,0.9283868074417114,0.5003750324249268,0.17827288806438446,-0.019400639459490776,0.5682405233383179
3646,36.13822555541992,0.9390420317649841,0.499845027923584,0.1782701313495636,-0.021544551476836205,0.5624530911445618
3647,36.14532470703125,0.9469254612922668,0.5010849833488464,0.1782894730567932,-0.012766220606863499,0.5718808174133301
3648,36.13545608520508,0.9415584802627563,0.4992700219154358,0.1782764494419098,-0.015850059688091278,0.5730968713760376
3649,36.13459396362305,0.9414412975311279,0.49994999170303345,0.17827555537223816,-0.019123123958706856,0.5707143545150757
3650,36.14857864379883,0.9570328593254089,0.4988100230693817,0.17825435101985931,-0.007007875945419073,0.5810409784317017
3651,36.12828826904297,0.9482588768005371,0.5012249946594238,0.1782761961221695,-0.005730540491640568,0.558842658996582
3652,36.129756927490234,0.9416447877883911,0.5010199546813965,0.17829439043998718,-0.00013938713527750224,0.582790732383728
3653,36.14118194580078,0.9334374666213989,0.50034499168396,0.17830052971839905,0.012348514050245285,0.5644398927688599
3654,36.13278579711914,0.9210309386253357,0.4988900125026703,0.17828074097633362,-0.008229286409914494,0.5673064589500427
3655,36.14728546142578,0.9816774129867554,0.4985499680042267,0.1782548874616623,-0.0030925150495022535,0.5780214667320251
3656,36.14558029174805,0.9366591572761536,0.5020450353622437,0.17829135060310364,-0.0034861804451793432,0.570169985294342
3657,36.13022232055664,0.9332572817802429,0.49895498156547546,0.17827272415161133,-0.01711525209248066,0.5706774592399597
3658,36.15116882324219,0.9515225291252136,0.4980449974536896,0.17823787033557892,-0.034916069358587265,0.5788090229034424
3659,36.145294189453125,0.9430166482925415,0.4998449981212616,0.17823511362075806,-0.02761104330420494,0.5806688666343689
3660,36.14241027832031,0.9333041906356812,0.4972900152206421,0.1781868040561676,-0.015231575816869736,0.5693857073783875
3661,36.14750671386719,0.959576427936554,0.5013700127601624,0.17821121215820312,-0.007583685219287872,0.5784745216369629
3662,36.13129806518555,0.933819591999054,0.4980199933052063,0.1781759262084961,-0.007438255473971367,0.5734147429466248
3663,36.13486862182617,0.9369810819625854,0.500635027885437,0.17818725109100342,-0.022885838523507118,0.5810061693191528
3664,36.138099670410156,0.9597008228302002,0.5001550316810608,0.17819000780582428,-0.026157982647418976,0.564265251159668
3665,36.134822845458984,0.9452446699142456,0.5002549886703491,0.1781945526599884,-0.010271233506500721,0.5894780158996582
3666,36.1302490234375,0.9504939913749695,0.4977549910545349,0.17815455794334412,-0.01779754087328911,0.5715435147285461
3667,36.14372634887695,0.9534398913383484,0.500694990158081,0.1781669408082962,-0.03381066024303436,0.5826398730278015
3668,36.133296966552734,0.9662832021713257,0.5017300248146057,0.17819775640964508,-0.009325500577688217,0.5830322504043579
3669,36.144229888916016,0.9631514549255371,0.49874502420425415,0.17817538976669312,-0.009829008020460606,0.5781063437461853
3670,36.14894104003906,0.952273964881897,0.49930500984191895,0.17816300690174103,-0.001556434202939272,0.5663836598396301
3671,36.132659912109375,0.9705826640129089,0.5024800300598145,0.1782071888446808,-0.020366977900266647,0.5591445565223694
3672,36.1377067565918,0.9575892686843872,0.5014950037002563,0.17823383212089539,-0.01781097613275051,0.576413094997406
3673,36.15019607543945,0.9568412899971008,0.4998350441455841,0.1782308965921402,-0.037884049117565155,0.5712376236915588
3674,36.131710052490234,0.9536797404289246,0.5013100504875183,0.17825424671173096,-0.00019698526011779904,0.5835978388786316
3675,36.13276672363281,0.9529575109481812,0.5021750330924988,0.17829303443431854,-0.0016130240401253104,0.5777571797370911
3676,36.13861846923828,0.9500285983085632,0.5009950399398804,0.17831078171730042,-0.019783668220043182,0.564079225063324
3677,36.14268493652344,0.9458941221237183,0.5010600090026855,0.1783296763896942,-0.006766351871192455,0.5713140964508057
3678,36.142913818359375,0.9738909602165222,0.5009099841117859,0.17834590375423431,-0.014832152053713799,0.5764240622520447
3679,36.13766098022461,0.9512821435928345,0.5011300444602966,0.1783660650253296,-0.01997396908700466,0.5678053498268127
3680,36.13691329956055,0.9424012303352356,0.4976450204849243,0.17832405865192413,-0.01942466013133526,0.5739673376083374
3681,36.140567779541016,0.9429534077644348,0.4976649880409241,0.17828240990638733,-0.0340428352355957,0.5633582472801208
3682,36.1330680847168,0.9443210959434509,0.5002750158309937,0.1782873123884201,-0.025812465697526932,0.5727909803390503
3683,36.13411331176758,0.9580528140068054,0.5007699728012085,0.17830103635787964,-0.017398612573742867,0.5896880626678467
3684,36.138179779052734,0.9551370143890381,0.4999599754810333,0.17830032110214233,-0.02297346666455269,0.5832762718200684
3685,36.14410400390625,0.9521979689598083,0.49864500761032104,0.1782761663198471,-0.007584810256958008,0.5622519850730896
3686,36.13343811035156,0.9501354694366455,0.49970000982284546,0.17827081680297852,-0.029794054105877876,0.5893097519874573
3687,36.139312744140625,0.954279363155365,0.5006999969482422,0.17828328907489777,-0.010164900682866573,0.5835842490196228
3688,36.14418029785156,0.9384970664978027,0.5008400082588196,0.17829827964305878,-0.03131381422281265,0.5851249098777771
3689,36.148193359375,0.9627342820167542,0.5003799796104431,0.17830505967140198,0.01017278153449297,0.5758806467056274
3690,36.13335418701172,0.9357056021690369,0.4989050030708313,0.17828553915023804,-0.04255538061261177,0.5709481239318848
3691,36.14195251464844,0.9477394223213196,0.49898001551628113,0.17826735973358154,-0.008224129676818848,0.5672832727432251
3692,36.15203857421875,0.9757581353187561,0.49986502528190613,0.17826496064662933,-0.013995758257806301,0.5601904392242432
3693,36.126407623291016,0.959661602973938,0.5012649893760681,0.17828750610351562,-0.008413056842982769,0.5633066892623901
3694,36.13219451904297,0.9515780210494995,0.5003399848937988,0.17829355597496033,-0.016124891117215157,0.5800307393074036
3695,36.15544891357422,0.9518060684204102,0.5004349946975708,0.17830131947994232,-0.007547889836132526,0.5830988883972168
3696,36.136962890625,0.9416126012802124,0.5014849901199341,0.1783277988433838,-0.013758434914052486,0.5793033242225647
3697,36.13003158569336,0.9637600779533386,0.5015450119972229,0.1783553510904312,-0.03075898252427578,0.5854243040084839
3698,36.145809173583984,0.9456219673156738,0.4982700049877167,0.17832450568675995,-0.016610698774456978,0.5628448724746704
3699,36.14852523803711,0.9383609294891357,0.5012149810791016,0.1783461719751358,-0.02079673483967781,0.5829170942306519
3700,36.13087463378906,0.9646003246307373,0.5009000301361084,0.17836222052574158,-0.02822115086019039,0.5933675169944763
3701,36.14868927001953,0.959007978439331,0.5013700127601624,0.1783866584300995,-0.017908833920955658,0.5584951639175415
3702,36.136512756347656,0.9320546984672546,0.49624502658843994,0.17831967771053314,-0.009959114715456963,0.5884990692138672
3703,36.13684844970703,0.9523552656173706,0.4982199966907501,0.17828793823719025,-0.03081408515572548,0.5777977705001831
3704,36.131622314453125,0.949895441532135,0.5011150240898132,0.17830781638622284,-0.018848249688744545,0.5711576342582703
3705,36.13200378417969,0.9384799003601074,0.5013100504875183,0.1783311814069748,-0.0013047929387539625,0.5722015500068665
3706,36.1475944519043,0.9533243775367737,0.4971950054168701,0.17828115820884705,-0.014065362513065338,0.5601301789283752
3707,36.12832260131836,0.9594228267669678,0.5005549788475037,0.17829106748104095,-0.039214786142110825,0.5688157677650452
3708,36.12849807739258,0.9608632326126099,0.49685001373291016,0.17823490500450134,-0.03394966945052147,0.5798980593681335
3709,36.13126754760742,0.9432172775268555,0.49986502528190613,0.17823250591754913,-0.0064947400242090225,0.5784870386123657
3710,36.144046783447266,0.9433889389038086,0.501354992389679,0.17825666069984436,-0.0019602361135184765,0.5870465636253357
3711,36.127197265625,0.9396569728851318,0.5012850165367126,0.1782795637845993,-0.005260147154331207,0.5753239393234253
3712,36.1241569519043,0.9508329629898071,0.4997599720954895,0.17827528715133667,-0.018675127997994423,0.5643001198768616
3713,36.14710998535156,0.9546617865562439,0.49915000796318054,0.17826013267040253,0.004230616148561239,0.5848288536071777
3714,36.13720703125,0.9258591532707214,0.49897003173828125,0.1782417744398117,-0.010561647824943066,0.5696814656257629
3715,36.13892364501953,0.9523279070854187,0.4999749958515167,0.1782413274049759,-0.02223115973174572,0.5783900618553162
3716,36.14262771606445,0.947481095790863,0.5024850368499756,0.1782856285572052,0.009624039754271507,0.5831203460693359
3717,36.143672943115234,0.9516815543174744,0.5011299848556519,0.17830577492713928,-0.026094375178217888,0.5815780162811279
3718,36.143550872802734,0.9595355987548828,0.5034800171852112,0.17836782336235046,-0.0025330507196485996,0.580331563949585
3719,36.130924224853516,0.9674918055534363,0.5001800060272217,0.17837102711200714,-0.019322259351611137,0.5772826075553894
3720,36.155025482177734,0.9708291888237,0.49920499324798584,0.1783568412065506,-0.0063344500958919525,0.5772265791893005
3721,36.13673782348633,0.9492021799087524,0.49994003772735596,0.17835576832294464,0.004927688743919134,0.5734161138534546
3722,36.13314437866211,0.9390300512313843,0.498960018157959,0.1783372163772583,-0.03672484681010246,0.5812255144119263
3723,36.12937545776367,0.9506057500839233,0.5009049773216248,0.17835335433483124,-0.021033070981502533,0.5637965798377991
3724,36.149497985839844,0.9475136995315552,0.5011550188064575,0.17837396264076233,0.00846055243164301,0.5694604516029358
3725,36.134822845458984,0.9488632678985596,0.49758997559547424,0.17833097279071808,-0.022724224254488945,0.5749329328536987
3726,36.12316131591797,0.9466670155525208,0.5007200241088867,0.17834381759166718,-0.021776214241981506,0.5682374835014343
3727,36.1399040222168,0.9438328742980957,0.49967503547668457,0.17833802103996277,-0.008423110470175743,0.5555775761604309
3728,36.14275360107422,0.9504861831665039,0.49704501032829285,0.17828531563282013,0.009929030202329159,0.5636035203933716
3729,36.13409423828125,0.954359769821167,0.5007399916648865,0.17829851806163788,-0.0142107168212533,0.5669586658477783
3730,36.1378288269043,0.9695272445678711,0.4992050230503082,0.17828434705734253,-0.010153691284358501,0.5745015144348145
3731,36.14704513549805,0.966020941734314,0.4996800124645233,0.17827863991260529,-0.0029241687152534723,0.5582003593444824
3732,36.15015411376953,0.9482959508895874,0.49992498755455017,0.17827729880809784,0.006412352900952101,0.5709350109100342
3733,36.131717681884766,0.9511325359344482,0.5006900429725647,0.17828960716724396,-0.024912673979997635,0.5944393873214722
3734,36.1370849609375,0.9651407599449158,0.501990020275116,0.1783250868320465,-0.02008228749036789,0.571672260761261
3735,36.16352462768555,0.9604418873786926,0.4996500015258789,0.1783188432455063,-0.028602080419659615,0.5731964707374573
3736,36.132938385009766,0.9383947253227234,0.5003349781036377,0.17832481861114502,-0.01835012249648571,0.5837686657905579
3737,36.1275634765625,0.9351063966751099,0.5012450218200684,0.17834700644016266,-0.014027265831828117,0.5734105110168457
3738,36.13563537597656,0.9471803307533264,0.49939000606536865,0.17833612859249115,-0.010185658000409603,0.5658212304115295
3739,36.14448165893555,0.9625536799430847,0.4977799952030182,0.1782965362071991,-0.019308187067508698,0.5655229687690735
3740,36.13099670410156,0.9465389251708984,0.502560019493103,0.17834219336509705,-0.028719190508127213,0.5812110900878906
3741,36.14486312866211,0.9579256772994995,0.5002400279045105,0.17834646999835968,-0.013685980811715126,0.552142322063446
3742,36.128273010253906,0.9387261271476746,0.49923500418663025,0.1783328354358673,-0.0030186502262949944,0.5655153393745422
3743,36.13796615600586,0.9630942940711975,0.49775996804237366,0.1782928854227066,-0.016905874013900757,0.5756472945213318
3744,36.13664627075195,0.9399886727333069,0.5005450248718262,0.178302600979805,-0.012713768519461155,0.5731939673423767
3745,36.13324737548828,0.9282850623130798,0.5016899704933167,0.17833274602890015,-0.00019230747420806438,0.5662470459938049
3746,36.13383483886719,0.970090389251709,0.49873000383377075,0.1783100962638855,-0.033555611968040466,0.5621289610862732
3747,36.139678955078125,0.9565632939338684,0.4975750148296356,0.17826686799526215,0.0037494278512895107,0.5563587546348572
3748,36.14707565307617,0.9508252143859863,0.4970349967479706,0.17821401357650757,0.015418986789882183,0.5799572467803955
3749,36.13273239135742,0.9435694217681885,0.4985950291156769,0.1781889796257019,-0.014720141887664795,0.5664675831794739
3750,36.13885498046875,0.9549782276153564,0.5015950202941895,0.17821739614009857,-0.009765202179551125,0.5832474827766418
3751,36.14360427856445,0.9375430941581726,0.5001400113105774,0.17821988463401794,-0.005698878783732653,0.5647522211074829
3752,36.13603591918945,0.9545465707778931,0.4990750253200531,0.17820340394973755,-0.019494561478495598,0.5658788681030273
3753,36.13519287109375,0.9366509318351746,0.5007549524307251,0.1782168447971344,-0.01531874667853117,0.5874297618865967
3754,36.13197326660156,0.9500775337219238,0.502750039100647,0.17826585471630096,-0.009426658973097801,0.5792651772499084
3755,36.14268112182617,0.9439142942428589,0.4980350136756897,0.17823082208633423,0.004544253461062908,0.5756402015686035
3756,36.12775421142578,0.9293360710144043,0.5006349682807922,0.17824214696884155,-0.016688141971826553,0.5673245191574097
3757,36.12653350830078,0.9462013840675354,0.5007550120353699,0.1782556027173996,-0.03530558943748474,0.576646089553833
3758,36.1346549987793,0.9310373067855835,0.49905502796173096,0.17823876440525055,-0.02249160408973694,0.5748240351676941
3759,36.15079879760742,0.9586468935012817,0.49897500872612,0.1782204955816269,-0.0033913031220436096,0.5578362941741943
3760,36.13002014160156,0.9487922787666321,0.5034599900245667,0.17828215658664703,-0.02264116331934929,0.5934143662452698
3761,36.1446418762207,0.9455530643463135,0.49818500876426697,0.1782498061656952,-0.01503276638686657,0.5668156743049622
3762,36.1544189453125,0.9468222260475159,0.5002049803733826,0.17825345695018768,-0.006465595681220293,0.5637069344520569
3763,36.141387939453125,0.9408878087997437,0.5024499893188477,0.17829711735248566,-0.008131147362291813,0.5719230771064758
3764,36.14168930053711,0.9423238039016724,0.499985009431839,0.17829684913158417,-0.006273937877267599,0.5720339417457581
3765,36.14190673828125,0.9357520341873169,0.49773502349853516,0.17825646698474884,-0.017295312136411667,0.5681654810905457
3766,36.1359977722168,0.932539701461792,0.5004349946975708,0.17826423048973083,-0.017187654972076416,0.5646379590034485
3767,36.12685012817383,0.936582624912262,0.5000200271606445,0.1782645881175995,-0.02229269966483116,0.5787286758422852
3768,36.13798141479492,0.9498909115791321,0.5003049969673157,0.17827002704143524,-0.007093972526490688,0.5794196724891663
3769,36.1309700012207,0.9373782873153687,0.5026800036430359,0.17831780016422272,-0.015849541872739792,0.5737419724464417
3770,36.141353607177734,0.9383743405342102,0.501924991607666,0.17835213243961334,0.0077982149086892605,0.5569923520088196
3771,36.127193450927734,0.960204541683197,0.4961100220680237,0.1782827526330948,-0.032536689192056656,0.5767032504081726
3772,36.13544464111328,0.9365717768669128,0.5010600090026855,0.1783016473054886,-0.005153801292181015,0.5716385245323181
3773,36.14462661743164,0.9476431608200073,0.49874502420425415,0.17827926576137543,-0.008755266666412354,0.5707427263259888
3774,36.13660430908203,0.9539085626602173,0.5010149478912354,0.17829735577106476,-0.033842310309410095,0.5747312903404236
3775,36.13330078125,0.9609702229499817,0.49919000267982483,0.17828291654586792,-0.007325631566345692,0.5727624893188477
3776,36.14677810668945,0.9464695453643799,0.49838000535964966,0.17825403809547424,-0.009951733984053135,0.5816097259521484
3777,36.144073486328125,0.9470797181129456,0.49916502833366394,0.1782391518354416,-0.021956825628876686,0.5729334950447083
3778,36.13929748535156,0.9574933648109436,0.49840500950813293,0.17821072041988373,-0.008833769708871841,0.5696926712989807
3779,36.13792419433594,0.9438685178756714,0.49742501974105835,0.17816483974456787,-0.016115330159664154,0.5717020034790039
3780,36.141719818115234,0.9476334452629089,0.49876999855041504,0.17814292013645172,-0.010247796773910522,0.5766651034355164
3781,36.141300201416016,0.9574112892150879,0.5000500082969666,0.17814381420612335,-0.020375242456793785,0.5874941945075989
3782,36.14420700073242,0.9386376142501831,0.49949002265930176,0.1781347244977951,0.0052848076447844505,0.5726209282875061
3783,36.13129425048828,0.9602891802787781,0.49930500984191895,0.17812234163284302,-0.004581875167787075,0.5853641629219055
3784,36.146385192871094,0.9542330503463745,0.4993650019168854,0.1781110316514969,-0.004690404981374741,0.5554723143577576
3785,36.15088653564453,0.9487066268920898,0.5026150345802307,0.17815761268138885,-0.032527681440114975,0.5796840786933899
3786,36.127689361572266,0.9490169882774353,0.4993700087070465,0.1781463921070099,-0.015256729908287525,0.5775811076164246
3787,36.14020538330078,0.9458824396133423,0.49965497851371765,0.17814023792743683,-0.014035354368388653,0.5707433819770813
3788,36.16477966308594,0.9608971476554871,0.49693000316619873,0.1780855506658554,-0.01957908272743225,0.5696533918380737
3789,36.12897872924805,0.9428618550300598,0.5011799335479736,0.17810656130313873,-0.019868122413754463,0.5792268514633179
3790,36.131019592285156,0.9512342214584351,0.5001050233840942,0.17810842394828796,-0.0034024526830762625,0.5691194534301758
3791,36.16339111328125,0.9735159873962402,0.4988499879837036,0.17808794975280762,0.004320506472140551,0.5708533525466919
3792,36.145118713378906,0.9572927951812744,0.4977700114250183,0.178048238158226,-0.025631722062826157,0.5680953860282898
3793,36.12416076660156,0.9883000254631042,0.5013450384140015,0.17807218432426453,-0.029239648953080177,0.5813744068145752
3794,36.14274215698242,0.9532041549682617,0.5002450346946716,0.17807655036449432,-0.0009928618092089891,0.5682568550109863
3795,36.15747833251953,0.9574475884437561,0.5014150142669678,0.17810174822807312,-0.008748948574066162,0.5774473547935486
3796,36.115169525146484,0.9664971828460693,0.4997950494289398,0.17809809744358063,-0.02174478769302368,0.5841698050498962
3797,36.137916564941406,0.9551883935928345,0.5010149478912354,0.17811615765094757,-0.005167150869965553,0.5884247422218323
3798,36.160057067871094,0.9449847936630249,0.5004749894142151,0.17812460660934448,-0.0320465974509716,0.5725076198577881
3799,36.12784957885742,0.9626553654670715,0.5005800127983093,0.178134948015213,-0.009462662041187286,0.5851228833198547
3800,36.1246337890625,0.9397622346878052,0.5021750330924988,0.1781737059354782,-0.0310970526188612,0.5884725451469421
3801,36.162113189697266,0.9515062570571899,0.496690034866333,0.17811472713947296,-0.011824546381831169,0.5744409561157227
3802,36.137603759765625,0.9466198086738586,0.49919500946998596,0.1781003773212433,-0.01957355998456478,0.568689227104187
3803,36.12645721435547,0.9649598002433777,0.5012100338935852,0.1781219244003296,-0.0417480394244194,0.5680443048477173
3804,36.15351104736328,0.969375491142273,0.499765008687973,0.17811773717403412,-0.012032637372612953,0.5758177042007446
3805,36.1447639465332,0.9486866593360901,0.4990749955177307,0.17810125648975372,-0.008419118821620941,0.575896680355072
3806,36.131649017333984,0.9607669711112976,0.49846500158309937,0.1780739277601242,-0.02949954755604267,0.5707790851593018
3807,36.13938903808594,0.9734576940536499,0.5016300082206726,0.17810294032096863,-0.03718772903084755,0.5859066843986511
3808,36.1451416015625,0.9329452514648438,0.4997299909591675,0.17809812724590302,-0.008259478956460953,0.5633045434951782
3809,36.1396598815918,0.9481465220451355,0.4997349977493286,0.17809340357780457,-0.021871784701943398,0.5772643089294434
3810,36.11527633666992,0.9315834045410156,0.49994996190071106,0.17809250950813293,-0.022067192941904068,0.5791631937026978
3811,36.13096237182617,0.9367205500602722,0.5011299848556519,0.17811264097690582,-0.01956007443368435,0.5745916366577148
3812,36.1489372253418,0.9561848044395447,0.5008350014686584,0.1781274974346161,-0.011309423483908176,0.5856572985649109
3813,36.138282775878906,0.96197509765625,0.500914990901947,0.17814379930496216,-0.032196495682001114,0.5657755732536316
3814,36.12590408325195,0.9568682909011841,0.5023199915885925,0.1781851202249527,-0.009578116238117218,0.5785149931907654
3815,36.139774322509766,0.9547210931777954,0.49749502539634705,0.17814047634601593,-0.02752738632261753,0.5684459209442139
3816,36.139095306396484,0.9318611025810242,0.5007750391960144,0.17815427482128143,-0.03169873729348183,0.567879319190979
3817,36.139949798583984,0.9745796918869019,0.5008150339126587,0.17816880345344543,0.00010145104170078412,0.5697891116142273
3818,36.13249206542969,0.9506413340568542,0.5018250346183777,0.1782013177871704,-0.02808891050517559,0.575666069984436
3819,36.15360641479492,0.9697980880737305,0.5009049773216248,0.17821744084358215,0.0007409678073599935,0.5775449275970459
3820,36.13956069946289,0.9400530457496643,0.5006200075149536,0.1782284826040268,-0.006240200251340866,0.5705597996711731
3821,36.12559127807617,0.9574259519577026,0.49994999170303345,0.17822758853435516,-0.022081825882196426,0.5696454048156738
3822,36.14936828613281,0.9591837525367737,0.5008450150489807,0.17824265360832214,4.621505922841607e-06,0.5808456540107727
3823,36.15982437133789,0.9712361097335815,0.5003100037574768,0.17824818193912506,0.0064273616299033165,0.5785665512084961
3824,36.12742614746094,0.9552688002586365,0.4993250072002411,0.17823615670204163,-0.014644690789282322,0.5887532830238342
3825,36.131080627441406,0.9639256596565247,0.5002350211143494,0.1782403439283371,-0.05264178663492203,0.5801995396614075
3826,36.146610260009766,0.9604178667068481,0.4989449977874756,0.17822153866291046,-0.005001597572118044,0.5704673528671265
3827,36.14448165893555,0.9443461298942566,0.49991002678871155,0.17821992933750153,-0.002771231345832348,0.5660588145256042
3828,36.13606262207031,0.9565103054046631,0.49900001287460327,0.17820210754871368,-0.009500608779489994,0.5683826804161072
3829,36.14420700073242,0.953507661819458,0.5011849999427795,0.17822322249412537,-0.005407574120908976,0.5743335485458374
3830,36.1540412902832,0.9543668627738953,0.49851998686790466,0.17819684743881226,0.0014489613240584731,0.5772998332977295
3831,36.12660598754883,0.935114324092865,0.49962499737739563,0.1781901717185974,-0.012194992043077946,0.5905841588973999
3832,36.1377067565918,0.9472116827964783,0.49692502617836,0.17813538014888763,-0.012924068607389927,0.5617642998695374
3833,36.152191162109375,0.9505760073661804,0.5024900436401367,0.17817974090576172,-0.002971838228404522,0.5789449214935303
3834,36.13104248046875,0.9436306953430176,0.5009950399398804,0.1781974732875824,-0.011542043648660183,0.5656598210334778
3835,36.12868118286133,0.9454889893531799,0.49790501594543457,0.1781601458787918,-0.025393618270754814,0.5740635991096497
3836,36.14279556274414,0.9350186586380005,0.4981350004673004,0.17812691628932953,-0.016896763816475868,0.5698338150978088
3837,36.142173767089844,0.9501017332077026,0.49782997369766235,0.1780882626771927,-0.039297960698604584,0.5604369640350342
3838,36.13425827026367,0.9452178478240967,0.499860018491745,0.17808577418327332,-0.03483916074037552,0.5729337930679321
3839,36.14200973510742,0.9439610242843628,0.5006250143051147,0.17809690535068512,-0.0184797253459692,0.5803861021995544
3840,36.14653778076172,0.9494216442108154,0.4980950355529785,0.17806297540664673,-0.02104073390364647,0.5568355321884155
3841,36.14685821533203,0.9468867778778076,0.5009949803352356,0.1780806928873062,0.014144083485007286,0.5908411145210266
3842,36.12763977050781,0.9509227275848389,0.5036700367927551,0.17814604938030243,-0.010220061056315899,0.5860889554023743
3843,36.134193420410156,0.9525640606880188,0.4980050027370453,0.1781105101108551,-0.02340194396674633,0.5673337578773499
3844,36.1506233215332,0.9559903740882874,0.4989299774169922,0.17809145152568817,-0.023300686851143837,0.571771502494812
3845,36.13300704956055,0.9360922574996948,0.5009950399398804,0.17810918390750885,-0.02584153413772583,0.5874083638191223
3846,36.124305725097656,0.9479920864105225,0.5004500150680542,0.17811721563339233,-0.03520342707633972,0.5828948020935059
3847,36.15642166137695,0.9515624046325684,0.49985501170158386,0.1781146377325058,-0.015203072689473629,0.5726770758628845
3848,36.141273498535156,0.939081609249115,0.49847498536109924,0.17808747291564941,-0.028721677139401436,0.5656653046607971
3849,36.13389205932617,0.9448615908622742,0.49945497512817383,0.17807777225971222,-0.03228667750954628,0.5910500288009644
3850,36.14102554321289,0.9494286179542542,0.4980800151824951,0.17804358899593353,-0.014738871715962887,0.5720752477645874
3851,36.14796829223633,0.9351286292076111,0.4987950026988983,0.1780221313238144,-0.009418552741408348,0.5592941045761108
3852,36.13842010498047,0.9427071213722229,0.4997600018978119,0.17801785469055176,-0.004357215017080307,0.5592532157897949
3853,36.13865661621094,0.9510498046875,0.4998700022697449,0.1780155450105667,-0.02987990528345108,0.5754805207252502
3854,36.158538818359375,0.9626894593238831,0.5002700090408325,0.17802034318447113,-0.023982973769307137,0.5833448171615601
3855,36.13834762573242,0.9386415481567383,0.5025849938392639,0.17806635797023773,-0.026966653764247894,0.5709694623947144
3856,36.13345718383789,0.9563164710998535,0.5021200180053711,0.17810410261154175,-0.015236033126711845,0.57792067527771
3857,36.13957214355469,0.9545674324035645,0.49935999512672424,0.17809270322322845,0.007542365230619907,0.5753709673881531
3858,36.139339447021484,0.9566116333007812,0.5,0.17809270322322845,-0.03157547861337662,0.5897465944290161
3859,36.13554382324219,0.94000244140625,0.5007650256156921,0.17810633778572083,-0.013778900727629662,0.5786193013191223
3860,36.13375473022461,0.9399658441543579,0.502174973487854,0.17814506590366364,-0.004666552878916264,0.5777407884597778
3861,36.12092971801758,0.9474934935569763,0.49951499700546265,0.1781364232301712,-0.01103235688060522,0.574786901473999
3862,36.13089370727539,0.9349914193153381,0.5014649629592896,0.17816251516342163,-0.006144137121737003,0.5849707722663879
3863,36.1449089050293,0.9520169496536255,0.4993550181388855,0.17815102636814117,-0.0009016647818498313,0.5716912746429443
3864,36.128074645996094,0.9326117634773254,0.5023549795150757,0.17819298803806305,-0.02053328976035118,0.5786352753639221
3865,36.117462158203125,0.9186573624610901,0.5008699893951416,0.17820850014686584,-0.015095562674105167,0.5624331831932068
3866,36.14558792114258,0.948859691619873,0.5020149946212769,0.17824439704418182,-0.006324493791908026,0.5751278400421143
3867,36.12732696533203,0.92955082654953,0.5016200542449951,0.1782732754945755,-0.027193104848265648,0.5793994665145874
3868,36.13673782348633,0.9454671144485474,0.5021849870681763,0.17831222712993622,-0.005065673962235451,0.581028938293457
3869,36.14567947387695,0.9393718242645264,0.49737000465393066,0.17826533317565918,-0.00904677715152502,0.5630204081535339
3870,36.14192199707031,0.9627737402915955,0.49952998757362366,0.17825694382190704,-0.0035182845313102007,0.5581462383270264
3871,36.127506256103516,0.949180543422699,0.4983999729156494,0.17822842299938202,-0.04380042478442192,0.5867700576782227
3872,36.145015716552734,0.9429294466972351,0.5029599666595459,0.17828117311000824,-0.004914500284940004,0.5820791125297546
3873,36.154624938964844,0.9685722589492798,0.4979049861431122,0.17824381589889526,-0.007865945808589458,0.5847436189651489
3874,36.13492202758789,0.9519084095954895,0.499099999666214,0.1782277673482895,-0.02485438995063305,0.5742890238761902
3875,36.13947296142578,0.9318979382514954,0.49921998381614685,0.17821386456489563,0.008291423320770264,0.5611857175827026
3876,36.15447235107422,0.9447737336158752,0.5002549886703491,0.17821840941905975,-0.018050188198685646,0.5706024169921875
3877,36.14657211303711,0.9551594257354736,0.4997600317001343,0.17821413278579712,-0.004339686129242182,0.5847461819648743
3878,36.14462661743164,0.945218026638031,0.49748000502586365,0.17816922068595886,-0.019874902442097664,0.5762490034103394
3879,36.14956283569336,0.9565078020095825,0.49970999360084534,0.1781640499830246,-0.013389754109084606,0.569961667060852
3880,36.1416130065918,0.948095977306366,0.4993100166320801,0.17815175652503967,-0.01853357069194317,0.5837931036949158
3881,36.13997268676758,0.9506502151489258,0.5016300082206726,0.1781807839870453,-0.024784982204437256,0.566433310508728
3882,36.13005065917969,0.9366000890731812,0.5009250044822693,0.17819726467132568,-0.009677193127572536,0.5736142992973328
3883,36.13532257080078,0.9510339498519897,0.49818500876426697,0.17816492915153503,-0.005226914770901203,0.5671189427375793
3884,36.142730712890625,0.9562875628471375,0.5022050142288208,0.1782042235136032,-0.026131993159651756,0.5708069205284119
3885,36.118125915527344,0.9286684393882751,0.500499963760376,0.17821311950683594,-0.02299608662724495,0.5725910067558289
3886,36.13997268676758,0.9441775679588318,0.4995249807834625,0.17820465564727783,-0.004071352072060108,0.5858134627342224
3887,36.143531799316406,0.9451541304588318,0.5006499886512756,0.17821623384952545,-0.006492702756077051,0.5775671005249023
3888,36.147674560546875,0.9525342583656311,0.5029799938201904,0.17826934158802032,-0.03203999251127243,0.5734719038009644
3889,36.14208221435547,0.9329423308372498,0.49853500723838806,0.1782432198524475,0.00019759178394451737,0.5704158544540405
3890,36.14569854736328,0.9284961223602295,0.5026099681854248,0.1782897263765335,-0.00024044896417763084,0.5776854157447815
3891,36.13450241088867,0.9258134365081787,0.5009649991989136,0.1783069372177124,0.002655202988535166,0.5716569423675537
3892,36.12904739379883,0.9407464265823364,0.5004749894142151,0.1783154010772705,-0.026875583454966545,0.5699113607406616
3893,36.1423225402832,0.9452284574508667,0.4992000162601471,0.178301140666008,-0.03543591499328613,0.5684276819229126
3894,36.15580368041992,0.9853524565696716,0.49575498700141907,0.17822545766830444,0.008453626185655594,0.5666494965553284
3895,36.12066650390625,0.9496065974235535,0.4998149871826172,0.1782221645116806,-0.022394131869077682,0.5905884504318237
3896,36.134517669677734,0.9403109550476074,0.5015400052070618,0.17824961245059967,0.017007654532790184,0.5892080068588257
3897,36.1557502746582,0.960231602191925,0.49951496720314026,0.17824096977710724,-0.020244363695383072,0.5597015619277954
3898,36.1406364440918,0.9495519995689392,0.49777498841285706,0.1782013177871704,-0.020659735426306725,0.5805670619010925
3899,36.129852294921875,0.9718189239501953,0.5018100142478943,0.1782335638999939,-0.03455762937664986,0.5870922207832336
3900,36.154666900634766,0.9600875377655029,0.4977850019931793,0.1781940907239914,-0.016929760575294495,0.5895680785179138
3901,36.15724182128906,0.9526551961898804,0.4984700381755829,0.17816682159900665,-0.0058264355175197124,0.5844648480415344
3902,36.133243560791016,0.9529508352279663,0.500029981136322,0.17816735804080963,0.0007731495425105095,0.5808128118515015
3903,36.12720489501953,0.9505321979522705,0.498835027217865,0.1781466007232666,-0.02091182768344879,0.5639139413833618
3904,36.14692306518555,0.9573927521705627,0.4990500211715698,0.1781296730041504,-0.020382503047585487,0.5640209317207336
3905,36.14363479614258,0.9501022100448608,0.4992550313472748,0.17811639606952667,-0.010816939175128937,0.5894901752471924
3906,36.12604522705078,0.9458599090576172,0.4975700080394745,0.17807310819625854,-0.02017853781580925,0.5745135545730591
3907,36.1312255859375,0.9477237462997437,0.5005550384521484,0.17808300256729126,-0.026494232937693596,0.5799477696418762
3908,36.14364242553711,0.9423894286155701,0.5000399947166443,0.17808371782302856,-0.019623184576630592,0.575367271900177
3909,36.134925842285156,0.9396741390228271,0.5006099939346313,0.17809458076953888,-0.0230485238134861,0.5701603889465332
3910,36.12910079956055,0.9388622641563416,0.4976550340652466,0.17805282771587372,-0.008950391784310341,0.561488926410675
3911,36.16156768798828,0.9642554521560669,0.5027350187301636,0.1781015247106552,-0.012493034824728966,0.5665132403373718
3912,36.13692855834961,0.9285486936569214,0.5017899870872498,0.17813341319561005,-0.009022731333971024,0.5740798115730286
3913,36.14665985107422,0.9566271305084229,0.4993700087070465,0.17812219262123108,-0.02424176223576069,0.5731123089790344
3914,36.1377067565918,0.9514012336730957,0.49865999817848206,0.17809832096099854,-0.012136401608586311,0.5736110806465149
3915,36.14183044433594,0.9407662749290466,0.49913501739501953,0.1780829131603241,-0.00865726638585329,0.587788462638855
3916,36.147396087646484,0.953558087348938,0.4995099902153015,0.1780741810798645,-0.024445928633213043,0.5775550603866577
3917,36.142112731933594,0.957757294178009,0.49978500604629517,0.17807035148143768,-0.035918109118938446,0.5861043334007263
3918,36.140262603759766,0.9493954181671143,0.49950000643730164,0.17806144058704376,-0.021427128463983536,0.5802252292633057
3919,36.14212417602539,0.9523281455039978,0.49685999751091003,0.17800553143024445,-0.009974352084100246,0.5706287622451782
3920,36.123199462890625,0.9303035736083984,0.5011699795722961,0.17802634835243225,0.001210528425872326,0.5793740749359131
3921,36.136474609375,0.9402720332145691,0.5035450458526611,0.1780894696712494,-0.012571346014738083,0.5655679106712341
3922,36.1424674987793,0.9555863738059998,0.5023899674415588,0.1781320422887802,-0.02108120173215866,0.5708390474319458
3923,36.135013580322266,0.9458280205726624,0.498104989528656,0.17809829115867615,-0.03309561684727669,0.5735236406326294
3924,36.129905700683594,0.939426839351654,0.5012699961662292,0.17812089622020721,-0.03604191914200783,0.5856173634529114
3925,36.13941192626953,0.9388500452041626,0.501300036907196,0.17814406752586365,-0.005611826200038195,0.5700852870941162
3926,36.15159225463867,0.9522489309310913,0.5014300346374512,0.17816954851150513,-0.00015532875841017812,0.5744688510894775
3927,36.133811950683594,0.9487290978431702,0.5015149712562561,0.17819654941558838,-0.031694237142801285,0.574402928352356
3928,36.13777542114258,0.9520354866981506,0.5006449818611145,0.17820803821086884,-0.008402402512729168,0.5732319951057434
3929,36.152130126953125,0.9491523504257202,0.5008500218391418,0.17822317779064178,-0.017019325867295265,0.5789628028869629
3930,36.14488220214844,0.9434210062026978,0.4999200105667114,0.17822174727916718,-0.004758634604513645,0.5897491574287415
3931,36.13683319091797,0.9660780429840088,0.499625027179718,0.17821507155895233,-0.025788741186261177,0.5810809135437012
3932,36.1408805847168,0.9484557509422302,0.49798500537872314,0.17817915976047516,-0.01419612392783165,0.5617420673370361
3933,36.13743591308594,0.9411609172821045,0.4972350001335144,0.1781298965215683,-0.014020981267094612,0.56696617603302
3934,36.14916229248047,0.9441815614700317,0.5011199712753296,0.17814986407756805,-0.02596054971218109,0.5691280961036682
3935,36.11745071411133,0.9470837116241455,0.4982749819755554,0.17811913788318634,-0.009252200834453106,0.5620413422584534
3936,36.143272399902344,0.9378678202629089,0.49683499336242676,0.17806276679039001,-0.019946515560150146,0.5656220316886902
3937,36.14698791503906,0.9564094543457031,0.5002250075340271,0.17806677520275116,-0.01016557402908802,0.5741719603538513
3938,36.1367301940918,0.9588667154312134,0.5001499652862549,0.17806944251060486,-0.024819830432534218,0.5550532937049866
3939,36.13862991333008,0.9321065545082092,0.5020400285720825,0.17810575664043427,-0.03108370304107666,0.5789595246315002
3940,36.15623092651367,0.9716936349868774,0.5003350377082825,0.1781117171049118,-0.018443062901496887,0.5741530656814575
3941,36.12961959838867,0.9513196349143982,0.5023900270462036,0.17815428972244263,-0.020571254193782806,0.5769522786140442
3942,36.13550567626953,0.9510406851768494,0.4994399845600128,0.17814430594444275,-0.021571045741438866,0.5696932077407837
3943,36.152976989746094,0.9608967900276184,0.4991050064563751,0.17812836170196533,0.0007633974892087281,0.5906097888946533
3944,36.128929138183594,0.9282847046852112,0.500950038433075,0.17814528942108154,-0.017460325732827187,0.5762866735458374
3945,36.13349151611328,0.9375019073486328,0.5005149841308594,0.17815446853637695,-0.0125350346788764,0.5619073510169983
3946,36.15431213378906,0.9462913274765015,0.5020549893379211,0.17819108068943024,-0.014265249483287334,0.5562155246734619
3947,36.13848114013672,0.9443738460540771,0.5005999803543091,0.17820176482200623,-0.004792945925146341,0.580659806728363
3948,36.13784408569336,0.9450014233589172,0.5016149878501892,0.17823055386543274,-0.008886662311851978,0.5679975748062134
3949,36.14583206176758,0.9316477179527283,0.4987799823284149,0.17820881307125092,0.006991365924477577,0.5749019384384155
3950,36.12797546386719,0.9377944469451904,0.5006250143051147,0.17821994423866272,-0.006882957648485899,0.5782027840614319
3951,36.12681198120117,0.9338206052780151,0.500855028629303,0.17823517322540283,-0.01678861305117607,0.5873009562492371
3952,36.13648223876953,0.9319654107093811,0.5010849833488464,0.17825451493263245,0.0019689970649778843,0.5828977823257446
3953,36.13181686401367,0.9416685104370117,0.4991549849510193,0.17823944985866547,-0.023398347198963165,0.5777453780174255
3954,36.135154724121094,0.9363572001457214,0.4982049763202667,0.17820745706558228,-0.01564227044582367,0.5804696083068848
3955,36.145668029785156,0.9548981189727783,0.49923500418663025,0.1781938225030899,-0.01213585864752531,0.5717633962631226
3956,36.1327018737793,0.9430869817733765,0.5030549764633179,0.17824827134609222,-0.031091276556253433,0.574431836605072
3957,36.14133071899414,0.9311071634292603,0.5007399916648865,0.17826147377490997,-0.0024875213857740164,0.5752211809158325
3958,36.14013671875,0.9628435969352722,0.499099999666214,0.1782454252243042,-0.022123726084828377,0.5735576152801514
3959,36.12851333618164,0.9221113920211792,0.5016199946403503,0.17827430367469788,-0.004823256749659777,0.582738995552063
3960,36.13869094848633,0.9549465179443359,0.5022450089454651,0.17831432819366455,-0.019097216427326202,0.5799772143363953
3961,36.14276123046875,0.9572600722312927,0.500029981136322,0.17831486463546753,-0.03186606615781784,0.5682595372200012
3962,36.13237762451172,0.9562374949455261,0.5009649991989136,0.17833207547664642,-0.04017406702041626,0.5900663137435913
3963,36.13025665283203,0.9475317001342773,0.4993000030517578,0.17831960320472717,0.00664822943508625,0.5776901841163635
3964,36.153316497802734,0.9466297626495361,0.501384973526001,0.17834430932998657,-0.0024815527722239494,0.5813462138175964
3965,36.12749099731445,0.9370213747024536,0.49944502115249634,0.17833441495895386,-0.012570451945066452,0.5591025948524475
3966,36.134613037109375,0.947376549243927,0.5002449750900269,0.17833879590034485,-0.02577720209956169,0.5833221077919006
3967,36.152530670166016,0.9653516411781311,0.499144971370697,0.17832355201244354,-0.013571270741522312,0.5722726583480835
3968,36.142154693603516,0.9395999908447266,0.502020001411438,0.17835956811904907,-0.008855910040438175,0.5862363576889038
3969,36.14720153808594,0.953649640083313,0.4995500147342682,0.1783515363931656,-0.007207678630948067,0.5911327600479126
3970,36.141517639160156,0.9410974383354187,0.496845006942749,0.17829526960849762,-0.0029653464443981647,0.5714411735534668
3971,36.13331604003906,0.9295632839202881,0.4999150335788727,0.17829374969005585,-0.009964337572455406,0.5858016014099121
3972,36.142669677734375,0.9483309388160706,0.5021400451660156,0.1783318966627121,-0.01280582882463932,0.5757761597633362
3973,36.15291976928711,0.9500869512557983,0.49983498454093933,0.17832894623279572,-0.016608087345957756,0.5719101428985596
3974,36.13784408569336,0.9414277076721191,0.500249981880188,0.17833341658115387,-0.026588471606373787,0.5771446824073792
3975,36.128807067871094,0.9535056948661804,0.4984250068664551,0.17830532789230347,-0.012611006386578083,0.5737185478210449
3976,36.137542724609375,0.9325636029243469,0.49983498454093933,0.17830237746238708,0.005351807456463575,0.5779418349266052
3977,36.14147186279297,0.945827305316925,0.5006700158119202,0.17831432819366455,-0.011655771173536777,0.5576433539390564
3978,36.13414764404297,0.9520274996757507,0.4982350170612335,0.17828285694122314,0.0048194993287324905,0.5755966305732727
3979,36.146400451660156,0.9481257796287537,0.5012500286102295,0.17830514907836914,-0.017660753801465034,0.5598465204238892
3980,36.1496696472168,0.9515012502670288,0.5011149644851685,0.17832502722740173,-0.01985492929816246,0.5729931592941284
3981,36.14237594604492,0.9471536874771118,0.4999150335788727,0.17832350730895996,-0.004882509354501963,0.5746544003486633
3982,36.13862228393555,0.95078444480896,0.49900001287460327,0.17830567061901093,-0.022380411624908447,0.5890015363693237
3983,36.14638137817383,0.9436535239219666,0.49925002455711365,0.17829230427742004,-0.012983382679522038,0.5834956169128418
3984,36.14411163330078,0.954751193523407,0.49896499514579773,0.17827385663986206,-0.0013096295297145844,0.5818300843238831
3985,36.12550735473633,0.9352616667747498,0.4986799955368042,0.17825031280517578,-0.02668006345629692,0.5779317021369934
3986,36.14727020263672,0.9537900686264038,0.4997499883174896,0.17824585735797882,-0.01736566238105297,0.5833721160888672
3987,36.137874603271484,0.9453751444816589,0.5015050172805786,0.17827267944812775,-0.015749895945191383,0.5698290467262268
3988,36.12770462036133,0.9287260174751282,0.5028600096702576,0.1783236563205719,-0.016471577808260918,0.5813900232315063
3989,36.14326858520508,0.9393128156661987,0.5034700036048889,0.17838554084300995,-0.009078647941350937,0.562658429145813
3990,36.14731216430664,0.9493550062179565,0.5012750029563904,0.17840829491615295,-0.043650899082422256,0.5746569633483887
3991,36.12562561035156,0.9523096680641174,0.4995799958705902,0.17840079963207245,-0.020393801853060722,0.5750976800918579
3992,36.146507263183594,0.9502744078636169,0.49902498722076416,0.17838340997695923,-0.015840884298086166,0.58353191614151
3993,36.14103698730469,0.9385167956352234,0.4992600083351135,0.17837020754814148,-0.0200501699000597,0.5512953400611877
3994,36.13774871826172,0.9421508312225342,0.4990600049495697,0.1783534437417984,-0.026882389560341835,0.5682348608970642
3995,36.13505935668945,0.9259762167930603,0.4986700117588043,0.1783297210931778,-0.02743770368397236,0.5827724933624268
3996,36.13227844238281,0.9379779696464539,0.5003300309181213,0.17833560705184937,-0.028407474979758263,0.5711604356765747
3997,36.14121627807617,0.9454346299171448,0.4979099929332733,0.17829833924770355,-0.006549329496920109,0.572668194770813
3998,36.14103698730469,0.9428107738494873,0.49985000491142273,0.17829565703868866,-0.005706422030925751,0.5868003964424133
3999,36.13249206542969,0.9370785355567932,0.49794501066207886,0.178259015083313,-0.022472882643342018,0.5754068493843079
4000,36.130958557128906,0.929422914981842,0.5008000135421753,0.1782732754945755,-0.02211332507431507,0.5673446655273438
4001,36.13600540161133,0.9129798412322998,0.4999549686908722,0.17827247083187103,-0.01498717162758112,0.5620312690734863
4002,36.13594436645508,0.9314565062522888,0.5000500082969666,0.17827336490154266,-0.027998074889183044,0.5830984115600586
4003,36.145748138427734,0.9669665694236755,0.49836501479148865,0.1782442182302475,-0.016617445275187492,0.5701518654823303
4004,36.12388610839844,0.9294772744178772,0.500469982624054,0.17825259268283844,-0.00455440953373909,0.5658301115036011
4005,36.139339447021484,0.9432457089424133,0.49953997135162354,0.17824439704418182,-0.004147693980485201,0.5669543147087097
4006,36.14374542236328,0.9405350685119629,0.5005649924278259,0.17825447022914886,-0.004923268686980009,0.5831610560417175
4007,36.12269592285156,0.9420083165168762,0.5012250542640686,0.17827631533145905,-0.021250862628221512,0.5886065363883972
4008,36.12358093261719,0.9248771071434021,0.5019099712371826,0.178310364484787,-0.02206682600080967,0.5708354711532593
4009,36.15300369262695,0.9465339779853821,0.5002399682998657,0.17831464111804962,-0.025002282112836838,0.5675148367881775
4010,36.13597869873047,0.9365742802619934,0.49912503361701965,0.17829903960227966,-0.006337223574519157,0.5804370045661926
4011,36.12010192871094,0.9306370615959167,0.49913501739501953,0.17828361690044403,-0.020216645672917366,0.5767325162887573
4012,36.13553237915039,0.9348424673080444,0.5002099871635437,0.1782873570919037,-0.03014584258198738,0.5976386070251465
4013,36.14684295654297,0.9486973881721497,0.5014200210571289,0.17831267416477203,-0.034029025584459305,0.5722408890724182
4014,36.13909149169922,0.9451858997344971,0.49733999371528625,0.17826524376869202,-0.0007978148641996086,0.568963885307312
4015,36.13064956665039,0.9418752789497375,0.5000150203704834,0.1782655268907547,-0.025812257081270218,0.5931857228279114
4016,36.14503479003906,0.9303531646728516,0.5033750534057617,0.17832568287849426,-0.0001119165463023819,0.5938593745231628
4017,36.1455192565918,0.9466169476509094,0.4997900128364563,0.1783219426870346,-0.03589121252298355,0.5849939584732056
4018,36.135101318359375,0.9428908228874207,0.49969998002052307,0.17831659317016602,-0.025243433192372322,0.5776137113571167
4019,36.1339111328125,0.9464265704154968,0.5006899833679199,0.17832890152931213,-0.006899754051119089,0.5797170996665955
4020,36.16635513305664,0.9762632250785828,0.4995799958705902,0.17832140624523163,-0.009183666668832302,0.5906821489334106
4021,36.13279342651367,0.9507626891136169,0.500415027141571,0.17832879722118378,-0.015557552687823772,0.5649366974830627
4022,36.126155853271484,0.9593254923820496,0.5024300217628479,0.1783721148967743,-0.014782699756324291,0.5984456539154053
4023,36.13720703125,0.9335041642189026,0.5008249878883362,0.17838682234287262,-0.0066514769569039345,0.5802711844444275
4024,36.14621353149414,0.9503102898597717,0.49944499135017395,0.1783769279718399,-0.004967147018760443,0.5723931193351746
4025,36.114601135253906,0.9370148181915283,0.49987003207206726,0.17837460339069366,-0.03899066895246506,0.5902270078659058
4026,36.13349151611328,0.9443751573562622,0.499765008687973,0.1783704161643982,-0.017560098320245743,0.5788153409957886
4027,36.1601676940918,0.9707052707672119,0.49804002046585083,0.17833545804023743,0.0032290720846503973,0.5574802160263062
4028,36.14508819580078,0.9372631311416626,0.4998049736022949,0.17833198606967926,-0.013826413080096245,0.5656932592391968
4029,36.12554931640625,0.9625752568244934,0.5009049773216248,0.1783481240272522,-0.018397536128759384,0.5644022226333618
4030,36.13578796386719,0.9359830617904663,0.5002650022506714,0.17835284769535065,-0.019248951226472855,0.5906042456626892
4031,36.160804748535156,0.9689679145812988,0.49676498770713806,0.17829515039920807,-0.002768726320937276,0.5839283466339111
4032,36.11880111694336,0.9315651655197144,0.5016300082206726,0.17832420766353607,-0.011531967669725418,0.5792163610458374
4033,36.130157470703125,0.9510083198547363,0.5013399720191956,0.1783480942249298,-0.007943462580442429,0.5829523801803589
4034,36.1552619934082,0.949822723865509,0.4970249831676483,0.17829503118991852,-0.011839824728667736,0.5708196759223938
4035,36.136962890625,0.9361118078231812,0.49938997626304626,0.178284153342247,-0.02111016772687435,0.5769143104553223
4036,36.1107177734375,0.9417391419410706,0.5020999908447266,0.17832159996032715,-0.03826167434453964,0.572506308555603
4037,36.14044189453125,0.9484742879867554,0.501105010509491,0.17834129929542542,-0.008774449117481709,0.5824471712112427
4038,36.14960861206055,0.946877658367157,0.49951499700546265,0.1783326417207718,-0.014224081300199032,0.5752431750297546
4039,36.13045120239258,0.9477037191390991,0.49991002678871155,0.17833103239536285,-0.0013266755267977715,0.5784449577331543
4040,36.13197708129883,0.944350004196167,0.4995099902153015,0.17832230031490326,-0.019953995943069458,0.5841071009635925
4041,36.15254592895508,0.9473637938499451,0.5002400279045105,0.1783265769481659,0.0025493588764220476,0.5716245174407959
4042,36.132205963134766,0.929706871509552,0.49986499547958374,0.17832417786121368,0.0016148081049323082,0.5761318206787109
4043,36.142555236816406,0.9441292881965637,0.4994250237941742,0.17831392586231232,-0.013813956640660763,0.5730701088905334
4044,36.14072036743164,0.9413201808929443,0.4996800124645233,0.17830821871757507,-0.024310918524861336,0.5826302170753479
4045,36.152503967285156,0.9506714344024658,0.49892497062683105,0.1782890409231186,-0.004453226458281279,0.5775920152664185
4046,36.13804244995117,0.924859344959259,0.5023000240325928,0.17833003401756287,-0.01658998616039753,0.5798173546791077
4047,36.12676239013672,0.9448062181472778,0.5008350014686584,0.17834492027759552,-0.030479436740279198,0.5659701824188232
4048,36.14330291748047,0.9343575239181519,0.5004649758338928,0.1783532053232193,-0.02514307014644146,0.5681784152984619
4049,36.153499603271484,0.959915041923523,0.5033000111579895,0.1784120500087738,-0.023093637079000473,0.5801894068717957
4050,36.130680084228516,0.9455825686454773,0.5011450052261353,0.17843246459960938,-0.03720476105809212,0.5825790166854858
4051,36.12428665161133,0.9445338249206543,0.49845999479293823,0.17840498685836792,-0.024638360366225243,0.5710411667823792
4052,36.162109375,0.9619013071060181,0.4973849952220917,0.17835833132266998,-0.009930739179253578,0.5609127879142761
4053,36.146060943603516,0.9604368209838867,0.49845001101493835,0.1783306896686554,-0.023279884830117226,0.5702836513519287
4054,36.12260055541992,0.953220546245575,0.5009600520133972,0.17834779620170593,-0.014876744709908962,0.5769215822219849
4055,36.12797546386719,0.912809431552887,0.5020149946212769,0.1783837229013443,-0.006381424143910408,0.5909958481788635
4056,36.1558837890625,0.9582241177558899,0.4968149960041046,0.17832690477371216,-0.000877699872944504,0.5789234042167664
4057,36.14013671875,0.9358383417129517,0.4973650276660919,0.17827990651130676,0.009968522936105728,0.5609275102615356
4058,36.12552261352539,0.9504414796829224,0.4988750219345093,0.17825984954833984,-0.01958848349750042,0.584139347076416
4059,36.14747619628906,0.9407392740249634,0.5005750060081482,0.17827008664608002,0.0068263523280620575,0.5648227334022522
4060,36.15163803100586,0.9585779905319214,0.4975399971008301,0.17822623252868652,-0.013766760006546974,0.5685740113258362
4061,36.126258850097656,0.9475166201591492,0.5004050135612488,0.17823345959186554,-0.016052672639489174,0.5766772627830505
4062,36.138450622558594,0.935352087020874,0.49913501739501953,0.1782180517911911,-0.01640818454325199,0.5630113482475281
4063,36.149925231933594,0.9461844563484192,0.498945027589798,0.17819924652576447,0.000979230972006917,0.5698078274726868
4064,36.14805603027344,0.9449436664581299,0.5012000203132629,0.17822064459323883,0.00842310395091772,0.5679300427436829
4065,36.13097381591797,0.9523414373397827,0.49891000986099243,0.17820121347904205,-0.0126115083694458,0.566933810710907
4066,36.137847900390625,0.9398741126060486,0.4994550049304962,0.17819149792194366,-0.01069935318082571,0.580690324306488
4067,36.15256881713867,0.9583787322044373,0.5007050037384033,0.17820404469966888,-0.0041340370662510395,0.5629008412361145
4068,36.14289855957031,0.9432269930839539,0.5003849864006042,0.17821089923381805,-0.006183782126754522,0.5703216791152954
4069,36.13302230834961,0.9479343295097351,0.4999549984931946,0.1782100945711136,-0.010254308581352234,0.563790500164032
4070,36.14044189453125,0.9386064410209656,0.4999350309371948,0.17820893228054047,-0.028300480917096138,0.5782439112663269
4071,36.147178649902344,0.955733060836792,0.5009549856185913,0.17822594940662384,-0.003011231543496251,0.5769018530845642
4072,36.13658905029297,0.9267881512641907,0.5011500120162964,0.17824645340442657,-0.025663122534751892,0.594667375087738
4073,36.13209915161133,0.9432759881019592,0.4986650049686432,0.17822265625,-0.020029496401548386,0.579933762550354
4074,36.13093948364258,0.9447742104530334,0.4986650049686432,0.17819885909557343,-0.02140830084681511,0.569445788860321
4075,36.157020568847656,0.9604652523994446,0.4979550242424011,0.17816241085529327,-0.020067844539880753,0.560214102268219
4076,36.14348220825195,0.943351149559021,0.5005600452423096,0.17817239463329315,-0.013166132383048534,0.575754702091217
4077,36.12485885620117,0.9395995736122131,0.5026649832725525,0.17821988463401794,-0.007259402424097061,0.5692431926727295
4078,36.141273498535156,0.9374464154243469,0.5000799894332886,0.17822131514549255,-0.0054496899247169495,0.5846395492553711
4079,36.14861297607422,0.960715651512146,0.5010000467300415,0.1782391369342804,-0.010111500509083271,0.5691254734992981
4080,36.132591247558594,0.9469478130340576,0.5002700090408325,0.17824393510818481,-0.010499201714992523,0.5673579573631287
4081,36.14164352416992,0.9448404908180237,0.49982500076293945,0.1782408058643341,-0.014939086511731148,0.5740883946418762
4082,36.1606559753418,0.9617629647254944,0.5016099810600281,0.17826950550079346,-0.0036178657319396734,0.5719314217567444
4083,36.135955810546875,0.9425541758537292,0.5013300180435181,0.17829322814941406,-0.019977828487753868,0.5821781754493713
4084,36.12604904174805,0.9327636361122131,0.4992849826812744,0.17828047275543213,-0.0245626550167799,0.5737160444259644
4085,36.15245056152344,0.9333110451698303,0.5005149841308594,0.17828965187072754,0.019021134823560715,0.5825600028038025
4086,36.145057678222656,0.9474630951881409,0.5034599900245667,0.17835132777690887,-0.0232193935662508,0.5814583897590637
4087,36.12849807739258,0.9492673873901367,0.5020350217819214,0.1783876270055771,-0.03690982237458229,0.5836873650550842
4088,36.13901138305664,0.9313731789588928,0.5004400014877319,0.17839547991752625,-0.027723686769604683,0.5794020295143127
4089,36.15004348754883,0.9520553350448608,0.4998399615287781,0.17839263379573822,0.002731724176555872,0.581725537776947
4090,36.1231689453125,0.9675514698028564,0.501520037651062,0.17841975390911102,-0.032445695251226425,0.5829083919525146
4091,36.13905715942383,0.9269561767578125,0.5012699961662292,0.17844240367412567,-0.01674463041126728,0.574720025062561
4092,36.1559944152832,0.9458279013633728,0.49897003173828125,0.17842403054237366,0.004921447020024061,0.564069926738739
4093,36.12552261352539,0.9377394318580627,0.5011099576950073,0.17844383418560028,-0.0073784212581813335,0.579577624797821
4094,36.141666412353516,0.9325566291809082,0.5016050338745117,0.17847245931625366,-0.02161710150539875,0.567458987236023
4095,36.140933990478516,0.9501783847808838,0.499970018863678,0.17847192287445068,0.003544445615261793,0.5764387845993042
4096,36.133155822753906,0.9549788236618042,0.4971799850463867,0.17842160165309906,-0.0045103104785084724,0.5733234882354736
4097,36.14491653442383,0.9560728073120117,0.4958750307559967,0.17834800481796265,-0.017937470227479935,0.5793828964233398
4098,36.144561767578125,0.9532982110977173,0.5031599998474121,0.17840436100959778,-0.027960870414972305,0.5861719250679016
4099,36.135704040527344,0.9473356008529663,0.500540018081665,0.1784140020608902,-0.014568440616130829,0.5681613087654114
4100,36.14629364013672,0.9306747317314148,0.49722999334335327,0.1783645898103714,0.005536251235753298,0.5649330019950867
4101,36.15475082397461,0.9411742091178894,0.4965500235557556,0.178303062915802,-0.012967713177204132,0.5738690495491028
4102,36.12453842163086,0.9504495859146118,0.5011550188064575,0.1783236563205719,-0.02254611812531948,0.5849473476409912
4103,36.14216232299805,0.9364593625068665,0.5013449788093567,0.1783476322889328,-0.03627809137105942,0.5767321586608887
4104,36.159088134765625,0.9616978168487549,0.5000050067901611,0.17834772169589996,-0.0039259037002921104,0.5700592994689941
4105,36.1318473815918,0.936718761920929,0.5004000067710876,0.17835485935211182,0.0003821318387053907,0.5863542556762695
4106,36.13547897338867,0.9505209922790527,0.5013349652290344,0.17837867140769958,-0.01338925026357174,0.5781530141830444
4107,36.13847351074219,0.9345415830612183,0.49772003293037415,0.17833800613880157,-0.019703056663274765,0.5568127632141113
4108,36.140621185302734,0.9430372714996338,0.49769502878189087,0.17829689383506775,-0.015809496864676476,0.5872284173965454
4109,36.12252426147461,0.9321375489234924,0.4991300404071808,0.17828138172626495,-0.014372049830853939,0.5593985319137573
4110,36.151451110839844,0.9488504528999329,0.50211501121521,0.1783190816640854,-0.00011375904432497919,0.5668010711669922
4111,36.13512420654297,0.9355031251907349,0.5022450089454651,0.17835910618305206,-0.02851509489119053,0.579558253288269
4112,36.146385192871094,0.9539276957511902,0.501800000667572,0.1783912181854248,-0.029029203578829765,0.5830740332603455
4113,36.15072250366211,0.9474350810050964,0.49813002347946167,0.17835786938667297,-0.00962023250758648,0.5673007369041443
4114,36.14091873168945,0.9575744271278381,0.49889999628067017,0.17833824455738068,-0.012442152947187424,0.5706630945205688
4115,36.143985748291016,0.9490710496902466,0.5004250407218933,0.17834582924842834,-0.01490687858313322,0.5655409097671509
4116,36.15563201904297,0.9448481202125549,0.49834999442100525,0.1783163994550705,-0.012428934685885906,0.5837786793708801
4117,36.1365852355957,0.9497956037521362,0.49983498454093933,0.1783134490251541,-0.008327290415763855,0.5721664428710938
4118,36.123756408691406,0.9370825886726379,0.5004100203514099,0.1783207654953003,-0.04832666739821434,0.5688640475273132
4119,36.153221130371094,0.9483991265296936,0.5019150376319885,0.1783549040555954,0.002388701541349292,0.5764672756195068
4120,36.1474609375,0.9499144554138184,0.5002149939537048,0.17835873365402222,0.007685898337513208,0.5678886771202087
4121,36.12359619140625,0.9573779702186584,0.4962649941444397,0.17829212546348572,-0.018134482204914093,0.5870516896247864
4122,36.14311981201172,0.9469895958900452,0.49871501326560974,0.17826920747756958,-0.04698891192674637,0.5777519941329956
4123,36.14097595214844,0.9361276030540466,0.5026200413703918,0.1783159226179123,-0.025212792679667473,0.5642041563987732
4124,36.13352584838867,0.9551640748977661,0.500885009765625,0.17833168804645538,-0.007350416388362646,0.578514814376831
4125,36.13650894165039,0.9443807601928711,0.49913501739501953,0.17831626534461975,-0.015927178785204887,0.5730225443840027
4126,36.14540481567383,0.9266766905784607,0.4994699954986572,0.17830681800842285,-0.022266969084739685,0.5689502954483032
4127,36.143218994140625,0.941351056098938,0.5013499855995178,0.17833088338375092,-0.01409882865846157,0.5753228068351746
4128,36.14461898803711,0.9502274394035339,0.5007050037384033,0.17834344506263733,-0.038772858679294586,0.5786049365997314
4129,36.13589096069336,0.9494495391845703,0.49974995851516724,0.17833897471427917,-0.011205501854419708,0.5778183937072754
4130,36.15199279785156,0.9685580134391785,0.499860018491745,0.1783364713191986,0.0017538629472255707,0.5849166512489319
4131,36.148094177246094,0.9406327605247498,0.4986700117588043,0.1783127635717392,-0.013680139556527138,0.5740543007850647
4132,36.13729476928711,0.9456561803817749,0.49924999475479126,0.17829939723014832,-0.06181495264172554,0.5806782245635986
4133,36.135498046875,0.951155424118042,0.49830999970436096,0.17826926708221436,-0.0040590413846075535,0.5884334444999695
4134,36.155921936035156,0.9420822262763977,0.4987899959087372,0.17824769020080566,-0.01831141673028469,0.5772664546966553
4135,36.13603210449219,0.9320650100708008,0.5017499923706055,0.1782788783311844,-0.007075754459947348,0.5688450336456299
4136,36.12071228027344,0.9344688057899475,0.5014150142669678,0.17830410599708557,-0.028746536001563072,0.5857274532318115
4137,36.14890670776367,0.9401335716247559,0.5022549629211426,0.17834432423114777,-0.006493766792118549,0.5879527926445007
4138,36.15478515625,0.9429041743278503,0.49845001101493835,0.17831668257713318,-0.004805675707757473,0.5673761367797852
4139,36.13187026977539,0.9490309953689575,0.49951496720314026,0.17830802500247955,-0.00902668945491314,0.5830460786819458
4140,36.12063217163086,0.9304229617118835,0.4974749982357025,0.17826300859451294,-0.020745953544974327,0.5938130021095276
4141,36.15297317504883,0.933214008808136,0.5031350255012512,0.17831890285015106,-0.0036947461776435375,0.576134443283081
4142,36.14229202270508,0.9272110462188721,0.4997599720954895,0.17831462621688843,-0.005967870354652405,0.5833255052566528
4143,36.117149353027344,0.93354332447052,0.4977950155735016,0.17827531695365906,-0.024499425664544106,0.564703106880188
4144,36.149635314941406,0.9288691282272339,0.4986100196838379,0.1782505363225937,-0.0219600610435009,0.5896167755126953
4145,36.15878677368164,0.9570529460906982,0.501895010471344,0.17828431725502014,-9.371829219162464e-05,0.5640668869018555
4146,36.122894287109375,0.9371865391731262,0.49862998723983765,0.17825989425182343,-0.01327026728540659,0.5688761472702026
4147,36.130191802978516,0.9368153810501099,0.4981600046157837,0.17822709679603577,-0.04465128481388092,0.5677786469459534
4148,36.16191482543945,0.9639697074890137,0.49995002150535583,0.17822620272636414,-0.0008535838569514453,0.5724881887435913
4149,36.13671875,0.9377052783966064,0.5004250407218933,0.1782337874174118,0.005365169607102871,0.5873094201087952
4150,36.12392807006836,0.9413928985595703,0.4969800114631653,0.17817996442317963,-0.011332735419273376,0.5868707299232483
4151,36.150089263916016,0.9517928957939148,0.5002449750900269,0.17818434536457062,0.007450035307556391,0.5634958744049072
4152,36.15567398071289,0.9453672170639038,0.4982199966907501,0.1781526356935501,-0.003345950273796916,0.5538175106048584
4153,36.12242889404297,0.9518903493881226,0.501579999923706,0.1781807690858841,-0.01984269544482231,0.5719701051712036
4154,36.14569091796875,0.9361501932144165,0.5004599690437317,0.1781889647245407,-0.00789381843060255,0.5784868001937866
4155,36.1494026184082,0.9463356137275696,0.4987800121307373,0.1781672239303589,-0.01330841239541769,0.555404782295227
4156,36.14138412475586,0.9327239394187927,0.49889999628067017,0.17814761400222778,0.002423583995550871,0.5804099440574646
4157,36.129173278808594,0.9593689441680908,0.5018999576568604,0.1781814694404602,-0.041251689195632935,0.5842099785804749
4158,36.137874603271484,0.9210326075553894,0.49662500619888306,0.17812134325504303,0.011520911008119583,0.5717679262161255
4159,36.15986633300781,0.9605910778045654,0.4996500015258789,0.178115114569664,-0.005340345669537783,0.5686373114585876
4160,36.132469177246094,0.9569382071495056,0.4998049736022949,0.17811164259910583,-0.01582457683980465,0.5822991728782654
4161,36.12688064575195,0.9621263146400452,0.4983299672603607,0.17808189988136292,-0.033579833805561066,0.5719491243362427
4162,36.148536682128906,0.9358589053153992,0.4985499978065491,0.17805607616901398,-0.026025697588920593,0.5660082101821899
4163,36.16166687011719,0.9481172561645508,0.5005800127983093,0.1780664175748825,-0.005338053684681654,0.5625159740447998
4164,36.12581253051758,0.9356866478919983,0.4982849955558777,0.1780358850955963,-0.024149326607584953,0.5633370280265808
4165,36.13625717163086,0.9528115391731262,0.49970003962516785,0.17803055047988892,-0.02463323250412941,0.5657559037208557
4166,36.16179275512695,0.9622650742530823,0.5002899765968323,0.178035706281662,0.006095167249441147,0.5650094747543335
4167,36.14866256713867,0.9551697969436646,0.4997450113296509,0.17803116142749786,-0.007107749115675688,0.5707284212112427
4168,36.12477493286133,0.9583512544631958,0.4989050030708313,0.1780116707086563,0.00013416577712632716,0.5695176720619202
4169,36.13591766357422,0.9345264434814453,0.5031949877738953,0.17806854844093323,-0.015811605378985405,0.5716319680213928
4170,36.145450592041016,0.9530337452888489,0.5004650354385376,0.178076833486557,-0.011255071498453617,0.5702476501464844
4171,36.130794525146484,0.933800458908081,0.5020999908447266,0.17811423540115356,-0.02210014872252941,0.5682161450386047
4172,36.134159088134766,0.9650231599807739,0.49864500761032104,0.17809011042118073,-0.021009614691138268,0.5788222551345825
4173,36.1446418762207,0.9561973810195923,0.49844998121261597,0.17806251347064972,-0.015461491420865059,0.5724359750747681
4174,36.13201141357422,0.9350829124450684,0.49994996190071106,0.1780616194009781,-0.013371297158300877,0.5837581753730774
4175,36.14475631713867,0.9603439569473267,0.49992501735687256,0.17806027829647064,-0.0068101161159574986,0.5770921111106873
4176,36.13998031616211,0.9671072363853455,0.49937498569488525,0.17804914712905884,0.0008770962012931705,0.5712282061576843
4177,36.13160705566406,0.9389980435371399,0.500415027141571,0.178056538105011,-0.006831340957432985,0.5731912851333618
4178,36.15727233886719,0.967262327671051,0.5000099539756775,0.17805670201778412,-0.00040854932740330696,0.5892834663391113
4179,36.13360595703125,0.9308980703353882,0.4988400340080261,0.17803604900836945,-0.031054047867655754,0.5810844302177429
4180,36.11460494995117,0.9362348318099976,0.4993650019168854,0.1780247539281845,-0.039544299244880676,0.5699636936187744
4181,36.1505126953125,0.9528699517250061,0.4988050162792206,0.1780034750699997,-0.017062561586499214,0.5659914612770081
4182,36.15079116821289,0.9321856498718262,0.5021800398826599,0.17804229259490967,-0.015136728063225746,0.5846479535102844
4183,36.126609802246094,0.9595552682876587,0.5024999976158142,0.1780868023633957,-0.023530839011073112,0.5682138204574585
4184,36.141666412353516,0.9274790287017822,0.5021900534629822,0.17812579870224,-0.02412230335175991,0.5750995874404907
4185,36.15156936645508,0.9441917538642883,0.4992949962615967,0.17811323702335358,-0.008122680708765984,0.5725256204605103
4186,36.136085510253906,0.9515165686607361,0.49940502643585205,0.17810264229774475,-0.027529433369636536,0.5761514902114868
4187,36.1274299621582,0.933192253112793,0.5013599991798401,0.17812687158584595,0.0026778022293001413,0.5720577836036682
4188,36.150543212890625,0.9341642260551453,0.5003949999809265,0.17813390493392944,0.013814474456012249,0.5687177181243896
4189,36.142845153808594,0.9305672645568848,0.5001050233840942,0.17813576757907867,-0.014799168333411217,0.5746253132820129
4190,36.13129806518555,0.9435310959815979,0.503404974937439,0.17819641530513763,-0.03051619790494442,0.5676669478416443
4191,36.14918518066406,0.9492816925048828,0.49801498651504517,0.17816103994846344,-0.01613561064004898,0.5587465763092041
4192,36.14874267578125,0.9427658319473267,0.49987998604774475,0.17815890908241272,-0.012181252241134644,0.5828646421432495
4193,36.13423538208008,0.9261587858200073,0.5004100203514099,0.1781662106513977,-0.010804133489727974,0.5767122507095337
4194,36.1359977722168,0.9290118217468262,0.5042650103569031,0.17824220657348633,-0.020830688998103142,0.5946058630943298
4195,36.145835876464844,0.9597604870796204,0.4991999864578247,0.17822794616222382,-0.009767628274857998,0.5719593167304993
4196,36.14821243286133,0.9328598380088806,0.4992400109767914,0.1782144010066986,-0.0033722296357154846,0.5706534385681152
4197,36.12942886352539,0.9045663475990295,0.5026499629020691,0.1782616227865219,-0.018258145079016685,0.5793944597244263
4198,36.134544372558594,0.9433877468109131,0.5001800060272217,0.1782648265361786,-0.018248075619339943,0.5743811130523682
4199,36.13237380981445,0.9306090474128723,0.5012649893760681,0.17828737199306488,-0.02339812181890011,0.5683953166007996
4200,36.137691497802734,0.9354255795478821,0.5016449689865112,0.17831669747829437,0.0044023990631103516,0.5661073923110962
4201,36.15040588378906,0.957977831363678,0.4981299936771393,0.17828334867954254,0.0024272785522043705,0.5660825371742249
4202,36.1286506652832,0.9282935261726379,0.5002949833869934,0.17828859388828278,-0.023813512176275253,0.5746559500694275
4203,36.13145446777344,0.9333460927009583,0.49937501549720764,0.17827744781970978,0.0015049591893330216,0.5758324265480042
4204,36.14259338378906,0.9319175481796265,0.5018999576568604,0.1783113181591034,0.009600523859262466,0.5852770209312439
4205,36.14306640625,0.9308083057403564,0.5015000104904175,0.17833806574344635,-0.013152431696653366,0.5635318160057068
4206,36.1383056640625,0.9464486241340637,0.49900999665260315,0.17832040786743164,-0.008834637701511383,0.5754100680351257
4207,36.15497970581055,0.9519316554069519,0.4990350604057312,0.17830319702625275,-0.018906258046627045,0.5628730058670044
4208,36.14555358886719,0.9421873092651367,0.4988600015640259,0.17828287184238434,-0.013032890856266022,0.5711135268211365
4209,36.14925765991211,0.9389057755470276,0.5019550323486328,0.17831772565841675,0.0027385083958506584,0.5786424279212952
4210,36.14761734008789,0.944429337978363,0.4996500015258789,0.17831148207187653,0.027941135689616203,0.5655237436294556
4211,36.148929595947266,0.9414063692092896,0.49941501021385193,0.17830105125904083,-0.015172388404607773,0.5767033100128174
4212,36.148929595947266,0.9638248682022095,0.4976399838924408,0.1782589703798294,-0.020835325121879578,0.5636475086212158
4213,36.13621139526367,0.9336409568786621,0.5019349455833435,0.17829346656799316,-0.006141060963273048,0.5596608519554138
4214,36.14586639404297,0.9473836421966553,0.5003450512886047,0.17829960584640503,-0.012242907658219337,0.5899307131767273
4215,36.133792877197266,0.9470698833465576,0.5024300217628479,0.17834292352199554,-0.020419891923666,0.5693663954734802
4216,36.134605407714844,0.9413516521453857,0.4981299936771393,0.1783095747232437,-0.02173287607729435,0.5878080725669861
4217,36.141632080078125,0.9401475191116333,0.4998300075531006,0.17830654978752136,-0.026072371751070023,0.5883172750473022
4218,36.13163375854492,0.9440949559211731,0.5037449598312378,0.1783733367919922,-0.004839408211410046,0.594671368598938
4219,36.132625579833984,0.9491029977798462,0.4988800287246704,0.17835335433483124,-0.01717970333993435,0.577319860458374
4220,36.15179443359375,0.9669494032859802,0.5000749826431274,0.17835469543933868,-0.009328293614089489,0.5746027827262878
4221,36.1311149597168,0.9172190427780151,0.49857500195503235,0.17832927405834198,-0.025377091020345688,0.5732390284538269
4222,36.1287841796875,0.9202056527137756,0.5000550150871277,0.17833025753498077,-0.0027517396956682205,0.5851539969444275
4223,36.13461685180664,0.9322776198387146,0.5014899969100952,0.1783568263053894,-0.0026216087862849236,0.5712617635726929
4224,36.14173889160156,0.9378376007080078,0.49919503927230835,0.17834247648715973,-0.014549367129802704,0.5655957460403442
4225,36.12976837158203,0.9348234534263611,0.4979200065135956,0.17830537259578705,-0.022769533097743988,0.575677752494812
4226,36.141475677490234,0.9348602890968323,0.502144992351532,0.17834360897541046,-0.017150651663541794,0.5761280059814453
4227,36.14765167236328,0.926773726940155,0.5006899833679199,0.17835591733455658,-0.006441821344196796,0.5706475377082825
4228,36.12425994873047,0.9418031573295593,0.49760499596595764,0.17831319570541382,-0.013547450304031372,0.5745808482170105
4229,36.125579833984375,0.9415977597236633,0.49841997027397156,0.17828501760959625,-0.020920468494296074,0.5736244916915894
4230,36.142127990722656,0.9267439246177673,0.5001800060272217,0.17828822135925293,0.022768933326005936,0.5976434946060181
4231,36.145572662353516,0.9451229572296143,0.49863502383232117,0.17826388776302338,-0.03132339194417,0.5560864210128784
4232,36.12221145629883,0.926317572593689,0.49957001209259033,0.17825622856616974,-0.007636037189513445,0.5949654579162598
4233,36.133628845214844,0.9440062642097473,0.4997199773788452,0.1782512366771698,-0.016457373276352882,0.5719714164733887
4234,36.133056640625,0.9329135417938232,0.5000050067901611,0.17825132608413696,0.005035463720560074,0.5743443369865417
4235,36.15072250366211,0.9351760149002075,0.5012099742889404,0.17827288806438446,0.0036115143448114395,0.5863082408905029
4236,36.13324737548828,0.9412682056427002,0.5006399750709534,0.17828430235385895,-0.012728583067655563,0.5946153998374939
4237,36.12735366821289,0.9415376782417297,0.49905502796173096,0.1782674640417099,-0.0037674603518098593,0.5728482604026794
4238,36.16455841064453,0.9634426832199097,0.5006850361824036,0.17827968299388885,0.0038474509492516518,0.5639248490333557
4239,36.146766662597656,0.9590429067611694,0.499875009059906,0.17827744781970978,0.006903789006173611,0.5759822726249695
4240,36.12614059448242,0.9408956170082092,0.5008249878883362,0.1782921552658081,-0.05172128230333328,0.587956428527832
4241,36.1424674987793,0.9379674196243286,0.5009400248527527,0.17830891907215118,-0.01362807210534811,0.5779405236244202
4242,36.13969421386719,0.9275051355361938,0.501509964466095,0.17833584547042847,-0.0028749944176524878,0.5610432028770447
4243,36.12816619873047,0.9368433952331543,0.5015650391578674,0.17836375534534454,-0.03002796694636345,0.5660291910171509
4244,36.12824249267578,0.9254089593887329,0.4983750283718109,0.1783347725868225,-0.034321129322052,0.5803033709526062
4245,36.157161712646484,0.9564344882965088,0.49693500995635986,0.17828011512756348,-0.004672139883041382,0.5712187886238098
4246,36.120704650878906,0.9391749501228333,0.5005300045013428,0.17828957736492157,-0.017239810898900032,0.5752506256103516
4247,36.1226921081543,0.951698899269104,0.5021899938583374,0.17832861840724945,-0.02882901206612587,0.5812199711799622
4248,36.15747833251953,0.9500066041946411,0.5032700300216675,0.17838692665100098,-0.005135656334459782,0.569329559803009
4249,36.139923095703125,0.9622035026550293,0.4991399943828583,0.1783715784549713,-0.03399007394909859,0.5872505903244019
4250,36.12204360961914,0.9708378911018372,0.4989999830722809,0.17835374176502228,-0.013086450286209583,0.605556309223175
4251,36.14737319946289,0.9702011346817017,0.5023050308227539,0.1783948540687561,-0.000368712906492874,0.5700494647026062
4252,36.169437408447266,0.986036479473114,0.5007550120353699,0.17840830981731415,-0.0012642050860449672,0.5595767498016357
4253,36.12662887573242,0.9422794580459595,0.499099999666214,0.17839224636554718,-0.006877098698168993,0.5788216590881348
4254,36.13044357299805,0.9541538953781128,0.5012350082397461,0.17841428518295288,-0.009770537726581097,0.5915892720222473
4255,36.14318084716797,0.9275636672973633,0.4983150064945221,0.1783842146396637,-0.012016394175589085,0.569890558719635
4256,36.153926849365234,0.9576771259307861,0.5003100037574768,0.1783897429704666,-0.005845979787409306,0.5906761288642883
4257,36.12450408935547,0.9348743557929993,0.497825026512146,0.17835094034671783,-0.009595564566552639,0.5728755593299866
4258,36.13397979736328,0.9386457204818726,0.500415027141571,0.17835834622383118,-0.015835588797926903,0.5706461668014526
4259,36.154178619384766,0.9448886513710022,0.4977400004863739,0.17831803858280182,0.00435456819832325,0.5829379558563232
4260,36.15353012084961,0.9654029607772827,0.4995049834251404,0.17830921709537506,0.022124866023659706,0.5748615860939026
4261,36.13107681274414,0.947943925857544,0.49900001287460327,0.17829138040542603,-0.02342209406197071,0.5766014456748962
4262,36.13421630859375,0.9367884397506714,0.4978500008583069,0.17825305461883545,-0.028896769508719444,0.5699852705001831
4263,36.1536750793457,0.9673162698745728,0.4982050061225891,0.17822104692459106,0.008030079305171967,0.5616521835327148
4264,36.140907287597656,0.9515688419342041,0.4996200203895569,0.17821426689624786,-0.015912510454654694,0.5722100138664246
4265,36.129859924316406,0.9551475048065186,0.5041400194168091,0.1782880574464798,-0.02580413967370987,0.584250271320343
4266,36.1286735534668,0.9162520170211792,0.5009049773216248,0.17830419540405273,-0.016482874751091003,0.5837728977203369
4267,36.16014099121094,0.9541242718696594,0.5015700459480286,0.17833219468593597,-0.0020594673696905375,0.5784245729446411
4268,36.13087844848633,0.9279610514640808,0.49946001172065735,0.17832256853580475,0.0016251116758212447,0.57212233543396
4269,36.12306213378906,0.9409447908401489,0.5000349879264832,0.1783231794834137,-0.022716056555509567,0.5832265615463257
4270,36.13874435424805,0.9264935255050659,0.5000500082969666,0.17832407355308533,-0.014126639813184738,0.5842839479446411
4271,36.151344299316406,0.9449349045753479,0.49977001547813416,0.17831997573375702,-0.012391417287290096,0.5815719962120056
4272,36.12866973876953,0.9307329654693604,0.49930500984191895,0.17830757796764374,-0.01924956403672695,0.5705466270446777
4273,36.144317626953125,0.9651641845703125,0.5017200112342834,0.17833824455738068,-0.004985048435628414,0.5697086453437805
4274,36.142215728759766,0.9426642656326294,0.5005300045013428,0.17834770679473877,-0.027246026322245598,0.580560028553009
4275,36.14080047607422,0.9408735632896423,0.49874502420425415,0.1783253252506256,-0.004227352328598499,0.5828109979629517
4276,36.13632583618164,0.942935049533844,0.5013149976730347,0.17834877967834473,-0.008598105050623417,0.5676923990249634
4277,36.12016677856445,0.9121559858322144,0.502435028553009,0.1783922165632248,-0.021483169868588448,0.5680296421051025
4278,36.144622802734375,0.932763397693634,0.500249981880188,0.17839668691158295,-0.01849883794784546,0.5602712631225586
4279,36.13956069946289,0.9413422346115112,0.4969650208950043,0.1783425360918045,-0.002795867621898651,0.5617436766624451
4280,36.14052963256836,0.946633517742157,0.4991549849510193,0.17832745611667633,-0.01732395961880684,0.5650861263275146
4281,36.13107681274414,0.9427640438079834,0.5027449727058411,0.17837642133235931,-0.007729376666247845,0.5788401365280151
4282,36.146968841552734,0.9413857460021973,0.500789999961853,0.1783905178308487,-0.007220877800136805,0.5747503638267517
4283,36.135414123535156,0.9323665499687195,0.5011000037193298,0.178410142660141,-0.026583870872855186,0.5744553804397583
4284,36.13520431518555,0.9410848021507263,0.5019099712371826,0.17844422161579132,-0.01685735210776329,0.5819168090820312
4285,36.140907287597656,0.9275054335594177,0.5003649592399597,0.17845073342323303,-0.011457761749625206,0.5790342688560486
4286,36.13610076904297,0.9251788258552551,0.5000600218772888,0.1784517914056778,-0.01249009370803833,0.5859754085540771
4287,36.1375732421875,0.9292414784431458,0.5018600225448608,0.1784849762916565,-0.03575216233730316,0.6017211675643921
4288,36.133113861083984,0.9204880595207214,0.49726998805999756,0.1784362494945526,-0.007228720001876354,0.5631603002548218
4289,36.14579772949219,0.9513146877288818,0.4946649968624115,0.17834104597568512,0.008648467250168324,0.5626590251922607
4290,36.141143798828125,0.9430918097496033,0.49933502078056335,0.17832918465137482,-0.025448936969041824,0.563403844833374
4291,36.12250900268555,0.9268284440040588,0.501354992389679,0.17835335433483124,-0.006803553085774183,0.5683941841125488
4292,36.1415901184082,0.9348995685577393,0.49942001700401306,0.1783430129289627,0.016591835767030716,0.566980242729187
4293,36.13847351074219,0.9292014241218567,0.4974699914455414,0.17829789221286774,-0.00921771302819252,0.5627909898757935
4294,36.1389274597168,0.9475538730621338,0.49921002984046936,0.17828381061553955,-0.033722423017024994,0.5886206030845642
4295,36.14771270751953,0.9652181267738342,0.5014950037002563,0.17831046879291534,0.004338002298027277,0.5836217999458313
4296,36.12908172607422,0.9134388566017151,0.5011550188064575,0.17833106219768524,-0.020941253751516342,0.5792673826217651
4297,36.131866455078125,0.9308794140815735,0.4983299970626831,0.17830127477645874,-0.041706282645463943,0.5886712670326233
4298,36.138328552246094,0.9353848695755005,0.49641498923301697,0.17823734879493713,-0.007605572696775198,0.5759645104408264
4299,36.138423919677734,0.9363684058189392,0.5031999945640564,0.178294375538826,-0.008678201586008072,0.5770477652549744
4300,36.12854766845703,0.9271360635757446,0.5022850036621094,0.17833511531352997,-0.008800189942121506,0.5670481324195862
4301,36.1415901184082,0.9485184550285339,0.4985099732875824,0.17830854654312134,-0.02269906736910343,0.568387508392334
4302,36.13572311401367,0.9465991854667664,0.5007500052452087,0.17832191288471222,-0.009305119514465332,0.5695531964302063
4303,36.12709426879883,0.9344578385353088,0.5015850067138672,0.17835018038749695,-0.004388120025396347,0.5812747478485107
4304,36.14012908935547,0.9419626593589783,0.499019980430603,0.17833270132541656,0.013510026037693024,0.5814014673233032
4305,36.15162658691406,0.9402140378952026,0.4982599914073944,0.17830167710781097,0.0030083409510552883,0.5677777528762817
4306,36.1325569152832,0.9426174759864807,0.49975502490997314,0.17829731106758118,-0.02644679881632328,0.5760530233383179
4307,36.122161865234375,0.9264426827430725,0.4995249807834625,0.17828884720802307,-0.017637068405747414,0.5803277492523193
4308,36.14701461791992,0.9342100620269775,0.5005749464035034,0.17829908430576324,0.007511430885642767,0.5808035731315613
4309,36.13426208496094,0.9348545074462891,0.4974699914455414,0.17825396358966827,-0.024904439225792885,0.5694351196289062
4310,36.11840057373047,0.9382358193397522,0.4980599880218506,0.17821937799453735,-0.036576200276613235,0.588665783405304
4311,36.14617156982422,0.9465726613998413,0.49938997626304626,0.17820851504802704,0.0017183924792334437,0.5746251344680786
4312,36.1450309753418,0.9314054846763611,0.4987199902534485,0.17818570137023926,0.0035120879765599966,0.5738017559051514
4313,36.134342193603516,0.9617992043495178,0.49897500872612,0.1781674325466156,-0.035172197967767715,0.5810613632202148
4314,36.127017974853516,0.9515467286109924,0.5019950270652771,0.17820298671722412,-0.028231484815478325,0.6022301316261292
4315,36.13901901245117,0.9313303828239441,0.4980299770832062,0.17816787958145142,-0.0013506213435903192,0.566041886806488
4316,36.14868927001953,0.9440935254096985,0.5000600218772888,0.17816893756389618,-0.029897410422563553,0.5600194931030273
4317,36.117454528808594,0.928475558757782,0.49787500500679016,0.1781310737133026,-0.027840225026011467,0.5816572308540344
4318,36.13119888305664,0.9234253168106079,0.49763503670692444,0.1780889481306076,-0.009847001172602177,0.5775811672210693
4319,36.14615249633789,0.934920072555542,0.5018800497055054,0.17812243103981018,-0.008236103691160679,0.5663667917251587
4320,36.13043975830078,0.9161158800125122,0.49876004457473755,0.1781003475189209,-0.03804794326424599,0.5678055882453918
4321,36.13410949707031,0.9324401021003723,0.4994350075721741,0.17809028923511505,-0.020185671746730804,0.5781932473182678
4322,36.13958740234375,0.932058572769165,0.5002999901771545,0.17809563875198364,-0.01656944677233696,0.5653849244117737
4323,36.1424560546875,0.9439451098442078,0.49975499510765076,0.17809127271175385,-0.008671913295984268,0.5854697823524475
4324,36.13917541503906,0.9433101415634155,0.5005799531936646,0.1781015843153,0.011399070732295513,0.5737345814704895
4325,36.12797546386719,0.9310886263847351,0.4989599883556366,0.17808306217193604,-0.018884042277932167,0.5636662840843201
4326,36.1325569152832,0.9330752491950989,0.5008699893951416,0.17809855937957764,-0.042242854833602905,0.5904013514518738
4327,36.13013458251953,0.9126626253128052,0.5001649856567383,0.17810149490833282,0.0036620490718632936,0.5709558725357056
4328,36.14051818847656,0.9319564700126648,0.5001749992370605,0.17810460925102234,-0.0006467743078246713,0.5709218382835388
4329,36.13270568847656,0.949009358882904,0.5013800263404846,0.1781291961669922,0.0034179012291133404,0.5717459917068481
4330,36.13069152832031,0.9419487118721008,0.5011100172996521,0.17814897000789642,-0.00836510956287384,0.576782763004303
4331,36.150390625,0.947157621383667,0.4986800253391266,0.17812545597553253,-0.0019233271013945341,0.5677613019943237
4332,36.141029357910156,0.924850583076477,0.5016599893569946,0.17815501987934113,-0.011307780630886555,0.5646668672561646
4333,36.12016296386719,0.9339029788970947,0.49853000044822693,0.17812883853912354,-0.010028963908553123,0.5816358923912048
4334,36.13466262817383,0.9472010731697083,0.4986000061035156,0.17810389399528503,-0.004236181266605854,0.5751846432685852
4335,36.149024963378906,0.9287577271461487,0.4998199939727783,0.17810069024562836,-0.008646396920084953,0.5700326561927795
4336,36.131378173828125,0.9261239171028137,0.4996350109577179,0.17809419333934784,-0.0021226254757493734,0.5856027007102966
4337,36.12926483154297,0.9544966220855713,0.4984400272369385,0.1780664175748825,-0.018286442384123802,0.5823054313659668
4338,36.133636474609375,0.9480136036872864,0.5015049576759338,0.17809320986270905,-0.021502580493688583,0.5760889649391174
4339,36.15583801269531,0.9446212649345398,0.4997600018978119,0.1780889332294464,-0.018887799233198166,0.5505649447441101
4340,36.13640594482422,0.9309013485908508,0.49845001101493835,0.1780613362789154,-0.020159142091870308,0.5729418396949768
4341,36.12610626220703,0.9454846978187561,0.5008450150489807,0.1780763864517212,-0.029538407921791077,0.5785732865333557
4342,36.14130401611328,0.945085346698761,0.5000900030136108,0.17807799577713013,0.0010563737014308572,0.5721827745437622
4343,36.14784622192383,0.954649031162262,0.50142502784729,0.17810335755348206,0.0038493310566991568,0.5686958432197571
4344,36.12909698486328,0.9270712733268738,0.5030450224876404,0.17815758287906647,-0.01459799986332655,0.5690354108810425
4345,36.12516784667969,0.9444223046302795,0.5015549659729004,0.17818528413772583,-0.016967130824923515,0.5806400775909424
4346,36.138614654541016,0.927742600440979,0.49818500876426697,0.17815294861793518,-0.020599720999598503,0.5725928544998169
4347,36.14531326293945,0.9391552209854126,0.5003700256347656,0.17815953493118286,0.002903890097513795,0.5734003782272339
4348,36.120155334472656,0.9320583343505859,0.5005800127983093,0.1781698763370514,-0.007453259080648422,0.5803704857826233
4349,36.13370895385742,0.9488258361816406,0.5042549967765808,0.1782456785440445,-0.005603539291769266,0.5943908095359802
4350,36.15345001220703,0.9405859112739563,0.49971503019332886,0.1782405972480774,-0.0069539956748485565,0.5692645311355591
4351,36.140419006347656,0.950997531414032,0.498339980840683,0.1782110035419464,-0.020871059969067574,0.5745155215263367
4352,36.135581970214844,0.9373457431793213,0.4984399974346161,0.1781831979751587,-0.015111119486391544,0.5852136015892029
4353,36.145694732666016,0.9364813566207886,0.5030650496482849,0.17823781073093414,-0.008599705062806606,0.5646429061889648
4354,36.157470703125,0.9496511220932007,0.4986850321292877,0.17821437120437622,-0.011366534046828747,0.5651189088821411
4355,36.1251106262207,0.917418897151947,0.4996649920940399,0.1782083958387375,-0.02121381089091301,0.5865381956100464
4356,36.14350891113281,0.946111261844635,0.5005600452423096,0.17821837961673737,-0.01932671293616295,0.5644268989562988
4357,36.15277099609375,0.9404592514038086,0.50027996301651,0.1782233715057373,-0.005679355934262276,0.5693773031234741
4358,36.14970397949219,0.9527771472930908,0.4983150362968445,0.1781933456659317,0.02656869776546955,0.572414755821228
4359,36.13102722167969,0.942834734916687,0.49983999133110046,0.17819049954414368,-0.011857309378683567,0.5822356343269348
4360,36.14035415649414,0.9216117262840271,0.5001599788665771,0.1781933456659317,-0.026782089844346046,0.5753786563873291
4361,36.13529586791992,0.9293245673179626,0.4973750114440918,0.1781465709209442,-0.023814093321561813,0.5677396655082703
4362,36.13379669189453,0.949637234210968,0.5012249946594238,0.1781684011220932,0.00022396088752429932,0.6000308394432068
4363,36.13446044921875,0.9439650774002075,0.501895010471344,0.17820216715335846,-0.02893682010471821,0.5873536467552185
4364,36.14387893676758,0.933570921421051,0.5016599893569946,0.17823173105716705,-0.016625335440039635,0.5610596537590027
4365,36.127769470214844,0.939577579498291,0.4988900125026703,0.17821195721626282,0.004311146680265665,0.560642659664154
4366,36.131317138671875,0.930730938911438,0.5005600452423096,0.1782219409942627,-0.019340747967362404,0.5506471395492554
4367,36.14093017578125,0.9276987314224243,0.5004900097846985,0.1782306730747223,-0.017152946442365646,0.585588276386261
4368,36.13998031616211,0.9266949892044067,0.4984450340270996,0.17820295691490173,0.012524979189038277,0.5693267583847046
4369,36.1280403137207,0.9389438629150391,0.5037000179290771,0.1782688945531845,-0.01850290037691593,0.5994998812675476
4370,36.15216064453125,0.9333749413490295,0.5040599703788757,0.17834126949310303,-0.033661726862192154,0.5806710720062256
4371,36.13384246826172,0.9285049438476562,0.4988749921321869,0.1783212125301361,-0.015143003314733505,0.5611745715141296
4372,36.132843017578125,0.9235365986824036,0.5005050301551819,0.1783302277326584,-0.019225623458623886,0.5821061134338379
4373,36.13543701171875,0.9461075663566589,0.4967299997806549,0.17827191948890686,-0.0045512025244534016,0.5755844116210938
4374,36.13877868652344,0.9341182708740234,0.4981600046157837,0.1782391220331192,-0.01240659598261118,0.5660370588302612
4375,36.137699127197266,0.934918224811554,0.500220000743866,0.17824305593967438,-0.03273707255721092,0.585737407207489
4376,36.129981994628906,0.9246863126754761,0.4989349842071533,0.17822407186031342,-0.037358757108449936,0.5784400105476379
4377,36.13954162597656,0.9275557994842529,0.49992501735687256,0.17822273075580597,-0.01683511771261692,0.5700733065605164
4378,36.14588165283203,0.9407221674919128,0.4984000623226166,0.17819422483444214,-0.01758500747382641,0.5598654747009277
4379,36.137943267822266,0.9386639595031738,0.5000500082969666,0.17819511890411377,-0.031742390245199203,0.5709848403930664
4380,36.14751052856445,0.9295509457588196,0.5029499530792236,0.17824769020080566,-0.012178175151348114,0.5979199409484863
4381,36.156219482421875,0.9440547823905945,0.4968700110912323,0.1781919002532959,0.004098330158740282,0.5683649778366089
4382,36.13978958129883,0.9456843733787537,0.5004900097846985,0.1782006323337555,-0.005552366841584444,0.5824913382530212
4383,36.1497688293457,0.9497907161712646,0.4999749958515167,0.17820018529891968,-0.009153557009994984,0.5747382044792175
4384,36.14558792114258,0.951724648475647,0.4991399943828583,0.1781848520040512,-0.010737511329352856,0.5755653977394104
4385,36.1473503112793,0.9238394498825073,0.495045006275177,0.17809656262397766,-0.022220121696591377,0.5684016942977905
4386,36.14053726196289,0.9245458841323853,0.4989050030708313,0.17807705700397491,-0.006094661075621843,0.5724143385887146
4387,36.1414909362793,0.9410163164138794,0.5029900074005127,0.17813029885292053,0.00821115355938673,0.5974323749542236
4388,36.14607238769531,0.940233051776886,0.49822500348091125,0.1780986785888672,-0.0010706091998144984,0.5722047090530396
4389,36.12931823730469,0.9255107045173645,0.5028499960899353,0.17814944684505463,0.007792769465595484,0.5963332653045654
4390,36.140785217285156,0.9378435611724854,0.5008650422096252,0.17816486954689026,-0.03666302561759949,0.5652626156806946
4391,36.141754150390625,0.9384718537330627,0.5016800165176392,0.1781947910785675,-0.011757434345781803,0.5848576426506042
4392,36.13984298706055,0.9314196109771729,0.4979599714279175,0.17815843224525452,-0.0012347603915259242,0.583127498626709
4393,36.1405143737793,0.9348159432411194,0.4976150095462799,0.17811594903469086,-0.022053249180316925,0.5581415891647339
4394,36.14391326904297,0.9326483011245728,0.5007200241088867,0.17812877893447876,-0.03299954533576965,0.5715030431747437
4395,36.13627243041992,0.9266071915626526,0.500540018081665,0.17813840508460999,0.01479470357298851,0.5782878398895264
4396,36.14625549316406,0.9270795583724976,0.5002149939537048,0.1781422346830368,0.009011384099721909,0.5822201371192932
4397,36.1446647644043,0.9480536580085754,0.49658501148223877,0.17808140814304352,-0.0177906546741724,0.5644821524620056
4398,36.136810302734375,0.930008053779602,0.5009900331497192,0.17809902131557465,-0.012699770741164684,0.5898284912109375
4399,36.14678192138672,0.9414346218109131,0.49940499663352966,0.17808842658996582,-0.013512276113033295,0.5625694394111633
4400,36.148983001708984,0.9550780057907104,0.49838000535964966,0.17805957794189453,-0.0066376375034451485,0.5914633274078369
4401,36.12617874145508,0.9161599278450012,0.49892500042915344,0.17804042994976044,-0.011339333839714527,0.5756062269210815
4402,36.14162826538086,0.9414840340614319,0.4985000193119049,0.17801371216773987,-0.040035806596279144,0.5690784454345703
4403,36.148372650146484,0.935479462146759,0.5003600120544434,0.17802011966705322,-0.01690017059445381,0.5550857186317444
4404,36.13639450073242,0.9310041666030884,0.5040349960327148,0.17809195816516876,-0.010609331540763378,0.5720159411430359
4405,36.14259719848633,0.9329043626785278,0.5015100240707397,0.17811885476112366,0.00438800361007452,0.5735145807266235
4406,36.1291618347168,0.933076798915863,0.5022650361061096,0.1781591922044754,-0.0028958169277757406,0.5945340394973755
4407,36.14620590209961,0.9507971405982971,0.49964502453804016,0.17815285921096802,-0.01467761117964983,0.5805976390838623
4408,36.13840866088867,0.9334283471107483,0.5014449954032898,0.1781785935163498,-0.017423350363969803,0.564429521560669
4409,36.134944915771484,0.9254634380340576,0.5032150149345398,0.17823587357997894,-0.0003486418863758445,0.5757085084915161
4410,36.14388656616211,0.9416254162788391,0.49624502658843994,0.17816893756389618,-0.013132233172655106,0.58368980884552
4411,36.129329681396484,0.9249903559684753,0.5015150308609009,0.17819593846797943,-0.022227736189961433,0.5707912445068359
4412,36.13581466674805,0.924181342124939,0.5021700263023376,0.17823460698127747,-0.007885255850851536,0.5674151182174683
4413,36.143836975097656,0.9325888156890869,0.4991849958896637,0.17822007834911346,-0.0064694806933403015,0.5605120658874512
4414,36.14174270629883,0.9274677634239197,0.4989599883556366,0.17820154130458832,-0.024302804842591286,0.5405969619750977
4415,36.13378143310547,0.9440486431121826,0.5019299983978271,0.17823593318462372,-0.01283349934965372,0.5669434666633606
4416,36.13237380981445,0.9284135103225708,0.5037550330162048,0.17830286920070648,-0.037147391587495804,0.5695814490318298
4417,36.149322509765625,0.9395487904548645,0.4976600110530853,0.1782611459493637,-0.020035143941640854,0.5615614652633667
4418,36.128936767578125,0.9296190738677979,0.5000100135803223,0.17826130986213684,-0.023797253146767616,0.5856955051422119
4419,36.13528823852539,0.9415134787559509,0.49881502985954285,0.17824018001556396,-0.011051544919610023,0.5802512168884277
4420,36.153263092041016,0.9337901473045349,0.5035549998283386,0.1783035397529602,-9.928894723998383e-05,0.5656321048736572
4421,36.1500244140625,0.9464576244354248,0.49961501359939575,0.17829667031764984,-0.01845681108534336,0.580207884311676
4422,36.127967834472656,0.9292411804199219,0.49983999133110046,0.17829382419586182,-0.022079411894083023,0.5567390322685242
4423,36.1529541015625,0.9468538761138916,0.4993949830532074,0.17828303575515747,0.003698004875332117,0.5733659267425537
4424,36.14016342163086,0.9419668912887573,0.5008749961853027,0.17829863727092743,-0.004786423873156309,0.5892269611358643
4425,36.147884368896484,0.935455322265625,0.501105010509491,0.1783183366060257,0.0024475823156535625,0.5878885984420776
4426,36.1456413269043,0.9472218751907349,0.49358999729156494,0.1782040297985077,-0.010584038682281971,0.5634572505950928
4427,36.13947677612305,0.9528140425682068,0.49898502230644226,0.17818593978881836,-0.025949230417609215,0.5633792877197266
4428,36.13824462890625,0.9286118149757385,0.5008450150489807,0.17820100486278534,-0.020193152129650116,0.5732232332229614
4429,36.148216247558594,0.9447528719902039,0.501740038394928,0.17823201417922974,-0.02629532292485237,0.5683629512786865
4430,36.128089904785156,0.9434348344802856,0.5004550218582153,0.17824013531208038,-0.006108548492193222,0.5780136585235596
4431,36.13548278808594,0.9364198446273804,0.5004799962043762,0.17824870347976685,0.00338680949062109,0.580118715763092
4432,36.14267349243164,0.9232821464538574,0.5015700459480286,0.1782766878604889,-0.01516238134354353,0.5822509527206421
4433,36.13413619995117,0.9300740957260132,0.5022500157356262,0.17831678688526154,-0.026476647704839706,0.5744475722312927
4434,36.14017868041992,0.9415151476860046,0.4971649944782257,0.178266242146492,-0.029815657064318657,0.5745170712471008
4435,36.151058197021484,0.9517099261283875,0.4972749948501587,0.17821766436100006,-0.0049538142047822475,0.5839182734489441
4436,36.14068603515625,0.9402208924293518,0.49714502692222595,0.17816677689552307,-0.013517535291612148,0.5567509531974792
4437,36.13335418701172,0.937714695930481,0.5026800036430359,0.17821452021598816,-0.018020419403910637,0.570367157459259
4438,36.14731216430664,0.9610223770141602,0.5002899765968323,0.17821967601776123,0.010025507770478725,0.5864206552505493
4439,36.14387893676758,0.9161046743392944,0.5011500120162964,0.17824018001556396,0.001396847772412002,0.5836557745933533
4440,36.13536071777344,0.9391539692878723,0.499239981174469,0.17822663486003876,-0.013804974034428596,0.5837026834487915
4441,36.13319778442383,0.9322035312652588,0.49990999698638916,0.17822502553462982,-0.01595517434179783,0.5703344345092773
4442,36.14583969116211,0.9384816884994507,0.5012900233268738,0.17824801802635193,-0.007702471222728491,0.5722373723983765
4443,36.13406753540039,0.9248996376991272,0.49949002265930176,0.17823892831802368,-0.009618991985917091,0.5662291646003723
4444,36.13241195678711,0.9408480525016785,0.49920499324798584,0.17822475731372833,-0.007456558290868998,0.5872955918312073
4445,36.13706970214844,0.9435418844223022,0.501479983329773,0.17825114727020264,-0.0205511674284935,0.5655726790428162
4446,36.13249969482422,0.9274865984916687,0.5006600022315979,0.17826291918754578,0.00034670354216359556,0.5739904046058655
4447,36.1314697265625,0.9205242395401001,0.5010000467300415,0.1782807558774948,-0.02716822549700737,0.5805979371070862
4448,36.13340377807617,0.938165009021759,0.49581998586654663,0.17820623517036438,-0.01240665465593338,0.5534030199050903
4449,36.13105392456055,0.9452283382415771,0.49908000230789185,0.17818982899188995,-0.01043866015970707,0.5828179717063904
4450,36.13985061645508,0.9317940473556519,0.5010800361633301,0.1782090812921524,-0.016303902491927147,0.5720285177230835
4451,36.1455192565918,0.9451618194580078,0.49972501397132874,0.17820417881011963,-0.001290164771489799,0.5627681612968445
4452,36.13374328613281,0.9305444359779358,0.498989999294281,0.17818617820739746,-0.006706139538437128,0.5784143805503845
4453,36.149574279785156,0.937927782535553,0.498960018157959,0.17816764116287231,-0.007851572707295418,0.5619588494300842
4454,36.14436721801758,0.9311895370483398,0.5023850202560425,0.17821013927459717,-0.008137207478284836,0.5745667815208435
4455,36.139381408691406,0.9370779991149902,0.49935001134872437,0.17819856107234955,0.009210032410919666,0.5769585371017456
4456,36.14665603637695,0.9461326599121094,0.5018050074577332,0.17823071777820587,-0.018153470009565353,0.5772551894187927
4457,36.14349365234375,0.9600809216499329,0.4988950192928314,0.1782110184431076,-0.03084774687886238,0.5609995126724243
4458,36.127010345458984,0.9299923181533813,0.5019450187683105,0.1782456934452057,-0.027734406292438507,0.5717823505401611
4459,36.14857864379883,0.9403387904167175,0.501550018787384,0.17827332019805908,-0.022560130804777145,0.5693015456199646
4460,36.13670349121094,0.9348337650299072,0.49933502078056335,0.17826145887374878,-0.008626233786344528,0.5832182168960571
4461,36.15313720703125,0.959987461566925,0.49704498052597046,0.17820878326892853,-0.005827985238283873,0.5564479827880859
4462,36.129791259765625,0.9351235628128052,0.49968501925468445,0.17820318043231964,-0.02078257128596306,0.5754464864730835
4463,36.12589645385742,0.9276800751686096,0.5033100247383118,0.17826217412948608,-0.039335016161203384,0.5707635879516602
4464,36.1417350769043,0.9221335649490356,0.501384973526001,0.1782868653535843,-0.007875093258917332,0.5716615915298462
4465,36.148494720458984,0.9410175681114197,0.4997900128364563,0.17828312516212463,-0.01196078211069107,0.5820155739784241
4466,36.13621139526367,0.9482370615005493,0.499904990196228,0.17828144133090973,-0.007535302545875311,0.5822253227233887
4467,36.14828872680664,0.9500859379768372,0.505204975605011,0.17837423086166382,-0.02141561172902584,0.5698007345199585
4468,36.159278869628906,0.9450994729995728,0.5011199712753296,0.17839421331882477,0.014198222197592258,0.5672215819358826
4469,36.143455505371094,0.9453194737434387,0.4954950213432312,0.17831385135650635,-0.024394456297159195,0.5660641193389893
4470,36.12531280517578,0.963866651058197,0.4989350140094757,0.1782948523759842,-0.017417287454009056,0.5898963809013367
4471,36.16221618652344,0.969728410243988,0.5032399892807007,0.17835262417793274,0.007009344641119242,0.5749262571334839
4472,36.145660400390625,0.9390528202056885,0.49932000041007996,0.17834049463272095,0.005800061393529177,0.5753896236419678
4473,36.111324310302734,0.9817396998405457,0.4965200126171112,0.17827843129634857,-0.024801766499876976,0.5880237817764282
4474,36.14243698120117,0.9499005079269409,0.4980950355529785,0.1782444715499878,-0.00584619352594018,0.5631778240203857
4475,36.149105072021484,0.9472806453704834,0.500760018825531,0.1782580316066742,0.0014511100016534328,0.573028028011322
4476,36.12605667114258,0.9409117102622986,0.50142502784729,0.1782834231853485,-0.01610630564391613,0.5894067883491516
4477,36.1284294128418,0.9568731188774109,0.49797502160072327,0.17824731767177582,-0.018231576308608055,0.5719534158706665
4478,36.14398193359375,0.9538595676422119,0.49701499938964844,0.1781941056251526,0.0052502998150885105,0.5640906095504761
4479,36.13011932373047,0.9386734366416931,0.500540018081665,0.1782037317752838,0.004497022833675146,0.5661680698394775
4480,36.13412857055664,0.9305018186569214,0.5031149983406067,0.1782592386007309,-0.004469167906790972,0.5690611600875854
4481,36.142086029052734,0.9320169687271118,0.4984549880027771,0.17823170125484467,-0.005561037454754114,0.5609613060951233
4482,36.138187408447266,0.9256585836410522,0.4958900213241577,0.1781584471464157,-0.0032501628156751394,0.5661076307296753
4483,36.134639739990234,0.9156661629676819,0.4990150034427643,0.17814089357852936,-0.02919168956577778,0.5706506967544556
4484,36.14809799194336,0.9454489946365356,0.5009450316429138,0.1781577318906784,-0.025681989267468452,0.5700908303260803
4485,36.13786697387695,0.9438402056694031,0.5010499954223633,0.17817644774913788,0.002692105481401086,0.5771479606628418
4486,36.14117431640625,0.9255223274230957,0.49560999870300293,0.17809823155403137,-0.015545742586255074,0.5728781819343567
4487,36.14741897583008,0.9322950839996338,0.5007550120353699,0.17811167240142822,-0.025477660819888115,0.5671635270118713
4488,36.13543701171875,0.9397847652435303,0.5025799870491028,0.17815761268138885,-0.0018998890882357955,0.5757355093955994
4489,36.133480072021484,0.9252705574035645,0.5000150203704834,0.17815789580345154,-0.009338163770735264,0.5670896768569946
4490,36.15011215209961,0.9465746283531189,0.49864497780799866,0.1781337559223175,-0.004972079768776894,0.5763587951660156
4491,36.135040283203125,0.9319372177124023,0.5009649991989136,0.1781509518623352,-0.019896071404218674,0.5915811657905579
4492,36.14262008666992,0.9501984715461731,0.4986399710178375,0.178126722574234,-0.018009763211011887,0.560441792011261
4493,36.1435546875,0.9229781627655029,0.5013900399208069,0.17815148830413818,-0.010360387153923512,0.5746541023254395
4494,36.14069747924805,0.9230711460113525,0.4987950026988983,0.17813001573085785,-0.010921699926257133,0.576171875
4495,36.130653381347656,0.9281156063079834,0.5003600120544434,0.1781364232301712,-0.009438743814826012,0.5721033811569214
4496,36.13018035888672,0.9357274174690247,0.5023000240325928,0.1781773865222931,-0.035866137593984604,0.5698564648628235
4497,36.14262390136719,0.933625340461731,0.49914997816085815,0.17816224694252014,0.0015380211407318711,0.5674142241477966
4498,36.1550178527832,0.9509230852127075,0.4981899857521057,0.17813000082969666,-0.006913950201123953,0.5771938562393188
4499,36.12629699707031,0.9318802952766418,0.49838000535964966,0.17810113728046417,-0.004956937860697508,0.5860303044319153
4500,36.13795471191406,0.9231891632080078,0.49998000264167786,0.17810077965259552,-0.024112744256854057,0.5749812126159668
4501,36.14071273803711,0.9215382933616638,0.49923497438430786,0.17808714509010315,-0.010515443049371243,0.5746567249298096
4502,36.14126968383789,0.9478229880332947,0.4984550178050995,0.1780596375465393,-0.02423572726547718,0.5659998655319214
4503,36.13739013671875,0.9511237144470215,0.5011200308799744,0.17807959020137787,-0.0061183227226138115,0.5794525146484375
4504,36.13528823852539,0.934581995010376,0.4996500313282013,0.17807336151599884,-3.591060885810293e-05,0.5626577138900757
4505,36.13997268676758,0.9356135129928589,0.5007150173187256,0.17808610200881958,-0.015732992440462112,0.5591728091239929
4506,36.1357421875,0.936306893825531,0.49965497851371765,0.17807996273040771,-0.00408192491158843,0.580888032913208
4507,36.13030242919922,0.9327419400215149,0.5004200339317322,0.17808742821216583,-0.02544257417321205,0.5621015429496765
4508,36.1381721496582,0.9271202087402344,0.5027400255203247,0.1781362146139145,0.008779056370258331,0.5777615308761597
4509,36.14593505859375,0.9302008152008057,0.5011100172996521,0.17815598845481873,-0.0118979811668396,0.5462144017219543
4510,36.12919616699219,0.9184167981147766,0.5001349449157715,0.17815838754177094,0.00010094643221236765,0.5660768151283264
4511,36.11965560913086,0.9344210028648376,0.5006449818611145,0.1781698763370514,-0.028453906998038292,0.5879547595977783
4512,36.14080047607422,0.9366074800491333,0.4996950030326843,0.17816443741321564,0.0010879202745854855,0.5561297535896301
4513,36.154850006103516,0.9412933588027954,0.5021550059318542,0.17820283770561218,-0.009662643074989319,0.5959913730621338
4514,36.128929138183594,0.9137098789215088,0.495309978723526,0.1781192570924759,-0.02274690382182598,0.5699275135993958
4515,36.13693618774414,0.9332958459854126,0.5005700588226318,0.1781294047832489,-0.010417431592941284,0.5754504203796387
4516,36.15906524658203,0.9635377526283264,0.5017049908638,0.17815977334976196,-0.0016722980653867126,0.5891484618186951
4517,36.135616302490234,0.9363484978675842,0.5022349953651428,0.17819958925247192,-0.01625446230173111,0.574275553226471
4518,36.12215042114258,0.9383472800254822,0.49926504492759705,0.17818649113178253,-0.028788961470127106,0.5793466567993164
4519,36.161598205566406,0.9549540877342224,0.4986499845981598,0.17816244065761566,0.02146020531654358,0.5654104351997375
4520,36.14111328125,0.9428769946098328,0.49888500571250916,0.17814257740974426,0.004381644073873758,0.58426433801651
4521,36.11605453491211,0.9492483139038086,0.5021399855613708,0.17818069458007812,-0.030159084126353264,0.5708284974098206
4522,36.13972473144531,0.9461955428123474,0.502240002155304,0.17822059988975525,-0.015831666067242622,0.574371874332428
4523,36.15085983276367,0.9467266798019409,0.49928998947143555,0.17820794880390167,-0.0018768311711028218,0.5575518012046814
4524,36.13819885253906,0.9604734778404236,0.49718502163887024,0.178157776594162,-0.024950195103883743,0.5792611837387085
4525,36.13610076904297,0.9714375734329224,0.5013750195503235,0.17818225920200348,-0.024032805114984512,0.5774716138839722
4526,36.14112854003906,0.9179576635360718,0.502269983291626,0.17822270095348358,-0.0129823237657547,0.5513709783554077
4527,36.14202880859375,0.936168372631073,0.4997450113296509,0.17821815609931946,0.0131680341437459,0.5674639940261841
4528,36.12080383300781,0.9431639313697815,0.499580055475235,0.17821066081523895,-0.0050796824507415295,0.5860936641693115
4529,36.12711715698242,0.9333969354629517,0.5032349824905396,0.17826831340789795,-0.030253974720835686,0.5667992830276489
4530,36.159156799316406,0.9441368579864502,0.5046399831771851,0.178351029753685,-0.0017294331919401884,0.5692703723907471
4531,36.13734436035156,0.964617908000946,0.498199999332428,0.17831893265247345,-0.02109793946146965,0.5773659348487854
4532,36.13837432861328,0.957047700881958,0.4975750148296356,0.1782756894826889,-0.04341115057468414,0.5694531202316284
4533,36.13779830932617,0.9182144403457642,0.4982500374317169,0.178244486451149,-0.01591411419212818,0.5786109566688538
4534,36.13941955566406,0.9363999366760254,0.5022100210189819,0.17828388512134552,-0.023302488029003143,0.5665602684020996
4535,36.142356872558594,0.9288585186004639,0.5040799975395203,0.17835663259029388,-0.02832648903131485,0.5735145807266235
4536,36.122798919677734,0.9293298125267029,0.4997449815273285,0.17835208773612976,-0.015112475492060184,0.5901018977165222
4537,36.1390380859375,0.9451313614845276,0.4972650110721588,0.1783033013343811,0.0015480519505217671,0.5586064457893372
4538,36.14776611328125,0.933678150177002,0.5004749894142151,0.1783117651939392,-0.026974573731422424,0.5580016374588013
4539,36.13821029663086,0.9436084032058716,0.5010349750518799,0.1783302128314972,0.008930269628763199,0.5925127267837524
4540,36.13352584838867,0.9255368709564209,0.4992400109767914,0.17831666767597198,-0.022888939827680588,0.5793741345405579
4541,36.15068054199219,0.9255396127700806,0.5000450015068054,0.17831747233867645,0.0035032560117542744,0.5555121898651123
4542,36.15552520751953,0.9227684140205383,0.4993100166320801,0.17830516397953033,0.007571952883154154,0.5636841058731079
4543,36.12729263305664,0.945734441280365,0.5004399418830872,0.1783130019903183,-0.006829374469816685,0.579499363899231
4544,36.14315414428711,0.9270732402801514,0.5021650195121765,0.17835161089897156,-0.003521437756717205,0.5629560351371765
4545,36.14684295654297,0.9379032850265503,0.4965899884700775,0.17829079926013947,0.0011122312862426043,0.5857241749763489
4546,36.12657165527344,0.9221873879432678,0.5003700256347656,0.17829738557338715,-0.016386354342103004,0.5670574307441711
4547,36.13241958618164,0.9485130906105042,0.4986650049686432,0.17827357351779938,-0.012104914523661137,0.5746985673904419
4548,36.13941192626953,0.9364330768585205,0.4998700022697449,0.17827126383781433,-0.0003721842949744314,0.5780953168869019
4549,36.13835525512695,0.9243993163108826,0.5023250579833984,0.17831270396709442,-0.03395864740014076,0.5816102027893066
4550,36.11244583129883,0.9190523624420166,0.5019699931144714,0.17834784090518951,-0.04581563174724579,0.5730854272842407
4551,36.141990661621094,0.9227793216705322,0.4990699887275696,0.17833125591278076,-0.03170214965939522,0.5551009774208069
4552,36.13999557495117,0.9184771180152893,0.4991599917411804,0.17831628024578094,-0.0011966234305873513,0.5709681510925293
4553,36.13629150390625,0.9370712041854858,0.501259982585907,0.17833875119686127,-0.01250328030437231,0.5714868307113647
4554,36.12944412231445,0.935344934463501,0.5009400248527527,0.17835552990436554,-0.028242478147149086,0.5785437226295471
4555,36.14970016479492,0.9229350686073303,0.4988050162792206,0.17833422124385834,-0.0027581064496189356,0.5732669830322266
4556,36.14805603027344,0.9377394914627075,0.500190019607544,0.17833760380744934,0.005121948197484016,0.5601950287818909
4557,36.13262176513672,0.9453679919242859,0.4987200200557709,0.17831477522850037,-0.012667493894696236,0.5627840161323547
4558,36.140193939208984,0.9417765140533447,0.49772003293037415,0.17827412486076355,-0.011844883672893047,0.579422652721405
4559,36.14616775512695,0.9222291111946106,0.5008249878883362,0.17828883230686188,-0.00959092564880848,0.5778040885925293
4560,36.13167953491211,0.9362939596176147,0.5013899803161621,0.17831361293792725,-0.0015936065465211868,0.5669658184051514
4561,36.12896728515625,0.9234622716903687,0.5017499923706055,0.17834481596946716,-0.03500138968229294,0.5627331137657166
4562,36.1271858215332,0.9173209071159363,0.5017350316047668,0.1783757507801056,-0.010639654472470284,0.5631535053253174
4563,36.14505386352539,0.9408854246139526,0.49704501032829285,0.17832303047180176,-0.005931730382144451,0.5564355850219727
4564,36.14303970336914,0.9357483983039856,0.5010049939155579,0.17834095656871796,-0.024277463555336,0.5843126773834229
4565,36.132240295410156,0.9573808312416077,0.5021600127220154,0.17837947607040405,-0.01596364937722683,0.5739996433258057
4566,36.14958190917969,0.9459155201911926,0.5011550188064575,0.17840008437633514,-0.019334763288497925,0.5697926878929138
4567,36.15250778198242,0.945036768913269,0.4986850321292877,0.17837662994861603,-0.012962029315531254,0.5507904291152954
4568,36.13407897949219,0.9321797490119934,0.4989300072193146,0.1783575415611267,-0.01611006073653698,0.5777503252029419
4569,36.134281158447266,0.9509278535842896,0.5010649561882019,0.17837652564048767,-0.005960195790976286,0.5715510845184326
4570,36.13882827758789,0.9262377619743347,0.5020949840545654,0.17841388285160065,-0.017892098054289818,0.557880163192749
4571,36.1329345703125,0.9157778024673462,0.4989300072193146,0.17839479446411133,-0.008602908812463284,0.5701213479042053
4572,36.13178634643555,0.9492233395576477,0.49812498688697815,0.17836134135723114,-0.015305019915103912,0.5684487223625183
4573,36.126792907714844,0.9393527507781982,0.49634498357772827,0.17829614877700806,-0.043937016278505325,0.5779955387115479
4574,36.140899658203125,0.9402622580528259,0.4996500313282013,0.17828990519046783,0.006505685392767191,0.5713202953338623
4575,36.148128509521484,0.9402962923049927,0.4998900294303894,0.17828795313835144,0.016996968537569046,0.5796984434127808
4576,36.129676818847656,0.9426515698432922,0.4982050061225891,0.17825594544410706,-0.01118133869022131,0.5844377875328064
4577,36.13852310180664,0.9393889904022217,0.4975249767303467,0.17821183800697327,-0.020711904391646385,0.5786924362182617
4578,36.15271759033203,0.9351246953010559,0.5016700029373169,0.17824159562587738,-0.008258495479822159,0.573121964931488
4579,36.146183013916016,0.9293145537376404,0.4987249970436096,0.17821887135505676,-0.007277744356542826,0.5682352185249329
4580,36.142208099365234,0.9458359479904175,0.4984849989414215,0.1781918704509735,-0.00041558267548680305,0.5774887800216675
4581,36.117759704589844,0.9090389013290405,0.4987100064754486,0.1781688928604126,-0.02992926351726055,0.5776968002319336
4582,36.154945373535156,0.9525439143180847,0.5005899667739868,0.17817941308021545,-0.017389940097928047,0.5687006115913391
4583,36.1279182434082,0.9179663062095642,0.49849000573158264,0.17815251648426056,-0.005670203361660242,0.5627537965774536
4584,36.129268646240234,0.9271609783172607,0.49970000982284546,0.17814718186855316,-0.022558484226465225,0.5873370170593262
4585,36.13606262207031,0.92493736743927,0.4983700215816498,0.17811813950538635,-0.002770420163869858,0.5775567293167114
4586,36.15651321411133,0.9589695930480957,0.4989300072193146,0.17809908092021942,-0.03136391565203667,0.5723093748092651
4587,36.133567810058594,0.944152295589447,0.5007299780845642,0.17811207473278046,-0.038572486490011215,0.5777252912521362
4588,36.13790512084961,0.9543964862823486,0.5021550059318542,0.1781504601240158,-0.02705441601574421,0.5802747011184692
4589,36.140525817871094,0.9381594657897949,0.5008749961853027,0.17816604673862457,-0.00920449011027813,0.5671328902244568
4590,36.14090347290039,0.9420290589332581,0.49775999784469604,0.17812614142894745,0.004571749363094568,0.5836303234100342
4591,36.130619049072266,0.9393765330314636,0.5016649961471558,0.1781558096408844,-0.010348501615226269,0.5552139282226562
4592,36.14246368408203,0.9303145408630371,0.5009049773216248,0.17817193269729614,-0.014476170763373375,0.5532308220863342
4593,36.154598236083984,0.9522135853767395,0.49895498156547546,0.17815332114696503,-0.006067401729524136,0.5798451900482178
4594,36.129425048828125,0.9185709953308105,0.5011199712753296,0.17817328870296478,-0.042027126997709274,0.5618185997009277
4595,36.145816802978516,0.9582700133323669,0.4994499683380127,0.17816348373889923,-0.0026956272777169943,0.5774355530738831
4596,36.139434814453125,0.919029176235199,0.5016099810600281,0.17819218337535858,-0.011195976287126541,0.5785256624221802
4597,36.14192581176758,0.9367802739143372,0.4982749819755554,0.17816144227981567,-0.021720943972468376,0.5759000778198242
4598,36.12736511230469,0.9440590143203735,0.5019350051879883,0.17819590866565704,-0.03872815892100334,0.5699070692062378
4599,36.12472152709961,0.9244809150695801,0.49857497215270996,0.17817051708698273,-0.02336212620139122,0.5693195462226868
4600,36.15763473510742,0.9569922089576721,0.5003550052642822,0.1781768500804901,-0.022342899814248085,0.5725191831588745
4601,36.14099884033203,0.9462003111839294,0.5019450187683105,0.178211510181427,0.0006583404610864818,0.581845223903656
4602,36.13456726074219,0.9549188017845154,0.4988750219345093,0.17819146811962128,-0.02667694166302681,0.5747705101966858
4603,36.14748764038086,0.9393882751464844,0.4986100196838379,0.1781667023897171,-0.0036545416805893183,0.5698922872543335
4604,36.15726089477539,0.9628421664237976,0.5005599856376648,0.17817668616771698,-0.0025550308637320995,0.5818997025489807
4605,36.12848663330078,0.9041006565093994,0.49978500604629517,0.17817285656929016,-0.014606098644435406,0.5743932723999023
4606,36.135807037353516,0.947720468044281,0.5026099681854248,0.17821934819221497,-0.008901621215045452,0.5923899412155151
4607,36.15091323852539,0.9377093315124512,0.49985000491142273,0.17821666598320007,-0.01658056303858757,0.5662888884544373
4608,36.132598876953125,0.920654296875,0.4994349479675293,0.17820659279823303,-0.014272092841565609,0.561421275138855
4609,36.123207092285156,0.9174712300300598,0.5011249780654907,0.17822664976119995,-0.00846128724515438,0.5912025570869446
4610,36.14696502685547,0.9346176385879517,0.5002650022506714,0.1782313734292984,-0.03783569484949112,0.5574567317962646
4611,36.14503860473633,0.9250794649124146,0.4982049763202667,0.1781993806362152,-0.01541153620928526,0.5699574947357178
4612,36.13597869873047,0.938238263130188,0.4965150058269501,0.17813727259635925,-0.00958933960646391,0.5727695226669312
4613,36.13368606567383,0.9388868808746338,0.49951499700546265,0.17812862992286682,-0.009304353035986423,0.5660152435302734
4614,36.1444206237793,0.9342759847640991,0.5008099675178528,0.17814305424690247,-0.0010773793328553438,0.5783389210700989
4615,36.14068603515625,0.929569661617279,0.49728500843048096,0.17809468507766724,-0.020874621346592903,0.5696576833724976
4616,36.1411247253418,0.941624104976654,0.49853500723838806,0.1780685931444168,-0.020668497309088707,0.570685088634491
4617,36.13469696044922,0.9278856515884399,0.5006300210952759,0.17807979881763458,-0.015429632738232613,0.5627997517585754
4618,36.14726257324219,0.9197719693183899,0.5004299879074097,0.17808745801448822,-0.02397025376558304,0.5808802843093872
4619,36.1381950378418,0.941769003868103,0.498989999294281,0.17806947231292725,-0.005540157668292522,0.5796887278556824
4620,36.13393783569336,0.9365844130516052,0.49885499477386475,0.17804908752441406,-0.02552512101829052,0.5718600153923035
4621,36.13447570800781,0.9197380542755127,0.49966999888420105,0.1780432015657425,-0.012949450872838497,0.5705694556236267
4622,36.14344024658203,0.9307194352149963,0.5023199915885925,0.17808450758457184,-0.016882961615920067,0.5770120024681091
4623,36.140892028808594,0.9492352604866028,0.5001400113105774,0.1780869960784912,-0.005456583108752966,0.5729531645774841
4624,36.11724853515625,0.927570641040802,0.5020149946212769,0.178122878074646,0.000395969400415197,0.5751998424530029
4625,36.143798828125,0.9268854260444641,0.5034950375556946,0.1781851351261139,-0.010106838308274746,0.5763313174247742
4626,36.13887405395508,0.9190705418586731,0.4980100095272064,0.17814967036247253,-0.007855375297367573,0.5710687041282654
4627,36.129852294921875,0.9260147213935852,0.4990350306034088,0.17813247442245483,-0.01743704453110695,0.5694054961204529
4628,36.135746002197266,0.9363142251968384,0.49738001823425293,0.1780858039855957,-0.01529262401163578,0.5767815709114075
4629,36.14341735839844,0.9234275817871094,0.4994699954986572,0.17807637155056,-0.003604889614507556,0.5693598389625549
4630,36.14234924316406,0.9318424463272095,0.5005899667739868,0.17808687686920166,-0.01742701232433319,0.562709629535675
4631,36.15292739868164,0.940104603767395,0.499004989862442,0.17806915938854218,-0.0042704506777226925,0.5733614563941956
4632,36.13614273071289,0.9308174252510071,0.5010800361633301,0.17808839678764343,0.006659198086708784,0.5761896371841431
4633,36.13944625854492,0.927730143070221,0.5005849599838257,0.17809882760047913,-0.013112771324813366,0.5761509537696838
4634,36.14434814453125,0.9270800948143005,0.49930500984191895,0.17808644473552704,-0.018356861546635628,0.5656164884567261
4635,36.13608169555664,0.93269944190979,0.4988749623298645,0.1780664026737213,-0.000828172720503062,0.5762486457824707
4636,36.12004852294922,0.9387307167053223,0.4991750121116638,0.17805171012878418,-0.041835539042949677,0.5695490837097168
4637,36.14166259765625,0.9314669966697693,0.5003550052642822,0.17805802822113037,-0.032660432159900665,0.5725138783454895
4638,36.147090911865234,0.9397990107536316,0.5024999976158142,0.1781025379896164,-0.0040444741025567055,0.5806295275688171
4639,36.1190071105957,0.9145546555519104,0.5005650520324707,0.17811259627342224,-0.01708153635263443,0.5895044207572937
4640,36.12883758544922,0.928309977054596,0.4997749924659729,0.1781085878610611,-0.009836201556026936,0.5864309072494507
4641,36.13871383666992,0.9132193326950073,0.4993650019168854,0.17809727787971497,-0.015390805900096893,0.5791093707084656
4642,36.14707565307617,0.9481280446052551,0.4998849630355835,0.1780952364206314,-0.014342539012432098,0.5548321008682251
4643,36.13179397583008,0.9324163198471069,0.5024949908256531,0.17813967168331146,-0.014100396074354649,0.5826147198677063
4644,36.14332580566406,0.942035973072052,0.4989199936389923,0.1781204342842102,-0.004997583106160164,0.5722639560699463
4645,36.132110595703125,0.9223825335502625,0.501954972743988,0.17815525829792023,-0.017643040046095848,0.5701020359992981
4646,36.132686614990234,0.927375316619873,0.5009250044822693,0.17817173898220062,-0.013054764829576015,0.575619101524353
4647,36.129024505615234,0.9146023988723755,0.5027199983596802,0.1782202124595642,-0.012100116349756718,0.5911006331443787
4648,36.14124298095703,0.9158591032028198,0.49713003635406494,0.17816905677318573,-0.0062413993291556835,0.5649809837341309
4649,36.14133834838867,0.9377299547195435,0.5021600127220154,0.17820754647254944,-0.002643844811245799,0.5725148320198059
4650,36.12407684326172,0.9148222804069519,0.4991750121116638,0.1781928390264511,-0.012507790699601173,0.5864555835723877
4651,36.13973617553711,0.9271751046180725,0.5007649660110474,0.17820647358894348,-0.015031808987259865,0.5813964605331421
4652,36.14622497558594,0.9455907940864563,0.49839502573013306,0.1781778633594513,-0.016589252278208733,0.5771716237068176
4653,36.14287567138672,0.9218767881393433,0.5013250112533569,0.17820148169994354,-0.018253453075885773,0.5867258310317993
4654,36.13667297363281,0.9270522594451904,0.4995550215244293,0.17819355428218842,-0.009080471470952034,0.5688954591751099
4655,36.14678192138672,0.9584537148475647,0.4999000132083893,0.17819176614284515,-0.001474543591029942,0.5702301263809204
4656,36.12808609008789,0.9261033535003662,0.49933502078056335,0.17817991971969604,-0.02371867001056671,0.5708613395690918
4657,36.136253356933594,0.9352038502693176,0.49831002950668335,0.17814980447292328,-0.02545979805290699,0.5889713168144226
4658,36.145599365234375,0.9476743340492249,0.4994699954986572,0.17814035713672638,-0.016344431787729263,0.5630549788475037
4659,36.141746520996094,0.9320037364959717,0.5023850202560425,0.17818285524845123,-0.004382774233818054,0.5851644277572632
4660,36.14066696166992,0.9300582408905029,0.5023750066757202,0.17822517454624176,-0.018953610211610794,0.5577791333198547
4661,36.1407585144043,0.9518131017684937,0.4979200065135956,0.17818810045719147,-0.015425224788486958,0.5735210180282593
4662,36.1357536315918,0.9410286545753479,0.4975999891757965,0.17814533412456512,-0.018089983612298965,0.569427490234375
4663,36.145145416259766,0.9515143036842346,0.4986700117588043,0.1781216412782669,-0.016754383221268654,0.5881289839744568
4664,36.13474655151367,0.9176034331321716,0.5025350451469421,0.17816680669784546,-0.023393286392092705,0.5823673009872437
4665,36.141326904296875,0.9360435009002686,0.5014300346374512,0.17819228768348694,-0.01607150211930275,0.565071165561676
4666,36.134361267089844,0.9231756329536438,0.4988050162792206,0.17817099392414093,-0.01223041769117117,0.572920024394989
4667,36.14013671875,0.9332447648048401,0.5040500164031982,0.17824314534664154,-0.020802637562155724,0.5733070969581604
4668,36.14128112792969,0.9292988777160645,0.49843502044677734,0.17821525037288666,-0.0023341993801295757,0.5561323165893555
4669,36.14877700805664,0.946578323841095,0.5005199909210205,0.17822451889514923,-0.002243230352178216,0.58327716588974
4670,36.13295364379883,0.9481772184371948,0.5005499720573425,0.1782343089580536,-0.028585610911250114,0.5709530115127563
4671,36.149391174316406,0.934972882270813,0.498960018157959,0.17821577191352844,-0.004906699527055025,0.5685592293739319
4672,36.14394760131836,0.9185894727706909,0.5001699924468994,0.178218811750412,-0.011190745048224926,0.5593842267990112
4673,36.14091110229492,0.9533351063728333,0.4974850118160248,0.1781739890575409,-0.0332525409758091,0.587178111076355
4674,36.129817962646484,0.9246159195899963,0.4990500211715698,0.17815706133842468,-0.016628315672278404,0.5820809006690979
4675,36.14958190917969,0.9394027590751648,0.5023599863052368,0.17819911241531372,-0.022191064432263374,0.5646755695343018
4676,36.14442825317383,0.9276071190834045,0.5003300309181213,0.1782049983739853,-0.0185965858399868,0.5718122124671936
4677,36.13047409057617,0.9287823438644409,0.4995400309562683,0.17819680273532867,-0.006095006130635738,0.5742490887641907
4678,36.14262771606445,0.938508927822113,0.4967149794101715,0.17813827097415924,-0.011184162460267544,0.5849441289901733
4679,36.1467399597168,0.9225753545761108,0.49941501021385193,0.17812785506248474,0.004605777096003294,0.5695879459381104
4680,36.140262603759766,0.9506000280380249,0.4999949634075165,0.17812776565551758,-0.025414645671844482,0.5601615309715271
4681,36.14111328125,0.9452725052833557,0.501395046710968,0.17815260589122772,-0.026274163275957108,0.5838536024093628
4682,36.15763473510742,0.9372727274894714,0.4975849986076355,0.17810958623886108,0.016618819907307625,0.5730270147323608
4683,36.14285659790039,0.943905234336853,0.5026350617408752,0.1781565099954605,-0.0202107522636652,0.5739714503288269
4684,36.136985778808594,0.9324073195457458,0.5027199983596802,0.1782049685716629,-0.024289537221193314,0.5814653038978577
4685,36.136688232421875,0.9507688879966736,0.4997900426387787,0.17820122838020325,-0.020456643775105476,0.5771734714508057
4686,36.136497497558594,0.9388518929481506,0.5002000331878662,0.17820480465888977,-0.009799311868846416,0.5762340426445007
4687,36.15022277832031,0.9418743252754211,0.500059962272644,0.17820586264133453,-0.017029251903295517,0.5766150951385498
4688,36.137298583984375,0.9305660128593445,0.49977004528045654,0.17820176482200623,-0.008070053532719612,0.5641295909881592
4689,36.12777328491211,0.9321054816246033,0.4993250370025635,0.1781897395849228,-0.017486190423369408,0.564490795135498
4690,36.14453125,0.9386323094367981,0.4993700087070465,0.17817851901054382,0.004484714474529028,0.6005102396011353
4691,36.15053176879883,0.9490911364555359,0.4996449947357178,0.17817218601703644,-0.008341831155121326,0.5862138271331787
4692,36.137664794921875,0.9349657297134399,0.5008000135421753,0.17818643152713776,-0.026082312688231468,0.5872111916542053
4693,36.13825988769531,0.9369040727615356,0.4990600347518921,0.17816968262195587,-0.005736541002988815,0.5706183910369873
4694,36.15143966674805,0.9544379711151123,0.5005000233650208,0.1781785786151886,-0.0031622915994375944,0.5635029077529907
4695,36.143951416015625,0.9445054531097412,0.5002999901771545,0.1781839281320572,-0.00027049065101891756,0.575710654258728
4696,36.120819091796875,0.9239262938499451,0.5018900036811829,0.1782175898551941,-0.01448305044323206,0.5808692574501038
4697,36.14836883544922,0.9300906658172607,0.4980449974536896,0.17818275094032288,-0.011047390289604664,0.575175404548645
4698,36.14109420776367,0.9402902722358704,0.4994649887084961,0.1781732141971588,0.008638246916234493,0.5682520270347595
4699,36.126834869384766,0.9576674699783325,0.5006099939346313,0.17818409204483032,-0.00799435656517744,0.585828423500061
4700,36.143150329589844,0.9222020506858826,0.5015000104904175,0.1782108098268509,-0.018192309886217117,0.5699613690376282
4701,36.145328521728516,0.9455255270004272,0.5008450150489807,0.17822587490081787,-0.02341652661561966,0.5773321390151978
4702,36.13479995727539,0.9319948554039001,0.4999599754810333,0.17822515964508057,-0.019357681274414062,0.5929819345474243
4703,36.14316940307617,0.936029314994812,0.5015649795532227,0.17825305461883545,-0.01290256716310978,0.5943609476089478
4704,36.14043045043945,0.9257434010505676,0.4985499978065491,0.17822720110416412,-0.027482839301228523,0.5801224112510681
4705,36.132904052734375,0.9216014742851257,0.5009850263595581,0.17824475467205048,-0.014487473294138908,0.5670891404151917
4706,36.133243560791016,0.9229692220687866,0.49857503175735474,0.17821934819221497,0.0034421740565449,0.5845228433609009
4707,36.148895263671875,0.9282123446464539,0.5001099705696106,0.17822130024433136,-0.0017802396323531866,0.5641892552375793
4708,36.13567352294922,0.9419875741004944,0.4994850158691406,0.17821212112903595,-0.034163665026426315,0.5805612206459045
4709,36.13245391845703,0.9197347164154053,0.4994850158691406,0.17820294201374054,-0.014756901189684868,0.5703427195549011
4710,36.1572265625,0.9461484551429749,0.49619996547698975,0.1781352311372757,-0.0035811024717986584,0.5731691122055054
4711,36.1301155090332,0.9152587652206421,0.4991599917411804,0.17812027037143707,-0.03611701354384422,0.5782458186149597
4712,36.13700485229492,0.9440740942955017,0.5008149743080139,0.17813479900360107,-0.0159144327044487,0.5542188286781311
4713,36.152374267578125,0.9418078660964966,0.5021100044250488,0.17817237973213196,0.00891791470348835,0.5719749927520752
4714,36.14057540893555,0.9309338927268982,0.49893996119499207,0.17815349996089935,-0.013005389831960201,0.5684629082679749
4715,36.128448486328125,0.928384006023407,0.5002599954605103,0.17815813422203064,-0.021041996777057648,0.583326518535614
4716,36.14762878417969,0.9344019293785095,0.49840497970581055,0.17812971770763397,-0.032884325832128525,0.5644530057907104
4717,36.15663146972656,0.9403603672981262,0.49992501735687256,0.17812837660312653,-0.007586663588881493,0.5739690065383911
4718,36.145835876464844,0.9357102513313293,0.49923500418663025,0.17811475694179535,-0.019912784919142723,0.5784809589385986
4719,36.13405227661133,0.9338688254356384,0.5004599690437317,0.17812295258045197,-0.031379323452711105,0.5561054348945618
4720,36.1458625793457,0.9303222894668579,0.5003300309181213,0.17812883853912354,-0.009159120731055737,0.5777571201324463
4721,36.133140563964844,0.9215949773788452,0.5011849999427795,0.17814993858337402,-0.026704633608460426,0.5734949111938477
4722,36.13140106201172,0.9326902627944946,0.4998599886894226,0.17814745008945465,-0.022828759625554085,0.5924166440963745
4723,36.13705062866211,0.9292842149734497,0.5006899833679199,0.17815974354743958,-0.0033920013811439276,0.5879707932472229
4724,36.13676834106445,0.923835813999176,0.5018799901008606,0.17819324135780334,-0.01849614456295967,0.5757145285606384
4725,36.13641357421875,0.9455617666244507,0.5003399848937988,0.17819929122924805,-0.017556970939040184,0.5737102627754211
4726,36.13518142700195,0.9094741940498352,0.5010150671005249,0.17821739614009857,-0.008026148192584515,0.5736564993858337
4727,36.133750915527344,0.9291887283325195,0.49853500723838806,0.17819128930568695,-0.044964130967855453,0.5714964866638184
4728,36.13789367675781,0.930226743221283,0.5019149780273438,0.17822539806365967,-0.004604563117027283,0.5661095380783081
4729,36.152095794677734,0.9482552409172058,0.49840497970581055,0.1781969666481018,-0.014559408649802208,0.5658568143844604
4730,36.12991714477539,0.924275279045105,0.49930498003959656,0.17818458378314972,-0.02038387954235077,0.5721490383148193
4731,36.12864685058594,0.9338394999504089,0.4995949864387512,0.1781773567199707,-0.017611663788557053,0.5832967162132263
4732,36.13704299926758,0.9185041189193726,0.500415027141571,0.17818474769592285,0.00598016194999218,0.5889289975166321
4733,36.14283752441406,0.9286170601844788,0.4995049834251404,0.1781759262084961,-0.009229408577084541,0.5737523436546326
4734,36.13044738769531,0.9208523035049438,0.5015349984169006,0.178203284740448,-0.006180740427225828,0.5717969536781311
4735,36.13199996948242,0.9161554574966431,0.4988950192928314,0.17818358540534973,0.003134904196485877,0.5940761566162109
4736,36.15543746948242,0.932781457901001,0.4991599917411804,0.1781686246395111,-0.030359020456671715,0.5571654438972473
4737,36.13746643066406,0.9203578233718872,0.5010550618171692,0.17818741500377655,-0.01404761616140604,0.5721070766448975
4738,36.13841247558594,0.9354245662689209,0.499875009059906,0.17818517982959747,-0.03490374609827995,0.5856515765190125
4739,36.136131286621094,0.9149681925773621,0.4983150064945221,0.17815515398979187,0.000322876003338024,0.5758950710296631
4740,36.14649963378906,0.9203241467475891,0.5001000165939331,0.17815694212913513,-0.016714898869395256,0.5774157047271729
4741,36.13751983642578,0.9228010177612305,0.5019749999046326,0.178192138671875,-0.0026677728164941072,0.568824827671051
4742,36.12691116333008,0.9298681020736694,0.49945002794265747,0.17818233370780945,-0.005353746470063925,0.5727952122688293
4743,36.147369384765625,0.9342764019966125,0.49928998947143555,0.17816968262195587,0.006425220984965563,0.5699845552444458
4744,36.13877487182617,0.9374539256095886,0.5026100277900696,0.17821617424488068,-0.019439509138464928,0.5720874071121216
4745,36.13527297973633,0.9357539415359497,0.5017200112342834,0.17824682593345642,-0.024142006412148476,0.5736169815063477
4746,36.123992919921875,0.9280855059623718,0.5005099773406982,0.17825591564178467,-0.016196392476558685,0.5573940277099609
4747,36.12883758544922,0.9243931770324707,0.49961501359939575,0.1782490462064743,-0.011881615035235882,0.5673373937606812
4748,36.137821197509766,0.9256147146224976,0.5000649690628052,0.17825019359588623,-0.008608696050941944,0.5843594074249268
4749,36.136539459228516,0.9363300800323486,0.5011749863624573,0.17827114462852478,0.00617692805826664,0.5788858532905579
4750,36.11207580566406,0.9201119542121887,0.5011749863624573,0.17829209566116333,-0.024541398510336876,0.5727086067199707
4751,36.14604568481445,0.9557471871376038,0.49939000606536865,0.17828121781349182,0.006605171598494053,0.575403094291687
4752,36.14311218261719,0.9298970103263855,0.5003600120544434,0.17828764021396637,0.005941720213741064,0.5599153637886047
4753,36.12617111206055,0.9395390152931213,0.5003250241279602,0.17829343676567078,-0.024497557431459427,0.5852069854736328
4754,36.14631652832031,0.9457257986068726,0.4969950318336487,0.1782398521900177,0.003257906064391136,0.565588116645813
4755,36.17005157470703,0.9536666870117188,0.500415027141571,0.17824724316596985,-0.003231084905564785,0.5474258661270142
4756,36.13825988769531,0.9705634117126465,0.5000500082969666,0.17824813723564148,-0.017526457086205482,0.5803453326225281
4757,36.13129425048828,0.948795735836029,0.498199999332428,0.17821605503559113,-0.04679929465055466,0.581789493560791
4758,36.16017532348633,0.9634982347488403,0.49796998500823975,0.17817987501621246,-0.011285993270576,0.5549408793449402
4759,36.14671325683594,0.942459225654602,0.5022050142288208,0.17821916937828064,-0.03106379136443138,0.5713469386100769
4760,36.11064147949219,0.9606118202209473,0.5023749470710754,0.17826148867607117,-0.006710138637572527,0.5813013315200806
4761,36.14249038696289,0.9409125447273254,0.4982549548149109,0.1782303750514984,-0.021465100347995758,0.5805658102035522
4762,36.153297424316406,0.9525750279426575,0.4986100196838379,0.17820559442043304,-0.008147994987666607,0.5692331790924072
4763,36.13048553466797,0.9201213121414185,0.49809500575065613,0.17817164957523346,-0.021648569032549858,0.5810797810554504
4764,36.14190673828125,0.9410443305969238,0.49751996994018555,0.1781274676322937,-0.029706718400120735,0.576779842376709
4765,36.15680694580078,0.9429367184638977,0.5002050399780273,0.1781311184167862,-0.009440654888749123,0.5777268409729004
4766,36.135318756103516,0.9096016883850098,0.5016700029373169,0.1781608611345291,-0.005960695445537567,0.5844995975494385
4767,36.139678955078125,0.9449390172958374,0.5006250143051147,0.17817199230194092,-0.012494034133851528,0.5862749814987183
4768,36.15582275390625,0.9509932994842529,0.49751996994018555,0.17812781035900116,-0.01989835500717163,0.5692241191864014
4769,36.14228820800781,0.9236224889755249,0.5004850029945374,0.1781364530324936,-0.0003088692610617727,0.5831109881401062
4770,36.14052963256836,0.9371469616889954,0.5020700097084045,0.17817331850528717,-0.014471903443336487,0.5661402940750122
4771,36.1346321105957,0.9248843789100647,0.5022600293159485,0.17821359634399414,-0.03685730695724487,0.5804457664489746
4772,36.12903594970703,0.9266799688339233,0.5005800127983093,0.17822393774986267,-0.023524342104792595,0.5708338618278503
4773,36.13813018798828,0.9399561882019043,0.49969497323036194,0.17821849882602692,-0.032830603420734406,0.5575199127197266
4774,36.11912536621094,0.9195687770843506,0.500694990158081,0.178230881690979,-0.028078466653823853,0.5738131999969482
4775,36.12907409667969,0.9305664300918579,0.5013750195503235,0.1782553791999817,-0.014736992307007313,0.564835786819458
4776,36.133785247802734,0.9354256391525269,0.5006549954414368,0.17826704680919647,-0.014557777903974056,0.5827272534370422
4777,36.132972717285156,0.9352148175239563,0.499970018863678,0.1782665103673935,-0.02829742059111595,0.5875231027603149
4778,36.13606643676758,0.9443475604057312,0.5004649758338928,0.17827479541301727,-0.021986505016684532,0.5683790445327759
4779,36.14802551269531,0.9330137968063354,0.4994699954986572,0.17826534807682037,-0.006744729354977608,0.5742225646972656
4780,36.14521789550781,0.9452429413795471,0.4989500045776367,0.1782466322183609,-0.026992687955498695,0.5761483907699585
4781,36.1309700012207,0.920953631401062,0.5019000172615051,0.17828050255775452,-0.009683968499302864,0.5729419589042664
4782,36.145992279052734,0.9293107986450195,0.4965750277042389,0.17821943759918213,-0.015116860158741474,0.5673679709434509
4783,36.13743209838867,0.9186045527458191,0.5008949637413025,0.17823539674282074,-0.024648496881127357,0.5824521780014038
4784,36.13129425048828,0.9181336164474487,0.49853500723838806,0.17820928990840912,-0.03405177593231201,0.5771385431289673
4785,36.14558792114258,0.915756106376648,0.5018349885940552,0.17824198305606842,0.002650605281814933,0.5798811316490173
4786,36.136722564697266,0.9219440817832947,0.5014399886131287,0.17826765775680542,-0.013686184771358967,0.5610970854759216
4787,36.1351432800293,0.9222185611724854,0.5009600520133972,0.17828476428985596,-0.005404495168477297,0.5638875961303711
4788,36.14398193359375,0.9270530343055725,0.49869999289512634,0.17826159298419952,-0.0035862638615071774,0.5713697671890259
4789,36.13618469238281,0.9241436123847961,0.49978503584861755,0.1782577633857727,0.021967202425003052,0.5733827352523804
4790,36.13222885131836,0.9233168959617615,0.49776002764701843,0.1782178282737732,-0.017075179144740105,0.5839361548423767
4791,36.13164138793945,0.9111613631248474,0.4964999854564667,0.17815545201301575,-0.011098623275756836,0.5457454323768616
4792,36.15054702758789,0.9310524463653564,0.49963003396987915,0.17814885079860687,-0.004685788881033659,0.5764769315719604
4793,36.14479064941406,0.9390156269073486,0.5002750158309937,0.17815375328063965,-0.0185027327388525,0.5802826285362244
4794,36.130035400390625,0.9387386441230774,0.4972650110721588,0.17810502648353577,-0.01473927404731512,0.5731743574142456
4795,36.13631057739258,0.940959095954895,0.4983750283718109,0.17807608842849731,-0.0011834745528176427,0.5679401755332947
4796,36.14293670654297,0.9392925500869751,0.4997299909591675,0.1780712753534317,-0.01335242111235857,0.574646532535553
4797,36.132301330566406,0.9307330846786499,0.5011600255966187,0.17809192836284637,-0.017982617020606995,0.5656747221946716
4798,36.13120651245117,0.9203416109085083,0.5004749894142151,0.1781003773212433,-0.016728542745113373,0.5807995200157166
4799,36.15142822265625,0.9324634671211243,0.4996750056743622,0.17809459567070007,0.00030813313787803054,0.561126708984375
4800,36.149539947509766,0.9302499890327454,0.5002750158309937,0.17809949815273285,-0.029080405831336975,0.5841155052185059
4801,36.13771057128906,0.938757061958313,0.5021750330924988,0.17813824117183685,-0.015461467206478119,0.585005521774292
4802,36.140804290771484,0.9171760678291321,0.49987003207206726,0.1781359314918518,-0.009382005780935287,0.5716419816017151
4803,36.14539337158203,0.9322727918624878,0.4979400038719177,0.17809922993183136,-0.009175319224596024,0.57680743932724
4804,36.12504959106445,0.9218308329582214,0.4985499978065491,0.17807340621948242,-0.007531032897531986,0.5875014066696167
4805,36.13297653198242,0.9328881502151489,0.4996050000190735,0.17806637287139893,-0.03957414999604225,0.5836859941482544
4806,36.151065826416016,0.9280343651771545,0.49999502301216125,0.17806628346443176,0.0022546793334186077,0.5717453956604004
4807,36.13283920288086,0.9214484095573425,0.4995550215244293,0.17805835604667664,-0.03650970011949539,0.5669144988059998
4808,36.12489318847656,0.9077314138412476,0.5000399947166443,0.17805907130241394,-0.0024138137232512236,0.5915032029151917
4809,36.14341735839844,0.9316039085388184,0.4999699890613556,0.17805853486061096,-0.031984295696020126,0.5643350481987
4810,36.13957977294922,0.9374151825904846,0.5002899765968323,0.17806369066238403,-0.01175987720489502,0.5749972462654114
4811,36.134498596191406,0.9397813677787781,0.5004950165748596,0.1780724972486496,-0.014350641518831253,0.5794652104377747
4812,36.142662048339844,0.929688572883606,0.4992149770259857,0.17805851995944977,0.006432525813579559,0.5726215243339539
4813,36.135398864746094,0.9332114458084106,0.5028350353240967,0.17810899019241333,-0.033639468252658844,0.5731402635574341
4814,36.1265869140625,0.9264980554580688,0.501740038394928,0.17813998460769653,-0.010791297070682049,0.5881136059761047
4815,36.12969970703125,0.9269386529922485,0.49947500228881836,0.1781306266784668,-0.007904518395662308,0.5833504796028137
4816,36.137298583984375,0.9351174831390381,0.49740999937057495,0.17808449268341064,-0.003124001668766141,0.5840046405792236
4817,36.14048385620117,0.9208566546440125,0.4999399781227112,0.1780834197998047,-0.0189520176500082,0.5638850331306458
4818,36.129066467285156,0.9224831461906433,0.5008800029754639,0.17809908092021942,-0.009077781811356544,0.5730291604995728
4819,36.1358528137207,0.9340419769287109,0.4982849955558777,0.17806853353977203,0.004833442158997059,0.5716071128845215
4820,36.1555290222168,0.9389382600784302,0.497314989566803,0.17802071571350098,-0.00791942048817873,0.5814754366874695
4821,36.140655517578125,0.9192526936531067,0.49838003516197205,0.17799188196659088,0.009853726252913475,0.5629518032073975
4822,36.141822814941406,0.9521247744560242,0.5003950595855713,0.17799890041351318,-0.033865563571453094,0.5744993090629578
4823,36.13850402832031,0.9214608073234558,0.5006300210952759,0.17801010608673096,-0.02549552172422409,0.5729250907897949
4824,36.15172576904297,0.9376027584075928,0.5018100142478943,0.17804232239723206,0.002449570456519723,0.5678877830505371
4825,36.12244415283203,0.9040757417678833,0.5012000203132629,0.17806369066238403,-0.00818704254925251,0.5659273266792297
4826,36.12735366821289,0.9344985485076904,0.4988950192928314,0.17804400622844696,-0.032609883695840836,0.5741154551506042
4827,36.14842224121094,0.9415178298950195,0.49887001514434814,0.17802388966083527,-0.017141932621598244,0.5768095850944519
4828,36.14366149902344,0.9380114674568176,0.5025700330734253,0.17806965112686157,-0.01736775040626526,0.5792887806892395
4829,36.12272262573242,0.9250785112380981,0.49917998909950256,0.1780550479888916,-0.015248756855726242,0.5777873992919922
4830,36.13752365112305,0.9228211641311646,0.5005300045013428,0.1780644953250885,-0.026047589257359505,0.5758007764816284
4831,36.15156173706055,0.9387689828872681,0.5029500126838684,0.178117036819458,-0.030575554817914963,0.5681381225585938
4832,36.1414794921875,0.9389569759368896,0.4994100332260132,0.17810653150081635,-0.03179510682821274,0.5782911777496338
4833,36.13343048095703,0.9367083311080933,0.49800002574920654,0.17807091772556305,-0.013751635327935219,0.5719590783119202
4834,36.152400970458984,0.925800085067749,0.4980299770832062,0.17803584039211273,0.0022647606674581766,0.5769708156585693
4835,36.14616012573242,0.936890721321106,0.49753499031066895,0.17799195647239685,0.0017792187863960862,0.5622954368591309
4836,36.13874435424805,0.9436248540878296,0.5005800127983093,0.1780022829771042,-0.030512483790516853,0.5888018608093262
4837,36.14960479736328,0.9591946005821228,0.5003700256347656,0.17800885438919067,-0.012785551138222218,0.5707989931106567
4838,36.1359977722168,0.9196191430091858,0.5005849599838257,0.17801927030086517,-0.014846847392618656,0.5795867443084717
4839,36.136260986328125,0.9602057933807373,0.4975949823856354,0.17797645926475525,-0.02476254664361477,0.5699514150619507
4840,36.13625717163086,0.9274333119392395,0.5003899931907654,0.17798340320587158,-0.014700783416628838,0.5637157559394836
4841,36.131591796875,0.9140596985816956,0.4999900162220001,0.17798322439193726,-0.02386719547212124,0.5740393400192261
4842,36.15330505371094,0.9533444046974182,0.5012099742889404,0.17800475656986237,-0.022633137181401253,0.5668936967849731
4843,36.15012741088867,0.9382597804069519,0.5008800029754639,0.1780204176902771,-0.015428238548338413,0.550495445728302
4844,36.13905715942383,0.931058943271637,0.5022199749946594,0.17805993556976318,0.010599871166050434,0.5898250937461853
4845,36.12522506713867,0.9372388124465942,0.5016099810600281,0.17808860540390015,-0.012654129415750504,0.5697327852249146
4846,36.148563385009766,0.925540030002594,0.5010650157928467,0.17810755968093872,-0.004231684375554323,0.5667464137077332
4847,36.14152526855469,0.9285953640937805,0.5010900497436523,0.1781269609928131,0.003076359396800399,0.5643088221549988
4848,36.134098052978516,0.930965781211853,0.5014100074768066,0.17815208435058594,-0.0015843387227505445,0.5738868117332458
4849,36.12455368041992,0.8953384160995483,0.4984000027179718,0.1781235784292221,-0.03921732306480408,0.5537092089653015
4850,36.145301818847656,0.933679461479187,0.5023350119590759,0.17816518247127533,0.011039000004529953,0.5783724784851074
4851,36.13536834716797,0.918889045715332,0.49838000535964966,0.17813631892204285,-0.017503930255770683,0.5713298916816711
4852,36.14104461669922,0.937874972820282,0.4998449981212616,0.17813356220722198,0.01151995174586773,0.5880535840988159
4853,36.149635314941406,0.9404080510139465,0.4986100196838379,0.1781087964773178,-0.013820086605846882,0.569232165813446
4854,36.1473274230957,0.9232456088066101,0.5003150105476379,0.1781143993139267,0.006222686264663935,0.5649591088294983
4855,36.14399337768555,0.9449061751365662,0.49939998984336853,0.1781037151813507,-0.030521802604198456,0.5711204409599304
4856,36.14402389526367,0.9186204671859741,0.5021800398826599,0.17814254760742188,-0.021171700209379196,0.5704963207244873
4857,36.148128509521484,0.950628399848938,0.5017099976539612,0.1781730055809021,-0.020760493353009224,0.5730782151222229
4858,36.15128707885742,0.9419132471084595,0.500374972820282,0.17817969620227814,-0.0024559309240430593,0.5549999475479126
4859,36.13592529296875,0.931209921836853,0.4986100196838379,0.17815493047237396,0.001162927714176476,0.5689203143119812
4860,36.13985061645508,0.9377915263175964,0.4971050024032593,0.17810335755348206,0.005259832367300987,0.5731390118598938
4861,36.1494140625,0.9249663949012756,0.5018050074577332,0.17813549935817719,-0.01571878232061863,0.5636262893676758
4862,36.136566162109375,0.9327123165130615,0.49810001254081726,0.17810164391994476,-0.014353631064295769,0.5709502100944519
4863,36.14346694946289,0.9401682615280151,0.5004500150680542,0.17810967564582825,0.010758506134152412,0.5686559677124023
4864,36.135009765625,0.9182980060577393,0.500499963760376,0.17811857163906097,-0.011318942531943321,0.5561696887016296
4865,36.1442985534668,0.9501112103462219,0.5031099915504456,0.1781739741563797,-0.00910309050232172,0.5715075731277466
4866,36.14051055908203,0.9351738691329956,0.5000450015068054,0.17817477881908417,-0.03561151400208473,0.5874068140983582
4867,36.133026123046875,0.9183692336082458,0.5012450218200684,0.1781969517469406,0.0010371762327849865,0.5775682926177979
4868,36.14254379272461,0.940315842628479,0.499985009431839,0.17819668352603912,-0.015684040263295174,0.5830185413360596
4869,36.13363265991211,0.9192647933959961,0.5001749992370605,0.17819981276988983,0.006620300468057394,0.5953039526939392
4870,36.14686584472656,0.9290173053741455,0.5002099871635437,0.1782035529613495,-0.019601700827479362,0.5586258172988892
4871,36.13267517089844,0.9248058795928955,0.49878498911857605,0.17818190157413483,-0.0171015877276659,0.5804204940795898
4872,36.13014221191406,0.9241817593574524,0.49817004799842834,0.1781492978334427,-0.014618023298680782,0.5834255814552307
4873,36.15071105957031,0.9382670521736145,0.5009050369262695,0.17816542088985443,-0.0022387525532394648,0.5860838294029236
4874,36.1411018371582,0.9243686199188232,0.49965497851371765,0.17815926671028137,-0.028639383614063263,0.5600835084915161
4875,36.14807891845703,0.9498550891876221,0.4993250072002411,0.17814724147319794,-0.02440943568944931,0.5752938985824585
4876,36.13997268676758,0.9233991503715515,0.4999450147151947,0.17814625799655914,0.007107535842806101,0.5567547678947449
4877,36.144866943359375,0.9242886304855347,0.4984950125217438,0.1781194508075714,-0.009612268768250942,0.5668154358863831
4878,36.143795013427734,0.9222107529640198,0.5002000331878662,0.17812301218509674,-0.011996526271104813,0.5778141021728516
4879,36.144187927246094,0.9254106283187866,0.4973600208759308,0.17807598412036896,-0.006232631392776966,0.5664944648742676
4880,36.148155212402344,0.9346534609794617,0.4988050162792206,0.17805470526218414,7.202816050266847e-05,0.5840533971786499
4881,36.135799407958984,0.9326573014259338,0.49856001138687134,0.17802906036376953,-0.02473272942006588,0.5844881534576416
4882,36.1390495300293,0.9335446357727051,0.4977799952030182,0.17798952758312225,-0.026650913059711456,0.5727865695953369
4883,36.14814376831055,0.941980242729187,0.49988001585006714,0.17798739671707153,-0.030895886942744255,0.5811042189598083
4884,36.129371643066406,0.9320257902145386,0.5013350248336792,0.17801116406917572,0.0022807999048382044,0.5772780179977417
4885,36.13203048706055,0.9203524589538574,0.5013999938964844,0.17803607881069183,-0.03654637932777405,0.5541825294494629
4886,36.12907791137695,0.9306445121765137,0.501675009727478,0.17806589603424072,-0.029448160901665688,0.574117124080658
4887,36.131858825683594,0.9122477769851685,0.5002950429916382,0.17807115614414215,-0.019620981067419052,0.5729060173034668
4888,36.141387939453125,0.9357604384422302,0.5003299713134766,0.17807704210281372,-0.02648438699543476,0.5732618570327759
4889,36.13762283325195,0.9297783970832825,0.49867501854896545,0.17805345356464386,-0.017942002043128014,0.5620083808898926
4890,36.145381927490234,0.9304333329200745,0.5014950037002563,0.17808006703853607,-0.0034373595844954252,0.5625485181808472
4891,36.134029388427734,0.929873526096344,0.5005800127983093,0.1780904084444046,-0.011771081015467644,0.5780230164527893
4892,36.13429641723633,0.9350717067718506,0.5019950270652771,0.17812594771385193,-0.01078436616808176,0.5683991312980652
4893,36.1422233581543,0.9266021251678467,0.5018050074577332,0.17815808951854706,-0.015154967084527016,0.5766697525978088
4894,36.14078140258789,0.9424257278442383,0.49940499663352966,0.17814749479293823,-0.025204241275787354,0.5608746409416199
4895,36.12263488769531,0.9138983488082886,0.501039981842041,0.17816601693630219,-0.043108340352773666,0.5790672302246094
4896,36.14360046386719,0.9290938377380371,0.49961501359939575,0.17815916240215302,-0.02646787092089653,0.5775036215782166
4897,36.14863586425781,0.9315312504768372,0.5003450512886047,0.17816530168056488,-0.024753423407673836,0.5846227407455444
4898,36.13384246826172,0.9452058672904968,0.4978249967098236,0.17812654376029968,-0.021311433985829353,0.5907230377197266
4899,36.131622314453125,0.9368201494216919,0.4976300001144409,0.1780843287706375,-0.007205336820334196,0.5840086340904236
4900,36.14801025390625,0.9284170269966125,0.5007399916648865,0.17809751629829407,-0.008199656382203102,0.5750323534011841
4901,36.132041931152344,0.9450780749320984,0.49877500534057617,0.17807570099830627,-0.009890574030578136,0.5582019090652466
4902,36.1399040222168,0.9374538064002991,0.5001000165939331,0.17807748913764954,-0.019862323999404907,0.5651618838310242
4903,36.144798278808594,0.9392580389976501,0.49751999974250793,0.17803332209587097,-0.019846685230731964,0.5781844258308411
4904,36.14207458496094,0.9587442874908447,0.5013349652290344,0.17805708944797516,-0.021028123795986176,0.5587478876113892
4905,36.14521789550781,0.9422951936721802,0.5005599856376648,0.17806705832481384,-0.025168301537632942,0.572117030620575
4906,36.14000701904297,0.9287128448486328,0.4992149770259857,0.178053081035614,-0.01569528505206108,0.5712897777557373
4907,36.13924789428711,0.9547519087791443,0.4983449876308441,0.17802360653877258,-0.006405630148947239,0.5781301856040955
4908,36.14228820800781,0.9281245470046997,0.4992450177669525,0.17801016569137573,-0.010092752054333687,0.5647056698799133
4909,36.15506362915039,0.9482346773147583,0.4987799823284149,0.1779884397983551,-0.03729317709803581,0.5620303153991699
4910,36.11833572387695,0.9165704250335693,0.5008699893951416,0.1780039221048355,-0.02570376917719841,0.579308032989502
4911,36.1455078125,0.9468952417373657,0.5022550225257874,0.17804406583309174,-0.007933580316603184,0.5723837614059448
4912,36.14192581176758,0.9396528601646423,0.5022950172424316,0.17808492481708527,-0.02506214939057827,0.5821588039398193
4913,36.12855529785156,0.9230164289474487,0.5002700090408325,0.17808972299098969,-0.01900688000023365,0.5718408226966858
4914,36.13235092163086,0.9342197179794312,0.49732500314712524,0.17804208397865295,-0.02653121016919613,0.5856227874755859
4915,36.14539337158203,0.9266248941421509,0.5003650188446045,0.17804858088493347,0.00620390335097909,0.5605551600456238
4916,36.14071273803711,0.9259446859359741,0.5008049607276917,0.17806290090084076,-0.004867087583988905,0.5783111453056335
4917,36.13072967529297,0.9459361433982849,0.5020850300788879,0.17810001969337463,-0.020667752251029015,0.5901203751564026
4918,36.13936996459961,0.9347336292266846,0.49963003396987915,0.17809343338012695,-0.005705367773771286,0.5689802169799805
4919,36.14394760131836,0.9296003580093384,0.5019400119781494,0.1781279742717743,0.006856847088783979,0.5858469009399414
4920,36.12614440917969,0.9274486899375916,0.4995950162410736,0.17812076210975647,-0.0332866907119751,0.5885269641876221
4921,36.12803268432617,0.9141568541526794,0.5003800392150879,0.17812754213809967,0.0033984449692070484,0.5695149302482605
4922,36.1566162109375,0.9406324028968811,0.4969500005245209,0.1780732125043869,0.003997338004410267,0.5675804018974304
4923,36.1362190246582,0.9377285242080688,0.5006049871444702,0.17808400094509125,-0.013986704871058464,0.5569611191749573
4924,36.13610076904297,0.9311922788619995,0.4992000460624695,0.17806975543498993,-0.01950289122760296,0.5784662365913391
4925,36.134342193603516,0.9200581908226013,0.5001349449157715,0.17807215452194214,-0.006761511787772179,0.5740432739257812
4926,36.15127944946289,0.9452064037322998,0.49904000759124756,0.1780550628900528,-0.02157990261912346,0.5670931935310364
4927,36.13241195678711,0.914589524269104,0.498740017414093,0.17803262174129486,-0.026302838698029518,0.5627511739730835
4928,36.14531326293945,0.9443174004554749,0.5014399886131287,0.17805826663970947,-0.016239387914538383,0.5595120191574097
4929,36.1369743347168,0.9433949589729309,0.499875009059906,0.1780560314655304,-0.018991755321621895,0.5703651905059814
4930,36.123756408691406,0.920581042766571,0.4996649920940399,0.17805007100105286,-0.01648613065481186,0.5779879689216614
4931,36.14033126831055,0.954160213470459,0.49930500984191895,0.17803770303726196,-0.015629824250936508,0.5690455436706543
4932,36.151554107666016,0.9436526298522949,0.5010900497436523,0.17805710434913635,-0.0108330138027668,0.5712835788726807
4933,36.13814163208008,0.9260772466659546,0.49977999925613403,0.17805318534374237,-0.024583864957094193,0.5828010439872742
4934,36.12702560424805,0.9220602512359619,0.5007249712944031,0.17806608974933624,-0.034419797360897064,0.5885018110275269
4935,36.1422233581543,0.9162278175354004,0.4992849826812744,0.1780533492565155,-0.03369402140378952,0.5688756704330444
4936,36.147300720214844,0.9326805472373962,0.4987899959087372,0.1780318021774292,-0.013669628649950027,0.5623283982276917
4937,36.12641525268555,0.9161715507507324,0.5042450428009033,0.1781073808670044,-0.035959333181381226,0.5783928036689758
4938,36.14669418334961,0.9330273866653442,0.5047099590301514,0.17819127440452576,-0.02163022942841053,0.5840775370597839
4939,36.146087646484375,0.9371224045753479,0.5008749961853027,0.17820686101913452,-0.016636669635772705,0.5711458325386047
4940,36.13294219970703,0.9112043380737305,0.4974450170993805,0.17816132307052612,-0.008816365152597427,0.5667172074317932
4941,36.13240051269531,0.9229542016983032,0.49808502197265625,0.1781271994113922,-0.005147170275449753,0.5714219212532043
4942,36.14289855957031,0.9299396872520447,0.5002700686454773,0.17813201248645782,-0.020528430119156837,0.580981969833374
4943,36.13176727294922,0.933824896812439,0.4982599914073944,0.17810101807117462,-0.0370924137532711,0.5728747844696045
4944,36.12504196166992,0.9281004667282104,0.5003300309181213,0.1781069040298462,-0.008497688919305801,0.5653449892997742
4945,36.14987564086914,0.9364538192749023,0.5004100203514099,0.17811420559883118,-0.000977653544396162,0.585618793964386
4946,36.145076751708984,0.928734302520752,0.4981450140476227,0.17808116972446442,-0.028514008969068527,0.5722139477729797
4947,36.13371276855469,0.9363300204277039,0.5010249614715576,0.17809942364692688,-0.03591103479266167,0.5869126915931702
4948,36.131103515625,0.9137161374092102,0.5003249645233154,0.1781052201986313,-0.010945457965135574,0.574682354927063
4949,36.14921951293945,0.9416168928146362,0.5003349781036377,0.17811118066310883,-0.03377046436071396,0.588182270526886
4950,36.140987396240234,0.9112974405288696,0.49925002455711365,0.17809782922267914,-0.015418381430208683,0.5598400235176086
4951,36.142616271972656,0.9649342894554138,0.5019350051879883,0.17813228070735931,-0.0007156067294999957,0.5650664567947388
4952,36.14569854736328,0.9315561056137085,0.5014200210571289,0.17815756797790527,-0.013808039017021656,0.5742391347885132
4953,36.13848114013672,0.9363405108451843,0.5002849698066711,0.17816264927387238,-0.022296402603387833,0.5589995384216309
4954,36.135250091552734,0.940609335899353,0.49840497970581055,0.1781342327594757,-0.012276450172066689,0.5722924470901489
4955,36.12808609008789,0.9134688973426819,0.5007050037384033,0.17814677953720093,-0.02422187104821205,0.5755823254585266
4956,36.13542556762695,0.923868715763092,0.5012000203132629,0.1781681627035141,-0.010532821528613567,0.570113480091095
4957,36.14204788208008,0.9192495346069336,0.5028150081634521,0.1782183051109314,-0.012478935532271862,0.5631856918334961
4958,36.13520431518555,0.9179268479347229,0.4995899796485901,0.1782110035419464,-0.007725622039288282,0.5652568340301514
4959,36.12958908081055,0.9207385778427124,0.4987950026988983,0.17818953096866608,-0.013319621793925762,0.5720750689506531
4960,36.14643478393555,0.9241722226142883,0.5007449984550476,0.1782028079032898,-0.010028563439846039,0.5703049898147583
4961,36.15449142456055,0.9452930092811584,0.4996649920940399,0.17819683253765106,-0.0337090790271759,0.5540984272956848
4962,36.13606643676758,0.9407431483268738,0.49900496006011963,0.17817910015583038,-0.03518599271774292,0.5715444087982178
4963,36.137393951416016,0.9098695516586304,0.49819496273994446,0.17814694344997406,-0.02149316482245922,0.5630347728729248
4964,36.14439010620117,0.9123512506484985,0.5023549795150757,0.17818890511989594,-0.014725602231919765,0.5780079364776611
4965,36.135231018066406,0.9184569120407104,0.502269983291626,0.17822934687137604,-0.016373813152313232,0.5718747973442078
4966,36.12696838378906,0.920692503452301,0.49873000383377075,0.17820671200752258,0.005171529948711395,0.5622410178184509
4967,36.139076232910156,0.9339213371276855,0.4969700276851654,0.17815272510051727,-0.02027234062552452,0.555422306060791
4968,36.1405143737793,0.9365234375,0.5033350586891174,0.17821215093135834,-0.012650015763938427,0.5811590552330017
4969,36.12992858886719,0.9264239072799683,0.5012249946594238,0.17823399603366852,-0.028744371607899666,0.5807358622550964
4970,36.137962341308594,0.9331463575363159,0.4989149570465088,0.1782146543264389,-0.040978796780109406,0.5636676549911499
4971,36.1423225402832,0.9372058510780334,0.499019980430603,0.17819719016551971,-0.010093506425619125,0.5582526326179504
4972,36.131832122802734,0.9296579360961914,0.499224990606308,0.17818337678909302,-0.02749989740550518,0.5811505317687988
4973,36.139434814453125,0.9241039156913757,0.5021249651908875,0.17822125554084778,0.0014242370380088687,0.5933133363723755
4974,36.154972076416016,0.9517524838447571,0.5007399916648865,0.17823444306850433,0.0016436921432614326,0.5711910724639893
4975,36.12128448486328,0.9319288730621338,0.4993400275707245,0.1782226860523224,-0.03179024159908295,0.5805245041847229
4976,36.13893508911133,0.934604287147522,0.5005249977111816,0.17823202908039093,0.00603470578789711,0.5785963535308838
4977,36.14891815185547,0.9445176720619202,0.49780502915382385,0.1781928986310959,-0.00643771281465888,0.5608551502227783
4978,36.123329162597656,0.9210156798362732,0.502750039100647,0.17824190855026245,-0.020959436893463135,0.5782734751701355
4979,36.12322235107422,0.9176031947135925,0.49744001030921936,0.1781962811946869,-0.02053917944431305,0.5596399307250977
4980,36.13578796386719,0.9260655641555786,0.4994800090789795,0.17818701267242432,-0.019616151228547096,0.5683911442756653
4981,36.13869094848633,0.9194994568824768,0.500789999961853,0.1782010942697525,-0.00290527637116611,0.573826253414154
4982,36.13335037231445,0.9473886489868164,0.5010199546813965,0.178219273686409,-0.026771146804094315,0.5841399431228638
4983,36.148414611816406,0.9177007675170898,0.4989449977874756,0.17820046842098236,-0.005915621295571327,0.5715104341506958
4984,36.138824462890625,0.9171657562255859,0.5007349848747253,0.17821358144283295,-0.017437448725104332,0.5660841464996338
4985,36.1362419128418,0.9376652836799622,0.5031650066375732,0.17826998233795166,-0.00820658914744854,0.5764035582542419
4986,36.14496994018555,0.9324364066123962,0.4998849928379059,0.1782679259777069,-0.008902333676815033,0.571668267250061
4987,36.144561767578125,0.946968138217926,0.49935999512672424,0.17825651168823242,-0.01736982725560665,0.56666100025177
4988,36.124019622802734,0.9291111826896667,0.5036299824714661,0.1783212125301361,-0.03147342801094055,0.5747597813606262
4989,36.14092254638672,0.9121046662330627,0.5003899931907654,0.17832815647125244,-0.00990301463752985,0.5681616067886353
4990,36.14633560180664,0.9464500546455383,0.49926501512527466,0.17831504344940186,0.004026342649012804,0.5714779496192932
4991,36.12993240356445,0.9167103171348572,0.5026900172233582,0.17836302518844604,-0.024219052866101265,0.5908408761024475
4992,36.14616775512695,0.9252981543540955,0.501039981842041,0.1783815622329712,-0.009292024187743664,0.5581793785095215
4993,36.148223876953125,0.9293479919433594,0.49871501326560974,0.17835864424705505,-0.0027581609319895506,0.5612778067588806
4994,36.13679885864258,0.9353940486907959,0.49982497096061707,0.17835551500320435,-0.0010127497371286154,0.5929810404777527
4995,36.13624954223633,0.9237720966339111,0.5004249811172485,0.17836308479309082,-0.005117648281157017,0.5592936277389526
4996,36.15796661376953,0.9459233283996582,0.5005050301551819,0.1783720999956131,-0.014051215723156929,0.5844927430152893
4997,36.13325500488281,0.9317570924758911,0.5007399916648865,0.17838530242443085,-0.035383839160203934,0.5770106911659241
4998,36.124237060546875,0.9414619207382202,0.500665009021759,0.17839716374874115,-0.029864652082324028,0.5803083181381226
4999,36.159568786621094,0.9536548852920532,0.5019499659538269,0.17843195796012878,0.00042466356535442173,0.5720505118370056
