step,energy,std,acceptance_rate,step_size,cm_mean,cm_std
0,118.4824447631836,327.2524719238281,0.8081409335136414,0.5154070258140564,0.38100069761276245,0.8631539344787598
1,110.195068359375,275.1080017089844,0.8356381058692932,0.532706081867218,0.5502908825874329,1.141628623008728
2,112.2215805053711,241.89315795898438,0.8396095037460327,0.5507972836494446,0.6488959789276123,1.325066328048706
3,122.80709838867188,238.5989532470703,0.8393599987030029,0.5694891810417175,0.6803407669067383,1.456516146659851
4,130.52191162109375,227.6950225830078,0.8339429497718811,0.5885068774223328,0.6887409090995789,1.5529887676239014
5,135.5834197998047,214.37791442871094,0.8296628594398499,0.607907772064209,0.6604405045509338,1.6213332414627075
6,141.3941192626953,211.2079315185547,0.8216952085494995,0.6274639368057251,0.6154329776763916,1.6551933288574219
7,147.90541076660156,216.7388153076172,0.816737174987793,0.6473380327224731,0.5640660524368286,1.6796185970306396
8,150.8958740234375,214.75772094726562,0.809169590473175,0.6673517227172852,0.49700701236724854,1.6810071468353271
9,151.94326782226562,209.29049682617188,0.8028762340545654,0.6875641942024231,0.41975072026252747,1.6841058731079102
10,153.5509490966797,204.96029663085938,0.7952495217323303,0.7078644633293152,0.32441839575767517,1.6623036861419678
11,152.38143920898438,201.3389129638672,0.7872514128684998,0.7281979918479919,0.2485341578722,1.6464498043060303
12,151.24913024902344,203.01388549804688,0.7818818688392639,0.7487245798110962,0.16270479559898376,1.6086500883102417
13,152.94927978515625,208.0762939453125,0.7721980810165405,0.7691047191619873,0.07392778992652893,1.5760858058929443
14,151.321533203125,205.19859313964844,0.7628647685050964,0.789321780204773,-0.025620587170124054,1.5529855489730835
15,149.6027374267578,208.7034149169922,0.7555676102638245,0.8094943165779114,-0.10933302342891693,1.50285005569458
16,147.8212432861328,206.6265411376953,0.7465447187423706,0.8294519782066345,-0.17044749855995178,1.462157130241394
17,144.4062042236328,197.3270263671875,0.7376742959022522,0.8491659760475159,-0.2385105937719345,1.4215551614761353
18,142.30581665039062,196.67462158203125,0.7285752892494202,0.8685758113861084,-0.3000110387802124,1.378081202507019
19,139.89096069335938,197.10748291015625,0.7195771932601929,0.887647807598114,-0.3417488932609558,1.3546299934387207
20,138.13722229003906,199.1855010986328,0.7121542692184448,0.9064796566963196,-0.3801942765712738,1.3295131921768188
21,136.8451385498047,194.00906372070312,0.7042514681816101,0.924994707107544,-0.4157941937446594,1.2965693473815918
22,137.1425323486328,208.6786651611328,0.6963028907775879,0.943152666091919,-0.4341988265514374,1.2717170715332031
23,135.49203491210938,208.6186981201172,0.6858152151107788,0.9606778621673584,-0.46422138810157776,1.253082275390625
24,134.56997680664062,208.3724822998047,0.6785104274749756,0.9778268933296204,-0.48510295152664185,1.2348246574401855
25,132.47850036621094,209.39065551757812,0.6720133423805237,0.9946467876434326,-0.496926486492157,1.2183659076690674
26,129.838134765625,205.53892517089844,0.6635943055152893,1.0109186172485352,-0.508692741394043,1.1970860958099365
27,129.1143341064453,205.9683380126953,0.6554113626480103,1.0266293287277222,-0.5043687224388123,1.1882051229476929
28,127.50167846679688,200.2840576171875,0.6483657360076904,1.0418609380722046,-0.49756115674972534,1.1678946018218994
29,124.40665435791016,197.1204071044922,0.6399180889129639,1.0564384460449219,-0.49103081226348877,1.1553738117218018
30,124.42191314697266,205.4587860107422,0.633152425289154,1.070505142211914,-0.4723334312438965,1.143012523651123
31,122.62220764160156,201.62940979003906,0.6257752776145935,1.0839694738388062,-0.45706161856651306,1.1258172988891602
32,120.98987579345703,200.03611755371094,0.6172723770141602,1.0966813564300537,-0.45591428875923157,1.1162488460540771
33,119.99681854248047,196.43003845214844,0.6101942658424377,1.1087661981582642,-0.44659560918807983,1.1180363893508911
34,120.6130599975586,205.7642822265625,0.603996217250824,1.1202969551086426,-0.4241390526294708,1.0962064266204834
35,118.82984924316406,205.1718292236328,0.5982761979103088,1.131306767463684,-0.4138388931751251,1.0910329818725586
36,118.02389526367188,201.71139526367188,0.5936266779899597,1.1418988704681396,-0.3848083019256592,1.0714141130447388
37,119.7229995727539,214.44271850585938,0.587011456489563,1.1518346071243286,-0.37686052918434143,1.0690100193023682
38,116.16416931152344,204.08505249023438,0.5803314447402954,1.1610875129699707,-0.34322819113731384,1.0596911907196045
39,115.60860443115234,201.39695739746094,0.5736837983131409,1.1696428060531616,-0.32022497057914734,1.0600489377975464
40,114.43841552734375,202.55392456054688,0.5683619379997253,1.1776386499404907,-0.30091992020606995,1.052503228187561
41,115.52437591552734,207.60324096679688,0.5640628933906555,1.1851829290390015,-0.28219085931777954,1.0324277877807617
42,112.7269287109375,204.92144775390625,0.5578495264053345,1.1920392513275146,-0.26735353469848633,1.0215412378311157
43,112.9319839477539,205.46524047851562,0.5529923439025879,1.1983561515808105,-0.23137323558330536,1.010823130607605
44,112.63237762451172,205.83030700683594,0.5480018854141235,1.204108476638794,-0.2187812477350235,0.9952229857444763
45,110.9987564086914,209.22999572753906,0.5439066886901855,1.209395408630371,-0.2115081250667572,0.9855116605758667
46,109.98281860351562,205.0509490966797,0.5375809669494629,1.2139403820037842,-0.19540096819400787,0.9869837164878845
47,111.39031982421875,212.65162658691406,0.535040020942688,1.2181941270828247,-0.1781873255968094,0.971701443195343
48,109.00180053710938,203.19140625,0.530036211013794,1.2218531370162964,-0.17483700811862946,0.9732202887535095
49,109.75609588623047,211.58546447753906,0.5271599888801575,1.2251715660095215,-0.15496179461479187,0.9690074324607849
50,108.43473052978516,205.07681274414062,0.523508608341217,1.2280516624450684,-0.14421796798706055,0.9636493921279907
51,105.73751831054688,198.17919921875,0.5208228826522827,1.2306089401245117,-0.13531212508678436,0.956110417842865
52,108.02743530273438,210.0519561767578,0.5175428986549377,1.2327678203582764,-0.11088614165782928,0.9434072971343994
53,105.00386047363281,199.07337951660156,0.5141542553901672,1.2345126867294312,-0.10724416375160217,0.9445501565933228
54,106.1602554321289,205.26510620117188,0.5096399784088135,1.2357028722763062,-0.09177164733409882,0.9328077435493469
55,105.06167602539062,204.27908325195312,0.5074780583381653,1.2366269826889038,-0.0822606012225151,0.9311211109161377
56,106.82395935058594,214.31370544433594,0.505443811416626,1.2373002767562866,-0.07895446568727493,0.9223246574401855
57,103.33577728271484,206.42710876464844,0.5022285580635071,1.2375760078430176,-0.06781455129384995,0.9166849851608276
58,104.27777099609375,209.41958618164062,0.5008456707000732,1.2376805543899536,-0.06180719658732414,0.9151341319084167
59,104.06331634521484,206.74440002441406,0.49600380659103394,1.2371859550476074,-0.04852525144815445,0.9047979116439819
60,103.80599975585938,208.32778930664062,0.49482476711273193,1.2365456819534302,-0.03396005928516388,0.9028377532958984
61,105.30300903320312,217.00181579589844,0.4905371367931366,1.2353755235671997,-0.017644517123699188,0.9013485312461853
62,101.5236587524414,202.80274963378906,0.48951616883277893,1.2340803146362305,-0.009737906977534294,0.890017032623291
63,100.14204406738281,199.4505157470703,0.4858228862285614,1.2323307991027832,-0.008179602213203907,0.8844335079193115
64,99.24602508544922,195.13360595703125,0.4837314188480377,1.2303259372711182,0.0038765380159020424,0.8772018551826477
65,100.92990112304688,211.0286102294922,0.48104190826416016,1.2279934883117676,0.005490211769938469,0.8627691268920898
66,99.68345642089844,197.66880798339844,0.4802476465702057,1.2255679368972778,0.0015980405732989311,0.865929365158081
67,100.0485610961914,205.17222595214844,0.47611427307128906,1.2226405143737793,0.011466475203633308,0.8563993573188782
68,100.84233093261719,208.3983612060547,0.47652190923690796,1.2197699546813965,0.02155682072043419,0.8580873608589172
69,98.09629821777344,197.6824188232422,0.47381335496902466,1.2165757417678833,0.03747051581740379,0.8528237342834473
70,100.6050796508789,209.2340850830078,0.47192761301994324,1.213160514831543,0.024335958063602448,0.8392084240913391
71,100.39187622070312,210.40188598632812,0.46965521574020386,1.2094792127609253,0.030687181279063225,0.8348425030708313
72,99.06266021728516,203.90846252441406,0.46742287278175354,1.2055391073226929,0.02785577066242695,0.841821551322937
73,98.96734619140625,204.87290954589844,0.46723997592926025,1.201589822769165,0.03236914426088333,0.8305110931396484
74,96.83541870117188,201.8462371826172,0.46486857533454895,1.1973685026168823,0.03366208076477051,0.81980961561203
75,99.31935119628906,208.39305114746094,0.4633695185184479,1.1929824352264404,0.03036794625222683,0.8140557408332825
76,99.93238067626953,216.06739807128906,0.46288952231407166,1.1885552406311035,0.03699454665184021,0.8087928891181946
77,96.60033416748047,202.1829376220703,0.46095046401023865,1.1839139461517334,0.04307648167014122,0.8084806799888611
78,96.55207061767578,206.5995330810547,0.4602324068546295,1.1792057752609253,0.04603693634271622,0.8110992908477783
79,96.11297607421875,202.8819580078125,0.4586247503757477,1.174326777458191,0.03844904527068138,0.7911248207092285
80,97.05854034423828,209.34371948242188,0.45702093839645386,1.1692795753479004,0.04981651157140732,0.7847484350204468
81,98.29459381103516,211.99008178710938,0.45594096183776855,1.1641278266906738,0.056834157556295395,0.7806243300437927
82,95.48410034179688,205.3636016845703,0.45451998710632324,1.158833384513855,0.061568815261125565,0.7802995443344116
83,96.0541763305664,210.56027221679688,0.4523276388645172,1.1533089876174927,0.0644867867231369,0.7770708203315735
84,95.97673797607422,206.37667846679688,0.4529581069946289,1.147883653640747,0.06202169880270958,0.7707679271697998
85,93.82403564453125,198.40272521972656,0.45205333828926086,1.1423799991607666,0.07058412581682205,0.756963312625885
86,95.25985717773438,206.9185333251953,0.4505161643028259,1.1367270946502686,0.0744965523481369,0.7677716612815857
87,95.19446563720703,209.169189453125,0.44923046231269836,1.1309559345245361,0.06823801249265671,0.7560568451881409
88,93.2879409790039,198.2877960205078,0.44931235909461975,1.1252233982086182,0.06700040400028229,0.7501063942909241
89,92.78302001953125,198.49871826171875,0.4475105106830597,1.1193171739578247,0.05448795109987259,0.7415287494659424
90,93.20655822753906,199.9047393798828,0.44584572315216064,1.1132556200027466,0.05875745788216591,0.7397341132164001
91,92.47919464111328,194.79832458496094,0.44709712266921997,1.1073662042617798,0.04794015362858772,0.7328285574913025
92,94.09539794921875,203.47727966308594,0.44715240597724915,1.1015139818191528,0.04839115962386131,0.7316872477531433
93,92.93075561523438,204.2162628173828,0.4469771385192871,1.0956734418869019,0.04503263905644417,0.7291510105133057
94,92.6294174194336,203.5844268798828,0.4450381100177765,1.089651346206665,0.04185379669070244,0.7258063554763794
95,90.71025848388672,194.54727172851562,0.4460913836956024,1.0837771892547607,0.03179451450705528,0.7160982489585876
96,93.86329650878906,208.04844665527344,0.4453733563423157,1.0778568983078003,0.032166581600904465,0.7140383124351501
97,91.85541534423828,198.91818237304688,0.44403812289237976,1.0718250274658203,0.03371099382638931,0.7172735929489136
98,91.13835144042969,195.83673095703125,0.44660764932632446,1.0661022663116455,0.02383100986480713,0.7044469118118286
99,91.12141418457031,195.2565155029297,0.4451638162136078,1.0602561235427856,0.013414899818599224,0.7069576382637024
100,91.00474548339844,202.4307861328125,0.4435790479183197,1.054274082183838,0.010011166334152222,0.7043715119361877
101,90.7874984741211,199.0738983154297,0.4430476427078247,1.0482697486877441,0.010583732277154922,0.6953712105751038
102,87.38103485107422,187.57131958007812,0.4433809518814087,1.0423345565795898,0.0032391278073191643,0.6881545186042786
103,90.98833465576172,207.50515747070312,0.44295620918273926,1.036388635635376,0.00822353083640337,0.6827727556228638
104,90.774658203125,203.53453063964844,0.4428190588951111,1.0304625034332275,0.003201570361852646,0.6797743439674377
105,89.79851531982422,199.4557647705078,0.44336381554603577,1.02462637424469,0.003357682377099991,0.682049036026001
106,87.46223449707031,188.62379455566406,0.44342857599258423,1.0188299417495728,-0.005873362999409437,0.6716039180755615
107,88.37467956542969,192.21426391601562,0.4433561861515045,1.0130589008331299,-0.011559246107935905,0.6675854921340942
108,88.28630065917969,196.28997802734375,0.44239237904548645,1.0072228908538818,-0.01238076388835907,0.6695636510848999
109,89.96918487548828,205.57106018066406,0.4419732987880707,1.0013782978057861,-0.020960303023457527,0.6644616723060608
110,88.62113952636719,200.703857421875,0.4429638087749481,0.9956668019294739,-0.013768547214567661,0.6638029217720032
111,87.0019760131836,191.1280517578125,0.4423885941505432,0.9899306297302246,-0.016195397824048996,0.6582618951797485
112,89.39097595214844,200.81539916992188,0.4429599940776825,0.9842841029167175,-0.020430421456694603,0.6597901582717896
113,86.7226791381836,188.14024353027344,0.44338858127593994,0.9787119626998901,-0.026646198704838753,0.6480844020843506
114,87.0817642211914,192.57415771484375,0.44048190116882324,0.972886860370636,-0.03699015453457832,0.6384527087211609
115,89.17689514160156,201.02529907226562,0.4434495270252228,0.9673851132392883,-0.02954186499118805,0.6446601152420044
116,87.87128448486328,198.86997985839844,0.4426380693912506,0.961836040019989,-0.040564682334661484,0.645537257194519
117,86.48417663574219,193.64248657226562,0.44059428572654724,0.9561222195625305,-0.03903719782829285,0.6361310482025146
118,86.73509979248047,199.2122039794922,0.44100382924079895,0.9504814743995667,-0.04287863150238991,0.6327163577079773
119,84.02607727050781,184.4302978515625,0.43985334038734436,0.9447646737098694,-0.037429191172122955,0.6349310278892517
120,85.33110046386719,189.16159057617188,0.44086095690727234,0.939177393913269,-0.039633747190237045,0.6315776705741882
121,86.23819732666016,193.22140502929688,0.4397638142108917,0.9335201382637024,-0.043356943875551224,0.6297411918640137
122,84.9688949584961,187.57232666015625,0.44041523337364197,0.9279577732086182,-0.04584186524152756,0.6214500665664673
123,84.45362091064453,186.87155151367188,0.44180190563201904,0.9225572347640991,-0.046083964407444,0.623350977897644
124,82.09610748291016,178.48936462402344,0.44079044461250305,0.9170948266983032,-0.042751386761665344,0.6124157309532166
125,84.58558654785156,190.9237518310547,0.4395733177661896,0.911553144454956,-0.050622742623090744,0.6091794371604919
126,84.64527893066406,190.23194885253906,0.43931999802589417,0.9060218334197998,-0.04810897260904312,0.607868492603302
127,82.9952163696289,181.63941955566406,0.44166475534439087,0.9007365703582764,-0.05086378753185272,0.6052477955818176
128,82.09390258789062,181.1013641357422,0.4415333569049835,0.8954702615737915,-0.053051337599754333,0.6063623428344727
129,82.05426025390625,181.27157592773438,0.44243237376213074,0.8903152942657471,-0.0551772266626358,0.597625195980072
130,85.07857513427734,192.3018035888672,0.4424114227294922,0.885188102722168,-0.05484155938029289,0.5963413715362549
131,81.84858703613281,181.59605407714844,0.4418933391571045,0.8800445795059204,-0.06250413507223129,0.5857863426208496
132,85.7056655883789,198.15475463867188,0.44069334864616394,0.8748253583908081,-0.06607931107282639,0.5964113473892212
133,84.41431427001953,191.4339141845703,0.4425123631954193,0.8697962164878845,-0.0629107877612114,0.586014449596405
134,80.73845672607422,176.55889892578125,0.443087637424469,0.8648459911346436,-0.060161445289850235,0.5827491879463196
135,83.50297546386719,194.12368774414062,0.4437066614627838,0.8599774837493896,-0.05953117832541466,0.589974582195282
136,82.44559478759766,184.87547302246094,0.4441028833389282,0.8551704287528992,-0.06078389659523964,0.587580144405365
137,81.45182800292969,183.91278076171875,0.4437713921070099,0.8503619432449341,-0.05936281010508537,0.5774831175804138
138,80.80707550048828,177.86334228515625,0.4438495337963104,0.8455871343612671,-0.06608609855175018,0.5746220946311951
139,80.82789611816406,186.8193359375,0.4439999759197235,0.8408518433570862,-0.06841377913951874,0.5736667513847351
140,80.81868743896484,180.41204833984375,0.44299620389938354,0.8360586762428284,-0.06543609499931335,0.5687270760536194
141,78.40196228027344,170.4966278076172,0.44469141960144043,0.8314345479011536,-0.07184269279241562,0.5633223652839661
142,81.20199584960938,182.5717315673828,0.44447046518325806,0.8268176317214966,-0.07417874038219452,0.5684489011764526
143,80.44158172607422,182.89675903320312,0.44451427459716797,0.8222299814224243,-0.08097147941589355,0.5614979267120361
144,78.91637420654297,174.6298828125,0.4448285698890686,0.8176936507225037,-0.08077666908502579,0.5587397217750549
145,79.43635559082031,177.66592407226562,0.44326096773147583,0.8130541443824768,-0.08035295456647873,0.5507618188858032
146,79.51517486572266,177.87342834472656,0.44477903842926025,0.8085644245147705,-0.0838637575507164,0.5531578660011292
147,79.0993881225586,181.10780334472656,0.44322288036346436,0.8039736151695251,-0.09606092423200607,0.5419760346412659
148,81.2246322631836,183.57064819335938,0.44393718242645264,0.7994663119316101,-0.09565018117427826,0.5440650582313538
149,78.43363952636719,177.48434448242188,0.44330859184265137,0.7949340343475342,-0.09675885736942291,0.53791344165802
150,77.72444152832031,173.68832397460938,0.44379812479019165,0.7904663681983948,-0.09616800397634506,0.5378429889678955
151,77.91957092285156,175.9516143798828,0.44389718770980835,0.7860316038131714,-0.09752796590328217,0.5357002019882202
152,78.05339050292969,173.79554748535156,0.44442859292030334,0.7816635370254517,-0.10103069990873337,0.5327533483505249
153,79.0213394165039,180.32254028320312,0.44470667839050293,0.7773414254188538,-0.09821370989084244,0.5300782918930054
154,79.28129577636719,183.9636688232422,0.4449447691440582,0.7730617523193359,-0.09564957022666931,0.5286651253700256
155,74.9762954711914,160.81719970703125,0.4438685476779938,0.768722414970398,-0.10182452946901321,0.5201007127761841
156,75.47564697265625,170.63934326171875,0.4450990557670593,0.7645021080970764,-0.10655054450035095,0.5196124911308289
157,75.40584564208984,165.90020751953125,0.4436933398246765,0.7601974606513977,-0.10503324121236801,0.5174623131752014
158,75.72016143798828,168.67247009277344,0.44653716683387756,0.7561331987380981,-0.11259597539901733,0.5155041813850403
159,76.28744506835938,170.67079162597656,0.44551241397857666,0.7520132064819336,-0.11539558321237564,0.5147033333778381
160,76.4942855834961,177.4467315673828,0.4456399977207184,0.7479252815246582,-0.11196269094944,0.506573498249054
161,77.34507751464844,179.25108337402344,0.4456609785556793,0.7438611388206482,-0.11023999005556107,0.5045801997184753
162,75.91596221923828,171.03292846679688,0.44477903842926025,0.7397534847259521,-0.11909046769142151,0.5007070302963257
163,76.85334777832031,176.55430603027344,0.44506096839904785,0.7356893420219421,-0.12152314186096191,0.49618133902549744
164,75.18328094482422,166.55531311035156,0.44434475898742676,0.7315948605537415,-0.12283314019441605,0.4955747127532959
165,75.99626922607422,171.88888549804688,0.44517335295677185,0.7275837659835815,-0.1300305277109146,0.4901018440723419
166,74.06600189208984,164.54522705078125,0.44500380754470825,0.7235823273658752,-0.13320854306221008,0.4864440858364105
167,74.61799621582031,167.77133178710938,0.4431866705417633,0.7194713950157166,-0.13614751398563385,0.48605266213417053
168,74.63713073730469,168.1114501953125,0.44466474652290344,0.7154901623725891,-0.14040876924991608,0.48031389713287354
169,73.88150024414062,167.3008575439453,0.4459371268749237,0.7116220593452454,-0.1520245522260666,0.47961026430130005
170,73.12890625,162.60855102539062,0.444546639919281,0.7076758742332458,-0.1473902463912964,0.4741917550563812
171,73.63021087646484,165.70669555664062,0.444438099861145,0.7037439346313477,-0.14990286529064178,0.47560080885887146
172,73.43791961669922,164.92385864257812,0.444518119096756,0.6998394131660461,-0.15372005105018616,0.4718194901943207
173,70.6905517578125,151.2378387451172,0.4439961910247803,0.6959200501441956,-0.15814226865768433,0.4710509777069092
174,72.80516052246094,160.47630310058594,0.4459276497364044,0.6921570897102356,-0.1534496545791626,0.46575188636779785
175,71.56080627441406,154.9801025390625,0.4446342885494232,0.6883249282836914,-0.15913835167884827,0.4638994336128235
176,71.78778076171875,160.37855529785156,0.4441695213317871,0.6844819784164429,-0.15924672782421112,0.4641287624835968
177,73.5783920288086,167.8220977783203,0.4448418915271759,0.6807065010070801,-0.15996472537517548,0.45929887890815735
178,72.016357421875,158.85391235351562,0.447074294090271,0.6771038174629211,-0.16474975645542145,0.4522901475429535
179,71.78764343261719,161.5084991455078,0.44595998525619507,0.6734447479248047,-0.16232042014598846,0.4484342038631439
180,69.1367416381836,150.52178955078125,0.44525712728500366,0.669758141040802,-0.16663424670696259,0.4490523040294647
181,72.5440673828125,166.2630615234375,0.4452666640281677,0.6660923361778259,-0.168538436293602,0.44776269793510437
182,70.70433807373047,151.43338012695312,0.4461447596549988,0.6625050902366638,-0.16988670825958252,0.44411081075668335
183,71.62596130371094,162.29917907714844,0.44673335552215576,0.658976137638092,-0.17070232331752777,0.4446602761745453
184,70.28814697265625,155.46368408203125,0.44642671942710876,0.6554458141326904,-0.17317472398281097,0.43800050020217896
185,68.07122039794922,146.55918884277344,0.4445752501487732,0.6518130302429199,-0.17190302908420563,0.4367107152938843
186,69.2640151977539,151.9068145751953,0.4457257390022278,0.6482753753662109,-0.17679810523986816,0.4319048523902893
187,68.65341186523438,152.83676147460938,0.445055216550827,0.6447134613990784,-0.17252130806446075,0.43253955245018005
188,69.02783966064453,149.7141571044922,0.445085734128952,0.6411730647087097,-0.1783265620470047,0.4327106177806854
189,71.38518524169922,161.34555053710938,0.44707998633384705,0.637779951095581,-0.183657705783844,0.42585089802742004
190,69.76850128173828,155.02053833007812,0.4454742968082428,0.6343024373054504,-0.18495890498161316,0.42545005679130554
191,67.69239044189453,144.13760375976562,0.4451656937599182,0.6308242678642273,-0.18416419625282288,0.4219483733177185
192,68.07935333251953,149.83575439453125,0.4454038143157959,0.6273801922798157,-0.1815444827079773,0.42150479555130005
193,65.69589233398438,135.83871459960938,0.44596952199935913,0.6239904165267944,-0.18143583834171295,0.41420453786849976
194,67.28801727294922,141.7549591064453,0.4453638195991516,0.6205812096595764,-0.18131768703460693,0.41381001472473145
195,67.96805572509766,148.19970703125,0.44620952010154724,0.6172431111335754,-0.18307852745056152,0.41449347138404846
196,66.9786148071289,145.81134033203125,0.4451199769973755,0.6138557195663452,-0.18213902413845062,0.4120665490627289
197,66.45569610595703,141.37998962402344,0.44431811571121216,0.6104376316070557,-0.18225978314876556,0.40803998708724976
198,66.60356903076172,144.9786834716797,0.4453352093696594,0.6071007251739502,-0.1855604648590088,0.40483522415161133
199,66.10421752929688,142.965087890625,0.44559428095817566,0.6037977337837219,-0.18017329275608063,0.4041009247303009
200,67.91397857666016,152.87586975097656,0.44592952728271484,0.6005329489707947,-0.1853744089603424,0.3979381322860718
201,65.55979919433594,140.08486938476562,0.4457162022590637,0.597273051738739,-0.1871832013130188,0.3975087106227875
202,63.22997283935547,124.88436126708984,0.44602859020233154,0.5940495133399963,-0.18895334005355835,0.394944965839386
203,65.5932388305664,141.31692504882812,0.4463123679161072,0.5908601880073547,-0.18298351764678955,0.3948182761669159
204,64.1086654663086,135.88458251953125,0.4466495215892792,0.5877079367637634,-0.18725906312465668,0.3926743268966675
205,64.78058624267578,137.0766143798828,0.4464724063873291,0.5845620632171631,-0.1888352483510971,0.39470627903938293
206,64.6446304321289,135.00631713867188,0.44764000177383423,0.581501305103302,-0.18376688659191132,0.38928619027137756
207,63.5489501953125,127.9588394165039,0.44739997386932373,0.5784426331520081,-0.18733148276805878,0.3896913528442383
208,63.58531951904297,131.63772583007812,0.4491504430770874,0.5755012631416321,-0.18772785365581512,0.38583144545555115
209,63.22639846801758,126.47210693359375,0.44771045446395874,0.5724920034408569,-0.19004979729652405,0.3834424912929535
210,63.16462707519531,128.45655822753906,0.4493866562843323,0.5695944428443909,-0.1847083866596222,0.38656264543533325
211,62.48917770385742,125.10950469970703,0.44970858097076416,0.5667298436164856,-0.18493413925170898,0.38320744037628174
212,65.2333755493164,142.10894775390625,0.44991999864578247,0.5638916492462158,-0.1878625899553299,0.38268011808395386
213,63.544166564941406,132.28363037109375,0.4492209255695343,0.561028242111206,-0.18266281485557556,0.38396188616752625
214,62.01104736328125,128.65235900878906,0.4511028826236725,0.5582849383354187,-0.18643398582935333,0.37772899866104126
215,62.12289810180664,129.01107788085938,0.4515504837036133,0.5555800795555115,-0.18338117003440857,0.3714553415775299
216,62.214881896972656,127.85691833496094,0.45080190896987915,0.5528467297554016,-0.18430083990097046,0.37477684020996094
217,61.94738006591797,130.81117248535156,0.451091468334198,0.5501428246498108,-0.1831427365541458,0.3713430166244507
218,61.52956771850586,122.70491027832031,0.451228529214859,0.5474597215652466,-0.184799924492836,0.3723978102207184
219,62.012977600097656,130.0673370361328,0.4517485797405243,0.5448181629180908,-0.18290427327156067,0.36763352155685425
220,59.9124641418457,116.16470336914062,0.4526076316833496,0.5422361493110657,-0.18275202810764313,0.36885175108909607
221,60.170040130615234,115.91956329345703,0.4524533450603485,0.5396580100059509,-0.18001338839530945,0.3657374382019043
222,60.07145690917969,120.7205810546875,0.45278286933898926,0.537109911441803,-0.18661503493785858,0.36626872420310974
223,59.85627746582031,117.50923156738281,0.45419812202453613,0.5346498489379883,-0.17827892303466797,0.36697155237197876
224,60.03312683105469,119.77911376953125,0.4524361491203308,0.5321068167686462,-0.17762413620948792,0.3624480366706848
225,60.063358306884766,119.98643493652344,0.45286282896995544,0.529598593711853,-0.17885823547840118,0.36106497049331665
226,59.26688766479492,117.09622955322266,0.4544476568698883,0.5271861553192139,-0.17630890011787415,0.3647562265396118
227,60.27157974243164,123.73236083984375,0.4543466567993164,0.5247793793678284,-0.17477717995643616,0.36404046416282654
228,59.95168685913086,118.83463287353516,0.45381712913513184,0.5223557949066162,-0.1715904325246811,0.360580176115036
229,58.728309631347656,113.17278289794922,0.45492953062057495,0.5200015306472778,-0.1715531051158905,0.3562116026878357
230,58.14103698730469,110.73131561279297,0.45507046580314636,0.5176652073860168,-0.17263077199459076,0.35682183504104614
231,60.006229400634766,124.86117553710938,0.4561866819858551,0.5153971314430237,-0.16848382353782654,0.35690245032310486
232,58.479427337646484,113.68811798095703,0.45622095465660095,0.5131407976150513,-0.16570909321308136,0.35945162177085876
233,58.28459167480469,114.18682861328125,0.45567619800567627,0.5108663439750671,-0.16584083437919617,0.35603174567222595
234,60.0180778503418,129.79185485839844,0.45616382360458374,0.5086268782615662,-0.16627812385559082,0.3540552258491516
235,58.06346893310547,115.04427337646484,0.4559752643108368,0.5063876509666443,-0.1648462861776352,0.3539583683013916
236,59.35133743286133,125.03722381591797,0.4582361876964569,0.5042727589607239,-0.1638156920671463,0.35432857275009155
237,57.29409408569336,110.73345947265625,0.4573676586151123,0.5021229386329651,-0.16293850541114807,0.34999603033065796
238,57.37284851074219,107.22207641601562,0.4595714211463928,0.5000929236412048,-0.15571780502796173,0.3525632321834564
239,57.85218811035156,113.95154571533203,0.46101143956184387,0.49814313650131226,-0.15900997817516327,0.3543068766593933
240,58.21604919433594,116.92178344726562,0.4594152271747589,0.49612143635749817,-0.15886983275413513,0.3501441478729248
241,57.67262268066406,117.1522216796875,0.4591161906719208,0.4940930902957916,-0.1551435887813568,0.34886807203292847
242,57.3889274597168,115.89041900634766,0.45961523056030273,0.4920977056026459,-0.154216468334198,0.34733977913856506
243,55.6361198425293,101.47663116455078,0.4599524140357971,0.49012696743011475,-0.1523289829492569,0.34883907437324524
244,57.71321487426758,117.52513885498047,0.4595390558242798,0.4881438612937927,-0.14772921800613403,0.3480609357357025
245,57.057586669921875,114.61568450927734,0.4604095220565796,0.48621127009391785,-0.1503494679927826,0.34377521276474
246,56.08645248413086,107.42408752441406,0.46095237135887146,0.4843127429485321,-0.14776630699634552,0.34400004148483276
247,56.574668884277344,113.76545715332031,0.46110665798187256,0.4824290871620178,-0.14472562074661255,0.34481215476989746
248,55.027374267578125,105.59620666503906,0.4608990550041199,0.48054274916648865,-0.14408348500728607,0.3437105119228363
249,55.4478645324707,105.32594299316406,0.46107810735702515,0.4786723852157593,-0.1385173350572586,0.34169432520866394
250,55.86798858642578,114.03617095947266,0.4608056843280792,0.4767962694168091,-0.13866552710533142,0.34511011838912964
251,55.27070999145508,108.22294616699219,0.46220189332962036,0.47499406337738037,-0.13321876525878906,0.3415015637874603
252,56.63448715209961,117.43963623046875,0.4642171263694763,0.47329437732696533,-0.12930001318454742,0.3433902859687805
253,54.890724182128906,104.44200897216797,0.4619942903518677,0.4714955985546112,-0.1272525191307068,0.3401542007923126
254,55.477230072021484,111.60120391845703,0.46388381719589233,0.4697927236557007,-0.12530481815338135,0.3391262888908386
255,54.79522705078125,107.9808120727539,0.46398475766181946,0.46810072660446167,-0.11921463906764984,0.3381425738334656
256,54.79353332519531,105.19164276123047,0.4644799828529358,0.46643802523612976,-0.11995379626750946,0.33794066309928894
257,53.91336441040039,100.5657958984375,0.4651257395744324,0.4648113548755646,-0.11990224570035934,0.3402113616466522
258,54.39003372192383,104.42842864990234,0.4646819531917572,0.46316972374916077,-0.11372874677181244,0.3359202444553375
259,53.79018783569336,101.56326293945312,0.4656628668308258,0.4615793228149414,-0.11721541732549667,0.33735939860343933
260,53.15113830566406,98.38630676269531,0.4664038121700287,0.46002858877182007,-0.11514315754175186,0.33592090010643005
261,54.077980041503906,105.05086517333984,0.4657333493232727,0.4584522247314453,-0.11618268489837646,0.33403971791267395
262,52.9908332824707,95.42921447753906,0.4673314392566681,0.4569545090198517,-0.10997577011585236,0.33660033345222473
263,53.3484992980957,100.46139526367188,0.46694672107696533,0.4554441273212433,-0.1119856983423233,0.33460384607315063
264,54.25018310546875,109.55673217773438,0.4670971632003784,0.4539455771446228,-0.10930287092924118,0.3362451195716858
265,54.52028274536133,113.34400177001953,0.4677656888961792,0.45248231291770935,-0.10206250101327896,0.3339615762233734
266,53.657230377197266,103.5707015991211,0.46815618872642517,0.45104143023490906,-0.10395407676696777,0.3352687954902649
267,53.26626968383789,101.45890045166016,0.46847620606422424,0.4496195912361145,-0.10183433443307877,0.33245861530303955
268,53.2021484375,106.1304702758789,0.46865716576576233,0.44821035861968994,-0.1015118733048439,0.3315962851047516
269,52.221187591552734,99.92786407470703,0.4674895107746124,0.44675320386886597,-0.10288316756486893,0.33402112126350403
270,51.2345085144043,90.97895050048828,0.4695523977279663,0.4453929364681244,-0.0996333435177803,0.3311978578567505
271,51.333473205566406,91.55208587646484,0.46887049078941345,0.44400644302368164,-0.10167669504880905,0.33054274320602417
272,51.914466857910156,98.78775024414062,0.46971046924591064,0.4426615834236145,-0.09659455716609955,0.3311794400215149
273,51.89559555053711,97.45563507080078,0.47061142325401306,0.4413606524467468,-0.0946766659617424,0.33294907212257385
274,51.89921188354492,100.66287231445312,0.4701352119445801,0.44004252552986145,-0.09640716761350632,0.3299127519130707
275,52.71833038330078,108.17892456054688,0.4714019000530243,0.43878409266471863,-0.09640870988368988,0.3313768804073334
276,52.82020950317383,111.52330017089844,0.4711962044239044,0.43752023577690125,-0.09156156331300735,0.3286663889884949
277,52.06361770629883,106.69149780273438,0.4698571264743805,0.43620142340660095,-0.09244006872177124,0.3293378949165344
278,51.12407684326172,101.4861831665039,0.47077521681785583,0.4349266290664673,-0.09007608145475388,0.33146965503692627
279,50.989707946777344,99.74678039550781,0.4721333384513855,0.4337146580219269,-0.08781950175762177,0.3314620554447174
280,50.21989440917969,91.54054260253906,0.4722704589366913,0.43251198530197144,-0.08967378735542297,0.3304223418235779
281,51.2456169128418,103.9013442993164,0.47114476561546326,0.4312639534473419,-0.08633681386709213,0.3278171420097351
282,50.94585037231445,103.0994873046875,0.4710933566093445,0.4300173223018646,-0.0874936431646347,0.32976460456848145
283,50.57845687866211,98.6410903930664,0.4714323580265045,0.42878884077072144,-0.0859246551990509,0.3311293125152588
284,51.40171813964844,103.42435455322266,0.4720228910446167,0.42758920788764954,-0.08690478652715683,0.32914549112319946
285,50.503910064697266,97.16853332519531,0.4729885756969452,0.4264342188835144,-0.086328886449337,0.3265089988708496
286,51.1275520324707,104.80390930175781,0.47341716289520264,0.42530062794685364,-0.08690114319324493,0.3264448046684265
287,50.451900482177734,105.43905639648438,0.47501713037490845,0.4242381155490875,-0.08578994870185852,0.3284335434436798
288,50.21076965332031,92.68846130371094,0.47282665967941284,0.4230853319168091,-0.08519141376018524,0.32962435483932495
289,50.072967529296875,97.24962615966797,0.47384190559387207,0.421978622674942,-0.08625911921262741,0.3277943432331085
290,49.057647705078125,90.53970336914062,0.47414475679397583,0.4208875894546509,-0.08365698903799057,0.32560259103775024
291,49.61847686767578,94.47390747070312,0.4750990569591522,0.4198395311832428,-0.08516885340213776,0.32578402757644653
292,49.57402038574219,94.58722686767578,0.47501140832901,0.41879040002822876,-0.08276189863681793,0.3269433081150055
293,49.68458938598633,97.870361328125,0.4736533463001251,0.4176870286464691,-0.0802178904414177,0.3264552652835846
294,49.44373321533203,93.14441680908203,0.4760247468948364,0.4166856110095978,-0.0767359733581543,0.3222924768924713
295,49.9703483581543,99.58650207519531,0.4750381112098694,0.4156454801559448,-0.07829996943473816,0.3249264061450958
296,49.002357482910156,97.95500183105469,0.4744895100593567,0.414585143327713,-0.07633345574140549,0.32368630170822144
297,49.500484466552734,101.67137908935547,0.47546666860580444,0.41356801986694336,-0.07711797952651978,0.32517075538635254
298,48.8303337097168,98.21089172363281,0.47476765513420105,0.4125244915485382,-0.07978608459234238,0.3255297839641571
299,49.516422271728516,102.51880645751953,0.47345712780952454,0.4114295244216919,-0.07779907435178757,0.3249395489692688
300,48.73904037475586,98.3349838256836,0.47643429040908813,0.410459965467453,-0.07844285666942596,0.32320964336395264
301,49.329219818115234,98.2983169555664,0.47616952657699585,0.40948182344436646,-0.07774414867162704,0.3232201933860779
302,49.2540168762207,102.4969253540039,0.47509142756462097,0.40846186876296997,-0.07812678813934326,0.3210635185241699
303,48.15249252319336,98.86934661865234,0.47620952129364014,0.4074901044368744,-0.07986009865999222,0.32362425327301025
304,47.80534744262695,93.39421844482422,0.47651615738868713,0.4065331816673279,-0.0745222344994545,0.32125478982925415
305,47.471065521240234,90.94547271728516,0.4748324155807495,0.4055100381374359,-0.07354693114757538,0.3224780559539795
306,47.69015884399414,91.79501342773438,0.47514286637306213,0.4045020639896393,-0.07708378881216049,0.31800714135169983
307,49.52756881713867,110.0672378540039,0.476022869348526,0.4035321772098541,-0.07665194571018219,0.3233150839805603
308,47.577938079833984,94.67179107666016,0.4762076437473297,0.40257206559181213,-0.07533001154661179,0.3163596987724304
309,47.95150375366211,98.75081634521484,0.4760628640651703,0.401608407497406,-0.07545482367277145,0.318629652261734
310,48.16360855102539,100.69963073730469,0.476247638463974,0.40065449476242065,-0.0729590430855751,0.3204275369644165
311,47.25551986694336,94.76956176757812,0.47624191641807556,0.39970263838768005,-0.06970008462667465,0.32254156470298767
312,46.660667419433594,86.83218383789062,0.47645333409309387,0.39876145124435425,-0.07442417740821838,0.3225322663784027
313,46.66190719604492,88.62096405029297,0.4755581021308899,0.39778679609298706,-0.07256781309843063,0.31952378153800964
314,47.07001876831055,94.39120483398438,0.47701334953308105,0.3968724310398102,-0.0735020712018013,0.31892266869544983
315,46.920082092285156,95.41946411132812,0.4759428799152374,0.395917683839798,-0.07053292542695999,0.3186115622520447
316,46.402339935302734,90.70729064941406,0.47705718874931335,0.3950093388557434,-0.07152961194515228,0.319428414106369
317,47.30733871459961,97.93486022949219,0.47761520743370056,0.3941251337528229,-0.07301466912031174,0.31692418456077576
318,47.97132873535156,106.96855163574219,0.47608381509780884,0.39318251609802246,-0.06938473135232925,0.31564709544181824
319,47.1661491394043,99.47315979003906,0.4772190451622009,0.3922868072986603,-0.07386951148509979,0.31693586707115173
320,47.15966796875,99.55177307128906,0.47844380140304565,0.3914411962032318,-0.07445366680622101,0.3188451826572418
321,46.262115478515625,88.74540710449219,0.47891998291015625,0.3906160593032837,-0.07696542888879776,0.316191166639328
322,46.64807891845703,95.03245544433594,0.478466659784317,0.3897749185562134,-0.07645721733570099,0.3169727027416229
323,46.11549758911133,92.26922607421875,0.4774361550807953,0.3888954222202301,-0.07559361308813095,0.31424736976623535
324,46.86664962768555,99.46961975097656,0.4766990542411804,0.3879892826080322,-0.07394111901521683,0.31657540798187256
325,46.906654357910156,104.27764129638672,0.47722095251083374,0.38710546493530273,-0.07480235397815704,0.3167925477027893
326,44.7674674987793,78.19010925292969,0.4781866669654846,0.3862610459327698,-0.07196947187185287,0.3129163384437561
327,46.13142776489258,96.91917419433594,0.4772552251815796,0.3853825032711029,-0.07368754595518112,0.31471940875053406
328,45.893890380859375,94.81392669677734,0.4771733582019806,0.3845027983188629,-0.0738036036491394,0.31201571226119995
329,45.45647048950195,93.95936584472656,0.4775085747241974,0.3836379945278168,-0.07434769719839096,0.3143255412578583
330,45.80817413330078,91.55335235595703,0.47722288966178894,0.38276416063308716,-0.0712311640381813,0.314691960811615
331,45.43352508544922,92.5754623413086,0.4781981110572815,0.3819296658039093,-0.06895533204078674,0.31509363651275635
332,45.6711540222168,92.6647720336914,0.47765904664993286,0.3810763955116272,-0.06802438944578171,0.3129567801952362
333,45.98275375366211,100.05390930175781,0.4773999750614166,0.3802151381969452,-0.06717229634523392,0.31385716795921326
334,45.502098083496094,93.07744598388672,0.47694286704063416,0.37933847308158875,-0.06807500869035721,0.31243896484375
335,45.1113395690918,91.17964935302734,0.47781333327293396,0.37849685549736023,-0.06777064502239227,0.3105221688747406
336,44.98970031738281,87.44402313232422,0.4781314432621002,0.37766915559768677,-0.06826318055391312,0.3115493357181549
337,44.45417785644531,87.31493377685547,0.4784114360809326,0.3768538236618042,-0.06626582890748978,0.3129608929157257
338,44.04804229736328,82.08988952636719,0.4800114333629608,0.3761005401611328,-0.06474897265434265,0.3138950765132904
339,43.95258331298828,82.696044921875,0.47826287150382996,0.37528300285339355,-0.06615535914897919,0.31121206283569336
340,44.9036979675293,92.25257873535156,0.47936952114105225,0.3745087683200836,-0.06590285897254944,0.3111613392829895
341,45.21186065673828,92.99483489990234,0.47847044467926025,0.3737024664878845,-0.06781535595655441,0.315339595079422
342,45.05526351928711,94.66509246826172,0.4807676076889038,0.3729837238788605,-0.0684211477637291,0.31521111726760864
343,44.108333587646484,87.61338806152344,0.4797523617744446,0.3722285032272339,-0.06566593796014786,0.31077203154563904
344,43.921932220458984,84.5,0.4808266758918762,0.37151479721069336,-0.06889200955629349,0.309626966714859
345,44.170143127441406,93.91218566894531,0.48091810941696167,0.37080588936805725,-0.06486234068870544,0.3106370270252228
346,44.52628707885742,89.99056243896484,0.48057523369789124,0.37008562684059143,-0.06136469915509224,0.3136862814426422
347,43.83306884765625,89.60521697998047,0.48046091198921204,0.3693625032901764,-0.06171711906790733,0.3113948106765747
348,44.44813919067383,96.8099594116211,0.48012760281562805,0.36862850189208984,-0.056198347359895706,0.309952974319458
349,44.32001876831055,93.30783081054688,0.4807238280773163,0.3679179251194,-0.060390301048755646,0.309142529964447
350,44.731529235839844,97.79956817626953,0.48076194524765015,0.36721011996269226,-0.05822690203785896,0.3110010623931885
351,44.667762756347656,97.93733215332031,0.4801504611968994,0.366481214761734,-0.05720609053969383,0.3105233907699585
352,43.4415283203125,85.13079071044922,0.4815542995929718,0.3658052086830139,-0.05521831288933754,0.3114951550960541
353,43.72955322265625,87.90803527832031,0.482510507106781,0.36516544222831726,-0.05601208657026291,0.30952441692352295
354,43.685813903808594,89.58403778076172,0.4811885952949524,0.36447852849960327,-0.05969028174877167,0.3133805990219116
355,44.369747161865234,94.22576141357422,0.48219427466392517,0.3638295531272888,-0.054544538259506226,0.31340914964675903
356,42.82337951660156,82.28936004638672,0.4817504584789276,0.36316558718681335,-0.05783441290259361,0.30998650193214417
357,43.73157501220703,88.01854705810547,0.48174476623535156,0.3625026345252991,-0.05554378777742386,0.3109693229198456
358,45.25198745727539,105.9736328125,0.48149144649505615,0.3618316948413849,-0.05526149272918701,0.30790820717811584
359,43.93095397949219,92.31768035888672,0.48238667845726013,0.3611944019794464,-0.0545002818107605,0.307172954082489
360,43.079002380371094,89.02079772949219,0.4806818962097168,0.3604966402053833,-0.057310234755277634,0.30736327171325684
361,43.00944900512695,86.97172546386719,0.4810342788696289,0.3598129451274872,-0.054234277456998825,0.306621789932251
362,42.3026237487793,83.24491119384766,0.4812190532684326,0.3591371774673462,-0.056043826043605804,0.305764377117157
363,42.20656967163086,81.77364349365234,0.48136764764785767,0.35846802592277527,-0.059770241379737854,0.30899158120155334
364,42.26860046386719,79.9277114868164,0.4819142818450928,0.35781970620155334,-0.05482807382941246,0.3101125955581665
365,42.47086715698242,84.155517578125,0.4816266596317291,0.3571622669696808,-0.058522410690784454,0.3066321611404419
366,42.64200973510742,84.81629180908203,0.4825752079486847,0.35653990507125854,-0.05974001809954643,0.30662310123443604
367,41.99250030517578,83.92623138427734,0.4827485680580139,0.3559248149394989,-0.05544181913137436,0.30947229266166687
368,42.54439926147461,86.28759765625,0.4818742871284485,0.35527968406677246,-0.053718484938144684,0.306745320558548
369,42.988468170166016,92.74951171875,0.48289331793785095,0.3546719253063202,-0.05371016636490822,0.30538204312324524
370,42.94784927368164,90.6404037475586,0.48408952355384827,0.3541076183319092,-0.05406626686453819,0.3067988455295563
371,42.99070358276367,94.63467407226562,0.48317524790763855,0.35351184010505676,-0.053692035377025604,0.3067649006843567
372,42.324058532714844,86.75811004638672,0.482259064912796,0.3528846800327301,-0.05398038029670715,0.3057588040828705
373,43.485904693603516,98.37158203125,0.48195236921310425,0.35224780440330505,-0.051649607717990875,0.30563074350357056
374,41.47039794921875,82.30512237548828,0.4829999804496765,0.3516489863395691,-0.05369192734360695,0.3067728579044342
375,42.241600036621094,89.32494354248047,0.4828152358531952,0.3510446846485138,-0.05109109356999397,0.3063652813434601
376,41.946834564208984,86.65247344970703,0.4827599823474884,0.35043948888778687,-0.052158500999212265,0.3054300546646118
377,42.09299850463867,87.97450256347656,0.4826761484146118,0.3498323857784271,-0.0459812730550766,0.30528876185417175
378,42.289669036865234,93.27897644042969,0.4828057289123535,0.34923088550567627,-0.046858929097652435,0.3058682382106781
379,41.47691345214844,80.92335510253906,0.4816228747367859,0.34858909249305725,-0.04662645235657692,0.30606046319007874
380,41.632957458496094,88.27325439453125,0.4825352132320404,0.3479802906513214,-0.048076286911964417,0.30388110876083374
381,41.62526321411133,85.74468231201172,0.4834095239639282,0.34740298986434937,-0.04394618049263954,0.3064408302307129
382,41.189598083496094,78.02302551269531,0.4844019412994385,0.3468611240386963,-0.04669010266661644,0.30635401606559753
383,40.51713562011719,76.79210662841797,0.48276761174201965,0.34626340866088867,-0.043684832751750946,0.30245786905288696
384,41.55751419067383,87.66907501220703,0.4820266664028168,0.3456410765647888,-0.044291071593761444,0.3041214346885681
385,41.003135681152344,82.74846649169922,0.48319241404533386,0.3450601398944855,-0.040887847542762756,0.3048610985279083
386,41.13227081298828,86.74207305908203,0.4832609295845032,0.34448254108428955,-0.04360663890838623,0.30601662397384644
387,41.61705017089844,87.37124633789062,0.48369336128234863,0.3439207971096039,-0.041217684745788574,0.3031657636165619
388,40.669097900390625,77.8803482055664,0.4836209714412689,0.34335750341415405,-0.04086329787969589,0.30320820212364197
389,41.023380279541016,85.20295715332031,0.4833104610443115,0.34278446435928345,-0.04208226874470711,0.3028595447540283
390,41.11041259765625,90.52525329589844,0.48255810141563416,0.3421865701675415,-0.03846136853098869,0.3045775890350342
391,40.5560188293457,81.51048278808594,0.4858247637748718,0.3417015075683594,-0.03516652062535286,0.3036019802093506
392,40.89601516723633,84.07771301269531,0.4854704439640045,0.34120503067970276,-0.03436626121401787,0.30026349425315857
393,40.649715423583984,82.26222229003906,0.4831923842430115,0.34063154458999634,-0.0316493846476078,0.30221495032310486
394,40.80689239501953,83.46981048583984,0.48358091711997986,0.34007224440574646,-0.029574858024716377,0.3018726706504822
395,40.87168502807617,87.36978912353516,0.48420950770378113,0.33953526616096497,-0.029947679489850998,0.3007993698120117
396,40.57809829711914,85.5971450805664,0.48348569869995117,0.33897456526756287,-0.028467915952205658,0.30179789662361145
397,41.149784088134766,90.54472351074219,0.4835485816001892,0.3384169042110443,-0.026479236781597137,0.3013627827167511
398,39.01115036010742,71.56531524658203,0.48372191190719604,0.33786603808403015,-0.027587326243519783,0.3007887601852417
399,40.3614501953125,85.41614532470703,0.4844038188457489,0.3373391032218933,-0.029441693797707558,0.3009021580219269
400,41.38691711425781,96.79491424560547,0.4849485754966736,0.33683136105537415,-0.02565622515976429,0.30218610167503357
401,41.3806037902832,93.65713500976562,0.4845733344554901,0.3363117277622223,-0.026332302019000053,0.3004581928253174
402,40.176979064941406,85.45752716064453,0.48501718044281006,0.33580783009529114,-0.02763253077864647,0.29972386360168457
403,40.59678268432617,87.89120483398438,0.48407241702079773,0.33527296781539917,-0.026213284581899643,0.3009319305419922
404,40.03400421142578,83.09678649902344,0.48473143577575684,0.3347610533237457,-0.024956991896033287,0.3036561608314514
405,41.545005798339844,100.23362731933594,0.4830590486526489,0.3341939449310303,-0.024413591250777245,0.3014751076698303
406,39.820247650146484,83.39151763916016,0.4831085801124573,0.33362945914268494,-0.022640995681285858,0.29908111691474915
407,40.726287841796875,90.07401275634766,0.48442474007606506,0.3331098258495331,-0.021463124081492424,0.2980755567550659
408,40.12799835205078,86.87385559082031,0.48437148332595825,0.3325892388820648,-0.021763188764452934,0.2999410927295685
409,39.29348373413086,76.93766784667969,0.48460572957992554,0.3320772349834442,-0.02108583226799965,0.29787254333496094
410,40.02061080932617,84.90231323242188,0.4846324026584625,0.3315669000148773,-0.021243451163172722,0.29871702194213867
411,40.31510543823242,89.43738555908203,0.48418092727661133,0.3310423791408539,-0.018817171454429626,0.2996177673339844
412,39.0323371887207,77.72624969482422,0.4837809205055237,0.33050546050071716,-0.018204666674137115,0.2984490692615509
413,39.5306282043457,81.46092987060547,0.4844019412994385,0.3299899399280548,-0.015394660644233227,0.2976208031177521
414,39.59375762939453,84.44295501708984,0.48377713561058044,0.32945460081100464,-0.013432001695036888,0.29552507400512695
415,39.29788589477539,78.85334777832031,0.4841066300868988,0.32893097400665283,-0.011922587640583515,0.29746219515800476
416,39.04734420776367,76.91246032714844,0.48491811752319336,0.32843488454818726,-0.012615685351192951,0.29750683903694153
417,40.374305725097656,91.2516860961914,0.48547428846359253,0.32795780897140503,-0.011402791365981102,0.2939199209213257
418,40.09055709838867,87.86528015136719,0.4841923713684082,0.3274393677711487,-0.013252044096589088,0.2950897812843323
419,39.07831573486328,74.9359130859375,0.48306283354759216,0.32688477635383606,-0.011150218546390533,0.29439687728881836
420,40.000244140625,84.79672241210938,0.48432764410972595,0.3263724744319916,-0.011150377802550793,0.29710522294044495
421,39.140357971191406,79.70372009277344,0.4846552312374115,0.32587167620658875,-0.010256508365273476,0.2955479621887207
422,39.30436325073242,80.49110412597656,0.4848133325576782,0.3253767788410187,-0.010746740736067295,0.29821595549583435
423,38.9175910949707,79.7594223022461,0.4847275912761688,0.32487985491752625,-0.01170328725129366,0.29821616411209106
424,39.39386749267578,84.63897705078125,0.485175222158432,0.3243982195854187,-0.010297533124685287,0.2968583106994629
425,39.477928161621094,85.46257019042969,0.4852305054664612,0.3239190876483917,-0.008301605470478535,0.2965397536754608
426,38.09325408935547,70.4692153930664,0.4849904477596283,0.32343289256095886,-0.010449202731251717,0.29459258913993835
427,38.37538528442383,74.55997467041016,0.48526474833488464,0.32295629382133484,-0.008541359566152096,0.29502952098846436
428,39.63931655883789,89.21002960205078,0.48630857467651367,0.3225141167640686,-0.010463805869221687,0.29660677909851074
429,38.51457214355469,77.29492950439453,0.4844856858253479,0.3220137655735016,-0.010251144878566265,0.2932138442993164
430,39.121917724609375,82.18927001953125,0.48710858821868896,0.3215986490249634,-0.011341040953993797,0.293338805437088
431,38.73857879638672,77.40702819824219,0.4858895242214203,0.32114487886428833,-0.009558496065437794,0.28957417607307434
432,37.90914535522461,74.53801727294922,0.48688003420829773,0.3207235336303711,-0.010084937326610088,0.2911471426486969
433,38.07489776611328,76.29522705078125,0.48534858226776123,0.3202536404132843,-0.01230674795806408,0.29080525040626526
434,38.74720764160156,82.08370208740234,0.48550665378570557,0.31978946924209595,-0.010933417826890945,0.29359671473503113
435,38.12746810913086,77.5299301147461,0.4856913983821869,0.3193318843841553,-0.010096116922795773,0.29312458634376526
436,38.73790740966797,81.88301086425781,0.4866609275341034,0.31890591979026794,-0.01045374944806099,0.2918703854084015
437,38.7290153503418,80.95704650878906,0.48571428656578064,0.31845036149024963,-0.010509650222957134,0.2933691740036011
438,38.50260543823242,81.3583984375,0.48561522364616394,0.31799226999282837,-0.012279914692044258,0.2933121919631958
439,38.49338150024414,81.06573486328125,0.48756951093673706,0.31759700179100037,-0.013129450380802155,0.29188400506973267
440,38.32097244262695,77.65682983398438,0.4866190552711487,0.31717202067375183,-0.012920774519443512,0.29208287596702576
441,38.726497650146484,83.85324096679688,0.48648568987846375,0.316743403673172,-0.011286845430731773,0.29060325026512146
442,39.14023971557617,89.45343017578125,0.4858533442020416,0.316295325756073,-0.008145395666360855,0.29162538051605225
443,38.47490692138672,81.6602554321289,0.4860362112522125,0.31585365533828735,-0.010072731412947178,0.29110705852508545
444,37.51955795288086,74.55789947509766,0.48730096220970154,0.31545254588127136,-0.008502453565597534,0.28963303565979004
445,37.96198272705078,75.45614624023438,0.4862171709537506,0.3150177597999573,-0.012401998974382877,0.2883283197879791
446,37.25536346435547,72.8105697631836,0.48636189103126526,0.31458812952041626,-0.00827831495553255,0.29170313477516174
447,37.87800216674805,80.4481201171875,0.48661521077156067,0.3141670525074005,-0.010417823679745197,0.29005858302116394
448,36.92219543457031,68.49559020996094,0.4877047538757324,0.3137807846069336,-0.007878881879150867,0.2882189154624939
449,38.65353012084961,87.62237548828125,0.48648950457572937,0.31335684657096863,-0.009929313324391842,0.28874343633651733
450,38.54134750366211,84.91600036621094,0.4880761504173279,0.3129832148551941,-0.009034507907927036,0.29217207431793213
451,37.820648193359375,77.72537231445312,0.4870152175426483,0.3125768005847931,-0.01070968247950077,0.29072263836860657
452,38.339595794677734,86.99301147460938,0.4863657057285309,0.31215062737464905,-0.005456885322928429,0.2891218662261963
453,37.96643829345703,84.89847564697266,0.4865790605545044,0.3117316961288452,-0.0048571438528597355,0.288406640291214
454,37.349082946777344,74.9573745727539,0.48726287484169006,0.31133463978767395,-0.0008707602974027395,0.29069894552230835
455,36.33072280883789,62.856971740722656,0.48838284611701965,0.3109729588031769,-0.003899655304849148,0.28937169909477234
456,38.088314056396484,81.81143951416016,0.486916184425354,0.31056609749794006,-0.005563009064644575,0.2897048592567444
457,37.50266647338867,79.17829895019531,0.48717716336250305,0.3101678788661957,-0.0029826683457940817,0.29123973846435547
458,37.63578414916992,78.12736511230469,0.48643046617507935,0.30974698066711426,-0.0029209081549197435,0.2895587086677551
459,37.67612075805664,77.32271575927734,0.4868704676628113,0.30934029817581177,-0.0023471410386264324,0.2877131402492523
460,37.049678802490234,73.84184265136719,0.48776572942733765,0.3089618384838104,0.0002825290721375495,0.2877487242221832
461,37.50498580932617,78.81196594238281,0.4876628518104553,0.3085806667804718,0.004041082691401243,0.29070425033569336
462,37.201194763183594,74.59671020507812,0.48674288392066956,0.3081715703010559,0.002175424713641405,0.2871209681034088
463,37.557411193847656,81.48469543457031,0.4888095259666443,0.3078267276287079,0.005986918695271015,0.28809916973114014
464,37.54195022583008,76.83146667480469,0.4889276325702667,0.3074859082698822,0.008312135003507137,0.28849729895591736
465,36.970619201660156,73.40573120117188,0.4887733459472656,0.3071407079696655,0.005910278297960758,0.28681108355522156
466,36.99345397949219,73.2923812866211,0.488904744386673,0.30679991841316223,0.009843260981142521,0.2881004810333252
467,36.69125747680664,71.06769561767578,0.4896724224090576,0.30648306012153625,0.008019177243113518,0.29022446274757385
468,37.37809753417969,80.16631317138672,0.48842859268188477,0.3061284124851227,0.009353520348668098,0.2871907949447632
469,37.695343017578125,82.4087905883789,0.48941144347190857,0.3058042526245117,0.007304697297513485,0.2880154252052307
470,37.954978942871094,88.43385314941406,0.4877314865589142,0.305429071187973,0.008536706678569317,0.28716596961021423
471,37.053707122802734,79.69926452636719,0.4885752499103546,0.3050801157951355,0.009335019625723362,0.2883075177669525
472,37.905094146728516,86.90595245361328,0.4879980981349945,0.3047139644622803,0.009034802205860615,0.2881816029548645
473,36.6240234375,73.46715545654297,0.48931241035461426,0.30438828468322754,0.011198364198207855,0.2857392132282257
474,36.294734954833984,69.6722640991211,0.48782476782798767,0.30401769280433655,0.008640855550765991,0.2848959267139435
475,36.128482818603516,69.94425201416016,0.48915427923202515,0.3036879599094391,0.00911447312682867,0.28683170676231384
476,36.676963806152344,79.01343536376953,0.4885181188583374,0.30333927273750305,0.010033790953457355,0.2860316336154938
477,36.52349090576172,77.81135559082031,0.48716381192207336,0.3029499053955078,0.009385812096297741,0.2867150604724884
478,37.250125885009766,81.44090270996094,0.48863619565963745,0.30260565876960754,0.010858339257538319,0.28511878848075867
479,36.2838249206543,74.30323028564453,0.4868876338005066,0.30220887064933777,0.008712981827557087,0.28284913301467896
480,36.87247848510742,80.54267883300781,0.4871523678302765,0.3018206059932709,0.011144198477268219,0.2848435938358307
481,36.008079528808594,73.75955200195312,0.488716185092926,0.3014800250530243,0.011284058913588524,0.28382059931755066
482,36.62854766845703,78.27796936035156,0.48693713545799255,0.3010862171649933,0.011518368497490883,0.28388890624046326
483,36.182159423828125,73.64291381835938,0.4876056909561157,0.30071303248405457,0.011765616945922375,0.2846819758415222
484,35.63607406616211,69.16896057128906,0.4879104495048523,0.30034947395324707,0.009667838923633099,0.2846073806285858
485,36.797672271728516,80.52579498291016,0.4890095293521881,0.30001938343048096,0.007399452850222588,0.28344056010246277
486,37.40237045288086,87.9959945678711,0.4888971745967865,0.2996862828731537,0.005617982242256403,0.28344571590423584
487,36.389617919921875,77.95079803466797,0.48941144347190857,0.2993689477443695,0.00385882705450058,0.28433409333229065
488,37.06568908691406,85.77430725097656,0.4870723783969879,0.2989819347858429,0.0042561418376863,0.2829947769641876
489,36.92510223388672,78.29461669921875,0.48880380392074585,0.2986471951007843,0.0008810747531242669,0.28379878401756287
490,36.72166442871094,81.734619140625,0.48758095502853394,0.29827630519866943,0.0025623769033700228,0.2828613221645355
491,36.39858627319336,78.37464904785156,0.4873638153076172,0.29789939522743225,0.0025147704873234034,0.2831697165966034
492,36.10655212402344,73.94715118408203,0.48775431513786316,0.2975345849990845,-0.0005091850180178881,0.28289303183555603
493,36.377445220947266,79.2965087890625,0.48676764965057373,0.29714086651802063,-0.0005515528027899563,0.2808176577091217
494,35.87860870361328,73.90473175048828,0.48697713017463684,0.2967539131641388,0.00014388372073881328,0.28010284900665283
495,36.907920837402344,83.94884490966797,0.4862838089466095,0.29634687304496765,-0.0007243159343488514,0.27967843413352966
496,35.8702507019043,71.29199981689453,0.4869809150695801,0.29596105217933655,-0.004089618567377329,0.2813642919063568
497,37.31193923950195,88.14480590820312,0.48748764395713806,0.29559072852134705,-0.005274239461869001,0.2808662950992584
498,35.967830657958984,73.73284149169922,0.4882609248161316,0.2952437400817871,-0.005349304527044296,0.279482364654541
499,35.63787078857422,72.36229705810547,0.48707619309425354,0.29486215114593506,-0.009595968760550022,0.2827785909175873
500,36.75791549682617,81.85591125488281,0.4873219132423401,0.2944883406162262,-0.011292072013020515,0.28096625208854675
501,36.05032730102539,77.91971588134766,0.48695236444473267,0.29410409927368164,-0.009487468749284744,0.2800552248954773
502,35.849334716796875,74.46890258789062,0.4871314465999603,0.2937256395816803,-0.010437138378620148,0.2807510793209076
503,36.0667724609375,77.41212463378906,0.4872133433818817,0.29335007071495056,-0.01305597834289074,0.2794918119907379
504,34.97087097167969,60.19232177734375,0.486519992351532,0.29295462369918823,-0.011978758499026299,0.2789759635925293
505,35.21146011352539,67.65756225585938,0.4888724088668823,0.2926286458969116,-0.018084168434143066,0.2824960947036743
506,35.12737274169922,67.31160736083984,0.4880247414112091,0.2922782301902771,-0.01804724708199501,0.2805350124835968
507,36.124080657958984,73.71853637695312,0.4886742830276489,0.29194721579551697,-0.01927429810166359,0.27988311648368835
508,35.74764633178711,73.47928619384766,0.4897638261318207,0.29164838790893555,-0.01699318364262581,0.2809770703315735
509,34.95030975341797,61.63243103027344,0.4886704683303833,0.29131796956062317,-0.02003202959895134,0.2803618311882019
510,35.577640533447266,69.11029052734375,0.4895942807197571,0.29101482033729553,-0.018863989040255547,0.278525710105896
511,36.239009857177734,77.27263641357422,0.48852381110191345,0.290680855512619,-0.02019691653549671,0.27924272418022156
512,35.95012283325195,77.20500946044922,0.48929527401924133,0.2903696894645691,-0.016919607296586037,0.27850693464279175
513,35.601905822753906,72.6209487915039,0.48807811737060547,0.2900235056877136,-0.017572278156876564,0.28111475706100464
514,35.546817779541016,74.67732238769531,0.48955807089805603,0.28972065448760986,-0.01916774921119213,0.2795678973197937
515,34.56764602661133,62.247108459472656,0.49016380310058594,0.2894356846809387,-0.02081865631043911,0.2786911725997925
516,35.586151123046875,73.33351135253906,0.4889942705631256,0.28911712765693665,-0.021930577233433723,0.2783015966415405
517,35.40773391723633,73.18360900878906,0.4906209707260132,0.288845956325531,-0.020839616656303406,0.2792598605155945
518,34.990997314453125,68.49815368652344,0.4915066957473755,0.2886006236076355,-0.020038196817040443,0.27875879406929016
519,34.820804595947266,65.2389907836914,0.4887256920337677,0.28827524185180664,-0.019092615693807602,0.2790667712688446
520,35.574588775634766,77.43572235107422,0.49102097749710083,0.2880164086818695,-0.015791030600667,0.27828696370124817
521,34.67302322387695,63.274478912353516,0.4900857210159302,0.287730872631073,-0.014750358648598194,0.27980658411979675
522,35.82270431518555,80.06427764892578,0.49063241481781006,0.2874613404273987,-0.017233209684491158,0.27765393257141113
523,36.22738265991211,80.88098907470703,0.48992764949798584,0.28717178106307983,-0.01898328773677349,0.27946552634239197
524,35.796104431152344,76.00214385986328,0.49016764760017395,0.2868894338607788,-0.019182760268449783,0.2793582081794739
525,35.2325325012207,75.28714752197266,0.4916171431541443,0.2866489291191101,-0.016982130706310272,0.2758869230747223
526,35.535945892333984,78.24725341796875,0.48995235562324524,0.2863609194755554,-0.017235858365893364,0.27797839045524597
527,35.65778732299805,80.44093322753906,0.48980191349983215,0.2860688865184784,-0.018355533480644226,0.2802279591560364
528,35.61662292480469,80.04679870605469,0.4911123812198639,0.28581464290618896,-0.018318334594368935,0.2784024178981781
529,34.82530975341797,73.58922576904297,0.49078288674354553,0.28555119037628174,-0.016614172607660294,0.27653661370277405
530,35.50517272949219,75.91204071044922,0.4900857210159302,0.285268098115921,-0.014013155363500118,0.27688172459602356
531,33.401580810546875,51.747703552246094,0.48922857642173767,0.2849608361721039,-0.013648955151438713,0.2757740914821625
532,34.82340621948242,68.49195098876953,0.49196764826774597,0.2847319543361664,-0.012316442094743252,0.2784682512283325
533,34.95877456665039,71.8031234741211,0.489836186170578,0.28444257378578186,-0.009510462172329426,0.2758047878742218
534,35.21978759765625,77.05252838134766,0.49085140228271484,0.2841823399066925,-0.011448830366134644,0.2765679359436035
535,35.76921844482422,80.69315338134766,0.4909771680831909,0.2839259207248688,-0.012238280847668648,0.27644580602645874
536,35.66209030151367,76.31156921386719,0.4895276427268982,0.28362858295440674,-0.008049484342336655,0.27491453289985657
537,35.5958137512207,79.972900390625,0.4891638159751892,0.28332123160362244,-0.008194424211978912,0.2761813998222351
538,34.56108474731445,70.01130676269531,0.4896209239959717,0.28302717208862305,-0.0073785604909062386,0.2748183012008667
539,34.47864532470703,67.86160278320312,0.4908456802368164,0.2827681005001068,-0.008791004307568073,0.27536019682884216
540,35.09215545654297,73.13143920898438,0.48950856924057007,0.2824714183807373,-0.006484305951744318,0.2771068811416626
541,34.32178497314453,68.59288787841797,0.4912133514881134,0.2822232246398926,-0.006593191996216774,0.2778802514076233
542,35.28740310668945,76.53109741210938,0.49076950550079346,0.28196272253990173,-0.0029596935492008924,0.2753078043460846
543,34.08163833618164,66.14324951171875,0.4908304512500763,0.2817041873931885,-0.0038068906869739294,0.27434226870536804
544,34.85856628417969,70.35606384277344,0.4917771816253662,0.2814725339412689,-0.006315386854112148,0.27282267808914185
545,34.54048538208008,69.21615600585938,0.48969903588294983,0.28118258714675903,-0.0037783903535455465,0.27445903420448303
546,34.64849090576172,69.67127990722656,0.49195241928100586,0.28095629811286926,-0.004031965509057045,0.27473095059394836
547,35.224918365478516,73.61141204833984,0.49009522795677185,0.28067803382873535,-0.003960699774324894,0.27565768361091614
548,34.373313903808594,68.90291595458984,0.4903866648674011,0.28040820360183716,-0.005284660495817661,0.27413737773895264
549,35.05912399291992,76.91769409179688,0.49072569608688354,0.28014814853668213,-0.0008728714310564101,0.27444666624069214
550,34.744808197021484,72.71308898925781,0.49026283621788025,0.27987536787986755,-0.0027418737299740314,0.2733248770236969
551,34.70845413208008,72.8982162475586,0.49221718311309814,0.2796575427055359,8.41178116388619e-05,0.27366840839385986
552,33.8703727722168,63.192684173583984,0.4911257326602936,0.27940934896469116,0.00018319861555937678,0.2736681401729584
553,34.59552001953125,71.03543853759766,0.49121522903442383,0.2791638970375061,0.003100136062130332,0.2741219401359558
554,34.78445816040039,78.4104232788086,0.4913371503353119,0.27892205119132996,0.0037830076180398464,0.27471020817756653
555,34.147544860839844,69.07196807861328,0.4908781051635742,0.2786676287651062,0.00013486432726494968,0.2720518708229065
556,33.34738540649414,53.45170211791992,0.4903828501701355,0.27839961647987366,-0.0015020983992144465,0.2712760269641876
557,34.47842025756836,72.68710327148438,0.49042096734046936,0.27813294529914856,-0.001252347487024963,0.2707180678844452
558,33.544437408447266,62.742156982421875,0.48995241522789,0.27785348892211914,-0.001053141662850976,0.27055463194847107
559,34.40647888183594,73.0135726928711,0.49161142110824585,0.277620404958725,-0.0016733852680772543,0.27109068632125854
560,35.31393051147461,80.62406921386719,0.4916723966598511,0.2773892283439636,-0.0007413970888592303,0.27329203486442566
561,34.21924591064453,67.0385971069336,0.4902152121067047,0.2771178185939789,-0.0007704657618887722,0.27117273211479187
562,34.525760650634766,72.53490447998047,0.49061334133148193,0.2768577039241791,-0.0021628953982144594,0.27222102880477905
563,34.9366455078125,77.10252380371094,0.49065521359443665,0.2765989899635315,-0.0012152560520917177,0.27379679679870605
564,34.48019790649414,70.9048843383789,0.491666704416275,0.27636849880218506,-0.0003761239640880376,0.27078136801719666
565,33.795684814453125,65.77751922607422,0.49104952812194824,0.2761211395263672,-0.00046377943363040686,0.2729421555995941
566,33.88633728027344,64.95684051513672,0.49075615406036377,0.2758658826351166,-0.0003609506238717586,0.2708824574947357
567,33.432373046875,58.71651840209961,0.49221521615982056,0.27565112709999084,-0.0012140865437686443,0.27104800939559937
568,34.832645416259766,78.32978820800781,0.4920819103717804,0.27543288469314575,-0.000425215665018186,0.2722955048084259
569,33.30003356933594,57.50886917114258,0.4925714433193207,0.2752282917499542,-0.0028155327308923006,0.2719652056694031
570,33.80854034423828,67.50079345703125,0.4920704960823059,0.27501004934310913,-0.00036440236726775765,0.2732482850551605
571,33.87472915649414,65.31856536865234,0.49249905347824097,0.2748037874698639,0.0012296957429498434,0.2715851962566376
572,34.10865783691406,67.27513122558594,0.49349525570869446,0.2746250331401825,0.0016488598193973303,0.2720513343811035
573,35.062984466552734,79.12153625488281,0.4936095178127289,0.27444952726364136,0.0034170763101428747,0.2708701491355896
574,33.52926254272461,62.53216552734375,0.4927428662776947,0.2742503583431244,-0.001515001174993813,0.2708744406700134
575,33.989288330078125,70.62687683105469,0.49211999773979187,0.2740342617034912,0.0008905270951800048,0.2705272436141968
576,33.7979736328125,68.12542724609375,0.4922819435596466,0.27382275462150574,-8.045848517213017e-05,0.2738783061504364
577,33.56904602050781,64.11042022705078,0.49137336015701294,0.27358654141426086,-0.0035543653648346663,0.27167609333992004
578,33.81950378417969,70.06192779541016,0.4917066991329193,0.27335965633392334,-0.0037517293822020292,0.2706768810749054
579,33.999542236328125,72.70162963867188,0.4906381070613861,0.2731037437915802,-0.005591372959315777,0.2695890963077545
580,33.36186981201172,63.41984939575195,0.49154284596443176,0.27287277579307556,-0.003297380870208144,0.27186471223831177
581,33.665470123291016,67.25476837158203,0.49254289269447327,0.2726692855358124,-0.0028628853615373373,0.2717674672603607
582,33.80892562866211,70.76477813720703,0.4914533495903015,0.2724362313747406,-0.004505625925958157,0.2702672481536865
583,33.585784912109375,65.16988372802734,0.49048763513565063,0.2721770703792572,-0.003296832786872983,0.2712151110172272
584,33.10236358642578,62.32920837402344,0.4918324053287506,0.2719547748565674,-0.0022670277394354343,0.2703303396701813
585,33.61677551269531,68.27609252929688,0.4925067126750946,0.2717509865760803,0.001055814209394157,0.2706794738769531
586,33.74332809448242,69.99610900878906,0.49248573184013367,0.27154678106307983,0.0009100529132410884,0.2692261338233948
587,33.77973175048828,69.81998443603516,0.4936704635620117,0.27137491106987,0.000266888877376914,0.2697960436344147
588,33.8045654296875,71.11678314208984,0.49213525652885437,0.2711614668369293,0.0024059410206973553,0.2709299325942993
589,33.35698318481445,65.92567443847656,0.4931333363056183,0.270975261926651,0.000715042173396796,0.27162232995033264
590,33.6544075012207,68.94198608398438,0.4927466809749603,0.27077871561050415,0.00266458373516798,0.2701180875301361
591,33.36436080932617,67.77924346923828,0.491464763879776,0.2705475986003876,0.004195517394691706,0.2695583999156952
592,33.71686935424805,69.84207153320312,0.4937904477119446,0.27037960290908813,0.008479464799165726,0.2669074535369873
593,33.86716842651367,73.40625762939453,0.4919142723083496,0.270160973072052,0.005680346395820379,0.26928937435150146
594,33.928802490234375,73.1992416381836,0.49154093861579895,0.26993244886398315,0.008683952502906322,0.2687310576438904
595,33.613853454589844,67.40034484863281,0.49182671308517456,0.26971182227134705,0.008495191112160683,0.2693098485469818
596,32.939208984375,60.99658203125,0.4909561574459076,0.26946789026260376,0.008711532689630985,0.2710893452167511
597,33.058650970458984,63.9984130859375,0.49251046776771545,0.2692660689353943,0.007739554159343243,0.26970362663269043
598,33.83762741088867,74.99684143066406,0.49197906255722046,0.26905009150505066,0.011766932904720306,0.2709072530269623
599,34.254268646240234,77.80901336669922,0.4924742877483368,0.26884761452674866,0.009502917528152466,0.2693980634212494
600,33.20768737792969,64.40398406982422,0.49120569229125977,0.26861119270324707,0.004500550217926502,0.26953157782554626
601,34.013648986816406,74.45895385742188,0.4914266765117645,0.26838091015815735,0.00796783808618784,0.26879724860191345
602,33.41913986206055,68.77825927734375,0.4907752573490143,0.26813334226608276,0.00724122766405344,0.26949185132980347
603,33.536460876464844,71.79370880126953,0.4909600019454956,0.26789093017578125,0.006720623001456261,0.26656973361968994
604,32.38043975830078,54.168701171875,0.4915505051612854,0.2676645815372467,0.0038400173652917147,0.2691538631916046
605,33.08245086669922,65.74468994140625,0.4921238124370575,0.26745375990867615,0.006837922614067793,0.2705053985118866
606,33.13625717163086,65.35962677001953,0.4918304681777954,0.26723527908325195,0.006047151982784271,0.2687651216983795
607,33.33222961425781,66.77885437011719,0.4925619065761566,0.267036497592926,0.006477667484432459,0.2682020366191864
608,34.00068283081055,76.92200469970703,0.49176764488220215,0.266816645860672,0.003897274611517787,0.26781216263771057
609,33.48759078979492,69.56285858154297,0.49420952796936035,0.2666621506214142,0.001362037262879312,0.26885902881622314
610,32.49778747558594,60.301475524902344,0.49110856652259827,0.2664250433444977,0.001056481502018869,0.2680010199546814
611,32.76519012451172,60.12311935424805,0.4916324019432068,0.2662021219730377,-0.0013150173472240567,0.26623058319091797
612,32.76588821411133,59.15160369873047,0.49078094959259033,0.26595669984817505,0.0010719888377934694,0.26917821168899536
613,32.65470504760742,61.838401794433594,0.4934590458869934,0.26578274369239807,0.0022992114536464214,0.26647648215293884
614,33.409183502197266,70.74396514892578,0.4928247928619385,0.2655920386314392,0.0005974189843982458,0.2668134570121765
615,32.95282745361328,66.2836685180664,0.49352189898490906,0.26541998982429504,0.0031811955850571394,0.2678399384021759
616,33.84363555908203,75.05967712402344,0.49446287751197815,0.26527300477027893,0.0012327227741479874,0.2670277953147888
617,33.36518478393555,67.87541961669922,0.49367812275886536,0.26510530710220337,-0.0013756545959040523,0.2674677073955536
618,33.23732376098633,64.69094848632812,0.49402856826782227,0.26494699716567993,-0.0022812497336417437,0.2663540542125702
619,33.15655517578125,66.79878234863281,0.4929981231689453,0.26476147770881653,-0.0042166942730546,0.26838797330856323
620,32.915889739990234,61.82601547241211,0.492310494184494,0.2645578980445862,-0.0014418162172660232,0.266770601272583
621,33.81622314453125,71.6961898803711,0.49124953150749207,0.26432639360427856,-0.0035514645278453827,0.26805368065834045
622,33.35748291015625,70.86469268798828,0.4931199848651886,0.26414453983306885,-0.003992920275777578,0.26828351616859436
623,33.2172737121582,65.93992614746094,0.49196189641952515,0.2639321982860565,-0.003751524491235614,0.2676602303981781
624,32.961395263671875,65.99713897705078,0.4935867190361023,0.2637629210948944,-0.004888686817139387,0.26768210530281067
625,32.425758361816406,55.34517288208008,0.4931066930294037,0.2635810971260071,-0.007080729119479656,0.2684341073036194
626,33.77910232543945,76.81702423095703,0.4928876459598541,0.2633936107158661,-0.007557578384876251,0.26867273449897766
627,33.488529205322266,68.685791015625,0.49314096570014954,0.2632129490375519,-0.009514836594462395,0.2665679454803467
628,33.017948150634766,68.93246459960938,0.49401333928108215,0.26305538415908813,-0.011569895781576633,0.2695086598396301
629,32.645843505859375,63.92442321777344,0.4923866391181946,0.2628551125526428,-0.0132425706833601,0.2667626142501831
630,33.10641860961914,68.30955505371094,0.49398666620254517,0.2626970410346985,-0.014547987841069698,0.2686469554901123
631,33.202239990234375,67.2079086303711,0.4927409291267395,0.2625063359737396,-0.015607433393597603,0.26931729912757874
632,32.925621032714844,64.34707641601562,0.49391433596611023,0.2623465955257416,-0.014185244217514992,0.2687285244464874
633,32.33949279785156,54.96986389160156,0.49395427107810974,0.26218798756599426,-0.014987393282353878,0.26776906847953796
634,33.0434684753418,68.12741088867188,0.49414095282554626,0.2620343565940857,-0.016232982277870178,0.26882699131965637
635,32.748573303222656,66.28475189208984,0.4946952164173126,0.2618953585624695,-0.015621249563992023,0.26586759090423584
636,33.14274597167969,70.29352569580078,0.49391236901283264,0.2617359459400177,-0.0207381509244442,0.26761379837989807
637,32.350948333740234,58.78104782104492,0.49232572317123413,0.26153507828712463,-0.019695743918418884,0.26734843850135803
638,32.321407318115234,56.69835662841797,0.49298858642578125,0.26135170459747314,-0.016923099756240845,0.2659280002117157
639,32.70998001098633,62.23375701904297,0.49398288130760193,0.2611944377422333,-0.018510984256863594,0.2689988613128662
640,32.426788330078125,61.408729553222656,0.492786705493927,0.26100602746009827,-0.01970646344125271,0.2670154273509979
641,32.96743392944336,70.3177490234375,0.49479812383651733,0.2608702480792999,-0.019921252503991127,0.267547070980072
642,32.469058990478516,62.816009521484375,0.49377334117889404,0.2607077956199646,-0.021431922912597656,0.26856130361557007
643,32.14452362060547,54.90001678466797,0.4931599795818329,0.26052945852279663,-0.016464106738567352,0.2678135633468628
644,32.513023376464844,62.92670440673828,0.49526289105415344,0.2604060471057892,-0.015842555090785027,0.26639994978904724
645,32.2142448425293,60.89520263671875,0.49374285340309143,0.26024311780929565,-0.016686247661709785,0.2669726014137268
646,33.21131134033203,70.22867584228516,0.49416568875312805,0.26009127497673035,-0.01869319938123226,0.2662414014339447
647,32.73518753051758,69.5052490234375,0.4939238131046295,0.2599332332611084,-0.017619650810956955,0.26599234342575073
648,32.56656265258789,64.8719711303711,0.49478858709335327,0.2597977817058563,-0.020550120621919632,0.2656601369380951
649,32.6654052734375,68.91165161132812,0.49487242102622986,0.2596645653247833,-0.020324699580669403,0.26866623759269714
650,32.3303108215332,61.941165924072266,0.4951314628124237,0.2595381438732147,-0.020708534866571426,0.2671686112880707
651,32.53739929199219,62.150909423828125,0.4949295222759247,0.25940653681755066,-0.02249378152191639,0.2685239613056183
652,33.09235763549805,69.60099792480469,0.49381905794143677,0.25924620032310486,-0.02001233771443367,0.2682141065597534
653,33.17570877075195,70.3864517211914,0.4941200017929077,0.2590937614440918,-0.020861901342868805,0.2671748101711273
654,33.13057327270508,72.75529479980469,0.4940895140171051,0.2589406371116638,-0.017159465700387955,0.26645445823669434
655,32.42622756958008,65.97411346435547,0.49463045597076416,0.25880157947540283,-0.01793336682021618,0.2677227258682251
656,31.606374740600586,55.12175750732422,0.49300000071525574,0.25862041115760803,-0.017412438988685608,0.2670000195503235
657,32.08811569213867,56.96521759033203,0.49528568983078003,0.25849848985671997,-0.018187640234827995,0.26740744709968567
658,33.02887725830078,71.16191864013672,0.49307242035865784,0.2583194077014923,-0.01968981698155403,0.26650676131248474
659,32.202430725097656,62.43117141723633,0.4942018985748291,0.25816962122917175,-0.015972936525940895,0.2635936141014099
660,32.105472564697266,62.51565933227539,0.49279049038887024,0.2579834759235382,-0.012616007588803768,0.26673179864883423
661,31.941814422607422,60.42505645751953,0.49407240748405457,0.25783056020736694,-0.01772558130323887,0.26580381393432617
662,31.693769454956055,53.80239486694336,0.49400195479393005,0.2576759159564972,-0.018322104588150978,0.267456591129303
663,32.192840576171875,63.349945068359375,0.49300381541252136,0.257495641708374,-0.018420454114675522,0.26642340421676636
664,32.103023529052734,63.383644104003906,0.4931314289569855,0.25731876492500305,-0.016568930819630623,0.26369503140449524
665,31.645328521728516,53.966278076171875,0.4941219389438629,0.2571675181388855,-0.01629030518233776,0.2633107006549835
666,31.57296371459961,55.051918029785156,0.4937428832054138,0.25700661540031433,-0.015534422360360622,0.26351991295814514
667,32.49631881713867,65.47077178955078,0.4941581189632416,0.2568564713001251,-0.016556445509195328,0.2655705511569977
668,32.267578125,61.14323043823242,0.4931999742984772,0.25668179988861084,-0.014008124358952045,0.2664133906364441
669,32.85756301879883,70.68958282470703,0.49379998445510864,0.25652265548706055,-0.016532626003026962,0.26747679710388184
670,32.20668029785156,63.349735260009766,0.49538475275039673,0.25640425086021423,-0.015874484553933144,0.2672845721244812
671,32.51792907714844,67.1937026977539,0.494213342666626,0.2562558948993683,-0.019049981608986855,0.265693336725235
672,32.65827941894531,69.7223892211914,0.4950856864452362,0.2561299502849579,-0.016545437276363373,0.26679563522338867
673,31.973880767822266,63.801185607910156,0.49448952078819275,0.25598880648612976,-0.013410338200628757,0.26587817072868347
674,31.801176071166992,59.767452239990234,0.49333906173706055,0.25581830739974976,-0.014793569222092628,0.2648274302482605
675,32.69341278076172,69.63837432861328,0.49408191442489624,0.25566691160202026,-0.012538081035017967,0.2655928134918213
676,32.40534210205078,68.78368377685547,0.4935542941093445,0.2555021047592163,-0.011279660277068615,0.26610612869262695
677,32.56298828125,75.11526489257812,0.4941314458847046,0.2553521692752838,-0.010399434715509415,0.2680000364780426
678,32.3536491394043,68.38919067382812,0.4943028688430786,0.2552067041397095,-0.008819776587188244,0.2672068774700165
679,33.16712951660156,74.89228820800781,0.49440765380859375,0.2550639808177948,-0.00992264598608017,0.26562440395355225
680,31.803796768188477,56.25596618652344,0.4951142966747284,0.25493934750556946,-0.010577915236353874,0.26626431941986084
681,32.024349212646484,59.528018951416016,0.4931124150753021,0.25476375222206116,-0.009614165872335434,0.2680630683898926
682,32.03641891479492,62.336692810058594,0.4945504665374756,0.2546249032020569,-0.006558156572282314,0.2648983299732208
683,31.880233764648438,58.38274383544922,0.4945390522480011,0.2544858455657959,-0.0069259279407560825,0.2646465003490448
684,32.42494201660156,67.56672668457031,0.4946895241737366,0.2543506920337677,-0.007834979332983494,0.26558202505111694
685,32.37266159057617,65.57461547851562,0.49447429180145264,0.25421014428138733,-0.010911098681390285,0.26389995217323303
686,31.73728370666504,57.31212615966797,0.4934419095516205,0.25404343008995056,-0.007997173815965652,0.2631151080131531
687,32.113338470458984,65.72477722167969,0.4946762025356293,0.2539081871509552,-0.008206890895962715,0.26368847489356995
688,31.80801010131836,59.191524505615234,0.4954685866832733,0.2537931501865387,-0.009585721418261528,0.2650662660598755
689,32.24114990234375,62.389122009277344,0.49510475993156433,0.2536689043045044,-0.004637846257537603,0.26574310660362244
690,31.877458572387695,62.26005554199219,0.49521520733833313,0.2535475194454193,-0.003415462328121066,0.26452070474624634
691,32.49005889892578,66.40372467041016,0.49558475613594055,0.25343555212020874,-0.0016430821269750595,0.264247864484787
692,31.875703811645508,56.05623245239258,0.4951695203781128,0.2533131241798401,-0.0008679191232658923,0.2622409462928772
693,31.574968338012695,56.08217239379883,0.4939771890640259,0.2531605660915375,-0.003944510594010353,0.2647763788700104
694,32.02909469604492,62.13013458251953,0.494384765625,0.25301840901374817,-0.0005998675478622317,0.26513591408729553
695,31.479978561401367,58.44146728515625,0.4945771396160126,0.2528811991214752,8.715457806829363e-05,0.26297828555107117
696,31.613588333129883,55.836910247802734,0.4951104521751404,0.25275754928588867,-0.001015156856738031,0.2609778344631195
697,31.17994499206543,53.89734649658203,0.4955542981624603,0.2526451647281647,-0.0001494330499554053,0.2627691924571991
698,31.49613380432129,57.77088928222656,0.494807630777359,0.25251397490501404,-0.0003602394135668874,0.2643420100212097
699,31.541181564331055,60.25820541381836,0.49513718485832214,0.25239118933677673,0.0017691267421469092,0.267764687538147
700,31.887248992919922,63.17493438720703,0.49601903557777405,0.2522907257080078,0.0013458633329719305,0.2661702334880829
701,31.875818252563477,57.952545166015625,0.49619239568710327,0.25219467282295227,0.0012537577422335744,0.26683375239372253
702,31.815736770629883,60.47859191894531,0.4959124028682709,0.25209158658981323,0.0029908299911767244,0.26426276564598083
703,32.016029357910156,66.25365447998047,0.49652573466300964,0.2520039975643158,0.002973763272166252,0.2654522657394409
704,31.87192153930664,63.023807525634766,0.4957504868507385,0.2518968880176544,0.0034362683072686195,0.2640179693698883
705,32.14970016479492,66.33671569824219,0.49582475423812866,0.25179171562194824,-0.00029644236201420426,0.2643428444862366
706,32.116302490234375,64.38038635253906,0.4967581033706665,0.25171008706092834,-0.0006317051593214273,0.26548290252685547
707,31.12221336364746,53.236839294433594,0.4965638220310211,0.25162360072135925,0.0021019582636654377,0.26806166768074036
708,32.15220260620117,65.97734832763672,0.4954400360584259,0.2515088617801666,0.0024360520765185356,0.2648814916610718
709,31.845699310302734,63.8321647644043,0.49583616852760315,0.25140413641929626,0.0034643772523850203,0.26501700282096863
710,31.380474090576172,58.68818664550781,0.49530288577079773,0.2512860596179962,0.003907111939042807,0.2629994750022888
711,31.842344284057617,63.742252349853516,0.49657142162323,0.2511999011039734,0.005443357862532139,0.2632784843444824
712,32.112728118896484,66.38705444335938,0.49527427554130554,0.2510811984539032,0.004291369579732418,0.2629198431968689
713,31.35009002685547,58.17726135253906,0.49589717388153076,0.2509782016277313,0.005145712289959192,0.2640526592731476
714,31.762481689453125,61.869869232177734,0.4957028329372406,0.25087034702301025,0.0034335048403590918,0.26275357604026794
715,31.194244384765625,55.017574310302734,0.4960685670375824,0.25077173113822937,0.003007192863151431,0.2644159197807312
716,31.83344841003418,66.2504653930664,0.4955219030380249,0.25065943598747253,0.004608849994838238,0.2644409239292145
717,31.766128540039062,66.4444580078125,0.4947333335876465,0.25052741169929504,0.0012993341078981757,0.26264438033103943
718,32.00775909423828,66.80122375488281,0.49525904655456543,0.2504086494445801,-0.0007277191034518182,0.2630579471588135
719,31.652793884277344,58.62211227416992,0.495361864566803,0.25029250979423523,-0.0012300319503992796,0.26188215613365173
720,31.76805877685547,64.86820983886719,0.4939676523208618,0.25014153122901917,-0.0013807134237140417,0.2641277313232422
721,31.665470123291016,62.732791900634766,0.494523823261261,0.25000452995300293,0.00016492270515300333,0.2632528245449066
722,31.877885818481445,67.5258560180664,0.49553143978118896,0.24989281594753265,-0.001902980962768197,0.26457083225250244
723,31.01478385925293,53.41051483154297,0.49502289295196533,0.2497684508562088,-0.0039666336961090565,0.26450100541114807
724,32.00612258911133,67.39590454101562,0.49533334374427795,0.24965189397335052,-0.004968403838574886,0.26491549611091614
725,31.497272491455078,61.074745178222656,0.49578097462654114,0.2495465725660324,-0.006941488943994045,0.2646039128303528
726,31.97507095336914,63.761619567871094,0.49579811096191406,0.2494417130947113,-0.00433890288695693,0.2639877200126648
727,31.055734634399414,51.29855728149414,0.4949866533279419,0.24931666254997253,-0.0039015421643853188,0.2632097005844116
728,30.9348087310791,49.76545333862305,0.4944952130317688,0.249179407954216,-0.005413619335740805,0.2642310559749603
729,31.4493350982666,58.202362060546875,0.49484381079673767,0.24905091524124146,-0.006755557842552662,0.2633792459964752
730,31.564231872558594,59.41463851928711,0.49619999527931213,0.24895627796649933,-0.007865268737077713,0.26411885023117065
731,32.052459716796875,63.7646369934082,0.49491044878959656,0.24882957339286804,-0.008870795369148254,0.26377713680267334
732,31.176774978637695,56.20915603637695,0.4966990351676941,0.24874743819236755,-0.006779694464057684,0.26314061880111694
733,31.401777267456055,57.649658203125,0.49492764472961426,0.24862127006053925,-0.007670629769563675,0.263256698846817
734,31.910221099853516,65.24730682373047,0.49503999948501587,0.24849794805049896,-0.007822578772902489,0.2628333866596222
735,31.646774291992188,65.13768768310547,0.49642857909202576,0.2484091967344284,-0.005085769109427929,0.2609829902648926
736,30.714111328125,50.22247314453125,0.4948742985725403,0.24828186631202698,-0.004492906853556633,0.263433039188385
737,31.54290008544922,64.09596252441406,0.49641144275665283,0.24819275736808777,-0.003982373978942633,0.26312142610549927
738,32.08003234863281,69.65618896484375,0.4957295060157776,0.24808676540851593,-0.0030484087765216827,0.26426658034324646
739,31.955291748046875,64.41014862060547,0.49534091353416443,0.24797117710113525,-0.004591839388012886,0.26180145144462585
740,31.076814651489258,50.073707580566406,0.49604952335357666,0.2478732168674469,-0.003171981079503894,0.2637615501880646
741,31.047273635864258,56.504940032958984,0.4967733323574066,0.24779324233531952,-0.00179018743801862,0.2645381689071655
742,31.387746810913086,60.95656967163086,0.49676382541656494,0.24771305918693542,-0.0033882982097566128,0.26444825530052185
743,31.842044830322266,65.3414535522461,0.4967619478702545,0.24763284623622894,-0.0018254698952659965,0.26312020421028137
744,31.098724365234375,56.97684097290039,0.49562665820121765,0.24752454459667206,-0.0022520129568874836,0.2624690532684326
745,30.904869079589844,51.8463134765625,0.4953524172306061,0.24740950763225555,-0.003485807916149497,0.26353153586387634
746,31.060394287109375,54.71665954589844,0.4978514015674591,0.2473563402891159,-0.00103685911744833,0.26422175765037537
747,31.033658981323242,54.636653900146484,0.49624380469322205,0.24726343154907227,-0.0032485437113791704,0.2633149027824402
748,31.281097412109375,60.332374572753906,0.4972228407859802,0.24719476699829102,0.0010634396458044648,0.26278120279312134
749,31.144567489624023,56.73705291748047,0.49652189016342163,0.24710878729820251,-0.0020517848897725344,0.2639479637145996
750,31.622364044189453,64.36367797851562,0.4968704581260681,0.24703146517276764,-0.0049816397950053215,0.2609107792377472
751,31.84642219543457,67.84712219238281,0.49662289023399353,0.2469480335712433,-0.0027167373336851597,0.26373597979545593
752,31.161930084228516,58.6475715637207,0.4957333505153656,0.2468426674604416,0.0001414789294358343,0.2619372010231018
753,30.983144760131836,54.15781784057617,0.4959028661251068,0.24674153327941895,0.0026590880006551743,0.2623356580734253
754,31.131633758544922,57.02593231201172,0.49545523524284363,0.24662938714027405,0.0030038985423743725,0.2624177038669586
755,31.000446319580078,55.72833251953125,0.4972057044506073,0.2465604692697525,0.00226603914052248,0.2642368674278259
756,31.626955032348633,62.08460235595703,0.49668192863464355,0.24647866189479828,0.0024135997518897057,0.2623755633831024
757,31.276878356933594,61.122840881347656,0.4978838264942169,0.2464265078306198,0.0022484275978058577,0.26397281885147095
758,31.657072067260742,62.990264892578125,0.49740952253341675,0.24636267125606537,0.0009426462929695845,0.26097264885902405
759,30.901819229125977,55.32993698120117,0.4968704581260681,0.2462855726480484,0.0021456547547131777,0.26377803087234497
760,31.43479347229004,62.84333419799805,0.49760761857032776,0.24622665345668793,0.0017371743451803923,0.2622934877872467
761,30.787458419799805,52.178741455078125,0.4970666766166687,0.24615442752838135,-0.0005964572192169726,0.2639355957508087
762,30.720064163208008,53.10142135620117,0.49763810634613037,0.24609628319740295,0.0012434953823685646,0.26219552755355835
763,30.93229866027832,56.13637161254883,0.49699997901916504,0.24602246284484863,0.004012320656329393,0.2626504600048065
764,31.370389938354492,61.68254089355469,0.49753904342651367,0.24596191942691803,0.0009573608404025435,0.2616564929485321
765,31.62472152709961,65.64369201660156,0.4972361922264099,0.2458939403295517,-0.00013236021914053708,0.26509490609169006
766,31.331758499145508,59.51847457885742,0.49745142459869385,0.24583126604557037,0.001194508746266365,0.26385048031806946
767,31.537248611450195,63.5621452331543,0.4970933496952057,0.24575980007648468,-0.0011727326782420278,0.2655237019062042
768,31.27985954284668,60.46611785888672,0.4975981116294861,0.24570076167583466,0.00010686110908864066,0.26503878831863403
769,31.035728454589844,57.20833969116211,0.49759045243263245,0.2456415593624115,0.0009095347486436367,0.2616007626056671
770,31.294979095458984,61.34225082397461,0.49652764201164246,0.24555626511573792,0.0022228278685361147,0.2615208327770233
771,30.60314178466797,51.680023193359375,0.49750474095344543,0.2454949915409088,-0.0022620782256126404,0.2617349922657013
772,31.239601135253906,54.98118209838867,0.49798858165740967,0.2454456090927124,-0.0014687454095110297,0.2640311121940613
773,31.81243133544922,67.15479278564453,0.49610286951065063,0.2453499585390091,-0.0026456532068550587,0.2649272680282593
774,31.54057502746582,63.603355407714844,0.49623242020606995,0.24525752663612366,-0.0020925092976540327,0.2624306380748749
775,30.960289001464844,56.292293548583984,0.4970266819000244,0.24518461525440216,-0.0023722315672785044,0.26401546597480774
776,31.198184967041016,60.628787994384766,0.49759429693222046,0.2451256364583969,-0.0005700765759684145,0.2632068991661072
777,30.979604721069336,56.587467193603516,0.4967428743839264,0.24504579603672028,-0.0005678419256582856,0.2632978856563568
778,30.874059677124023,51.88258361816406,0.4957314729690552,0.24494120478630066,-0.0006329696625471115,0.26186084747314453
779,31.165864944458008,57.88050842285156,0.4971276521682739,0.2448708564043045,0.0011251990217715502,0.2646543085575104
780,30.91383934020996,55.07569122314453,0.49668189883232117,0.24478960037231445,0.001870475010946393,0.26316243410110474
781,31.22658920288086,60.85720443725586,0.49915811419487,0.24476899206638336,0.0010014944709837437,0.26141709089279175
782,30.794313430786133,55.84126281738281,0.49762287735939026,0.2447108030319214,0.000669942470267415,0.2643245756626129
783,31.040224075317383,50.54585647583008,0.496099054813385,0.2446153312921524,0.0049192761071026325,0.2668391168117523
784,30.987070083618164,57.33984375,0.4972590506076813,0.2445482760667801,0.0015523693291470408,0.26694875955581665
785,30.404014587402344,47.099708557128906,0.4979066550731659,0.24449709057807922,0.00239676795899868,0.2649766802787781
786,31.09381866455078,57.53506851196289,0.4970342814922333,0.24442458152770996,0.002170051448047161,0.263712078332901
787,31.109363555908203,59.44899368286133,0.4987199902534485,0.24439328908920288,0.005150134209543467,0.26296108961105347
788,30.489559173583984,50.37784957885742,0.49775615334510803,0.24433843791484833,0.0029997192323207855,0.26376599073410034
789,30.715478897094727,52.447303771972656,0.4985790550708771,0.24430371820926666,0.004809832666069269,0.26547926664352417
790,30.773252487182617,54.47281265258789,0.498038113117218,0.24425578117370605,0.007705186493694782,0.26642152667045593
791,31.237443923950195,61.30558776855469,0.49748191237449646,0.24419426918029785,0.007666405290365219,0.2647482454776764
792,32.00092315673828,74.56035614013672,0.49805334210395813,0.24414673447608948,0.009034684859216213,0.2648853659629822
793,31.396530151367188,64.40853118896484,0.49802669882774353,0.24409855902194977,0.006203583907335997,0.2626494765281677
794,30.99464225769043,59.151161193847656,0.4981771409511566,0.24405406415462494,0.008778710849583149,0.26379942893981934
795,30.384828567504883,49.709266662597656,0.4966285824775696,0.2439717948436737,0.007354262284934521,0.26488205790519714
796,31.436843872070312,62.57899856567383,0.4973199963569641,0.2439064085483551,0.004675914999097586,0.26416727900505066
797,30.480228424072266,54.360198974609375,0.4972914457321167,0.24384035170078278,0.006714726332575083,0.26725122332572937
798,31.017078399658203,61.65611267089844,0.49765142798423767,0.24378308653831482,0.0059603857807815075,0.2642054855823517
799,30.70417594909668,56.416954040527344,0.4980781078338623,0.24373623728752136,0.00600656121969223,0.264917254447937
800,30.97689437866211,59.63550567626953,0.4967467188835144,0.2436569482088089,0.005913486238569021,0.2661558985710144
801,31.083290100097656,58.626434326171875,0.49698662757873535,0.24358351528644562,0.006162343546748161,0.26681774854660034
802,31.602439880371094,63.0164680480957,0.4963085949420929,0.24349360167980194,0.008730584755539894,0.2644968330860138
803,31.045454025268555,62.57075881958008,0.4969104826450348,0.2434183806180954,0.005610411986708641,0.2651532292366028
804,30.36765480041504,48.52110290527344,0.4960438013076782,0.24332208931446075,0.0032586052548140287,0.26519912481307983
805,30.705780029296875,57.496341705322266,0.49672573804855347,0.24324242770671844,0.0031095321755856276,0.2674037218093872
806,31.156038284301758,61.182167053222656,0.4969524145126343,0.24316829442977905,0.0030058384872972965,0.262418657541275
807,31.03162956237793,59.310508728027344,0.49619999527931213,0.243075892329216,0.001668312237598002,0.2649056911468506
808,30.598167419433594,54.016807556152344,0.49711427092552185,0.24300575256347656,0.00136555265635252,0.2654724419116974
809,31.393281936645508,65.53866577148438,0.4961676299571991,0.24291262030601501,0.0025342253502458334,0.2644020617008209
810,31.369152069091797,66.6969985961914,0.49663427472114563,0.24283085763454437,0.0003381080459803343,0.2638564109802246
811,31.03615951538086,63.78364562988281,0.4954380989074707,0.24272006750106812,0.0004983833059668541,0.2642952799797058
812,30.797344207763672,55.67329406738281,0.49676382541656494,0.24264152348041534,-0.0012282624375075102,0.26465222239494324
813,30.454408645629883,49.748287200927734,0.4957485795021057,0.24253836274147034,-0.0035016480833292007,0.2657104730606079
814,30.35336685180664,51.486595153808594,0.49801144003868103,0.24249014258384705,-8.281329792225733e-05,0.2644632160663605
815,30.474973678588867,54.29169464111328,0.4966628849506378,0.24240921437740326,0.00046377882244996727,0.26371923089027405
816,30.875539779663086,56.910823822021484,0.49664759635925293,0.2423279583454132,0.0025939862243831158,0.2639526426792145
817,31.232324600219727,63.6553840637207,0.4969676434993744,0.24225448071956635,0.0034877927973866463,0.2659507095813751
818,30.60987663269043,54.399967193603516,0.4965580999851227,0.24217109382152557,0.0033043785952031612,0.2647313177585602
819,31.34130859375,64.73178100585938,0.4953542947769165,0.24205859005451202,-0.0008908057934604585,0.26579582691192627
820,30.613569259643555,50.652854919433594,0.498371422290802,0.2420191764831543,-0.0019359560683369637,0.26494100689888
821,31.02168846130371,57.84855651855469,0.49651429057121277,0.24193482100963593,-0.00484580360352993,0.263470321893692
822,31.033199310302734,58.59945297241211,0.49783429503440857,0.24188242852687836,-0.0063154930248856544,0.2633884847164154
823,30.781221389770508,56.409759521484375,0.49766474962234497,0.24182593822479248,-0.00793364830315113,0.2628614008426666
824,30.910411834716797,55.625274658203125,0.49764567613601685,0.2417690008878708,-0.0051595172844827175,0.2649003863334656
825,31.30379867553711,63.799861907958984,0.4964647591114044,0.24168352782726288,-0.0076114339753985405,0.2634902596473694
826,31.202239990234375,63.174564361572266,0.49693143367767334,0.2416093647480011,-0.008226762525737286,0.26560336351394653
827,30.38468360900879,50.50177764892578,0.49677714705467224,0.24153149127960205,-0.008390841074287891,0.2661321759223938
828,31.12755584716797,60.85361099243164,0.49722859263420105,0.2414645552635193,-0.00743485800921917,0.26649922132492065
829,31.129426956176758,62.46807861328125,0.49867239594459534,0.24143250286579132,-0.009019451215863228,0.26541945338249207
830,31.11711883544922,58.83025360107422,0.4982323944568634,0.24138982594013214,-0.011368350125849247,0.2662218511104584
831,30.434057235717773,48.66462707519531,0.49662289023399353,0.2413083016872406,-0.014691037125885487,0.2642274498939514
832,30.819616317749023,56.27549743652344,0.49590474367141724,0.241209477186203,-0.014428346417844296,0.26271286606788635
833,30.140987396240234,44.540470123291016,0.49705713987350464,0.2411385029554367,-0.017018653452396393,0.2654709219932556
834,30.431766510009766,52.3935661315918,0.4986361861228943,0.24110561609268188,-0.01576538197696209,0.2659224271774292
835,30.138866424560547,45.52141571044922,0.4971124231815338,0.24103598296642303,-0.01625758595764637,0.26697129011154175
836,30.406333923339844,52.835670471191406,0.4990876317024231,0.24101398885250092,-0.02026267722249031,0.26774007081985474
837,30.390995025634766,50.41744613647461,0.4984724223613739,0.24097716808319092,-0.0190118495374918,0.26776760816574097
838,30.543182373046875,56.78374481201172,0.49792003631591797,0.24092704057693481,-0.018856899812817574,0.26679158210754395
839,31.07907485961914,59.93374252319336,0.4968704879283905,0.24085165560245514,-0.019689619541168213,0.26388055086135864
840,30.781169891357422,58.16543197631836,0.49891242384910583,0.24082545936107635,-0.021079814061522484,0.2639177739620209
841,30.12807846069336,47.17346954345703,0.4977257251739502,0.24077068269252777,-0.023049157112836838,0.2640945315361023
842,30.637134552001953,56.75285339355469,0.4983276128768921,0.240730419754982,-0.022505026310682297,0.266408234834671
843,30.13905906677246,47.03479766845703,0.4969561994075775,0.24065713584423065,-0.02364519238471985,0.2670046091079712
844,30.846149444580078,62.11073684692383,0.4990342855453491,0.24063390493392944,-0.02342374436557293,0.266840398311615
845,30.320899963378906,52.85894775390625,0.4971656799316406,0.2405657023191452,-0.02481227181851864,0.2653736174106598
846,30.396068572998047,58.15077590942383,0.49734097719192505,0.24050173163414001,-0.026172149926424026,0.26547232270240784
847,29.95359992980957,46.689979553222656,0.49851810932159424,0.24046608805656433,-0.02856849692761898,0.2632579803466797
848,31.02751350402832,61.713619232177734,0.49763616919517517,0.2404092401266098,-0.026509534567594528,0.26346835494041443
849,30.69369888305664,62.236141204833984,0.4979523718357086,0.24036002159118652,-0.02814408205449581,0.26404932141304016
850,30.595073699951172,56.85023498535156,0.49840572476387024,0.24032169580459595,-0.025882083922624588,0.26544931530952454
851,30.475923538208008,58.71168899536133,0.4992990493774414,0.2403048574924469,-0.026028072461485863,0.26522165536880493
852,31.328134536743164,66.84381103515625,0.4984990358352661,0.2402687966823578,-0.02670894004404545,0.26571863889694214
853,31.195240020751953,68.33241271972656,0.49722474813461304,0.24020211398601532,-0.024700185284018517,0.2680373787879944
854,30.692413330078125,61.80305099487305,0.49729523062705994,0.24013714492321014,-0.02625204063951969,0.26468363404273987
855,30.086517333984375,51.117034912109375,0.49589717388153076,0.24003863334655762,-0.027573758736252785,0.26515114307403564
856,30.797964096069336,60.15574264526367,0.4960838258266449,0.23994463682174683,-0.026462577283382416,0.2651338279247284
857,31.023868560791016,66.68618774414062,0.4960685670375824,0.23985029757022858,-0.025598987936973572,0.26492854952812195
858,30.614316940307617,53.57769775390625,0.4972076416015625,0.23978331685066223,-0.026573874056339264,0.26756203174591064
859,31.100109100341797,61.10953140258789,0.49631044268608093,0.23969484865665436,-0.026132281869649887,0.26696518063545227
860,31.092151641845703,64.69197845458984,0.49600765109062195,0.23959915339946747,-0.02763410098850727,0.2678406536579132
861,30.99873924255371,60.366920471191406,0.4950856864452362,0.23948140442371368,-0.02422802709043026,0.26692497730255127
862,31.20677375793457,65.32296752929688,0.49582287669181824,0.23938137292861938,-0.024838251993060112,0.26612794399261475
863,30.148181915283203,48.31722640991211,0.49544382095336914,0.2392723113298416,-0.023945027962327003,0.26662561297416687
864,29.807125091552734,42.97098159790039,0.4965181052684784,0.2391889989376068,-0.02285810001194477,0.2657749354839325
865,30.359779357910156,54.389156341552734,0.49682095646858215,0.2391129583120346,-0.022018834948539734,0.2647024989128113
866,29.85194969177246,45.195579528808594,0.496544748544693,0.23903033137321472,-0.022115185856819153,0.26420989632606506
867,30.952924728393555,57.94377136230469,0.49612951278686523,0.23893781006336212,-0.022183069959282875,0.26613372564315796
868,29.890512466430664,47.573387145996094,0.4951295256614685,0.23882144689559937,-0.021012187004089355,0.26586657762527466
869,29.8956241607666,46.93275451660156,0.49531999230384827,0.23870967328548431,-0.021217066794633865,0.2649279534816742
870,30.510753631591797,54.03258514404297,0.4979390501976013,0.23866046965122223,-0.02164740115404129,0.26574310660362244
871,30.629261016845703,53.67598342895508,0.49776381254196167,0.23860709369182587,-0.02282598614692688,0.2677491307258606
872,31.316699981689453,65.79318237304688,0.49758288264274597,0.23854942619800568,-0.022325802594423294,0.26690205931663513
873,30.12027359008789,49.219810485839844,0.4972742795944214,0.23848439753055573,-0.022740501910448074,0.2657824754714966
874,30.43079376220703,50.8642463684082,0.49760952591896057,0.23842738568782806,-0.021588290110230446,0.26654550433158875
875,29.84516716003418,44.967811584472656,0.4974857270717621,0.23836743831634521,-0.022247977554798126,0.2651243209838867
876,30.297513961791992,53.690216064453125,0.4974971413612366,0.23830777406692505,-0.018951574340462685,0.2679109573364258
877,29.898378372192383,48.05043411254883,0.4985238015651703,0.23827259242534637,-0.017391378059983253,0.26694855093955994
878,29.700244903564453,45.10121536254883,0.4985105097293854,0.23823709785938263,-0.015938298776745796,0.26670023798942566
879,30.28956413269043,52.75370407104492,0.4985257387161255,0.23820197582244873,-0.016506999731063843,0.26831164956092834
880,31.004358291625977,64.66674041748047,0.49874287843704224,0.2381720393896103,-0.018563833087682724,0.26998278498649597
881,30.725757598876953,59.2667350769043,0.5000781416893005,0.23817391693592072,-0.016470497474074364,0.268433153629303
882,30.504806518554688,53.562015533447266,0.4987790584564209,0.23814484477043152,-0.01605422981083393,0.27240318059921265
883,30.70414924621582,56.36817169189453,0.5002514123916626,0.23815083503723145,-0.019524449482560158,0.2678689658641815
884,30.28400421142578,54.05434036254883,0.49946287274360657,0.23813804984092712,-0.018286753445863724,0.26800623536109924
885,30.60223388671875,55.14110565185547,0.5002933740615845,0.23814503848552704,-0.018323758617043495,0.26988956332206726
886,30.000423431396484,48.51484680175781,0.4997219443321228,0.23813842236995697,-0.016232162714004517,0.27121010422706604
887,30.765851974487305,59.71598815917969,0.5015124082565308,0.2381744533777237,-0.015936415642499924,0.2704826891422272
888,30.44339370727539,54.00163269042969,0.4999467134475708,0.23817318677902222,-0.01874672994017601,0.26972511410713196
889,30.169513702392578,50.3095817565918,0.5005923509597778,0.2381872981786728,-0.018171261996030807,0.268710196018219
890,30.73602867126465,56.79149627685547,0.4998095631599426,0.23818275332450867,-0.017894024029374123,0.26935911178588867
891,30.606149673461914,57.85103988647461,0.49942857027053833,0.2381691336631775,-0.018545402213931084,0.26992902159690857
892,31.01696014404297,62.68170166015625,0.4997333586215973,0.2381627857685089,-0.019699733704328537,0.26928770542144775
893,30.285888671875,53.685325622558594,0.4991295039653778,0.23814205825328827,-0.01985059306025505,0.2684001326560974
894,30.302833557128906,54.3925666809082,0.49831050634384155,0.23810182511806488,-0.015391942113637924,0.26887190341949463
895,30.84551429748535,61.50827407836914,0.5003181099891663,0.23810940980911255,-0.013878571800887585,0.2659292221069336
896,30.321313858032227,51.971099853515625,0.4984133541584015,0.23807163536548615,-0.01367922779172659,0.26762810349464417
897,31.03935432434082,65.34004211425781,0.498569518327713,0.2380375862121582,-0.014199316501617432,0.26824653148651123
898,30.740386962890625,60.03474044799805,0.49917903542518616,0.23801805078983307,-0.013632643967866898,0.2669335603713989
899,31.024349212646484,64.11334228515625,0.49811238050460815,0.23797312378883362,-0.01289374753832817,0.26837754249572754
900,30.197683334350586,52.373191833496094,0.4985542893409729,0.23793871700763702,-0.012080329470336437,0.26819315552711487
901,30.397520065307617,56.80924987792969,0.4987504482269287,0.2379089891910553,-0.009057430550456047,0.2696692943572998
902,30.079849243164062,51.6329231262207,0.4990209639072418,0.23788568377494812,-0.008689558133482933,0.2684463858604431
903,30.531238555908203,55.144752502441406,0.4997561573982239,0.2378798872232437,-0.007931634783744812,0.26969048380851746
904,30.398590087890625,54.72203826904297,0.498933345079422,0.2378545105457306,-0.010399656370282173,0.26855215430259705
905,30.36150360107422,53.29421615600586,0.4987905025482178,0.23782575130462646,-0.008345224894583225,0.2679944932460785
906,29.98062515258789,49.060611724853516,0.4990304708480835,0.2378026843070984,-0.006215067580342293,0.2672739326953888
907,30.78601837158203,62.207603454589844,0.4990609586238861,0.23778036236763,-0.003537816694006324,0.268848180770874
908,30.27695655822754,54.61636734008789,0.4982990622520447,0.2377399057149887,-0.0024557148572057486,0.26942795515060425
909,30.79736328125,60.04961395263672,0.4976571500301361,0.2376842051744461,-0.0031801762524992228,0.268608957529068
910,30.44921875,53.87362289428711,0.498232364654541,0.23764218389987946,-0.003868961939588189,0.26942476630210876
911,30.276824951171875,52.627662658691406,0.49867427349090576,0.23761068284511566,-0.0030099309515208006,0.27233150601387024
912,30.10716438293457,52.117431640625,0.49867427349090576,0.23757918179035187,-0.005542196333408356,0.2719630002975464
913,30.08601188659668,49.722713470458984,0.4983428418636322,0.23753981292247772,-0.004338398110121489,0.26957693696022034
914,30.69462013244629,58.483516693115234,0.49924570322036743,0.23752188682556152,-0.0027991647366434336,0.2693943977355957
915,30.452796936035156,54.07194900512695,0.4989485740661621,0.23749691247940063,-0.005821626633405685,0.2686291038990021
916,30.51277732849121,56.46110153198242,0.49806857109069824,0.23745104670524597,-0.0027232335414737463,0.27077269554138184
917,29.467079162597656,40.664424896240234,0.4987238049507141,0.23742073774337769,-0.004266503266990185,0.27080246806144714
918,29.91907501220703,48.231788635253906,0.49808573722839355,0.23737528920173645,-0.004044688306748867,0.2726671099662781
919,30.2935733795166,53.27052688598633,0.49928951263427734,0.23735842108726501,-0.002873002551496029,0.27109000086784363
920,29.89544677734375,46.64427185058594,0.49837520718574524,0.23731985688209534,-0.005346659570932388,0.27129796147346497
921,29.981945037841797,44.76240158081055,0.49902665615081787,0.23729676008224487,-0.006711818743497133,0.2709880769252777
922,29.86467933654785,46.269737243652344,0.49993520975112915,0.2372952252626419,-0.005138303153216839,0.26852041482925415
923,29.656469345092773,42.96307373046875,0.4988038241863251,0.23726683855056763,-0.0038616792298853397,0.2712738811969757
924,30.18854331970215,54.171669006347656,0.5006418824195862,0.23728205263614655,-0.0025346267502754927,0.27020740509033203
925,29.684659957885742,42.99937438964844,0.49850666522979736,0.23724661767482758,-0.00320053705945611,0.2710845172405243
926,30.143402099609375,53.505550384521484,0.4986419081687927,0.23721440136432648,-0.006516197230666876,0.2708873748779297
927,29.903993606567383,49.856605529785156,0.49999046325683594,0.23721417784690857,-0.005114266648888588,0.2725018560886383
928,30.000564575195312,53.106651306152344,0.49823427200317383,0.23717229068279266,-0.006631019525229931,0.27454498410224915
929,29.9189395904541,49.40433120727539,0.4980437755584717,0.23712588846683502,-0.005558062810450792,0.2711949348449707
930,30.414958953857422,60.784149169921875,0.49939045310020447,0.237111434340477,-0.006126123014837503,0.27212685346603394
931,30.339603424072266,57.699058532714844,0.4996514320373535,0.2371031641960144,-0.0039411988109350204,0.2701737880706787
932,30.1614990234375,58.132144927978516,0.4988018870353699,0.23707476258277893,-0.004919767379760742,0.27246832847595215
933,30.736040115356445,59.84607696533203,0.4976266920566559,0.23701849579811096,-0.0055074542760849,0.27079641819000244
934,30.5144100189209,59.19877243041992,0.49850475788116455,0.2369830459356308,-0.0066693187691271305,0.2681973874568939
935,30.559389114379883,61.453147888183594,0.4984285831451416,0.23694580793380737,-0.008350358344614506,0.268632709980011
936,30.563674926757812,63.04188537597656,0.49675044417381287,0.23686881363391876,-0.007117993198335171,0.27101752161979675
937,29.974382400512695,55.27528762817383,0.49732568860054016,0.23680546879768372,-0.006839606910943985,0.26932230591773987
938,29.903268814086914,52.679039001464844,0.49779045581817627,0.23675315082073212,-0.007688799872994423,0.271785706281662
939,29.82792854309082,52.183387756347656,0.49861714243888855,0.23672041296958923,-0.006965219043195248,0.27184078097343445
940,29.716718673706055,47.18943786621094,0.499636173248291,0.2367118000984192,-0.008946914225816727,0.270444393157959
941,30.754953384399414,66.47787475585938,0.49672573804855347,0.23663429915905,-0.006141716614365578,0.2678147852420807
942,30.534982681274414,58.67026901245117,0.498371422290802,0.2365957647562027,-0.004297228064388037,0.2698858082294464
943,29.804582595825195,51.943359375,0.49849143624305725,0.23656007647514343,0.0001366266660625115,0.27029380202293396
944,30.55753517150879,61.018184661865234,0.4969542920589447,0.23648802936077118,-0.0018776921788230538,0.27120909094810486
945,30.012218475341797,54.206878662109375,0.4977581202983856,0.23643501102924347,-0.00283113238401711,0.27154818177223206
946,30.4451847076416,57.00768280029297,0.49832189083099365,0.23639534413814545,-0.0005103868898004293,0.272517591714859
947,29.735994338989258,49.04790115356445,0.49760952591896057,0.23633882403373718,-0.00046227104030549526,0.2716822922229767
948,29.948667526245117,49.79235076904297,0.4966704547405243,0.23626013100147247,-0.00017605697212275118,0.27188029885292053
949,29.638164520263672,46.54636001586914,0.4972533583641052,0.23619523644447327,0.0014503668062388897,0.2697674334049225
950,29.94261932373047,51.82273483276367,0.49916574358940125,0.2361755222082138,0.000853109871968627,0.27170053124427795
951,30.320466995239258,53.22764205932617,0.4985867142677307,0.2361421436071396,0.0028168095741420984,0.27049320936203003
952,29.62929916381836,43.36688995361328,0.4966304898262024,0.23606257140636444,0.003491906449198723,0.27284568548202515
953,29.70759391784668,47.069313049316406,0.49655619263648987,0.2359812706708908,0.003045695833861828,0.2729834020137787
954,30.47793960571289,59.7241096496582,0.49872568249702454,0.23595120012760162,0.0031073216814547777,0.27323418855667114
955,29.86382484436035,50.70800018310547,0.4989657402038574,0.2359267920255661,0.0053885034285485744,0.27153274416923523
956,29.964569091796875,53.7545051574707,0.4983047544956207,0.23588679730892181,0.007382376119494438,0.2733178734779358
957,29.966983795166016,49.98249053955078,0.49955999851226807,0.2358764261007309,0.008895385079085827,0.27419501543045044
958,29.51076889038086,45.45263671875,0.4992324113845825,0.23585832118988037,0.008143981918692589,0.27313941717147827
959,29.93091583251953,52.65878677368164,0.4998914301395416,0.23585575819015503,0.010375597514212132,0.27381646633148193
960,30.20564079284668,52.5030632019043,0.5000438094139099,0.2358568012714386,0.009068786166608334,0.27452629804611206
961,30.32337188720703,57.85939407348633,0.5005599856376648,0.23587001860141754,0.012037263251841068,0.27332302927970886
962,29.989749908447266,53.03160858154297,0.49933525919914246,0.2358543425798416,0.01331298053264618,0.27416056394577026
963,29.933971405029297,54.05242156982422,0.49947428703308105,0.23584194481372833,0.01389142032712698,0.27366507053375244
964,30.63409423828125,59.704689025878906,0.49842092394828796,0.2358047068119049,0.013861208222806454,0.2731543779373169
965,29.87230682373047,51.757171630859375,0.500287652015686,0.2358114868402481,0.012063789181411266,0.27340635657310486
966,29.982467651367188,51.3089599609375,0.49887046217918396,0.2357848584651947,0.01233878917992115,0.27097395062446594
967,29.841644287109375,50.91352844238281,0.4994799792766571,0.23577260971069336,0.013691313564777374,0.2744353115558624
968,29.64414405822754,48.76888656616211,0.5001314282417297,0.23577569425106049,0.01683373562991619,0.27384743094444275
969,29.48880958557129,45.904441833496094,0.5005828738212585,0.2357894331216812,0.018461931496858597,0.2725752294063568
970,30.416934967041016,60.012203216552734,0.5008114576339722,0.2358085811138153,0.019642679020762444,0.27277693152427673
971,30.53830337524414,61.94068908691406,0.5000932812690735,0.2358107715845108,0.021746259182691574,0.2734418213367462
972,30.05393409729004,58.07403564453125,0.49940574169158936,0.2357967644929886,0.019794953987002373,0.273948609828949
973,30.27886962890625,57.49923324584961,0.5011276602745056,0.2358233630657196,0.016993360593914986,0.2741372883319855
974,29.863325119018555,49.74755096435547,0.5008342862129211,0.23584304749965668,0.019351258873939514,0.2762742042541504
975,29.73918342590332,48.5958137512207,0.5018571615219116,0.2358868569135666,0.02367900311946869,0.2729160785675049
976,29.568574905395508,45.83916091918945,0.49953147768974304,0.23587580025196075,0.022147806361317635,0.2756217420101166
977,30.024568557739258,54.73468780517578,0.4986095130443573,0.2358430027961731,0.021593688055872917,0.2746240198612213
978,30.065279006958008,54.27631759643555,0.49975237250328064,0.2358371764421463,0.019900765269994736,0.2758709490299225
979,30.074769973754883,58.17766189575195,0.4997295141220093,0.23583079874515533,0.020936835557222366,0.2737281620502472
980,30.62830352783203,63.24549865722656,0.49945905804634094,0.2358180284500122,0.022473709657788277,0.2733071744441986
981,30.04309844970703,57.366493225097656,0.49850475788116455,0.23578275740146637,0.020859001204371452,0.27412018179893494
982,30.612030029296875,63.77927017211914,0.4985352158546448,0.23574821650981903,0.022786106914281845,0.2736741900444031
983,30.411609649658203,61.03999710083008,0.49910473823547363,0.23572711646556854,0.021635180339217186,0.2728527784347534
984,30.945695877075195,64.00022888183594,0.4982971251010895,0.23568697273731232,0.020393572747707367,0.2734394967556
985,29.86821746826172,52.31351089477539,0.4970247447490692,0.23561684787273407,0.017034845426678658,0.27281272411346436
986,30.446603775024414,56.00235366821289,0.497502863407135,0.23555800318717957,0.016362378373742104,0.27551794052124023
987,29.67411994934082,49.23521423339844,0.49746665358543396,0.2354983389377594,0.017224594950675964,0.2732221782207489
988,29.606794357299805,45.12797546386719,0.49701520800590515,0.23542803525924683,0.019207017496228218,0.275953084230423
989,30.0595645904541,55.67646408081055,0.4994838237762451,0.23541587591171265,0.015180215239524841,0.2748776078224182
990,29.23568344116211,39.65915298461914,0.4975409209728241,0.23535798490047455,0.0160962026566267,0.2752220928668976
991,30.470624923706055,58.449378967285156,0.49769335985183716,0.23530369997024536,0.015251203440129757,0.2723739445209503
992,30.023067474365234,52.384883880615234,0.49757716059684753,0.2352466881275177,0.013663056306540966,0.2759965658187866
993,29.806129455566406,50.270965576171875,0.4991752505302429,0.2352272868156433,0.013228068128228188,0.27445024251937866
994,29.842063903808594,44.371212005615234,0.49816763401031494,0.2351841926574707,0.013675606809556484,0.27518361806869507
995,29.964906692504883,48.46611022949219,0.4968990385532379,0.23511125147342682,0.013034449890255928,0.27354568243026733
996,29.99371910095215,50.97703170776367,0.49558666348457336,0.23500749468803406,0.012062198482453823,0.2741137146949768
997,29.73811912536621,48.69908142089844,0.4979866147041321,0.2349601835012436,0.008296268992125988,0.27423548698425293
998,30.10586929321289,55.425804138183594,0.4981885850429535,0.23491762578487396,0.007982369512319565,0.27297526597976685
999,29.858728408813477,48.89691162109375,0.49776190519332886,0.23486505448818207,0.00665240827947855,0.27330008149147034
1000,29.545623779296875,41.92327117919922,0.4981752634048462,0.23482219874858856,0.006280343048274517,0.27217745780944824
1001,29.69451332092285,48.931541442871094,0.4985238015651703,0.23478752374649048,0.006620855536311865,0.27612215280532837
1002,30.29673957824707,58.534515380859375,0.49788573384284973,0.23473788797855377,0.005392593331634998,0.27429792284965515
1003,29.916624069213867,52.33174133300781,0.4987924098968506,0.23470954596996307,0.006226249970495701,0.27427056431770325
1004,29.584148406982422,44.73360824584961,0.49704569578170776,0.2346402108669281,0.00390193541534245,0.2721337080001831
1005,29.819507598876953,51.45220184326172,0.4975409507751465,0.23458249866962433,0.0018488720525056124,0.2732904553413391
1006,29.372129440307617,42.642879486083984,0.49825334548950195,0.23454153537750244,0.00036321833613328636,0.274463027715683
1007,29.541706085205078,46.1334114074707,0.4985828697681427,0.23450829088687897,-0.0015015657991170883,0.2753424346446991
1008,30.597064971923828,60.216312408447266,0.4995124042034149,0.2344968616962433,-0.0003154486767016351,0.27687138319015503
1009,30.185178756713867,58.71043395996094,0.4992171823978424,0.23447850346565247,-0.0010567374993115664,0.2774917185306549
1010,29.777023315429688,47.681427001953125,0.5005218982696533,0.2344907522201538,-0.0005598760908469558,0.2774272561073303
1011,30.159284591674805,53.952030181884766,0.4999181032180786,0.2344888299703598,-0.002288451883941889,0.2719667851924896
1012,30.21524429321289,56.72135925292969,0.5005695223808289,0.23450219631195068,-0.0020336362067610025,0.2740766406059265
1013,29.683788299560547,50.12520217895508,0.4990895092487335,0.2344808429479599,0.00020961242262274027,0.2763625979423523
1014,30.225521087646484,58.98265838623047,0.49825140833854675,0.23443983495235443,-0.0019489850383251905,0.2743018567562103
1015,30.00713348388672,55.99635314941406,0.499243825674057,0.23442210257053375,-0.0013882778584957123,0.2735782861709595
1016,29.783248901367188,54.97797775268555,0.49956193566322327,0.2344118356704712,-0.004573396872729063,0.273025244474411
1017,29.943241119384766,53.43448257446289,0.49747997522354126,0.23435276746749878,-0.005686220712959766,0.27482303977012634
1018,29.977384567260742,56.55692672729492,0.4981904625892639,0.2343103587627411,-0.00764591246843338,0.27577927708625793
1019,30.037857055664062,51.797786712646484,0.4993809759616852,0.23429584503173828,-0.007321473211050034,0.27514103055000305
1020,30.00503921508789,51.5125732421875,0.4989618957042694,0.23427151143550873,-0.007601869758218527,0.27593448758125305
1021,30.048704147338867,53.950286865234375,0.49768951535224915,0.23421739041805267,-0.010724453255534172,0.2754448652267456
1022,29.389387130737305,43.350669860839844,0.4998781085014343,0.23421454429626465,-0.007722486276179552,0.2766214609146118
1023,30.015348434448242,54.651588439941406,0.49943238496780396,0.23420125246047974,-0.008953583426773548,0.27640286087989807
1024,29.794334411621094,49.555686950683594,0.5002343058586121,0.23420675098896027,-0.010395588353276253,0.27685704827308655
1025,29.859111785888672,51.3547248840332,0.5009466409683228,0.2342289239168167,-0.010790841653943062,0.2754982113838196
1026,30.082712173461914,52.73786544799805,0.5008304715156555,0.23424838483333588,-0.009627928026020527,0.275283545255661
1027,30.508573532104492,61.539031982421875,0.5011657476425171,0.2342756986618042,-0.009719879366457462,0.2767249643802643
1028,29.27326011657715,45.025177001953125,0.5002018809318542,0.23428042232990265,-0.010534657165408134,0.27957725524902344
1029,30.20061492919922,55.72552490234375,0.4989904463291168,0.234256774187088,-0.01025344617664814,0.27771976590156555
1030,29.926565170288086,54.25125503540039,0.4989447593688965,0.23423205316066742,-0.0120673393830657,0.2774530053138733
1031,29.4158935546875,44.51518249511719,0.4997314214706421,0.23422574996948242,-0.013268732465803623,0.2767813205718994
1032,29.823589324951172,48.52751922607422,0.4996799826622009,0.23421825468540192,-0.010472233407199383,0.2757747173309326
1033,29.79365348815918,49.6621208190918,0.4996761679649353,0.23421066999435425,-0.010191171430051327,0.2756178081035614
1034,29.78477668762207,49.1280403137207,0.4986476004123688,0.23417899012565613,-0.01055396068841219,0.2747892141342163
1035,29.654359817504883,52.308773040771484,0.498902827501297,0.23415330052375793,-0.01098558772355318,0.27538174390792847
1036,30.082151412963867,56.3444938659668,0.4983447790145874,0.23411454260349274,-0.010772560723125935,0.2769971191883087
1037,29.692983627319336,52.03910446166992,0.49895429611206055,0.23409005999565125,-0.012734289281070232,0.2770926356315613
1038,29.616025924682617,45.31021499633789,0.49803614616394043,0.23404408991336823,-0.011471650563180447,0.27424970269203186
1039,30.292068481445312,57.64516830444336,0.4978056848049164,0.23399274051189423,-0.011283380910754204,0.2743499279022217
1040,29.679443359375,48.28315734863281,0.4965638220310211,0.23391233384609222,-0.013104871846735477,0.2731553614139557
1041,29.82084846496582,54.69746398925781,0.49816763401031494,0.23386947810649872,-0.012021907605230808,0.2758648693561554
1042,29.519245147705078,48.3441047668457,0.4974590539932251,0.23381005227565765,-0.00955609604716301,0.27673786878585815
1043,30.199556350708008,54.75715637207031,0.4974457025527954,0.2337503284215927,-0.0071436138823628426,0.2754310071468353
1044,30.145994186401367,55.29393005371094,0.4983428716659546,0.2337116003036499,-0.00936660636216402,0.2736581861972809
1045,29.715686798095703,50.90692901611328,0.4982438087463379,0.23367056250572205,-0.009409147314727306,0.2748863995075226
1046,29.670089721679688,52.464752197265625,0.4969409108161926,0.23359908163547516,-0.01066829077899456,0.2761031985282898
1047,29.576507568359375,47.624488830566406,0.4977676570415497,0.23354694247245789,-0.011254931800067425,0.2745186984539032
1048,29.177154541015625,44.564476013183594,0.49762287735939026,0.2334914207458496,-0.00946154072880745,0.27198928594589233
1049,30.4375,62.28628921508789,0.49719998240470886,0.233426034450531,-0.007953965105116367,0.2742648720741272
1050,29.53804588317871,49.6121940612793,0.4981866776943207,0.23338371515274048,-0.009244095534086227,0.2744688093662262
1051,29.711593627929688,50.31972885131836,0.49901333451271057,0.23336069285869598,-0.007182091474533081,0.2759323716163635
1052,29.036264419555664,37.27456283569336,0.498681902885437,0.23332993686199188,-0.0063581401482224464,0.2764154374599457
1053,30.219017028808594,55.069637298583984,0.49753904342651367,0.2332725077867508,-0.00785568356513977,0.27542951703071594
1054,29.80000114440918,52.868751525878906,0.49903616309165955,0.23325002193450928,-0.005406237673014402,0.2733704447746277
1055,29.70012092590332,49.23793029785156,0.498542845249176,0.2332160323858261,-0.0038568126037716866,0.27351510524749756
1056,29.715694427490234,50.92881393432617,0.4986228346824646,0.23318392038345337,-0.003384628565981984,0.27579325437545776
1057,30.22608184814453,56.99477005004883,0.49851810932159424,0.23314936459064484,-0.0014699746388942003,0.2757450044155121
1058,29.84286880493164,52.5644645690918,0.498847633600235,0.23312249779701233,-0.001785513130016625,0.2780124247074127
1059,29.954608917236328,53.75126647949219,0.4994514286518097,0.233109712600708,-0.0009379934635944664,0.277225524187088
1060,29.916296005249023,53.989349365234375,0.4981638193130493,0.23306690156459808,-0.0022689260076731443,0.2768957018852234
1061,29.744098663330078,50.93324279785156,0.4996761977672577,0.233059361577034,-0.0010748562635853887,0.276198148727417
1062,29.558704376220703,50.028778076171875,0.4998571276664734,0.23305602371692657,-0.001562878373079002,0.27592262625694275
1063,29.4277400970459,46.321990966796875,0.4995638132095337,0.23304586112499237,-0.002120234305039048,0.2733577489852905
1064,29.091468811035156,39.43980026245117,0.4978495240211487,0.23299574851989746,0.0017061518738046288,0.2766324579715729
1065,29.53999900817871,48.19287872314453,0.5003694891929626,0.2330043613910675,0.0035259295254945755,0.27565282583236694
1066,29.81571388244629,49.66939163208008,0.49958857893943787,0.23299477994441986,0.003412822727113962,0.2756672501564026
1067,29.69154167175293,49.48847961425781,0.5006799697875977,0.23301060497760773,0.005482055712491274,0.27696919441223145
1068,29.78069496154785,54.647735595703125,0.5003047585487366,0.2330177128314972,0.005427418276667595,0.27791446447372437
1069,30.05131721496582,56.9869384765625,0.4999047815799713,0.2330154925584793,0.002979363314807415,0.27664074301719666
1070,30.28990936279297,58.63948440551758,0.5001447796821594,0.23301886022090912,0.003994070924818516,0.276802659034729
1071,29.823205947875977,54.979034423828125,0.5004799962043762,0.2330300509929657,0.003738329280167818,0.2771414518356323
1072,29.419654846191406,46.13316345214844,0.5002133250236511,0.23303502798080444,0.004959066864103079,0.277347594499588
1073,29.546154022216797,49.671566009521484,0.5004780888557434,0.23304617404937744,0.0018544484628364444,0.2752808630466461
1074,30.035058975219727,57.83530807495117,0.5022076368331909,0.2330976277589798,0.0009291605674661696,0.2760002017021179
1075,29.88887596130371,52.94641876220703,0.5005542635917664,0.23311054706573486,-0.0007281856378540397,0.27594587206840515
1076,30.003799438476562,54.75900650024414,0.5005961656570435,0.23312443494796753,-0.0005829513538628817,0.27524298429489136
1077,29.459354400634766,44.63062286376953,0.5008933544158936,0.23314525187015533,-0.0006950455135665834,0.27610212564468384
1078,29.452268600463867,45.74165344238281,0.5005962252616882,0.2331591546535492,0.00019213964696973562,0.2745495140552521
1079,29.68688201904297,49.897945404052734,0.5001466870307922,0.23316256701946259,-0.00010187331645283848,0.2778894603252411
1080,29.81814956665039,53.081363677978516,0.5003694891929626,0.23317117989063263,0.00014622436719946563,0.27874991297721863
1081,29.626665115356445,49.86241149902344,0.4998590350151062,0.23316790163516998,-0.000549932534340769,0.2765660583972931
1082,29.795265197753906,49.41444778442383,0.5015485882759094,0.23320400714874268,0.0004152755718678236,0.27708542346954346
1083,29.756528854370117,51.59254837036133,0.49936190247535706,0.23318912088871002,-0.0005403902032412589,0.2781715989112854
1084,29.366621017456055,47.27823257446289,0.50062096118927,0.23320360481739044,5.9385372878750786e-05,0.2773618996143341
1085,29.975238800048828,54.389862060546875,0.5001542568206787,0.23320719599723816,0.0005838318611495197,0.2765689194202423
1086,29.283973693847656,44.22031021118164,0.4991181194782257,0.23318661749362946,0.0002508705365471542,0.27849772572517395
1087,29.58340835571289,48.73579406738281,0.5003352165222168,0.23319442570209503,0.0038817888125777245,0.276929646730423
1088,29.807144165039062,53.80488204956055,0.5008533596992493,0.23321433365345,0.002677997574210167,0.2780449390411377
1089,29.847414016723633,49.6466178894043,0.5012571215629578,0.2332436591386795,0.0011253092670813203,0.2772335410118103
1090,29.754934310913086,49.443843841552734,0.499716192483902,0.23323704302310944,0.0038720248267054558,0.27782347798347473
1091,29.380664825439453,47.2415657043457,0.49955812096595764,0.2332267463207245,0.00198406376875937,0.2784038484096527
1092,29.870424270629883,56.059104919433594,0.49874669313430786,0.23319751024246216,0.0007834756979718804,0.27630096673965454
1093,29.644773483276367,53.354248046875,0.4991675913333893,0.23317809402942657,0.0003471089876256883,0.2780860364437103
1094,29.480249404907227,49.251319885253906,0.5001657009124756,0.23318195343017578,-0.0001676016254350543,0.2776789367198944
1095,29.377344131469727,47.46257400512695,0.49859046936035156,0.23314908146858215,7.476958853658289e-05,0.27577120065689087
1096,29.597511291503906,45.94200897216797,0.4971466660499573,0.23308256268501282,0.00010817153815878555,0.27685925364494324
1097,29.854482650756836,50.90700912475586,0.4977847635746002,0.23303093016147614,-0.002037258818745613,0.27732521295547485
1098,29.42957878112793,46.155269622802734,0.5000304579734802,0.23303164541721344,-0.0024177348241209984,0.27761319279670715
1099,29.270532608032227,42.95414352416992,0.5001028776168823,0.23303402960300446,-0.005881556775420904,0.2779031991958618
1100,29.016841888427734,41.720821380615234,0.4994514584541321,0.23302124440670013,-0.007838794961571693,0.27978646755218506
1101,29.648244857788086,49.977577209472656,0.4997619390487671,0.23301570117473602,-0.006373537238687277,0.27744489908218384
1102,29.347503662109375,46.695613861083984,0.5009733438491821,0.23303836584091187,-0.0072785429656505585,0.2768155336380005
1103,30.038808822631836,54.48426818847656,0.500053346157074,0.23303961753845215,-0.006868557073175907,0.2754143476486206
1104,30.023643493652344,58.623207092285156,0.49955806136131287,0.2330293208360672,-0.009702523238956928,0.27912580966949463
1105,30.085607528686523,56.59767532348633,0.49910858273506165,0.23300854861736298,-0.013159469701349735,0.2779049575328827
1106,29.72347640991211,52.10468673706055,0.5002171993255615,0.2330136001110077,-0.011210995726287365,0.27823713421821594
1107,29.135528564453125,43.283302307128906,0.4996381103992462,0.23300516605377197,-0.010089900344610214,0.2777206003665924
1108,29.900163650512695,54.709869384765625,0.5005504488945007,0.23301799595355988,-0.01023048721253872,0.27446064352989197
1109,29.906959533691406,53.42277526855469,0.4984171390533447,0.2329811006784439,-0.008706983178853989,0.27589619159698486
1110,30.038301467895508,57.4615592956543,0.499636173248291,0.2329726368188858,-0.007919007912278175,0.27883151173591614
1111,29.15326690673828,42.85375213623047,0.4981713891029358,0.2329300343990326,-0.007058052811771631,0.2769709527492523
1112,29.549564361572266,51.747501373291016,0.4984590411186218,0.2328941524028778,-0.007425878196954727,0.27637025713920593
1113,29.767311096191406,46.455448150634766,0.4990609586238861,0.23287229239940643,-0.002387265209108591,0.2778729498386383
1114,30.038469314575195,58.82143020629883,0.49851617217063904,0.2328377515077591,-0.001230251626111567,0.27863943576812744
1115,29.685327529907227,49.46156311035156,0.49843621253967285,0.23280133306980133,-0.0011538598919287324,0.27703171968460083
1116,29.862667083740234,55.60602569580078,0.4991181194782257,0.2327807992696762,-0.0015830384800210595,0.2780345678329468
1117,29.570207595825195,50.404449462890625,0.49865904450416565,0.2327495813369751,-0.0017018462531268597,0.2802727520465851
1118,29.778579711914062,50.7927360534668,0.4981904923915863,0.2327074557542801,-0.0009133858256973326,0.2780630886554718
1119,29.72519874572754,55.535736083984375,0.5001161694526672,0.23271015286445618,0.0003058132715523243,0.27810239791870117
1120,30.162494659423828,56.859493255615234,0.4994266927242279,0.23269681632518768,-0.0038515946362167597,0.27661728858947754
1121,29.76984405517578,50.145835876464844,0.4995656907558441,0.23268669843673706,-0.002458596834912896,0.27706217765808105
1122,29.494234085083008,44.89582443237305,0.4987352192401886,0.2326572686433792,-0.00462299631908536,0.2758617401123047
1123,29.409513473510742,45.85125732421875,0.4985561966896057,0.23262368142604828,-0.004234557505697012,0.2789911925792694
1124,29.25593376159668,45.525634765625,0.4994419515132904,0.23261070251464844,-0.008119975216686726,0.2764432430267334
1125,29.58693504333496,49.25387191772461,0.4997390806674957,0.23260462284088135,-0.00720807071775198,0.27742764353752136
1126,29.664196014404297,48.869468688964844,0.4981885850429535,0.23256248235702515,-0.005785688757896423,0.27850160002708435
1127,29.218799591064453,39.55503845214844,0.49763810634613037,0.23250754177570343,-0.0059683797881007195,0.2766469419002533
1128,29.836545944213867,53.97661590576172,0.499468594789505,0.23249517381191254,-0.005504761356860399,0.27741342782974243
1129,29.69448471069336,52.431007385253906,0.49993520975112915,0.23249366879463196,-0.00397228030487895,0.2792793810367584
1130,29.512779235839844,48.66012191772461,0.49951812624931335,0.23248247802257538,-0.0022478734608739614,0.27893292903900146
1131,29.828153610229492,53.18186950683594,0.49972003698349,0.23247596621513367,-0.003640314331278205,0.2799933850765228
1132,29.904813766479492,54.10575485229492,0.4999714195728302,0.23247529566287994,-0.0006296240608207881,0.28003108501434326
1133,29.56424903869629,49.85770797729492,0.4992590546607971,0.23245806992053986,0.0003981881309300661,0.2788386344909668
1134,29.83770179748535,54.74475860595703,0.4994114637374878,0.2324443906545639,0.001253138529136777,0.2810091972351074
1135,29.694318771362305,53.26077651977539,0.5005238056182861,0.23245655000209808,0.003348997328430414,0.2794257402420044
1136,29.47585105895996,48.48322296142578,0.5003904700279236,0.23246563971042633,0.007471379358321428,0.2803642451763153
1137,29.458515167236328,45.906253814697266,0.49978092312812805,0.23246054351329803,0.008621602319180965,0.2796376645565033
1138,29.5577335357666,48.92839431762695,0.5001257061958313,0.23246344923973083,0.009203908033668995,0.27885743975639343
1139,29.496143341064453,47.907745361328125,0.5005561709403992,0.2324763834476471,0.0073118614964187145,0.2798210680484772
1140,29.031051635742188,38.906036376953125,0.4999200403690338,0.23247452080249786,0.007842023856937885,0.27855420112609863
1141,29.894023895263672,57.29191589355469,0.49905523657798767,0.23245255649089813,0.01008421927690506,0.27870434522628784
1142,29.632129669189453,49.172786712646484,0.5001543164253235,0.23245613276958466,0.010116447694599628,0.2783859670162201
1143,29.062328338623047,35.61710739135742,0.5002628564834595,0.23246222734451294,0.011622153222560883,0.27947717905044556
1144,29.534276962280273,48.86391067504883,0.501436173915863,0.23249562084674835,0.010865182615816593,0.2801963984966278
1145,29.61829948425293,50.3167724609375,0.5002819299697876,0.23250216245651245,0.01037490926682949,0.2792215645313263
1146,29.10261344909668,37.10856628417969,0.4995942711830139,0.23249273002147675,0.013264032080769539,0.27933910489082336
1147,29.36876678466797,50.92873764038086,0.49807998538017273,0.23244810104370117,0.01602037250995636,0.27799156308174133
1148,29.721391677856445,52.162994384765625,0.49967044591903687,0.23244044184684753,0.014417475089430809,0.27881118655204773
1149,29.420089721679688,50.53163528442383,0.49903997778892517,0.23241811990737915,0.01645652763545513,0.28006261587142944
1150,29.781484603881836,52.75927734375,0.5001466870307922,0.23242153227329254,0.018458055332303047,0.2784952223300934
1151,29.181604385375977,39.662349700927734,0.5003600120544434,0.23242990672588348,0.0184541717171669,0.27841365337371826
1152,28.95875358581543,42.74979782104492,0.4998552203178406,0.23242653906345367,0.01702040061354637,0.27794507145881653
1153,29.373149871826172,49.362274169921875,0.5011295080184937,0.23245280981063843,0.01698237471282482,0.27809855341911316
1154,29.337644577026367,48.404502868652344,0.5008628964424133,0.23247286677360535,0.015059258788824081,0.2788040339946747
1155,29.76953887939453,55.85334777832031,0.49993520975112915,0.23247136175632477,0.015393759123980999,0.2802846431732178
1156,29.52775001525879,52.08073043823242,0.5008419156074524,0.2324909269809723,0.013754395768046379,0.2790793180465698
1157,29.49895668029785,50.83844757080078,0.5014837980270386,0.23252543807029724,0.014605131931602955,0.2780574560165405
1158,29.840818405151367,56.51728439331055,0.4992019534111023,0.2325068861246109,0.012103898450732231,0.280117005109787
1159,29.799068450927734,51.56201171875,0.4997790455818176,0.23250174522399902,0.015723373740911484,0.2801363170146942
1160,29.28438377380371,50.060279846191406,0.5003961324691772,0.23251095414161682,0.016310088336467743,0.28140708804130554
1161,29.294273376464844,48.19346618652344,0.5008094906806946,0.23252977430820465,0.01839395985007286,0.27976855635643005
1162,29.181123733520508,43.33271789550781,0.4988875985145569,0.23250390589237213,0.01634099893271923,0.27958065271377563
1163,29.12327766418457,44.1705436706543,0.4994247555732727,0.23249053955078125,0.014624545350670815,0.2801744341850281
1164,29.189748764038086,45.88682174682617,0.5003485679626465,0.2324986308813095,0.013874218799173832,0.2814214825630188
1165,29.284502029418945,47.25291061401367,0.4998856782913208,0.2324959635734558,0.011301757767796516,0.27915245294570923
1166,29.0977840423584,45.885929107666016,0.4991675913333893,0.232476606965065,0.010969019494950771,0.2822994887828827
1167,29.14240837097168,47.75253677368164,0.4986704885959625,0.23244568705558777,0.011419553309679031,0.2800300121307373
1168,29.741600036621094,52.727867126464844,0.5002171397209167,0.2324507236480713,0.009042265824973583,0.2801875174045563
1169,29.59520149230957,53.32805633544922,0.5004609823226929,0.23246145248413086,0.007585938088595867,0.2809647023677826
1170,29.640853881835938,55.98819351196289,0.498348593711853,0.23242305219173431,0.007523064501583576,0.28178244829177856
1171,28.650484085083008,36.819976806640625,0.4998724162578583,0.23242008686065674,0.006533457897603512,0.2798686921596527
1172,29.491979598999023,50.53876876831055,0.4983866810798645,0.23238258063793182,0.007610567379742861,0.2808741331100464
1173,29.35231590270996,50.71318054199219,0.4999542832374573,0.23238150775432587,0.006342140957713127,0.28083425760269165
1174,29.0945987701416,44.00985336303711,0.4988076388835907,0.2323538064956665,0.005763000342994928,0.2806209325790405
1175,29.25644874572754,49.25105285644531,0.4984704852104187,0.23231826722621918,0.0062356265261769295,0.2812122702598572
1176,28.9462890625,43.23613357543945,0.498767614364624,0.2322896271944046,0.0017687918152660131,0.27995944023132324
1177,29.460769653320312,54.00364303588867,0.49863237142562866,0.2322578728199005,-0.00013039816985838115,0.28063610196113586
1178,29.257726669311523,50.09607696533203,0.49916380643844604,0.23223845660686493,-0.0007351186941377819,0.27805033326148987
1179,29.541616439819336,54.14674758911133,0.5000266432762146,0.23223906755447388,-0.0017228922806680202,0.2787771224975586
1180,29.108654022216797,48.11874008178711,0.4998876452445984,0.23223645985126495,-0.002909229137003422,0.2809053659439087
1181,29.263336181640625,47.061073303222656,0.4996667206287384,0.23222872614860535,-0.005031265318393707,0.27958011627197266
1182,29.53128433227539,51.97072982788086,0.5007047653198242,0.2322450876235962,-0.0054269274696707726,0.2817254960536957
1183,28.852886199951172,43.915283203125,0.4995313882827759,0.23223420977592468,-0.0090923011302948,0.27926403284072876
1184,29.12486457824707,44.476036071777344,0.500106692314148,0.23223669826984406,-0.007766668684780598,0.28098446130752563
1185,29.322956085205078,48.2521858215332,0.4999067187309265,0.23223453760147095,-0.012258142232894897,0.2796664834022522
1186,29.458105087280273,49.09063720703125,0.4996228814125061,0.23222577571868896,-0.012522473931312561,0.28335511684417725
1187,29.27505874633789,50.4871711730957,0.5008304715156555,0.232245072722435,-0.011868560686707497,0.2818101942539215
1188,29.500085830688477,53.57468032836914,0.5004400014877319,0.23225529491901398,-0.013990314677357674,0.2823011577129364
1189,29.57555389404297,53.650272369384766,0.49961718916893005,0.23224641382694244,-0.013909641653299332,0.28198495507240295
1190,29.3627986907959,48.962955474853516,0.49940377473831177,0.23223257064819336,-0.01338338665664196,0.28085944056510925
1191,28.99512481689453,42.95586395263672,0.499946653842926,0.23223131895065308,-0.013348321430385113,0.2821873426437378
1192,29.3051700592041,50.333274841308594,0.5002628564834595,0.23223741352558136,-0.01231359876692295,0.281879186630249
1193,30.080799102783203,58.65156936645508,0.500106692314148,0.23223990201950073,-0.01140305120497942,0.2820379436016083
1194,29.39393424987793,48.88207244873047,0.5009466409683228,0.23226188123226166,-0.009476279839873314,0.28267040848731995
1195,29.60855484008789,56.39998245239258,0.4995638132095337,0.23225174844264984,-0.009494692087173462,0.2832096517086029
1196,29.939111709594727,61.01580810546875,0.5000056624412537,0.23225188255310059,-0.0089687779545784,0.27992984652519226
1197,29.26444435119629,46.96512985229492,0.5005638003349304,0.23226498067378998,-0.007279867772012949,0.27969732880592346
1198,29.52658462524414,53.267330169677734,0.4991981089115143,0.23224635422229767,-0.010614223778247833,0.2800911068916321
1199,29.63204002380371,55.33589553833008,0.4990438222885132,0.23222415149211884,-0.00969561655074358,0.2812063694000244
1200,29.16698455810547,46.69281768798828,0.4992724061012268,0.232207253575325,-0.011502993293106556,0.28183645009994507
1201,29.48584747314453,49.348670959472656,0.4994495213031769,0.2321944683790207,-0.01095239445567131,0.2810947597026825
1202,29.699121475219727,53.8913459777832,0.49885717034339905,0.23216794431209564,-0.013545649126172066,0.2820027470588684
1203,29.271968841552734,50.14927291870117,0.5008438229560852,0.23218753933906555,-0.013893266208469868,0.2805284261703491
1204,29.797941207885742,56.98035430908203,0.500055193901062,0.23218880593776703,-0.011981266550719738,0.2854119837284088
1205,29.77723503112793,52.527706146240234,0.5003314018249512,0.23219649493694305,-0.014376075007021427,0.28323736786842346
1206,29.227203369140625,44.511810302734375,0.4993124008178711,0.23218052089214325,-0.013008864596486092,0.2823801636695862
1207,29.29353904724121,44.34315490722656,0.4993676543235779,0.2321658432483673,-0.014996488578617573,0.27976030111312866
1208,29.02975845336914,38.47414779663086,0.500062882900238,0.2321673035621643,-0.015504933893680573,0.2814297676086426
1209,28.875865936279297,36.883209228515625,0.49929139018058777,0.2321508526802063,-0.01650428958237171,0.28359270095825195
1210,29.51589584350586,50.914466857910156,0.5000781416893005,0.23215268552303314,-0.017476392909884453,0.2825295925140381
1211,29.878307342529297,54.20290756225586,0.5013980865478516,0.23218515515327454,-0.018682273104786873,0.28260233998298645
1212,28.769989013671875,35.590450286865234,0.49971240758895874,0.2321784794330597,-0.02053016610443592,0.282033234834671
1213,29.404436111450195,46.53513717651367,0.5001866817474365,0.2321828305721283,-0.018686305731534958,0.2812800407409668
1214,29.417949676513672,50.820655822753906,0.49991053342819214,0.23218075931072235,-0.017982766032218933,0.27958494424819946
1215,29.277986526489258,45.901084899902344,0.5015237927436829,0.23221613466739655,-0.018268313258886337,0.28152143955230713
1216,29.549156188964844,51.37303161621094,0.5009390711784363,0.23223794996738434,-0.0211984533816576,0.2804725468158722
1217,29.180898666381836,44.801570892333984,0.5014609098434448,0.23227189481258392,-0.02472539432346821,0.2825887203216553
1218,29.260419845581055,48.077728271484375,0.5005752444267273,0.2322852611541748,-0.023655716329813004,0.28466367721557617
1219,29.6851863861084,57.229759216308594,0.5016228556632996,0.23232294619083405,-0.022764593362808228,0.2831587493419647
1220,29.511510848999023,52.55455017089844,0.5014781355857849,0.23235729336738586,-0.022393736988306046,0.2843485176563263
1221,29.18509864807129,45.949684143066406,0.5015314221382141,0.23239289224147797,-0.019389374181628227,0.2855904996395111
1222,28.962127685546875,38.15940475463867,0.5009409785270691,0.23241475224494934,-0.02027733251452446,0.28381696343421936
1223,29.304153442382812,46.11344528198242,0.5017104744911194,0.23245450854301453,-0.018192008137702942,0.2823927402496338
1224,29.714155197143555,54.86735534667969,0.5009409785270691,0.2324763685464859,-0.014151140116155148,0.2825358808040619
1225,29.14316749572754,42.4344596862793,0.5014305114746094,0.23250962793827057,-0.012826836667954922,0.28182899951934814
1226,29.543943405151367,50.07437515258789,0.5015943050384521,0.23254668712615967,-0.012647089548408985,0.2847347557544708
1227,29.14900016784668,45.185943603515625,0.5013219118118286,0.23257742822170258,-0.015296523459255695,0.2833413779735565
1228,29.60950469970703,50.14858627319336,0.5006838440895081,0.2325933426618576,-0.01423583459109068,0.2844374179840088
1229,29.45635414123535,52.46258544921875,0.5009695291519165,0.2326158881187439,-0.013793954625725746,0.2850636839866638
1230,29.535200119018555,54.6660041809082,0.500287652015686,0.23262256383895874,-0.014872896485030651,0.28212252259254456
1231,29.544570922851562,52.2114143371582,0.5000304579734802,0.23262327909469604,-0.015833139419555664,0.2829313278198242
1232,29.19687843322754,46.773765563964844,0.4998552203178406,0.23261991143226624,-0.014503641985356808,0.2837529182434082
1233,28.882612228393555,43.039451599121094,0.49865713715553284,0.23258867859840393,-0.015556025318801403,0.2832624614238739
1234,29.484434127807617,52.701473236083984,0.4998152554035187,0.2325843870639801,-0.013840602710843086,0.2842027246952057
1235,28.783329010009766,38.86085510253906,0.49984002113342285,0.23258067667484283,-0.012936525978147984,0.28444546461105347
1236,29.184040069580078,46.6656379699707,0.5016685724258423,0.2326194941997528,-0.009296990931034088,0.2819612920284271
1237,29.418304443359375,53.21957778930664,0.49991241097450256,0.23261745274066925,-0.007050553802400827,0.2831643223762512
1238,29.36195182800293,46.086708068847656,0.5008381009101868,0.2326369434595108,-0.0032928006257861853,0.28500881791114807
1239,29.258167266845703,49.017452239990234,0.5010799765586853,0.23266206681728363,-0.002191791543737054,0.2832568287849426
1240,29.15445899963379,42.42371368408203,0.5002666115760803,0.23266828060150146,-0.003561492310836911,0.2827797532081604
1241,29.49001121520996,49.29856491088867,0.4998552203178406,0.23266491293907166,-0.004579081200063229,0.28438422083854675
1242,29.08384895324707,42.03756332397461,0.5015314221382141,0.23270055651664734,-0.004695146810263395,0.286649614572525
1243,29.66699981689453,53.868919372558594,0.5011714100837708,0.23272782564163208,-0.007011312060058117,0.28478890657424927
1244,29.014358520507812,45.01288604736328,0.5006818771362305,0.23274369537830353,-0.008431538008153439,0.2824113965034485
1245,29.293310165405273,45.778709411621094,0.4999276101589203,0.23274201154708862,-0.00972153339534998,0.28343015909194946
1246,29.97020149230957,61.07443618774414,0.5010895133018494,0.23276737332344055,-0.0068602487444877625,0.2829522490501404
1247,29.349044799804688,47.19002914428711,0.5009257197380066,0.23278893530368805,-0.00697885500267148,0.2838212847709656
1248,29.403099060058594,52.51953125,0.49910858273506165,0.23276817798614502,-0.006375039927661419,0.2851152718067169
1249,29.315502166748047,48.737998962402344,0.500674307346344,0.23278388381004333,-0.007543278392404318,0.28415361046791077
1250,29.172029495239258,46.368770599365234,0.49889716506004333,0.23275820910930634,-0.008312330581247807,0.2867341935634613
1251,29.211822509765625,44.44906234741211,0.5001847743988037,0.23276251554489136,-0.00770764984190464,0.28386950492858887
1252,29.323881149291992,47.85907745361328,0.4991961717605591,0.23274379968643188,-0.010252621956169605,0.28466853499412537
1253,29.52039909362793,52.978431701660156,0.49914097785949707,0.23272380232810974,-0.010526401922106743,0.2827063798904419
1254,29.69883918762207,56.834964752197266,0.5003485679626465,0.2327319085597992,-0.010360493324697018,0.2846151292324066
1255,29.465848922729492,47.9963264465332,0.5001562237739563,0.2327355444431305,-0.009163438342511654,0.28349974751472473
1256,29.02397346496582,44.31977462768555,0.499607652425766,0.23272641003131866,-0.009258070029318333,0.2846084535121918
1257,29.653059005737305,54.676483154296875,0.5008876323699951,0.23274707794189453,-0.008961576037108898,0.2819679379463196
1258,29.479389190673828,50.81118392944336,0.49989521503448486,0.23274463415145874,-0.008472475223243237,0.2826709449291229
1259,28.791351318359375,39.09124755859375,0.49934667348861694,0.23272943496704102,-0.010595458559691906,0.2842075228691101
1260,29.00411605834961,42.98052978515625,0.4995923638343811,0.23271994292736053,-0.008291725069284439,0.2859368324279785
1261,29.15502166748047,49.44642639160156,0.5007123947143555,0.2327365279197693,-0.013297970406711102,0.28637176752090454
1262,29.68463897705078,55.96213912963867,0.5009752511978149,0.23275922238826752,-0.010366139933466911,0.2859068810939789
1263,29.237668991088867,46.249515533447266,0.5004228353500366,0.23276907205581665,-0.009013594128191471,0.28540197014808655
1264,29.4237117767334,48.66985321044922,0.5005066394805908,0.23278085887432098,-0.00885847769677639,0.2848166525363922
1265,29.26349639892578,48.329986572265625,0.500032365322113,0.23278160393238068,-0.008230478502810001,0.2835122048854828
1266,29.867023468017578,57.053993225097656,0.49950093030929565,0.23276999592781067,-0.007303293328732252,0.2846803069114685
1267,29.355058670043945,44.58695983886719,0.5007085800170898,0.23278647661209106,-0.008587013930082321,0.28503867983818054
1268,29.261499404907227,48.599918365478516,0.4992285668849945,0.23276852071285248,-0.009024985134601593,0.2825806140899658
1269,29.170684814453125,46.13413619995117,0.499468594789505,0.2327561378479004,-0.004624293185770512,0.28469884395599365
1270,29.84657096862793,57.9651985168457,0.5009599924087524,0.23277847468852997,-0.006220753770321608,0.2837167978286743
1271,29.1438045501709,45.66618728637695,0.4993276298046112,0.23276282846927643,-0.003952240105718374,0.28474822640419006
1272,28.657506942749023,36.63494110107422,0.4995790421962738,0.23275303840637207,-0.004885458387434483,0.28418752551078796
1273,29.157024383544922,47.293453216552734,0.5000590682029724,0.2327544242143631,-0.0018876688554883003,0.285959392786026
1274,28.96139907836914,41.19453811645508,0.49877333641052246,0.23272587358951569,-0.00032444274984300137,0.2836976945400238
1275,29.703876495361328,55.09996795654297,0.5007523894309998,0.23274338245391846,0.00017166267207358032,0.28515860438346863
1276,28.679643630981445,35.83158874511719,0.500373363494873,0.23275206983089447,0.002157927490770817,0.28559866547584534
1277,29.179262161254883,44.854610443115234,0.4996075928211212,0.23274293541908264,0.003389284247532487,0.2842639088630676
1278,28.96393394470215,41.838096618652344,0.5020304322242737,0.23279018700122833,0.001942531089298427,0.284334659576416
1279,29.25934410095215,48.54814910888672,0.4997067153453827,0.23278336226940155,0.0025751085486263037,0.28578248620033264
1280,29.215356826782227,47.12759017944336,0.4997047483921051,0.2327764928340912,0.006018093321472406,0.2842455506324768
1281,29.123586654663086,48.544742584228516,0.5017942786216736,0.23281826078891754,0.00255207484588027,0.28577345609664917
1282,29.102869033813477,46.5152473449707,0.5014647841453552,0.23285236954689026,0.0021673841401934624,0.28546270728111267
1283,28.96697235107422,43.845733642578125,0.49947619438171387,0.2328401654958725,0.0034778325352817774,0.28602978587150574
1284,29.321578979492188,48.451995849609375,0.5007619261741638,0.23285789787769318,0.0033549589570611715,0.2878530025482178
1285,28.882957458496094,42.89387512207031,0.4999580979347229,0.23285692930221558,0.0021021366119384766,0.2884739339351654
1286,29.251724243164062,48.32118225097656,0.5013847351074219,0.23288919031620026,0.00716885831207037,0.2855605483055115
1287,29.42493438720703,49.61885452270508,0.500535249710083,0.2329016625881195,0.007674152031540871,0.2862057685852051
1288,29.240333557128906,47.81305694580078,0.49820002913475037,0.2328597456216812,0.007601743098348379,0.2876756191253662
1289,29.349321365356445,53.4366569519043,0.49889522790908813,0.23283401131629944,0.009985802695155144,0.28623712062835693
1290,29.1696834564209,48.754764556884766,0.4995904564857483,0.23282447457313538,0.01315009593963623,0.2862370014190674
1291,29.228364944458008,50.4715690612793,0.5001371502876282,0.23282766342163086,0.009928982704877853,0.2857729494571686
1292,29.12787628173828,47.423133850097656,0.4989085793495178,0.23280225694179535,0.008978504687547684,0.28590160608291626
1293,29.271039962768555,50.41874313354492,0.5004095435142517,0.2328118085861206,0.00849778763949871,0.2854920029640198
1294,28.96787452697754,43.695228576660156,0.4998038113117218,0.2328072488307953,0.00876240897923708,0.2848741114139557
1295,29.504884719848633,52.654815673828125,0.49909523129463196,0.2327861785888672,0.009676804766058922,0.2848830223083496
1296,29.266590118408203,47.729400634765625,0.498960018157959,0.23276196420192719,0.007728156633675098,0.2861003279685974
1297,29.300716400146484,50.69041061401367,0.49923810362815857,0.2327442318201065,0.008135761134326458,0.2852799892425537
1298,29.17709732055664,47.938411712646484,0.4992285668849945,0.23272627592086792,0.004371326416730881,0.2859339118003845
1299,29.52397918701172,52.17454147338867,0.49828189611434937,0.23268629610538483,0.00318502658046782,0.28707727789878845
1300,29.410688400268555,51.726444244384766,0.49776381254196167,0.2326342612504959,0.0072091007605195045,0.2858303487300873
1301,29.20763397216797,48.879112243652344,0.4989524185657501,0.23260988295078278,0.007766804192215204,0.286805659532547
1302,29.253671646118164,48.49760055541992,0.4986095130443573,0.23257753252983093,0.0030033576767891645,0.2868652939796448
1303,29.174388885498047,50.49516677856445,0.4992990493774414,0.23256123065948486,0.003133445978164673,0.28460463881492615
1304,29.11043357849121,45.189735412597656,0.4985847473144531,0.23252832889556885,0.005754172336310148,0.2829234302043915
1305,28.894811630249023,41.89773178100586,0.4991847574710846,0.23250937461853027,0.0028802899178117514,0.2854543924331665
1306,29.03943634033203,47.269744873046875,0.49949905276298523,0.23249773681163788,0.002345353364944458,0.2853572368621826
1307,28.643814086914062,36.98240661621094,0.4994095265865326,0.23248399794101715,-0.0001998270017793402,0.2852637469768524
1308,29.638809204101562,53.32432174682617,0.49896952509880066,0.23246003687381744,-4.565330527839251e-05,0.28599587082862854
1309,28.79566764831543,39.42145919799805,0.49854665994644165,0.232426255941391,0.001035717548802495,0.28638026118278503
1310,29.270496368408203,45.88215637207031,0.4993390440940857,0.23241089284420013,0.0008890703902579844,0.2870621085166931
1311,29.92197608947754,60.345523834228516,0.4995656907558441,0.2324007898569107,-0.0025405671913176775,0.2866258919239044
1312,29.116683959960938,45.20732879638672,0.5004666447639465,0.23241162300109863,-0.003633726155385375,0.28764379024505615
1313,29.290063858032227,49.82704544067383,0.5004990696907043,0.23242323100566864,-0.004618026781827211,0.28695404529571533
1314,29.11796760559082,46.672306060791016,0.4998209774494171,0.23241907358169556,-0.0029964048881083727,0.2894345819950104
1315,29.639192581176758,54.718048095703125,0.5009695291519165,0.23244160413742065,-0.006623488385230303,0.28836876153945923
1316,29.39478874206543,51.52324295043945,0.4997657239437103,0.2324361652135849,-0.005864266771823168,0.2879927158355713
1317,29.04608917236328,45.47974395751953,0.500588595867157,0.23244985938072205,-0.0070366631262004375,0.28562164306640625
1318,29.412742614746094,52.85348892211914,0.4992247521877289,0.2324318289756775,-0.007922896184027195,0.288059800863266
1319,29.634456634521484,54.13051986694336,0.5013561844825745,0.23246335983276367,-0.006795564200729132,0.2880478501319885
1320,29.51055145263672,52.95736312866211,0.49950671195983887,0.2324518859386444,-0.005574982147663832,0.28898024559020996
1321,28.666994094848633,34.580509185791016,0.5018266439437866,0.23249433934688568,-0.004976613447070122,0.28805896639823914
1322,29.144439697265625,44.48058319091797,0.5009047985076904,0.2325153797864914,-0.0047615086659789085,0.28812217712402344
1323,28.995784759521484,44.0477409362793,0.5002171993255615,0.2325204312801361,-0.006520891096442938,0.28825244307518005
1324,29.10965347290039,46.40521240234375,0.5014400482177734,0.23255391418933868,-0.007059251423925161,0.28913363814353943
1325,29.205276489257812,48.27327346801758,0.49976950883865356,0.2325485497713089,-0.006293667946010828,0.28888756036758423
1326,28.990428924560547,46.8394660949707,0.5014457106590271,0.2325821816921234,-0.008466805331408978,0.2899368107318878
1327,29.156042098999023,45.306053161621094,0.5014476180076599,0.23261584341526031,-0.005566930398344994,0.2880522608757019
1328,28.813827514648438,38.667335510253906,0.5001524090766907,0.23261938989162445,-0.0068545653484761715,0.2869856357574463
1329,28.923202514648438,41.51320266723633,0.49961334466934204,0.23261038959026337,-0.004426208790391684,0.28782421350479126
1330,29.326419830322266,48.45069122314453,0.5009009838104248,0.2326313555240631,-0.006100173108279705,0.2882041335105896
1331,29.045869827270508,44.750125885009766,0.5007829070091248,0.23264957964420319,-0.006055029109120369,0.285887748003006
1332,29.654150009155273,57.12971496582031,0.500611424446106,0.2326638102531433,-0.003551674075424671,0.2895611822605133
1333,28.65198516845703,35.982330322265625,0.49993905425071716,0.2326623946428299,-0.003174449084326625,0.2903958559036255
1334,28.869266510009766,41.63103103637695,0.49892380833625793,0.23263734579086304,-0.0034477824810892344,0.2894829213619232
1335,29.210905075073242,47.550437927246094,0.5012133717536926,0.23266558349132538,-0.002162218326702714,0.28920066356658936
1336,29.358854293823242,50.0966796875,0.4978933334350586,0.2326165735721588,-0.003488546935841441,0.28944820165634155
1337,28.90028190612793,46.83289337158203,0.5013619661331177,0.23264823853969574,-0.00048051291378214955,0.2892466187477112
1338,29.111604690551758,53.00769805908203,0.4987828731536865,0.23261992633342743,-0.0020786491222679615,0.28963571786880493
1339,29.25718116760254,49.92422103881836,0.4999676048755646,0.23261918127536774,-0.0037402373272925615,0.2887189984321594
1340,29.459564208984375,53.174034118652344,0.4991580843925476,0.23259960114955902,-4.237953180563636e-05,0.28886860609054565
1341,28.879674911499023,43.51740264892578,0.499045729637146,0.2325773984193802,0.0007491538999602199,0.28770411014556885
1342,28.929834365844727,46.76946258544922,0.49927809834480286,0.23256060481071472,0.0013180840760469437,0.28647616505622864
1343,28.79369354248047,43.286712646484375,0.4990609586238861,0.23253877460956573,-0.0004837465821765363,0.28590425848960876
1344,29.038108825683594,45.43889236450195,0.4988781213760376,0.2325126826763153,-0.00030210494878701866,0.2883951663970947
1345,29.264484405517578,48.718265533447266,0.49808764457702637,0.23246821761131287,-0.002822303678840399,0.2902030646800995
1346,29.42769432067871,53.702388763427734,0.49888572096824646,0.23244231939315796,-0.00047212676145136356,0.2883587181568146
1347,29.15317153930664,48.23375701904297,0.4998838007450104,0.23243962228298187,0.0019477506866678596,0.29038751125335693
1348,28.917203903198242,41.9764289855957,0.4987542927265167,0.23241066932678223,0.003028593026101589,0.29064640402793884
1349,29.157255172729492,46.44518280029297,0.4991866946220398,0.23239177465438843,0.0020916040521115065,0.2880607545375824
1350,29.021007537841797,47.7163200378418,0.4991123676300049,0.23237115144729614,0.002152088563889265,0.2911206781864166
1351,29.32100486755371,51.83830642700195,0.5007390379905701,0.23238833248615265,0.002922016428783536,0.29037219285964966
1352,28.961164474487305,42.905067443847656,0.4989200234413147,0.2323632389307022,0.002248680917546153,0.28675588965415955
1353,28.99622917175293,46.12705612182617,0.500727653503418,0.23238013684749603,0.0009770559845492244,0.2882908880710602
1354,29.493877410888672,52.3558464050293,0.4987218976020813,0.2323504388332367,0.005105251912027597,0.286632776260376
1355,29.098148345947266,45.70833206176758,0.5001657009124756,0.2323542833328247,0.005399476271122694,0.2889416217803955
1356,29.386627197265625,52.17839813232422,0.49996572732925415,0.23235347867012024,0.004455071408301592,0.291271835565567
1357,29.16475486755371,46.30206298828125,0.4980914294719696,0.23230913281440735,0.00402792589738965,0.2879835069179535
1358,28.921653747558594,44.89057159423828,0.49855998158454895,0.23227567970752716,0.0011672521941363811,0.2887320816516876
1359,29.04467010498047,43.77627944946289,0.49971428513526917,0.2322690486907959,0.005830992478877306,0.28923797607421875
1360,29.151329040527344,48.964561462402344,0.5006133317947388,0.23228327929973602,0.0019842926412820816,0.28827452659606934
1361,28.9237117767334,41.82471466064453,0.4996761977672577,0.23227575421333313,0.0012389880139380693,0.28976699709892273
1362,29.378219604492188,52.858455657958984,0.5000133514404297,0.232276052236557,0.004087443929165602,0.2890980839729309
1363,29.059003829956055,47.563716888427734,0.499495267868042,0.23226432502269745,0.006721590179949999,0.28963375091552734
1364,29.250564575195312,47.846317291259766,0.4998038113117218,0.23225976526737213,0.00752800889313221,0.2885485887527466
1365,29.240928649902344,48.12646484375,0.49987050890922546,0.23225675523281097,0.007226812653243542,0.289763867855072
1366,29.993322372436523,58.303470611572266,0.5001466870307922,0.23226016759872437,0.008874128572642803,0.2917504608631134
1367,28.957372665405273,42.36988830566406,0.50140380859375,0.2322927862405777,0.010332431644201279,0.2896465063095093
1368,28.834489822387695,45.20188522338867,0.49982091784477234,0.23228862881660461,0.011177037842571735,0.29219135642051697
1369,28.697574615478516,35.356197357177734,0.4998742938041687,0.23228570818901062,0.011128589510917664,0.29086416959762573
1370,28.690673828125,37.3828239440918,0.5006685853004456,0.2323012351989746,0.009433434344828129,0.2891392409801483
1371,28.97154998779297,44.634830474853516,0.5004419088363647,0.23231150209903717,0.010052558034658432,0.2893495261669159
1372,28.402360916137695,31.34231948852539,0.5010590553283691,0.23233608901500702,0.010120372287929058,0.28950178623199463
1373,29.120269775390625,49.95477294921875,0.5013886094093323,0.2323683500289917,0.00959192868322134,0.29132142663002014
1374,29.235639572143555,45.380916595458984,0.5013924241065979,0.23240070044994354,0.01175285130739212,0.2900826930999756
1375,28.95620346069336,45.754234313964844,0.5008324384689331,0.23242004215717316,0.013593590818345547,0.2899876534938812
1376,29.18452262878418,48.13611602783203,0.5002819299697876,0.23242658376693726,0.011032053269445896,0.29176005721092224
1377,28.791671752929688,43.06816482543945,0.5006495118141174,0.23244167864322662,0.012814365327358246,0.2912503182888031
1378,28.658153533935547,40.30596923828125,0.5016456842422485,0.23247991502285004,0.011010678485035896,0.2912856936454773
1379,29.099760055541992,48.60626220703125,0.500729501247406,0.23249687254428864,0.007877872325479984,0.2880048155784607
1380,29.01422119140625,45.972633361816406,0.5019466876983643,0.23254212737083435,0.006494636181741953,0.2888309061527252
1381,29.39315414428711,50.49993133544922,0.5014914274215698,0.23257680237293243,0.0070994021371006966,0.28820401430130005
1382,29.35120391845703,50.56468200683594,0.5010724067687988,0.23260176181793213,0.007026901468634605,0.2904035747051239
1383,29.03684425354004,48.025386810302734,0.5024552345275879,0.23265887796878815,0.004864790942519903,0.2911432981491089
1384,28.7246036529541,45.916160583496094,0.500813364982605,0.23267778754234314,0.0056381430476903915,0.2926076352596283
1385,29.116859436035156,49.048465728759766,0.5010190606117249,0.23270151019096375,0.005198996514081955,0.2914799451828003
1386,29.440874099731445,54.345314025878906,0.501737117767334,0.23274192214012146,0.004033111967146397,0.29151520133018494
1387,28.712764739990234,34.132408142089844,0.5012666583061218,0.23277141153812408,0.004206176847219467,0.2925095856189728
1388,28.482118606567383,35.806068420410156,0.5009428858757019,0.23279336094856262,-0.0004148026928305626,0.2922552525997162
1389,29.348514556884766,51.385013580322266,0.49996763467788696,0.23279261589050293,-0.001571164233610034,0.2910272777080536
1390,29.34283447265625,50.924556732177734,0.5002571940422058,0.23279860615730286,-0.003377818502485752,0.2927567958831787
1391,29.459609985351562,50.86404037475586,0.5005638003349304,0.23281173408031464,-0.004737327806651592,0.2910153865814209
1392,28.805118560791016,45.694007873535156,0.49841904640197754,0.23277492821216583,-0.006373290903866291,0.2907252013683319
1393,29.17914390563965,50.335548400878906,0.49935048818588257,0.23275980353355408,-0.007440223824232817,0.29120439291000366
1394,28.95085334777832,44.68114471435547,0.4992133378982544,0.23274149000644684,-0.006121063604950905,0.2908630073070526
1395,29.121299743652344,48.41650390625,0.49975427985191345,0.2327357679605484,-0.007727479096502066,0.290928453207016
1396,29.34025001525879,51.23760986328125,0.4989009201526642,0.23271018266677856,-0.01011220645159483,0.29193443059921265
1397,29.647258758544922,57.280479431152344,0.49857333302497864,0.23267698287963867,-0.009145708754658699,0.2893972396850586
1398,28.958742141723633,47.63421630859375,0.49992188811302185,0.23267516493797302,-0.011295483447611332,0.28951501846313477
1399,28.701784133911133,41.47703552246094,0.4990914463996887,0.23265403509140015,-0.009773298166692257,0.29068484902381897
1400,28.653764724731445,39.55611038208008,0.49992382526397705,0.23265226185321808,-0.008072271943092346,0.29261550307273865
1401,29.03602409362793,44.441162109375,0.500481903553009,0.23266346752643585,-0.010436818934977055,0.2918097674846649
1402,29.14227867126465,51.20122146606445,0.5010742545127869,0.23268845677375793,-0.012006120756268501,0.29351475834846497
1403,29.044301986694336,44.058807373046875,0.49904951453208923,0.23266632854938507,-0.014581718482077122,0.2926468253135681
1404,29.341115951538086,50.18471145629883,0.5011771321296692,0.23269370198249817,-0.01267425250262022,0.292651891708374
1405,28.956239700317383,42.14065170288086,0.5007656812667847,0.23271150887012482,-0.012008932419121265,0.29043009877204895
1406,29.342063903808594,51.276519775390625,0.5003809928894043,0.23272038996219635,-0.012011520564556122,0.29253241419792175
1407,29.08929443359375,47.84261703491211,0.4992247521877289,0.2327023446559906,-0.010030720382928848,0.29486313462257385
1408,29.217287063598633,49.91948699951172,0.5007467269897461,0.23271970450878143,-0.006743430159986019,0.29330235719680786
1409,29.173826217651367,46.65163040161133,0.5002838373184204,0.2327263057231903,-0.004715264309197664,0.29378125071525574
1410,29.224889755249023,48.32624053955078,0.5006171464920044,0.23274067044258118,-0.003913299646228552,0.2916359007358551
1411,28.778608322143555,41.176631927490234,0.4998914301395416,0.23273815214633942,-0.006702060345560312,0.2901608347892761
1412,29.351749420166016,52.38311767578125,0.500310480594635,0.23274536430835724,-0.003987819887697697,0.2921404242515564
1413,28.655364990234375,40.144081115722656,0.5014914274215698,0.2327800691127777,-0.004513480234891176,0.2919706404209137
1414,29.008926391601562,44.44859313964844,0.5017847418785095,0.23282161355018616,-0.0036989746149629354,0.2958413362503052
1415,29.203031539916992,48.11687088012695,0.4998076558113098,0.2328171283006668,-0.0027648285031318665,0.294156014919281
1416,28.591018676757812,36.16925811767578,0.500419020652771,0.23282690346240997,-0.004417920485138893,0.2948780953884125
1417,29.15231704711914,49.05751419067383,0.5010209679603577,0.23285065591335297,-0.004016892518848181,0.29561710357666016
1418,28.808643341064453,40.96463394165039,0.500085711479187,0.23285265266895294,-0.004794002044945955,0.2968992590904236
1419,28.959033966064453,43.68333053588867,0.5004838109016418,0.2328639179468155,-0.007244400680065155,0.2929075062274933
1420,28.812808990478516,44.240753173828125,0.5014399886131287,0.23289744555950165,-0.006443116348236799,0.2944178879261017
1421,28.87704849243164,44.91672897338867,0.5000286102294922,0.23289811611175537,-0.006171856541186571,0.2931528687477112
1422,29.31563949584961,50.366207122802734,0.5008914470672607,0.2329188883304596,-0.008928348310291767,0.2953358590602875
1423,29.006343841552734,46.5676155090332,0.5005695223808289,0.2329321652650833,-0.011352774687111378,0.2942200005054474
1424,28.647897720336914,38.94538497924805,0.502079963684082,0.2329806238412857,-0.012689193710684776,0.29206332564353943
1425,28.79852867126465,43.17021179199219,0.5011181235313416,0.23300667107105255,-0.013783104717731476,0.2952805757522583
1426,29.11164665222168,44.791015625,0.5016590356826782,0.23304533958435059,-0.018411677330732346,0.2945150136947632
1427,29.161428451538086,46.9896125793457,0.5009904503822327,0.23306842148303986,-0.017869289964437485,0.2926309406757355
1428,28.948101043701172,45.59416961669922,0.5009352564811707,0.23309023678302765,-0.02108060009777546,0.294150710105896
1429,28.9528865814209,46.311767578125,0.5009809732437134,0.2331131100654602,-0.020270412787795067,0.2961674630641937
1430,29.1809024810791,48.489524841308594,0.5002571940422058,0.23311911523342133,-0.02165244147181511,0.297107994556427
1431,28.974864959716797,47.536834716796875,0.5011847615242004,0.23314674198627472,-0.020403893664479256,0.29612821340560913
1432,28.884157180786133,45.35395812988281,0.5012571811676025,0.2331760674715042,-0.022179773077368736,0.29671579599380493
1433,28.930856704711914,46.30779266357422,0.500588595867157,0.23318980634212494,-0.02292836457490921,0.29427382349967957
1434,29.233144760131836,48.762088775634766,0.5026209354400635,0.2332509309053421,-0.02199476584792137,0.2936798334121704
1435,28.727609634399414,43.96968460083008,0.5007257461547852,0.2332678586244583,-0.01909009926021099,0.2960454821586609
1436,28.634536743164062,39.973567962646484,0.5011543035507202,0.2332947701215744,-0.018968498334288597,0.2951710522174835
1437,29.16531753540039,47.37113952636719,0.5012761354446411,0.23332452774047852,-0.01856081746518612,0.29387128353118896
1438,29.36522674560547,50.837158203125,0.501541018486023,0.23336049914360046,-0.02025301568210125,0.2938089370727539
1439,28.85539436340332,44.81654739379883,0.5006361603736877,0.23337535560131073,-0.018503673374652863,0.29149317741394043
1440,28.58773422241211,35.63164520263672,0.5002647638320923,0.23338152468204498,-0.016578257083892822,0.2929328680038452
1441,29.347354888916016,53.4078254699707,0.500611424446106,0.2333957999944687,-0.014809371903538704,0.29165390133857727
1442,28.888029098510742,46.693965911865234,0.5011410117149353,0.2334224283695221,-0.015696372836828232,0.29423028230667114
1443,29.23880386352539,49.91694641113281,0.500921905040741,0.23344393074512482,-0.012983674183487892,0.2939915060997009
1444,28.899518966674805,45.8279914855957,0.5009085536003113,0.23346513509750366,-0.008960722014307976,0.29422658681869507
1445,28.91261863708496,45.380348205566406,0.5003885626792908,0.23347420990467072,-0.00842475239187479,0.2956886291503906
1446,29.391860961914062,49.858245849609375,0.5018933415412903,0.23351840674877167,-0.008272594772279263,0.2927907705307007
1447,28.647994995117188,39.92984390258789,0.5010362267494202,0.23354259133338928,-0.003635319648310542,0.29514241218566895
1448,28.337337493896484,34.952354431152344,0.5018552541732788,0.2335859090089798,-0.005241661332547665,0.29572001099586487
1449,28.670913696289062,38.60212707519531,0.5011752247810364,0.23361337184906006,-0.0045553105883300304,0.29289960861206055
1450,28.776748657226562,40.31287384033203,0.5005542635917664,0.2336263209581375,-0.0030020743142813444,0.29382821917533875
1451,28.762739181518555,39.59303283691406,0.5025562047958374,0.23368602991104126,0.00033723373780958354,0.2937034070491791
1452,28.778059005737305,44.56772994995117,0.5017580986022949,0.2337271124124527,0.0019457741873338819,0.29232192039489746
1453,29.121387481689453,50.78054428100586,0.50218665599823,0.2337782084941864,0.003086147364228964,0.2948126792907715
1454,28.7731990814209,42.243614196777344,0.5018780827522278,0.23382210731506348,0.007349195424467325,0.29393234848976135
1455,28.921838760375977,45.059906005859375,0.5022323727607727,0.23387432098388672,0.005322681739926338,0.2932860255241394
1456,28.82689666748047,43.577022552490234,0.5007961392402649,0.23389294743537903,0.004686284344643354,0.29487231373786926
1457,29.225914001464844,49.384124755859375,0.500363826751709,0.23390145599842072,0.005691132508218288,0.29464295506477356
1458,28.164400100708008,32.57417297363281,0.5009905099868774,0.23392462730407715,0.006557679269462824,0.29353809356689453
1459,29.03374671936035,48.43293380737305,0.5001257061958313,0.23392754793167114,0.007144272327423096,0.292739599943161
1460,28.754974365234375,44.574222564697266,0.5006152391433716,0.2339419424533844,0.00858169887214899,0.2922683358192444
1461,29.41313362121582,51.018123626708984,0.4994971752166748,0.23393017053604126,0.008025623857975006,0.2914804518222809
1462,29.146595001220703,48.978858947753906,0.49975812435150146,0.2339245080947876,0.00657376553863287,0.29204848408699036
1463,29.402067184448242,53.2662467956543,0.5004780888557434,0.23393568396568298,0.005441021174192429,0.29148703813552856
1464,28.93545150756836,44.28765869140625,0.49944573640823364,0.23392271995544434,0.003359378781169653,0.2948338985443115
1465,28.647785186767578,41.57485580444336,0.49823808670043945,0.23388150334358215,0.0029903214890509844,0.29525670409202576
1466,28.99679946899414,51.84217071533203,0.49802666902542114,0.2338353395462036,0.005533544812351465,0.29507648944854736
1467,28.91240882873535,45.48092269897461,0.500921905040741,0.23385688662528992,0.0035902224481105804,0.2933596074581146
1468,28.726728439331055,40.06334686279297,0.49919241666793823,0.23383799195289612,0.0035104479175060987,0.2949806749820709
1469,28.94971466064453,46.74293899536133,0.5002609491348267,0.2338441014289856,0.002214474370703101,0.2935415208339691
1470,28.613624572753906,39.039215087890625,0.5002037882804871,0.23384886980056763,0.0023914570920169353,0.29130128026008606
1471,28.691598892211914,42.33806228637695,0.5003809928894043,0.23385779559612274,-8.33062149467878e-05,0.2930711805820465
1472,29.055253982543945,47.74940872192383,0.49943238496780396,0.23384451866149902,-0.004138480871915817,0.2945568561553955
1473,29.167644500732422,51.531097412109375,0.499914288520813,0.23384250700473785,-0.00308470381423831,0.29372528195381165
1474,28.45705223083496,33.898677825927734,0.500373363494873,0.23385123908519745,-0.0060087163001298904,0.29484009742736816
1475,28.296504974365234,34.91419982910156,0.49944567680358887,0.2338382750749588,-0.007094122003763914,0.29537028074264526
1476,29.150291442871094,49.40533447265625,0.5014076232910156,0.233871191740036,-0.006681360770016909,0.29330599308013916
1477,28.611888885498047,36.73187255859375,0.49873143434524536,0.23384152352809906,-0.00782619696110487,0.2952860891819
1478,28.988298416137695,46.40677261352539,0.5004342794418335,0.23385167121887207,-0.00627942057326436,0.2945736050605774
1479,28.762048721313477,42.60494613647461,0.5014609098434448,0.23388585448265076,-0.011721665039658546,0.29403021931648254
1480,29.254112243652344,52.60578918457031,0.5023752450942993,0.23394139111042023,-0.010057453066110611,0.29623863101005554
1481,28.93964385986328,47.024539947509766,0.5028171539306641,0.23400728404521942,-0.01309975329786539,0.29543325304985046
1482,29.151552200317383,47.79461669921875,0.5007904767990112,0.234025776386261,-0.010467560961842537,0.2944508492946625
1483,28.92922592163086,50.31684112548828,0.5009809732437134,0.2340487390756607,-0.014665678143501282,0.2933025360107422
1484,28.68816375732422,42.12550735473633,0.5017123818397522,0.23408880829811096,-0.016528792679309845,0.2954442799091339
1485,28.818370819091797,42.36192321777344,0.5008876323699951,0.23410959541797638,-0.014956503175199032,0.29584354162216187
1486,29.185604095458984,52.5830078125,0.4999467134475708,0.2341083586215973,-0.014827924780547619,0.2972850203514099
1487,28.846529006958008,46.146671295166016,0.5016342997550964,0.2341466248035431,-0.013578692451119423,0.2978828251361847
1488,29.68076515197754,55.970218658447266,0.503655195236206,0.23423220217227936,-0.01761627197265625,0.2977358400821686
1489,29.011411666870117,48.8335075378418,0.5008971691131592,0.23425322771072388,-0.019460316747426987,0.2954075038433075
1490,28.924449920654297,45.83162307739258,0.500836193561554,0.2342728078365326,-0.020578516647219658,0.2950514853000641
1491,28.769054412841797,43.438106536865234,0.5013428330421448,0.2343042492866516,-0.02121414989233017,0.29693952202796936
1492,28.75226402282715,44.264404296875,0.5001885890960693,0.234308660030365,-0.023077743127942085,0.2946684956550598
1493,28.91646385192871,44.495506286621094,0.5001999735832214,0.23431335389614105,-0.026001621037721634,0.2954337000846863
1494,28.643264770507812,41.4903450012207,0.500792384147644,0.23433193564414978,-0.02531171776354313,0.2966797649860382
1495,29.1187686920166,49.27349090576172,0.4998476505279541,0.23432835936546326,-0.02454379014670849,0.29505598545074463
1496,28.897932052612305,44.43517303466797,0.49979427456855774,0.23432354629039764,-0.025504905730485916,0.2951939105987549
1497,28.75348472595215,41.582881927490234,0.4989200234413147,0.2342982441186905,-0.023371320217847824,0.2956852316856384
1498,28.618873596191406,39.028411865234375,0.4995657205581665,0.2342880666255951,-0.021204106509685516,0.2990283668041229
1499,28.837514877319336,47.15955352783203,0.50152188539505,0.23432372510433197,-0.02088526263833046,0.2958301305770874
1500,28.779998779296875,40.424293518066406,0.49985334277153015,0.2343202829360962,-0.021533610299229622,0.29428914189338684
1501,28.332096099853516,33.57394790649414,0.4990990459918976,0.2342991679906845,-0.02012030966579914,0.29572537541389465
1502,29.22357749938965,49.990814208984375,0.4986381232738495,0.23426726460456848,-0.02208302728831768,0.29493197798728943
1503,28.700828552246094,39.76636505126953,0.4986533224582672,0.2342357188463211,-0.023578856140375137,0.29612496495246887
1504,29.10173988342285,47.1436767578125,0.49981334805488586,0.2342313528060913,-0.020643530413508415,0.29615268111228943
1505,28.48683738708496,37.87835693359375,0.5012343525886536,0.23426024615764618,-0.01944631338119507,0.2968869209289551
1506,28.947879791259766,47.989723205566406,0.4983771741390228,0.23422221839427948,-0.01841149665415287,0.298931747674942
1507,29.445449829101562,53.0382194519043,0.4987238049507141,0.23419232666492462,-0.018489902839064598,0.2958720922470093
1508,28.735525131225586,41.1066780090332,0.4975847899913788,0.23413576185703278,-0.02081427164375782,0.2954729199409485
1509,29.20013427734375,52.30405044555664,0.5006628632545471,0.23415127396583557,-0.018208056688308716,0.29397544264793396
1510,28.568639755249023,41.63837814331055,0.4996647536754608,0.2341434359550476,-0.017127711325883865,0.2929566502571106
1511,28.844999313354492,46.572410583496094,0.4999314248561859,0.23414182662963867,-0.012810438871383667,0.29333561658859253
1512,29.17042350769043,48.58443832397461,0.49929335713386536,0.2341252714395523,-0.0118406405672431,0.2953542172908783
1513,29.19460678100586,50.89907455444336,0.4986933469772339,0.23409467935562134,-0.012857185676693916,0.2954026758670807
1514,29.310043334960938,53.36239242553711,0.49915811419487,0.23407498002052307,-0.01432260125875473,0.29866111278533936
1515,28.90803337097168,47.98114013671875,0.497638076543808,0.2340196818113327,-0.013686937279999256,0.2927412688732147
1516,28.751319885253906,40.81251907348633,0.49833905696868896,0.23398080468177795,-0.011914558708667755,0.29469266533851624
1517,28.517986297607422,40.93482971191406,0.4987104535102844,0.2339506298303604,-0.010445925407111645,0.29813987016677856
1518,28.536439895629883,40.23497772216797,0.49855998158454895,0.23391693830490112,-0.011096972040832043,0.2956030070781708
1519,28.622671127319336,43.46812438964844,0.49884194135665894,0.2338898479938507,-0.011372129432857037,0.29685768485069275
1520,28.94430923461914,42.07275390625,0.49829334020614624,0.2338499277830124,-0.013257130049169064,0.29599863290786743
1521,28.910364151000977,47.23774719238281,0.49805521965026855,0.23380444943904877,-0.011662028729915619,0.29645663499832153
1522,28.790908813476562,46.134376525878906,0.49891427159309387,0.23377905786037445,-0.007856198586523533,0.2934686243534088
1523,28.99720001220703,48.647430419921875,0.4986971318721771,0.23374859988689423,-0.00952422060072422,0.2962878346443176
1524,28.28965187072754,34.03105926513672,0.4983409643173218,0.23370982706546783,-0.006308699958026409,0.2981686592102051
1525,29.110889434814453,53.211368560791016,0.49794667959213257,0.23366183042526245,-0.0064253006130456924,0.2949528098106384
1526,29.338809967041016,52.72590255737305,0.49844568967819214,0.23362550139427185,-0.006562851835042238,0.29346853494644165
1527,29.865446090698242,61.30467987060547,0.4981847405433655,0.23358309268951416,-0.0049534873105585575,0.29741084575653076
1528,28.945594787597656,46.851837158203125,0.49749335646629333,0.23352454602718353,-0.007355944719165564,0.2964928150177002
1529,29.173778533935547,47.66697311401367,0.49963998794555664,0.2335161417722702,-0.0051879361271858215,0.2959228754043579
1530,28.482484817504883,37.30952835083008,0.4970914423465729,0.23344822227954865,-0.003813904244452715,0.2945514917373657
1531,28.996566772460938,46.33815002441406,0.49670857191085815,0.23337139189243317,-0.007226760033518076,0.2960246503353119
1532,29.121376037597656,50.38979721069336,0.4974590539932251,0.23331210017204285,-0.006632995326071978,0.2962591350078583
1533,28.530723571777344,33.63721466064453,0.4965161681175232,0.2332308143377304,-0.0049067297950387,0.2958986163139343
1534,28.737037658691406,42.530853271484375,0.49871429800987244,0.2332008332014084,-0.0076051573269069195,0.2954472005367279
1535,28.687829971313477,43.06297302246094,0.4994666576385498,0.23318839073181152,-0.00587449548766017,0.29772767424583435
1536,29.20074462890625,48.04221725463867,0.4980456829071045,0.23314282298088074,-0.006470786407589912,0.295949786901474
1537,28.951068878173828,44.789405822753906,0.49757903814315796,0.23308637738227844,-0.006130904424935579,0.29621458053588867
1538,29.258533477783203,49.72824478149414,0.4975447654724121,0.23302915692329407,-0.006706729996949434,0.29759693145751953
1539,28.894378662109375,48.642578125,0.4986095130443573,0.23299674689769745,-0.0041359500028193,0.2986809313297272
1540,29.236858367919922,53.54022216796875,0.49891236424446106,0.2329714000225067,-0.008042003959417343,0.2950119078159332
1541,29.0127010345459,47.809226989746094,0.499689519405365,0.2329641580581665,-0.010641156695783138,0.2973400950431824
1542,28.36905860900879,34.56478500366211,0.4982895255088806,0.23292431235313416,-0.008371973410248756,0.2972988486289978
1543,29.18776512145996,48.73600387573242,0.4971885681152344,0.2328588217496872,-0.009702452458441257,0.2980167865753174
1544,28.81968879699707,42.71253967285156,0.4993676543235779,0.23284409940242767,-0.0097496397793293,0.2952881455421448
1545,28.70390510559082,43.849266052246094,0.4987466335296631,0.23281490802764893,-0.008176037110388279,0.2952382564544678
1546,28.51702117919922,39.486671447753906,0.4985942840576172,0.23278218507766724,-0.008936929516494274,0.2981422543525696
1547,29.22871971130371,54.05118942260742,0.49835044145584106,0.2327437847852707,-0.009820906445384026,0.29724034667015076
1548,28.81583595275879,43.87497329711914,0.5008114576339722,0.2327626794576645,-0.008381504565477371,0.2989407777786255
1549,28.59604835510254,42.11375427246094,0.5010457038879395,0.23278701305389404,-0.008741040714085102,0.29718419909477234
1550,29.071298599243164,48.42195129394531,0.5009142756462097,0.23280829191207886,-0.0069412305019795895,0.29972007870674133
1551,29.519611358642578,54.48600769042969,0.49992188811302185,0.2328064739704132,-0.007889035157859325,0.29854968190193176
1552,28.90595245361328,44.8670539855957,0.5006190538406372,0.23282088339328766,-0.00799484085291624,0.2982829213142395
1553,28.330833435058594,30.09912109375,0.5001752376556396,0.23282496631145477,-0.008568428456783295,0.29878923296928406
1554,28.996912002563477,46.895145416259766,0.501007616519928,0.2328484207391739,-0.009032554924488068,0.2983078360557556
1555,28.986669540405273,45.46701431274414,0.5005828738212585,0.23286199569702148,-0.010102266445755959,0.29628992080688477
1556,29.075651168823242,46.242496490478516,0.5015847682952881,0.23289889097213745,-0.01127658411860466,0.2988831400871277
1557,28.890731811523438,43.69664001464844,0.5021809935569763,0.23294970393180847,-0.010058922693133354,0.29961809515953064
1558,28.70925521850586,43.18138885498047,0.5010000467300415,0.23297300934791565,-0.011355729773640633,0.2998528480529785
1559,28.4324893951416,38.51180648803711,0.5016152262687683,0.23301063477993011,-0.011655375361442566,0.30110135674476624
1560,28.617454528808594,39.26729202270508,0.5022038221359253,0.2330619990825653,-0.011853617615997791,0.2981014847755432
1561,29.135059356689453,49.69939422607422,0.4999219477176666,0.23306018114089966,-0.00817862804979086,0.29781514406204224
1562,29.262834548950195,53.7191162109375,0.49971428513526917,0.233053520321846,-0.008756344206631184,0.29737573862075806
1563,28.677488327026367,44.15665054321289,0.5010000467300415,0.23307682573795319,-0.00828271172940731,0.2981853485107422
1564,29.368627548217773,54.35844802856445,0.5021256804466248,0.23312637209892273,-0.006599202286452055,0.29859158396720886
1565,28.552305221557617,40.43515396118164,0.5015066862106323,0.23316149413585663,-0.006607481744140387,0.297465056180954
1566,28.95646858215332,42.273101806640625,0.5019562244415283,0.233207106590271,-0.008008845150470734,0.298900306224823
1567,29.41461944580078,56.267940521240234,0.5002838373184204,0.23321372270584106,-0.0014579839771613479,0.2993145287036896
1568,28.77118492126465,44.56798553466797,0.501681923866272,0.23325295746326447,-0.002895166864618659,0.29972872138023376
1569,28.75949478149414,44.191036224365234,0.5018590688705444,0.23329633474349976,0.0008362265070900321,0.2998207211494446
1570,28.71752166748047,42.322418212890625,0.5016095042228699,0.23333388566970825,0.00391662260517478,0.29979878664016724
1571,28.984272003173828,48.05481719970703,0.5004514455795288,0.2333444207906723,0.004791038576513529,0.2993808686733246
1572,29.28362464904785,51.52617645263672,0.5001523494720459,0.23334798216819763,0.004427710548043251,0.2988548278808594
1573,28.75446891784668,43.04961013793945,0.5009085536003113,0.23336917161941528,0.007070830091834068,0.2985440492630005
1574,28.746801376342773,42.80625915527344,0.5003714561462402,0.2333778440952301,0.007983067072927952,0.29831916093826294
1575,28.292919158935547,33.55997085571289,0.4990171492099762,0.23335491120815277,0.010839988477528095,0.29827573895454407
1576,28.725793838500977,41.38322830200195,0.49819812178611755,0.23331286013126373,0.012175748124718666,0.2966185510158539
1577,28.79726219177246,43.64413833618164,0.4988057315349579,0.23328499495983124,0.014257551170885563,0.2984078824520111
1578,28.498973846435547,41.99844741821289,0.49801144003868103,0.2332386076450348,0.014430619776248932,0.29790690541267395
1579,28.618318557739258,39.01580810546875,0.4995923638343811,0.23322910070419312,0.016009090468287468,0.29845741391181946
1580,29.474199295043945,54.90907287597656,0.49882474541664124,0.23320168256759644,0.015184551477432251,0.2983757555484772
1581,29.07553482055664,48.37551498413086,0.4997904598712921,0.23319679498672485,0.01843957044184208,0.29817327857017517
1582,28.310039520263672,37.87118148803711,0.49746671319007874,0.23313772678375244,0.019857391715049744,0.2976798415184021
1583,28.977109909057617,47.1528434753418,0.49948760867118835,0.23312577605247498,0.020885182544589043,0.2975695729255676
1584,28.679054260253906,44.67144012451172,0.4988628923892975,0.23309926688671112,0.02045515365898609,0.29628899693489075
1585,28.733734130859375,43.560184478759766,0.4992133378982544,0.2330809235572815,0.01976536400616169,0.2985262870788574
1586,28.83026885986328,48.2400016784668,0.4994666576385498,0.23306849598884583,0.02013668417930603,0.3002397418022156
1587,29.052541732788086,47.910335540771484,0.49915045499801636,0.2330487072467804,0.016796564683318138,0.29863718152046204
1588,28.711383819580078,44.26218795776367,0.4996647536754608,0.23304089903831482,0.019459262490272522,0.2996211349964142
1589,28.6558895111084,39.104129791259766,0.4997180700302124,0.23303432762622833,0.01798182725906372,0.29806873202323914
1590,29.145612716674805,49.16532516479492,0.4994818866252899,0.23302225768566132,0.018171807751059532,0.29771995544433594
1591,28.712921142578125,42.9234619140625,0.4994933605194092,0.2330104559659958,0.018013115972280502,0.297684907913208
1592,28.92078399658203,46.10525131225586,0.4991771876811981,0.2329912930727005,0.019283022731542587,0.2975323498249054
1593,28.841299057006836,44.39395523071289,0.4983409345149994,0.23295263946056366,0.021494967862963676,0.2970769703388214
1594,28.45293617248535,38.77751159667969,0.49874475598335266,0.23292340338230133,0.020868919789791107,0.29794207215309143
1595,28.168867111206055,28.67621421813965,0.49829524755477905,0.23288369178771973,0.020239438861608505,0.29751232266426086
1596,28.6885986328125,41.546871185302734,0.49787241220474243,0.232834130525589,0.01742924563586712,0.2972272038459778
1597,28.634288787841797,46.340545654296875,0.4988095164299011,0.23280641436576843,0.01914866827428341,0.29864463210105896
1598,28.486549377441406,40.738250732421875,0.5000076293945312,0.23280657827854156,0.0179893895983696,0.29664990305900574
1599,28.44449234008789,40.978050231933594,0.49961718916893005,0.23279766738414764,0.017630890011787415,0.29783111810684204
1600,29.32608985900879,54.47391891479492,0.5003676414489746,0.2328062206506729,0.01740111969411373,0.29921281337738037
1601,28.648324966430664,45.69220733642578,0.5003828406333923,0.23281513154506683,0.015941929072141647,0.2968801259994507
1602,28.853601455688477,46.91801071166992,0.4998056888580322,0.2328106015920639,0.015854211524128914,0.29671788215637207
1603,28.569978713989258,42.811641693115234,0.5018399953842163,0.2328534573316574,0.01671595498919487,0.2967664897441864
1604,28.6181583404541,43.98004150390625,0.501102864742279,0.2328791320323944,0.018181035295128822,0.29985809326171875
1605,29.63661766052246,58.63196563720703,0.49886858463287354,0.2328527867794037,0.015286228619515896,0.2984394431114197
1606,28.76445960998535,45.86390686035156,0.4989524185657501,0.23282839357852936,0.015880631282925606,0.2978246808052063
1607,28.78382682800293,45.54856872558594,0.5005009770393372,0.23284004628658295,0.01368404645472765,0.2997375726699829
1608,28.507965087890625,39.53112030029297,0.4992857277393341,0.2328234165906906,0.013818555511534214,0.29938095808029175
1609,28.788837432861328,45.308013916015625,0.4999714195728302,0.2328227460384369,0.01605582982301712,0.29638731479644775
1610,28.744674682617188,42.170257568359375,0.49959999322891235,0.23281343281269073,0.014785591512918472,0.2980247139930725
1611,28.94379997253418,48.73369598388672,0.49868953227996826,0.23278291523456573,0.016742678359150887,0.29746267199516296
1612,29.030418395996094,45.80009460449219,0.5,0.23278291523456573,0.015703387558460236,0.29678237438201904
1613,28.464584350585938,39.332908630371094,0.5008819103240967,0.23280344903469086,0.013750998303294182,0.2962113916873932
1614,28.2390193939209,37.43955612182617,0.5008323788642883,0.23282282054424286,0.013018976897001266,0.2998126447200775
1615,28.584835052490234,40.55588912963867,0.500868558883667,0.2328430563211441,0.010515905916690826,0.2983795702457428
1616,29.4416446685791,56.650428771972656,0.5014781355857849,0.2328774780035019,0.009164713323116302,0.296418160200119
1617,29.025848388671875,51.50259780883789,0.4996742904186249,0.23286989331245422,0.009902616031467915,0.2969204783439636
1618,28.79009437561035,43.57341003417969,0.4991961717605591,0.23285116255283356,0.007032968569546938,0.3005284368991852
1619,28.68449592590332,43.07569122314453,0.5011390447616577,0.2328777015209198,0.007377004250884056,0.29818397760391235
1620,29.10565948486328,48.60859298706055,0.5002704858779907,0.2328840047121048,0.008122390136122704,0.29788482189178467
1621,29.20237159729004,52.18161392211914,0.500278115272522,0.23289047181606293,0.004673008341342211,0.302627295255661
1622,28.88533592224121,44.26557540893555,0.49951618909835815,0.23287920653820038,0.0012464268365874887,0.29762521386146545
1623,28.677978515625,42.81856918334961,0.4998552203178406,0.23287583887577057,0.002508054953068495,0.2978675663471222
1624,28.517099380493164,39.49183654785156,0.4993371367454529,0.23286040127277374,0.0028415173292160034,0.2973872125148773
1625,28.682044982910156,38.15283203125,0.49902671575546265,0.2328377366065979,0.0007508103735744953,0.29698121547698975
1626,29.201139450073242,52.869327545166016,0.49978476762771606,0.23283272981643677,0.002298497362062335,0.2993204891681671
1627,28.556875228881836,37.988731384277344,0.5012685656547546,0.23286226391792297,0.0020563341677188873,0.29930567741394043
1628,28.95808219909668,43.436988830566406,0.4999599754810333,0.23286134004592896,0.0028915738221257925,0.3009495139122009
1629,28.225818634033203,29.808353424072266,0.5015237927436829,0.2328968197107315,0.0038523641414940357,0.29940441250801086
1630,28.9558162689209,45.465293884277344,0.5006113648414612,0.23291106522083282,0.001890976564027369,0.2999759316444397
1631,28.668039321899414,41.147056579589844,0.49943429231643677,0.23289789259433746,-1.4457626093644649e-05,0.30318111181259155
1632,28.859134674072266,44.127620697021484,0.5006647706031799,0.23291338980197906,0.0002856590144801885,0.29950791597366333
1633,28.470439910888672,38.63151168823242,0.500792384147644,0.23293185234069824,0.0005567580810748041,0.29870301485061646
1634,29.020315170288086,49.129791259765625,0.5022857189178467,0.23298507928848267,0.00046822961303405464,0.3001546859741211
1635,28.966739654541016,46.56389236450195,0.500805675983429,0.23300385475158691,0.002253893995657563,0.29725831747055054
1636,28.937089920043945,47.620994567871094,0.5013809204101562,0.23303602635860443,0.0031233602203428745,0.29759570956230164
1637,28.804807662963867,43.03409194946289,0.5009999871253967,0.2330593317747116,0.007416462060064077,0.2988446354866028
1638,28.42722511291504,38.96895217895508,0.5015085935592651,0.2330944985151291,0.008095692843198776,0.29870301485061646
1639,28.971263885498047,46.236412048339844,0.5014495253562927,0.23312829434871674,0.008394655771553516,0.2992168962955475
1640,28.97113609313965,48.20606994628906,0.50202476978302,0.23317548632621765,0.00838372390717268,0.2991063892841339
1641,28.92427635192871,45.551116943359375,0.5018780827522278,0.23321926593780518,0.008123530074954033,0.3000984489917755
1642,28.433517456054688,33.6313362121582,0.5004400014877319,0.23322951793670654,0.007574098184704781,0.29797351360321045
1643,28.843631744384766,49.740596771240234,0.50174480676651,0.23327022790908813,0.004164407961070538,0.2995917499065399
1644,29.558401107788086,55.65843963623047,0.5003809332847595,0.23327912390232086,0.00277916993945837,0.29940730333328247
1645,28.255733489990234,32.5767822265625,0.5018151998519897,0.23332147300243378,0.0019157222704961896,0.2988908886909485
1646,28.688779830932617,43.65497589111328,0.5003867149353027,0.23333048820495605,0.001443324377760291,0.29878002405166626
1647,28.9791259765625,45.187721252441406,0.49953335523605347,0.23331959545612335,0.0007270493661053479,0.2993548512458801
1648,28.915298461914062,47.747032165527344,0.4999752342700958,0.2333190143108368,-0.0019363700412213802,0.29831016063690186
1649,29.191959381103516,51.02543640136719,0.5007275938987732,0.23333598673343658,0.002493209671229124,0.2983527183532715
1650,28.6160945892334,39.198917388916016,0.4999904930591583,0.23333576321601868,0.0020204486791044474,0.30136168003082275
1651,28.77045440673828,45.38043212890625,0.5005561709403992,0.2333487570285797,0.0009636959875933826,0.29850828647613525
1652,28.400667190551758,38.402732849121094,0.5015543103218079,0.23338502645492554,0.001177869737148285,0.2991184890270233
1653,28.52140235900879,39.56767654418945,0.500055193901062,0.2333863079547882,-2.4792385374894366e-05,0.29823037981987
1654,28.58221435546875,41.14761734008789,0.49912190437316895,0.23336581885814667,-0.002329199807718396,0.2981882691383362
1655,28.358734130859375,32.41493606567383,0.49995046854019165,0.23336467146873474,0.001303766155615449,0.29813194274902344
1656,28.809194564819336,46.06446838378906,0.49944189190864563,0.23335164785385132,0.001203085295855999,0.2998843193054199
1657,28.987443923950195,49.59021759033203,0.5011847615242004,0.2333793044090271,0.0017110543558374047,0.2988482713699341
1658,29.34882164001465,55.71446990966797,0.5002590417861938,0.2333853393793106,0.0013864422217011452,0.30094560980796814
1659,28.69182586669922,43.13201141357422,0.4986666738986969,0.23335422575473785,-0.0021413671784102917,0.29993319511413574
1660,28.69185447692871,41.17522048950195,0.49944189190864563,0.23334120213985443,-0.0016890716506168246,0.2993379235267639
1661,29.010164260864258,46.374813079833984,0.5009790658950806,0.2333640456199646,-0.0006396585959009826,0.2997646927833557
1662,28.503398895263672,39.877220153808594,0.5000609755516052,0.23336546123027802,0.00026149573386646807,0.2992107570171356
1663,28.673114776611328,44.071563720703125,0.5003276467323303,0.23337310552597046,0.0015610847622156143,0.30072474479675293
1664,28.427003860473633,38.943397521972656,0.4994838237762451,0.23336106538772583,0.0007088837446644902,0.2998073697090149
1665,28.68648338317871,43.923160552978516,0.500386655330658,0.2333700805902481,0.0007391272811219096,0.2999749183654785
1666,28.89674186706543,46.28010177612305,0.5001276731491089,0.23337306082248688,-0.002840019529685378,0.3005242645740509
1667,28.34624481201172,35.62168502807617,0.5004324316978455,0.2333831638097763,-0.0032711343374103308,0.2991911768913269
1668,29.13871192932129,53.75566101074219,0.49912381172180176,0.23336271941661835,-0.006266382988542318,0.2974764406681061
1669,28.88083839416504,45.63640594482422,0.4997561573982239,0.2333570271730423,-0.004126773681491613,0.29870960116386414
1670,28.91309928894043,43.46529006958008,0.4990742802619934,0.23333542048931122,-0.002536544343456626,0.30041754245758057
1671,28.37666893005371,37.21073913574219,0.5001561641693115,0.2333390712738037,-0.002872619777917862,0.29926609992980957
1672,29.33169174194336,52.06418228149414,0.49986669421195984,0.2333359569311142,-0.004826441407203674,0.3014359772205353
1673,29.35312843322754,52.96640396118164,0.5006666779518127,0.23335149884223938,-0.0029020917136222124,0.30159637331962585
1674,28.427885055541992,39.741172790527344,0.49942097067832947,0.23333799839019775,-0.0033508504275232553,0.30029353499412537
1675,28.81428337097168,45.897403717041016,0.49940189719200134,0.2333240509033203,-0.0046871439553797245,0.29981574416160583
1676,28.37582015991211,42.00544357299805,0.4980228841304779,0.23327791690826416,-0.0047758035361766815,0.30016541481018066
1677,28.6644287109375,45.16640853881836,0.49947240948677063,0.23326560854911804,-0.002408734057098627,0.29879021644592285
1678,28.186494827270508,27.946395874023438,0.5001885890960693,0.23327000439167023,0.0003477474965620786,0.301894873380661
1679,28.58308982849121,41.7127799987793,0.4984666705131531,0.233234241604805,0.00034999189665541053,0.3000444173812866
1680,28.562501907348633,40.09639358520508,0.49819618463516235,0.23319217562675476,-0.0033316640183329582,0.30074799060821533
1681,28.83232879638672,43.915748596191406,0.5003219246864319,0.23319968581199646,-0.0031640587840229273,0.29983556270599365
1682,28.90312385559082,43.487876892089844,0.4988895058631897,0.23317378759384155,-0.004365685395896435,0.2994159460067749
1683,28.826078414916992,43.21900177001953,0.499297171831131,0.23315739631652832,0.00013231475895736367,0.29887712001800537
1684,28.533546447753906,37.296234130859375,0.49951812624931335,0.23314616084098816,-0.00039479826227761805,0.2997543215751648
1685,29.056293487548828,51.263771057128906,0.5000495314598083,0.23314732313156128,8.426178101217374e-05,0.29862338304519653
1686,28.65934181213379,44.006351470947266,0.5004685521125793,0.23315824568271637,0.000741334690246731,0.2987724840641022
1687,28.375322341918945,37.481101989746094,0.5000990629196167,0.23316055536270142,0.001846783678047359,0.3022153377532959
1688,28.516048431396484,43.10866928100586,0.500813364982605,0.23317950963974,0.0031548768747597933,0.3016791045665741
1689,28.273008346557617,36.38105392456055,0.49896764755249023,0.23315544426441193,0.0076920040883123875,0.29888200759887695
1690,28.76263427734375,44.64347457885742,0.4995371699333191,0.23314465582370758,0.006772404070943594,0.29871413111686707
1691,28.333209991455078,39.52349853515625,0.4995219111442566,0.23313350975513458,0.008304974064230919,0.29873305559158325
1692,28.3376522064209,38.93021774291992,0.5002400279045105,0.23313909769058228,0.006544820498675108,0.2998466193675995
1693,28.52907371520996,42.16234588623047,0.49689143896102905,0.2330666333436966,0.005040383897721767,0.29818716645240784
1694,28.217378616333008,35.84339904785156,0.4994056820869446,0.2330527901649475,0.001519685611128807,0.2994762659072876
1695,28.699434280395508,44.22064208984375,0.5000571608543396,0.23305411636829376,0.00226592761464417,0.29861170053482056
1696,29.008403778076172,52.27176284790039,0.49882665276527405,0.23302675783634186,0.0007374619599431753,0.2982810437679291
1697,28.476682662963867,41.16707229614258,0.4990324079990387,0.23300421237945557,0.001373293693177402,0.29783374071121216
1698,28.556983947753906,45.93354797363281,0.49907049536705017,0.2329825609922409,-0.0008496430818922818,0.2973824739456177
1699,28.80317497253418,48.96244430541992,0.49814093112945557,0.2329392433166504,0.0018727272981777787,0.2995428740978241
1700,28.452159881591797,43.81712341308594,0.49814096093177795,0.23289594054222107,0.0018544483464211226,0.2987959086894989
1701,28.460954666137695,41.98836135864258,0.4993981122970581,0.23288191854953766,0.0011764332884922624,0.29724767804145813
1702,28.09056854248047,34.58693313598633,0.49919620156288147,0.232863187789917,0.0015531372046098113,0.29866766929626465
1703,28.437328338623047,39.962242126464844,0.5003047585487366,0.23287029564380646,0.003209112212061882,0.301028847694397
1704,28.933698654174805,49.09402084350586,0.49874091148376465,0.23284098505973816,-0.00013793594553135335,0.3006596863269806
1705,28.700111389160156,50.71710205078125,0.4984438121318817,0.23280474543571472,-0.0011493759229779243,0.2987140119075775
1706,28.475605010986328,42.301692962646484,0.49856382608413696,0.23277130722999573,0.0008539473637938499,0.2974085509777069
1707,28.21192169189453,38.533451080322266,0.49990856647491455,0.2327691912651062,-0.0014351774007081985,0.296259343624115
1708,28.96839141845703,48.8568000793457,0.5002343058586121,0.23277465999126434,0.0003721520188264549,0.2968754470348358
1709,28.59453010559082,44.882328033447266,0.5003790259361267,0.2327834814786911,-0.0031467594671994448,0.2992946207523346
1710,28.3445987701416,38.695735931396484,0.5012895464897156,0.2328135073184967,-0.0016819967422634363,0.2969120442867279
1711,28.72008514404297,47.92789840698242,0.4997371435165405,0.23280738294124603,-0.002529333345592022,0.29822295904159546
1712,28.934789657592773,46.984378814697266,0.5003885626792908,0.2328164279460907,-0.0019668082240968943,0.29985859990119934
1713,28.225942611694336,39.618202209472656,0.4999848008155823,0.23281607031822205,-0.0016748711932450533,0.30044180154800415
1714,29.109722137451172,48.99906539916992,0.5002838373184204,0.23282267153263092,-0.0011097517563030124,0.29944175481796265
1715,28.7775936126709,48.61465835571289,0.5000838041305542,0.23282460868358612,-6.30029317107983e-05,0.2974359393119812
1716,28.390649795532227,37.072940826416016,0.49947044253349304,0.2328122854232788,0.0011831275187432766,0.30118638277053833
1717,28.133329391479492,35.247779846191406,0.49973905086517334,0.23280620574951172,0.0008954093791544437,0.30017033219337463
1718,28.673259735107422,45.83647537231445,0.4992990493774414,0.23278988897800446,0.004521555732935667,0.29985880851745605
1719,28.396160125732422,41.03221893310547,0.4992018938064575,0.23277130722999573,0.0056616454385221004,0.2985345721244812
1720,28.281688690185547,36.50226593017578,0.5003199577331543,0.23277874290943146,0.004015165381133556,0.2994406521320343
1721,28.763988494873047,47.62627410888672,0.4995523691177368,0.23276832699775696,0.006990483030676842,0.2989378273487091
1722,28.904464721679688,50.58438491821289,0.49919429421424866,0.2327495664358139,0.008927817456424236,0.30009886622428894
1723,29.0211238861084,50.013179779052734,0.49939242005348206,0.23273542523384094,0.011324490420520306,0.30027052760124207
1724,29.018144607543945,50.0517692565918,0.49847427010536194,0.232699915766716,0.011187517084181309,0.30167633295059204
1725,28.70932388305664,42.54048156738281,0.49795812368392944,0.23265239596366882,0.01098670158535242,0.30025514960289
1726,28.65887451171875,43.735260009765625,0.49810096621513367,0.23260821402072906,0.007346480619162321,0.3023707866668701
1727,28.580978393554688,41.950191497802734,0.49958857893943787,0.23259864747524261,0.004162836354225874,0.29980361461639404
1728,28.754776000976562,44.10508728027344,0.4983047842979431,0.2325592190027237,0.007314914371818304,0.2988450825214386
1729,29.043569564819336,50.40963363647461,0.4989162087440491,0.2325340211391449,0.007338235154747963,0.30075544118881226
1730,28.418813705444336,40.43614959716797,0.4988057017326355,0.23250624537467957,0.006815589498728514,0.3015249967575073
1731,29.223106384277344,53.159400939941406,0.4991409182548523,0.2324862778186798,0.008972711861133575,0.3012017607688904
1732,28.538455963134766,40.8279914855957,0.49918287992477417,0.23246727883815765,0.007225025445222855,0.3008861243724823
1733,28.82994842529297,45.512229919433594,0.49805521965026855,0.23242206871509552,0.00913194939494133,0.3000383675098419
1734,28.816877365112305,48.60566329956055,0.499468594789505,0.23240971565246582,0.01139830332249403,0.30108892917633057
1735,28.55986976623535,42.00019073486328,0.5006608963012695,0.23242506384849548,0.011079961434006691,0.2996833622455597
1736,28.261362075805664,36.06459045410156,0.5015142560005188,0.23246024549007416,0.011517255567014217,0.3002258837223053
1737,28.22854995727539,37.47776794433594,0.5004076361656189,0.23246972262859344,0.012441369704902172,0.2995365858078003
1738,28.73525619506836,44.32658386230469,0.5003142952919006,0.23247703909873962,0.011882358230650425,0.3011724650859833
1739,28.204391479492188,34.612831115722656,0.4998781085014343,0.2324742078781128,0.010343857109546661,0.3007345199584961
1740,28.77119255065918,44.577823638916016,0.5013580918312073,0.23250576853752136,0.010712332092225552,0.30169734358787537
1741,28.354211807250977,38.14185333251953,0.5012038350105286,0.2325337678194046,0.009813421405851841,0.3013605773448944
1742,28.869821548461914,48.17919158935547,0.5011257529258728,0.232559934258461,0.010309914126992226,0.29880717396736145
1743,28.342496871948242,32.07848358154297,0.5015695095062256,0.23259644210338593,0.00978841632604599,0.30024001002311707
1744,28.601839065551758,42.50128173828125,0.4996914267539978,0.2325892597436905,0.005128690041601658,0.2995504140853882
1745,28.721601486206055,43.66937255859375,0.5024856925010681,0.23264707624912262,0.005035376641899347,0.3003973066806793
1746,28.478618621826172,38.79977798461914,0.5026419162750244,0.23270852863788605,0.0025789886713027954,0.30233854055404663
1747,28.67999839782715,44.234867095947266,0.5017371773719788,0.23274894058704376,-0.0001993023615796119,0.30114075541496277
1748,28.48357391357422,38.769256591796875,0.5008647441864014,0.23276905715465546,-8.146202162606642e-05,0.30258479714393616
1749,28.035634994506836,34.40245056152344,0.5030419230461121,0.23283986747264862,-0.0006644303211942315,0.3018833100795746
1750,28.42838478088379,39.600826263427734,0.5016018748283386,0.23287716507911682,-0.0031000205781310797,0.3021810054779053
1751,28.720712661743164,43.96155548095703,0.5014019012451172,0.23290981352329254,-0.004398219287395477,0.3025294244289398
1752,28.434417724609375,39.28670883178711,0.5027999877929688,0.232975035905838,-0.002735658548772335,0.3034951984882355
1753,28.508296966552734,40.5750732421875,0.5029828548431396,0.23304452002048492,-0.002950902096927166,0.3014259338378906
1754,28.473464965820312,38.29435729980469,0.5013085603713989,0.23307502269744873,-0.0017730239778757095,0.2998080551624298
1755,28.927459716796875,44.8066291809082,0.5015066862106323,0.23311014473438263,-0.0009306458523496985,0.30253076553344727
1756,28.279897689819336,36.212371826171875,0.5016838312149048,0.23314937949180603,-0.0004907713737338781,0.3005772531032562
1757,28.64858627319336,45.498565673828125,0.5023638010025024,0.23320449888706207,-0.00012087608047295362,0.302876353263855
1758,29.11724853515625,53.87394332885742,0.5033961534500122,0.23328369855880737,-0.00013625796418637037,0.30170518159866333
1759,28.10479164123535,33.288150787353516,0.5026476383209229,0.23334546387195587,0.000539191416464746,0.3029082715511322
1760,28.563634872436523,44.884437561035156,0.5024933218955994,0.23340365290641785,0.001276568160392344,0.3025760054588318
1761,28.434059143066406,39.068626403808594,0.5013847351074219,0.2334359884262085,0.003465621266514063,0.30273914337158203
1762,29.061504364013672,50.42134475708008,0.5027256608009338,0.23349960148334503,0.006371739320456982,0.3017844557762146
1763,28.38304901123047,38.386940002441406,0.5015257000923157,0.23353523015975952,0.006715158000588417,0.29991546273231506
1764,28.330764770507812,38.40287780761719,0.5009466409683228,0.23355732858181,0.007599762175232172,0.30225756764411926
1765,28.598003387451172,42.414825439453125,0.5014457106590271,0.23359109461307526,0.007481156848371029,0.302601158618927
1766,29.076387405395508,50.56131362915039,0.5016419291496277,0.23362943530082703,0.006225535646080971,0.3005172908306122
1767,28.928699493408203,49.170223236083984,0.5005657076835632,0.23364266753196716,0.008485577069222927,0.3000223934650421
1768,28.68718910217285,43.262081146240234,0.5003771185874939,0.23365147411823273,0.01227553654462099,0.303463876247406
1769,28.726516723632812,46.79109191894531,0.4997180998325348,0.23364488780498505,0.007520560175180435,0.3010183274745941
1770,28.23103904724121,35.72091293334961,0.5013333559036255,0.2336760312318802,0.012108666822314262,0.30125150084495544
1771,28.439311981201172,42.644779205322266,0.5001047253608704,0.23367848992347717,0.010071503929793835,0.30184945464134216
1772,28.557668685913086,43.87003707885742,0.5005009174346924,0.23369018733501434,0.010125963017344475,0.30159085988998413
1773,28.456878662109375,41.002933502197266,0.4993981122970581,0.23367612063884735,0.007188308052718639,0.30002838373184204
1774,28.502851486206055,41.28007888793945,0.4988933503627777,0.23365025222301483,0.006813229992985725,0.29996615648269653
1775,28.523792266845703,39.1678466796875,0.5002323985099792,0.2336556762456894,0.008617413230240345,0.3020809292793274
1776,28.721921920776367,47.41669845581055,0.5006304979324341,0.2336704134941101,0.008039853535592556,0.30152374505996704
1777,29.060914993286133,52.67784118652344,0.4998171627521515,0.23366613686084747,0.006795921362936497,0.3027867376804352
1778,29.082496643066406,48.36763381958008,0.4994266629219055,0.2336527407169342,0.007673780433833599,0.299757182598114
1779,28.77066421508789,46.359134674072266,0.49978670477867126,0.23364774882793427,0.007733088918030262,0.3027259111404419
1780,28.745023727416992,44.619834899902344,0.5003523826599121,0.23365598917007446,0.008817244321107864,0.3024017810821533
1781,28.839920043945312,48.1353645324707,0.5006152391433716,0.23367036879062653,0.008733432739973068,0.3028004765510559
1782,28.669189453125,40.719486236572266,0.5008114576339722,0.2336893379688263,0.013187599368393421,0.30163633823394775
1783,28.531003952026367,37.27800750732422,0.5005142688751221,0.23370134830474854,0.014592914842069149,0.3024047017097473
1784,28.99108123779297,46.1407356262207,0.4999352693557739,0.23369982838630676,0.01386189553886652,0.3028135597705841
1785,28.473054885864258,39.414764404296875,0.5002628564834595,0.23370595276355743,0.01611199602484703,0.30318450927734375
1786,28.606233596801758,39.247684478759766,0.5011390447616577,0.23373258113861084,0.01675262860953808,0.3020481765270233
1787,28.522113800048828,38.63728713989258,0.500310480594635,0.23373982310295105,0.020264092832803726,0.30284157395362854
1788,28.247095108032227,36.967247009277344,0.501885712146759,0.23378390073776245,0.023473022505640984,0.30390092730522156
1789,28.70176887512207,45.47533416748047,0.5008400082588196,0.23380355536937714,0.02645987458527088,0.3001135587692261
1790,28.435773849487305,36.87871551513672,0.49987998604774475,0.2338007539510727,0.026097875088453293,0.300281286239624
1791,28.23966407775879,39.55772018432617,0.500449538230896,0.23381125926971436,0.025247571989893913,0.3018587529659271
1792,29.2092342376709,54.08969497680664,0.49823620915412903,0.23377002775669098,0.025663770735263824,0.3005865514278412
1793,28.840354919433594,47.45741653442383,0.5001542568206787,0.2337736189365387,0.027023451402783394,0.3020020127296448
1794,28.364139556884766,40.451175689697266,0.4990914463996887,0.23375238478183746,0.027966173365712166,0.3022445738315582
1795,28.55704689025879,38.73713302612305,0.5004933476448059,0.2337639182806015,0.0275947917252779,0.3003460764884949
1796,28.725528717041016,44.920047760009766,0.500257134437561,0.23376993834972382,0.02922649309039116,0.3022841811180115
1797,28.43069839477539,35.5395622253418,0.49932190775871277,0.23375408351421356,0.030144745483994484,0.30109989643096924
1798,28.531234741210938,38.31673812866211,0.49937525391578674,0.2337394803762436,0.030144253745675087,0.302202433347702
1799,28.719911575317383,44.08000564575195,0.4992685914039612,0.23372238874435425,0.03270064294338226,0.30486518144607544
1800,28.676746368408203,43.74620819091797,0.5002076625823975,0.23372723162174225,0.032077815383672714,0.3042498826980591
1801,28.384124755859375,41.566307067871094,0.5019485950469971,0.23377278447151184,0.033557672053575516,0.30382800102233887
1802,28.36886978149414,39.54145431518555,0.4988781213760376,0.23374655842781067,0.03296148031949997,0.3043207824230194
1803,28.55985450744629,43.28667449951172,0.5005942583084106,0.23376043140888214,0.03425115719437599,0.3026460111141205
1804,28.413909912109375,41.64629364013672,0.5006628632545471,0.23377592861652374,0.03632130101323128,0.30329838395118713
1805,28.65853500366211,45.89347457885742,0.5001181364059448,0.2337786853313446,0.03358852490782738,0.3022260367870331
1806,28.487594604492188,39.27235412597656,0.5006456971168518,0.23379379510879517,0.03344661742448807,0.3023998439311981
1807,28.702754974365234,46.72517776489258,0.5004857182502747,0.23380513489246368,0.03504345193505287,0.3020492494106293
1808,28.808208465576172,46.074317932128906,0.5012266635894775,0.23383381962776184,0.03452804312109947,0.3053611218929291
1809,29.0367488861084,51.84381103515625,0.499266654253006,0.23381668329238892,0.033187270164489746,0.30425170063972473
1810,28.58171272277832,39.611690521240234,0.49932000041007996,0.23380078375339508,0.03020377829670906,0.30264267325401306
1811,28.479549407958984,40.011268615722656,0.5002819299697876,0.23380735516548157,0.032337646931409836,0.30374544858932495
1812,28.581769943237305,46.03486251831055,0.5007428526878357,0.2338247150182724,0.032493706792593,0.3029005229473114
1813,28.445159912109375,41.14985275268555,0.501651406288147,0.23386332392692566,0.031509291380643845,0.30089807510375977
1814,28.829565048217773,45.07222366333008,0.5002399682998657,0.23386892676353455,0.0326056033372879,0.3035622537136078
1815,28.497718811035156,39.516944885253906,0.49931618571281433,0.23385293781757355,0.03146728128194809,0.3025619685649872
1816,28.85842514038086,48.0347785949707,0.4996761977672577,0.23384536802768707,0.029713647440075874,0.30154934525489807
1817,29.38565444946289,57.33226013183594,0.4992857277393341,0.23382866382598877,0.029653212055563927,0.3019331991672516
1818,28.83733367919922,47.745418548583984,0.4988514184951782,0.23380181193351746,0.031692251563072205,0.3025875985622406
1819,28.583938598632812,43.58628463745117,0.499971479177475,0.23380114138126373,0.029426652938127518,0.3010898530483246
1820,28.432607650756836,38.624210357666016,0.49853140115737915,0.2337668091058731,0.03309761360287666,0.3011654317378998
1821,28.473854064941406,42.26642990112305,0.5,0.2337668091058731,0.03308352082967758,0.30070215463638306
1822,28.922426223754883,45.84743118286133,0.4987466335296631,0.233737513422966,0.03511202707886696,0.30177512764930725
1823,28.25979232788086,35.40675735473633,0.5000133514404297,0.23373782634735107,0.033043667674064636,0.30086183547973633
1824,28.591951370239258,41.9438591003418,0.4994514286518097,0.23372501134872437,0.03169675171375275,0.29961705207824707
1825,28.465564727783203,40.51411056518555,0.49943241477012634,0.23371174931526184,0.027954475954174995,0.3021608591079712
1826,28.62114906311035,40.85710144042969,0.498569518327713,0.23367831110954285,0.025799157097935677,0.3032287061214447
1827,28.720352172851562,44.836334228515625,0.49956759810447693,0.23366820812225342,0.02588297240436077,0.302961140871048
1828,28.937807083129883,48.8390998840332,0.5005733370780945,0.2336816042661667,0.023677431046962738,0.30346018075942993
1829,28.788898468017578,46.983680725097656,0.5014247298240662,0.23371489346027374,0.024037299677729607,0.30414924025535583
1830,28.651073455810547,43.643489837646484,0.5000742673873901,0.23371662199497223,0.01889074593782425,0.3048136532306671
1831,28.718551635742188,45.8365364074707,0.49997714161872864,0.23371608555316925,0.01604677364230156,0.3026941418647766
1832,28.738431930541992,46.074283599853516,0.5004342794418335,0.23372623324394226,0.01309701893478632,0.30393657088279724
1833,29.00033950805664,48.93650436401367,0.5005390644073486,0.23373882472515106,0.011253523640334606,0.302847295999527
1834,28.89813995361328,47.13939666748047,0.5005923509597778,0.23375266790390015,0.009165789932012558,0.3044896721839905
1835,28.531543731689453,40.85053253173828,0.5005333423614502,0.2337651252746582,0.004330297000706196,0.30516913533210754
1836,27.911916732788086,26.697065353393555,0.4997161626815796,0.23375849425792694,0.0014459961093962193,0.3052408993244171
1837,28.098146438598633,34.1185302734375,0.4995238184928894,0.23374736309051514,-0.0024595593567937613,0.30276617407798767
1838,29.056644439697266,52.321468353271484,0.5009828805923462,0.23377032577991486,-0.003820799058303237,0.3036265969276428
1839,28.21978187561035,34.000709533691406,0.4990057349205017,0.23374707996845245,-0.005534418858587742,0.302769273519516
1840,28.356319427490234,37.610477447509766,0.4981733560562134,0.2337043732404709,-0.0073668560944497585,0.30089613795280457
1841,28.758989334106445,48.62769317626953,0.49814093112945557,0.23366092145442963,-0.008585603907704353,0.30310124158859253
1842,28.49322509765625,44.44432067871094,0.4989790618419647,0.23363706469535828,-0.009116183035075665,0.3045662045478821
1843,29.069978713989258,51.446067810058594,0.5,0.23363706469535828,-0.009647374041378498,0.3055872619152069
1844,28.123287200927734,32.29507064819336,0.49826663732528687,0.2335965633392334,-0.014226198196411133,0.30592969059944153
1845,28.724559783935547,41.5639533996582,0.49871811270713806,0.23356661200523376,-0.012282926589250565,0.30583131313323975
1846,28.512632369995117,43.63905334472656,0.5007333755493164,0.2335837334394455,-0.009728585369884968,0.3039800226688385
1847,28.978769302368164,51.01570129394531,0.5017447471618652,0.23362450301647186,-0.0077062491327524185,0.3024948835372925
1848,28.078651428222656,33.03621292114258,0.499356210231781,0.23360946774482727,-0.006780208554118872,0.3028106093406677
1849,28.197858810424805,36.18102264404297,0.5000342726707458,0.23361027240753174,-0.007916031405329704,0.3026822805404663
1850,28.308534622192383,39.42697525024414,0.4998742938041687,0.23360733687877655,-0.0062315757386386395,0.3039287030696869
1851,28.82391929626465,49.15666580200195,0.5011885762214661,0.2336350977420807,-0.004642627667635679,0.30626943707466125
1852,28.57888412475586,45.82331085205078,0.5012742877006531,0.233664870262146,-0.00785678531974554,0.30614668130874634
1853,28.304471969604492,39.74519729614258,0.5013314485549927,0.23369598388671875,-0.009077860042452812,0.30508601665496826
1854,28.213436126708984,35.22272491455078,0.5011371374130249,0.23372256755828857,-0.011230571195483208,0.3048516809940338
1855,28.33278465270996,40.79067611694336,0.5017029047012329,0.23376235365867615,-0.010886440053582191,0.304878830909729
1856,28.538864135742188,45.970890045166016,0.5013771653175354,0.23379454016685486,-0.011695336550474167,0.30284398794174194
1857,28.696640014648438,47.08720779418945,0.5011999607086182,0.23382259905338287,-0.010489660315215588,0.3020021617412567
1858,28.833871841430664,45.94289779663086,0.500512421131134,0.23383457958698273,-0.00761040486395359,0.30297914147377014
1859,28.01335334777832,38.07252502441406,0.4999580979347229,0.23383361101150513,-0.013132849708199501,0.3016563355922699
1860,28.68399429321289,47.90938186645508,0.5011162161827087,0.23385970294475555,-0.013748610392212868,0.3029504418373108
1861,28.157855987548828,35.212005615234375,0.49969714879989624,0.23385262489318848,-0.012169772759079933,0.30207502841949463
1862,28.74152946472168,47.138423919677734,0.5013028383255005,0.2338830977678299,-0.010821058414876461,0.3015369772911072
1863,28.496902465820312,40.91170883178711,0.49959614872932434,0.233873650431633,-0.011226518079638481,0.3018271327018738
1864,28.77197265625,47.26652526855469,0.5001943111419678,0.23387819528579712,-0.008538014255464077,0.30335113406181335
1865,27.939844131469727,31.532367706298828,0.5007180571556091,0.2338949739933014,-0.01034119725227356,0.30346453189849854
1866,28.42906379699707,42.038612365722656,0.49899429082870483,0.2338714599609375,-0.007395937107503414,0.30401304364204407
1867,28.498613357543945,44.10883331298828,0.5017695426940918,0.23391284048557281,-0.009008674882352352,0.30417776107788086
1868,28.820507049560547,50.489864349365234,0.5000724196434021,0.2339145392179489,-0.009347662329673767,0.3027566373348236
1869,28.941679000854492,54.8633918762207,0.5007466673851013,0.2339319884777069,-0.011129949241876602,0.3042892813682556
1870,28.566164016723633,43.721290588378906,0.5011124014854431,0.23395800590515137,-0.010968191549181938,0.3041944205760956
1871,28.45056915283203,38.21870040893555,0.5010323524475098,0.2339821606874466,-0.007400669157505035,0.3021920621395111
1872,28.406064987182617,39.764461517333984,0.4997180998325348,0.23397555947303772,-0.009502839297056198,0.3046249449253082
1873,28.869361877441406,50.18120574951172,0.501350462436676,0.23400716483592987,-0.006940912455320358,0.30738556385040283
1874,28.575719833374023,43.29890441894531,0.501371443271637,0.23403924703598022,-0.005872946698218584,0.3060215413570404
1875,28.1688289642334,35.04827880859375,0.4995238184928894,0.23402810096740723,-0.005912174005061388,0.3038915693759918
1876,28.8753662109375,48.53522491455078,0.5000399947166443,0.23402905464172363,-0.0033220299519598484,0.30423009395599365
1877,28.32418441772461,37.22182846069336,0.5001505017280579,0.23403257131576538,-0.0020409084390848875,0.30515336990356445
1878,28.547704696655273,41.99121856689453,0.5007885694503784,0.23405103385448456,-0.0016416979487985373,0.3084985911846161
1879,28.767919540405273,45.555015563964844,0.5011619329452515,0.23407824337482452,-0.005856851115822792,0.3059638440608978
1880,28.48404884338379,41.88678741455078,0.49928951263427734,0.2340616136789322,-0.006386990658938885,0.3066532611846924
1881,28.60004997253418,44.726219177246094,0.4992952346801758,0.2340451180934906,-0.0026496120262891054,0.3078714609146118
1882,28.876943588256836,47.506591796875,0.5005428194999695,0.23405781388282776,-0.004410292953252792,0.3058871626853943
1883,28.590471267700195,43.2890739440918,0.5009276270866394,0.2340795248746872,-0.0036027757450938225,0.30488213896751404
1884,28.078977584838867,33.40561294555664,0.4995238184928894,0.2340683788061142,-0.002063686726614833,0.3038559556007385
1885,28.785688400268555,46.69942855834961,0.49946093559265137,0.2340557724237442,-0.002683777129277587,0.3046664297580719
1886,28.759859085083008,47.44750213623047,0.5000724196434021,0.2340574711561203,-0.0033265664242208004,0.3025355637073517
1887,28.432844161987305,40.2773323059082,0.5009580850601196,0.23407989740371704,-0.0014887175057083368,0.30624064803123474
1888,28.469507217407227,43.584224700927734,0.49993714690208435,0.23407843708992004,-0.003268452128395438,0.3063628673553467
1889,28.558027267456055,44.229835510253906,0.5013733506202698,0.23411057889461517,-0.002601162064820528,0.3049744963645935
1890,29.6564884185791,61.06873321533203,0.5001943111419678,0.2341151237487793,0.00023618472914677113,0.3055668771266937
1891,28.67279624938965,43.60056686401367,0.5002399682998657,0.23412072658538818,-0.0003318399249110371,0.30569538474082947
1892,27.86200523376465,22.922868728637695,0.4995257258415222,0.23410962522029877,0.00029427153640426695,0.3067658543586731
1893,28.487646102905273,37.658363342285156,0.5002514123916626,0.23411551117897034,-0.0008625733898952603,0.3059117794036865
1894,28.95426368713379,51.060707092285156,0.5003523826599121,0.23412376642227173,0.0006209078710526228,0.3057679831981659
1895,28.33423614501953,33.46240234375,0.5011333227157593,0.23415030539035797,0.0006924982881173491,0.3063229024410248
1896,28.554079055786133,39.051551818847656,0.5010762214660645,0.23417551815509796,-0.0006419598357751966,0.30634796619415283
1897,28.43431854248047,39.20780944824219,0.50296950340271,0.23424506187438965,-0.002271194476634264,0.3061225116252899
1898,27.948684692382812,29.555700302124023,0.5025847554206848,0.23430560529232025,-0.0039417557418346405,0.3055955469608307
1899,28.53053855895996,40.33805465698242,0.5000914335250854,0.23430775105953217,-0.005451212637126446,0.30779924988746643
1900,28.4566593170166,40.05662155151367,0.5017961859703064,0.23434984683990479,-0.0028187253046780825,0.3052698075771332
1901,28.65574836730957,45.831939697265625,0.5020438432693481,0.23439772427082062,-0.0014134255470708013,0.3075105547904968
1902,28.891624450683594,47.45691680908203,0.5017504692077637,0.23443874716758728,-0.003015844151377678,0.30577513575553894
1903,28.3339786529541,37.26572036743164,0.5016362071037292,0.23447711765766144,-0.006744455546140671,0.3061225712299347
1904,27.841176986694336,25.727895736694336,0.5015066862106323,0.23451244831085205,-0.007617666386067867,0.3058112859725952
1905,28.466718673706055,39.76365280151367,0.5017447471618652,0.23455338180065155,-0.004249446094036102,0.30932679772377014
1906,28.578311920166016,45.75007247924805,0.5009790658950806,0.23457634449005127,-0.0028352763038128614,0.3091872036457062
1907,28.876705169677734,49.365413665771484,0.5021542906761169,0.2346268743276596,-0.0046013533137738705,0.3082507252693176
1908,28.401031494140625,43.48554611206055,0.5016952157020569,0.234666645526886,-0.005999277345836163,0.3079242408275604
1909,28.529870986938477,43.53278732299805,0.5014095306396484,0.23469971120357513,-0.0087324483320117,0.31031903624534607
1910,28.300024032592773,38.817806243896484,0.5018019676208496,0.23474201560020447,-0.010521156713366508,0.3076998293399811
1911,28.622699737548828,46.47314453125,0.500386655330658,0.23475107550621033,-0.010982824489474297,0.30813658237457275
1912,28.47101402282715,39.613338470458984,0.5000876188278198,0.23475314676761627,-0.009654930792748928,0.30655625462532043
1913,28.159881591796875,39.28842544555664,0.5009315013885498,0.23477500677108765,-0.008002064190804958,0.3079957067966461
1914,28.246179580688477,40.30193328857422,0.5015104413032532,0.234810471534729,-0.009209154173731804,0.30422908067703247
1915,28.38436508178711,43.938846588134766,0.5012094974517822,0.23483888804912567,-0.00869747158139944,0.3060406446456909
1916,28.107704162597656,33.686866760253906,0.4997999966144562,0.23483417928218842,-0.009816260077059269,0.3060450553894043
1917,28.212772369384766,36.69914245605469,0.5018038153648376,0.23487652838230133,-0.008586861193180084,0.3055504858493805
1918,28.357202529907227,39.96424865722656,0.5011981129646301,0.23490466177463531,-0.011979867704212666,0.3066152334213257
1919,28.31201171875,41.240562438964844,0.5013999938964844,0.23493753373622894,-0.0035571178887039423,0.305814266204834
1920,28.86241912841797,48.76512145996094,0.502131462097168,0.23498761653900146,-0.0052095199935138226,0.305096298456192
1921,28.516557693481445,48.14974594116211,0.5015695095062256,0.23502451181411743,-0.007544615305960178,0.3067045211791992
1922,28.2010498046875,41.842750549316406,0.49923431873321533,0.23500651121139526,-0.007177907507866621,0.3067897856235504
1923,28.002304077148438,33.64962387084961,0.4986838102340698,0.23497557640075684,-0.007761825807392597,0.30720898509025574
1924,27.946334838867188,31.47188949584961,0.5006552338600159,0.23499098420143127,-0.005381838418543339,0.3081488609313965
1925,28.619043350219727,45.49509048461914,0.499297171831131,0.2349744737148285,-0.005625685676932335,0.3056202530860901
1926,28.775461196899414,48.66958999633789,0.5005866289138794,0.2349882572889328,-0.004235631786286831,0.3054889440536499
1927,28.952892303466797,54.1213493347168,0.49967238306999207,0.23498055338859558,-0.002399036893621087,0.30727511644363403
1928,28.30320930480957,44.3797721862793,0.49944567680358887,0.23496752977371216,-0.003840106073766947,0.3087812662124634
1929,28.3293399810791,41.388362884521484,0.4986799955368042,0.23493650555610657,-0.004638401325792074,0.30701643228530884
1930,28.107568740844727,37.81791305541992,0.49817904829978943,0.23489372432231903,-0.005668459925800562,0.30514344573020935
1931,28.25083351135254,41.21821594238281,0.49863046407699585,0.2348615527153015,-0.003766804002225399,0.3069503605365753
1932,28.756874084472656,46.35919952392578,0.49930858612060547,0.23484531044960022,-0.005859737284481525,0.3051188886165619
1933,28.510074615478516,44.513648986816406,0.49911999702453613,0.23482464253902435,-0.0062544881366193295,0.3066914677619934
1934,28.44666862487793,43.92732238769531,0.4978514313697815,0.23477418720722198,-0.005584020167589188,0.30741968750953674
1935,28.53223419189453,42.059051513671875,0.49795615673065186,0.2347262054681778,-0.0051162345334887505,0.3063717782497406
1936,28.75201416015625,47.10956954956055,0.49756380915641785,0.234669029712677,-0.005552745424211025,0.30548715591430664
1937,28.18178367614746,38.10947799682617,0.49815812706947327,0.23462580144405365,-0.008271190337836742,0.30435124039649963
1938,28.716928482055664,47.50498580932617,0.49840572476387024,0.2345883995294571,-0.009423279203474522,0.3076072633266449
1939,28.283906936645508,39.1584358215332,0.4960704445838928,0.23449620604515076,-0.01305788941681385,0.3051145374774933
1940,28.552339553833008,43.2259407043457,0.4969028830528259,0.23442357778549194,-0.01532442681491375,0.30327069759368896
1941,28.918926239013672,47.890323638916016,0.49603429436683655,0.23433062434196472,-0.01624595746397972,0.3036336600780487
1942,28.19326400756836,34.0711784362793,0.49586474895477295,0.23423372209072113,-0.013629312627017498,0.30387914180755615
1943,28.515071868896484,44.157588958740234,0.4974571466445923,0.23417416214942932,-0.011408415623009205,0.3050238788127899
1944,28.66395378112793,46.72187805175781,0.49797138571739197,0.23412665724754333,-0.012721741572022438,0.3037690818309784
1945,28.47116470336914,39.85977554321289,0.497020959854126,0.23405690491199493,-0.011289720423519611,0.3027712404727936
1946,28.43899154663086,41.41169738769531,0.49770286679267883,0.23400314152240753,-0.008222789503633976,0.30220022797584534
1947,28.937847137451172,51.09741973876953,0.49816763401031494,0.23396027088165283,-0.00884322915226221,0.3031201958656311
1948,29.151840209960938,52.311378479003906,0.49762287735939026,0.2339046597480774,-0.005711978767067194,0.30297669768333435
1949,28.4224796295166,38.368263244628906,0.49802857637405396,0.23385854065418243,-0.003507886780425906,0.3041785955429077
1950,28.213298797607422,35.882904052734375,0.4975695312023163,0.2338016927242279,-0.0008125421591103077,0.3039295971393585
1951,28.50850486755371,41.522098541259766,0.4995904564857483,0.23379212617874146,0.003664789954200387,0.3041817843914032
1952,28.31720733642578,38.974185943603516,0.4996933341026306,0.23378495872020721,0.004464451223611832,0.3064139485359192
1953,28.2984561920166,36.524723052978516,0.5004914402961731,0.23379644751548767,0.006418307777494192,0.3046552240848541
1954,28.689176559448242,45.597007751464844,0.49983999133110046,0.23379270732402802,0.008619277738034725,0.30787599086761475
1955,28.124406814575195,34.742305755615234,0.4988267123699188,0.23376528918743134,0.00968821719288826,0.3071742355823517
1956,28.280719757080078,38.67168426513672,0.49934858083724976,0.23375006020069122,0.006623059045523405,0.3081974685192108
1957,28.28260612487793,35.5982551574707,0.5010228753089905,0.23377396166324615,0.00627449806779623,0.30613210797309875
1958,28.308013916015625,36.376068115234375,0.5012228488922119,0.23380255699157715,0.004787066485732794,0.3077317476272583
1959,28.781579971313477,48.65926742553711,0.5025333762168884,0.2338617891073227,0.00226689619012177,0.30732253193855286
1960,28.59958267211914,42.69256591796875,0.5016647577285767,0.23390071094036102,0.003521200967952609,0.30582085251808167
1961,29.049009323120117,52.79022216796875,0.5030876398086548,0.2339729219675064,0.002561122877523303,0.30727842450141907
1962,28.581649780273438,40.787879943847656,0.502196192741394,0.2340243011713028,0.001189644099213183,0.3081073760986328
1963,28.60529899597168,44.35137939453125,0.5022895336151123,0.23407788574695587,-0.003431421471759677,0.3078875243663788
1964,28.537879943847656,40.41010665893555,0.5025790333747864,0.23413823544979095,-0.004962087608873844,0.3069778382778168
1965,28.63291358947754,41.383766174316406,0.5031886100769043,0.23421290516853333,-0.0038883995730429888,0.30727243423461914
1966,27.948331832885742,29.091571807861328,0.5020266771316528,0.23426036536693573,-0.0025453020352870226,0.3054189383983612
1967,28.462068557739258,35.39731979370117,0.5015657544136047,0.2342970371246338,-0.006582252681255341,0.30822858214378357
1968,28.10449981689453,27.378559112548828,0.5019542574882507,0.2343428134918213,-0.007858188822865486,0.30797964334487915
1969,28.669078826904297,44.20344924926758,0.5023523569107056,0.23439793288707733,-0.009219848550856113,0.3091888129711151
1970,28.00745391845703,31.350814819335938,0.503375232219696,0.23447704315185547,-0.00791976135224104,0.3087711036205292
1971,29.043704986572266,54.44621658325195,0.5043467283248901,0.2345789521932602,-0.010053263045847416,0.3065136969089508
1972,28.443483352661133,40.91971969604492,0.5022914409637451,0.2346327006816864,-0.011808229610323906,0.3066678047180176
1973,28.723783493041992,48.00019073486328,0.5029618740081787,0.2347021996974945,-0.011131759732961655,0.30688413977622986
1974,28.373748779296875,37.98439407348633,0.5026838183403015,0.2347651869058609,-0.01557685062289238,0.3068983554840088
1975,28.415908813476562,38.1680908203125,0.5019923448562622,0.2348119467496872,-0.016604982316493988,0.3061016798019409
1976,28.40192413330078,41.7883415222168,0.5011504292488098,0.23483896255493164,-0.016468817368149757,0.30777451395988464
1977,28.417531967163086,42.299537658691406,0.5005828738212585,0.2348526567220688,-0.018127672374248505,0.3075462579727173
1978,28.799909591674805,48.00983428955078,0.5009028911590576,0.23487384617328644,-0.018972016870975494,0.30564141273498535
1979,28.51910972595215,46.46697998046875,0.5008419156074524,0.23489362001419067,-0.017121894285082817,0.3066575825214386
1980,28.75176429748535,46.58828353881836,0.5001962184906006,0.23489823937416077,-0.018986670300364494,0.3064477741718292
1981,28.716419219970703,49.79495620727539,0.5015372037887573,0.23493435978889465,-0.01751857064664364,0.30554962158203125
1982,28.63043975830078,43.60725784301758,0.49911999702453613,0.2349136918783188,-0.019146285951137543,0.3063914477825165
1983,28.138084411621094,34.32242965698242,0.4996799826622009,0.2349061667919159,-0.021186616271734238,0.30485519766807556
1984,28.704633712768555,44.63919448852539,0.49963998794555664,0.2348977029323578,-0.02088877186179161,0.3077279329299927
1985,28.423341751098633,40.41719436645508,0.49920764565467834,0.23487909138202667,-0.021333668380975723,0.3064671456813812
1986,28.881763458251953,47.47447967529297,0.49926093220710754,0.23486173152923584,-0.02251499891281128,0.30671384930610657
1987,28.218704223632812,40.03315734863281,0.49858859181404114,0.23482857644557953,-0.022925429046154022,0.3054206371307373
1988,28.208688735961914,36.985084533691406,0.4996170997619629,0.23481959104537964,-0.022805390879511833,0.30478763580322266
1989,28.063121795654297,28.323049545288086,0.4984971284866333,0.2347843050956726,-0.023876722902059555,0.306124746799469
1990,28.500133514404297,42.57670593261719,0.49953335523605347,0.23477335274219513,-0.023712176829576492,0.30553436279296875
1991,28.27770233154297,38.770816802978516,0.49879810214042664,0.23474514484405518,-0.021225526928901672,0.3069058656692505
1992,28.78239631652832,47.015464782714844,0.499154269695282,0.23472529649734497,-0.01899193972349167,0.3058958351612091
1993,28.73065185546875,50.63984680175781,0.4990590512752533,0.2347031980752945,-0.018170922994613647,0.3075224459171295
1994,28.197147369384766,36.73066711425781,0.4994419515132904,0.2346900999546051,-0.01748736761510372,0.30433282256126404
1995,28.186513900756836,36.75537109375,0.500386655330658,0.23469915986061096,-0.020376022905111313,0.30637067556381226
1996,28.266067504882812,40.62303924560547,0.4988914430141449,0.2346731424331665,-0.02058337815105915,0.3041906952857971
1997,28.529489517211914,41.12013244628906,0.4996362030506134,0.23466460406780243,-0.02042446658015251,0.3069615066051483
1998,28.104429244995117,35.63241195678711,0.4992799758911133,0.2346477061510086,-0.020653462037444115,0.3047589063644409
1999,27.879474639892578,28.38086700439453,0.49899810552597046,0.23462419211864471,-0.018432356417179108,0.3067311942577362
2000,29.293489456176758,52.812496185302734,0.5002133250236511,0.23462919890880585,-0.02011234685778618,0.3058224618434906
2001,27.991943359375,32.35778045654297,0.49929335713386536,0.2346126139163971,-0.021644234657287598,0.30420956015586853
2002,28.443220138549805,45.75370407104492,0.49832382798194885,0.23457328975200653,-0.021220646798610687,0.30491334199905396
2003,28.268539428710938,38.425018310546875,0.49939998984336853,0.23455920815467834,-0.020838433876633644,0.30588558316230774
2004,28.483163833618164,43.089691162109375,0.49861523509025574,0.23452672362327576,-0.02418587915599346,0.3059720993041992
2005,28.326000213623047,39.96800994873047,0.49941521883010864,0.23451301455497742,-0.022129574790596962,0.30672526359558105
2006,29.07013511657715,56.44837951660156,0.49981144070625305,0.23450860381126404,-0.023441683501005173,0.30703526735305786
2007,28.442625045776367,45.13212203979492,0.4986799955368042,0.23447763919830322,-0.02724801003932953,0.3058789074420929
2008,28.208133697509766,37.84864044189453,0.49958670139312744,0.23446795344352722,-0.02668371982872486,0.30572715401649475
2009,28.480072021484375,43.46047592163086,0.4987238049507141,0.23443803191184998,-0.0257059708237648,0.3057219684123993
2010,28.175289154052734,36.903778076171875,0.4985581040382385,0.23440423607826233,-0.027999402955174446,0.30399200320243835
2011,28.317562103271484,41.80278396606445,0.49802669882774353,0.23435798287391663,-0.028039317578077316,0.3031318187713623
2012,28.33712387084961,37.029911041259766,0.5006590485572815,0.23437343537807465,-0.026745228096842766,0.3032609820365906
2013,28.544828414916992,46.60789108276367,0.499801903963089,0.23436880111694336,-0.029011810198426247,0.3061445951461792
2014,27.982769012451172,36.573909759521484,0.5002209544181824,0.23437397181987762,-0.02849563956260681,0.30535370111465454
2015,28.3101749420166,41.110984802246094,0.49963998794555664,0.2343655377626419,-0.030283698812127113,0.30503106117248535
2016,28.34576416015625,37.86965560913086,0.4996495246887207,0.2343573272228241,-0.03092598356306553,0.3027448058128357
2017,28.168184280395508,39.74873352050781,0.4995942711830139,0.23434782028198242,-0.02821514569222927,0.3035353422164917
2018,28.115894317626953,36.67848587036133,0.5010495185852051,0.23437240719795227,-0.02777022309601307,0.30252084136009216
2019,28.207386016845703,39.3187370300293,0.49935048818588257,0.23435717821121216,-0.026538841426372528,0.30294275283813477
2020,28.47840118408203,45.19218826293945,0.49964380264282227,0.2343488186597824,-0.025314094498753548,0.305560439825058
2021,28.183006286621094,38.1791877746582,0.5005999803543091,0.2343628704547882,-0.024484284222126007,0.3054310381412506
2022,28.39497947692871,42.69833755493164,0.5003219246864319,0.2343704104423523,-0.021791737526655197,0.30624374747276306
2023,27.853473663330078,31.207225799560547,0.4989619553089142,0.23434607684612274,-0.024327928200364113,0.30599069595336914
2024,28.131607055664062,37.286216735839844,0.4985428750514984,0.23431192338466644,-0.02246684581041336,0.3029581606388092
2025,28.433223724365234,39.72704315185547,0.49889710545539856,0.2342860847711563,-0.022454246878623962,0.30424126982688904
2026,28.80079460144043,49.312835693359375,0.5006875991821289,0.23430219292640686,-0.02071826532483101,0.30453792214393616
2027,28.505138397216797,46.388648986816406,0.4982457160949707,0.23426109552383423,-0.0198602806776762,0.30256175994873047
2028,28.753416061401367,47.18198776245117,0.5003123879432678,0.2342684119939804,-0.018458427861332893,0.3037830591201782
2029,28.650714874267578,46.7172737121582,0.49914857745170593,0.23424847424030304,-0.01945960335433483,0.3031102120876312
2030,28.343263626098633,44.946754455566406,0.4996667206287384,0.23424066603183746,-0.019319158047437668,0.3028472065925598
2031,28.531452178955078,44.230594635009766,0.4995066523551941,0.23422910273075104,-0.019872570410370827,0.3036172688007355
2032,28.23418617248535,39.37441635131836,0.4999409317970276,0.23422771692276,-0.021213913336396217,0.30634626746177673
2033,28.126352310180664,36.012882232666016,0.5001885294914246,0.2342321276664734,-0.021678751334547997,0.30694684386253357
2034,28.59612464904785,44.50230407714844,0.49819427728652954,0.23418982326984406,-0.02090861275792122,0.30235907435417175
2035,28.524654388427734,45.69850158691406,0.49931615591049194,0.23417381942272186,-0.01999380812048912,0.3021221458911896
2036,28.774656295776367,50.316795349121094,0.5003752112388611,0.23418261110782623,-0.02037925086915493,0.3026505410671234
2037,28.407625198364258,41.999183654785156,0.49908381700515747,0.2341611534357071,-0.017299652099609375,0.3043345510959625
2038,28.156469345092773,38.78895950317383,0.49908381700515747,0.23413969576358795,-0.01274451706558466,0.3027295768260956
2039,27.93568229675293,30.085248947143555,0.4990438222885132,0.2341173142194748,-0.01172229927033186,0.3041013181209564
2040,28.567516326904297,46.26323318481445,0.49807044863700867,0.23407214879989624,-0.013093213550746441,0.30342012643814087
2041,28.38780403137207,39.96015548706055,0.4984457194805145,0.23403576016426086,-0.01372481882572174,0.30415064096450806
2042,27.944326400756836,35.275753021240234,0.4996914267539978,0.23402853310108185,-0.011309372261166573,0.30547627806663513
2043,27.695297241210938,24.808956146240234,0.4988076090812683,0.23400063812732697,-0.012226279824972153,0.30613768100738525
2044,28.84568977355957,47.209774017333984,0.5000228881835938,0.23400117456912994,-0.012442348524928093,0.30490097403526306
2045,28.44383430480957,43.06110763549805,0.5006285905838013,0.23401588201522827,-0.01692834682762623,0.3052475154399872
2046,28.198747634887695,36.487396240234375,0.4998362064361572,0.23401205241680145,-0.018192853778600693,0.3052331805229187
2047,28.47141456604004,43.364688873291016,0.49884191155433655,0.23398494720458984,-0.013788965530693531,0.3043055236339569
2048,28.63313865661621,44.58960723876953,0.5008724331855774,0.23400536179542542,-0.01223374716937542,0.3033793568611145
2049,28.7116641998291,49.38450622558594,0.5008800029754639,0.2340259552001953,-0.01448717899620533,0.30336302518844604
2050,28.506855010986328,45.14045715332031,0.49961522221565247,0.23401693999767303,-0.013002166524529457,0.30420413613319397
2051,28.35772705078125,40.405860900878906,0.49955427646636963,0.23400650918483734,-0.012129788286983967,0.30388909578323364
2052,28.887086868286133,51.221214294433594,0.5008000135421753,0.23402522504329681,-0.01495762262493372,0.30157312750816345
2053,28.80611228942871,49.700382232666016,0.49952957034111023,0.23401421308517456,-0.013996240682899952,0.3019966185092926
2054,28.476099014282227,40.97888946533203,0.4995638132095337,0.23400400578975677,-0.011678168550133705,0.3039410710334778
2055,28.342546463012695,38.91903305053711,0.49973905086517334,0.2339978963136673,-0.010963503271341324,0.3044653832912445
2056,28.096864700317383,34.355430603027344,0.5003085732460022,0.2340051233768463,-0.010878579691052437,0.3049435317516327
2057,28.177099227905273,36.77291488647461,0.5012819170951843,0.23403510451316833,-0.011172672733664513,0.3039180040359497
2058,28.700868606567383,49.555274963378906,0.5020018815994263,0.2340819537639618,-0.010228964500129223,0.30448511242866516
2059,28.16767692565918,34.860904693603516,0.500255286693573,0.23408792912960052,-0.008032226003706455,0.3034353256225586
2060,28.14844512939453,34.29697799682617,0.5004324316978455,0.23409806191921234,-0.01034716796129942,0.30080658197402954
2061,28.15298843383789,31.989179611206055,0.49950671195983887,0.2340865135192871,-0.008870720863342285,0.30181023478507996
2062,28.280654907226562,40.548606872558594,0.5012704730033875,0.23411625623703003,-0.008996996097266674,0.3033577799797058
2063,28.527368545532227,41.890506744384766,0.5003294944763184,0.23412396013736725,-0.010566296987235546,0.30176737904548645
2064,28.614959716796875,46.53890609741211,0.5001028776168823,0.23412635922431946,-0.013167192228138447,0.3034871220588684
2065,28.480504989624023,41.629371643066406,0.5006781220436096,0.2341422438621521,-0.01228258851915598,0.3050214648246765
2066,28.506574630737305,43.555538177490234,0.5013676285743713,0.23417425155639648,-0.012089679948985577,0.30605894327163696
2067,28.491294860839844,42.622535705566406,0.5009771585464478,0.23419713973999023,-0.011133221909403801,0.30484533309936523
2068,27.977214813232422,33.11724853515625,0.5003619194030762,0.23420563340187073,-0.010952293872833252,0.3053663969039917
2069,28.840890884399414,48.89529800415039,0.5014095306396484,0.2342386394739151,-0.01263910997658968,0.3028563857078552
2070,28.307310104370117,40.2230224609375,0.5017447471618652,0.23427951335906982,-0.015303791500627995,0.3042427599430084
2071,28.790571212768555,51.50027084350586,0.5000209212303162,0.23428001999855042,-0.01569410413503647,0.30471229553222656
2072,28.31224250793457,42.8178596496582,0.5008057355880737,0.23429889976978302,-0.015964578837156296,0.3044453561306
2073,28.4331111907959,43.567962646484375,0.5014933347702026,0.23433390259742737,-0.01720152236521244,0.304495632648468
2074,28.575904846191406,43.27307891845703,0.5005962252616882,0.234347864985466,-0.013749833218753338,0.3064190745353699
2075,28.508779525756836,43.072601318359375,0.5011942982673645,0.23437586426734924,-0.013941086828708649,0.30553656816482544
2076,28.533634185791016,42.64887237548828,0.5005828738212585,0.234389528632164,-0.01045041810721159,0.3032839596271515
2077,28.24860954284668,38.91063690185547,0.5008704662322998,0.23440992832183838,-0.008714722469449043,0.3067079782485962
2078,28.722434997558594,45.8618278503418,0.5009447336196899,0.23443205654621124,-0.011540737934410572,0.3068705201148987
2079,27.834203720092773,27.285486221313477,0.49968764185905457,0.23442474007606506,-0.009376224130392075,0.30454739928245544
2080,28.651779174804688,47.481380462646484,0.5001409649848938,0.2344280332326889,-0.0069045438431203365,0.3033832013607025
2081,27.97224998474121,32.37359619140625,0.5000286102294922,0.23442870378494263,-0.006276407279074192,0.30351731181144714
2082,28.601322174072266,44.41437911987305,0.4995104968547821,0.23441722989082336,-0.008501500822603703,0.3012359142303467
2083,28.49295997619629,43.94621658325195,0.49766287207603455,0.2343624383211136,-0.009280390106141567,0.3054826557636261
2084,28.09694480895996,33.38493347167969,0.4981752634048462,0.23431967198848724,-0.010368949733674526,0.3066254258155823
2085,28.266124725341797,38.064796447753906,0.4986838102340698,0.23428882658481598,-0.012087956070899963,0.3042921721935272
2086,28.890348434448242,48.61860656738281,0.4984533488750458,0.23425258696079254,-0.01354480441659689,0.3021143078804016
2087,28.400436401367188,44.18577575683594,0.4985942840576172,0.23421967029571533,-0.014988815411925316,0.3046749234199524
2088,28.457834243774414,43.879425048828125,0.4993371367454529,0.23420414328575134,-0.014696579426527023,0.3052908778190613
2089,28.343894958496094,40.1550178527832,0.49818092584609985,0.23416154086589813,-0.014938450418412685,0.3068164885044098
2090,28.72593116760254,46.791168212890625,0.49849140644073486,0.23412621021270752,-0.014164711348712444,0.3055974543094635
2091,28.06175422668457,33.33882522583008,0.49787238240242004,0.2340763956308365,-0.018085602670907974,0.3045794665813446
2092,28.374374389648438,42.59326171875,0.4977714419364929,0.23402422666549683,-0.01592349261045456,0.3047083616256714
2093,28.15666961669922,39.5308837890625,0.4979085922241211,0.23397527635097504,-0.01750149019062519,0.305754691362381
2094,28.492111206054688,45.18074417114258,0.4986419081687927,0.23394350707530975,-0.014469003304839134,0.30380481481552124
2095,28.241355895996094,39.56806182861328,0.49892187118530273,0.23391827940940857,-0.014614286832511425,0.3049682080745697
2096,28.467958450317383,42.03947448730469,0.4994361996650696,0.23390509188175201,-0.013417421840131283,0.30504366755485535
2097,27.914216995239258,29.887222290039062,0.498348593711853,0.23386645317077637,-0.014094042591750622,0.30577218532562256
2098,28.541439056396484,45.76895523071289,0.4985847473144531,0.23383335769176483,-0.016737300902605057,0.30260929465293884
2099,28.41324234008789,43.82314682006836,0.498146653175354,0.23379002511501312,-0.017297882586717606,0.3039558231830597
2100,28.53020477294922,43.36460494995117,0.4970419406890869,0.23372086882591248,-0.01996164210140705,0.30288437008857727
2101,28.312355041503906,42.96369934082031,0.49809718132019043,0.23367640376091003,-0.021088730543851852,0.3015781044960022
2102,28.686952590942383,48.48935317993164,0.49875617027282715,0.23364733159542084,-0.022111840546131134,0.3038187325000763
2103,28.702863693237305,45.84737014770508,0.4989352226257324,0.2336224615573883,-0.024308225139975548,0.3029352128505707
2104,27.883745193481445,30.82293128967285,0.4987638294696808,0.23359358310699463,-0.027724606916308403,0.3057031035423279
2105,28.64874839782715,47.07709884643555,0.4999447464942932,0.23359228670597076,-0.02873193472623825,0.30607709288597107
2106,28.594051361083984,46.94791793823242,0.5001657009124756,0.23359616100788116,-0.03000388666987419,0.3083494007587433
2107,28.641149520874023,45.72309112548828,0.49996381998062134,0.23359531164169312,-0.029148846864700317,0.30749258399009705
2108,28.16217613220215,37.87351608276367,0.500643789768219,0.2336103469133377,-0.026999013498425484,0.3063962459564209
2109,28.59218406677246,45.712093353271484,0.4995962083339691,0.233600914478302,-0.02903176285326481,0.30731290578842163
2110,28.563175201416016,40.70433044433594,0.498933345079422,0.2335759848356247,-0.03184796869754791,0.3065250813961029
2111,27.91134262084961,29.945974349975586,0.5009352564811707,0.23359784483909607,-0.033973678946495056,0.3056510388851166
2112,28.15134620666504,38.204750061035156,0.501489520072937,0.2336326539516449,-0.031992990523576736,0.30436187982559204
2113,28.263381958007812,39.65424346923828,0.5005561709403992,0.23364566266536713,-0.03365662693977356,0.305364191532135
2114,28.24644660949707,38.96333312988281,0.5001447796821594,0.23364903032779694,-0.031541746109724045,0.3057820498943329
2115,28.03269386291504,32.7418098449707,0.5010305047035217,0.233673095703125,-0.034575674682855606,0.30519235134124756
2116,27.855831146240234,28.969867706298828,0.5018971562385559,0.2337174117565155,-0.034511908888816833,0.3058515191078186
2117,28.13115882873535,36.14983367919922,0.5014457106590271,0.23375120759010315,-0.03382537141442299,0.3051912784576416
2118,28.212759017944336,39.37363052368164,0.5021485686302185,0.23380142450332642,-0.03533393144607544,0.30557548999786377
2119,28.468719482421875,44.48027038574219,0.5011218786239624,0.2338276505470276,-0.036424558609724045,0.305412232875824
2120,28.28411865234375,36.98095703125,0.5009047389030457,0.23384881019592285,-0.032893672585487366,0.30754926800727844
2121,28.374658584594727,40.24958801269531,0.5028685927391052,0.23391588032245636,-0.03548411652445793,0.30694228410720825
2122,28.036184310913086,35.213253021240234,0.5022590756416321,0.23396871984004974,-0.03550583869218826,0.308083176612854
2123,28.371660232543945,41.14854431152344,0.502754271030426,0.23403315246105194,-0.033638499677181244,0.30645403265953064
2124,28.13780403137207,37.616172790527344,0.5031619071960449,0.2341071367263794,-0.029589354991912842,0.30815982818603516
2125,28.152179718017578,35.378475189208984,0.5019542574882507,0.2341528832912445,-0.028406258672475815,0.3099871277809143
2126,28.329673767089844,39.99973678588867,0.5022000074386597,0.23420441150665283,-0.025374306365847588,0.3063744306564331
2127,28.193193435668945,39.6894645690918,0.5029638409614563,0.23427382111549377,-0.021143266931176186,0.3085084557533264
2128,28.615819931030273,49.839237213134766,0.5031314492225647,0.2343471795320511,-0.018437795341014862,0.30640241503715515
2129,28.49374008178711,46.39093017578125,0.5023409128189087,0.23440204560756683,-0.018371401354670525,0.30712753534317017
2130,28.532485961914062,46.38140869140625,0.5009467005729675,0.23442423343658447,-0.01733369007706642,0.3038393557071686
2131,28.309959411621094,41.581153869628906,0.50342857837677,0.2345046103000641,-0.016200387850403786,0.30629202723503113
2132,28.388288497924805,44.43958282470703,0.5005295276641846,0.23451702296733856,-0.015160676091909409,0.30484503507614136
2133,28.24628257751465,41.721534729003906,0.5018304586410522,0.23455996811389923,-0.012750502675771713,0.3066736161708832
2134,28.359315872192383,44.53720474243164,0.5022609829902649,0.23461301624774933,-0.011016951873898506,0.3083399534225464
2135,28.41431427001953,44.18243408203125,0.500512421131134,0.23462504148483276,-0.00953131727874279,0.3080112338066101
2136,28.206689834594727,39.226348876953125,0.5011390447616577,0.23465177416801453,-0.008733303286135197,0.3070205748081207
2137,28.71524429321289,48.95085525512695,0.4997999966144562,0.23464708030223846,-0.004346553236246109,0.3062448799610138
2138,28.001230239868164,34.869651794433594,0.49838095903396606,0.23460909724235535,-0.0011653406545519829,0.30655327439308167
2139,28.81458854675293,50.718048095703125,0.5007752180099487,0.23462727665901184,0.0006132398266345263,0.3096940815448761
2140,28.6307315826416,47.29867935180664,0.5013542771339417,0.23465904593467712,0.002847840543836355,0.3054642975330353
2141,28.374589920043945,39.30613708496094,0.5016571879386902,0.23469792306423187,0.0029220629949122667,0.30636483430862427
2142,28.198654174804688,41.703712463378906,0.5012381076812744,0.23472699522972107,0.007288920693099499,0.3065357804298401
2143,28.361141204833984,44.82476043701172,0.5002476572990417,0.23473282158374786,0.00959610566496849,0.3057211935520172
2144,28.321874618530273,43.594017028808594,0.5000513792037964,0.23473402857780457,0.010888424701988697,0.3063282370567322
2145,28.499637603759766,42.56962203979492,0.500590443611145,0.23474788665771484,0.009680661372840405,0.30687257647514343
2146,28.090442657470703,35.861995697021484,0.5001828670501709,0.23475216329097748,0.00977958831936121,0.30864477157592773
2147,28.37897491455078,41.24629211425781,0.5014304518699646,0.2347857505083084,0.007420864887535572,0.30795818567276
2148,28.24173355102539,39.03977966308594,0.5014076232910156,0.23481880128383636,0.006869190372526646,0.3062301278114319
2149,27.586688995361328,18.383670806884766,0.5013256669044495,0.2348499298095703,0.008933751843869686,0.3057067394256592
2150,28.435901641845703,39.22454071044922,0.5013733506202698,0.2348821759223938,0.00951534416526556,0.3080589771270752
2151,28.15115737915039,35.978431701660156,0.5009676218032837,0.2349049150943756,0.010346629656851292,0.307890921831131
2152,28.12006378173828,36.31721878051758,0.501552402973175,0.23494137823581696,0.008246764540672302,0.3087320923805237
2153,27.860937118530273,24.69712257385254,0.5015047788619995,0.23497672379016876,0.007780665066093206,0.3089078664779663
2154,28.185569763183594,36.169586181640625,0.5009847283363342,0.2349998652935028,0.008007864467799664,0.306963175535202
2155,28.439096450805664,40.66593551635742,0.5010971426963806,0.23502564430236816,0.006851465441286564,0.3068309426307678
2156,28.046850204467773,36.82113265991211,0.5016056895256042,0.23506338894367218,0.003568029496818781,0.3081183433532715
2157,28.271526336669922,38.47210693359375,0.5017866492271423,0.23510539531707764,-0.0013949025887995958,0.3094604015350342
2158,28.334808349609375,40.916866302490234,0.5010819435119629,0.23513084650039673,-0.0010958483908325434,0.30857667326927185
2159,28.522544860839844,47.749332427978516,0.5016628503799438,0.23516994714736938,-0.002015140140429139,0.3066239356994629
2160,28.51801872253418,44.44375991821289,0.49946096539497375,0.23515728116035461,-0.003490868490189314,0.30830058455467224
2161,28.45049476623535,42.261192321777344,0.49992382526397705,0.23515549302101135,-0.0015261225635185838,0.31034260988235474
2162,28.923751831054688,50.99787521362305,0.5010228753089905,0.23517954349517822,-0.006489081308245659,0.30891019105911255
2163,28.628459930419922,44.583396911621094,0.5007733702659607,0.2351977378129959,-0.005685210227966309,0.306960791349411
2164,28.265474319458008,43.895606994628906,0.5013676285743713,0.23522989451885223,-0.009149545803666115,0.3084160089492798
2165,28.367937088012695,39.739524841308594,0.5007733702659607,0.23524808883666992,-0.005678754299879074,0.3083895146846771
2166,28.08786392211914,38.439449310302734,0.5003942847251892,0.2352573722600937,-0.009811527095735073,0.3082857131958008
2167,28.138774871826172,37.536163330078125,0.5010533332824707,0.23528216779232025,-0.007493243087083101,0.30812519788742065
2168,28.943445205688477,49.65388488769531,0.5000133514404297,0.23528248071670532,-0.009540963917970657,0.3098233938217163
2169,28.2664852142334,43.141326904296875,0.500139057636261,0.23528575897216797,-0.012664674781262875,0.30761581659317017
2170,28.368776321411133,38.109439849853516,0.499914288520813,0.2352837324142456,-0.0155426524579525,0.3079220950603485
2171,28.28827667236328,44.72463607788086,0.5001866221427917,0.23528814315795898,-0.01236110832542181,0.3081917464733124
2172,28.51902961730957,46.50840377807617,0.5000742673873901,0.23528988659381866,-0.01185594592243433,0.3086419999599457
2173,28.15522003173828,36.42998123168945,0.5010781288146973,0.2353152483701706,-0.013473937287926674,0.3081895112991333
2174,28.371484756469727,43.23321533203125,0.5011333227157593,0.23534192144870758,-0.013518672436475754,0.3111704885959625
2175,28.139646530151367,36.54387283325195,0.5005999803543091,0.23535603284835815,-0.013120347633957863,0.3095533549785614
2176,28.13782501220703,35.74628829956055,0.5003047585487366,0.2353632152080536,-0.011947409249842167,0.30670052766799927
2177,28.65001106262207,45.14494705200195,0.5003504753112793,0.23537147045135498,-0.009009438566863537,0.30875471234321594
2178,28.0297794342041,33.116729736328125,0.5001581311225891,0.23537519574165344,-0.007031017914414406,0.308999627828598
2179,28.283924102783203,37.469337463378906,0.5008742809295654,0.23539575934410095,-0.005195910111069679,0.3097703158855438
2180,27.862239837646484,28.623781204223633,0.5008628964424133,0.23541606962680817,-0.006460993550717831,0.3089343309402466
2181,28.19620132446289,39.48592758178711,0.5003085732460022,0.23542334139347076,-0.00043851713417097926,0.307533323764801
2182,28.148914337158203,38.78580093383789,0.5001961588859558,0.23542797565460205,0.0030153486877679825,0.31083232164382935
2183,28.391616821289062,41.96576690673828,0.5010781288146973,0.23545335233211517,0.002377582248300314,0.31033116579055786
2184,28.58127212524414,46.503604888916016,0.5022323727607727,0.23550592362880707,0.003539029508829117,0.30942487716674805
2185,28.281049728393555,39.39146423339844,0.5026552081108093,0.23556844890117645,0.0004635023360606283,0.3067237138748169
2186,28.296449661254883,41.94548797607422,0.5005924105644226,0.2355824112892151,-0.0029956651851534843,0.30737632513046265
2187,27.751708984375,29.483016967773438,0.4998628497123718,0.23557917773723602,-0.004323303699493408,0.3083035945892334
2188,28.64901351928711,50.45219421386719,0.4992285668849945,0.23556101322174072,-0.003713760292157531,0.30736303329467773
2189,27.91737937927246,36.27821350097656,0.5012114644050598,0.23558954894542694,-0.008272831328213215,0.30986589193344116
2190,28.109573364257812,37.22761535644531,0.5009999871253967,0.23561310768127441,-0.010026703588664532,0.3064917027950287
2191,27.972644805908203,35.00104522705078,0.49888381361961365,0.23558680713176727,-0.012164170853793621,0.30795419216156006
2192,28.428789138793945,45.533935546875,0.49993717670440674,0.23558533191680908,-0.012715824879705906,0.30701136589050293
2193,28.58559226989746,46.02890396118164,0.5001276731491089,0.23558834195137024,-0.013042434118688107,0.3103708326816559
2194,28.02577018737793,34.505271911621094,0.49863049387931824,0.23555606603622437,-0.013696092180907726,0.30849194526672363
2195,28.101354598999023,40.00078201293945,0.4997600018978119,0.2355504035949707,-0.014199565164744854,0.3093847334384918
2196,28.063339233398438,32.846866607666016,0.5009066462516785,0.23557177186012268,-0.015009956434369087,0.30835410952568054
2197,28.45941925048828,45.6849479675293,0.5008552074432373,0.23559190332889557,-0.015114706940948963,0.30969613790512085
2198,27.704830169677734,33.84246826171875,0.5003294944763184,0.23559965193271637,-0.015185936354100704,0.30959397554397583
2199,28.42919921875,46.1754150390625,0.5000019669532776,0.23559971153736115,-0.016150575131177902,0.3084256947040558
2200,28.81902503967285,52.93759536743164,0.49965906143188477,0.23559167981147766,-0.01771322451531887,0.30852630734443665
2201,28.277578353881836,44.0606803894043,0.4979371726512909,0.23554307222366333,-0.02084394171833992,0.30854958295822144
2202,27.992639541625977,43.030609130859375,0.4986571669578552,0.2355114370584488,-0.020728571340441704,0.3074301481246948
2203,28.44377899169922,44.50553512573242,0.5001276731491089,0.23551444709300995,-0.025036005303263664,0.3074694275856018
2204,28.50987434387207,48.32567596435547,0.49909716844558716,0.23549318313598633,-0.023895027115941048,0.3089558482170105
2205,28.54283905029297,46.5577278137207,0.49855998158454895,0.23545926809310913,-0.024719957262277603,0.3082827627658844
2206,28.538515090942383,44.86801528930664,0.4989181160926819,0.23543380200862885,-0.02102845348417759,0.30945080518722534
2207,28.039812088012695,35.74188995361328,0.4983104467391968,0.23539401590824127,-0.02187969908118248,0.30958282947540283
2208,28.72953224182129,51.17475128173828,0.4993961453437805,0.23537980020046234,-0.019743937999010086,0.30994027853012085
2209,28.67853355407715,50.7663459777832,0.49808764457702637,0.23533479869365692,-0.022891229018568993,0.31091317534446716
2210,28.189865112304688,38.244773864746094,0.4993942975997925,0.2353205531835556,-0.01999662257730961,0.31159430742263794
2211,28.283470153808594,41.152137756347656,0.4973314702510834,0.23525775969028473,-0.018330173566937447,0.30893227458000183
2212,28.480403900146484,41.92056655883789,0.49721333384513855,0.235192209482193,-0.020634954795241356,0.30998286604881287
2213,28.43422508239746,45.537723541259766,0.49854665994644165,0.2351580262184143,-0.01860055886209011,0.3062856197357178
2214,28.201709747314453,38.16079330444336,0.4970838129520416,0.23508943617343903,-0.016813378781080246,0.3067200779914856
2215,28.414928436279297,45.257789611816406,0.4972590506076813,0.23502498865127563,-0.01644008792936802,0.3055492639541626
2216,28.40299415588379,44.82905960083008,0.49745142459869385,0.23496508598327637,-0.0184334646910429,0.30580732226371765
2217,27.91551971435547,30.9597225189209,0.49753522872924805,0.23490718007087708,-0.0141805000603199,0.30920571088790894
2218,28.438526153564453,46.818275451660156,0.4961961507797241,0.23481781780719757,-0.013602488674223423,0.3095579147338867
2219,28.3967342376709,41.833866119384766,0.49748191237449646,0.23475868999958038,-0.012475501745939255,0.30936184525489807
2220,27.87810516357422,31.7318115234375,0.49725714325904846,0.23469430208206177,-0.008775594644248486,0.30824512243270874
2221,27.952098846435547,35.43095016479492,0.4989638030529022,0.2346699833869934,-0.01172820758074522,0.3078274130821228
2222,28.015037536621094,36.768096923828125,0.49719810485839844,0.23460422456264496,-0.008890828117728233,0.30957239866256714
2223,28.0789852142334,36.250919342041016,0.4978495240211487,0.2345537692308426,-0.009243997745215893,0.3097745478153229
2224,28.203369140625,41.619693756103516,0.49654287099838257,0.23447267711162567,-0.006898073945194483,0.30764174461364746
2225,28.329504013061523,44.688133239746094,0.4984685778617859,0.2344367802143097,-0.0028031407855451107,0.3079644441604614
2226,28.19310760498047,39.0554313659668,0.49751046299934387,0.2343784123659134,-0.0031926550436764956,0.30679184198379517
2227,28.20279884338379,40.620628356933594,0.4972380995750427,0.23431368172168732,-0.0018509180517867208,0.3061673045158386
2228,28.071619033813477,35.95249557495117,0.49695998430252075,0.23424245417118073,-0.002062303712591529,0.30442091822624207
2229,28.393232345581055,45.15797805786133,0.49646857380867004,0.23415972292423248,-0.0003651262086350471,0.3048379123210907
2230,28.16813850402832,39.465755462646484,0.49760380387306213,0.23410362005233765,-0.0005792533629573882,0.30529671907424927
2231,28.078327178955078,37.47528076171875,0.49579617381095886,0.23400519788265228,-0.001283788587898016,0.30773255228996277
2232,28.392045974731445,47.30488967895508,0.4980780780315399,0.23396022617816925,-0.0022045315708965063,0.3100677728652954
2233,28.28274917602539,41.889408111572266,0.4984304904937744,0.2339235097169876,-0.002943576779216528,0.3093569278717041
2234,28.23243522644043,40.90652847290039,0.4991142749786377,0.23390279710292816,-0.0033455330412834883,0.3064913749694824
2235,28.411375045776367,45.419715881347656,0.49801334738731384,0.23385633528232574,-0.004679183010011911,0.30786967277526855
2236,27.97418975830078,38.004364013671875,0.4987104535102844,0.2338261753320694,-0.0019786993507295847,0.305448442697525
2237,28.320234298706055,40.720462799072266,0.4996742904186249,0.23381856083869934,-0.002762608462944627,0.3078509569168091
2238,28.228099822998047,40.03935623168945,0.5008171796798706,0.23383767902851105,-0.00018434485537,0.3069085478782654
2239,28.254499435424805,41.967288970947266,0.500729501247406,0.233854740858078,-0.003185088047757745,0.30810633301734924
2240,28.494224548339844,46.531028747558594,0.5014114379882812,0.23388774693012238,-0.00105277041438967,0.3060588240623474
2241,28.376874923706055,40.521507263183594,0.5005523562431335,0.23390065133571625,-0.004469799343496561,0.30673494935035706
2242,28.160120010375977,38.91615676879883,0.5011504292488098,0.23392756283283234,-0.005500317085534334,0.3075268268585205
2243,28.14608383178711,40.82997512817383,0.5014342665672302,0.2339611053466797,-0.005756419617682695,0.3087107837200165
2244,28.19733428955078,42.81218719482422,0.5003504753112793,0.2339693009853363,-0.004731473047286272,0.31011396646499634
2245,27.982391357421875,33.842201232910156,0.49958857893943787,0.23395967483520508,-0.004984375089406967,0.3085268437862396
2246,28.264949798583984,41.94330978393555,0.5001295208930969,0.23396271467208862,-0.006367889698594809,0.30815359950065613
2247,28.11298942565918,38.96577453613281,0.5016800165176392,0.2340020090341568,-0.004800338763743639,0.3067309856414795
2248,28.21098518371582,41.11794662475586,0.500278115272522,0.23400850594043732,-0.005030916538089514,0.3076232969760895
2249,28.166133880615234,36.49727249145508,0.5016438364982605,0.23404698073863983,-0.010167381726205349,0.3065304458141327
2250,28.1444034576416,39.97102737426758,0.49905526638031006,0.23402486741542816,-0.01182378176599741,0.3083672821521759
2251,28.193815231323242,38.153987884521484,0.500598132610321,0.23403887450695038,-0.011620310135185719,0.30922025442123413
2252,28.25340461730957,42.13222122192383,0.5007504820823669,0.23405645787715912,-0.015960006043314934,0.30845195055007935
2253,27.958053588867188,34.71408462524414,0.5007733702659607,0.23407456278800964,-0.01124364510178566,0.30727988481521606
2254,28.2280216217041,41.2890739440918,0.5016742944717407,0.23411373794078827,-0.01143698301166296,0.30960169434547424
2255,28.25960922241211,40.58804702758789,0.4997295141220093,0.23410740494728088,-0.015363958664238453,0.3103615343570709
2256,28.317106246948242,43.96882247924805,0.5012057423591614,0.23413561284542084,-0.010833632200956345,0.3116016685962677
2257,28.07349967956543,37.19773864746094,0.5009847283363342,0.23415866494178772,-0.00630273949354887,0.3085605800151825
2258,28.023574829101562,36.62748336791992,0.501992404460907,0.23420530557632446,-0.004709903616458178,0.3072766661643982
2259,28.22992515563965,41.502098083496094,0.5003028512001038,0.23421239852905273,-0.004341101739555597,0.30815839767456055
2260,28.056325912475586,37.52465057373047,0.501489520072937,0.23424729704856873,-0.004757273942232132,0.30613264441490173
2261,28.43010902404785,43.88991928100586,0.5009981393814087,0.23427067697048187,-0.005810393951833248,0.3084735572338104
2262,28.21240997314453,40.761810302734375,0.5005923509597778,0.23428454995155334,-0.004036142956465483,0.3076724112033844
2263,28.005521774291992,35.792381286621094,0.5015181303024292,0.23432013392448425,-0.0053910608403384686,0.3085348308086395
2264,28.37535858154297,46.77455520629883,0.5018705129623413,0.23436395823955536,-0.005565405357629061,0.3070569336414337
2265,28.100269317626953,38.77516555786133,0.49978479743003845,0.23435892164707184,-0.007080806884914637,0.3091651499271393
2266,27.994434356689453,34.048179626464844,0.5015637874603271,0.2343955785036087,-0.0051190671510994434,0.309914767742157
2267,28.290578842163086,43.59919738769531,0.5017371773719788,0.2344362884759903,-0.00584853021427989,0.3095884621143341
2268,28.442264556884766,44.80118179321289,0.5012000203132629,0.23446443676948547,-0.004945964086800814,0.30769991874694824
2269,28.311832427978516,41.39168167114258,0.5005581378936768,0.23447751998901367,-0.0021018486004322767,0.3074290156364441
2270,28.3286190032959,41.60606384277344,0.49940764904022217,0.234463632106781,-0.0006398717523552477,0.30957067012786865
2271,28.27161979675293,42.07843017578125,0.498879998922348,0.23443737626075745,-0.0012630256824195385,0.3080751299858093
2272,28.113496780395508,39.189144134521484,0.49910667538642883,0.2344164252281189,-0.002432685811072588,0.3088814914226532
2273,28.145658493041992,37.76144790649414,0.49985143542289734,0.23441295325756073,-0.0003972231934312731,0.3093903660774231
2274,28.235891342163086,37.88644027709961,0.49974092841148376,0.23440687358379364,0.0019543846137821674,0.3098357319831848
2275,28.20770835876465,41.16335678100586,0.500449538230896,0.2344174087047577,0.0011206257622689009,0.31026193499565125
2276,28.470849990844727,44.57474899291992,0.4996609389781952,0.23440945148468018,0.0018287120619788766,0.31134772300720215
2277,27.941089630126953,33.92304229736328,0.5003523826599121,0.23441772162914276,0.001200032071210444,0.30938950181007385
2278,28.166797637939453,39.32326126098633,0.5015828609466553,0.23445482552051544,-0.0005895481444895267,0.30740153789520264
2279,28.155231475830078,40.06389236450195,0.5017638206481934,0.23449619114398956,-0.0024437839165329933,0.3078380525112152
2280,28.148874282836914,38.271324157714844,0.5018190741539001,0.23453885316848755,-0.0070506674237549305,0.3072725534439087
2281,28.391313552856445,42.118682861328125,0.5002076029777527,0.23454371094703674,-0.010447308421134949,0.30893000960350037
2282,28.138586044311523,40.48054885864258,0.5006590485572815,0.23455917835235596,-0.010400272905826569,0.3090497851371765
2283,28.005298614501953,36.29283142089844,0.5007467269897461,0.23457668721675873,-0.005223597399890423,0.3090979754924774
2284,28.235939025878906,39.57215118408203,0.4997085928916931,0.23456984758377075,-0.0049039386212825775,0.3079846501350403
2285,28.244274139404297,42.84415054321289,0.5027351975440979,0.23463399708271027,-0.0033491405192762613,0.3107602596282959
2286,28.05598258972168,36.55033874511719,0.502078115940094,0.23468275368213654,-0.002156289294362068,0.31109073758125305
2287,28.088274002075195,37.94048309326172,0.5023009181022644,0.23473675549030304,-0.0033662463538348675,0.30881521105766296
2288,28.300189971923828,42.759498596191406,0.500822901725769,0.23475606739521027,-0.005911620799452066,0.30858996510505676
2289,27.706308364868164,31.074560165405273,0.5014724135398865,0.2347906231880188,-0.005027504172176123,0.30609098076820374
2290,28.435199737548828,42.043251037597656,0.5009371638298035,0.23481261730194092,-0.002828988479450345,0.3090125024318695
2291,28.916776657104492,52.616878509521484,0.5008609890937805,0.23483282327651978,-0.0023857629857957363,0.3088679313659668
2292,28.019060134887695,36.70489501953125,0.5013905167579651,0.2348654717206955,-0.001018702401779592,0.30964407324790955
2293,28.308469772338867,39.4305305480957,0.5015771389007568,0.2349025160074234,-0.0024890757631510496,0.30970755219459534
2294,28.55278205871582,45.72907638549805,0.5021885633468628,0.23495392501354218,-0.0020210479851812124,0.30783623456954956
2295,28.249332427978516,42.50639343261719,0.5015447735786438,0.2349902242422104,-0.002116538118571043,0.30953142046928406
2296,28.140541076660156,40.1469841003418,0.5011295080184937,0.23501677811145782,0.0018224968807771802,0.311608225107193
2297,28.02068519592285,37.077781677246094,0.5000895261764526,0.23501887917518616,0.0015623397193849087,0.3107135593891144
2298,28.312131881713867,40.44884490966797,0.5008647441864014,0.23503918945789337,0.0013656173832714558,0.30937495827674866
2299,28.199222564697266,41.826419830322266,0.5003123879432678,0.23504653573036194,0.0006636172183789313,0.31019994616508484
2300,28.36355972290039,43.086021423339844,0.5016590356826782,0.23508553206920624,0.00018041896692011505,0.3093014657497406
2301,28.35245132446289,40.65819549560547,0.5015142560005188,0.23512111604213715,0.0018983036279678345,0.30733832716941833
2302,28.117389678955078,38.121028900146484,0.5018057227134705,0.2351635843515396,0.0017287051305174828,0.3075908422470093
2303,28.129159927368164,37.71017837524414,0.5007733702659607,0.2351817786693573,0.002996872179210186,0.30889514088630676
2304,28.263771057128906,41.927001953125,0.5010285973548889,0.2352059781551361,0.006188598927110434,0.30875930190086365
2305,28.24793243408203,42.82563781738281,0.49966099858283997,0.2351980060338974,0.00740740355104208,0.3099771738052368
2306,28.02031135559082,35.023582458496094,0.5002628564834595,0.23520417511463165,0.004823602735996246,0.3099479675292969
2307,28.501094818115234,47.11079788208008,0.5002914071083069,0.23521101474761963,0.002964348765090108,0.3085121512413025
2308,27.86166000366211,33.11479949951172,0.5006933212280273,0.2352273315191269,0.002875380218029022,0.3075109124183655
2309,28.086397171020508,36.89143371582031,0.5001085996627808,0.23522987961769104,0.002480063820257783,0.311238169670105
2310,28.018123626708984,36.2110595703125,0.4997904598712921,0.23522494733333588,-0.00034255339414812624,0.3101481795310974
2311,28.763864517211914,50.31483459472656,0.4993942975997925,0.23521070182323456,-0.0015921670710667968,0.3083302974700928
2312,28.822553634643555,50.857425689697266,0.49898287653923035,0.23518678545951843,-0.0038835809100419283,0.3093431890010834
2313,28.353002548217773,43.088993072509766,0.5002133250236511,0.23519180715084076,-0.0048498972319066525,0.3097473084926605
2314,28.760374069213867,51.350257873535156,0.4995790421962738,0.23518191277980804,-0.007455311715602875,0.30844366550445557
2315,27.89699935913086,32.22107696533203,0.49895617365837097,0.23515737056732178,-0.004649636801332235,0.309089720249176
2316,28.22309684753418,39.642974853515625,0.5010952353477478,0.23518313467502594,-0.004957384429872036,0.30896249413490295
2317,28.038379669189453,34.053741455078125,0.49975618720054626,0.2351773977279663,-0.007949468679726124,0.30951985716819763
2318,28.104000091552734,35.1258659362793,0.4998152256011963,0.2351730465888977,-0.005148383788764477,0.3079960346221924
2319,28.216169357299805,40.34914016723633,0.49948760867118835,0.23516099154949188,-0.005261243786662817,0.3090575635433197
2320,28.177536010742188,36.40008544921875,0.5003238320350647,0.23516862094402313,-0.004126932471990585,0.3073858618736267
2321,28.06353759765625,37.460391998291016,0.5005561709403992,0.23518171906471252,-0.00648697791621089,0.3075638711452484
2322,28.01376724243164,33.38167190551758,0.499607652425766,0.23517249524593353,-0.006221290212124586,0.30889421701431274
2323,28.213579177856445,37.38691711425781,0.5007790327072144,0.23519082367420197,-0.007194953970611095,0.3091326057910919
2324,28.656049728393555,48.101165771484375,0.5004076361656189,0.2352004051208496,-0.005517002195119858,0.30823543667793274
2325,28.255664825439453,43.496337890625,0.4992799758911133,0.2351834774017334,-0.007775254547595978,0.3095906376838684
2326,28.156415939331055,44.108665466308594,0.4991466999053955,0.23516340553760529,-0.007916349917650223,0.3078285753726959
2327,27.822174072265625,31.86281967163086,0.4987790584564209,0.23513470590114594,-0.0068133617751300335,0.30992648005485535
2328,28.059968948364258,36.924644470214844,0.49887239933013916,0.23510819673538208,-0.009170647710561752,0.3083905577659607
2329,28.023656845092773,32.82472229003906,0.498708575963974,0.23507782816886902,-0.009111992083489895,0.30875858664512634
2330,28.63987159729004,49.32649230957031,0.49982476234436035,0.23507371544837952,-0.005942314863204956,0.30970537662506104
2331,28.164081573486328,38.971336364746094,0.4997504651546478,0.23506784439086914,-0.006779766175895929,0.30599597096443176
2332,28.243120193481445,40.92946243286133,0.4980495274066925,0.23502199351787567,-0.006653034593909979,0.307174950838089
2333,27.812694549560547,28.970300674438477,0.4986114203929901,0.23498935997486115,-0.005677139852195978,0.3064285218715668
2334,28.303878784179688,40.29447555541992,0.498933345079422,0.2349642813205719,-0.005072043742984533,0.30787456035614014
2335,28.289878845214844,38.60447311401367,0.49794286489486694,0.23491595685482025,-0.0008335219463333488,0.30628716945648193
2336,27.924409866333008,38.52638626098633,0.49918097257614136,0.234896719455719,-0.0004019401385448873,0.30796459317207336
2337,28.029489517211914,40.69593811035156,0.4998418986797333,0.23489300906658173,0.0005748774856328964,0.3084137737751007
2338,27.945363998413086,34.40008544921875,0.4991999864578247,0.23487421870231628,-0.000956095929723233,0.30627089738845825
2339,28.31723976135254,43.53439712524414,0.49988195300102234,0.23487144708633423,0.0032649419736117125,0.3075956106185913
2340,27.823780059814453,34.406494140625,0.4998304843902588,0.23486746847629547,0.006983846891671419,0.308925062417984
2341,27.7773494720459,31.1044921875,0.5001943111419678,0.2348720282316208,0.010309242643415928,0.30872437357902527
2342,28.39796257019043,44.966094970703125,0.5008285641670227,0.23489148914813995,0.013212728314101696,0.3090066909790039
2343,28.140642166137695,43.006290435791016,0.5012456774711609,0.23492075502872467,0.015185795724391937,0.3086088299751282
2344,27.895526885986328,38.48362731933594,0.5004380941390991,0.2349310666322708,0.013765939511358738,0.30720531940460205
2345,28.39131736755371,46.6484375,0.5018895268440247,0.23497545719146729,0.012830665335059166,0.30829477310180664
2346,28.36100959777832,43.929962158203125,0.5006133317947388,0.23498985171318054,0.015297476202249527,0.30976125597953796
2347,27.700664520263672,31.275413513183594,0.501287579536438,0.23502010107040405,0.015820462256669998,0.3095620572566986
2348,28.33222007751465,46.383384704589844,0.5013980865478516,0.2350529581308365,0.013970203697681427,0.3097764253616333
2349,28.158174514770508,40.66779327392578,0.5024190545082092,0.23510980606079102,0.015175494365394115,0.3107963502407074
2350,28.233293533325195,41.04782485961914,0.5016666650772095,0.23514898121356964,0.015621928498148918,0.3077268600463867
2351,28.010805130004883,38.45295715332031,0.5021904706954956,0.23520050942897797,0.01583915576338768,0.30803748965263367
2352,27.712953567504883,34.27198791503906,0.5015295147895813,0.23523648083209991,0.015123708173632622,0.3087364435195923
2353,27.921072006225586,35.993263244628906,0.5029181241989136,0.23530513048171997,0.02046916075050831,0.30811968445777893
2354,28.536672592163086,42.37694549560547,0.5037790536880493,0.23539404571056366,0.02017504721879959,0.30906349420547485
2355,28.20353889465332,40.67218780517578,0.5027619004249573,0.23545905947685242,0.023421334102749825,0.30973362922668457
2356,28.486888885498047,47.201961517333984,0.5011923909187317,0.23548713326454163,0.025312429293990135,0.3120274543762207
2357,27.94257164001465,38.150272369384766,0.5034552216529846,0.23556849360466003,0.024151310324668884,0.3096415400505066
2358,28.35366439819336,45.251956939697266,0.5019771456718445,0.235615074634552,0.02310653030872345,0.30697453022003174
2359,28.584087371826172,46.40435791015625,0.5020895004272461,0.23566430807113647,0.020548436790704727,0.31196972727775574
2360,28.253244400024414,38.85820770263672,0.5032076239585876,0.23573990166187286,0.02479277364909649,0.31086888909339905
2361,28.51290512084961,45.270626068115234,0.5016552209854126,0.23577891290187836,0.026896273717284203,0.30942749977111816
2362,27.83658218383789,34.347999572753906,0.5009790658950806,0.23580199480056763,0.02240445464849472,0.3099916875362396
2363,28.46010398864746,46.784847259521484,0.5020819306373596,0.23585107922554016,0.021541515365242958,0.3101983368396759
2364,28.71506690979004,46.73477554321289,0.5026533603668213,0.23591366410255432,0.020488468930125237,0.31122368574142456
2365,28.0821590423584,38.780582427978516,0.5021447539329529,0.23596425354480743,0.019670534878969193,0.30951592326164246
2366,28.231287002563477,40.5473518371582,0.50124192237854,0.23599356412887573,0.020283875986933708,0.3070523738861084
2367,28.294269561767578,43.005401611328125,0.5005561709403992,0.2360067069530487,0.016003647819161415,0.3106048107147217
2368,28.197179794311523,37.023040771484375,0.5017542839050293,0.2360481172800064,0.01832267828285694,0.31161734461784363
2369,28.451133728027344,44.381431579589844,0.5007104873657227,0.2360648810863495,0.01543818786740303,0.31200626492500305
2370,28.22222900390625,41.745452880859375,0.49995240569114685,0.23606374859809875,0.016245974227786064,0.30915093421936035
2371,28.480369567871094,45.164066314697266,0.5000913739204407,0.23606590926647186,0.017041295766830444,0.30822402238845825
2372,28.157072067260742,38.58103561401367,0.4998038113117218,0.23606127500534058,0.01509347464889288,0.307475209236145
2373,28.202144622802734,39.47222900390625,0.4991009533405304,0.23604005575180054,0.016275599598884583,0.3101217448711395
2374,28.20755958557129,41.85761642456055,0.4988628923892975,0.23601321876049042,0.016926513984799385,0.31032824516296387
2375,28.0333194732666,37.10688018798828,0.49903997778892517,0.23599055409431458,0.01505601778626442,0.31033363938331604
2376,27.86418342590332,29.987640380859375,0.498569518327713,0.23595678806304932,0.014702347107231617,0.31109365820884705
2377,27.94438934326172,33.39230728149414,0.49714669585227966,0.2358894646167755,0.010964831337332726,0.30979228019714355
2378,27.88510513305664,34.981719970703125,0.49831241369247437,0.23584966361522675,0.014011831022799015,0.30890291929244995
2379,27.665287017822266,27.070009231567383,0.4987961947917938,0.23582126200199127,0.014284113422036171,0.3100879490375519
2380,28.39809226989746,43.850250244140625,0.5008971691131592,0.23584243655204773,0.014456083998084068,0.31148210167884827
2381,28.45134162902832,46.46345138549805,0.4993104636669159,0.23582617938518524,0.013177854008972645,0.31170687079429626
2382,27.95728874206543,34.86346435546875,0.49818283319473267,0.23578332364559174,0.015363373793661594,0.3120698630809784
2383,28.028202056884766,36.044700622558594,0.49977144598960876,0.23577794432640076,0.016199257224798203,0.30967485904693604
2384,28.126863479614258,38.29608917236328,0.4992533326148987,0.23576033115386963,0.013676310889422894,0.3071632981300354
2385,27.712913513183594,28.343114852905273,0.49952763319015503,0.23574919998645782,0.012824133038520813,0.3085371255874634
2386,27.83162498474121,33.08855438232422,0.49923622608184814,0.23573119938373566,0.012921581976115704,0.30935466289520264
2387,28.292795181274414,43.84085464477539,0.49933144450187683,0.23571543395519257,0.013727775774896145,0.30909648537635803
2388,28.044822692871094,39.68041229248047,0.4989904463291168,0.235691636800766,0.014333544299006462,0.3084534704685211
2389,28.147924423217773,41.23126220703125,0.4983809292316437,0.23565347492694855,0.014886022545397282,0.3103145658969879
2390,28.547443389892578,49.156185150146484,0.49807998538017273,0.23560823500156403,0.014783535152673721,0.3113604485988617
2391,28.11595916748047,40.51089859008789,0.49915811419487,0.23558840155601501,0.011702318675816059,0.30895620584487915
2392,28.08798599243164,36.14432144165039,0.4989314377307892,0.2355632185935974,0.008188608102500439,0.31060275435447693
2393,28.03374481201172,33.82307434082031,0.4994076192378998,0.23554925620555878,0.003114937338978052,0.31047487258911133
2394,27.9498291015625,38.16857147216797,0.4994533360004425,0.2355363816022873,0.0026437463238835335,0.30994004011154175
2395,28.643569946289062,48.75094223022461,0.4997295141220093,0.23553000390529633,-0.0033705139067023993,0.3087612986564636
2396,28.146133422851562,41.673500061035156,0.49867427349090576,0.23549878597259521,-0.0025312616489827633,0.31096208095550537
2397,27.87728500366211,34.35651779174805,0.4984247386455536,0.23546168208122253,-0.006202689837664366,0.30839961767196655
2398,28.1856689453125,42.26245880126953,0.4987104535102844,0.23543131351470947,-0.009625822305679321,0.30947867035865784
2399,28.19279670715332,41.277503967285156,0.4979199767112732,0.2353823333978653,-0.010801058262586594,0.31144773960113525
2400,28.092636108398438,39.482269287109375,0.49922093749046326,0.23536399006843567,-0.015035598538815975,0.31107544898986816
2401,27.869972229003906,35.59696960449219,0.4999047517776489,0.2353617399930954,-0.014380160719156265,0.31153231859207153
2402,28.50212860107422,46.246952056884766,0.5000895261764526,0.23536384105682373,-0.01606152020394802,0.3101654350757599
2403,28.034259796142578,40.53618240356445,0.49908381700515747,0.23534227907657623,-0.015154456719756126,0.3123568594455719
2404,27.898591995239258,35.71070861816406,0.5005714297294617,0.23535571992397308,-0.012339362874627113,0.30847322940826416
2405,27.719379425048828,29.516374588012695,0.4997885823249817,0.23535074293613434,-0.012118636630475521,0.31091704964637756
2406,27.990629196166992,39.75254440307617,0.498483806848526,0.23531505465507507,-0.015912247821688652,0.309724360704422
2407,28.084033966064453,38.45375061035156,0.501287579536438,0.23534534871578217,-0.019099047407507896,0.30992087721824646
2408,28.259971618652344,42.62245178222656,0.4991695284843445,0.23532581329345703,-0.01828734017908573,0.30691638588905334
2409,28.162012100219727,43.205589294433594,0.5010762214660645,0.23535114526748657,-0.023949148133397102,0.30708909034729004
2410,27.740509033203125,29.40943717956543,0.5001943111419678,0.23535571992397308,-0.02353069931268692,0.30776187777519226
2411,28.230674743652344,40.23594284057617,0.4998190402984619,0.23535145819187164,-0.020774025470018387,0.30719542503356934
2412,28.01341438293457,36.90032958984375,0.5006533265113831,0.2353668361902237,-0.019507989287376404,0.3085992634296417
2413,28.30164337158203,42.142120361328125,0.5004628896713257,0.2353777289390564,-0.020028723403811455,0.308942049741745
2414,28.238224029541016,39.59313201904297,0.5027638077735901,0.23544277250766754,-0.02345765382051468,0.31015512347221375
2415,28.121368408203125,36.9223747253418,0.5004742741584778,0.23545394837856293,-0.023103386163711548,0.31045401096343994
2416,28.4862117767334,47.482181549072266,0.5013142824172974,0.23548488318920135,-0.025797931477427483,0.31168025732040405
2417,28.14385223388672,41.741790771484375,0.5009961724281311,0.23550835251808167,-0.024460287764668465,0.31035882234573364
2418,28.438579559326172,43.399654388427734,0.5014723539352417,0.23554302752017975,-0.024363473057746887,0.3109298646450043
2419,28.09602165222168,40.65743637084961,0.5015085935592651,0.23557858169078827,-0.025491703301668167,0.31092795729637146
2420,27.970918655395508,36.923912048339844,0.501318097114563,0.23560963571071625,-0.02520890347659588,0.30989280343055725
2421,28.23688507080078,43.502220153808594,0.5024495124816895,0.23566734790802002,-0.022430628538131714,0.31103774905204773
2422,27.98777198791504,32.276458740234375,0.5030285716056824,0.23573873937129974,-0.01921694725751877,0.31022992730140686
2423,28.395139694213867,45.551910400390625,0.501512348651886,0.23577439785003662,-0.01557482872158289,0.3113807141780853
2424,28.150789260864258,40.123435974121094,0.5025981068611145,0.23583564162254333,-0.012510214932262897,0.31164392828941345
2425,28.083423614501953,39.267398834228516,0.5014704465866089,0.2358703315258026,-0.012495998293161392,0.31216269731521606
2426,27.62774085998535,27.875024795532227,0.5010837912559509,0.23589588701725006,-0.01162592601031065,0.3101521134376526
2427,28.19844627380371,36.97349548339844,0.5005466938018799,0.23590879142284393,-0.008642420172691345,0.3117828071117401
2428,28.52471351623535,42.210052490234375,0.5008114576339722,0.23592793941497803,-0.007293055299669504,0.3119587004184723
2429,28.221317291259766,43.08547592163086,0.5026761889457703,0.23599107563495636,-0.004722138401120901,0.31152451038360596
2430,28.275299072265625,42.578861236572266,0.5021981000900269,0.23604294657707214,-0.0060072666965425014,0.31244373321533203
2431,28.303770065307617,41.001686096191406,0.5007542967796326,0.2360607534646988,-0.007911048829555511,0.3088555335998535
2432,28.183156967163086,39.40481948852539,0.5023142695426941,0.23611538112163544,-0.007865346036851406,0.31213754415512085
2433,28.44142723083496,45.646690368652344,0.5016171932220459,0.23615357279777527,-0.009909069165587425,0.311109721660614
2434,28.07740592956543,38.86698532104492,0.5023486018180847,0.23620903491973877,-0.0128711499273777,0.31256234645843506
2435,27.994150161743164,35.2366828918457,0.5009962320327759,0.23623257875442505,-0.01570030301809311,0.3130250871181488
2436,27.94391632080078,35.20014572143555,0.5013524293899536,0.23626451194286346,-0.017504053190350533,0.3111434578895569
2437,28.236366271972656,41.1544189453125,0.5001600384712219,0.2362682819366455,-0.018837645649909973,0.30853626132011414
2438,28.309284210205078,39.73550033569336,0.5009752511978149,0.2362913191318512,-0.021096643060445786,0.31015703082084656
2439,27.968379974365234,37.476478576660156,0.5000704526901245,0.2362929880619049,-0.019611386582255363,0.31212204694747925
2440,28.05058479309082,37.96141815185547,0.501340925693512,0.23632468283176422,-0.02144697867333889,0.3128327429294586
2441,27.803224563598633,32.194393157958984,0.5008266568183899,0.23634420335292816,-0.017373524606227875,0.31434059143066406
2442,28.504322052001953,43.540061950683594,0.500278115272522,0.23635077476501465,-0.02082102932035923,0.31364238262176514
2443,27.921043395996094,34.66026306152344,0.5001771450042725,0.2363549768924713,-0.020660236477851868,0.3120836317539215
2444,28.078079223632812,41.66632843017578,0.5010666847229004,0.2363801896572113,-0.02029533125460148,0.3140893876552582
2445,28.725202560424805,50.330345153808594,0.4995752274990082,0.23637014627456665,-0.023316917940974236,0.3131648898124695
2446,28.25559425354004,43.031620025634766,0.5006037950515747,0.23638440668582916,-0.019768008962273598,0.31375524401664734
2447,28.128324508666992,41.33378982543945,0.5008590221405029,0.23640471696853638,-0.019700326025485992,0.3133240342140198
2448,27.99628448486328,36.57758331298828,0.5001943111419678,0.23640930652618408,-0.02014812082052231,0.31164124608039856
2449,28.34678840637207,41.172664642333984,0.5008114576339722,0.23642849922180176,-0.019968170672655106,0.3120560050010681
2450,28.215639114379883,38.80293655395508,0.49964189529418945,0.23642003536224365,-0.02090768702328205,0.31232672929763794
2451,28.088008880615234,38.98594284057617,0.5003485679626465,0.23642826080322266,-0.019092107191681862,0.31329283118247986
2452,28.125873565673828,39.26509094238281,0.5006190538406372,0.23644289374351501,-0.017997074872255325,0.3125964105129242
2453,27.742027282714844,26.922460556030273,0.4985085725784302,0.23640763759613037,-0.014123347587883472,0.3132736384868622
2454,27.765085220336914,33.342227935791016,0.49955427646636963,0.23639710247516632,-0.014711891300976276,0.3121917247772217
2455,27.90616226196289,32.998291015625,0.49973148107528687,0.23639075458049774,-0.013583514839410782,0.31193745136260986
2456,28.025489807128906,41.33804702758789,0.4994933605194092,0.2363787740468979,-0.011254950426518917,0.3104277551174164
2457,28.726099014282227,52.92403793334961,0.49915811419487,0.2363588809967041,-0.009375770576298237,0.31157538294792175
2458,28.238496780395508,43.66421127319336,0.49855807423591614,0.23632480204105377,-0.008547206409275532,0.31083303689956665
2459,27.471240997314453,21.331552505493164,0.49922284483909607,0.23630642890930176,-0.004296488128602505,0.31353724002838135
2460,28.168624877929688,38.21939468383789,0.4988057315349579,0.2362782061100006,-0.004994384478777647,0.3104531168937683
2461,28.141260147094727,40.15835189819336,0.4982857406139374,0.23623770475387573,0.0009646641556173563,0.31432339549064636
2462,28.31931495666504,42.51955032348633,0.4988400340080261,0.23621030151844025,0.0026760073378682137,0.3111239969730377
2463,28.089786529541016,39.263458251953125,0.497304767370224,0.23614662885665894,0.0042968252673745155,0.31081676483154297
2464,27.883031845092773,32.67274856567383,0.49910858273506165,0.23612557351589203,0.005794069264084101,0.3080904483795166
2465,28.391639709472656,46.36124038696289,0.4999981224536896,0.23612552881240845,0.007234262302517891,0.30981793999671936
2466,27.774991989135742,36.044227600097656,0.49902284145355225,0.23610246181488037,0.010122869163751602,0.3101256489753723
2467,27.947439193725586,35.04913330078125,0.4997657239437103,0.23609693348407745,0.015286991372704506,0.3132615089416504
2468,28.02667999267578,39.83688735961914,0.49911049008369446,0.23607593774795532,0.017042266204953194,0.3109007179737091
2469,27.678064346313477,30.028301239013672,0.4998304545879364,0.23607194423675537,0.016844920814037323,0.31276288628578186
2470,27.785173416137695,33.5822639465332,0.500053346157074,0.23607321083545685,0.018218692392110825,0.3133261203765869
2471,27.96898651123047,34.035037994384766,0.5002495050430298,0.23607909679412842,0.02222033590078354,0.31018510460853577
2472,28.082544326782227,37.97990417480469,0.5013751983642578,0.2361115664243698,0.02437702566385269,0.31355127692222595
2473,27.923004150390625,38.303897857666016,0.5004285573959351,0.23612169921398163,0.024188483133912086,0.314303994178772
2474,27.88888931274414,37.21982192993164,0.5011600255966187,0.23614908754825592,0.02332601509988308,0.3143472969532013
2475,28.41164207458496,44.970436096191406,0.5007676482200623,0.23616722226142883,0.023340990766882896,0.31427353620529175
2476,28.46807861328125,48.75761413574219,0.4992418885231018,0.23614931106567383,0.025187645107507706,0.3119537830352783
2477,28.527408599853516,50.69972229003906,0.4999485909938812,0.23614810407161713,0.026269569993019104,0.31465959548950195
2478,27.576753616333008,26.708139419555664,0.5005999803543091,0.23616226017475128,0.02730419859290123,0.31502053141593933
2479,28.401277542114258,45.49162673950195,0.49982476234436035,0.2361581176519394,0.028525151312351227,0.3135392367839813
2480,27.88456153869629,33.63178634643555,0.4996609687805176,0.2361501157283783,0.026464547961950302,0.3141022324562073
2481,28.20890998840332,46.23426818847656,0.5009638071060181,0.2361728549003601,0.027187803760170937,0.31337037682533264
2482,28.203304290771484,42.352962493896484,0.5018724203109741,0.23621708154678345,0.02446802705526352,0.3112042546272278
2483,28.145864486694336,41.74531555175781,0.5001276135444641,0.2362200915813446,0.0249593835324049,0.31006890535354614
2484,28.33273696899414,43.54899215698242,0.5003942847251892,0.23622941970825195,0.02482173778116703,0.31126993894577026
2485,28.57091522216797,54.26462173461914,0.5001161694526672,0.23623214662075043,0.022982941940426826,0.31020012497901917
2486,27.848400115966797,34.82624816894531,0.49894285202026367,0.23620717227458954,0.0212173480540514,0.3129243552684784
2487,28.53250503540039,49.96730422973633,0.4992971420288086,0.2361905723810196,0.018310559913516045,0.31199532747268677
2488,28.101703643798828,40.00035095214844,0.4984266757965088,0.23615340888500214,0.014905890449881554,0.31300026178359985
2489,28.067716598510742,40.7037353515625,0.4989161491394043,0.2361278235912323,0.014645634219050407,0.3093329668045044
2490,27.90431022644043,35.72793197631836,0.4987276494503021,0.2360977679491043,0.014064309187233448,0.31200677156448364
2491,27.75129508972168,33.672210693359375,0.4988742768764496,0.23607118427753448,0.015310934744775295,0.31229931116104126
2492,28.120399475097656,39.017311096191406,0.49909716844558716,0.2360498607158661,0.016574541106820107,0.31357094645500183
2493,28.147119522094727,40.35723114013672,0.4989047646522522,0.23602400720119476,0.014960928820073605,0.31230926513671875
2494,28.127336502075195,38.66014862060547,0.49904191493988037,0.2360014021396637,0.013737539760768414,0.3128390908241272
2495,27.96549415588379,36.03744125366211,0.49847427010536194,0.23596538603305817,0.011749169789254665,0.3121238946914673
2496,28.072858810424805,42.12800598144531,0.499072402715683,0.2359434962272644,0.01173310074955225,0.3116028606891632
2497,27.908803939819336,39.544559478759766,0.4989352524280548,0.23591837286949158,0.011744637973606586,0.31388595700263977
2498,28.714923858642578,47.7261962890625,0.4990476369857788,0.23589590191841125,0.00804148893803358,0.3114405870437622
2499,28.104663848876953,40.533084869384766,0.4979619085788727,0.2358478307723999,0.007453868165612221,0.311478853225708
2500,28.115156173706055,39.69042205810547,0.4966590404510498,0.23576903343200684,0.007863717153668404,0.3101065754890442
2501,28.05838966369629,40.7291374206543,0.4983676075935364,0.23573054373264313,0.006394841242581606,0.310061514377594
2502,28.015443801879883,39.35523223876953,0.49707427620887756,0.2356615662574768,0.006703303195536137,0.3101555109024048
2503,28.27521514892578,40.6751594543457,0.4986114799976349,0.23562884330749512,0.005269296932965517,0.30933162569999695
2504,28.206480026245117,40.61821365356445,0.4984799921512604,0.2355930358171463,0.003857830073684454,0.31272029876708984
2505,28.06228256225586,38.11935043334961,0.49786287546157837,0.2355426847934723,0.0025451176334172487,0.3111495077610016
2506,27.78176498413086,30.311643600463867,0.49910667538642883,0.23552164435386658,-0.0011008536675944924,0.3121296465396881
2507,28.007659912109375,37.01911544799805,0.49972763657569885,0.23551522195339203,-0.003183121560141444,0.311909556388855
2508,27.987924575805664,35.51171875,0.4978209137916565,0.23546390235424042,-0.006982157006859779,0.3132273256778717
2509,28.618349075317383,51.00334548950195,0.5007333755493164,0.2354811578989029,-0.008655264973640442,0.31433236598968506
2510,28.022939682006836,34.68450927734375,0.4998609721660614,0.23547789454460144,-0.00932979118078947,0.31161680817604065
2511,28.303203582763672,43.75145721435547,0.4999047517776489,0.23547564446926117,-0.0064589534886181355,0.3129039704799652
2512,28.154239654541016,39.053504943847656,0.5011638402938843,0.23550304770469666,-0.007700399495661259,0.3153579831123352
2513,28.67483901977539,50.539188385009766,0.5009904503822327,0.23552638292312622,-0.004696947988122702,0.31412145495414734
2514,27.943828582763672,36.93727111816406,0.5004895329475403,0.23553791642189026,-0.003943652380257845,0.31549903750419617
2515,27.94410514831543,37.105403900146484,0.5003294944763184,0.23554566502571106,-0.00415839022025466,0.31419429183006287
2516,27.883708953857422,35.50164794921875,0.5002343058586121,0.23555119335651398,-0.00345442071557045,0.3141267001628876
2517,28.018634796142578,38.7271728515625,0.4987390637397766,0.23552148044109344,-0.0002632732212077826,0.3137146234512329
2518,28.05295181274414,36.27888488769531,0.5001676082611084,0.235525444149971,-0.005651875864714384,0.31389710307121277
2519,27.998764038085938,36.739418029785156,0.5006133317947388,0.23553986847400665,-0.003756783902645111,0.3119756877422333
2520,28.17301368713379,39.19369125366211,0.498794287443161,0.23551146686077118,-0.007875407114624977,0.31031888723373413
2521,27.720998764038086,29.316654205322266,0.4994228780269623,0.2354978770017624,-0.005148235242813826,0.3119924068450928
2522,27.47332000732422,25.104570388793945,0.49915811419487,0.23547805845737457,-0.006594368722289801,0.31317806243896484
2523,28.195751190185547,40.11611557006836,0.49808189272880554,0.23543289303779602,-0.006466282997280359,0.311380535364151
2524,27.8588809967041,38.29744338989258,0.4979199767112732,0.23538391292095184,-0.003479862818494439,0.311818391084671
2525,27.967369079589844,35.039302825927734,0.49762091040611267,0.23532791435718536,-0.005238630343228579,0.3125840723514557
2526,28.162639617919922,42.21034622192383,0.49905142188072205,0.23530559241771698,-0.005205483175814152,0.31110161542892456
2527,28.123586654663086,40.94401550292969,0.49722474813461304,0.23524029552936554,-0.005821480415761471,0.3136364221572876
2528,28.303176879882812,43.298805236816406,0.4981047511100769,0.23519571125507355,-0.0038092797622084618,0.3127712607383728
2529,27.802772521972656,33.76237106323242,0.4980609118938446,0.23515011370182037,-0.005029822234064341,0.3112720847129822
2530,27.6341495513916,32.201866149902344,0.49836763739585876,0.23511172831058502,-0.005484421271830797,0.3129997253417969
2531,27.978519439697266,37.76934051513672,0.4988819360733032,0.23508544266223907,-0.0032019808422774076,0.3121773302555084
2532,27.791879653930664,30.554500579833984,0.4997752606868744,0.23508015275001526,-0.003530829446390271,0.3132556080818176
2533,28.270709991455078,44.156246185302734,0.49879810214042664,0.23505190014839172,-0.004144104663282633,0.31231069564819336
2534,27.601728439331055,31.32990074157715,0.49943241477012634,0.23503856360912323,-0.00664775725454092,0.3137461841106415
2535,27.87625503540039,34.41062545776367,0.500931441783905,0.235060453414917,-0.007046714890748262,0.31214582920074463
2536,28.135622024536133,38.313148498535156,0.4995924234390259,0.23505087196826935,-0.010296917520463467,0.31480297446250916
2537,28.286746978759766,47.320674896240234,0.4998457431793213,0.23504723608493805,-0.01297276932746172,0.31277385354042053
2538,27.88392448425293,39.26199722290039,0.501116156578064,0.23507346212863922,-0.015771469101309776,0.31456658244132996
2539,28.802825927734375,52.59667205810547,0.5004247426986694,0.2350834310054779,-0.01691959612071514,0.3139108419418335
2540,27.866989135742188,36.35609817504883,0.4999599754810333,0.2350824922323227,-0.01970755122601986,0.31379011273384094
2541,27.683198928833008,35.65967559814453,0.5007981061935425,0.23510126769542694,-0.02224157750606537,0.31410059332847595
2542,28.36162757873535,47.023948669433594,0.5014818906784058,0.23513610661029816,-0.0238601416349411,0.31426334381103516
2543,27.888681411743164,36.78962707519531,0.5010724067687988,0.23516133427619934,-0.027898844331502914,0.3128199577331543
2544,27.902549743652344,38.741214752197266,0.5006856918334961,0.23517745733261108,-0.028958944603800774,0.31231001019477844
2545,28.207204818725586,40.27468490600586,0.5019809007644653,0.23522405326366425,-0.03127546235918999,0.31388288736343384
2546,27.689193725585938,30.513032913208008,0.5010952353477478,0.2352498173713684,-0.03376591578125954,0.3147719204425812
2547,28.307546615600586,47.33668899536133,0.5007733702659607,0.2352680116891861,-0.03510185331106186,0.31564950942993164
2548,28.692611694335938,52.751976013183594,0.500822901725769,0.2352873682975769,-0.03731469064950943,0.3139324188232422
2549,28.157739639282227,43.40749740600586,0.5021390318870544,0.23533768951892853,-0.04019412025809288,0.313739538192749
2550,28.049814224243164,39.111663818359375,0.5008666515350342,0.2353580892086029,-0.045187097042798996,0.3122026324272156
2551,28.512609481811523,49.82372283935547,0.5010666847229004,0.23538319766521454,-0.04308285564184189,0.31381499767303467
2552,28.103979110717773,41.710601806640625,0.5015333294868469,0.23541928827762604,-0.04504707083106041,0.3142673671245575
2553,28.42258644104004,45.60090637207031,0.5009009838104248,0.23544050753116608,-0.04628106206655502,0.31407031416893005
2554,27.916194915771484,35.224220275878906,0.49989333748817444,0.23543798923492432,-0.04789033159613609,0.3114580512046814
2555,28.618101119995117,46.526634216308594,0.5007847547531128,0.2354564517736435,-0.04974096640944481,0.31149008870124817
2556,27.869524002075195,35.681121826171875,0.49922099709510803,0.23543810844421387,-0.047159139066934586,0.3115369975566864
2557,28.253005981445312,39.56356430053711,0.5024457573890686,0.2354957014322281,-0.04739741235971451,0.3131031394004822
2558,27.56778907775879,24.618000030517578,0.5005657076835632,0.23550903797149658,-0.04786905273795128,0.3107674717903137
2559,27.852508544921875,31.887298583984375,0.49927428364753723,0.23549194633960724,-0.0497545450925827,0.31272774934768677
2560,28.03183364868164,36.880455017089844,0.5010190606117249,0.23551595211029053,-0.048204969614744186,0.3114345967769623
2561,28.273101806640625,42.61859893798828,0.5004476308822632,0.23552650213241577,-0.04951222985982895,0.3127352297306061
2562,28.332881927490234,39.80128479003906,0.5010457038879395,0.235551118850708,-0.04706541448831558,0.31462597846984863
2563,28.111833572387695,41.30136489868164,0.5006095170974731,0.23556546866893768,-0.046880535781383514,0.3121410310268402
2564,27.993812561035156,36.389686584472656,0.500868558883667,0.23558594286441803,-0.04880020022392273,0.3133963644504547
2565,28.314769744873047,40.416419982910156,0.5003047585487366,0.23559312522411346,-0.04481705278158188,0.3151038587093353
2566,28.035539627075195,38.809715270996094,0.5010247826576233,0.2356172800064087,-0.046326667070388794,0.3160661458969116
2567,28.146862030029297,40.317138671875,0.5001999735832214,0.23562200367450714,-0.04228820279240608,0.31262755393981934
2568,27.930084228515625,36.089271545410156,0.5012571811676025,0.2356516420841217,-0.03835806995630264,0.31195613741874695
2569,28.027809143066406,33.894264221191406,0.5012094974517822,0.23568014800548553,-0.03691299632191658,0.31355857849121094
2570,28.02952003479004,36.15427017211914,0.49868568778038025,0.23564916849136353,-0.033545736223459244,0.313611775636673
2571,28.393739700317383,44.83317565917969,0.5003904700279236,0.23565837740898132,-0.031636450439691544,0.31081774830818176
2572,27.960206985473633,34.52388000488281,0.5006666779518127,0.23567408323287964,-0.02851693332195282,0.31084251403808594
2573,27.85112190246582,33.12179946899414,0.5007199645042419,0.23569105565547943,-0.02609197609126568,0.3089335560798645
2574,28.08993148803711,38.978248596191406,0.49851998686790466,0.23565617203712463,-0.02088174782693386,0.31000691652297974
2575,28.123628616333008,42.88852310180664,0.500386655330658,0.23566527664661407,-0.019264113157987595,0.31214484572410583
2576,28.300758361816406,42.99085235595703,0.4999733567237854,0.23566465079784393,-0.02049320749938488,0.31030380725860596
2577,28.123178482055664,41.01365280151367,0.502110481262207,0.2357143759727478,-0.015259913168847561,0.31255030632019043
2578,27.888723373413086,34.065032958984375,0.5008952021598816,0.2357354760169983,-0.013819888234138489,0.31236159801483154
2579,27.924402236938477,34.254783630371094,0.5009638071060181,0.23575818538665771,-0.014565720222890377,0.3117942214012146
2580,28.303943634033203,44.427085876464844,0.5013923645019531,0.23579101264476776,-0.0137754175812006,0.31185004115104675
2581,27.9870548248291,38.25197982788086,0.5016494989395142,0.2358299195766449,-0.014415157027542591,0.31366512179374695
2582,28.51116180419922,47.198463439941406,0.4999599754810333,0.23582898080348969,-0.011516110971570015,0.31280192732810974
2583,28.146148681640625,40.75611877441406,0.49903619289398193,0.23580625653266907,-0.01284046471118927,0.3115864396095276
2584,27.886533737182617,37.74763107299805,0.500055193901062,0.23580755293369293,-0.007715607527643442,0.31166332960128784
2585,27.58873748779297,24.00959587097168,0.5005161762237549,0.2358197271823883,-0.009242985397577286,0.311994731426239
2586,28.14254379272461,40.94850158691406,0.4993409514427185,0.23580418527126312,-0.011353019624948502,0.31282296776771545
2587,27.84673500061035,31.12082862854004,0.5006266832351685,0.23581896722316742,-0.007712467573583126,0.31274741888046265
2588,28.080944061279297,39.496131896972656,0.500331461429596,0.235826775431633,-0.00877983495593071,0.3103504478931427
2589,27.919313430786133,40.54471206665039,0.5013124346733093,0.23585772514343262,-0.006635203491896391,0.3115220367908478
2590,27.81968879699707,35.264190673828125,0.5004342794418335,0.2358679622411728,-0.007319975178688765,0.3124184310436249
2591,28.138710021972656,43.11759567260742,0.4997295141220093,0.23586158454418182,-0.004832418169826269,0.3115836977958679
2592,28.357463836669922,44.04722595214844,0.4999599754810333,0.2358606457710266,-0.003942887298762798,0.31325680017471313
2593,27.944286346435547,33.75266647338867,0.5008342862129211,0.23588033020496368,0.0008812473970465362,0.31060323119163513
2594,27.961938858032227,36.450469970703125,0.5018076300621033,0.23592296242713928,0.0007009553373791277,0.3126230835914612
2595,28.095699310302734,37.26811218261719,0.4991733431816101,0.23590345680713654,0.0011798888444900513,0.3136979341506958
2596,27.961894989013672,37.3486213684082,0.5008552074432373,0.2359236180782318,-0.0010705681052058935,0.3130527436733246
2597,28.07969093322754,38.684425354003906,0.4993238151073456,0.2359076738357544,0.0006375627126544714,0.3140999972820282
2598,27.795679092407227,34.15818786621094,0.5006095170974731,0.23592203855514526,0.0013016280718147755,0.3137168288230896
2599,27.83034896850586,37.04878234863281,0.5000076293945312,0.2359222024679184,0.0074089146219193935,0.31426236033439636
2600,27.81473159790039,35.50778579711914,0.499243825674057,0.23590435087680817,0.006971512455493212,0.31259971857070923
2601,28.29106903076172,44.963356018066406,0.49895811080932617,0.2358797788619995,0.008012319914996624,0.31187716126441956
2602,28.570444107055664,49.71335220336914,0.49913716316223145,0.23585942387580872,0.010007102973759174,0.312627911567688
2603,27.922056198120117,37.16094207763672,0.49909716844558716,0.2358381301164627,0.009410763159394264,0.3134344518184662
2604,27.87311363220215,36.835575103759766,0.4997371733188629,0.23583193123340607,0.008381156250834465,0.31487900018692017
2605,27.96402931213379,39.782379150390625,0.5003542900085449,0.23584027588367462,0.010471503250300884,0.31225812435150146
2606,28.40105438232422,48.764984130859375,0.5003523826599121,0.2358485907316208,0.011274690739810467,0.3121386170387268
2607,27.55640411376953,30.705055236816406,0.5005390644073486,0.23586130142211914,0.011408822610974312,0.3153873383998871
2608,27.809228897094727,37.284934997558594,0.499491423368454,0.2358493059873581,0.010417497716844082,0.315030038356781
2609,28.013036727905273,40.51968765258789,0.49954667687416077,0.2358386069536209,0.011325282976031303,0.31458187103271484
2610,28.341215133666992,45.16571807861328,0.4987524151802063,0.23580919206142426,0.01324961893260479,0.3134894371032715
2611,28.167654037475586,46.43682098388672,0.4985847473144531,0.23577582836151123,0.01448903325945139,0.3114805221557617
2612,27.58423614501953,32.40037536621094,0.4987961947917938,0.23574744164943695,0.014309803023934364,0.31208375096321106
2613,27.786334991455078,37.40953826904297,0.5004666447639465,0.23575842380523682,0.015488720498979092,0.31349554657936096
2614,27.730573654174805,33.00712203979492,0.49910858273506165,0.2357373982667923,0.017428183928132057,0.31433090567588806
2615,28.257099151611328,45.00731658935547,0.49930670857429504,0.23572105169296265,0.01997632347047329,0.31308695673942566
2616,28.376798629760742,46.13962936401367,0.49975812435150146,0.2357153445482254,0.018846657127141953,0.3127763271331787
2617,28.653594970703125,51.7581901550293,0.4975733160972595,0.23565815389156342,0.017711883410811424,0.3130060136318207
2618,27.644989013671875,34.61456298828125,0.4995904862880707,0.2356484979391098,0.01991923712193966,0.3145674765110016
2619,28.09865379333496,40.39655303955078,0.4991028904914856,0.23562735319137573,0.022017696872353554,0.3157123625278473
2620,27.90036964416504,35.655418395996094,0.49911999702453613,0.2356066256761551,0.022871816530823708,0.3165097236633301
2621,27.564311981201172,27.35249137878418,0.4991981089115143,0.2355877310037613,0.021184105426073074,0.3119962215423584
2622,27.90752410888672,36.53409957885742,0.4997504651546478,0.23558184504508972,0.018961144611239433,0.3101305365562439
2623,27.83428955078125,35.180301666259766,0.49992188811302185,0.23558001220226288,0.02097366563975811,0.31195512413978577
2624,28.01239585876465,36.23057556152344,0.49891236424446106,0.23555438220500946,0.02109268307685852,0.312071830034256
2625,28.212129592895508,41.4281120300293,0.5003161430358887,0.2355618178844452,0.01694229058921337,0.31198227405548096
2626,28.119401931762695,43.11361312866211,0.49934476613998413,0.23554638028144836,0.014671149663627148,0.31114158034324646
2627,27.688161849975586,30.71394920349121,0.49920380115509033,0.2355276197195053,0.013453432358801365,0.3131833076477051
2628,28.311864852905273,47.11857223510742,0.500525712966919,0.2355400025844574,0.013573331758379936,0.31219637393951416
2629,27.56830406188965,25.53127098083496,0.501327633857727,0.23557128012180328,0.014121952466666698,0.31246089935302734
2630,27.651865005493164,27.506912231445312,0.5013638138771057,0.23560340702533722,0.01650313474237919,0.31384918093681335
2631,28.48052978515625,49.491722106933594,0.5004990696907043,0.23561517894268036,0.018280794844031334,0.31383541226387024
2632,27.84585952758789,36.564998626708984,0.5010876655578613,0.23564079403877258,0.018134158104658127,0.3127923011779785
2633,28.017528533935547,38.262508392333984,0.5005504488945007,0.23565377295017242,0.01811204105615616,0.3125343918800354
2634,28.506013870239258,48.5782470703125,0.5005962252616882,0.23566782474517822,0.01922016218304634,0.31225937604904175
2635,27.804550170898438,34.625083923339844,0.49910473823547363,0.23564672470092773,0.017437392845749855,0.31380462646484375
2636,27.60887336730957,33.97901916503906,0.4991847574710846,0.23562751710414886,0.017521100118756294,0.31037694215774536
2637,27.409685134887695,23.60715103149414,0.500643789768219,0.2356426864862442,0.0212508924305439,0.315723180770874
2638,28.326074600219727,47.020103454589844,0.5004647374153137,0.23565363883972168,0.022437501698732376,0.3134550154209137
2639,27.700183868408203,34.5290641784668,0.5023105144500732,0.235708087682724,0.025903739035129547,0.3120330572128296
2640,27.892274856567383,33.619728088378906,0.5006133317947388,0.23572252690792084,0.02480703592300415,0.31124448776245117
2641,27.89469337463379,35.69967269897461,0.5023961663246155,0.23577900230884552,0.024380873888731003,0.31131860613822937
2642,28.141448974609375,41.480838775634766,0.5006247758865356,0.23579372465610504,0.024930238723754883,0.311254620552063
2643,27.8623046875,32.537452697753906,0.5018971562385559,0.23583844304084778,0.021154891699552536,0.31144413352012634
2644,28.223493576049805,42.15718460083008,0.5010285973548889,0.23586270213127136,0.021266551688313484,0.31435319781303406
2645,27.68887710571289,32.10127258300781,0.5017657279968262,0.23590435087680817,0.022109264507889748,0.3130756914615631
2646,28.2114200592041,44.55036163330078,0.502731442451477,0.23596878349781036,0.019640550017356873,0.31154465675354004
2647,27.636798858642578,35.16390609741211,0.5013104677200317,0.2359997034072876,0.01609424687922001,0.30881306529045105
2648,28.130714416503906,37.9148063659668,0.5000495314598083,0.2360008805990219,0.017698509618639946,0.31179675459861755
2649,28.02136993408203,40.63926696777344,0.5012571811676025,0.23603056371212006,0.015886373817920685,0.3130643963813782
2650,27.913551330566406,35.07599639892578,0.5011657476425171,0.2360580861568451,0.015621122904121876,0.3145906627178192
2651,27.957109451293945,37.56036376953125,0.5011999607086182,0.2360864281654358,0.017420703545212746,0.31316277384757996
2652,27.8080997467041,35.8503303527832,0.5021390318870544,0.23613691329956055,0.01626609079539776,0.3138708770275116
2653,27.753156661987305,32.95707321166992,0.49992382526397705,0.2361351102590561,0.014203391037881374,0.3113920986652374
2654,28.089584350585938,41.52153778076172,0.5014495253562927,0.23616933822631836,0.011237875558435917,0.3137049078941345
2655,28.10004425048828,40.10625457763672,0.5006000399589539,0.23618349432945251,0.011904099956154823,0.3095594048500061
2656,28.11850357055664,41.0125732421875,0.500257134437561,0.2361895740032196,0.012760411016643047,0.312863826751709
2657,27.941402435302734,38.673866271972656,0.4991599917411804,0.2361697405576706,0.010920953936874866,0.3115273118019104
2658,28.340774536132812,44.36099624633789,0.49926096200942993,0.2361522912979126,0.009119060821831226,0.31217360496520996
2659,28.068334579467773,41.35054397583008,0.5002990365028381,0.23615935444831848,0.006436984054744244,0.31105709075927734
2660,27.64142608642578,28.160388946533203,0.4988057315349579,0.23613114655017853,0.004818829242140055,0.31127139925956726
2661,28.122610092163086,37.440773010253906,0.499495267868042,0.23611922562122345,0.004289134871214628,0.31214508414268494
2662,27.36875343322754,22.97368621826172,0.49968764185905457,0.2361118495464325,0.0036478228867053986,0.31056952476501465
2663,28.126279830932617,43.6103401184082,0.49895045161247253,0.23608706891536713,0.0037436627317219973,0.30935943126678467
2664,27.863664627075195,36.265838623046875,0.5000895261764526,0.23608918488025665,0.0022436005529016256,0.3117600083351135
2665,27.963451385498047,38.53400802612305,0.5005314350128174,0.23610173165798187,0.003955163061618805,0.3158714771270752
2666,27.90786361694336,35.68141555786133,0.4988057315349579,0.23607352375984192,0.0031463690102100372,0.31293508410453796
2667,28.377607345581055,46.88961410522461,0.4979809522628784,0.236025869846344,0.004107691813260317,0.3132346570491791
2668,27.829662322998047,36.399051666259766,0.4994399845600128,0.23601265251636505,0.003245461266487837,0.31321245431900024
2669,28.127714157104492,43.0141487121582,0.5004742741584778,0.23602384328842163,0.001109960488975048,0.3116847574710846
2670,27.491661071777344,29.73359489440918,0.4993695318698883,0.23600895702838898,0.0028001274913549423,0.3125467598438263
2671,27.823001861572266,34.74085998535156,0.49982476234436035,0.2360048145055771,0.0025353056844323874,0.31050926446914673
2672,28.29161834716797,44.727237701416016,0.4992285668849945,0.2359866052865982,0.0010628877207636833,0.3104309141635895
2673,27.947481155395508,37.28080749511719,0.5001981258392334,0.23599126935005188,0.0003533550479914993,0.3108036518096924
2674,28.052614212036133,38.20183181762695,0.4998742938041687,0.2359883040189743,0.003421117551624775,0.31079912185668945
2675,28.55809211730957,50.025238037109375,0.5011543035507202,0.23601552844047546,0.00229071406647563,0.31135067343711853
2676,27.7755184173584,34.55389404296875,0.5001161694526672,0.23601825535297394,0.0061165280640125275,0.312434583902359
2677,27.8386287689209,37.11865234375,0.5005123615264893,0.23603035509586334,0.006070162635296583,0.31162506341934204
2678,28.137483596801758,44.51641082763672,0.499411404132843,0.23601645231246948,0.006457359995692968,0.3120773732662201
2679,28.042461395263672,43.46733856201172,0.5010057091712952,0.23604020476341248,0.005271491594612598,0.31002652645111084
2680,27.60504913330078,27.283357620239258,0.5015314221382141,0.23607635498046875,0.0028062211349606514,0.31303921341896057
2681,28.4786434173584,48.3063850402832,0.4997904896736145,0.2360714077949524,0.00527962576597929,0.31393709778785706
2682,27.90343475341797,36.19557571411133,0.5009923577308655,0.23609481751918793,0.00797849241644144,0.31192076206207275
2683,28.027339935302734,40.877628326416016,0.5015790462493896,0.23613211512565613,0.005797631572932005,0.3131847381591797
2684,27.742244720458984,34.4539909362793,0.500698983669281,0.23614861071109772,0.0035975328646600246,0.31080392003059387
2685,28.30351448059082,45.4380989074707,0.4996323585510254,0.2361399233341217,0.0042287134565413,0.313157320022583
2686,27.804994583129883,34.68757629394531,0.500899076461792,0.23616114258766174,0.0026222404558211565,0.3127698004245758
2687,27.725034713745117,31.474653244018555,0.49915811419487,0.23614126443862915,0.002557380124926567,0.3128121793270111
2688,28.026607513427734,38.83674240112305,0.5012971758842468,0.2361718863248825,-0.0023611322976648808,0.3118843734264374
2689,28.054824829101562,39.96119689941406,0.5011314153671265,0.23619860410690308,-0.005719384644180536,0.31349170207977295
2690,28.006898880004883,41.91789245605469,0.5016438364982605,0.23623743653297424,-0.006313735153526068,0.31320855021476746
2691,27.599016189575195,31.361255645751953,0.5010761618614197,0.23626287281513214,-0.0058968523517251015,0.3147299587726593
2692,27.650604248046875,32.200408935546875,0.501318097114563,0.23629401624202728,-0.008671385236084461,0.3159216642379761
2693,28.274354934692383,46.07436752319336,0.5012990236282349,0.2363247126340866,-0.009231112897396088,0.31091856956481934
2694,27.892269134521484,36.055381774902344,0.5008933544158936,0.2363458126783371,-0.011293253861367702,0.3117852210998535
2695,27.802581787109375,36.33627700805664,0.5015981197357178,0.2363836020231247,-0.019075341522693634,0.31411632895469666
2696,28.347383499145508,46.44319152832031,0.5010762214660645,0.2364090532064438,-0.0185867790132761,0.3130590319633484
2697,28.18691635131836,42.199886322021484,0.5014304518699646,0.23644287884235382,-0.019504494965076447,0.31227922439575195
2698,28.142648696899414,42.947505950927734,0.5013390779495239,0.23647452890872955,-0.018399575725197792,0.3146152198314667
2699,27.951213836669922,37.48881530761719,0.49986666440963745,0.23647136986255646,-0.019351091235876083,0.31380143761634827
2700,27.788511276245117,32.448822021484375,0.5021352171897888,0.2365218549966812,-0.020182384178042412,0.31117352843284607
2701,28.042217254638672,36.17929458618164,0.5017924308776855,0.2365642637014389,-0.02438577078282833,0.31362441182136536
2702,28.192893981933594,40.56664276123047,0.5015447735786438,0.2366008162498474,-0.026431888341903687,0.3133111298084259
2703,27.711536407470703,34.715065002441406,0.5008419156074524,0.2366207242012024,-0.026781132444739342,0.3134974539279938
2704,28.429853439331055,49.05308151245117,0.501211404800415,0.23664937913417816,-0.028337601572275162,0.31522995233535767
2705,28.332426071166992,43.04575729370117,0.5004380941390991,0.23665976524353027,-0.027255073189735413,0.31257858872413635
2706,27.867673873901367,37.12752914428711,0.5003333687782288,0.236667662858963,-0.028239930048584938,0.31196826696395874
2707,28.057390213012695,36.992610931396484,0.501211404800415,0.23669633269309998,-0.02353174239397049,0.3146030902862549
2708,27.963062286376953,39.03081130981445,0.4978381097316742,0.2366451621055603,-0.023168480023741722,0.3136872947216034
2709,27.972017288208008,41.90209197998047,0.4994209110736847,0.23663145303726196,-0.020014554262161255,0.3119526207447052
2710,28.320859909057617,46.500526428222656,0.4997923970222473,0.2366265505552292,-0.014765540137887001,0.31349462270736694
2711,27.844839096069336,37.24214172363281,0.4985524117946625,0.23659229278564453,-0.011785023845732212,0.3114018142223358
2712,28.22454833984375,40.99870681762695,0.4987905025482178,0.23656368255615234,-0.008817601948976517,0.311933308839798
2713,28.029987335205078,39.69260025024414,0.4980495274066925,0.2365175485610962,-0.007741987239569426,0.3130420446395874
2714,27.77887725830078,32.54868698120117,0.4963619112968445,0.23643149435520172,-0.002390849171206355,0.3123612403869629
2715,27.885591506958008,38.84664535522461,0.4969218969345093,0.23635871708393097,0.0034558025654405355,0.31252172589302063
2716,27.79138946533203,35.86859130859375,0.49658286571502686,0.23627795279026031,0.004209317732602358,0.3126632869243622
2717,27.828237533569336,35.2542839050293,0.49735620617866516,0.2362154722213745,0.007538828998804092,0.30975669622421265
2718,27.91751480102539,29.4858455657959,0.497476190328598,0.23615585267543793,0.006503067445009947,0.31219998002052307
2719,28.02570343017578,40.76336669921875,0.498569518327713,0.23612207174301147,0.009329290129244328,0.31490013003349304
2720,27.968870162963867,38.66225814819336,0.4982476532459259,0.23608069121837616,0.00944675412029028,0.3145523965358734
2721,28.13089942932129,40.5954475402832,0.4980647563934326,0.23603500425815582,0.005506524350494146,0.31250104308128357
2722,27.851348876953125,36.10378646850586,0.49879810214042664,0.23600664734840393,0.009012272581458092,0.31380367279052734
2723,28.241809844970703,43.02047348022461,0.49784380197525024,0.23595575988292694,0.008478350937366486,0.313646525144577
2724,28.048315048217773,39.479610443115234,0.49829521775245667,0.23591554164886475,0.009345497004687786,0.31372594833374023
2725,27.811399459838867,37.51151657104492,0.4986285865306854,0.2358831912279129,0.010907771065831184,0.30991747975349426
2726,27.87900161743164,36.766841888427734,0.4984171390533447,0.23584584891796112,0.01187793631106615,0.3124934732913971
2727,27.9581241607666,38.26849365234375,0.49943044781684875,0.23583240807056427,0.00977396871894598,0.3127206861972809
2728,27.812219619750977,35.7313346862793,0.4980514347553253,0.23578645288944244,0.007220363710075617,0.3121757507324219
2729,28.18644142150879,41.941646575927734,0.49889713525772095,0.23576045036315918,0.0070746964775025845,0.3138711154460907
2730,27.60303497314453,29.046907424926758,0.5005142688751221,0.23577256500720978,0.007838882505893707,0.3136415481567383
2731,28.149686813354492,40.68333435058594,0.4991885721683502,0.23575343191623688,0.007116727065294981,0.31310319900512695
2732,28.155550003051758,39.474464416503906,0.4986056983470917,0.23572055995464325,0.0038722825702279806,0.3097754418849945
2733,28.015954971313477,38.71610641479492,0.49767810106277466,0.23566582798957825,0.0035403063520789146,0.3114643096923828
2734,28.258926391601562,44.44271469116211,0.49932193756103516,0.23564983904361725,0.00442096684128046,0.3104875385761261
2735,27.756669998168945,32.60795974731445,0.5004609823226929,0.23566071689128876,0.002649639267474413,0.31159231066703796
2736,28.18585968017578,43.21558380126953,0.5007752180099487,0.23567897081375122,0.0008403111132793128,0.3120363652706146
2737,27.930566787719727,36.860015869140625,0.49981144070625305,0.23567453026771545,-0.0024932269006967545,0.3100024163722992
2738,28.013103485107422,41.8999137878418,0.5001980662345886,0.23567919433116913,-0.0035206994507461786,0.3109112083911896
2739,28.634174346923828,51.06835174560547,0.5010514259338379,0.2357039749622345,-0.007201469503343105,0.3129411041736603
2740,27.80084991455078,36.89765930175781,0.4993981122970581,0.23568978905677795,-0.011825278401374817,0.3115125298500061
2741,28.259063720703125,45.94899368286133,0.49968382716178894,0.23568233847618103,-0.012268684804439545,0.3136594593524933
2742,28.099470138549805,42.29133605957031,0.5006838440895081,0.23569846153259277,-0.01275820005685091,0.3137635290622711
2743,27.625551223754883,32.26521301269531,0.5011352300643921,0.23572520911693573,-0.015531674027442932,0.31053411960601807
2744,28.249908447265625,42.224822998046875,0.5002400279045105,0.2357308566570282,-0.016782836988568306,0.31194615364074707
2745,27.696619033813477,31.18446922302246,0.4996495246887207,0.2357226014137268,-0.018243277445435524,0.3121814429759979
2746,28.0885009765625,43.264610290527344,0.4996095299720764,0.235713392496109,-0.01716664433479309,0.3117845058441162
2747,27.68557357788086,32.59173583984375,0.5011942982673645,0.2357415407896042,-0.01989555172622204,0.3111129105091095
2748,28.546730041503906,49.08189010620117,0.5009105205535889,0.23576301336288452,-0.023112528026103973,0.31301960349082947
2749,27.88374137878418,38.07575607299805,0.5015085935592651,0.23579859733581543,-0.021112291142344475,0.3117671012878418
2750,27.754653930664062,30.725439071655273,0.5005618929862976,0.23581182956695557,-0.020803896710276604,0.3119342029094696
2751,28.470352172851562,49.28403091430664,0.5012933611869812,0.23584233224391937,-0.020403599366545677,0.3131198287010193
2752,27.72418975830078,32.283958435058594,0.4999885857105255,0.23584206402301788,-0.01646697148680687,0.3120277225971222
2753,28.206193923950195,40.14860534667969,0.5010666847229004,0.2358672320842743,-0.015493976883590221,0.3113020062446594
2754,27.890230178833008,35.8915901184082,0.5014019012451172,0.23590029776096344,-0.015884414315223694,0.3116333782672882
2755,27.51948356628418,25.07502555847168,0.5004000067710876,0.23590974509716034,-0.013155916705727577,0.3127458691596985
2756,27.756980895996094,35.767250061035156,0.5020190477371216,0.23595738410949707,-0.010160095989704132,0.31198254227638245
2757,28.576358795166016,49.28397750854492,0.501201868057251,0.23598574101924896,-0.00912743341177702,0.31232506036758423
2758,27.855762481689453,34.83183288574219,0.5009409785270691,0.2360079437494278,-0.009335278533399105,0.31267207860946655
2759,28.212932586669922,40.62604904174805,0.5003123879432678,0.23601531982421875,-0.008383923210203648,0.31342577934265137
2760,28.267641067504883,40.8446044921875,0.5004228949546814,0.23602530360221863,-0.008107928559184074,0.3115089535713196
2761,28.198450088500977,42.244136810302734,0.499607652425766,0.23601604998111725,-0.006140492856502533,0.3093738555908203
2762,28.41378402709961,47.7452278137207,0.5005638003349304,0.23602935671806335,-0.003030774649232626,0.3093041777610779
2763,27.451969146728516,24.668670654296875,0.5002818703651428,0.2360360026359558,-0.0020026820711791515,0.31236979365348816
2764,27.921079635620117,34.97623062133789,0.5003904700279236,0.2360452264547348,-3.0393981433007866e-05,0.3108961880207062
2765,27.706098556518555,28.081321716308594,0.4993124008178711,0.2360289841890335,-0.0012208729749545455,0.3110961318016052
2766,28.098966598510742,38.513267517089844,0.4988628327846527,0.2360021471977234,0.00045784536632709205,0.3122042715549469
2767,28.087034225463867,41.586631774902344,0.5004514455795288,0.23601281642913818,0.0023030336014926434,0.3113234341144562
2768,27.5324764251709,26.411293029785156,0.4988856911659241,0.23598651587963104,0.006627402268350124,0.31105709075927734
2769,27.85307502746582,35.230491638183594,0.49944382905960083,0.23597338795661926,0.006909090559929609,0.3115594983100891
2770,28.29123878479004,42.48923873901367,0.4996228814125061,0.23596449196338654,0.003330388106405735,0.31156009435653687
2771,27.9365234375,36.78766632080078,0.5014076232910156,0.23599770665168762,0.0041745188646018505,0.31199607253074646
2772,28.15925407409668,38.56592559814453,0.49963241815567017,0.2359890341758728,0.002291684504598379,0.31195589900016785
2773,27.957674026489258,36.73991394042969,0.500287652015686,0.235995814204216,0.0033791710156947374,0.30981895327568054
2774,28.099824905395508,41.67193603515625,0.4988361895084381,0.23596833646297455,0.006451675668358803,0.3114863336086273
2775,27.806779861450195,33.263526916503906,0.49966663122177124,0.2359604686498642,0.003420317079871893,0.312055766582489
2776,28.180322647094727,42.64430618286133,0.4992513954639435,0.2359428107738495,0.0034467775840312243,0.31340810656547546
2777,27.840839385986328,35.12270736694336,0.49704763293266296,0.23587316274642944,0.0036082458682358265,0.31245848536491394
2778,27.61496353149414,31.593151092529297,0.4991847574710846,0.23585392534732819,0.0017503093695268035,0.3112870752811432
2779,27.55490493774414,28.65445899963379,0.4986914396286011,0.23582306504249573,0.0015964377671480179,0.31406086683273315
2780,27.830459594726562,34.53209686279297,0.49878671765327454,0.23579443991184235,-0.00036315404577180743,0.3150152862071991
2781,27.985376358032227,40.79667282104492,0.4975428879261017,0.23573650419712067,-0.002272582147270441,0.3143010437488556
2782,27.671842575073242,34.75788879394531,0.4989447593688965,0.23571163415908813,-0.006722599733620882,0.31248196959495544
2783,28.04115867614746,38.72492599487305,0.4997885823249817,0.2357066422700882,-0.008631852455437183,0.31216704845428467
2784,28.555179595947266,49.6180305480957,0.499801903963089,0.23570197820663452,-0.012319731526076794,0.3114716708660126
2785,27.64215087890625,31.383686065673828,0.49982476234436035,0.23569785058498383,-0.017258595675230026,0.31421685218811035
2786,28.06305503845215,39.991085052490234,0.4994514286518097,0.23568493127822876,-0.0222475528717041,0.31155046820640564
2787,28.060516357421875,36.48154067993164,0.49962475895881653,0.23567607998847961,-0.022451601922512054,0.31321966648101807
2788,27.476280212402344,24.870689392089844,0.498790442943573,0.23564757406711578,-0.022959332913160324,0.31359851360321045
2789,27.67891502380371,30.476734161376953,0.4980609118938446,0.23560188710689545,-0.02511312998831272,0.3136438727378845
2790,27.551319122314453,28.361120223999023,0.4990438222885132,0.23557935655117035,-0.023909930139780045,0.31349971890449524
2791,28.447315216064453,48.78691101074219,0.5001809597015381,0.2355836182832718,-0.026382850483059883,0.3101091682910919
2792,28.010269165039062,36.68743896484375,0.4988018870353699,0.23555539548397064,-0.02542700618505478,0.31194016337394714
2793,27.75361442565918,36.81854248046875,0.5001866817474365,0.23555980622768402,-0.02471357397735119,0.31230148673057556
2794,28.466894149780273,51.361175537109375,0.4996456801891327,0.23555146157741547,-0.02238626405596733,0.31338968873023987
2795,28.03464126586914,43.245784759521484,0.5000514388084412,0.23555266857147217,-0.02048436738550663,0.3135167062282562
2796,27.930784225463867,36.080318450927734,0.501327633857727,0.23558394610881805,-0.020244043320417404,0.3161565065383911
2797,28.199440002441406,43.95952224731445,0.5009714365005493,0.2356068342924118,-0.018958350643515587,0.3142769932746887
2798,27.909189224243164,37.374427795410156,0.5013009905815125,0.23563747107982635,-0.016874752938747406,0.31308820843696594
2799,28.240934371948242,45.56298828125,0.50078284740448,0.23565593361854553,-0.013162807561457157,0.3105654716491699
2800,28.023542404174805,39.24479675292969,0.5008895397186279,0.23567688465118408,-0.010016003623604774,0.31090062856674194
2801,28.374534606933594,45.16727828979492,0.5003790259361267,0.2356858253479004,-0.004923144355416298,0.3106532096862793
2802,28.014793395996094,38.339839935302734,0.5003333687782288,0.23569369316101074,0.0004918902995996177,0.3116113841533661
2803,27.952178955078125,40.194034576416016,0.50202476978302,0.23574140667915344,0.00493624759837985,0.3131711781024933
2804,27.900842666625977,34.05074691772461,0.5012038350105286,0.23576979339122772,0.006082678213715553,0.3142639100551605
2805,28.205541610717773,44.163516998291016,0.5021275877952576,0.2358199656009674,0.011132513172924519,0.3168705999851227
2806,27.7189998626709,34.50676727294922,0.5013924241065979,0.23585280776023865,0.012026629410684109,0.31584200263023376
2807,27.95401382446289,38.30544662475586,0.5007333755493164,0.2358700931072235,0.010639793239533901,0.31415677070617676
2808,27.696359634399414,33.30030822753906,0.5011237859725952,0.23589660227298737,0.014709388837218285,0.3128052353858948
2809,28.185834884643555,40.58829879760742,0.500792384147644,0.23591530323028564,0.015081500634551048,0.3123147487640381
2810,27.79706382751465,35.491844177246094,0.5018838047981262,0.2359597384929657,0.013227570801973343,0.3131215274333954
2811,28.138254165649414,43.01171112060547,0.5015809535980225,0.2359970360994339,0.01181043777614832,0.3132292628288269
2812,28.655603408813477,50.3329963684082,0.5018818974494934,0.23604145646095276,0.014417647384107113,0.3147560656070709
2813,27.895938873291016,38.96225357055664,0.5010552406311035,0.23606635630130768,0.01613452285528183,0.3168979287147522
2814,27.940759658813477,36.231651306152344,0.5008152723312378,0.23608560860157013,0.01316242665052414,0.31614553928375244
2815,28.07948875427246,42.70381164550781,0.5008838176727295,0.23610647022724152,0.012364991009235382,0.31679409742355347
2816,28.166576385498047,41.7525520324707,0.5002971291542053,0.23611347377300262,0.013319850899279118,0.3157229423522949
2817,27.664649963378906,28.00510025024414,0.5001257061958313,0.236116424202919,0.011011912487447262,0.3149316608905792
2818,28.418193817138672,46.98240661621094,0.49818289279937744,0.23607350885868073,0.010689332149922848,0.3138669729232788
2819,27.725624084472656,31.868488311767578,0.5006476640701294,0.2360887974500656,0.008599383756518364,0.31370046734809875
2820,28.478328704833984,46.74818801879883,0.5001371502876282,0.23609203100204468,0.006986327935010195,0.31602492928504944
2821,28.08838653564453,36.91594314575195,0.49954289197921753,0.23608124256134033,0.006950151175260544,0.3131403625011444
2822,27.861637115478516,36.49075698852539,0.501093327999115,0.23610705137252808,0.007898595184087753,0.3116665780544281
2823,27.53550910949707,28.288877487182617,0.5004876255989075,0.23611856997013092,0.011361794546246529,0.31411752104759216
2824,27.814077377319336,33.308013916015625,0.499297171831131,0.23610197007656097,0.00866056140512228,0.312396764755249
2825,28.134004592895508,39.64069366455078,0.49975624680519104,0.23609621822834015,0.008863232098519802,0.3116971254348755
2826,27.73095703125,32.554420471191406,0.5007714033126831,0.23611442744731903,0.006281570997089148,0.3122755289077759
2827,27.988431930541992,38.15314865112305,0.4997199773788452,0.23610781133174896,0.006854176986962557,0.31477466225624084
2828,27.666959762573242,30.920541763305664,0.4999257028102875,0.2361060529947281,0.0039577847346663475,0.313616544008255
2829,27.54637336730957,31.51053237915039,0.500419020652771,0.236115962266922,0.0031737664248794317,0.3140246868133545
2830,28.221364974975586,41.957645416259766,0.5013524293899536,0.23614788055419922,0.002434151479974389,0.31504687666893005
2831,28.510387420654297,49.12700653076172,0.500255286693573,0.23615390062332153,-0.0005951679195277393,0.3140445053577423
2832,27.96161460876465,42.252838134765625,0.5014514327049255,0.23618818819522858,-0.004779974464327097,0.3164973855018616
2833,28.08774757385254,44.17246627807617,0.501512348651886,0.23622392117977142,-0.0008232661057263613,0.31461870670318604
2834,27.911157608032227,37.496368408203125,0.502325713634491,0.23627886176109314,-0.004757324233651161,0.31665492057800293
2835,27.98542022705078,38.19157791137695,0.5022838115692139,0.23633283376693726,-0.005465890746563673,0.31332963705062866
2836,27.92332649230957,38.249244689941406,0.5015809535980225,0.23637019097805023,-0.007820047438144684,0.3121301531791687
2837,28.27347755432129,46.82329177856445,0.502100944519043,0.23641984164714813,-0.006763978861272335,0.311074823141098
2838,27.72820472717285,33.25685119628906,0.5019619464874268,0.23646622896194458,-0.007384703028947115,0.3112505078315735
2839,27.456911087036133,27.002405166625977,0.5013656616210938,0.23649853467941284,-0.00834957230836153,0.31180015206336975
2840,27.83316993713379,33.80491256713867,0.5021618604660034,0.23654967546463013,-0.008434416726231575,0.3125058114528656
2841,28.51453399658203,48.803890228271484,0.5017333626747131,0.2365906834602356,-0.009675671346485615,0.3142685890197754
2842,27.740419387817383,32.031761169433594,0.5027085542678833,0.23665475845336914,-0.012463117018342018,0.3165515661239624
2843,27.61208724975586,31.500181198120117,0.501628577709198,0.23669329285621643,-0.012699399143457413,0.3151402771472931
2844,27.58113670349121,27.23674964904785,0.5006399750709534,0.23670844733715057,-0.010446554981172085,0.3141412138938904
2845,28.282268524169922,46.77935791015625,0.5021047592163086,0.2367582768201828,-0.012639699503779411,0.3133389353752136
2846,28.54810905456543,49.450382232666016,0.5022361874580383,0.23681122064590454,-0.015715675428509712,0.3130430281162262
2847,27.744842529296875,32.289642333984375,0.5021238327026367,0.23686152696609497,-0.014668517746031284,0.31266626715660095
2848,27.952579498291016,40.5386962890625,0.5034019351005554,0.2369421124458313,-0.014287536032497883,0.31200605630874634
2849,27.835458755493164,39.55574035644531,0.500706672668457,0.23695886135101318,-0.014375944621860981,0.3125571012496948
2850,27.420089721679688,22.572582244873047,0.4999123811721802,0.23695679008960724,-0.014459086582064629,0.31431055068969727
2851,27.721479415893555,31.54256248474121,0.500878095626831,0.23697760701179504,-0.01763174682855606,0.3117551803588867
2852,28.091739654541016,41.10334396362305,0.5005390644073486,0.23699037730693817,-0.019205788150429726,0.31579846143722534
2853,28.213085174560547,45.154483795166016,0.5005542635917664,0.23700352013111115,-0.020438341423869133,0.3145585060119629
2854,27.54069709777832,29.733360290527344,0.5006457567214966,0.23701883852481842,-0.021326547488570213,0.31458818912506104
2855,27.938098907470703,40.67744445800781,0.4995371401309967,0.23700785636901855,-0.0241987444460392,0.3124144971370697
2856,27.46465492248535,30.34355354309082,0.4994381070137024,0.23699453473091125,-0.026719948276877403,0.3135712146759033
2857,28.21928596496582,44.955970764160156,0.5002438426017761,0.23700033128261566,-0.030181175097823143,0.3148117661476135
2858,27.734539031982422,37.534393310546875,0.4986285865306854,0.23696783185005188,-0.034153055399656296,0.3136574923992157
2859,28.069204330444336,42.0419921875,0.4987790584564209,0.23693890869617462,-0.034595686942338943,0.3125268220901489
2860,27.689889907836914,32.56372833251953,0.49812763929367065,0.23689454793930054,-0.03710774704813957,0.3119920492172241
2861,28.44965171813965,50.2202033996582,0.49844950437545776,0.2368578165769577,-0.03628553822636604,0.3145636320114136
2862,27.691133499145508,34.877769470214844,0.4999885857105255,0.2368575483560562,-0.036578208208084106,0.31058111786842346
2863,27.425825119018555,27.0535831451416,0.49949148297309875,0.23684550821781158,-0.04142807424068451,0.3109605312347412
2864,27.661306381225586,32.956565856933594,0.4996095299720764,0.2368362545967102,-0.04265609756112099,0.3113868534564972
2865,27.783679962158203,35.41231155395508,0.49975812435150146,0.23683051764965057,-0.04321156069636345,0.31114622950553894
2866,27.89879608154297,38.08186340332031,0.5002304315567017,0.23683597147464752,-0.043999478220939636,0.3119041323661804
2867,27.57977867126465,31.67110252380371,0.500300943851471,0.236843079328537,-0.045730166137218475,0.31178414821624756
2868,27.181438446044922,23.313777923583984,0.5002762079238892,0.23684963583946228,-0.04588472470641136,0.3099581003189087
2869,27.458703994750977,29.40399169921875,0.4998457431793213,0.2368459850549698,-0.043679848313331604,0.3105742335319519
2870,27.593984603881836,32.133060455322266,0.5015295147895813,0.23688220977783203,-0.042366258800029755,0.3122429847717285
2871,28.149816513061523,43.08841323852539,0.5005123615264893,0.23689435422420502,-0.040663059800863266,0.31417930126190186
2872,28.02973175048828,40.91218185424805,0.5035600066184998,0.236978679895401,-0.035864997655153275,0.3125428557395935
2873,27.87980842590332,36.51416778564453,0.5020000338554382,0.23702608048915863,-0.035774145275354385,0.3136657476425171
2874,27.717899322509766,33.02498245239258,0.5023714303970337,0.23708228766918182,-0.03622729703783989,0.31387975811958313
2875,27.517982482910156,30.83171844482422,0.5022533535957336,0.23713570833206177,-0.03508458286523819,0.3160395324230194
2876,28.119089126586914,43.82372283935547,0.502979040145874,0.2372063547372818,-0.037403225898742676,0.3157116770744324
2877,27.747589111328125,34.969329833984375,0.5016171932220459,0.23724472522735596,-0.03174006566405296,0.3139757812023163
2878,28.104793548583984,43.34113693237305,0.5032171607017517,0.23732106387615204,-0.03124549798667431,0.31217268109321594
2879,27.741363525390625,36.130348205566406,0.5025904774665833,0.23738254606723785,-0.02689315937459469,0.31383782625198364
2880,27.676326751708984,34.78826904296875,0.5025009512901306,0.23744191229343414,-0.024045683443546295,0.31414252519607544
2881,28.343963623046875,44.87995910644531,0.5021600127220154,0.23749320209026337,-0.02222045138478279,0.31483569741249084
2882,28.612014770507812,51.709861755371094,0.5021294951438904,0.2375437617301941,-0.020845182240009308,0.3151407539844513
2883,28.005535125732422,39.635616302490234,0.5023142695426941,0.2375987321138382,-0.0157172828912735,0.31353360414505005
2884,27.631179809570312,31.245527267456055,0.5019809007644653,0.23764580488204956,-0.010391994379460812,0.31491732597351074
2885,28.247756958007812,45.855316162109375,0.5028171539306641,0.23771274089813232,-0.0049307639710605145,0.31304264068603516
2886,27.83576011657715,35.43126678466797,0.502668559551239,0.23777619004249573,-0.001418889849446714,0.31261593103408813
2887,27.946653366088867,39.96023178100586,0.5015828609466553,0.2378138303756714,0.004381782840937376,0.3139492869377136
2888,27.645315170288086,32.30878829956055,0.5022152066230774,0.23786650598049164,0.007941956631839275,0.31501519680023193
2889,27.983728408813477,40.66502380371094,0.5020399689674377,0.2379150241613388,0.008121499791741371,0.3149058520793915
2890,27.786014556884766,34.02113723754883,0.5017656683921814,0.23795703053474426,0.011007018387317657,0.3160041868686676
2891,27.83298683166504,35.96605682373047,0.5017390251159668,0.23799841105937958,0.013940032571554184,0.31555551290512085
2892,27.9533748626709,38.1985969543457,0.5019962191581726,0.23804593086242676,0.01608784683048725,0.3151249587535858
2893,27.592288970947266,28.512306213378906,0.501179039478302,0.23807398974895477,0.015316466800868511,0.31447118520736694
2894,27.609149932861328,30.473655700683594,0.5016800165176392,0.23811398446559906,0.017187155783176422,0.31484392285346985
2895,28.1518497467041,41.40271759033203,0.5011904835700989,0.23814234137535095,0.012297973036766052,0.3131958842277527
2896,28.345287322998047,46.36772918701172,0.5017561912536621,0.2381841540336609,0.012254705652594566,0.3129725754261017
2897,27.700759887695312,33.62897872924805,0.5016533732414246,0.23822353780269623,0.012996877543628216,0.3121586740016937
2898,27.55971336364746,27.620647430419922,0.5005276203155518,0.23823611438274384,0.009756716899573803,0.31637290120124817
2899,27.72808265686035,32.978946685791016,0.5005428791046143,0.2382490336894989,0.007899432443082333,0.3142935037612915
2900,28.282033920288086,44.11147689819336,0.5018076300621033,0.23829208314418793,0.00280296104028821,0.3114106357097626
2901,28.055259704589844,42.53581237792969,0.5014552474021912,0.2383267730474472,0.0008524353615939617,0.31301581859588623
2902,27.50380516052246,28.74736976623535,0.5021256804466248,0.2383774220943451,-0.0011404355755075812,0.3145535886287689
2903,28.093923568725586,42.95949172973633,0.5011999607086182,0.23840603232383728,-0.003589280415326357,0.31261321902275085
2904,27.840829849243164,36.56925582885742,0.5023104548454285,0.23846110701560974,-0.00633921567350626,0.31357577443122864
2905,27.618873596191406,31.959470748901367,0.5011771321296692,0.23848916590213776,-0.007695402018725872,0.3136156499385834
2906,28.336923599243164,44.7682991027832,0.5008933544158936,0.23851045966148376,-0.009259535931050777,0.3136090040206909
2907,28.20100975036621,41.70939254760742,0.5012152194976807,0.2385394275188446,-0.009224217385053635,0.31252601742744446
2908,27.60621452331543,29.42022132873535,0.5004990696907043,0.23855134844779968,-0.009368669241666794,0.3145216107368469
2909,27.983379364013672,37.0096435546875,0.5010190606117249,0.23857566714286804,-0.008519464172422886,0.31408780813217163
2910,28.164928436279297,41.83185577392578,0.5005447268486023,0.23858866095542908,-0.015063269063830376,0.3125544488430023
2911,28.006698608398438,38.79994201660156,0.49826857447624207,0.23854735493659973,-0.012473875656723976,0.31423237919807434
2912,27.856578826904297,37.34829330444336,0.49947044253349304,0.23853473365306854,-0.012107501737773418,0.3140024244785309
2913,27.969926834106445,39.73412322998047,0.49788761138916016,0.23848435282707214,-0.0167407039552927,0.3137519359588623
2914,27.840925216674805,34.767730712890625,0.4974209666252136,0.23842284083366394,-0.019644692540168762,0.3139190375804901
2915,27.630615234375,29.907400131225586,0.49837526679039,0.23838409781455994,-0.020566271618008614,0.31157180666923523
2916,27.921903610229492,35.74653625488281,0.4977371394634247,0.2383301556110382,-0.023052407428622246,0.31030216813087463
2917,27.917015075683594,34.106075286865234,0.4976590573787689,0.23827436566352844,-0.02282610349357128,0.31020092964172363
2918,27.35634422302246,23.77936363220215,0.4976133406162262,0.23821750283241272,-0.021956026554107666,0.31000104546546936
2919,28.127483367919922,44.883304595947266,0.4976133406162262,0.2381606549024582,-0.021813472732901573,0.3122992515563965
2920,28.118928909301758,42.00760269165039,0.4981333613395691,0.23811618983745575,-0.018868757411837578,0.3121095895767212
2921,28.062639236450195,42.681419372558594,0.49767810106277466,0.23806089162826538,-0.017303168773651123,0.3127652108669281
2922,27.663105010986328,34.11508560180664,0.49895235896110535,0.23803594708442688,-0.01903618685901165,0.3140796720981598
2923,28.126998901367188,41.95490646362305,0.49805906414985657,0.23798975348472595,-0.016601907089352608,0.31535810232162476
2924,27.798870086669922,35.869483947753906,0.49828189611434937,0.23794886469841003,-0.015433291904628277,0.3159618675708771
2925,27.527374267578125,30.495695114135742,0.497670441865921,0.23789343237876892,-0.012548527680337429,0.31667882204055786
2926,27.664539337158203,31.947595596313477,0.4975466728210449,0.23783506453037262,-0.012004127725958824,0.31329676508903503
2927,27.676753997802734,32.10769271850586,0.49767810106277466,0.23777984082698822,-0.00994375441223383,0.31258267164230347
2928,27.550939559936523,32.17426300048828,0.4983695149421692,0.23774106800556183,-0.008519012480974197,0.31224727630615234
2929,28.151443481445312,42.02931594848633,0.4991847574710846,0.23772168159484863,-0.007847083732485771,0.31305915117263794
2930,27.76035499572754,35.251304626464844,0.497215211391449,0.23765547573566437,-0.0060154651291668415,0.31579360365867615
2931,28.259788513183594,46.22816467285156,0.49811238050460815,0.2376106083393097,-0.007219241000711918,0.3133886754512787
2932,27.99842643737793,42.45261764526367,0.49940380454063416,0.23759645223617554,-0.007940289564430714,0.313293993473053
2933,27.577749252319336,30.57958984375,0.4982019364833832,0.23755373060703278,-0.009197983890771866,0.3133443593978882
2934,27.7172908782959,33.651912689208984,0.4980038106441498,0.23750631511211395,-0.005463090725243092,0.3129100799560547
2935,28.323659896850586,44.9957389831543,0.49816572666168213,0.23746275901794434,-0.003651309758424759,0.3131915330886841
2936,27.575815200805664,33.83909225463867,0.4977790415287018,0.2374100238084793,-0.005345365963876247,0.3149150013923645
2937,28.264734268188477,45.32121658325195,0.497895210981369,0.23736006021499634,0.00026672935928218067,0.3113561272621155
2938,28.226177215576172,44.840457916259766,0.4982914328575134,0.23731951415538788,0.001310657593421638,0.3116174340248108
2939,28.113208770751953,40.68492889404297,0.49868571758270264,0.23728832602500916,0.003015421563759446,0.3121017515659332
2940,27.99268341064453,39.51798629760742,0.49835050106048584,0.2372491955757141,0.0031467059161514044,0.3111879229545593
2941,27.829195022583008,38.14710235595703,0.49768951535224915,0.23719438910484314,0.006568822078406811,0.31154581904411316
2942,27.758005142211914,33.156288146972656,0.4998609125614166,0.2371910959482193,0.00801561027765274,0.31174686551094055
2943,27.716819763183594,34.050350189208984,0.5014266967773438,0.23722493648529053,0.004822012037038803,0.31354889273643494
2944,27.992679595947266,39.69229507446289,0.4984799921512604,0.23718887567520142,0.007728504482656717,0.31495609879493713
2945,27.71050453186035,30.453372955322266,0.4999542832374573,0.23718778789043427,0.005405186675488949,0.3141825497150421
2946,27.741979598999023,36.497005462646484,0.5006818771362305,0.2372039556503296,0.007485423237085342,0.311813086271286
2947,28.068029403686523,43.85271453857422,0.4988381266593933,0.23717640340328217,0.009467238560318947,0.31271401047706604
2948,28.1671199798584,44.771488189697266,0.49907997250556946,0.23715457320213318,0.013755126856267452,0.31342536211013794
2949,27.31939697265625,25.063335418701172,0.49989718198776245,0.23715214431285858,0.01331018190830946,0.3139175474643707
2950,27.690279006958008,32.07572555541992,0.5007562041282654,0.23717007040977478,0.01651153713464737,0.3150349259376526
2951,27.67984390258789,33.93352127075195,0.5003829002380371,0.23717914521694183,0.01690986566245556,0.3114394247531891
2952,27.804779052734375,36.556251525878906,0.5010647773742676,0.2372043877840042,0.01764124259352684,0.3132990598678589
2953,28.072425842285156,38.85826873779297,0.5018095374107361,0.2372473180294037,0.02010994590818882,0.3135271966457367
2954,27.803983688354492,36.6784553527832,0.5026171207427979,0.23730939626693726,0.021616781130433083,0.31282615661621094
2955,27.74456214904785,37.539894104003906,0.5018380880355835,0.23735301196575165,0.02516404166817665,0.3142974078655243
2956,28.023229598999023,38.752098083496094,0.5015676617622375,0.23739022016525269,0.026041170582175255,0.3144908845424652
2957,27.717037200927734,32.792266845703125,0.5018151998519897,0.2374333143234253,0.029310965910553932,0.3142426013946533
2958,27.966964721679688,42.97455978393555,0.5023809671401978,0.23748983442783356,0.02644350938498974,0.31209710240364075
2959,27.753990173339844,35.4269905090332,0.5020133256912231,0.23753765225410461,0.02946145460009575,0.3125055134296417
2960,27.675233840942383,33.40475082397461,0.5012742877006531,0.23756791651248932,0.028641151264309883,0.31612950563430786
2961,27.972700119018555,39.23786926269531,0.5013200044631958,0.23759926855564117,0.025412753224372864,0.3164331912994385
2962,28.181493759155273,42.96987533569336,0.5006037950515747,0.23761360347270966,0.01962560974061489,0.3137429654598236
2963,28.012720108032227,40.729061126708984,0.5014399886131287,0.23764781653881073,0.019061638042330742,0.3140620291233063
2964,27.76644515991211,36.489139556884766,0.5007866621017456,0.237666517496109,0.018942929804325104,0.31296026706695557
2965,27.693904876708984,33.87584686279297,0.49947237968444824,0.23765398561954498,0.017287185415625572,0.3126421272754669
2966,28.17045021057129,43.987876892089844,0.5006876587867737,0.23767033219337463,0.01244064699858427,0.312721312046051
2967,28.609018325805664,50.282955169677734,0.5009924173355103,0.2376939058303833,0.010644223541021347,0.3135203719139099
2968,28.173887252807617,42.74336624145508,0.49905139207839966,0.23767134547233582,0.009272010065615177,0.3126227855682373
2969,27.498226165771484,31.15106773376465,0.49951618909835815,0.23765984177589417,0.006495295092463493,0.31329214572906494
2970,27.99817657470703,38.87929916381836,0.4991771876811981,0.23764029145240784,0.0064924475736916065,0.31327757239341736
2971,27.688196182250977,32.376976013183594,0.49831998348236084,0.23760035634040833,0.0087810717523098,0.31090736389160156
2972,27.48888397216797,26.812952041625977,0.49752381443977356,0.23754152655601501,0.005124684423208237,0.31364965438842773
2973,27.872201919555664,34.13125228881836,0.4973295331001282,0.2374780923128128,0.005820250138640404,0.31455856561660767
2974,27.805837631225586,35.675594329833984,0.49937334656715393,0.23746322095394135,-0.0005829409928992391,0.31362757086753845
2975,27.90987205505371,35.662841796875,0.4979771673679352,0.23741517961025238,-0.0013801780296489596,0.3176015615463257
2976,27.999013900756836,38.077972412109375,0.49930858612060547,0.23739875853061676,-0.005964582785964012,0.31671276688575745
2977,28.019893646240234,41.05886459350586,0.4975161850452423,0.2373397946357727,-0.010197730734944344,0.3160833716392517
2978,27.427339553833008,28.067306518554688,0.4988381266593933,0.2373122274875641,-0.009379049763083458,0.3151189982891083
2979,28.200679779052734,41.7914924621582,0.4989390969276428,0.23728704452514648,-0.012082054279744625,0.313459187746048
2980,27.64767837524414,34.56032943725586,0.4985409677028656,0.23725241422653198,-0.013970782980322838,0.31385841965675354
2981,27.97101402282715,41.6906852722168,0.4988895058631897,0.23722606897354126,-0.016118045896291733,0.3147752285003662
2982,27.96558952331543,38.01707077026367,0.4993409514427185,0.2372104376554489,-0.019872738048434258,0.313302606344223
2983,28.157041549682617,42.117122650146484,0.4983428716659546,0.23717112839221954,-0.024310657754540443,0.3144502639770508
2984,27.956270217895508,36.966102600097656,0.4980247914791107,0.2371242791414261,-0.0239381343126297,0.31288763880729675
2985,27.388568878173828,26.402568817138672,0.4980647563934326,0.23707838356494904,-0.02326972782611847,0.31229180097579956
2986,27.994144439697266,39.26462936401367,0.4999733567237854,0.2370777428150177,-0.024979863315820694,0.31525346636772156
2987,28.002744674682617,42.30611801147461,0.49879616498947144,0.2370491921901703,-0.026990052312612534,0.31563127040863037
2988,27.83255386352539,36.94551086425781,0.5006152391433716,0.23706378042697906,-0.02950017713010311,0.31443333625793457
2989,28.00592613220215,34.947418212890625,0.5001962184906006,0.23706844449043274,-0.024535425007343292,0.313510924577713
2990,28.052358627319336,41.55826187133789,0.5003219246864319,0.237076073884964,-0.023071832954883575,0.3125140964984894
2991,27.780858993530273,33.934059143066406,0.5007867217063904,0.2370947301387787,-0.02347632683813572,0.31319960951805115
2992,27.782943725585938,30.113807678222656,0.5005905032157898,0.2371087223291397,-0.02425273321568966,0.31352898478507996
2993,27.584056854248047,28.679948806762695,0.49996381998062134,0.23710785806179047,-0.0228071641176939,0.3123176097869873
2994,27.810693740844727,33.298072814941406,0.5013599991798401,0.23714010417461395,-0.02173655293881893,0.3141460716724396
2995,27.65379524230957,31.770139694213867,0.5007829070091248,0.2371586710214615,-0.020059509202837944,0.31426411867141724
2996,27.51239013671875,30.758209228515625,0.5009351968765259,0.23718082904815674,-0.016903026029467583,0.3148247003555298
2997,27.623247146606445,31.752077102661133,0.4995923638343811,0.23717115819454193,-0.016918756067752838,0.31422364711761475
2998,28.148883819580078,43.03205490112305,0.5000590682029724,0.23717257380485535,-0.014440995641052723,0.31584036350250244
2999,27.75444984436035,36.75935745239258,0.5007028579711914,0.23718924820423126,-0.009587823413312435,0.3146916627883911
3000,27.714078903198242,32.94740676879883,0.501211404800415,0.237217977643013,-0.01142541691660881,0.3144433796405792
3001,27.692283630371094,35.112640380859375,0.49814093112945557,0.2371738702058792,-0.0071667833253741264,0.3144181966781616
3002,27.794513702392578,38.41679000854492,0.4992552101612091,0.2371561974287033,-0.006075078621506691,0.31231051683425903
3003,27.972013473510742,43.067935943603516,0.49841904640197754,0.2371187061071396,-0.003504831111058593,0.31242281198501587
3004,27.940502166748047,39.602386474609375,0.4989009499549866,0.23709264397621155,-0.004179788287729025,0.31266075372695923
3005,27.279972076416016,24.911550521850586,0.499914288520813,0.237090602517128,0.0029668444767594337,0.3145807683467865
3006,27.4647159576416,28.69125747680664,0.49977147579193115,0.23708519339561462,0.0023968652822077274,0.3153950273990631
3007,27.869585037231445,37.04151916503906,0.4997066557407379,0.2370782345533371,0.005856937728822231,0.3127787113189697
3008,28.097013473510742,44.988155364990234,0.4989885687828064,0.2370542585849762,0.005281093996018171,0.31169000267982483
3009,28.255422592163086,48.5765495300293,0.5003485679626465,0.2370625138282776,0.00655819196254015,0.3125114142894745
3010,28.07896614074707,42.34662628173828,0.4990324079990387,0.23703958094120026,0.007623197510838509,0.3132619261741638
3011,27.853591918945312,42.07105255126953,0.5002743005752563,0.23704607784748077,0.01154454704374075,0.31359803676605225
3012,27.89807891845703,40.93221664428711,0.49914857745170593,0.2370259016752243,0.012377233244478703,0.3107994794845581
3013,27.795387268066406,38.654541015625,0.49933522939682007,0.2370101511478424,0.010599375702440739,0.3131334185600281
3014,27.676504135131836,31.89409637451172,0.4979371726512909,0.2369612604379654,0.011379004456102848,0.3123883008956909
3015,27.955543518066406,35.36996841430664,0.49836382269859314,0.236922487616539,0.011764186434447765,0.3133660852909088
3016,27.908933639526367,39.76588439941406,0.49823999404907227,0.23688077926635742,0.010373564437031746,0.3140963017940521
3017,28.26132583618164,46.28425598144531,0.49722859263420105,0.23681512475013733,0.0030002363491803408,0.31432831287384033
3018,27.310178756713867,23.496076583862305,0.4979238212108612,0.23676596581935883,0.002475204411894083,0.31308513879776
3019,27.679853439331055,35.97639846801758,0.49965906143188477,0.23675788938999176,0.0024239954072982073,0.3154729902744293
3020,27.634075164794922,33.723541259765625,0.49931806325912476,0.23674175143241882,0.0007839613826945424,0.31707337498664856
3021,28.22500991821289,46.58600997924805,0.5002533197402954,0.23674774169921875,0.0006952140829525888,0.3146415650844574
3022,27.793190002441406,35.8183708190918,0.4972876012325287,0.23668351769447327,0.0006703747203573585,0.3147631585597992
3023,27.80937957763672,40.3977165222168,0.4978095293045044,0.23663167655467987,-0.0029836727771908045,0.31468895077705383
3024,27.86036491394043,39.4774055480957,0.4993542730808258,0.23661640286445618,-0.004314963705837727,0.31605464220046997
3025,27.691566467285156,35.11644744873047,0.49849334359169006,0.2365807443857193,-0.00458311103284359,0.3137373924255371
3026,27.881763458251953,38.450767517089844,0.49936190247535706,0.23656563460826874,-0.005786352325230837,0.31259819865226746
3027,27.728050231933594,36.078224182128906,0.4996667206287384,0.2365577518939972,-0.00854920968413353,0.316139817237854
3028,28.140169143676758,42.73552703857422,0.5003829002380371,0.23656679689884186,-0.009117022156715393,0.3129699230194092
3029,27.771345138549805,33.915775299072266,0.50016188621521,0.23657062649726868,-0.010946041904389858,0.3130456507205963
3030,27.79506492614746,34.065887451171875,0.49905335903167725,0.23654823005199432,-0.010672401636838913,0.31302350759506226
3031,28.183183670043945,43.97347640991211,0.4985542893409729,0.23651403188705444,-0.010534616187214851,0.3129759728908539
3032,28.290555953979492,47.95842742919922,0.4998990595340729,0.23651164770126343,-0.007687303237617016,0.31394898891448975
3033,28.079254150390625,41.869537353515625,0.49956193566322327,0.2365012913942337,-0.009051945060491562,0.3131731152534485
3034,28.0402889251709,40.785953521728516,0.4992723762989044,0.2364840805530548,-0.004027434159070253,0.31206730008125305
3035,27.760204315185547,34.5584831237793,0.5003123879432678,0.23649147152900696,-0.0018303245306015015,0.31405070424079895
3036,27.787988662719727,33.567081451416016,0.5000190734863281,0.23649191856384277,0.0005822686362080276,0.3123820722103119
3037,27.603818893432617,31.482295989990234,0.5003390312194824,0.23649992048740387,0.0008066627196967602,0.3141707181930542
3038,27.937911987304688,38.00800704956055,0.5009638071060181,0.23652270436286926,0.0019285755697637796,0.31130272150039673
3039,27.915294647216797,37.16093826293945,0.49989521503448486,0.2365202158689499,0.002442281926050782,0.31314778327941895
3040,27.696483612060547,32.35927200317383,0.5002304315567017,0.23652565479278564,0.0020515581127256155,0.31518614292144775
3041,27.741374969482422,32.7804069519043,0.5018113851547241,0.23656851053237915,0.002527001081034541,0.3151678442955017
3042,27.86610984802246,36.6685905456543,0.5004400014877319,0.23657891154289246,0.004920903127640486,0.3146466910839081
3043,27.99662971496582,37.973636627197266,0.5010457038879395,0.23660364747047424,0.004093571100383997,0.3152014911174774
3044,27.385478973388672,23.729660034179688,0.5011390447616577,0.2366306185722351,0.004380644764751196,0.3137241005897522
3045,27.576398849487305,31.426742553710938,0.5001028776168823,0.2366330474615097,0.0058463504537940025,0.3149115741252899
3046,27.42636489868164,25.500774383544922,0.501318097114563,0.23666425049304962,0.007414181716740131,0.31413334608078003
3047,27.785959243774414,34.88374328613281,0.5015961527824402,0.23670202493667603,0.005543708801269531,0.3163245916366577
3048,27.469396591186523,31.122224807739258,0.5027886033058167,0.23676802217960358,0.007830727845430374,0.31418877840042114
3049,27.80214500427246,36.77216339111328,0.5019086003303528,0.23681321740150452,0.006114103831350803,0.31588485836982727
3050,28.389345169067383,44.636898040771484,0.5019219517707825,0.23685872554779053,0.004782724194228649,0.31561994552612305
3051,27.43726921081543,26.630876541137695,0.5015695095062256,0.23689591884613037,0.0036411546170711517,0.31853190064430237
3052,27.93301010131836,39.98249435424805,0.5015637874603271,0.23693296313285828,0.0015146501827985048,0.31696227192878723
3053,28.03526496887207,41.012027740478516,0.5013142824172974,0.23696409165859222,0.0010327548952773213,0.3159094452857971
3054,27.682483673095703,36.354705810546875,0.5017847418785095,0.23700638115406036,0.0018640694906935096,0.3142358958721161
3055,27.65618896484375,34.91960906982422,0.5010666847229004,0.23703166842460632,-0.0008083186112344265,0.3158990442752838
3056,27.540491104125977,35.96165084838867,0.5003466606140137,0.23703989386558533,-0.0007592839538119733,0.3134181797504425
3057,27.663753509521484,36.29589080810547,0.4991619288921356,0.23702003061771393,0.0007646255544386804,0.31489887833595276
3058,27.935440063476562,40.49371337890625,0.49985143542289734,0.23701651394367218,0.0009363204590044916,0.3153266906738281
3059,27.769407272338867,38.70457077026367,0.5017523765563965,0.23705804347991943,-0.0030270873103290796,0.3157774806022644
3060,27.995864868164062,39.082698822021484,0.5022590756416321,0.23711159825325012,-0.00512670585885644,0.31686946749687195
3061,28.180532455444336,45.53634262084961,0.502325713634491,0.23716674745082855,-0.0063501158729195595,0.3179232180118561
3062,27.911279678344727,39.8215217590332,0.5016095042228699,0.237204909324646,-0.008085244335234165,0.31498435139656067
3063,27.492502212524414,30.853303909301758,0.4998742938041687,0.23720192909240723,-0.006215719971805811,0.3159840404987335
3064,27.83058738708496,34.444461822509766,0.5001352429389954,0.2372051179409027,-0.007026714738458395,0.31532466411590576
3065,27.703222274780273,36.71502685546875,0.5010837912559509,0.2372308224439621,-0.008028698153793812,0.3174528479576111
3066,27.968284606933594,43.0634880065918,0.5018590688705444,0.23727494478225708,-0.011892632581293583,0.3156087398529053
3067,27.97666358947754,43.56026840209961,0.5000952482223511,0.23727720975875854,-0.011566704139113426,0.3151993155479431
3068,27.881263732910156,38.39362716674805,0.5006647706031799,0.23729299008846283,-0.010544240474700928,0.3142670691013336
3069,27.54300880432129,30.76408576965332,0.5002133250236511,0.23729805648326874,-0.004893503617495298,0.31581148505210876
3070,28.092254638671875,40.303466796875,0.5005942583084106,0.23731213808059692,-0.004972584545612335,0.31337451934814453
3071,27.705080032348633,37.66505813598633,0.5015676617622375,0.23734934628009796,-0.004905056208372116,0.3149351477622986
3072,27.50906753540039,31.831880569458008,0.4998781085014343,0.23734645545482635,-0.0040413327515125275,0.3153158128261566
3073,27.738224029541016,36.38219451904297,0.5000800490379333,0.23734834790229797,-0.006130713503807783,0.31638556718826294
3074,27.44234275817871,29.008075714111328,0.5003581047058105,0.23735684156417847,-0.005116004031151533,0.31386515498161316
3075,27.655479431152344,34.28281021118164,0.5001504421234131,0.2373604029417038,-0.0013268060283735394,0.31548163294792175
3076,28.107534408569336,46.251220703125,0.5006418824195862,0.2373756319284439,0.0021238040644675493,0.3181827664375305
3077,27.631994247436523,34.35363006591797,0.500247597694397,0.23738151788711548,-0.0021359093952924013,0.3165631890296936
3078,27.604082107543945,31.917957305908203,0.5020666122436523,0.23743058741092682,0.0013983878307044506,0.3149152398109436
3079,27.82970428466797,38.352020263671875,0.5010590553283691,0.23745572566986084,0.005084033589810133,0.3165299594402313
3080,28.31485366821289,43.1280403137207,0.5007885694503784,0.2374744713306427,0.005988855846226215,0.3150935173034668
3081,28.191518783569336,45.20859909057617,0.5002685785293579,0.23748083412647247,0.006780210882425308,0.315531849861145
3082,27.962364196777344,39.714073181152344,0.5011314153671265,0.23750770092010498,0.007820533588528633,0.31406369805336
3083,27.938766479492188,42.55854415893555,0.501436173915863,0.2375418245792389,0.00608499301597476,0.31521469354629517
3084,27.433822631835938,32.00310516357422,0.5009999871253967,0.23756557703018188,0.004956488963216543,0.3148599863052368
3085,27.769893646240234,36.90104675292969,0.4999980628490448,0.2375655323266983,0.0031892384868115187,0.31507325172424316
3086,27.752708435058594,35.71458435058594,0.5007009506225586,0.23758219182491302,0.005869469605386257,0.3180544972419739
3087,28.463199615478516,50.947322845458984,0.5001009106636047,0.23758460581302643,0.007304738741368055,0.315667986869812
3088,27.508153915405273,28.33260154724121,0.5003028512001038,0.23759180307388306,0.006867843680083752,0.31643885374069214
3089,27.735254287719727,36.9921989440918,0.5021485686302185,0.23764283955097198,0.009122979827225208,0.31497612595558167
3090,27.228683471679688,23.991024017333984,0.4998895227909088,0.23764021694660187,0.00782880000770092,0.31706616282463074
3091,27.777389526367188,36.492488861083984,0.5024552345275879,0.23769856989383698,0.00560777960345149,0.3136480450630188
3092,27.732189178466797,34.96814727783203,0.5023618936538696,0.2377547025680542,0.002722164848819375,0.31224092841148376
3093,27.407299041748047,27.7896728515625,0.5010571479797363,0.23777984082698822,0.005124678835272789,0.3164319396018982
3094,27.427085876464844,25.786287307739258,0.5017580986022949,0.23782165348529816,0.00538861146196723,0.31545600295066833
3095,28.015512466430664,43.97035598754883,0.5005695223808289,0.23783519864082336,0.0038663470186293125,0.31498464941978455
3096,27.828874588012695,40.278587341308594,0.5011714100837708,0.23786306381225586,0.0010354196419939399,0.314759761095047
3097,28.04313850402832,40.60887145996094,0.4997638165950775,0.23785744607448578,0.0002488935715518892,0.31290721893310547
3098,27.85219955444336,37.80317306518555,0.5002476572990417,0.23786334693431854,0.00019272025383543223,0.313884437084198
3099,28.01944923400879,43.36893844604492,0.5008647441864014,0.23788391053676605,-0.0020690918900072575,0.31439733505249023
3100,27.255125045776367,25.511920928955078,0.5000076293945312,0.23788407444953918,-0.0001185685905511491,0.31599465012550354
3101,27.627897262573242,33.38313293457031,0.5006875991821289,0.23790043592453003,-0.003587238723412156,0.31587857007980347
3102,28.042097091674805,40.31834030151367,0.5000190734863281,0.23790088295936584,-0.0023410231806337833,0.3133695423603058
3103,27.3840274810791,24.38226318359375,0.4997600317001343,0.2378951758146286,-0.00031561218202114105,0.3135692775249481
3104,27.88038444519043,40.23977279663086,0.4991295039653778,0.23787447810173035,-0.0023854621686041355,0.3122482895851135
3105,27.845104217529297,35.32694625854492,0.4998838007450104,0.2378717064857483,-0.001643288997001946,0.3125985562801361
3106,27.973163604736328,41.30455780029297,0.49972569942474365,0.23786517977714539,-0.00630743894726038,0.3136829137802124
3107,27.48678970336914,29.774093627929688,0.4992876350879669,0.23784823715686798,-0.009119442664086819,0.3130006790161133
3108,27.572744369506836,27.343441009521484,0.5004838109016418,0.23785975575447083,-0.010349680669605732,0.31091657280921936
3109,28.156124114990234,45.595821380615234,0.5007829070091248,0.23787838220596313,-0.01129014603793621,0.3124259412288666
3110,27.90120506286621,37.61921691894531,0.5002971887588501,0.23788544535636902,-0.010285180062055588,0.3137156665325165
3111,28.031164169311523,45.42915725708008,0.500588595867157,0.23789945244789124,-0.006143629085272551,0.31597575545310974
3112,27.7828426361084,38.486854553222656,0.5017295479774475,0.23794060945510864,-0.006908067502081394,0.31480708718299866
3113,28.08493995666504,42.87595748901367,0.49941521883010864,0.2379266917705536,-0.00932906474918127,0.3138901889324188
3114,28.143598556518555,44.33046340942383,0.5006343126296997,0.23794178664684296,-0.00842811819165945,0.3131486177444458
3115,27.843420028686523,37.50279998779297,0.5004438161849976,0.2379523366689682,-0.01099113468080759,0.3162902891635895
3116,28.33364486694336,46.13578414916992,0.5004704594612122,0.23796354234218597,-0.012636694125831127,0.3153003752231598
3117,27.335586547851562,26.25432014465332,0.500062882900238,0.23796504735946655,-0.012341154739260674,0.3151724338531494
3118,28.18364906311035,47.375762939453125,0.49935999512672424,0.23794981837272644,-0.01765153743326664,0.31414902210235596
3119,27.75014877319336,34.911460876464844,0.5007238388061523,0.23796702921390533,-0.01809203065931797,0.31364816427230835
3120,28.035049438476562,43.599910736083984,0.5002018809318542,0.23797182738780975,-0.016806844621896744,0.3158192038536072
3121,27.93540382385254,38.9865837097168,0.5004342794418335,0.2379821538925171,-0.0198855921626091,0.3149338960647583
3122,27.848474502563477,37.65201187133789,0.49831241369247437,0.23794199526309967,-0.022631967440247536,0.31671473383903503
3123,27.6138916015625,32.13643264770508,0.4983181059360504,0.237901970744133,-0.02274491637945175,0.3137349486351013
3124,28.02428436279297,44.17236328125,0.49906474351882935,0.23787972331047058,-0.02113516628742218,0.312065988779068
3125,27.80672836303711,31.935821533203125,0.4982876479625702,0.2378389835357666,-0.020594682544469833,0.31250467896461487
3126,27.850433349609375,35.19636917114258,0.498708575963974,0.2378082573413849,-0.01784687116742134,0.3116147220134735
3127,27.450292587280273,32.696678161621094,0.4973657429218292,0.23774561285972595,-0.01474943570792675,0.3112601935863495
3128,27.566192626953125,25.113601684570312,0.49775999784469604,0.23769235610961914,-0.014189688488841057,0.31503036618232727
3129,27.454898834228516,25.01063346862793,0.4996495246887207,0.23768402636051178,-0.013121234253048897,0.314736008644104
3130,27.90016746520996,35.420040130615234,0.4998990595340729,0.23768162727355957,-0.012581520713865757,0.31466203927993774
3131,27.87198257446289,39.179039001464844,0.4996228814125061,0.23767265677452087,-0.008865918964147568,0.31520217657089233
3132,27.94612693786621,38.80799865722656,0.49947044253349304,0.23766008019447327,-0.007245146203786135,0.3138653337955475
3133,27.59214973449707,31.041522979736328,0.5003047585487366,0.23766733705997467,-0.004786745645105839,0.31428423523902893
3134,27.55876922607422,30.204553604125977,0.4999257028102875,0.2376655638217926,-0.004185278434306383,0.31611916422843933
3135,27.50444984436035,28.868690490722656,0.5005771517753601,0.23767927289009094,-0.0028578953351825476,0.3130771219730377
3136,27.676551818847656,37.89105987548828,0.49872952699661255,0.237649068236351,-0.004236528649926186,0.31442317366600037
3137,27.788074493408203,38.63735580444336,0.499468594789505,0.23763643205165863,-0.004943076521158218,0.3156149983406067
3138,27.941068649291992,37.11091995239258,0.4983809292316437,0.23759795725345612,-0.005022092256695032,0.3165338635444641
3139,27.79314613342285,39.759891510009766,0.4990895092487335,0.23757632076740265,-0.000280030129943043,0.31836578249931335
3140,27.406721115112305,29.178686141967773,0.4985124170780182,0.23754097521305084,-0.0014484610874205828,0.31769075989723206
3141,27.602184295654297,32.232810974121094,0.4999047517776489,0.23753871023654938,-0.0017802141373977065,0.31537553668022156
3142,27.604324340820312,31.769838333129883,0.5000895261764526,0.2375408411026001,-0.0028179949149489403,0.31596770882606506
3143,27.702123641967773,33.02064514160156,0.49919241666793823,0.23752166330814362,-0.0013559918152168393,0.31417277455329895
3144,27.57939338684082,32.080848693847656,0.49904191493988037,0.2374989092350006,-0.0013581610983237624,0.31458428502082825
3145,27.849218368530273,39.84629440307617,0.4989771246910095,0.23747462034225464,-0.004877273924648762,0.31315913796424866
3146,27.808509826660156,35.358428955078125,0.4987923800945282,0.23744595050811768,-0.006805727258324623,0.31491389870643616
3147,27.850614547729492,42.00440979003906,0.4989447593688965,0.23742090165615082,-0.0027169345412403345,0.3168849050998688
3148,27.820518493652344,38.7032470703125,0.49865713715553284,0.23738901317119598,-0.0014402050292119384,0.31422755122184753
3149,27.865388870239258,38.435604095458984,0.499752402305603,0.2373831421136856,-0.003249440109357238,0.3127744495868683
3150,27.555349349975586,33.8561897277832,0.5008856654167175,0.23740416765213013,-0.0005775860627181828,0.3121626675128937
3151,27.97709846496582,42.27334213256836,0.5003561973571777,0.23741263151168823,0.003753937315195799,0.314044713973999
3152,27.592639923095703,33.90137481689453,0.4988647401332855,0.23738567531108856,0.004979529418051243,0.3149878680706024
3153,27.834434509277344,40.01700973510742,0.5004876255989075,0.23739725351333618,0.006028430070728064,0.312827467918396
3154,27.62693977355957,36.04237365722656,0.50174480676651,0.23743867874145508,0.010175095871090889,0.31375399231910706
3155,27.67843246459961,35.53810119628906,0.5009714365005493,0.23746174573898315,0.009369809180498123,0.31610727310180664
3156,27.84865951538086,38.96588897705078,0.5001943111419678,0.23746636509895325,0.008302176371216774,0.312816858291626
3157,27.640989303588867,34.30616760253906,0.5016552805900574,0.2375056892633438,0.002572836820036173,0.3112490475177765
3158,27.222734451293945,23.749155044555664,0.498712420463562,0.23747511208057404,0.0029707946814596653,0.3125971555709839
3159,27.829833984375,39.284088134765625,0.49930474162101746,0.23745860159397125,0.00029526519938372076,0.31293147802352905
3160,28.02642250061035,44.39427947998047,0.5001599788665771,0.23746240139007568,0.0006786465528421104,0.3132094740867615
3161,27.47201919555664,26.386690139770508,0.49924570322036743,0.23744447529315948,-0.002032838063314557,0.3141898512840271
3162,27.52049446105957,32.91622543334961,0.5008266568183899,0.2374640852212906,-0.007042305544018745,0.312303751707077
3163,27.722469329833984,37.43595504760742,0.5000495314598083,0.2374652773141861,-0.004861782304942608,0.31650665402412415
3164,27.46320915222168,33.227542877197266,0.5002362132072449,0.23747088015079498,-0.006530118174850941,0.3176131844520569
3165,27.81561851501465,37.48796081542969,0.5008495450019836,0.23749107122421265,-0.006542903836816549,0.314342737197876
3166,27.477113723754883,32.06816864013672,0.5019466876983643,0.23753730952739716,-0.0073098973371088505,0.3152983486652374
3167,28.07280731201172,44.85197448730469,0.5004342794418335,0.2375476211309433,-0.005886164493858814,0.315883606672287
3168,27.390018463134766,27.64592933654785,0.5007694959640503,0.23756591975688934,-0.008811861276626587,0.31648877263069153
3169,27.746156692504883,36.286956787109375,0.5014209747314453,0.2375996708869934,-0.007198725361377001,0.31680697202682495
3170,28.266748428344727,48.99520492553711,0.5008742809295654,0.23762042820453644,-0.003573849331587553,0.31411054730415344
3171,27.56509017944336,31.056459426879883,0.5010552406311035,0.2376454919576645,-0.004298403859138489,0.3125670850276947
3172,27.846405029296875,38.11962890625,0.5014457106590271,0.2376798540353775,-0.0057123941369354725,0.3145274519920349
3173,27.75996971130371,39.93627166748047,0.49967044591903687,0.23767201602458954,-0.008969214744865894,0.31365320086479187
3174,27.42970848083496,28.05657196044922,0.4995124042034149,0.23766042292118073,-0.012079215608537197,0.3153075575828552
3175,27.769948959350586,38.232177734375,0.5005333423614502,0.2376730889081955,-0.016153398901224136,0.3140501379966736
3176,27.73358917236328,35.83591079711914,0.4998190402984619,0.23766878247261047,-0.016325978562235832,0.3125910460948944
3177,27.68084144592285,35.85055923461914,0.4998742938041687,0.2376657873392105,-0.01745937019586563,0.3141566812992096
3178,28.323884963989258,49.85990905761719,0.49966663122177124,0.23765787482261658,-0.02116391807794571,0.3144080340862274
3179,27.87162208557129,40.238616943359375,0.49929141998291016,0.23764103651046753,-0.02396423928439617,0.3135899603366852
3180,27.73387336730957,34.476585388183594,0.4981333613395691,0.23759667575359344,-0.02615584433078766,0.316297709941864
3181,27.91222381591797,39.01408767700195,0.4982609748840332,0.2375553548336029,-0.029108278453350067,0.3134767711162567
3182,27.968381881713867,40.813812255859375,0.4997923970222473,0.23755042254924774,-0.029382245615124702,0.3147121071815491
3183,27.633764266967773,33.77703094482422,0.49835044145584106,0.23751123249530792,-0.028116362169384956,0.31694135069847107
3184,27.589872360229492,35.029754638671875,0.5003066658973694,0.23751850426197052,-0.025360025465488434,0.3152470588684082
3185,27.567420959472656,33.1559944152832,0.49898284673690796,0.2374943494796753,-0.02420780435204506,0.3161855936050415
3186,27.75737190246582,35.23697280883789,0.49903810024261475,0.23747150599956512,-0.02610667236149311,0.3113864064216614
3187,27.929168701171875,38.7830810546875,0.49969717860221863,0.2374643087387085,-0.02402390167117119,0.31485840678215027
3188,28.138208389282227,43.86124038696289,0.49895811080932617,0.2374395728111267,-0.02268647402524948,0.31431132555007935
3189,27.770038604736328,35.98239517211914,0.5010647773742676,0.23746484518051147,-0.0211488027125597,0.3177085816860199
3190,27.752727508544922,38.68315505981445,0.4997504651546478,0.23745891451835632,-0.019339218735694885,0.3152323067188263
3191,28.105758666992188,41.587005615234375,0.4997600018978119,0.23745320737361908,-0.017339425161480904,0.31359878182411194
3192,28.237239837646484,47.44739532470703,0.4987238049507141,0.2374228984117508,-0.018566206097602844,0.3127400577068329
3193,27.461889266967773,27.852901458740234,0.4985467195510864,0.23738840222358704,-0.014686998911201954,0.3132343888282776
3194,27.626951217651367,29.937610626220703,0.5012590289115906,0.2374182790517807,-0.011390071362257004,0.31397169828414917
3195,27.6998348236084,35.6312141418457,0.5003219246864319,0.23742592334747314,-0.009889055974781513,0.31486204266548157
3196,27.378339767456055,22.89149284362793,0.5009351968765259,0.23744811117649078,-0.005545263644307852,0.31211695075035095
3197,27.483848571777344,29.412508010864258,0.5009351968765259,0.23747029900550842,-0.004977460950613022,0.3145540654659271
3198,27.64474105834961,32.98283004760742,0.501030445098877,0.23749475181102753,-0.0030709540005773306,0.3148878812789917
3199,27.752811431884766,34.50745391845703,0.5002933740615845,0.23750171065330505,-0.005436779465526342,0.3157542645931244
3200,27.899904251098633,40.010318756103516,0.5009790658950806,0.23752495646476746,-0.006077353376895189,0.3154411017894745
3201,27.750364303588867,35.081058502197266,0.5011314153671265,0.23755182325839996,-0.0013998448848724365,0.3153703510761261
3202,27.56640625,30.789926528930664,0.502070426940918,0.23760101199150085,0.00030663146753795445,0.315106064081192
3203,27.360414505004883,26.54022789001465,0.5013733506202698,0.23763364553451538,0.0019541773945093155,0.3168891668319702
3204,27.26213836669922,24.493026733398438,0.5027486085891724,0.2376989722251892,0.0008662330219522119,0.31579792499542236
3205,28.1529541015625,46.18214416503906,0.5019542574882507,0.23774541914463043,0.0006495043635368347,0.31725621223449707
3206,27.276254653930664,27.201745986938477,0.5016894936561584,0.23778557777404785,-0.0027060192078351974,0.31492793560028076
3207,28.02599334716797,45.11168670654297,0.5025314092636108,0.237845778465271,-0.003299763659015298,0.31646329164505005
3208,27.836702346801758,36.34522247314453,0.501542866230011,0.23788246512413025,-0.003914860542863607,0.31328284740448
3209,27.912015914916992,41.89500427246094,0.5018019080162048,0.23792533576488495,-0.006120297126471996,0.3103445768356323
3210,28.30052947998047,46.93430709838867,0.501681923866272,0.23796536028385162,0.0001389120880048722,0.3122023642063141
3211,27.57210922241211,36.540863037109375,0.5018038153648376,0.2380082756280899,0.0009472882375121117,0.3136589229106903
3212,27.53949737548828,36.32668685913086,0.5012171864509583,0.23803724348545074,0.00018706019909586757,0.3171519339084625
3213,27.659395217895508,35.15620422363281,0.5002171993255615,0.238042414188385,-0.0008486564620397985,0.3171362578868866
3214,27.47834014892578,28.857208251953125,0.5008495450019836,0.23806264996528625,-0.001769165275618434,0.3125951290130615
3215,27.393030166625977,29.147008895874023,0.4995828866958618,0.23805271089076996,-0.00416281633079052,0.3126835525035858
3216,27.72210121154785,40.0425910949707,0.49964380264282227,0.23804423213005066,-0.003608131082728505,0.31240707635879517
3217,28.148670196533203,42.320289611816406,0.5000056624412537,0.2380443811416626,-0.006418313831090927,0.31719037890434265
3218,27.775405883789062,38.92280960083008,0.4991866648197174,0.2380250096321106,-0.005760618951171637,0.31554532051086426
3219,27.98114585876465,40.6936149597168,0.49971428513526917,0.2380182147026062,-0.00484130997210741,0.3163371980190277
3220,28.044204711914062,45.10367965698242,0.4995104670524597,0.2380065619945526,-0.003327373182401061,0.31537431478500366
3221,27.812213897705078,39.45762252807617,0.4988533556461334,0.23797926306724548,-0.004704052582383156,0.31565091013908386
3222,27.60396957397461,33.726898193359375,0.4983561635017395,0.23794014751911163,-0.005598966497927904,0.31527259945869446
3223,27.809173583984375,36.70574951171875,0.4983561635017395,0.23790103197097778,-0.004917704500257969,0.31283965706825256
3224,27.521774291992188,32.271968841552734,0.49854475259780884,0.23786640167236328,-0.001003862009383738,0.31189069151878357
3225,27.805673599243164,39.104000091552734,0.4990304708480835,0.2378433346748352,-1.0197449000770575e-06,0.3146863579750061
3226,27.50934410095215,33.316768646240234,0.4992018938064575,0.23782435059547424,0.0010380620369687676,0.3156661093235016
3227,28.271318435668945,45.039756774902344,0.49985143542289734,0.2378208190202713,-0.00030216490267775953,0.31326109170913696
3228,27.490888595581055,30.852256774902344,0.498906672000885,0.23779481649398804,0.0015981185715645552,0.3142153322696686
3229,28.081104278564453,40.51778793334961,0.5003238320350647,0.23780252039432526,0.0017221120651811361,0.3155204653739929
3230,27.299320220947266,25.030519485473633,0.5005085468292236,0.23781462013721466,0.002500628586858511,0.3165852129459381
3231,28.021272659301758,39.30656433105469,0.49888190627098083,0.23778802156448364,-0.0006358874961733818,0.31671667098999023
3232,27.6148738861084,34.82012939453125,0.5009257197380066,0.23781004548072815,-0.0019870675168931484,0.31601807475090027
3233,27.82225227355957,37.232845306396484,0.5006514191627502,0.23782552778720856,-0.0029143181163817644,0.3172770142555237
3234,27.684188842773438,37.64552688598633,0.5013599991798401,0.2378578782081604,-0.003362516174092889,0.3168308436870575
3235,27.683307647705078,36.73196029663086,0.5019561648368835,0.2379044145345688,0.00022148413700051606,0.31771525740623474
3236,27.518749237060547,30.334575653076172,0.5019790530204773,0.23795148730278015,-0.001616896130144596,0.3156507909297943
3237,27.40158462524414,28.23213005065918,0.5020990371704102,0.23800143599510193,-0.003602375043556094,0.31548163294792175
3238,27.874509811401367,39.9124641418457,0.5018742680549622,0.23804603517055511,-0.006894255988299847,0.3139555752277374
3239,27.49178123474121,27.49184226989746,0.5018609166145325,0.23809033632278442,-0.005427766591310501,0.3156675100326538
3240,27.659156799316406,32.09016799926758,0.5016876459121704,0.23813052475452423,-0.009484684094786644,0.31835073232650757
3241,27.803499221801758,40.597007751464844,0.5019237995147705,0.2381763458251953,-0.009209729731082916,0.3165135979652405
3242,27.629119873046875,32.46513366699219,0.5022248029708862,0.23822931945323944,-0.008464142680168152,0.3169263005256653
3243,27.767549514770508,39.47501754760742,0.501714289188385,0.23827016353607178,-0.007561828475445509,0.31875941157341003
3244,27.741954803466797,34.95187759399414,0.5010761618614197,0.2382958084344864,-0.002110302448272705,0.3169861137866974
3245,27.289264678955078,26.35724449157715,0.5012494921684265,0.2383255809545517,-0.0014481222024187446,0.3165646493434906
3246,28.006420135498047,41.19313049316406,0.5029581189155579,0.2383960634469986,0.0014638797147199512,0.3156117796897888
3247,27.695589065551758,38.09218215942383,0.5018495321273804,0.23844017088413239,0.0025769469793885946,0.31706708669662476
3248,27.411958694458008,27.9763126373291,0.5018724203109741,0.23848482966423035,0.004916211124509573,0.3179342448711395
3249,28.035289764404297,44.634765625,0.5007676482200623,0.23850314319133759,0.006179542280733585,0.3169686496257782
3250,28.114574432373047,44.081722259521484,0.5023371577262878,0.23855890333652496,0.006851182784885168,0.3164159953594208
3251,28.338048934936523,46.82424545288086,0.5023238062858582,0.23861433565616608,0.007340464740991592,0.3163641393184662
3252,27.56805419921875,32.47966384887695,0.5004361867904663,0.23862475156784058,0.005864973179996014,0.3175228536128998
3253,27.74799346923828,38.77985382080078,0.501297116279602,0.2386557012796402,0.0053587197326123714,0.3166444003582001
3254,27.806360244750977,36.914249420166016,0.5021580457687378,0.23870719969272614,0.005269340705126524,0.31698158383369446
3255,27.638479232788086,35.08245086669922,0.501146674156189,0.23873457312583923,0.006118699908256531,0.316767156124115
3256,27.642343521118164,34.380252838134766,0.49893718957901,0.2387091964483261,0.0076380083337426186,0.31658467650413513
3257,27.57724380493164,30.129039764404297,0.49984192848205566,0.23870542645454407,0.0060445512644946575,0.317248672246933
3258,27.648876190185547,29.62333106994629,0.5001772046089172,0.23870967328548431,0.008256890811026096,0.31707823276519775
3259,27.99826431274414,43.306678771972656,0.5010666847229004,0.2387351393699646,0.0035084004048258066,0.317256361246109
3260,27.784486770629883,39.02846908569336,0.49972569942474365,0.2387285977602005,0.002293131547048688,0.31726551055908203
3261,27.445438385009766,29.616281509399414,0.4994419515132904,0.2387152761220932,0.001533453119918704,0.31654030084609985
3262,28.116186141967773,44.91871643066406,0.49943429231643677,0.23870177567005157,0.0037385968025773764,0.3136647045612335
3263,27.893024444580078,40.18553924560547,0.4987218677997589,0.23867127299308777,-5.436702485894784e-05,0.31498318910598755
3264,27.671783447265625,30.45119857788086,0.497925728559494,0.2386217713356018,-0.004397605080157518,0.31353655457496643
3265,27.674406051635742,31.92076873779297,0.49942857027053833,0.23860813677310944,-0.004713406786322594,0.3174050748348236
3266,28.02989387512207,41.5592155456543,0.49962857365608215,0.2385992705821991,-0.004704437684267759,0.31685933470726013
3267,27.856914520263672,39.255435943603516,0.4996781051158905,0.23859159648418427,-0.008676756173372269,0.3146221339702606
3268,27.568405151367188,31.737152099609375,0.5003067255020142,0.23859891295433044,-0.008504432626068592,0.31492114067077637
3269,27.28230857849121,23.459991455078125,0.49980759620666504,0.23859432339668274,-0.011978351511061192,0.31504034996032715
3270,28.265939712524414,42.40815353393555,0.5000513792037964,0.23859554529190063,-0.011681013740599155,0.3148387372493744
3271,27.709733963012695,33.45560836791992,0.500139057636261,0.23859886825084686,-0.012574221007525921,0.31493744254112244
3272,28.159191131591797,43.89945602416992,0.5001772046089172,0.23860310018062592,-0.011288954876363277,0.3178638815879822
3273,27.67426109313965,29.617725372314453,0.5001943111419678,0.2386077344417572,-0.011801161803305149,0.3177262544631958
3274,27.85146713256836,41.799861907958984,0.5003790259361267,0.23861677944660187,-0.007230032701045275,0.317857027053833
3275,27.655569076538086,34.536556243896484,0.5005942583084106,0.23863095045089722,-0.009133913554251194,0.32018670439720154
3276,27.780261993408203,39.54163360595703,0.5001676678657532,0.23863495886325836,-0.010041714645922184,0.3191360831260681
3277,27.741012573242188,33.475677490234375,0.5001276731491089,0.2386379987001419,-0.008688868954777718,0.3154557943344116
3278,27.751577377319336,35.07087707519531,0.5002743005752563,0.238644540309906,-0.01073254831135273,0.31778958439826965
3279,27.980499267578125,38.0023307800293,0.49910667538642883,0.2386232167482376,-0.010133075527846813,0.3168473243713379
3280,28.073575973510742,42.51404571533203,0.5005924105644226,0.23863735795021057,-0.011536618694663048,0.31731805205345154
3281,27.717510223388672,36.79298400878906,0.5005371570587158,0.23865018784999847,-0.01076047308743,0.318429172039032
3282,27.896800994873047,36.86865997314453,0.5002514123916626,0.2386561930179596,-0.010924212634563446,0.31549668312072754
3283,27.745834350585938,36.18690490722656,0.4995124042034149,0.2386445552110672,-0.007308728061616421,0.31709131598472595
3284,27.732593536376953,35.13796615600586,0.5007409453392029,0.2386622428894043,-0.007334745954722166,0.3173876404762268
3285,27.609724044799805,33.10837173461914,0.5002533197402954,0.2386682778596878,-0.006402655970305204,0.3174610733985901
3286,27.692659378051758,31.87161636352539,0.501350462436676,0.2387005090713501,-0.007317072711884975,0.3173459768295288
3287,27.600767135620117,33.985374450683594,0.5000247359275818,0.23870110511779785,-0.007449826691299677,0.3160788416862488
3288,28.07819175720215,41.99733352661133,0.5002894997596741,0.2387080192565918,-0.008657393045723438,0.3138415515422821
3289,28.194475173950195,45.231449127197266,0.500426709651947,0.2387182116508484,-0.008214353583753109,0.31600508093833923
3290,27.550119400024414,31.26715850830078,0.5007466673851013,0.23873603343963623,-0.010271219536662102,0.3164004683494568
3291,27.86603355407715,37.65904998779297,0.5002152323722839,0.2387411892414093,-0.012347795069217682,0.3143306076526642
3292,28.132732391357422,44.48393249511719,0.4994361996650696,0.23872773349285126,-0.01281748991459608,0.31549072265625
3293,28.059587478637695,44.029598236083984,0.49909713864326477,0.23870617151260376,-0.01878286525607109,0.31617188453674316
3294,27.657899856567383,33.70880126953125,0.49844950437545776,0.23866917192935944,-0.01621151529252529,0.3169974386692047
3295,27.383604049682617,25.618070602416992,0.49884194135665894,0.23864153027534485,-0.017136333510279655,0.31761327385902405
3296,27.888769149780273,38.83295440673828,0.49943429231643677,0.23862802982330322,-0.01786324568092823,0.31636783480644226
3297,27.50274658203125,29.035680770874023,0.49861714243888855,0.23859503865242004,-0.014790360815823078,0.31645604968070984
3298,27.52924156188965,32.010982513427734,0.4989924132823944,0.23857100307941437,-0.01626090705394745,0.3163202702999115
3299,27.382184982299805,26.55559730529785,0.4986419081687927,0.23853860795497894,-0.014842649921774864,0.3143269121646881
3300,27.93536949157715,37.30599594116211,0.49847620725631714,0.23850226402282715,-0.013310665264725685,0.3161456286907196
3301,27.765653610229492,39.3444938659668,0.4997105002403259,0.2384953498840332,-0.015986336395144463,0.31427860260009766
3302,27.6502742767334,33.79623794555664,0.49939242005348206,0.23848086595535278,-0.015337778255343437,0.3130282163619995
3303,27.720611572265625,31.958187103271484,0.4989752471446991,0.23845642805099487,-0.013279449194669724,0.3147791028022766
3304,27.769723892211914,40.14863586425781,0.4982285797595978,0.23841418325901031,-0.014152489602565765,0.31824156641960144
3305,27.609909057617188,32.09554672241211,0.49946093559265137,0.23840133845806122,-0.016538212075829506,0.31677135825157166
3306,28.036489486694336,43.671939849853516,0.500847578048706,0.23842154443264008,-0.015072152949869633,0.3160780966281891
3307,27.845163345336914,39.29986572265625,0.4985980987548828,0.23838812112808228,-0.017355572432279587,0.3184342384338379
3308,28.039255142211914,44.333045959472656,0.4999885857105255,0.2383878529071808,-0.01668468490242958,0.3153657913208008
3309,27.535043716430664,31.742345809936523,0.4999885857105255,0.2383875846862793,-0.019469140097498894,0.3162802457809448
3310,27.68222999572754,35.79058837890625,0.5000686049461365,0.23838923871517181,-0.017973801121115685,0.3183087408542633
3311,27.791244506835938,40.72708511352539,0.5001752376556396,0.2383934110403061,-0.01882346346974373,0.3163718581199646
3312,27.75764274597168,35.21910095214844,0.49950093030929565,0.2383815199136734,-0.018454430624842644,0.31526267528533936
3313,27.535314559936523,33.15628433227539,0.49942857027053833,0.23836790025234222,-0.019808419048786163,0.31273820996284485
3314,27.633094787597656,32.609432220458984,0.5002304315567017,0.23837338387966156,-0.02312290295958519,0.31370702385902405
3315,27.42704963684082,28.537893295288086,0.4995390474796295,0.2383624017238617,-0.0213947556912899,0.31270918250083923
3316,28.218170166015625,46.80869674682617,0.500449538230896,0.23837311565876007,-0.022528361529111862,0.3135620653629303
3317,27.49329376220703,32.52249526977539,0.5018990635871887,0.23841838538646698,-0.02499333769083023,0.31506651639938354
3318,28.29014015197754,47.418373107910156,0.49948951601982117,0.2384062260389328,-0.02870003879070282,0.3183554708957672
3319,27.531198501586914,34.8148078918457,0.500449538230896,0.23841693997383118,-0.030849862843751907,0.31812798976898193
3320,27.950777053833008,40.72502899169922,0.5011714100837708,0.23844487965106964,-0.02821497432887554,0.3167657256126404
3321,27.387990951538086,28.449134826660156,0.5003467202186584,0.23845314979553223,-0.027160098776221275,0.31293290853500366
3322,27.95711898803711,40.743831634521484,0.49950671195983887,0.2384413778781891,-0.01903746835887432,0.31743669509887695
3323,27.791210174560547,41.15220260620117,0.4993390440940857,0.238425612449646,-0.01890205591917038,0.3157269358634949
3324,27.93290901184082,41.4632568359375,0.49962475895881653,0.2384166568517685,-0.016353709623217583,0.31729280948638916
3325,27.761032104492188,35.032264709472656,0.49961522221565247,0.23840747773647308,-0.013794638216495514,0.31567496061325073
3326,27.764184951782227,38.23761749267578,0.5002133250236511,0.23841255903244019,-0.010304338298738003,0.3185504376888275
3327,27.687580108642578,34.74186325073242,0.4988647401332855,0.23838548362255096,-0.006213345564901829,0.31911373138427734
3328,27.704334259033203,36.95781326293945,0.499325692653656,0.238369420170784,-0.0035527762956917286,0.31584861874580383
3329,27.579181671142578,32.20106887817383,0.49985143542289734,0.23836588859558105,0.0013377477880567312,0.31796443462371826
3330,27.92466163635254,41.34896469116211,0.5006590485572815,0.23838160932064056,0.006222150754183531,0.31724271178245544
3331,28.05927085876465,43.554508209228516,0.4991162121295929,0.23836053907871246,0.011282116174697876,0.31822335720062256
3332,27.748313903808594,34.99874496459961,0.5001276135444641,0.238363578915596,0.014028122648596764,0.31483185291290283
3333,27.629322052001953,34.458885192871094,0.4989657402038574,0.23833893239498138,0.017433881759643555,0.31789615750312805
3334,27.76987648010254,36.107421875,0.5001981258392334,0.23834365606307983,0.02065485529601574,0.3163608908653259
3335,27.539091110229492,35.157981872558594,0.5001047253608704,0.2383461594581604,0.021086053922772408,0.3176608979701996
3336,27.677114486694336,34.44380187988281,0.5004000067710876,0.23835571110248566,0.023712456226348877,0.31713277101516724
3337,27.808591842651367,38.623111724853516,0.500356137752533,0.23836420476436615,0.02615911141037941,0.31656548380851746
3338,27.925479888916016,38.656734466552734,0.5009428262710571,0.23838667571544647,0.028093045577406883,0.3128703832626343
3339,27.847515106201172,38.02095413208008,0.5003028512001038,0.2383938878774643,0.030171513557434082,0.31538620591163635
3340,27.68378257751465,36.7415885925293,0.5005714297294617,0.23840750753879547,0.0340222492814064,0.31604889035224915
3341,27.562990188598633,29.573148727416992,0.5012742877006531,0.23843789100646973,0.033731937408447266,0.31694379448890686
3342,27.626684188842773,33.22970199584961,0.5006971955299377,0.23845452070236206,0.03370923921465874,0.31606605648994446
3343,27.604944229125977,31.32837677001953,0.501038134098053,0.23847928643226624,0.03163743391633034,0.31543490290641785
3344,27.719736099243164,32.682769775390625,0.5020819306373596,0.23852892220020294,0.029497290030121803,0.3174193501472473
3345,27.925029754638672,40.283905029296875,0.500278115272522,0.2385355532169342,0.027934836223721504,0.3159317970275879
3346,27.97504425048828,40.763893127441406,0.5006380677223206,0.23855076730251312,0.024231059476733208,0.31686490774154663
3347,27.987958908081055,40.6818962097168,0.5011581182479858,0.2385784089565277,0.018855798989534378,0.31892457604408264
3348,27.355426788330078,29.712247848510742,0.5016628503799438,0.23861809074878693,0.018267245963215828,0.31531211733818054
3349,27.563074111938477,32.874141693115234,0.5008742809295654,0.23863893747329712,0.014097900129854679,0.314965158700943
3350,27.889436721801758,38.83633041381836,0.5000342726707458,0.23863975703716278,0.012178337201476097,0.3158010244369507
3351,27.5591983795166,33.03893280029297,0.4987542927265167,0.23861002922058105,0.008693787269294262,0.31435269117355347
3352,27.504438400268555,30.53078842163086,0.49933716654777527,0.23859421908855438,0.006452497560530901,0.31418073177337646
3353,27.49692726135254,32.23802185058594,0.49947428703308105,0.23858167231082916,0.005592416040599346,0.3170914947986603
3354,27.934751510620117,40.82647705078125,0.49935808777809143,0.2385663539171219,0.004863611422479153,0.31674718856811523
3355,27.594511032104492,35.65604019165039,0.49913522601127625,0.2385457158088684,-0.0001700092980172485,0.3186129927635193
3356,27.604581832885742,33.0196647644043,0.4983828365802765,0.23850713670253754,-0.0011951002525165677,0.3137440085411072
3357,27.724172592163086,37.462955474853516,0.4995104670524597,0.23849546909332275,-0.001950411475263536,0.31360262632369995
3358,27.82871437072754,37.39894104003906,0.49975812435150146,0.23848970234394073,-0.007350964937359095,0.31752246618270874
3359,28.041608810424805,43.52579116821289,0.4996114671230316,0.23848043382167816,-0.010892575606703758,0.31527671217918396
3360,28.04263687133789,41.752140045166016,0.49957525730133057,0.23847030103206635,-0.01828174851834774,0.31477561593055725
3361,27.60021209716797,34.59197235107422,0.4992857277393341,0.23845326900482178,-0.022599896416068077,0.3131699860095978
3362,27.74078369140625,34.22864532470703,0.5001257061958313,0.23845624923706055,-0.02496368996798992,0.31477898359298706
3363,27.50094223022461,27.939199447631836,0.4988457262516022,0.23842871189117432,-0.025105439126491547,0.31396546959877014
3364,27.73118019104004,34.09394836425781,0.4996476471424103,0.238420307636261,-0.02496565878391266,0.31165069341659546
3365,27.423749923706055,27.613283157348633,0.5006838440895081,0.23843662440776825,-0.023316893726587296,0.3162384629249573
3366,27.721763610839844,37.26925277709961,0.5003257393836975,0.23844438791275024,-0.021567977964878082,0.3159908652305603
3367,27.686731338500977,36.30186080932617,0.49912190437316895,0.2384234517812729,-0.02266005240380764,0.3142383396625519
3368,27.428001403808594,30.68808364868164,0.5003600120544434,0.23843203485012054,-0.026272084563970566,0.313829630613327
3369,27.694974899291992,34.77606201171875,0.49994096159935,0.23843063414096832,-0.023524731397628784,0.3119872808456421
3370,27.75869369506836,32.135616302490234,0.49968382716178894,0.23842310905456543,-0.020743470638990402,0.3150271475315094
3371,27.57456398010254,34.021366119384766,0.5017485618591309,0.23846480250358582,-0.020165549591183662,0.31463873386383057
3372,27.83124351501465,38.104129791259766,0.502240002155304,0.23851822316646576,-0.020261568948626518,0.312820166349411
3373,27.600858688354492,33.3582878112793,0.5002418756484985,0.23852398991584778,-0.018437150865793228,0.3111088275909424
3374,27.56839942932129,32.19114303588867,0.501039981842041,0.23854878544807434,-0.015139992348849773,0.3142135739326477
3375,27.914329528808594,42.2976188659668,0.5023371577262878,0.23860454559326172,-0.013013026677072048,0.31482255458831787
3376,27.648908615112305,35.0980339050293,0.5024037957191467,0.23866188526153564,-0.012484601698815823,0.31307893991470337
3377,27.605863571166992,33.05329132080078,0.5022799968719482,0.23871630430221558,-0.010247919708490372,0.3156636953353882
3378,27.624387741088867,35.12114715576172,0.5014438033103943,0.23875077068805695,-0.00941221509128809,0.31685391068458557
3379,27.431324005126953,28.198978424072266,0.5012571811676025,0.23878079652786255,-0.00850084237754345,0.3146747946739197
3380,27.492847442626953,31.420495986938477,0.5017200112342834,0.2388218641281128,-0.005601720418781042,0.3142499327659607
3381,27.28784942626953,26.45152473449707,0.5028647780418396,0.23889027535915375,-0.006401321850717068,0.3146950900554657
3382,27.7325439453125,34.93095397949219,0.5012266635894775,0.23891958594322205,-0.004675370175391436,0.31195327639579773
3383,27.509531021118164,31.37429428100586,0.502474308013916,0.23897871375083923,-0.0037161498330533504,0.3137117326259613
3384,27.843935012817383,41.513763427734375,0.5018742680549622,0.23902349174022675,-0.0041634575463831425,0.31626060605049133
3385,27.6810359954834,34.601829528808594,0.5027847290039062,0.23909005522727966,-0.0037917180452495813,0.3151421546936035
3386,27.89285659790039,42.5640869140625,0.502015233039856,0.23913821578025818,-0.002290015807375312,0.3161485195159912
3387,27.550739288330078,30.762779235839844,0.5024381279945374,0.2391965091228485,-0.0016484546940773726,0.3155876696109772
3388,27.61112403869629,38.18971252441406,0.5015352368354797,0.23923324048519135,-0.003490641014650464,0.3182036876678467
3389,27.716102600097656,38.355995178222656,0.5008952021598816,0.2392546534538269,0.0008288879180327058,0.319406658411026
3390,27.592660903930664,35.59232711791992,0.5004038214683533,0.2392643243074417,0.004051379393786192,0.314828097820282
3391,28.069259643554688,45.114505767822266,0.5002838373184204,0.2392711192369461,0.006564166862517595,0.3156224489212036
3392,27.789485931396484,40.023773193359375,0.4997333586215973,0.23926474153995514,0.009611408226191998,0.314165323972702
3393,27.576765060424805,34.90167999267578,0.5003809928894043,0.23927387595176697,0.010620404034852982,0.31575363874435425
3394,28.072429656982422,44.71636962890625,0.49901333451271057,0.2392502725124359,0.011801013723015785,0.3134128749370575
3395,27.49472427368164,35.727210998535156,0.4994419515132904,0.23923692107200623,0.011325472965836525,0.3173132836818695
3396,27.677644729614258,34.55547332763672,0.5002952218055725,0.2392439991235733,0.012592574581503868,0.3155691623687744
3397,27.66244888305664,35.248111724853516,0.5007942914962769,0.23926299810409546,0.017847899347543716,0.31610724329948425
3398,27.649089813232422,36.65991973876953,0.499798059463501,0.23925817012786865,0.01992006227374077,0.3178922235965729
3399,27.819339752197266,39.69285583496094,0.500085711479187,0.2392602264881134,0.025869673117995262,0.3169521987438202
3400,27.252429962158203,23.394367218017578,0.49900761246681213,0.2392364889383316,0.02712773159146309,0.31701865792274475
3401,27.977319717407227,44.893741607666016,0.49960190057754517,0.23922696709632874,0.03145483136177063,0.3178847134113312
3402,27.49415397644043,33.25754928588867,0.5020990371704102,0.239277184009552,0.03127925097942352,0.3193504214286804
3403,27.77468490600586,34.31403350830078,0.49953335523605347,0.2392660230398178,0.03657162934541702,0.32089921832084656
3404,27.76289939880371,39.02691650390625,0.5015733242034912,0.23930367827415466,0.0406433641910553,0.3157666325569153
3405,27.591604232788086,33.226417541503906,0.5009180903434753,0.2393256425857544,0.04175359755754471,0.3174212574958801
3406,27.73931884765625,35.19287872314453,0.5006362199783325,0.2393408715724945,0.044026367366313934,0.31736841797828674
3407,27.432811737060547,26.760635375976562,0.5020704865455627,0.23939043283462524,0.047907907515764236,0.3157506585121155
3408,27.867368698120117,37.438758850097656,0.5008609890937805,0.23941104114055634,0.050152625888586044,0.3183307945728302
3409,27.58160972595215,32.4481201171875,0.49905142188072205,0.2393883317708969,0.04809218645095825,0.32037612795829773
3410,27.681669235229492,32.610408782958984,0.5034494996070862,0.23947091400623322,0.04778293892741203,0.31914329528808594
3411,27.893638610839844,42.359100341796875,0.5014076232910156,0.2395046353340149,0.0489303395152092,0.31709372997283936
3412,27.583003997802734,33.54149627685547,0.5014914274215698,0.23954035341739655,0.04700819402933121,0.3161240518093109
3413,27.573373794555664,34.49826431274414,0.5016209483146667,0.2395791858434677,0.04538777098059654,0.3179301917552948
3414,27.63482093811035,35.724449157714844,0.5011123418807983,0.2396058291196823,0.0417000874876976,0.31833040714263916
3415,27.71935272216797,37.35819625854492,0.5011390447616577,0.23963314294815063,0.038925688713788986,0.3159079849720001
3416,27.516956329345703,34.15260696411133,0.5024247765541077,0.23969124257564545,0.032583389431238174,0.3182126581668854
3417,27.769893646240234,38.92820358276367,0.5007676482200623,0.23970964550971985,0.027136731892824173,0.318987101316452
3418,27.507524490356445,30.659826278686523,0.5007714033126831,0.2397281378507614,0.023202791810035706,0.3161018192768097
3419,27.985614776611328,43.33068084716797,0.500535249710083,0.23974096775054932,0.023311030119657516,0.31515949964523315
3420,27.979629516601562,42.39601516723633,0.4997105002403259,0.23973402380943298,0.018772367388010025,0.3157814145088196
3421,27.774547576904297,37.83399963378906,0.500954270362854,0.23975688219070435,0.011294499039649963,0.31457391381263733
3422,27.763460159301758,37.50733184814453,0.5000514388084412,0.23975810408592224,0.009211509488523006,0.31618329882621765
3423,27.410091400146484,28.694183349609375,0.5001923441886902,0.23976270854473114,0.008572910912334919,0.3191547393798828
3424,27.659473419189453,36.62692642211914,0.4993675947189331,0.2397475391626358,0.007592190522700548,0.31957629323005676
3425,27.568157196044922,32.45534133911133,0.5017200112342834,0.23978878557682037,0.007471982855349779,0.31883886456489563
3426,27.603614807128906,34.467586517333984,0.5015695691108704,0.23982642590999603,0.005834570620208979,0.31881076097488403
3427,27.51650619506836,34.44417953491211,0.5004571080207825,0.2398373782634735,0.007826643995940685,0.31766894459724426
3428,27.590177536010742,30.044689178466797,0.5009561777114868,0.23986031115055084,0.009931518696248531,0.3173145055770874
3429,27.41514015197754,28.512678146362305,0.5010818839073181,0.23988626897335052,0.005664666648954153,0.31609347462654114
3430,27.41904640197754,29.414297103881836,0.5018495321273804,0.2399306446313858,0.002939788158982992,0.31596946716308594
3431,27.548139572143555,30.290185928344727,0.5004952549934387,0.2399425208568573,0.003901890479028225,0.3161906898021698
3432,27.560701370239258,33.583229064941406,0.5017771124839783,0.2399851679801941,0.0019110970897600055,0.31959593296051025
3433,27.63041877746582,34.89913558959961,0.5018819570541382,0.24003033339977264,-0.0012688057031482458,0.31891438364982605
3434,27.74764633178711,41.52206039428711,0.501211404800415,0.24005940556526184,-0.004481031559407711,0.31670811772346497
3435,27.954124450683594,43.27306365966797,0.5011237859725952,0.2400863915681839,-0.003792381379753351,0.31659364700317383
3436,27.630146026611328,37.24120330810547,0.5017276406288147,0.24012786149978638,-0.00361463101580739,0.31694725155830383
3437,28.066823959350586,42.368343353271484,0.5010781288146973,0.2401537448167801,-0.0038406469393521547,0.31663042306900024
3438,27.177160263061523,21.44920539855957,0.5008800029754639,0.24017487466335297,-0.003840652061626315,0.3172432780265808
3439,27.503557205200195,30.950119018554688,0.5010133385658264,0.24019920825958252,-0.005003356374800205,0.31721043586730957
3440,27.36185646057129,26.82610321044922,0.5001257061958313,0.24020221829414368,-0.005405804142355919,0.31551647186279297
3441,27.657264709472656,36.030277252197266,0.5004438161849976,0.24021287262439728,-0.0032642486039549112,0.3150946795940399
3442,27.7222900390625,39.96467971801758,0.499891459941864,0.24021026492118835,-0.0021920427680015564,0.31569647789001465
3443,27.535079956054688,29.49799156188965,0.4995199739933014,0.2401987463235855,-7.015411392785609e-05,0.3172748386859894
3444,27.36244773864746,27.234859466552734,0.4995638132095337,0.24018827080726624,0.002822649199515581,0.31658637523651123
3445,27.303693771362305,27.198869705200195,0.4998856782913208,0.24018552899360657,0.005740768741816282,0.31538400053977966
3446,27.32202911376953,31.96654510498047,0.5000266432762146,0.2401861548423767,0.006831485312432051,0.3147110342979431
3447,27.53111457824707,34.973175048828125,0.498038113117218,0.24013902246952057,0.009903297759592533,0.31600984930992126
3448,27.71994972229004,38.03025817871094,0.499266654253006,0.24012142419815063,0.008929445408284664,0.31534239649772644
3449,27.844398498535156,43.030357360839844,0.4993523955345154,0.24010588228702545,0.006635645404458046,0.3135373592376709
3450,27.689998626708984,38.424747467041016,0.4995504915714264,0.2400950938463211,0.0068501378409564495,0.31326940655708313
3451,28.07262420654297,46.7753791809082,0.49946093559265137,0.24008215963840485,0.010213978588581085,0.3137619197368622
3452,27.48975944519043,33.21162033081055,0.49917903542518616,0.24006246030330658,0.01210637204349041,0.3145690858364105
3453,27.747333526611328,39.1728401184082,0.5007200241088867,0.24007974565029144,0.01602008566260338,0.31451722979545593
3454,27.349679946899414,27.197418212890625,0.499127596616745,0.2400587946176529,0.014888854697346687,0.3170890808105469
3455,28.19209861755371,50.25022888183594,0.5004400014877319,0.24006935954093933,0.015025941655039787,0.31722140312194824
3456,27.492631912231445,31.349292755126953,0.4994799792766571,0.24005688726902008,0.01625344529747963,0.3180055618286133
3457,27.31683349609375,29.186872482299805,0.49805906414985657,0.24001029133796692,0.012196571566164494,0.3171798884868622
3458,27.648357391357422,36.8331298828125,0.49926480650901794,0.2399926483631134,0.00903821550309658,0.3158040940761566
3459,27.53875160217285,36.95913314819336,0.5004762411117554,0.24000409245491028,0.007382133509963751,0.3155939280986786
3460,27.283889770507812,24.49853515625,0.49913525581359863,0.23998333513736725,0.004970746114850044,0.318892240524292
3461,27.945606231689453,40.57034683227539,0.49963998794555664,0.23997469246387482,0.0004919235361739993,0.31661316752433777
3462,27.256868362426758,24.29817771911621,0.49921712279319763,0.23995591700077057,-0.0033199223689734936,0.31864479184150696
3463,27.96847152709961,39.36723327636719,0.49937903881073,0.23994101583957672,-0.005485963076353073,0.3170406222343445
3464,27.139253616333008,21.08477783203125,0.5014837980270386,0.23997662961483002,-0.007069357205182314,0.3153855800628662
3465,27.799509048461914,39.855316162109375,0.5007314085960388,0.23999419808387756,-0.01047018077224493,0.31753450632095337
3466,27.407306671142578,33.58091354370117,0.5001276731491089,0.2399972528219223,-0.01103867869824171,0.3175629675388336
3467,27.04132652282715,21.800060272216797,0.5007981061935425,0.2400164157152176,-0.009307841770350933,0.31671223044395447
3468,27.62516212463379,34.47727966308594,0.5015562176704407,0.24005375802516937,-0.012974905781447887,0.3160368502140045
3469,28.13913917541504,47.43184280395508,0.5019562244415283,0.2401007115840912,-0.016945449635386467,0.31657174229621887
3470,28.05635643005371,43.918663024902344,0.5014761686325073,0.24013614654541016,-0.019304776564240456,0.31604334712028503
3471,27.340633392333984,27.338016510009766,0.5024247765541077,0.24019436538219452,-0.022803569212555885,0.3168814182281494
3472,27.597768783569336,35.14013671875,0.5027790665626526,0.24026110768318176,-0.028489790856838226,0.3180645704269409
3473,27.84206771850586,41.330196380615234,0.5012494921684265,0.24029111862182617,-0.02942007966339588,0.31861162185668945
3474,27.387434005737305,26.224864959716797,0.5016476511955261,0.24033071100711823,-0.03150269761681557,0.3181573152542114
3475,27.591114044189453,33.58319854736328,0.5014818906784058,0.24036632478237152,-0.030027469620108604,0.3155747950077057
3476,27.460615158081055,33.93106460571289,0.49958857893943787,0.2403564453125,-0.03098716214299202,0.31523892283439636
3477,27.383636474609375,29.373674392700195,0.49903810024261475,0.24033331871032715,-0.03287188336253166,0.31685250997543335
3478,27.629533767700195,34.29049301147461,0.4999847412109375,0.2403329461812973,-0.03661956265568733,0.31519320607185364
3479,27.64035415649414,33.56396484375,0.49973905086517334,0.2403266727924347,-0.03511526435613632,0.31650739908218384
3480,27.838682174682617,43.204036712646484,0.49930667877197266,0.24031001329421997,-0.03488355129957199,0.3182738125324249
3481,27.62269401550293,38.65596389770508,0.5004076361656189,0.24031980335712433,-0.03133420646190643,0.32010984420776367
3482,27.43928337097168,29.906326293945312,0.49971240758895874,0.24031290411949158,-0.02700224332511425,0.3181011974811554
3483,27.6718692779541,37.629859924316406,0.49956759810447693,0.24030251801013947,-0.024428794160485268,0.3178553283214569
3484,27.656309127807617,35.022430419921875,0.49959999322891235,0.24029290676116943,-0.02330506220459938,0.31481489539146423
3485,27.567617416381836,33.546443939208984,0.499864786863327,0.24028965830802917,-0.0213328804820776,0.31547409296035767
3486,27.351959228515625,28.769454956054688,0.4988647401332855,0.24026237428188324,-0.02230590209364891,0.31574878096580505
3487,27.793643951416016,39.610877990722656,0.4990324079990387,0.24023912847042084,-0.019398435950279236,0.3170086741447449
3488,27.479522705078125,34.39354705810547,0.49871811270713806,0.24020832777023315,-0.018308687955141068,0.3174014985561371
3489,27.96023178100586,43.634910583496094,0.49871620535850525,0.2401774823665619,-0.018754292279481888,0.31535860896110535
3490,27.56533432006836,37.491233825683594,0.49912381172180176,0.24015644192695618,-0.017727503553032875,0.3158737123012543
3491,27.674854278564453,37.71718215942383,0.4975847601890564,0.24009844660758972,-0.014441825449466705,0.3165382146835327
3492,27.543664932250977,30.635513305664062,0.49620187282562256,0.24000725150108337,-0.01314991433173418,0.3168318569660187
3493,27.76428985595703,37.904563903808594,0.4980114698410034,0.23995952308177948,-0.009553156793117523,0.3158985376358032
3494,27.698654174804688,40.651695251464844,0.4985295236110687,0.23992423713207245,-0.0065901922062039375,0.3153111934661865
3495,27.900659561157227,42.35929870605469,0.4971942901611328,0.23985692858695984,-0.002390519715845585,0.3171142637729645
3496,27.96095085144043,42.77906036376953,0.49887239933013916,0.239829882979393,-0.003644008422270417,0.31402260065078735
3497,27.625627517700195,35.70253372192383,0.4969295263290405,0.2397562563419342,-0.0012516082497313619,0.31508082151412964
3498,28.020326614379883,44.59590148925781,0.49739810824394226,0.23969388008117676,-0.0012238523922860622,0.3148239850997925
3499,27.74514389038086,40.05940246582031,0.49713143706321716,0.23962511122226715,-0.0035480442456901073,0.3142591118812561
3500,27.574954986572266,34.677223205566406,0.4971752166748047,0.2395574301481247,0.0012441037688404322,0.3156015872955322
3501,27.50163459777832,29.529470443725586,0.49592381715774536,0.2394597828388214,0.004869930446147919,0.3166430592536926
3502,27.376096725463867,33.25859069824219,0.4957904815673828,0.23935899138450623,0.004975660238415003,0.3164006471633911
3503,27.75690460205078,37.35587692260742,0.49630287289619446,0.23927049338817596,0.010648359544575214,0.3171522915363312
3504,27.740976333618164,37.08554458618164,0.49656569957733154,0.2391883134841919,0.01097587589174509,0.3184607923030853
3505,27.872739791870117,38.714412689208984,0.4965028762817383,0.23910467326641083,0.01206476055085659,0.3177604675292969
3506,27.611194610595703,32.625431060791016,0.4987238049507141,0.23907415568828583,0.012065350078046322,0.31799718737602234
3507,27.625946044921875,34.15226745605469,0.4979942739009857,0.23902620375156403,0.01154579222202301,0.318778932094574
3508,27.50936508178711,33.25800323486328,0.4969104528427124,0.2389523684978485,0.0112517811357975,0.3198884129524231
3509,27.596281051635742,36.208492279052734,0.49719810485839844,0.23888541758060455,0.012284199707210064,0.3169800639152527
3510,27.40069007873535,28.852994918823242,0.4978914260864258,0.23883503675460815,0.014219758100807667,0.3157607614994049
3511,27.801525115966797,40.7406005859375,0.4967028498649597,0.23875628411769867,0.012417350895702839,0.318893164396286
3512,27.683279037475586,35.42396926879883,0.4964609742164612,0.23867177963256836,0.013497766107320786,0.31841841340065
3513,27.57337188720703,33.43140411376953,0.497300922870636,0.23860736191272736,0.01201813668012619,0.317666620016098
3514,27.490137100219727,29.118444442749023,0.4973352253437042,0.2385437786579132,0.011376408860087395,0.32022592425346375
3515,27.33924674987793,24.215913772583008,0.49840572476387024,0.2385057508945465,0.010568127036094666,0.3197791576385498
3516,28.20074462890625,47.229530334472656,0.4986133575439453,0.23847268521785736,0.011366384103894234,0.32007673382759094
3517,27.475309371948242,31.522335052490234,0.49763044714927673,0.2384161800146103,0.010511891916394234,0.317062109708786
3518,28.36052131652832,49.755638122558594,0.4994838237762451,0.23840387165546417,0.007693146821111441,0.3187112510204315
3519,27.48420524597168,33.36149597167969,0.4983619451522827,0.2383648157119751,0.008274141699075699,0.3179585933685303
3520,27.80702018737793,36.292213439941406,0.4978495240211487,0.23831355571746826,0.005168155301362276,0.31322839856147766
3521,27.474201202392578,33.59016418457031,0.49917903542518616,0.23829399049282074,0.005542593076825142,0.31648141145706177
3522,27.96379852294922,41.959022521972656,0.4993695318698883,0.23827897012233734,0.005255499854683876,0.3217281699180603
3523,27.486886978149414,34.64814758300781,0.5006476640701294,0.23829439282417297,0.0035303160548210144,0.31865939497947693
3524,27.817340850830078,39.890235900878906,0.4997619092464447,0.2382887303829193,0.003197216195985675,0.315996378660202
3525,27.80324935913086,37.35557556152344,0.5007104873657227,0.23830565810203552,0.002917543053627014,0.3155330419540405
3526,27.50828742980957,32.856258392333984,0.5010628700256348,0.23833100497722626,0.00319205061532557,0.31407085061073303
3527,27.94043731689453,41.76694869995117,0.49937522411346436,0.2383161187171936,0.001009299186989665,0.3155491352081299
3528,27.572721481323242,33.18546676635742,0.5016019344329834,0.23835429549217224,-0.0016425077337771654,0.31790077686309814
3529,27.964988708496094,40.56652069091797,0.501822829246521,0.2383977472782135,0.0004594668571371585,0.3148239552974701
3530,27.411113739013672,27.775360107421875,0.5021733641624451,0.2384495586156845,0.0007357195136137307,0.31499359011650085
3531,27.55213165283203,32.70219039916992,0.5013561844825745,0.23848190903663635,0.0033973711542785168,0.3167210519313812
3532,27.583227157592773,29.279926300048828,0.501093327999115,0.23850798606872559,0.00435734773054719,0.31573373079299927
3533,27.274534225463867,25.03162384033203,0.5008971691131592,0.23852939903736115,0.008027470670640469,0.316596657037735
3534,27.45755958557129,29.70258140563965,0.502388596534729,0.23858638107776642,0.008781131356954575,0.31620943546295166
3535,27.58422088623047,37.05583953857422,0.5012819170951843,0.2386169582605362,0.011281547136604786,0.31634703278541565
3536,27.61454963684082,35.4345588684082,0.5017942786216736,0.23865976929664612,0.010162297636270523,0.31689387559890747
3537,27.49352264404297,32.37275695800781,0.5022666454315186,0.23871386051177979,0.012785243801772594,0.31485414505004883
3538,27.44954490661621,28.821256637573242,0.5025714635848999,0.23877523839473724,0.015791311860084534,0.3157199025154114
3539,27.654386520385742,32.41566848754883,0.5014457106590271,0.2388097643852234,0.018913311883807182,0.3154909014701843
3540,27.942909240722656,44.19102478027344,0.501542866230011,0.23884660005569458,0.021676810458302498,0.31668490171432495
3541,27.382598876953125,27.5960750579834,0.5011104345321655,0.23887313902378082,0.019104663282632828,0.31337428092956543
3542,27.553653717041016,35.6075325012207,0.5001619458198547,0.23887701332569122,0.018024908378720284,0.3139418363571167
3543,27.66591453552246,36.43315887451172,0.5014133453369141,0.23891077935695648,0.014480723068118095,0.3155716061592102
3544,27.513919830322266,35.385963439941406,0.5009104609489441,0.2389325350522995,0.013468034565448761,0.3189017176628113
3545,27.55459976196289,33.742794036865234,0.5010628700256348,0.238957941532135,0.013686536811292171,0.31914347410202026
3546,27.75377655029297,36.93674087524414,0.499887615442276,0.23895524442195892,0.011736403219401836,0.3182529807090759
3547,27.8300838470459,39.847557067871094,0.4985142946243286,0.23891973495483398,0.013038537465035915,0.31679126620292664
3548,27.62929916381836,35.93595504760742,0.4975619316101074,0.23886148631572723,0.009509398601949215,0.31843996047973633
3549,27.699359893798828,39.080650329589844,0.4985790550708771,0.23882754147052765,0.010540684685111046,0.3159720003604889
3550,27.83700942993164,38.9248161315918,0.49847620725631714,0.23879115283489227,0.011264908127486706,0.3165552318096161
3551,27.678062438964844,37.941322326660156,0.4982323944568634,0.2387489378452301,0.007545413449406624,0.31688418984413147
3552,27.382179260253906,30.944486618041992,0.4965371787548065,0.23866625130176544,0.007384918164461851,0.3181935250759125
3553,27.649066925048828,35.632869720458984,0.4977124035358429,0.23861165344715118,0.006172993220388889,0.317526638507843
3554,27.669801712036133,38.19493865966797,0.4980628788471222,0.23856543004512787,0.005051778629422188,0.314532071352005
3555,27.66924476623535,36.03928756713867,0.4978075921535492,0.23851312696933746,-0.0003114521678071469,0.31244149804115295
3556,27.483089447021484,31.87431526184082,0.4983828663825989,0.23847456276416779,-0.006105369888246059,0.313568115234375
3557,27.507957458496094,35.59450912475586,0.4969276487827301,0.23840129375457764,-0.005201609339565039,0.3142941892147064
3558,28.21963882446289,44.101070404052734,0.49726858735084534,0.23833617568016052,-0.00676513509824872,0.31476908922195435
3559,27.471254348754883,31.268659591674805,0.4961523711681366,0.23824447393417358,-0.012657402083277702,0.31359440088272095
3560,27.640439987182617,35.18239212036133,0.4980018734931946,0.23819687962532043,-0.011092707514762878,0.3125585913658142
3561,27.86433219909668,37.194122314453125,0.496180921792984,0.238105908036232,-0.011329428292810917,0.31328320503234863
3562,27.21275520324707,25.61422348022461,0.49623236060142517,0.23801620304584503,-0.013125380501151085,0.3137645125389099
3563,27.48871612548828,30.243915557861328,0.49859046936035156,0.2379826456308365,-0.01367710530757904,0.3112463653087616
3564,27.664798736572266,38.46134567260742,0.4981580674648285,0.23793882131576538,-0.012412631884217262,0.3139238953590393
3565,27.891441345214844,40.629241943359375,0.4969714283943176,0.23786675930023193,-0.013670160435140133,0.3150574564933777
3566,27.500524520874023,31.863344192504883,0.49947619438171387,0.23785430192947388,-0.013689848594367504,0.31335118412971497
3567,27.447908401489258,29.333534240722656,0.4993276298046112,0.23783831298351288,-0.01266180258244276,0.31450092792510986
3568,27.833740234375,38.932640075683594,0.49861717224121094,0.23780542612075806,-0.01360868290066719,0.3116993308067322
3569,27.69333839416504,37.446720123291016,0.4981638193130493,0.2377617508172989,-0.012581688351929188,0.3144424259662628
3570,27.147079467773438,22.044511795043945,0.4977695047855377,0.23770871758460999,-0.014210526831448078,0.31593161821365356
3571,27.69402503967285,35.85846710205078,0.49891242384910583,0.23768286406993866,-0.014809967949986458,0.31614774465560913
3572,27.589786529541016,34.912498474121094,0.49923428893089294,0.23766465485095978,-0.014139935374259949,0.3146130442619324
3573,27.03020668029785,19.890485763549805,0.49910858273506165,0.23764346539974213,-0.01714145392179489,0.3127272129058838
3574,27.84379005432129,36.973304748535156,0.49911046028137207,0.23762233555316925,-0.017844542860984802,0.31329748034477234
3575,27.571842193603516,33.468719482421875,0.49725523591041565,0.23755711317062378,-0.017984550446271896,0.31348130106925964
3576,27.497196197509766,32.14680480957031,0.4996495246887207,0.23754878342151642,-0.02211354672908783,0.31287693977355957
3577,27.42997932434082,34.60649871826172,0.4996304512023926,0.23754000663757324,-0.024721840396523476,0.31465938687324524
3578,27.558565139770508,36.91422653198242,0.5003429055213928,0.23754815757274628,-0.024496497586369514,0.3173612654209137
3579,27.55231475830078,35.02732849121094,0.49986475706100464,0.2375449389219284,-0.024359989911317825,0.31623873114585876
3580,27.845844268798828,42.83274459838867,0.4996323585510254,0.2375362068414688,-0.024422338232398033,0.3162137567996979
3581,27.46986961364746,35.19587326049805,0.49937716126441956,0.23752140998840332,-0.027510108426213264,0.3174574673175812
3582,27.401060104370117,33.796234130859375,0.49989521503448486,0.23751892149448395,-0.02499786578118801,0.31593286991119385
3583,27.445798873901367,33.95606231689453,0.50128573179245,0.23754946887493134,-0.02435833401978016,0.31687361001968384
3584,27.617855072021484,34.3208122253418,0.5017771124839783,0.2375916838645935,-0.025621674954891205,0.31557291746139526
3585,27.313039779663086,29.204906463623047,0.5008838176727295,0.23761266469955444,-0.029182402417063713,0.31631091237068176
3586,27.655263900756836,35.213253021240234,0.5022609233856201,0.23766639828681946,-0.024926044046878815,0.317169189453125
3587,27.162050247192383,26.192983627319336,0.5025923848152161,0.23772801458835602,-0.022195033729076385,0.31798964738845825
3588,27.186683654785156,27.593168258666992,0.502956211566925,0.2377983033657074,-0.025301488116383553,0.31626975536346436
3589,27.51518440246582,33.308719635009766,0.500076174736023,0.23780012130737305,-0.025824541226029396,0.31766316294670105
3590,27.78921890258789,37.393028259277344,0.5008800029754639,0.2378210425376892,-0.027408447116613388,0.3176766633987427
3591,27.446407318115234,32.54360580444336,0.5026456713676453,0.23788395524024963,-0.02545338310301304,0.31732702255249023
3592,28.11112403869629,48.4323616027832,0.5043523907661438,0.2379874885082245,-0.024578053504228592,0.3168933093547821
3593,27.551734924316406,34.83254623413086,0.5029619336128235,0.23805798590183258,-0.021524488925933838,0.31750428676605225
3594,28.04350471496582,44.782447814941406,0.5017352104187012,0.23809930682182312,-0.023559700697660446,0.3150683045387268
3595,27.36295509338379,28.671049118041992,0.5024037957191467,0.2381565272808075,-0.020289603620767593,0.31626078486442566
3596,27.60077476501465,37.040897369384766,0.5019562244415283,0.23820312321186066,-0.021242842078208923,0.3163287043571472
3597,27.1865291595459,28.344717025756836,0.5041371583938599,0.23830166459083557,-0.01691923849284649,0.31779441237449646
3598,27.34375,31.80756187438965,0.5026400089263916,0.2383645921945572,-0.01284340675920248,0.31611672043800354
3599,27.395124435424805,32.121070861816406,0.5022380948066711,0.23841792345046997,-0.009783892892301083,0.3143957853317261
3600,27.462703704833984,35.812381744384766,0.5010856986045837,0.23844382166862488,-0.007876514457166195,0.3151687979698181
3601,27.820762634277344,42.03825378417969,0.5022571682929993,0.23849762976169586,-0.00556592270731926,0.31756073236465454
3602,27.664518356323242,37.4192008972168,0.5015504360198975,0.238534614443779,-0.002668156288564205,0.3154910206794739
3603,27.928585052490234,43.76624298095703,0.5003847479820251,0.2385437935590744,0.0011038673110306263,0.31365326046943665
3604,27.4333438873291,31.18819808959961,0.5012247562408447,0.23857299983501434,0.0026625266764312983,0.31676381826400757
3605,27.575658798217773,38.515052795410156,0.49909335374832153,0.23855137825012207,0.0038740464951843023,0.3165518641471863
3606,27.97532844543457,44.55995559692383,0.4989162087440491,0.23852552473545074,0.003273850306868553,0.31693366169929504
3607,27.498666763305664,31.251989364624023,0.49905717372894287,0.23850303888320923,0.007676470559090376,0.31812915205955505
3608,27.570344924926758,31.03107261657715,0.5004933476448059,0.23851481080055237,0.010508444160223007,0.3172706067562103
3609,27.42302894592285,30.168996810913086,0.49955618381500244,0.23850421607494354,0.011795148253440857,0.3174932599067688
3610,27.915969848632812,42.719669342041016,0.500760018825531,0.23852235078811646,0.01149239856749773,0.316709041595459
3611,27.712203979492188,38.65821838378906,0.500868558883667,0.2385430783033371,0.008678469806909561,0.3175935745239258
3612,27.761991500854492,40.91162109375,0.5009847283363342,0.2385665625333786,0.009097387082874775,0.31654542684555054
3613,27.487464904785156,32.13456726074219,0.4996914863586426,0.23855920135974884,0.009742206893861294,0.31768685579299927
3614,27.948219299316406,44.89621353149414,0.49920573830604553,0.23854024708271027,0.011167697608470917,0.318864107131958
3615,27.68208122253418,34.7901611328125,0.49954289197921753,0.23852933943271637,0.008494114503264427,0.3173350393772125
3616,27.645347595214844,33.15035629272461,0.49944189190864563,0.23851603269577026,0.008444692008197308,0.3159516751766205
3617,27.87969970703125,41.46460723876953,0.4984856843948364,0.23847991228103638,0.004732946865260601,0.31522366404533386
3618,27.92905616760254,42.215763092041016,0.4979124069213867,0.23843012750148773,-0.000641614489722997,0.316597044467926
3619,27.735336303710938,36.39765167236328,0.4974628686904907,0.2383696287870407,-0.0005592685774900019,0.3159688413143158
3620,27.992473602294922,39.7884635925293,0.497443825006485,0.23830869793891907,-0.0008784779929555953,0.3158796727657318
3621,27.85791015625,36.777252197265625,0.4959104657173157,0.2382112443447113,-0.0034274731297045946,0.3139801323413849
3622,27.49026870727539,32.39995574951172,0.49515044689178467,0.2380957305431366,-0.003770052455365658,0.31557634472846985
3623,27.51358413696289,34.580902099609375,0.4945771396160126,0.2379666119813919,-0.0061252303421497345,0.3156951665878296
3624,27.614198684692383,33.95259475708008,0.49656572937965393,0.23788487911224365,-0.006408066023141146,0.3150535225868225
3625,27.68067741394043,35.487876892089844,0.4964457154273987,0.23780032992362976,-0.005600334145128727,0.3168165981769562
3626,27.756214141845703,39.79542541503906,0.4980362057685852,0.23775362968444824,-0.003719535656273365,0.31720447540283203
3627,28.015850067138672,40.96196746826172,0.4981771409511566,0.23771029710769653,-0.002242088783532381,0.31353503465652466
3628,27.344844818115234,25.757957458496094,0.49774667620658875,0.23765674233436584,-0.00013118083006702363,0.31536465883255005
3629,27.93202018737793,40.360694885253906,0.49686288833618164,0.23758219182491302,-0.001199235673993826,0.31655675172805786
3630,27.897218704223633,38.2596549987793,0.4986913800239563,0.23755109310150146,-0.0009600783232599497,0.3177250623703003
3631,27.434499740600586,27.755390167236328,0.49822667241096497,0.23750896751880646,0.00274456269107759,0.31672942638397217
3632,27.686721801757812,35.91626739501953,0.4994247555732727,0.2374953031539917,5.6548156862845644e-05,0.3176926076412201
3633,27.432811737060547,25.39467430114746,0.49814096093177795,0.23745115101337433,0.0031413743272423744,0.3151322603225708
3634,27.360971450805664,29.082361221313477,0.49806666374206543,0.23740524053573608,0.00014126898895483464,0.3152691125869751
3635,27.7381649017334,36.80011749267578,0.49775999784469604,0.23735205829143524,0.0022180669475346804,0.3158232569694519
3636,27.50468635559082,31.557819366455078,0.4999619126319885,0.23735114932060242,-0.0008276238804683089,0.31556132435798645
3637,27.753429412841797,39.154457092285156,0.49885523319244385,0.23732396960258484,-0.0008403935935348272,0.3131882846355438
3638,27.362218856811523,30.071805953979492,0.49989718198776245,0.23732154071331024,0.0007906834944151342,0.3157227337360382
3639,27.334056854248047,25.65247917175293,0.4994247555732727,0.23730789124965668,0.0018793103517964482,0.3152990937232971
3640,27.334306716918945,27.354656219482422,0.4990876317024231,0.23728623986244202,0.0012803744757547975,0.31403446197509766
3641,27.84922981262207,39.43259811401367,0.499607652425766,0.23727692663669586,0.0005234412965364754,0.3155997395515442
3642,27.922632217407227,41.732574462890625,0.4996609389781952,0.23726888000965118,0.0006085290806367993,0.31229573488235474
3643,27.99384117126465,42.04784393310547,0.5008590221405029,0.23728927969932556,0.003393677994608879,0.312304824590683
3644,27.191978454589844,27.37921714782715,0.499607652425766,0.2372799664735794,0.003425423288717866,0.3151390552520752
3645,27.51618766784668,33.6506462097168,0.5009886026382446,0.23730342090129852,0.0035516058560460806,0.3146708011627197
3646,27.37110137939453,31.033071517944336,0.5004323720932007,0.23731368780136108,0.006692740134894848,0.3162194490432739
3647,27.568979263305664,37.12189865112305,0.5000342726707458,0.23731450736522675,0.009368536993861198,0.3147389888763428
3648,27.49289894104004,31.271284103393555,0.5004038214683533,0.23732410371303558,0.01061015110462904,0.3165293037891388
3649,27.449689865112305,30.379758834838867,0.4984666705131531,0.2372877150774002,0.01301680039614439,0.3178635835647583
3650,27.433141708374023,29.585479736328125,0.4997371733188629,0.23728147149085999,0.010879702866077423,0.3152490258216858
3651,27.609153747558594,38.50910568237305,0.49858665466308594,0.23724794387817383,0.011622495017945766,0.31589555740356445
3652,27.120119094848633,26.039562225341797,0.49851998686790466,0.23721283674240112,0.011749636381864548,0.3149997591972351
3653,27.66090965270996,38.7386360168457,0.5006228685379028,0.23722760379314423,0.008874397724866867,0.3170466125011444
3654,27.631383895874023,36.345741271972656,0.4999009370803833,0.2372252494096756,0.0073928227648139,0.31605494022369385
3655,28.019290924072266,45.63187026977539,0.5017657279968262,0.2372671365737915,0.008266919292509556,0.31595149636268616
3656,27.467084884643555,35.971492767333984,0.49971240758895874,0.23726032674312592,0.008568731136620045,0.3139026165008545
3657,27.298355102539062,31.38412857055664,0.49937716126441956,0.23724554479122162,0.005591008346527815,0.31304508447647095
3658,27.593952178955078,36.60210037231445,0.49874091148376465,0.23721568286418915,0.00611750828102231,0.31814897060394287
3659,28.118059158325195,44.87709045410156,0.5004876255989075,0.23722724616527557,0.002329412382096052,0.3172401487827301
3660,27.79702377319336,39.75139236450195,0.5005790591239929,0.2372409850358963,0.004292354453355074,0.31770995259284973
3661,27.509262084960938,34.99821472167969,0.5013219118118286,0.23727235198020935,0.0014930483885109425,0.31873181462287903
3662,27.278470993041992,29.682662963867188,0.5006514191627502,0.23728778958320618,0.0034744294825941324,0.317094624042511
3663,27.743154525756836,37.303253173828125,0.5017523765563965,0.2373293787240982,0.0035674809478223324,0.31455937027931213
3664,27.72103500366211,39.2226676940918,0.5018818974494934,0.23737405240535736,0.0018870256608352065,0.31659096479415894
3665,27.365083694458008,32.07400894165039,0.5020895004272461,0.23742365837097168,0.0003327791637275368,0.3195950984954834
3666,27.306217193603516,31.73063850402832,0.5037637948989868,0.23751300573349,-0.002463045297190547,0.31681904196739197
3667,27.46657943725586,33.231712341308594,0.501146674156189,0.23754024505615234,-0.0025654223281890154,0.31674784421920776
3668,27.25663948059082,25.782142639160156,0.5039180517196655,0.23763331770896912,-0.0018923381576314569,0.3190714120864868
3669,27.383777618408203,31.35234260559082,0.5025942921638489,0.23769496381282806,0.0027618608437478542,0.3187953233718872
3670,27.82183265686035,38.91700744628906,0.5022209882736206,0.23774775862693787,0.0019775114487856627,0.31935885548591614
3671,27.36668586730957,28.880882263183594,0.5029314160346985,0.2378174513578415,0.0012299874797463417,0.31834909319877625
3672,27.44500732421875,32.8593635559082,0.5033847689628601,0.23789793252944946,0.001618041773326695,0.3171325623989105
3673,27.712299346923828,37.90150451660156,0.5025923848152161,0.2379596084356308,0.003048909828066826,0.31647640466690063
3674,27.291532516479492,25.476924896240234,0.5027105212211609,0.23802411556243896,0.0012436514953151345,0.3182663321495056
3675,27.949451446533203,45.03740310668945,0.503514289855957,0.23810777068138123,0.004250573460012674,0.31894558668136597
3676,27.757518768310547,40.0489616394043,0.5027695298194885,0.238173708319664,0.0031508842948824167,0.31958654522895813
3677,27.470781326293945,30.33176612854004,0.5030075907707214,0.23824533820152283,0.0025014362763613462,0.31983518600463867
3678,27.717416763305664,37.340484619140625,0.5023561716079712,0.23830145597457886,0.0039987885393202305,0.3176848888397217
3679,27.783843994140625,38.09678649902344,0.5038838386535645,0.23839400708675385,0.006609157659113407,0.3164093792438507
3680,27.548625946044922,27.1544132232666,0.5040266513824463,0.2384900003671646,0.006450589280575514,0.3161027729511261
3681,27.547712326049805,32.742767333984375,0.5036285519599915,0.23857654631137848,0.0017035064520314336,0.3157421052455902
3682,27.592363357543945,39.29232406616211,0.5028266906738281,0.23864397406578064,0.006762842647731304,0.31684616208076477
3683,27.39968490600586,31.89845085144043,0.5011885762214661,0.23867233097553253,0.009421532042324543,0.31765016913414
3684,27.59146499633789,34.13334274291992,0.5020933747291565,0.2387222945690155,0.00878110434859991,0.3164202570915222
3685,27.48790740966797,33.88565444946289,0.5019371509552002,0.2387685328722,0.00928873848170042,0.3187272250652313
3686,27.51383399963379,33.870872497558594,0.5031333565711975,0.23884333670139313,0.00858725793659687,0.3177824914455414
3687,27.709228515625,38.51193618774414,0.501855194568634,0.23888763785362244,0.007927732542157173,0.3159175217151642
3688,27.34058952331543,30.117643356323242,0.5010495185852051,0.2389127016067505,0.011611978523433208,0.3141491115093231
3689,27.692243576049805,36.72034454345703,0.5016571879386902,0.23895229399204254,0.00999104231595993,0.3157159090042114
3690,27.518217086791992,34.5899543762207,0.5017352104187012,0.23899376392364502,0.00712223257869482,0.31450238823890686
3691,27.454139709472656,31.295278549194336,0.5011504292488098,0.23902125656604767,0.005529480054974556,0.3152776062488556
3692,27.930278778076172,43.858455657958984,0.5016076564788818,0.2390597015619278,0.001388793345540762,0.3143526017665863
3693,27.72488021850586,40.461761474609375,0.5013790726661682,0.23909267783164978,0.0021716675255447626,0.31659606099128723
3694,27.80849838256836,39.486446380615234,0.5001676082611084,0.23909670114517212,0.004086975008249283,0.3168296813964844
3695,27.938030242919922,42.21937942504883,0.5003829002380371,0.23910585045814514,0.0024307966232299805,0.31728631258010864
3696,27.740604400634766,37.95050048828125,0.49975427985191345,0.23909997940063477,0.0040123132057487965,0.3142010271549225
3697,27.747135162353516,39.56946563720703,0.5014381408691406,0.23913435637950897,0.004094338975846767,0.31537291407585144
3698,27.6773624420166,33.14680862426758,0.4996514618396759,0.23912601172924042,0.006539116147905588,0.31739285588264465
3699,27.38892364501953,29.427047729492188,0.4998323619365692,0.23912200331687927,0.006728173699229956,0.31802648305892944
3700,27.857133865356445,39.91638946533203,0.4982019066810608,0.23907899856567383,0.007326244376599789,0.3153954744338989
3701,27.878074645996094,39.33385467529297,0.49857521057128906,0.2390449345111847,0.005158391781151295,0.3159666359424591
3702,27.4892520904541,31.784191131591797,0.499977171421051,0.2390443980693817,0.006899060681462288,0.3179605007171631
3703,27.184804916381836,22.864030838012695,0.49932000041007996,0.23902814090251923,0.004066703841090202,0.31818291544914246
3704,27.924888610839844,42.7458610534668,0.4984818994998932,0.2389918565750122,0.006663256790488958,0.31674250960350037
3705,27.274873733520508,27.88981056213379,0.49884191155433655,0.23896418511867523,0.009926478378474712,0.31486809253692627
3706,27.462932586669922,29.74748420715332,0.4993656873703003,0.2389490306377411,0.012410188093781471,0.31559935212135315
3707,27.582101821899414,35.963768005371094,0.49926474690437317,0.23893146216869354,0.012667476199567318,0.3157949149608612
3708,27.61177635192871,31.3470401763916,0.49905526638031006,0.23890888690948486,0.013483819551765919,0.3163599967956543
3709,27.779136657714844,38.95826721191406,0.49879616498947144,0.23888012766838074,0.013642623089253902,0.31734031438827515
3710,27.55447006225586,34.35263442993164,0.4979352355003357,0.2388308048248291,0.01504997257143259,0.3147660791873932
3711,27.402189254760742,28.837711334228516,0.4997733533382416,0.23882539570331573,0.016634350642561913,0.3144703209400177
3712,27.141021728515625,22.33964729309082,0.4997733533382416,0.23881998658180237,0.018081247806549072,0.3166023790836334
3713,27.41767692565918,30.895675659179688,0.4993009567260742,0.23880328238010406,0.017133722081780434,0.31480109691619873
3714,28.025320053100586,45.564476013183594,0.4996190369129181,0.23879419267177582,0.013543658889830112,0.3148987591266632
3715,27.378389358520508,30.954078674316406,0.49945521354675293,0.2387811839580536,0.012731779366731644,0.313239723443985
3716,27.723081588745117,35.584617614746094,0.4992704689502716,0.23876376450061798,0.016619568690657616,0.3159041702747345
3717,27.365739822387695,30.32135009765625,0.4984152317047119,0.2387259304523468,0.0156745333224535,0.31328004598617554
3718,27.097734451293945,23.517959594726562,0.49766671657562256,0.2386702299118042,0.015269381925463676,0.3143919110298157
3719,27.27901840209961,28.476547241210938,0.49772757291793823,0.2386160045862198,0.014642417430877686,0.3143743872642517
3720,27.944236755371094,39.300315856933594,0.4983142912387848,0.2385757863521576,0.013778570108115673,0.3156158924102783
3721,27.732376098632812,38.02955627441406,0.49825143814086914,0.23853406310081482,0.00703975185751915,0.3167415261268616
3722,27.479244232177734,36.372493743896484,0.4990571439266205,0.2385115772485733,0.005077583249658346,0.31514233350753784
3723,27.635826110839844,37.67715072631836,0.4981638193130493,0.23846778273582458,0.00167090876493603,0.31293511390686035
3724,27.438819885253906,30.65770149230957,0.4989219009876251,0.238442063331604,0.003512487979605794,0.31489211320877075
3725,27.562517166137695,35.43369674682617,0.498794287443161,0.23841331899166107,0.004377644043415785,0.31548789143562317
3726,27.561054229736328,33.188385009765625,0.498708575963974,0.2383825182914734,0.0036132067907601595,0.31629320979118347
3727,27.358964920043945,31.90606689453125,0.5000933408737183,0.23838473856449127,0.004889254458248615,0.31834352016448975
3728,27.85028839111328,44.20711898803711,0.49820759892463684,0.2383420169353485,0.0004990529268980026,0.3170677125453949
3729,27.22641372680664,28.478296279907227,0.5001105070114136,0.23834465444087982,-0.00278342398814857,0.31408703327178955
3730,27.53489875793457,32.01198959350586,0.5007104277610779,0.23836158215999603,-0.001553338603116572,0.31496158242225647
3731,27.593170166015625,37.39188766479492,0.5014171600341797,0.23839536309242249,-0.0005393272149376571,0.3180859088897705
3732,27.49873161315918,36.86279296875,0.5004095435142517,0.23840513825416565,0.00039050757186487317,0.3141779601573944
3733,27.39052391052246,30.21893310546875,0.5005790591239929,0.23841895163059235,0.0006151737761683762,0.3155488967895508
3734,27.5860595703125,34.83504867553711,0.501030445098877,0.2384435087442398,-0.0004736012779176235,0.31556668877601624
3735,27.77777862548828,42.89958190917969,0.5009276270866394,0.23846562206745148,-0.0027890210039913654,0.3148113191127777
3736,27.295019149780273,32.630149841308594,0.50140380859375,0.23849910497665405,-0.0017999479314312339,0.3144342303276062
3737,27.526113510131836,34.023345947265625,0.501992404460907,0.23854660987854004,-0.003832718823105097,0.3153713643550873
3738,27.500675201416016,34.1707763671875,0.502249538898468,0.23860026895999908,-0.0033734936732798815,0.3164401054382324
3739,27.183542251586914,26.47395896911621,0.5018324255943298,0.23864398896694183,-0.004257177468389273,0.31344056129455566
3740,27.82439422607422,41.81660461425781,0.5020628571510315,0.2386932075023651,-0.008579247631132603,0.3160131871700287
3741,27.622844696044922,35.978702545166016,0.5026400089263916,0.2387562394142151,-0.005724654532968998,0.31563955545425415
3742,28.246395111083984,48.75041580200195,0.5021885633468628,0.2388084977865219,-0.005853347014635801,0.3140712082386017
3743,27.68991470336914,41.01345443725586,0.5032438039779663,0.23888595402240753,-0.011410334147512913,0.31375372409820557
3744,27.605491638183594,35.60477828979492,0.5019276142120361,0.23893199861049652,-0.01293917652219534,0.31504520773887634
3745,27.937244415283203,45.41082763671875,0.5016266703605652,0.23897087574005127,-0.01796874776482582,0.3155345022678375
3746,27.591106414794922,35.83634948730469,0.5029028654098511,0.23904024064540863,-0.019864138215780258,0.3160249888896942
3747,27.453046798706055,33.166141510009766,0.5022132992744446,0.23909315466880798,-0.021404044702649117,0.314423531293869
3748,27.49004364013672,34.04578399658203,0.5032304525375366,0.2391704022884369,-0.023855429142713547,0.3127039074897766
3749,27.331056594848633,28.56406593322754,0.5042362213134766,0.23927173018455505,-0.027701351791620255,0.31476029753685
3750,27.52690887451172,31.58380126953125,0.5031733512878418,0.2393476665019989,-0.03253404051065445,0.3162741959095001
3751,27.43311882019043,31.70380210876465,0.5012190341949463,0.23937685787677765,-0.03230646625161171,0.31406429409980774
3752,27.948884963989258,40.53287887573242,0.5025104284286499,0.23943695425987244,-0.030076952651143074,0.3162229061126709
3753,27.479032516479492,30.508142471313477,0.502325713634491,0.23949263989925385,-0.029931098222732544,0.3161136507987976
3754,27.34158706665039,29.032791137695312,0.5030133724212646,0.23956480622291565,-0.03130278363823891,0.3142412006855011
3755,27.560997009277344,33.04833984375,0.5022685527801514,0.2396191507577896,-0.02959340251982212,0.3155485987663269
3756,27.772724151611328,38.36046600341797,0.501792311668396,0.23966211080551147,-0.026416487991809845,0.3148111402988434
3757,27.429698944091797,29.297100067138672,0.5035828948020935,0.23974798619747162,-0.022867821156978607,0.3136277198791504
3758,27.65774154663086,35.726219177246094,0.5016457438468933,0.23978745937347412,-0.019782574847340584,0.31596434116363525
3759,27.39229393005371,27.271821975708008,0.5024590492248535,0.23984642326831818,-0.019076522439718246,0.31733906269073486
3760,27.514551162719727,30.4943790435791,0.5028419494628906,0.23991458117961884,-0.013236921280622482,0.3165995478630066
3761,27.506999969482422,30.70097541809082,0.5030076503753662,0.23998673260211945,-0.010101161897182465,0.31800925731658936
3762,27.433637619018555,33.79502868652344,0.5015562176704407,0.24002406001091003,-0.009208821691572666,0.31656932830810547
3763,27.739850997924805,40.25298309326172,0.5014399886131287,0.24005863070487976,-0.008870624005794525,0.31721335649490356
3764,27.74359893798828,39.517845153808594,0.5006057024002075,0.24007317423820496,-0.002426953287795186,0.3183281123638153
3765,27.483924865722656,32.728660583496094,0.500386655330658,0.24008244276046753,-0.002264796057716012,0.31651124358177185
3766,27.151472091674805,24.53823471069336,0.5004171133041382,0.2400924563407898,-0.00023591643548570573,0.31822869181632996
3767,27.63625144958496,33.319637298583984,0.5007466673851013,0.2401103675365448,0.0021371578332036734,0.31598496437072754
3768,27.236122131347656,28.686914443969727,0.5010457038879395,0.24013547599315643,0.002501819049939513,0.3149016797542572
3769,27.790321350097656,40.434268951416016,0.49914857745170593,0.24011503159999847,0.00526433764025569,0.31515616178512573
3770,27.42470359802246,31.800975799560547,0.4995962083339691,0.24010534584522247,0.006770574953407049,0.3154696226119995
3771,27.566146850585938,35.52439498901367,0.49853718280792236,0.24007022380828857,0.004486844874918461,0.3162769079208374
3772,27.195903778076172,28.509380340576172,0.49781903624534607,0.2400178611278534,0.005553941708058119,0.31663423776626587
3773,27.575578689575195,37.7535400390625,0.4983848035335541,0.239979088306427,0.008266983553767204,0.3156471848487854
3774,27.68421173095703,41.37342834472656,0.49757713079452515,0.2399209439754486,0.004865432623773813,0.3147680461406708
3775,27.514345169067383,33.9256706237793,0.49657905101776123,0.2398388683795929,0.006465852726250887,0.31513985991477966
3776,27.443519592285156,29.473812103271484,0.4974704682826996,0.23977819085121155,0.005208901129662991,0.3156265914440155
3777,27.749191284179688,38.079532623291016,0.4971314072608948,0.23970940709114075,0.0038580491673201323,0.31608280539512634
3778,27.768613815307617,41.52179718017578,0.4961581230163574,0.23961730301380157,0.0017153635853901505,0.3136809170246124
3779,27.299243927001953,27.757137298583984,0.49647048115730286,0.2395327240228653,0.00229195156134665,0.31315600872039795
3780,27.29218864440918,31.47721290588379,0.4968266785144806,0.23945671319961548,0.0008095474913716316,0.31358233094215393
3781,27.6810359954834,38.7529296875,0.49667999148368835,0.2393772155046463,0.002712968736886978,0.3141789436340332
3782,27.58721923828125,38.75523376464844,0.49687427282333374,0.239302396774292,0.0010285440366715193,0.3169887661933899
3783,27.45236587524414,34.003517150878906,0.4983428716659546,0.23926274478435516,-0.0002519857371225953,0.31630921363830566
3784,27.604244232177734,35.83339309692383,0.4949752688407898,0.2391425222158432,-0.00010467502579558641,0.3159756660461426
3785,27.145673751831055,21.100971221923828,0.49752572178840637,0.23908334970474243,0.003181303618475795,0.31569579243659973
3786,27.683393478393555,38.67449188232422,0.49812188744544983,0.23903845250606537,0.0020580748096108437,0.31662803888320923
3787,27.528169631958008,34.245540618896484,0.49866095185279846,0.23900644481182098,0.003259692806750536,0.3151848614215851
3788,27.6363468170166,40.253753662109375,0.4983599781990051,0.23896723985671997,0.003877847222611308,0.31591272354125977
3789,28.06782341003418,45.57184600830078,0.4976266622543335,0.2389105260372162,0.0028498596511781216,0.3166421055793762
3790,27.44002914428711,30.902429580688477,0.49896952509880066,0.23888590931892395,0.003638355527073145,0.3172261714935303
3791,27.495738983154297,33.009735107421875,0.5002838373184204,0.23889268934726715,0.007760101929306984,0.31733396649360657
3792,28.020830154418945,44.03901290893555,0.5009466409683228,0.23891529440879822,0.006382203195244074,0.3149334788322449
3793,27.530689239501953,34.25364303588867,0.4978799819946289,0.23886464536190033,0.006546007934957743,0.3176308572292328
3794,27.388423919677734,29.110816955566406,0.5001866817474365,0.23886911571025848,0.0034139452036470175,0.3165697157382965
3795,27.624069213867188,33.821197509765625,0.501017153263092,0.23889340460300446,0.0030859997496008873,0.31609800457954407
3796,27.17643165588379,26.716346740722656,0.5006456971168518,0.23890884220600128,0.0008939068648032844,0.31400689482688904
3797,27.558629989624023,32.952720642089844,0.500737190246582,0.23892644047737122,0.001596315880306065,0.3141709268093109
3798,27.244138717651367,26.60589027404785,0.5018019676208496,0.23896950483322144,0.0008389975409954786,0.3155446946620941
3799,27.59402847290039,36.465126037597656,0.4986609220504761,0.23893749713897705,8.531002094969153e-05,0.31526705622673035
3800,27.31891441345215,26.779376983642578,0.5002628564834595,0.23894377052783966,-0.0021667086984962225,0.3141849935054779
3801,27.67562484741211,36.97486114501953,0.5022114515304565,0.23899661004543304,-0.0014214575057849288,0.31537926197052
3802,27.550472259521484,36.13553237915039,0.5012513995170593,0.2390265315771103,2.22125236177817e-05,0.3166472017765045
3803,27.275367736816406,26.569120407104492,0.5008418560028076,0.23904664814472198,-0.0016882731579244137,0.3176654875278473
3804,27.7139835357666,35.504905700683594,0.5009352564811707,0.23906901478767395,-0.005075212102383375,0.3185049891471863
3805,28.013782501220703,43.528324127197266,0.5020971298217773,0.23911914229393005,-0.008303684182465076,0.31584441661834717
3806,27.720458984375,37.854034423828125,0.5007675886154175,0.23913750052452087,-0.012621057219803333,0.3169991672039032
3807,27.387765884399414,30.846445083618164,0.5012075901031494,0.23916637897491455,-0.013826881535351276,0.31529054045677185
3808,27.414079666137695,31.62714385986328,0.49863240122795105,0.23913367092609406,-0.01975223980844021,0.31693708896636963
3809,27.250675201416016,28.562471389770508,0.4990018606185913,0.2391097992658615,-0.021329225972294807,0.3167610466480255
3810,27.47422981262207,35.597103118896484,0.5015771985054016,0.23914751410484314,-0.0237065888941288,0.31733596324920654
3811,27.306316375732422,29.29006576538086,0.4992723762989044,0.23913010954856873,-0.02699749916791916,0.31674155592918396
3812,27.262826919555664,28.559900283813477,0.4995485842227936,0.23911932110786438,-0.031119875609874725,0.3150009214878082
3813,27.865816116333008,38.581947326660156,0.5001752376556396,0.23912350833415985,-0.03153229132294655,0.3167007565498352
3814,27.444358825683594,32.35121536254883,0.4990742802619934,0.239101380109787,-0.036025550216436386,0.3171791434288025
3815,27.487842559814453,33.71022033691406,0.5002914071083069,0.23910833895206451,-0.03689196705818176,0.3162783086299896
3816,27.57476234436035,34.255558013916016,0.4992571771144867,0.23909057676792145,-0.0383579283952713,0.3192358911037445
3817,27.653059005737305,36.42555618286133,0.4987505078315735,0.23906069993972778,-0.04010436311364174,0.318996787071228
3818,27.497920989990234,32.52157974243164,0.499801903963089,0.23905597627162933,-0.03865278139710426,0.31559431552886963
3819,27.562036514282227,35.986419677734375,0.5003142952919006,0.23906350135803223,-0.04108530282974243,0.31643980741500854
3820,27.565019607543945,34.73381042480469,0.5003447532653809,0.23907174170017242,-0.043439071625471115,0.316799134016037
3821,27.71611976623535,41.510643005371094,0.5004533529281616,0.23908257484436035,-0.04353909194469452,0.3154715299606323
3822,27.722816467285156,37.1671028137207,0.4993942975997925,0.23906809091567993,-0.042859189212322235,0.31542879343032837
3823,27.48744010925293,33.06929397583008,0.5001104474067688,0.23907074332237244,-0.03578557074069977,0.316159188747406
3824,27.67436408996582,37.08576202392578,0.4986285865306854,0.23903796076774597,-0.03901602327823639,0.3193948566913605
3825,27.481958389282227,32.712100982666016,0.4977676570415497,0.2389845997095108,-0.035405490547418594,0.31878435611724854
3826,27.533817291259766,35.73896408081055,0.49843811988830566,0.23894727230072021,-0.03386529162526131,0.3202902674674988
3827,27.5731201171875,34.03046798706055,0.4989733397960663,0.23892274498939514,-0.03222222998738289,0.3181840777397156
3828,27.531845092773438,36.14543914794922,0.4989447593688965,0.23889753222465515,-0.03196064010262489,0.3182407319545746
3829,27.026151657104492,20.799102783203125,0.49975812435150146,0.23889175057411194,-0.030015287920832634,0.3179508447647095
3830,27.974271774291992,45.079559326171875,0.4987809360027313,0.23886263370513916,-0.025659197941422462,0.3185986280441284
3831,27.51545524597168,35.89619827270508,0.4995904862880707,0.238852858543396,-0.021151196211576462,0.3168924152851105
3832,27.84324836730957,41.1781005859375,0.49857717752456665,0.23881886899471283,-0.01747237704694271,0.31695374846458435
3833,27.106313705444336,25.823881149291992,0.4988533556461334,0.23879148066043854,-0.016196267679333687,0.3158874213695526
3834,27.21693992614746,27.403858184814453,0.49994096159935,0.23879006505012512,-0.017827611416578293,0.3172754645347595
3835,27.90912628173828,42.28971862792969,0.4983561933040619,0.23875081539154053,-0.02013222686946392,0.3163808584213257
3836,27.55192756652832,33.415184020996094,0.4992799758911133,0.23873361945152283,-0.022832155227661133,0.31891462206840515
3837,27.775327682495117,38.64071273803711,0.4991256892681122,0.23871274292469025,-0.021435152739286423,0.3186580538749695
3838,27.72262191772461,37.55101013183594,0.5001962184906006,0.2387174367904663,-0.020862167701125145,0.317512184381485
3839,27.325246810913086,27.25624656677246,0.4994514584541321,0.2387043535709381,-0.022629307582974434,0.31552767753601074
3840,27.50223159790039,30.737812042236328,0.4998228847980499,0.23870012164115906,-0.022487567737698555,0.3160189390182495
3841,27.521869659423828,32.18160629272461,0.49922284483909607,0.23868156969547272,-0.021129779517650604,0.317426472902298
3842,27.473054885864258,34.87702178955078,0.49935999512672424,0.23866629600524902,-0.022323274984955788,0.31642216444015503
3843,27.875919342041016,40.01515579223633,0.5007619261741638,0.23868447542190552,-0.02217257209122181,0.3147535026073456
3844,27.395734786987305,24.56894302368164,0.4994247555732727,0.23867075145244598,-0.021828753873705864,0.3151383101940155
3845,27.581897735595703,30.69232749938965,0.4996514320373535,0.23866243660449982,-0.022843027487397194,0.31719186902046204
3846,27.66643524169922,33.196022033691406,0.5007428526878357,0.2386801540851593,-0.018871374428272247,0.31674155592918396
3847,27.29390525817871,26.97356414794922,0.4996742904186249,0.2386723905801773,-0.01423423271626234,0.316881388425827
3848,27.515384674072266,33.761741638183594,0.4993962049484253,0.23865798115730286,-0.016793541610240936,0.31745660305023193
3849,27.503864288330078,32.12939453125,0.5008285641670227,0.2386777549982071,-0.01649320311844349,0.3187834918498993
3850,27.66071891784668,35.67173385620117,0.5007047653198242,0.23869456350803375,-0.010941825807094574,0.3164256513118744
3851,27.284971237182617,26.153926849365234,0.5017181038856506,0.23873557150363922,-0.007193056400865316,0.3180929720401764
3852,27.612098693847656,37.48721694946289,0.5013295412063599,0.23876731097698212,-0.0030061006546020508,0.31869059801101685
3853,27.860559463500977,42.09432601928711,0.5007961392402649,0.23878632485866547,-0.0007735627586953342,0.31869250535964966
3854,27.06866455078125,22.0662784576416,0.5016228556632996,0.23882506787776947,0.002269686432555318,0.31994685530662537
3855,28.09949493408203,42.3072395324707,0.5006628632545471,0.23884089291095734,0.006845007184892893,0.31738990545272827
3856,27.32111930847168,29.780609130859375,0.50152188539505,0.23887725174427032,0.009123709052801132,0.31657952070236206
3857,27.146160125732422,26.50541114807129,0.5001542568206787,0.2388809323310852,0.010131248272955418,0.31627315282821655
3858,27.635854721069336,35.21772766113281,0.5018342733383179,0.2389247566461563,0.01160897221416235,0.3166370093822479
3859,27.569608688354492,34.8315544128418,0.5025314092636108,0.23898525536060333,0.012449909001588821,0.3162064850330353
3860,27.486543655395508,34.81234359741211,0.5008342862129211,0.2390051931142807,0.01687559485435486,0.3163847327232361
3861,27.727031707763672,38.28851318359375,0.5025961995124817,0.23906724154949188,0.01960589736700058,0.31622442603111267
3862,27.432363510131836,31.041242599487305,0.5004838109016418,0.2390788048505783,0.022017521783709526,0.31760814785957336
3863,27.56302261352539,34.761741638183594,0.5022324323654175,0.23913218080997467,0.021992767229676247,0.3170204162597656
3864,27.490324020385742,34.725746154785156,0.5026476383209229,0.23919549584388733,0.016205644235014915,0.31716984510421753
3865,27.562110900878906,32.932647705078125,0.501800000667572,0.23923854529857635,0.01690157689154148,0.31795692443847656
3866,27.544099807739258,36.503501892089844,0.5027295351028442,0.239303857088089,0.01832067407667637,0.3178473114967346
3867,26.99658966064453,25.425983428955078,0.5011314153671265,0.2393309324979782,0.019592419266700745,0.3133816421031952
3868,27.595041275024414,35.913330078125,0.5015809535980225,0.2393687665462494,0.021598245948553085,0.31783708930015564
3869,27.74282455444336,39.09711456298828,0.502156138420105,0.23942038416862488,0.024704789742827415,0.3191830813884735
3870,27.0600643157959,19.335922241210938,0.5023866891860962,0.23947753012180328,0.02628868632018566,0.31746506690979004
3871,27.424869537353516,34.49332809448242,0.5025885701179504,0.2395395040512085,0.026990480720996857,0.318341463804245
3872,27.397369384765625,32.42182159423828,0.5014532804489136,0.23957431316375732,0.029066991060972214,0.3174040615558624
3873,27.775434494018555,43.951839447021484,0.5016666650772095,0.23961423337459564,0.031200550496578217,0.31827589869499207
3874,27.266324996948242,26.556333541870117,0.502550482749939,0.2396753579378128,0.031742632389068604,0.3216421604156494
3875,27.288700103759766,29.881927490234375,0.5014380812644958,0.23970980942249298,0.029350653290748596,0.32225272059440613
3876,27.49028968811035,36.37533950805664,0.502302885055542,0.2397650182247162,0.03129279613494873,0.3200678825378418
3877,27.768566131591797,41.77472686767578,0.5009638071060181,0.23978811502456665,0.032713621854782104,0.3187265694141388
3878,27.639564514160156,36.837745666503906,0.5014057159423828,0.23982182145118713,0.031989358365535736,0.31932735443115234
3879,28.09014892578125,45.14582061767578,0.5007485747337341,0.23983977735042572,0.03554026782512665,0.32027924060821533
3880,27.910531997680664,47.866912841796875,0.5005142688751221,0.23985210061073303,0.034575268626213074,0.3213529586791992
3881,27.66728973388672,40.94044876098633,0.49959811568260193,0.2398424595594406,0.02901480346918106,0.3193420469760895
3882,27.521631240844727,32.500701904296875,0.49898284673690796,0.23981806635856628,0.027929220348596573,0.31850486993789673
3883,27.26263999938965,27.944835662841797,0.4992152154445648,0.23979924619197845,0.026716742664575577,0.3180725872516632
3884,27.49434471130371,35.0373649597168,0.49798476696014404,0.2397509217262268,0.025738999247550964,0.31704679131507874
3885,27.579103469848633,38.17380142211914,0.49743810296058655,0.23968949913978577,0.027448270469903946,0.31663915514945984
3886,27.558351516723633,36.13676452636719,0.4997885823249817,0.23968443274497986,0.024440323933959007,0.31730738282203674
3887,27.80829429626465,37.95113754272461,0.49863240122795105,0.2396516650915146,0.020450783893465996,0.3183600604534149
3888,27.442983627319336,31.084285736083984,0.4980456829071045,0.23960483074188232,0.019183790311217308,0.3160099983215332
3889,27.65222930908203,35.437198638916016,0.49965521693229675,0.23959657549858093,0.018571151420474052,0.31700146198272705
3890,28.165254592895508,47.18321228027344,0.49857717752456665,0.2395624816417694,0.017845358699560165,0.31618887186050415
3891,27.52110481262207,32.629093170166016,0.4992571771144867,0.23954468965530396,0.017709018662571907,0.3149429261684418
3892,27.38057518005371,29.282421112060547,0.4991733431816101,0.23952488601207733,0.012998034246265888,0.3161267638206482
3893,27.437942504882812,31.614089965820312,0.49903807044029236,0.23950184881687164,0.014710099436342716,0.31533053517341614
3894,27.271629333496094,28.632369995117188,0.5002037882804871,0.23950673639774323,0.0173044353723526,0.3182567358016968
3895,28.082868576049805,43.860713958740234,0.4980247914791107,0.23945942521095276,0.013581427745521069,0.3178427219390869
3896,27.657949447631836,34.66917037963867,0.4986209273338318,0.2394264042377472,0.016811814159154892,0.3205183446407318
3897,27.21963882446289,25.26104736328125,0.49989718198776245,0.2394239455461502,0.01713119074702263,0.317562460899353
3898,27.599699020385742,32.32577133178711,0.4990895092487335,0.2394021451473236,0.01459169015288353,0.3176760673522949
3899,27.451902389526367,32.04837417602539,0.4987218976020813,0.23937155306339264,0.01655600219964981,0.31751489639282227
3900,27.396257400512695,29.54195213317871,0.5011066794395447,0.2393980324268341,0.014203854836523533,0.3199179172515869
3901,27.409183502197266,28.757442474365234,0.5009371638298035,0.23942045867443085,0.011336497962474823,0.3178265392780304
3902,27.1804141998291,18.027057647705078,0.5016381144523621,0.23945967853069305,0.01129718217998743,0.3172675371170044
3903,27.226558685302734,27.675323486328125,0.49962857365608215,0.23945078253746033,0.011515101417899132,0.3167426586151123
3904,27.55821418762207,34.259307861328125,0.4986914396286011,0.23941946029663086,0.008694368414580822,0.31470319628715515
3905,27.369619369506836,29.268651962280273,0.5005486011505127,0.23943258821964264,0.006522950250655413,0.31586626172065735
3906,27.301586151123047,28.681493759155273,0.5002171397209167,0.2394377887248993,0.00546606071293354,0.31785082817077637
3907,27.520124435424805,38.78090286254883,0.5019847750663757,0.23948530852794647,0.0041718073189258575,0.318392813205719
3908,27.21317481994629,29.0385684967041,0.5019333362579346,0.23953162133693695,0.004400470294058323,0.3164299428462982
3909,27.644140243530273,37.90827941894531,0.5006343126296997,0.23954680562019348,0.0030244041699916124,0.3158774673938751
3910,27.338096618652344,30.76726531982422,0.5002552270889282,0.23955291509628296,0.0038486584089696407,0.31488969922065735
3911,27.430177688598633,32.12118911743164,0.49961522221565247,0.23954369127750397,0.0017086475854739547,0.31480762362480164
3912,27.50672149658203,36.4434700012207,0.5020552277565002,0.23959292471408844,-0.0004048276459798217,0.31695982813835144
3913,27.774789810180664,39.43782424926758,0.500813364982605,0.2396124005317688,0.0009916553972288966,0.3143748641014099
3914,27.5089111328125,36.47030258178711,0.5006418824195862,0.23962776362895966,0.0010998384095728397,0.3143748342990875
3915,27.47860336303711,36.53060531616211,0.5012247562408447,0.23965710401535034,0.000498057110235095,0.3169320523738861
3916,27.474319458007812,35.02493667602539,0.5007181167602539,0.23967429995536804,-0.0005956829409115016,0.3176586627960205
3917,27.301502227783203,33.41836929321289,0.5017009377479553,0.2397150695323944,-0.0005426962161436677,0.31623247265815735
3918,27.265146255493164,30.535552978515625,0.5001637935638428,0.2397189885377884,-0.0017486194847151637,0.3159106373786926
3919,27.40338897705078,35.12077331542969,0.5006952881813049,0.2397356480360031,-0.004300284199416637,0.3137653172016144
3920,27.469972610473633,33.996246337890625,0.5005180835723877,0.23974807560443878,-0.0036435879301279783,0.31374162435531616
3921,27.43121910095215,30.716129302978516,0.5002971887588501,0.23975519835948944,-0.004594310652464628,0.3158840537071228
3922,27.577524185180664,35.91130447387695,0.5004552006721497,0.23976612091064453,-0.0063543193973600864,0.3167015016078949
3923,27.6894588470459,40.46353530883789,0.5025333762168884,0.23982685804367065,-0.00550052709877491,0.3168247640132904
3924,27.490571975708008,37.0619010925293,0.500504732131958,0.23983895778656006,-0.004911481868475676,0.3147489130496979
3925,27.330913543701172,31.009164810180664,0.5000933408737183,0.23984119296073914,-0.0039627430960536,0.31574171781539917
3926,27.349117279052734,29.22869110107422,0.5016323924064636,0.23988033831119537,-0.0017378607299178839,0.31676092743873596
3927,27.78022003173828,42.058349609375,0.5020590424537659,0.23992972075939178,-0.002378918696194887,0.31598085165023804
3928,27.84977912902832,42.172698974609375,0.5021752119064331,0.23998191952705383,-0.0001844985963543877,0.3164447844028473
3929,27.436405181884766,35.706031799316406,0.5007961392402649,0.24000102281570435,0.004544090013951063,0.31599321961402893
3930,27.8349552154541,42.00639343261719,0.5006113648414612,0.24001570045948029,0.004771288484334946,0.3138294517993927
3931,27.209613800048828,24.39653968811035,0.500535249710083,0.24002854526042938,0.005603129509836435,0.3170951008796692
3932,27.22058868408203,23.829145431518555,0.4986552298069,0.2399962693452835,0.005390679929405451,0.3179883062839508
3933,27.627063751220703,31.002256393432617,0.5003619194030762,0.24000497162342072,0.008631647564470768,0.31750476360321045
3934,27.54582405090332,35.26181411743164,0.4996057152748108,0.23999549448490143,0.013398786075413227,0.3172436058521271
3935,27.54425621032715,34.85906219482422,0.49864381551742554,0.23996295034885406,0.016793766990303993,0.31511953473091125
3936,27.389474868774414,31.52047348022461,0.4988457262516022,0.2399352490901947,0.022079667076468468,0.3165830075740814
3937,27.533544540405273,38.27579879760742,0.498569518327713,0.23990093171596527,0.02350614219903946,0.31533899903297424
3938,27.33551025390625,28.585716247558594,0.4966285824775696,0.23982004821300507,0.01984480582177639,0.31540927290916443
3939,27.308940887451172,34.469505310058594,0.49728381633758545,0.23975491523742676,0.022273128852248192,0.31425246596336365
3940,27.764232635498047,40.974334716796875,0.49597904086112976,0.23965850472450256,0.023382220417261124,0.31529977917671204
3941,27.516864776611328,36.45440673828125,0.49805334210395813,0.23961184918880463,0.024832241237163544,0.3160091042518616
3942,27.401885986328125,32.92329025268555,0.49651429057121277,0.2395283281803131,0.027972660958766937,0.31556668877601624
3943,27.515884399414062,34.99256134033203,0.49683618545532227,0.2394525408744812,0.026334764435887337,0.3162858188152313
3944,27.79776954650879,40.87787628173828,0.4970114231109619,0.23938098549842834,0.031232284381985664,0.31464657187461853
3945,27.165393829345703,29.189083099365234,0.4967828691005707,0.23930397629737854,0.030125685036182404,0.3155800998210907
3946,27.376739501953125,31.983945846557617,0.49916574358940125,0.23928400874137878,0.02869020402431488,0.3144889771938324
3947,27.39605712890625,32.1473503112793,0.4977371394634247,0.23922987282276154,0.029879935085773468,0.31789109110832214
3948,27.603273391723633,40.21825408935547,0.4974628686904907,0.2391691654920578,0.03127951920032501,0.31758272647857666
3949,27.76117706298828,36.77737808227539,0.4989504814147949,0.23914405703544617,0.02912868559360504,0.3139294981956482
3950,27.304410934448242,29.99563217163086,0.498708575963974,0.23911316692829132,0.023903416469693184,0.3143776059150696
3951,27.39255142211914,34.014259338378906,0.49814286828041077,0.23906876146793365,0.026667766273021698,0.31522879004478455
3952,27.300647735595703,27.807592391967773,0.4989047646522522,0.23904256522655487,0.023669060319662094,0.3148050904273987
3953,27.621383666992188,36.234039306640625,0.4988361597061157,0.23901474475860596,0.02040349878370762,0.3145734667778015
3954,27.616649627685547,37.97584533691406,0.4990476369857788,0.23899197578430176,0.018404444679617882,0.3131415843963623
3955,27.456989288330078,36.62617874145508,0.49937525391578674,0.23897704482078552,0.013787616975605488,0.31496527791023254
3956,27.68529510498047,41.11533737182617,0.49983811378479004,0.23897317051887512,0.0106843002140522,0.31498968601226807
3957,27.389429092407227,33.64487838745117,0.5011162161827087,0.23899982869625092,0.008769440464675426,0.31460803747177124
3958,27.641199111938477,34.70553207397461,0.5011581182479858,0.23902751505374908,0.006642917171120644,0.3148815631866455
3959,27.38776397705078,30.89728546142578,0.501552402973175,0.23906461894512177,0.0013158987276256084,0.3126222491264343
3960,27.627239227294922,38.57992935180664,0.4996933341026306,0.2390572875738144,-0.0010376180289313197,0.3151222765445709
3961,27.4438533782959,35.17255401611328,0.501102864742279,0.2390836477279663,-0.005449151620268822,0.31466832756996155
3962,27.436748504638672,31.37359619140625,0.4999847412109375,0.23908327519893646,-0.008642533794045448,0.3168410062789917
3963,27.563739776611328,36.19211959838867,0.49988189339637756,0.23908045887947083,-0.01288228016346693,0.3141283392906189
3964,27.971099853515625,44.909423828125,0.4999676048755646,0.23907968401908875,-0.01809951290488243,0.31410226225852966
3965,27.474353790283203,34.04242706298828,0.4999733567237854,0.2390790432691574,-0.022648921236395836,0.31645965576171875
3966,27.449909210205078,33.58079147338867,0.5007714033126831,0.2390974760055542,-0.024332689121365547,0.3146631717681885
3967,27.885419845581055,41.67461013793945,0.49966666102409363,0.2390895038843155,-0.029068859294056892,0.31430917978286743
3968,27.43347930908203,31.45977783203125,0.49853143095970154,0.23905439674854279,-0.028488915413618088,0.3150683343410492
3969,27.436338424682617,29.856313705444336,0.49851998686790466,0.2390190213918686,-0.031113389879465103,0.315277099609375
3970,27.557039260864258,35.29012680053711,0.4993428885936737,0.23900331556797028,-0.030704764649271965,0.3179903030395508
3971,27.316509246826172,29.300243377685547,0.5010914206504822,0.2390294075012207,-0.036797959357500076,0.3145826458930969
3972,27.500608444213867,36.964698791503906,0.4989199936389923,0.23900359869003296,-0.03727693110704422,0.31298136711120605
3973,27.376789093017578,32.93977355957031,0.5000819563865662,0.23900556564331055,-0.03816138952970505,0.31626763939857483
3974,27.7369384765625,37.2968635559082,0.5002438426017761,0.23901140689849854,-0.03671364113688469,0.3147718608379364
3975,27.291454315185547,27.418840408325195,0.49895429611206055,0.23898641765117645,-0.036212071776390076,0.31615400314331055
3976,27.227964401245117,25.586528778076172,0.500053346157074,0.23898769915103912,-0.03289104253053665,0.31351014971733093
3977,27.577579498291016,35.59585189819336,0.5005505084991455,0.2390008568763733,-0.03248647227883339,0.3107914626598358
3978,27.26428985595703,30.367509841918945,0.49936187267303467,0.2389855980873108,-0.03136228397488594,0.3114074170589447
3979,27.35542869567871,32.70781707763672,0.4979828894138336,0.2389373928308487,-0.030515747144818306,0.3126843571662903
3980,27.402894973754883,32.49000930786133,0.5001466870307922,0.23894089460372925,-0.029087470844388008,0.3100000023841858
3981,27.1649227142334,23.38376235961914,0.4991885721683502,0.23892150819301605,-0.025956904515624046,0.31361818313598633
3982,27.544404983520508,35.19337844848633,0.49921712279319763,0.23890280723571777,-0.02331770956516266,0.3154405653476715
3983,27.455076217651367,32.62257385253906,0.4998876452445984,0.23890012502670288,-0.020219847559928894,0.3162147104740143
3984,27.92730140686035,44.88637924194336,0.5002190470695496,0.23890537023544312,-0.018676623702049255,0.31404852867126465
3985,27.355247497558594,33.27058792114258,0.5008209347724915,0.2389249950647354,-0.014305301010608673,0.3140668570995331
3986,27.246688842773438,28.397443771362305,0.4996761977672577,0.2389172613620758,-0.013567514717578888,0.31360024213790894
3987,27.80173110961914,43.62683868408203,0.5002190470695496,0.23892250657081604,-0.0101007716730237,0.31327736377716064
3988,28.007122039794922,47.77040100097656,0.5004228949546814,0.23893262445926666,-0.004197459667921066,0.3148150146007538
3989,27.349544525146484,30.78713035583496,0.49939045310020447,0.23891805112361908,-0.0021511365193873644,0.3146023452281952
3990,27.483688354492188,34.149818420410156,0.4997485876083374,0.23891204595565796,-0.0024686758406460285,0.3147176504135132
3991,27.723739624023438,38.412452697753906,0.5015028715133667,0.23894795775413513,-0.0026624694000929594,0.3149413466453552
3992,27.599754333496094,38.88127517700195,0.4999542832374573,0.2389468550682068,-0.0007132961764000356,0.315028578042984
3993,27.70655632019043,39.84904479980469,0.4999828636646271,0.23894643783569336,0.0027046892791986465,0.3128303289413452
3994,27.49894142150879,34.648929595947266,0.5004838109016418,0.23895800113677979,-0.0012337404768913984,0.314495712518692
3995,27.80147933959961,39.168766021728516,0.49950096011161804,0.2389460802078247,-0.0020048783626407385,0.3159232437610626
3996,27.2601375579834,32.11185836791992,0.4996209740638733,0.23893702030181885,-0.003414955921471119,0.31478598713874817
3997,27.650691986083984,34.14091110229492,0.5010972023010254,0.23896323144435883,-0.0025883507914841175,0.31703707575798035
3998,27.843399047851562,39.97645568847656,0.49961522221565247,0.23895403742790222,-0.0002783438831102103,0.3166878819465637
3999,27.60194969177246,32.24466323852539,0.49937716126441956,0.23893915116786957,-0.0026129235047847033,0.3151736855506897
4000,27.068326950073242,21.339128494262695,0.4985657334327698,0.23890487849712372,-0.004522483795881271,0.31548190116882324
4001,27.356611251831055,30.76783561706543,0.49919620156288147,0.23888567090034485,-0.005304026883095503,0.3158944547176361
4002,27.4024600982666,30.938758850097656,0.4981181025505066,0.238840714097023,-0.00496200704947114,0.31359416246414185
4003,27.703861236572266,36.851924896240234,0.49821144342422485,0.23879799246788025,-0.007606053724884987,0.3167111277580261
4004,27.744539260864258,38.490623474121094,0.49948573112487793,0.23878571391105652,-0.0064467876218259335,0.31623080372810364
4005,27.93463897705078,44.05939865112305,0.5006304383277893,0.2388007789850235,-0.007161697838455439,0.3158617317676544
4006,27.164276123046875,25.319108963012695,0.49930858612060547,0.23878426849842072,-0.005879775620996952,0.31379106640815735
4007,27.562816619873047,28.33298110961914,0.4992133378982544,0.23876547813415527,-0.003064730204641819,0.31575629115104675
4008,27.621244430541992,39.75918197631836,0.49965718388557434,0.23875729739665985,-0.00455927150323987,0.31375980377197266
4009,27.660152435302734,32.00321578979492,0.5001142621040344,0.23876002430915833,-0.0073796045035123825,0.3131798505783081
4010,27.470661163330078,30.857303619384766,0.5011847615242004,0.23878832161426544,-0.006409373600035906,0.3150273859500885
4011,27.446319580078125,30.930635452270508,0.5016552209854126,0.23882783949375153,-0.0062711238861083984,0.31736695766448975
4012,27.1237735748291,23.10780143737793,0.5010685920715332,0.2388533502817154,-0.011417146772146225,0.31695303320884705
4013,27.502880096435547,33.84122848510742,0.5031904578208923,0.23892953991889954,-0.010451478883624077,0.3152941167354584
4014,27.68644905090332,38.12031173706055,0.5008266568183899,0.23894928395748138,-0.010671225376427174,0.31564682722091675
4015,27.422534942626953,32.38492202758789,0.5020114183425903,0.23899734020233154,-0.011014269664883614,0.31682783365249634
4016,27.601558685302734,34.496116638183594,0.5041942596435547,0.23909756541252136,-0.009388567879796028,0.31391429901123047
4017,27.526424407958984,32.932125091552734,0.5027047395706177,0.23916223645210266,-0.005739798303693533,0.31774982810020447
4018,27.358320236206055,29.1547908782959,0.5029904842376709,0.23923376202583313,-0.0038517112843692303,0.31689462065696716
4019,27.561738967895508,35.03636169433594,0.5033714175224304,0.23931440711021423,-0.004216801840811968,0.3163061738014221
4020,27.461524963378906,34.134193420410156,0.501628577709198,0.23935337364673615,-0.0007255735690705478,0.3145596981048584
4021,27.512508392333984,35.696937561035156,0.5028723478317261,0.23942214250564575,0.0012793501373380423,0.3159150183200836
4022,27.36476707458496,27.46693229675293,0.5006495118141174,0.23943769931793213,0.003949390724301338,0.3160414695739746
4023,27.48818016052246,34.910526275634766,0.5018742680549622,0.2394825667142868,0.00630802009254694,0.316476970911026
4024,27.684040069580078,40.07414245605469,0.5010152459144592,0.23950688540935516,0.0044767651706933975,0.31930315494537354
4025,27.38159942626953,29.888296127319336,0.501691460609436,0.23954740166664124,0.00580200832337141,0.3193930387496948
4026,27.66192626953125,36.63887405395508,0.501520037651062,0.2395838052034378,0.011262502521276474,0.31605464220046997
4027,27.369312286376953,31.42360496520996,0.5009676218032837,0.23960699141025543,0.015505654737353325,0.3153013586997986
4028,27.80812644958496,40.20060348510742,0.500952422618866,0.2396298199892044,0.020198646932840347,0.3161168694496155
4029,27.02953338623047,21.620014190673828,0.5022285580635071,0.23968321084976196,0.0216927919536829,0.31877601146698
4030,27.369516372680664,29.74040985107422,0.5008552074432373,0.2397036999464035,0.022136056795716286,0.3179592788219452
4031,27.55467987060547,33.6076774597168,0.5015085935592651,0.23973987996578217,0.023195113986730576,0.3146904408931732
4032,27.364116668701172,28.725278854370117,0.5003238320350647,0.23974765837192535,0.022059310227632523,0.31605592370033264
4033,26.98661994934082,23.214073181152344,0.5009371638298035,0.23977012932300568,0.024703573435544968,0.31726616621017456
4034,27.201749801635742,25.407058715820312,0.5013200044631958,0.23980176448822021,0.02177071012556553,0.31920555233955383
4035,27.382774353027344,33.23545455932617,0.5016038417816162,0.23984020948410034,0.023846806958317757,0.31868836283683777
4036,27.427534103393555,33.006351470947266,0.5010323524475098,0.23986497521400452,0.023447098210453987,0.316142201423645
4037,27.44099235534668,35.25151062011719,0.5019562244415283,0.23991189897060394,0.025204895064234734,0.31634384393692017
4038,27.47873878479004,31.982908248901367,0.5011638402938843,0.23993980884552002,0.02598230354487896,0.3170635402202606
4039,27.573339462280273,37.38631820678711,0.5019485950469971,0.2399865686893463,0.020904237404465675,0.3186190724372864
4040,27.422771453857422,33.54841995239258,0.5004038214683533,0.2399962693452835,0.02116584964096546,0.3172808289527893
4041,27.586641311645508,39.061954498291016,0.5008419156074524,0.24001646041870117,0.018091732636094093,0.3156672716140747
4042,27.225332260131836,29.758493423461914,0.501885712146759,0.24006173014640808,0.020093971863389015,0.31794703006744385
4043,27.823654174804688,45.4086799621582,0.5018686056137085,0.24010659754276276,0.017201479524374008,0.31641170382499695
4044,27.318553924560547,31.936025619506836,0.5030819177627563,0.2401805818080902,0.016417164355516434,0.31752461194992065
4045,27.39720344543457,35.58792495727539,0.5014019012451172,0.2402142584323883,0.015811914578080177,0.3191627264022827
4046,27.54264259338379,35.072998046875,0.50128573179245,0.24024516344070435,0.015319366939365864,0.32060110569000244
4047,27.84636878967285,43.20100021362305,0.5027180910110474,0.2403104603290558,0.015477505512535572,0.31827226281166077
4048,27.655006408691406,39.66835403442383,0.500598132610321,0.24032483994960785,0.015000992454588413,0.3184332549571991
4049,27.5263614654541,35.970149993896484,0.5022647380828857,0.24037927389144897,0.014597328379750252,0.31872257590293884
4050,27.027605056762695,25.007556915283203,0.5007485747337341,0.24039727449417114,0.015006029978394508,0.3196205794811249
4051,27.219079971313477,26.87749671936035,0.5007961988449097,0.24041642248630524,0.014678684994578362,0.3177824318408966
4052,27.275144577026367,29.50825309753418,0.5010228753089905,0.24044100940227509,0.008577614091336727,0.3164013922214508
4053,27.92163848876953,42.286949157714844,0.5019181370735168,0.24048712849617004,0.00925165694206953,0.3189210295677185
4054,27.57567024230957,37.33226013183594,0.502100944519043,0.2405376434326172,0.005038382485508919,0.31847435235977173
4055,26.962329864501953,18.33133888244629,0.5000876188278198,0.2405397593975067,0.0024850135669112206,0.31687918305397034
4056,27.71832847595215,38.009788513183594,0.5022075772285461,0.2405928671360016,0.0023864058312028646,0.3180431127548218
4057,27.230484008789062,27.62397003173828,0.5018190741539001,0.24063663184642792,-0.0031212877947837114,0.3182685971260071
4058,27.14836883544922,22.888275146484375,0.5011143088340759,0.24066345393657684,-0.005572489462792873,0.3159538507461548
4059,26.961009979248047,19.11640739440918,0.5014266967773438,0.24069780111312866,-0.004795315209776163,0.31529152393341064
4060,27.345890045166016,32.53657913208008,0.4996381103992462,0.24068909883499146,-0.0050003924407064915,0.31273144483566284
4061,27.526079177856445,34.780296325683594,0.5017561912536621,0.2407313585281372,-0.009527075104415417,0.31596869230270386
4062,27.46412467956543,32.6489372253418,0.49996763467788696,0.24073058366775513,-0.013732592575252056,0.31845471262931824
4063,27.297319412231445,31.9047908782959,0.49976763129234314,0.24072498083114624,-0.015457192435860634,0.31753721833229065
4064,27.757356643676758,40.842472076416016,0.499550461769104,0.2407141625881195,-0.014949343167245388,0.31758543848991394
4065,27.334976196289062,30.10162353515625,0.5000114440917969,0.2407144457101822,-0.016649479046463966,0.3186286985874176
4066,27.852691650390625,43.827789306640625,0.49898475408554077,0.24069000780582428,-0.018023231998085976,0.31716620922088623
4067,27.506778717041016,34.909420013427734,0.49830666184425354,0.2406492531299591,-0.01705283112823963,0.3179686665534973
4068,27.33407211303711,30.834774017333984,0.4998609125614166,0.24064591526985168,-0.018961075693368912,0.3182365894317627
4069,27.562057495117188,39.3459587097168,0.49788954854011536,0.24059511721134186,-0.018126847222447395,0.3169029951095581
4070,27.40666389465332,32.63934326171875,0.4981904625892639,0.24055157601833344,-0.018574483692646027,0.3153313100337982
4071,27.90604019165039,43.10420608520508,0.497020959854126,0.24047991633415222,-0.017943082377314568,0.3154141306877136
4072,27.496742248535156,33.13199996948242,0.4977981150150299,0.24042697250843048,-0.022544752806425095,0.3190099596977234
4073,27.371139526367188,32.03514099121094,0.4965066611766815,0.24034297466278076,-0.021736832335591316,0.3163743317127228
4074,27.86528968811035,43.3712158203125,0.4972780644893646,0.24027754366397858,-0.024629658088088036,0.3163951635360718
4075,27.899166107177734,41.5811653137207,0.4975428879261017,0.24021850526332855,-0.03096788562834263,0.3151620030403137
4076,27.639677047729492,35.716243743896484,0.498262882232666,0.24017678201198578,-0.033964935690164566,0.3156771957874298
4077,27.43136978149414,30.023141860961914,0.4982914328575134,0.24013575911521912,-0.03609588369727135,0.3156507611274719
4078,27.513879776000977,36.87722396850586,0.49889904260635376,0.24010932445526123,-0.03687061369419098,0.31663182377815247
4079,27.535531997680664,34.61305618286133,0.49947044253349304,0.24009661376476288,-0.03910931944847107,0.31771281361579895
4080,27.35213851928711,29.69078826904297,0.4973885715007782,0.24003392457962036,-0.034711576998233795,0.3163113594055176
4081,27.328779220581055,27.857852935791016,0.4978647530078888,0.23998267948627472,-0.03708257898688316,0.31381937861442566
4082,27.90265655517578,45.308563232421875,0.49801522493362427,0.239935040473938,-0.0409768708050251,0.31414756178855896
4083,27.716306686401367,39.29719161987305,0.4972933530807495,0.2398701012134552,-0.03840051218867302,0.3165571689605713
4084,27.636844635009766,36.13460159301758,0.4992552101612091,0.23985223472118378,-0.035660069435834885,0.3162713646888733
4085,27.514524459838867,29.805757522583008,0.4980628788471222,0.23980577290058136,-0.03664442151784897,0.31543323397636414
4086,27.431835174560547,29.319307327270508,0.4997085928916931,0.23979878425598145,-0.03607607260346413,0.31456708908081055
4087,27.43092155456543,32.440940856933594,0.49904003739356995,0.23977576196193695,-0.03524177521467209,0.3148501217365265
4088,27.303844451904297,25.659494400024414,0.4972781240940094,0.2397104948759079,-0.03451766073703766,0.3132841885089874
4089,27.163503646850586,29.15852928161621,0.4978647530078888,0.23965930938720703,-0.03661345690488815,0.31348517537117004
4090,27.68180274963379,36.148075103759766,0.4987161457538605,0.23962853848934174,-0.033450160175561905,0.3132224380970001
4091,27.66864013671875,36.7519416809082,0.49763810634613037,0.2395719289779663,-0.0341317318379879,0.31512850522994995
4092,27.403478622436523,31.748010635375977,0.499154269695282,0.23955166339874268,-0.033374298363924026,0.31487298011779785
4093,27.58026885986328,35.85240173339844,0.5000228881835938,0.23955219984054565,-0.03278302773833275,0.31496015191078186
4094,27.43842887878418,33.801780700683594,0.5001447796821594,0.23955565690994263,-0.029424998909235,0.3151187002658844
4095,27.660783767700195,39.72650909423828,0.499297171831131,0.23953881859779358,-0.02461099624633789,0.3172605633735657
4096,27.24948501586914,28.510761260986328,0.4986933469772339,0.2395075261592865,-0.0225197896361351,0.31576430797576904
4097,27.354724884033203,31.680042266845703,0.5003600120544434,0.23951615393161774,-0.0200247410684824,0.3153153359889984
4098,27.731969833374023,37.90898895263672,0.499914288520813,0.23951409757137299,-0.017938213422894478,0.3139762878417969
4099,27.326566696166992,29.839155197143555,0.5001181364059448,0.23951692879199982,-0.012006225064396858,0.3151226043701172
4100,27.4365177154541,33.12458419799805,0.5000419020652771,0.2395179271697998,-0.007556450087577105,0.31697604060173035
4101,27.098155975341797,25.05794906616211,0.5014952421188354,0.23955373466014862,-0.0058822319842875,0.31512707471847534
4102,27.544246673583984,36.29862594604492,0.500674307346344,0.23956990242004395,-0.005875791888684034,0.31453225016593933
4103,27.711029052734375,38.58367156982422,0.5006456971168518,0.23958538472652435,-0.006154296919703484,0.31582462787628174
4104,27.24618148803711,30.91191291809082,0.49943044781684875,0.2395717352628708,-0.0015271070878952742,0.3146706223487854
4105,27.782129287719727,38.46173095703125,0.5003390312194824,0.23957984149456024,0.001389559474773705,0.3143940269947052
4106,27.52682876586914,34.11863708496094,0.5002018809318542,0.23958466947078705,0.0040872469544410706,0.3148435652256012
4107,27.64494514465332,39.18118667602539,0.4988495111465454,0.23955710232257843,0.003363656112924218,0.3156718611717224
4108,27.6057186126709,36.70396423339844,0.5004038214683533,0.23956678807735443,0.006359224673360586,0.3170214593410492
4109,27.262020111083984,26.374401092529297,0.5004247426986694,0.23957695066928864,0.007897214964032173,0.3151099979877472
4110,27.6464900970459,34.748836517333984,0.499607652425766,0.23956754803657532,0.009167375974357128,0.31542864441871643
4111,27.32193946838379,32.867244720458984,0.4995790421962738,0.23955745995044708,0.009233430959284306,0.3153851628303528
4112,27.13542366027832,23.08208656311035,0.5002514123916626,0.2395634800195694,0.008011804893612862,0.31549686193466187
4113,27.197954177856445,27.671302795410156,0.5005771517753601,0.2395773082971573,0.0064263432286679745,0.3149815499782562
