step,energy,std,acceptance_rate,step_size,cm_mean,cm_std
0,49.44563674926758,17.45169448852539,0.9793501496315002,0.3143805265426636,-0.025144385173916817,1.407123327255249
1,49.20060729980469,17.319398880004883,0.9848875999450684,0.3296244442462921,-0.02630472742021084,1.3698512315750122
2,49.62232208251953,17.395225524902344,0.988300085067749,0.3457200229167938,-0.025540504604578018,1.4390928745269775
3,49.45478439331055,17.44853401184082,0.9864751696586609,0.3625384569168091,-0.0010143452091142535,1.546112298965454
4,49.2474250793457,17.402503967285156,0.9822500348091125,0.3800218999385834,0.037039294838905334,1.6010698080062866
5,49.32040786743164,17.462648391723633,0.9766626358032227,0.3981361389160156,0.0011928053572773933,1.6192963123321533
6,49.2811393737793,17.565263748168945,0.9713375568389893,0.4169017970561981,-0.02363087609410286,1.7808878421783447
7,49.130592346191406,17.544591903686523,0.9646000266075134,0.436271071434021,0.06534877419471741,1.8610552549362183
8,49.36600875854492,17.401124954223633,0.9595000743865967,0.4563177525997162,0.027011148631572723,1.8648114204406738
9,49.27741622924805,17.54496192932129,0.9534375667572021,0.4770089089870453,-0.0029534664936363697,1.9862488508224487
10,49.417327880859375,17.425003051757812,0.9527374505996704,0.4986048936843872,-0.06412094086408615,2.09110164642334
11,49.309906005859375,17.382301330566406,0.9501625299453735,0.521050214767456,-0.007211338263005018,2.1705563068389893
12,49.41907501220703,17.401287078857422,0.947350025177002,0.5443593859672546,-0.017606152221560478,2.1831114292144775
13,49.20356750488281,17.42110824584961,0.946612536907196,0.5686711668968201,0.03936304524540901,2.334916591644287
14,49.36652374267578,17.33710479736328,0.9464625716209412,0.5940601825714111,-0.16256193816661835,2.352285385131836
15,49.28968811035156,17.286373138427734,0.944350004196167,0.6204572319984436,-0.018523557111620903,2.598118543624878
16,49.157958984375,17.409509658813477,0.9420625567436218,0.6478853225708008,-0.029616735875606537,2.6390161514282227
17,49.45456314086914,17.38494873046875,0.9429500102996826,0.6765833497047424,0.078140027821064,2.799410820007324
18,49.26747512817383,17.384004592895508,0.9433125257492065,0.7065771818161011,0.11118123680353165,2.9543704986572266
19,49.26483154296875,17.464820861816406,0.9424500465393066,0.7378396987915039,-0.02517876587808132,3.052966356277466
20,49.26755142211914,17.36162567138672,0.9420875906944275,0.7704586982727051,-0.06924797594547272,3.18798565864563
21,49.23193359375,17.48151969909668,0.9425375461578369,0.8045543432235718,-0.008081013336777687,3.284719467163086
22,49.332977294921875,17.398300170898438,0.9449625611305237,0.8403540253639221,0.003564125159755349,3.423463821411133
23,49.30265426635742,17.353530883789062,0.9434875845909119,0.877622663974762,0.0032067797146737576,3.6094839572906494
24,49.05234146118164,17.20982551574707,0.9406874775886536,0.9162983298301697,-0.10387946665287018,3.9076902866363525
25,49.25788497924805,17.304832458496094,0.9368375539779663,0.9563257098197937,-0.09851463884115219,4.099817752838135
26,49.02975845336914,17.3208065032959,0.9353375434875488,0.9979581832885742,0.016983209177851677,4.0780439376831055
27,48.87765121459961,17.183046340942383,0.9295250773429871,1.040822982788086,-0.11265099793672562,4.144896507263184
28,48.94430923461914,17.201372146606445,0.9239625930786133,1.0849500894546509,0.09351599216461182,4.328874111175537
29,49.0615119934082,17.19245147705078,0.9230000376701355,1.1308435201644897,-0.1941767930984497,4.562927722930908
30,49.13165283203125,17.23930549621582,0.9190500974655151,1.1782315969467163,-0.15251696109771729,4.9975714683532715
31,48.78655242919922,17.22170639038086,0.9135250449180603,1.226954460144043,-0.035295382142066956,4.975109577178955
32,48.952423095703125,17.331233978271484,0.9081125259399414,1.2770280838012695,0.04203440994024277,5.541018486022949
33,48.899818420410156,17.168424606323242,0.9003375172615051,1.3281522989273071,-0.3367424011230469,5.607057094573975
34,48.871726989746094,17.039058685302734,0.894925057888031,1.3806043863296509,-0.09388992190361023,5.643645286560059
35,48.85900115966797,17.045740127563477,0.8872125744819641,1.4340630769729614,-0.10645896196365356,5.648309230804443
36,48.7487907409668,17.046085357666016,0.8755375146865845,1.4879175424575806,0.029600495472550392,6.016781330108643
37,48.578678131103516,17.032264709472656,0.865100085735321,1.5422414541244507,0.1196330189704895,6.023395538330078
38,48.70656204223633,16.922239303588867,0.8574625849723816,1.5973707437515259,0.07894417643547058,6.418376445770264
39,48.5894660949707,16.949857711791992,0.8527250289916992,1.6537139415740967,0.05876205116510391,6.687326431274414
40,48.555782318115234,16.914548873901367,0.8488000631332397,1.711395502090454,0.20874154567718506,6.766898155212402
41,48.39802169799805,16.821393966674805,0.8466750979423523,1.7707252502441406,0.1055547371506691,7.389486312866211
42,48.20320129394531,16.924575805664062,0.8446500897407532,1.8317532539367676,-0.06413710117340088,7.56705379486084
43,47.862632751464844,16.811992645263672,0.8452250361442566,1.8949899673461914,-0.30137625336647034,7.620086193084717
44,48.00148391723633,16.6732234954834,0.840112566947937,1.9594409465789795,-0.1935032457113266,7.762245178222656
45,48.060482025146484,16.693187713623047,0.836762547492981,2.0254275798797607,0.30317550897598267,7.848169803619385
46,47.82972717285156,16.544448852539062,0.8304500579833984,2.092357873916626,-0.40136656165122986,8.531631469726562
47,47.56471633911133,16.41979217529297,0.8229750394821167,2.159935712814331,0.20428255200386047,8.719107627868652
48,47.508262634277344,16.420303344726562,0.8180375099182129,2.2286298274993896,0.06338465958833694,8.590270042419434
49,47.24778747558594,16.221391677856445,0.8098125457763672,2.297675609588623,0.17547909915447235,8.733386993408203
50,47.18745803833008,16.227420806884766,0.8005000352859497,2.3667209148406982,-0.14123748242855072,9.222803115844727
51,47.02246856689453,16.147287368774414,0.784974992275238,2.434166431427002,0.17743325233459473,9.369560241699219
52,46.97123718261719,16.00511360168457,0.7743000984191895,2.5009357929229736,0.1495611071586609,9.218608856201172
53,46.69026565551758,15.88249683380127,0.7618375420570374,2.5664196014404297,-0.2713925242424011,9.503138542175293
54,46.55914306640625,15.676127433776855,0.7470375299453735,2.629819869995117,-0.03533773124217987,10.044366836547852
55,46.542118072509766,15.568345069885254,0.7292750477790833,2.690115213394165,0.07508061826229095,10.316481590270996
56,46.204925537109375,15.482410430908203,0.7117500305175781,2.7470784187316895,-0.148798406124115,10.258468627929688
57,46.01321029663086,15.307280540466309,0.6934874653816223,2.8002309799194336,-0.24267034232616425,9.952503204345703
58,45.585208892822266,15.06137752532959,0.6832875609397888,2.851555824279785,0.01274804025888443,10.348554611206055
59,45.48402404785156,15.00644302368164,0.6605749726295471,2.8973445892333984,-0.03667669743299484,10.609930038452148
60,45.167850494384766,14.750090599060059,0.6427500247955322,2.938704013824463,-0.0708325058221817,10.446320533752441
61,44.974388122558594,14.468615531921387,0.6302624940872192,2.9769842624664307,-0.3878422975540161,10.56601333618164
62,44.86426544189453,14.414360046386719,0.6149250864982605,3.011197328567505,-0.31798064708709717,10.313336372375488
63,44.45068359375,14.077402114868164,0.6041125059127808,3.0425477027893066,0.40594905614852905,10.573108673095703
64,44.048091888427734,14.00085735321045,0.5966500639915466,3.0719540119171143,0.5966546535491943,10.87830638885498
65,43.95145797729492,13.730093002319336,0.583387553691864,3.0975704193115234,-0.23204950988292694,11.129847526550293
66,43.507076263427734,13.47136402130127,0.565850019454956,3.1179678440093994,0.13772818446159363,10.489656448364258
67,43.302093505859375,12.931680679321289,0.5528750419616699,3.1344542503356934,0.8403472900390625,10.353985786437988
68,43.02136993408203,12.904704093933105,0.5401625037193298,3.147042989730835,-0.07336351275444031,10.068578720092773
69,42.59804153442383,12.601532936096191,0.5138000249862671,3.15138578414917,0.06261224299669266,10.61257553100586
70,42.29467010498047,12.310806274414062,0.49118751287460327,3.148608684539795,0.05048828199505806,9.553790092468262
71,41.65633010864258,12.134743690490723,0.4708000421524048,3.1394147872924805,0.039614900946617126,9.404236793518066
72,41.69124221801758,11.642658233642578,0.45137500762939453,3.1241493225097656,0.13328894972801208,9.30213737487793
73,41.36113357543945,11.252820014953613,0.4319375157356262,3.1028854846954346,0.25937092304229736,9.413021087646484
74,41.02458190917969,11.049409866333008,0.4134500324726105,3.0760300159454346,1.0470186471939087,9.14536190032959
75,40.68876266479492,10.799079895019531,0.39338749647140503,3.0432357788085938,-0.046793367713689804,8.432366371154785
76,40.369041442871094,10.501873016357422,0.38048750162124634,3.0068652629852295,-0.11107581108808517,8.001022338867188
77,40.026126861572266,9.986663818359375,0.3677750527858734,2.967107057571411,0.12347255647182465,8.100774765014648
78,39.94535446166992,9.914048194885254,0.35961252450942993,2.925452709197998,-0.1890001893043518,7.78978967666626
79,39.56502151489258,9.626330375671387,0.3509000539779663,2.8818342685699463,0.4172649681568146,7.72337007522583
80,39.45149230957031,9.450210571289062,0.3410250246524811,2.8360202312469482,-0.3793664872646332,7.499429702758789
81,39.13510513305664,9.229515075683594,0.3299500346183777,2.7877938747406006,-0.21653303503990173,7.311751365661621
82,38.997867584228516,9.117274284362793,0.3261125087738037,2.7393176555633545,0.16868537664413452,7.398164749145508
83,38.98752212524414,9.001856803894043,0.3202250301837921,2.6900715827941895,-0.005075508262962103,6.883853435516357
84,38.45417404174805,8.815397262573242,0.30826252698898315,2.6384928226470947,-0.019948944449424744,6.772641658782959
85,38.477073669433594,8.640366554260254,0.3035000264644623,2.586646556854248,0.008274398744106293,6.234347343444824
86,38.22121810913086,8.547030448913574,0.2965874969959259,2.5340309143066406,-0.22153805196285248,6.068000793457031
87,38.050071716308594,8.39822769165039,0.2832125425338745,2.4790964126586914,-0.1131199449300766,6.03305721282959
88,38.14152145385742,8.422819137573242,0.27873754501342773,2.424243211746216,-0.0688476711511612,5.785684585571289
89,37.878929138183594,8.18578815460205,0.2730250358581543,2.3692188262939453,-0.019933197647333145,5.36707878112793
90,37.771636962890625,8.220783233642578,0.2735750079154968,2.3155736923217773,-0.1366087645292282,5.621334552764893
91,37.47722244262695,7.988185405731201,0.26855000853538513,2.261979579925537,-0.04253794252872467,5.399622440338135
92,37.37769317626953,7.989723205566406,0.2759750187397003,2.211305618286133,-0.0943853035569191,5.085866928100586
93,37.28221893310547,7.82742977142334,0.2748374938964844,2.161515235900879,0.23844274878501892,5.238372325897217
94,37.27301788330078,8.03630542755127,0.28697502613067627,2.115469455718994,0.4834485352039337,5.01989221572876
95,37.25181579589844,7.727613925933838,0.2782374918460846,2.068556308746338,0.02733776904642582,5.134478569030762
96,37.219417572021484,7.868782997131348,0.2881375253200531,2.024731397628784,-0.2975830137729645,4.841677188873291
97,37.060951232910156,7.623612403869629,0.2814124822616577,1.980473279953003,-0.0663585290312767,4.791568756103516
98,37.06769561767578,7.551272392272949,0.2872374951839447,1.9383362531661987,-0.2050267457962036,4.759034633636475
99,37.04072952270508,7.40856409072876,0.28712502121925354,1.8970738649368286,0.07484710961580276,4.601952075958252
100,36.82302474975586,7.2683610916137695,0.2878875136375427,1.8568345308303833,-0.020276017487049103,4.712775230407715
101,36.85832977294922,7.161572456359863,0.288687527179718,1.8175972700119019,-0.1194266676902771,4.513017654418945
102,37.04623794555664,7.088693618774414,0.2991750240325928,1.7810953855514526,-0.012920204550027847,4.390366077423096
103,36.67323684692383,6.724679946899414,0.29401251673698425,1.744407057762146,0.03834550455212593,4.460884094238281
104,36.870643615722656,6.683844089508057,0.2998500168323517,1.709492802619934,0.024770088493824005,4.3526291847229
105,36.75505065917969,6.577893257141113,0.3066375255584717,1.6764376163482666,-0.047733332961797714,4.228598117828369
106,36.854557037353516,6.453244686126709,0.3099750280380249,1.6445810794830322,-0.08793535828590393,4.242587089538574
107,36.73534393310547,6.28828239440918,0.30998751521110535,1.6133320331573486,0.21654587984085083,4.017916202545166
108,36.6537971496582,6.111621379852295,0.30406251549720764,1.5817207098007202,0.24348390102386475,3.837191343307495
109,36.69539260864258,5.939871311187744,0.30483752489089966,1.5508514642715454,-0.10317691415548325,3.752617597579956
110,36.66939163208008,5.923166751861572,0.3056875169277191,1.5207165479660034,0.1000431627035141,3.9106028079986572
111,36.723018646240234,5.921333312988281,0.3046500086784363,1.4910093545913696,-0.13735759258270264,3.8842220306396484
112,36.68385696411133,5.799196720123291,0.30996251106262207,1.462674617767334,-0.15442852675914764,3.790032148361206
113,36.528751373291016,5.752483367919922,0.30722498893737793,1.4344779253005981,0.008799675852060318,3.743804454803467
114,36.59830093383789,5.629546165466309,0.3041749894618988,1.406387209892273,0.1189294308423996,3.573326587677002
115,36.66447448730469,5.583851337432861,0.3038625121116638,1.3788026571273804,-0.09669715911149979,3.386826276779175
116,36.59229278564453,5.450392723083496,0.29704999923706055,1.3508198261260986,-0.1632523536682129,3.321965217590332
117,36.63288497924805,5.469232559204102,0.29766252636909485,1.323487639427185,0.06880322098731995,3.1611719131469727
118,36.53462600708008,5.450403690338135,0.3070250451564789,1.297947645187378,-0.06174276024103165,3.3974385261535645
119,36.58742904663086,5.368942737579346,0.30441251397132874,1.2725614309310913,0.09518663585186005,3.1293680667877197
120,36.502349853515625,5.2880167961120605,0.3037875294685364,1.2475922107696533,0.028486836701631546,3.1803455352783203
121,36.525733947753906,5.30765962600708,0.3032875061035156,1.2230504751205444,-0.028543056920170784,3.139413833618164
122,36.492149353027344,5.085721015930176,0.2996250092983246,1.198543667793274,-0.18994762003421783,3.056952714920044
123,36.48782730102539,5.060316562652588,0.30204999446868896,1.174818515777588,0.11165029555559158,2.8604788780212402
124,36.42697525024414,5.063732147216797,0.3013875186443329,1.1514852046966553,-0.06577317416667938,2.79762601852417
125,36.48600769042969,4.9430646896362305,0.2956375181674957,1.1279531717300415,-0.023902608081698418,2.8686137199401855
126,36.456241607666016,4.875605583190918,0.3015500009059906,1.1055688858032227,0.02825332060456276,2.6534643173217773
127,36.440216064453125,4.863176345825195,0.2993375062942505,1.0833842754364014,0.019550569355487823,2.6915969848632812
128,36.44721603393555,4.740538597106934,0.3034375011920929,1.062088966369629,0.015674704685807228,2.6469838619232178
129,36.39645767211914,4.712835311889648,0.3036250174045563,1.0412321090698242,-0.06760219484567642,2.51041316986084
130,36.41530227661133,4.702907562255859,0.3136500120162964,1.0218287706375122,-0.10097603499889374,2.5762245655059814
131,36.42621612548828,4.611842155456543,0.3093374967575073,1.0023462772369385,0.10930091887712479,2.524707317352295
132,36.439151763916016,4.546979904174805,0.31207501888275146,0.9835096597671509,0.03036021627485752,2.4549903869628906
133,36.35446548461914,4.485921859741211,0.3075750172138214,0.964584469795227,-0.07581745088100433,2.4082274436950684
134,36.30681610107422,4.469667911529541,0.3102000057697296,0.9462766051292419,0.016491496935486794,2.305011510848999
135,36.41111373901367,4.480066299438477,0.30656251311302185,0.9279720783233643,0.004788204561918974,2.338742733001709
136,36.38408279418945,4.365974426269531,0.30412501096725464,0.9097954034805298,-0.005267356988042593,2.2355170249938965
137,36.33098220825195,4.35713005065918,0.30820003151893616,0.8923455476760864,-0.008653766475617886,2.2928202152252197
138,36.392486572265625,4.377370357513428,0.3095250427722931,0.8753485679626465,-0.04122057557106018,2.163067102432251
139,36.371826171875,4.392958641052246,0.3120500147342682,0.8588963747024536,-0.15337733924388885,2.154524564743042
140,36.266075134277344,4.375663757324219,0.31181252002716064,0.8427330255508423,-0.040182605385780334,2.1398658752441406
141,36.306793212890625,4.403926849365234,0.31767499446868896,0.827367901802063,-0.11288587003946304,2.13340425491333
142,36.325347900390625,4.3119964599609375,0.31556251645088196,0.8121080994606018,-0.03274613246321678,2.16619873046875
143,36.360897064208984,4.367996692657471,0.3205000162124634,0.7975307703018188,0.03378884866833687,2.104992389678955
144,36.380741119384766,4.2398457527160645,0.3137875199317932,0.7826797366142273,-0.17625901103019714,1.889018177986145
145,36.34674072265625,4.274212837219238,0.3133000433444977,0.7680670619010925,-0.11643083393573761,1.9290231466293335
146,36.30030822753906,4.288949489593506,0.3178875148296356,0.7540795803070068,0.001295287162065506,1.974200963973999
147,36.254390716552734,4.164895534515381,0.3141625225543976,0.7400659322738647,-0.12117914110422134,1.867799162864685
148,36.3798828125,4.239771366119385,0.3102875351905823,0.7260259389877319,-0.0030895406380295753,1.8197252750396729
149,36.27672576904297,4.190070629119873,0.3187125325202942,0.7128639817237854,-0.03687405586242676,1.9340258836746216
150,36.263427734375,4.132803440093994,0.3186125159263611,0.6999335289001465,-0.037653010338544846,1.8082114458084106
151,36.27686309814453,4.1519060134887695,0.3205750286579132,0.687375009059906,-0.05565797537565231,1.750524640083313
152,36.26823806762695,4.066937446594238,0.32225000858306885,0.6751568913459778,-0.0567285381257534,1.7783706188201904
153,36.25004959106445,4.012142658233643,0.3225875496864319,0.6631787419319153,0.017330342903733253,1.7461050748825073
154,36.27495193481445,4.017673492431641,0.32727500796318054,0.6517239809036255,-0.04875849559903145,1.7397021055221558
155,36.21889877319336,3.95615553855896,0.3245750367641449,0.640291154384613,0.025289759039878845,1.744950771331787
156,36.31611633300781,3.9271717071533203,0.3226500451564789,0.6289355754852295,-0.05797524377703667,1.5949991941452026
157,36.20148468017578,3.8580546379089355,0.32026252150535583,0.6176312565803528,-0.0634152963757515,1.6253234148025513
158,36.19853210449219,3.852041721343994,0.31728753447532654,0.6063463687896729,0.056205250322818756,1.549430012702942
159,36.23765182495117,3.8624448776245117,0.31831252574920654,0.5953298211097717,-0.0570836067199707,1.53537118434906
160,36.25664138793945,3.8168418407440186,0.32100000977516174,0.5846734046936035,-0.07657379657030106,1.4538060426712036
161,36.288909912109375,3.8749537467956543,0.3212125301361084,0.5742201805114746,-0.015177222900092602,1.507123351097107
162,36.18714904785156,3.7048494815826416,0.31976252794265747,0.5638706088066101,0.030262930318713188,1.4895474910736084
163,36.18329620361328,3.7463138103485107,0.32046249508857727,0.5537469983100891,0.031070221215486526,1.4296523332595825
164,36.142364501953125,3.745203971862793,0.3197750151157379,0.5437670946121216,-0.009004326537251472,1.427546501159668
165,36.263240814208984,3.716212034225464,0.3196375370025635,0.5339595675468445,0.025916537269949913,1.366564393043518
166,36.22446060180664,3.708524703979492,0.3221625089645386,0.5244637727737427,0.004444553516805172,1.4070972204208374
167,36.20259475708008,3.6541781425476074,0.31550002098083496,0.5147873759269714,-0.03906038776040077,1.289654016494751
168,36.1970329284668,3.6411550045013428,0.3193500339984894,0.5054877400398254,-0.07144233584403992,1.2860735654830933
169,36.206817626953125,3.6316957473754883,0.32228749990463257,0.49650460481643677,-0.05281862989068031,1.27824068069458
170,36.18601608276367,3.631878137588501,0.3232000172138214,0.4877264201641083,0.03715289756655693,1.286551594734192
171,36.182498931884766,3.5825932025909424,0.32027503848075867,0.478960782289505,0.04257353022694588,1.277188777923584
172,36.1876335144043,3.5770342350006104,0.3203999996185303,0.47035863995552063,0.013532420620322227,1.2599296569824219
173,36.193485260009766,3.574502468109131,0.324150025844574,0.46208739280700684,-0.014294842258095741,1.154308795928955
174,36.15427780151367,3.507401704788208,0.32452499866485596,0.45397892594337463,0.05230781063437462,1.1849271059036255
175,36.13249206542969,3.49403715133667,0.32911252975463867,0.4462209939956665,-0.020020700991153717,1.171374797821045
176,36.18655776977539,3.5275094509124756,0.3397500216960907,0.43907031416893005,0.0412980392575264,1.2336379289627075
177,36.18964767456055,3.4562811851501465,0.3306875228881836,0.4316363036632538,0.03766975551843643,1.1396738290786743
178,36.186058044433594,3.416132688522339,0.33163753151893616,0.4243691861629486,-0.05301674082875252,1.1111514568328857
179,36.14798355102539,3.3619532585144043,0.33012500405311584,0.4171602129936218,-0.03772555664181709,1.1257905960083008
180,36.11837387084961,3.381925106048584,0.33083751797676086,0.4101034104824066,-0.017760107293725014,1.11520516872406
181,36.137577056884766,3.372760534286499,0.33590003848075867,0.4033736288547516,-0.0532669797539711,1.075271725654602
182,36.15379333496094,3.3425827026367188,0.3354875445365906,0.39673763513565063,-0.03988920897245407,1.0243632793426514
183,36.14720153808594,3.3255374431610107,0.3333125114440918,0.39012452960014343,-0.025343284010887146,1.0515493154525757
184,36.16648483276367,3.2917163372039795,0.3315500020980835,0.3835528790950775,-0.031241852790117264,0.9788645505905151
185,36.09798049926758,3.2809946537017822,0.33910003304481506,0.3773815333843231,-0.009051567874848843,0.9894949793815613
186,36.11147689819336,3.3064141273498535,0.33836251497268677,0.37128162384033203,-0.05948412045836449,0.9949914813041687
187,36.13217544555664,3.2629382610321045,0.3375749886035919,0.3652510941028595,0.029951628297567368,0.9484519362449646
188,36.11346435546875,3.22503924369812,0.33742499351501465,0.3593130111694336,-0.022985050454735756,0.9101749658584595
189,36.1240348815918,3.2306172847747803,0.3408750295639038,0.35359546542167664,0.009153271093964577,0.9606099128723145
190,36.15130615234375,3.2305004596710205,0.34277504682540894,0.3480360507965088,-0.018673313781619072,0.9285542368888855
191,36.09128189086914,3.2031052112579346,0.3467875123023987,0.3427037000656128,-0.05486384034156799,0.9105303883552551
192,36.09075164794922,3.1264078617095947,0.34751254320144653,0.3374778926372528,-0.00023797608446329832,0.9001308083534241
193,36.10106658935547,3.1441855430603027,0.349325031042099,0.33239293098449707,0.04962430149316788,0.8717885613441467
194,36.078399658203125,3.139935255050659,0.3579375147819519,0.3276708722114563,0.012911105528473854,0.8981131911277771
195,36.073036193847656,3.034034013748169,0.35423749685287476,0.3228946626186371,0.016324544325470924,0.8242411017417908
196,36.10343551635742,3.0377538204193115,0.35350000858306885,0.31816425919532776,0.0001856076851254329,0.8302015066146851
197,36.10530090332031,3.0254628658294678,0.35491251945495605,0.31354808807373047,0.026800505816936493,0.8097726106643677
198,36.0880012512207,3.0572948455810547,0.3652375340461731,0.30932262539863586,0.0016973019810393453,0.8023000955581665
199,36.087623596191406,2.963512897491455,0.36322498321533203,0.30509185791015625,-0.00928524136543274,0.7851065993309021
200,36.06033706665039,3.0162193775177,0.368087500333786,0.3010673224925995,-0.034172799438238144,0.8106788992881775
201,36.1013069152832,2.9551291465759277,0.36736252903938293,0.2970740497112274,-0.004494985565543175,0.7780751585960388
202,36.088951110839844,2.970928907394409,0.3686375319957733,0.29317161440849304,0.007617954630404711,0.7883889079093933
203,36.08992385864258,2.965672731399536,0.3715125024318695,0.2894047200679779,-0.025942480191588402,0.7608705163002014
204,36.07384490966797,2.9187517166137695,0.3755750060081482,0.28580382466316223,-0.0062465607188642025,0.7784205079078674
205,36.09851837158203,2.884218692779541,0.37476253509521484,0.28222447633743286,0.008586310781538486,0.7506764531135559
206,36.03908920288086,2.895294427871704,0.3785875141620636,0.2787979245185852,-0.012586810626089573,0.7518410682678223
207,36.05754089355469,2.887640953063965,0.3773125112056732,0.27537742257118225,-0.019168740138411522,0.7242839932441711
208,36.059165954589844,2.7791523933410645,0.383462518453598,0.27216824889183044,0.013453113846480846,0.7271770238876343
209,36.05324172973633,2.7886006832122803,0.38600000739097595,0.2690655291080475,0.020575731992721558,0.6844082474708557
210,36.087135314941406,2.840895652770996,0.3916749954223633,0.26615089178085327,0.009143747389316559,0.7159719467163086
211,36.01240921020508,2.742036819458008,0.39336252212524414,0.2633127272129059,0.004733236972242594,0.7181757688522339
212,36.05030059814453,2.738434076309204,0.39012500643730164,0.2604195773601532,-0.019315997138619423,0.673443615436554
213,36.04611587524414,2.7763640880584717,0.39496251940727234,0.25768420100212097,0.020326770842075348,0.7037650346755981
214,36.02996826171875,2.7167537212371826,0.3981750011444092,0.2550603449344635,0.010479389689862728,0.6982007622718811
215,36.080623626708984,2.716658353805542,0.3997749984264374,0.25250399112701416,-0.036527711898088455,0.7186172008514404
216,36.04283142089844,2.6810808181762695,0.3998750150203705,0.24997578561306,-0.02263755165040493,0.6609349250793457
217,36.048194885253906,2.707198143005371,0.4065125286579132,0.24763882160186768,-0.024626770988106728,0.677064836025238
218,36.04209518432617,2.711905002593994,0.40927502512931824,0.24539212882518768,-0.02212955616414547,0.6670866012573242
219,36.05529022216797,2.7018074989318848,0.4147750437259674,0.24330076575279236,-0.03400690108537674,0.6819116473197937
220,36.0360221862793,2.6722590923309326,0.41692501306533813,0.24127954244613647,0.0006609759875573218,0.6613144874572754
221,36.029449462890625,2.649792432785034,0.41520002484321594,0.23923349380493164,0.0097495187073946,0.636772096157074
222,36.01466751098633,2.579733371734619,0.41577500104904175,0.23721854388713837,-0.007613678928464651,0.6422436237335205
223,36.015480041503906,2.6170008182525635,0.42284998297691345,0.23538841307163239,0.014642608352005482,0.6525984406471252
224,36.008941650390625,2.5494322776794434,0.41728752851486206,0.23344145715236664,-0.029761968180537224,0.6398763060569763
225,35.97217559814453,2.5610435009002686,0.42276254296302795,0.23163841664791107,0.023965300992131233,0.6376277804374695
226,36.011016845703125,2.538519859313965,0.42570003867149353,0.22991733253002167,0.007422407623380423,0.6347385048866272
227,36.054935455322266,2.5302305221557617,0.42461255192756653,0.2281840443611145,0.016478992998600006,0.6494031548500061
228,36.042667388916016,2.509683609008789,0.42736250162124634,0.22652655839920044,0.019488632678985596,0.630172610282898
229,36.01580810546875,2.528709888458252,0.4282875061035156,0.22490207850933075,-0.040355246514081955,0.6195661425590515
230,36.03721618652344,2.550644874572754,0.4399125277996063,0.2235506922006607,0.005702683702111244,0.6165376305580139
231,36.03398132324219,2.4964091777801514,0.436599999666214,0.22213336825370789,-0.011252404190599918,0.6135368943214417
232,36.031307220458984,2.472691297531128,0.4367625415325165,0.22072865068912506,0.006232151295989752,0.578776478767395
233,36.06239700317383,2.491330146789551,0.43740004301071167,0.21934689581394196,-0.03396386653184891,0.6190183758735657
234,36.02790069580078,2.5098769664764404,0.4426250159740448,0.21808840334415436,-0.00683660339564085,0.5977047085762024
235,36.0288200378418,2.479823350906372,0.4428250193595886,0.21684147417545319,0.013550898060202599,0.6263821125030518
236,36.014892578125,2.4687299728393555,0.4453750252723694,0.21565696597099304,-0.045420899987220764,0.6154205203056335
237,35.970733642578125,2.4522955417633057,0.4455125331878662,0.2144819051027298,-0.02176540531218052,0.6186847686767578
238,35.99720764160156,2.410102128982544,0.44338753819465637,0.21326766908168793,0.01322108879685402,0.6134785413742065
239,36.012325286865234,2.3954102993011475,0.4506625235080719,0.21221545338630676,-0.010962733998894691,0.6020810604095459
240,36.01219177246094,2.3881585597991943,0.4510875344276428,0.21117745339870453,0.006752590648829937,0.6023867130279541
241,36.01577377319336,2.390625476837158,0.4491875171661377,0.21010440587997437,0.037965159863233566,0.5853491425514221
242,36.03179168701172,2.3594307899475098,0.4521000385284424,0.20909801125526428,0.0020739480387419462,0.5640202760696411
243,35.98208236694336,2.3485329151153564,0.4486500024795532,0.2080242931842804,0.012465314008295536,0.5608170628547668
244,36.04420852661133,2.3839223384857178,0.45830002427101135,0.20715683698654175,0.002095248317345977,0.57961505651474
245,35.9973258972168,2.3171467781066895,0.4592375159263611,0.2063124179840088,-0.00550265284255147,0.5892139077186584
246,36.04239273071289,2.3380770683288574,0.45596250891685486,0.2054038643836975,-0.037397827953100204,0.5534893274307251
247,36.012264251708984,2.316255807876587,0.4632500112056732,0.20464900135993958,0.015969665721058846,0.5895954966545105
248,36.00057601928711,2.285759925842285,0.4614625573158264,0.203860342502594,-0.009624599479138851,0.568307101726532
249,36.01980972290039,2.297157049179077,0.45680001378059387,0.2029796540737152,0.0030817061197012663,0.5778295993804932
250,36.0189323425293,2.341883659362793,0.4632375240325928,0.2022334486246109,-0.02699616365134716,0.5552595257759094
251,35.98736572265625,2.317859172821045,0.46573755145072937,0.20154054462909698,0.009769443422555923,0.6042540073394775
252,35.9852409362793,2.292236566543579,0.46386250853538513,0.2008122205734253,0.011309284716844559,0.595597505569458
253,36.03900909423828,2.282107353210449,0.462350070476532,0.20005616545677185,0.00855798739939928,0.557459831237793
254,35.99702453613281,2.2708990573883057,0.4698125123977661,0.1994522511959076,-0.0027226582169532776,0.5699365139007568
255,35.99924087524414,2.286172389984131,0.46828752756118774,0.19881974160671234,-0.018467122688889503,0.5485736727714539
256,36.0001106262207,2.254281997680664,0.466325044631958,0.19815021753311157,0.010658822022378445,0.548859179019928
257,36.01671600341797,2.2426671981811523,0.4677000343799591,0.19751019775867462,-0.003932220861315727,0.568385660648346
258,35.98324966430664,2.2310051918029785,0.46863752603530884,0.19689075648784637,0.0043339841067790985,0.5576077699661255
259,35.98349380493164,2.25201153755188,0.467974990606308,0.1962602138519287,0.0015666504623368382,0.5668494701385498
260,35.993858337402344,2.2276506423950195,0.4745125472545624,0.19575999677181244,-0.01334389578551054,0.575697124004364
261,35.99843215942383,2.218963861465454,0.4735875427722931,0.19524294137954712,-0.0006513948901556432,0.5532183647155762
262,35.944217681884766,2.198880672454834,0.47341251373291016,0.19472384452819824,-0.009578600525856018,0.5590543150901794
263,35.9962272644043,2.202800989151001,0.4739750325679779,0.19421707093715668,-0.014747261069715023,0.5506801605224609
264,36.00044250488281,2.160965919494629,0.46890002489089966,0.19361305236816406,0.0024499609135091305,0.5573150515556335
265,35.975608825683594,2.1943297386169434,0.4766250252723694,0.19316047430038452,0.0001112575555453077,0.5555226802825928
266,36.00897979736328,2.14774751663208,0.47763752937316895,0.19272851943969727,-0.004835635423660278,0.5436204671859741
267,35.99673843383789,2.189578056335449,0.48030000925064087,0.19234885275363922,0.015488220378756523,0.5775455236434937
268,36.01259994506836,2.169809341430664,0.47661250829696655,0.19189898669719696,0.0004291448858566582,0.545764684677124
269,35.9925422668457,2.166944742202759,0.4805750250816345,0.19152621924877167,-0.006902510765939951,0.5360532402992249
270,35.99271774291992,2.149296760559082,0.48177504539489746,0.19117717444896698,-0.006997634191066027,0.5353561043739319
271,35.960975646972656,2.123936891555786,0.4788750112056732,0.19077330827713013,-0.004357614554464817,0.5336369872093201
272,35.9593505859375,2.1276497840881348,0.4817875027656555,0.19042585790157318,-5.11899015691597e-05,0.5784983038902283
273,35.97062683105469,2.1717092990875244,0.483662486076355,0.19011475145816803,-0.005189390387386084,0.5728192925453186
274,35.96403884887695,2.1334376335144043,0.48020002245903015,0.18973831832408905,-0.028365857899188995,0.5542634725570679
275,36.000492095947266,2.1559369564056396,0.48465004563331604,0.1894470751285553,-0.011864849366247654,0.551594614982605
276,35.977176666259766,2.124732732772827,0.48360002040863037,0.18913637101650238,0.004008968826383352,0.5396009087562561
277,35.99704360961914,2.128403663635254,0.4886375367641449,0.1889214664697647,-0.007932780310511589,0.549953818321228
278,35.96011734008789,2.1151082515716553,0.47956252098083496,0.18853536248207092,0.020869100466370583,0.5430553555488586
279,35.99123764038086,2.125866413116455,0.4828125238418579,0.1882113218307495,0.01199372299015522,0.5658334493637085
280,35.98811721801758,2.10427188873291,0.48397502303123474,0.18790972232818604,-0.007217226549983025,0.5441604852676392
281,35.99152374267578,2.101616859436035,0.4845375418663025,0.1876191645860672,0.01620839722454548,0.5329964756965637
282,35.9762077331543,2.083144426345825,0.48426249623298645,0.1873238980770111,-0.021592941135168076,0.5411146879196167
283,35.98050308227539,2.0888993740081787,0.48176252841949463,0.18698227405548096,-0.012572512030601501,0.5417219996452332
284,35.97587966918945,2.083829641342163,0.48333755135536194,0.18667072057724,-0.009813721291720867,0.5485883951187134
285,35.98133087158203,2.092745542526245,0.487837553024292,0.18644368648529053,-0.024485714733600616,0.5471640229225159
286,35.964332580566406,2.0821666717529297,0.4883250296115875,0.186226025223732,-0.007633151952177286,0.55954509973526
287,35.992950439453125,2.0932395458221436,0.4894125163555145,0.186028853058815,-0.009151802398264408,0.524831235408783
288,36.001983642578125,2.0870132446289062,0.48830002546310425,0.18581120669841766,-0.009630669839680195,0.5470289587974548
289,35.98051834106445,2.0898725986480713,0.48827505111694336,0.1855933517217636,-0.027104763314127922,0.5407141447067261
290,36.00310134887695,2.055565595626831,0.48957502841949463,0.1853998750448227,-0.012522379867732525,0.5331518650054932
291,35.99019241333008,2.054351806640625,0.4896875321865082,0.18520869314670563,-0.002305513946339488,0.5608720183372498
292,36.00306701660156,2.0570032596588135,0.48856252431869507,0.1849968582391739,-0.008685572072863579,0.5727089643478394
293,35.97917175292969,2.067821502685547,0.49250003695487976,0.18485811352729797,-0.010943119414150715,0.5424686074256897
294,35.97711944580078,2.036842107772827,0.4904875159263611,0.18468226492404938,0.007893492467701435,0.5330132246017456
295,35.97705078125,2.059624671936035,0.49287500977516174,0.1845506727695465,-0.009835715405642986,0.5558106303215027
296,35.98417663574219,2.0220835208892822,0.4934375286102295,0.18442955613136292,0.020868364721536636,0.5449622869491577
297,35.95159149169922,2.045358896255493,0.4908750355243683,0.1842612624168396,-0.04415995255112648,0.5547154545783997
298,35.95973205566406,2.049060344696045,0.49182504415512085,0.184110626578331,0.006490930914878845,0.5397322177886963
299,35.99199676513672,2.052973747253418,0.48990002274513245,0.18392467498779297,-0.012171905487775803,0.5538042783737183
300,35.98103332519531,2.059201717376709,0.4928000867366791,0.18379224836826324,-0.025814443826675415,0.5595613121986389
301,35.975494384765625,2.022120952606201,0.49153754115104675,0.18363671004772186,-0.0013390990206971765,0.5463852882385254
302,35.99460220336914,2.0237460136413574,0.490012526512146,0.18345330655574799,-0.012461462989449501,0.5364318490028381
303,35.95682144165039,2.0298943519592285,0.4933125674724579,0.18333062529563904,-0.0018558951560407877,0.5492778420448303
304,35.989253997802734,2.0222859382629395,0.49185001850128174,0.18318121135234833,-0.015874303877353668,0.5454083681106567
305,35.98027420043945,2.0090599060058594,0.489700049161911,0.18299254775047302,-0.025835664942860603,0.5532748699188232
306,35.99570846557617,2.0190372467041016,0.49621254205703735,0.18292324244976044,-0.012021494098007679,0.5260228514671326
307,36.00075912475586,2.004885673522949,0.4923500418663025,0.182783305644989,0.00730841513723135,0.5387781858444214
308,35.97496795654297,1.9803416728973389,0.4898500442504883,0.1825977861881256,-0.0074036093428730965,0.5264195203781128
309,35.981346130371094,2.0048208236694336,0.49617502093315125,0.18252794444561005,0.015979580581188202,0.5418058633804321
310,35.964988708496094,1.9826306104660034,0.4922874867916107,0.18238717317581177,-0.004946423228830099,0.5134342312812805
311,35.98237609863281,1.9930596351623535,0.49400001764297485,0.18227773904800415,-0.00468336371704936,0.528461754322052
312,35.99298095703125,1.9913897514343262,0.4949500262737274,0.18218569457530975,-0.011677155271172523,0.5404059290885925
313,35.98236846923828,2.006295919418335,0.4980374872684479,0.18214993178844452,0.0035715848207473755,0.5583239197731018
314,35.933197021484375,1.97430419921875,0.49755001068115234,0.18210530281066895,-0.021928677335381508,0.556833803653717
315,35.97783279418945,1.983675241470337,0.4949500262737274,0.1820133477449417,-0.032024845480918884,0.5494368076324463
316,35.98680877685547,1.9955791234970093,0.5015625357627869,0.18204179406166077,-0.019187191501259804,0.53559410572052
317,35.96784210205078,1.9717326164245605,0.4922500252723694,0.18190070986747742,-0.004144898150116205,0.5472221970558167
318,35.94711685180664,1.990661382675171,0.49711254239082336,0.1818481832742691,0.001908663078211248,0.5464053750038147
319,35.96561813354492,1.962702989578247,0.4913000166416168,0.18168997764587402,0.00593339279294014,0.5361000299453735
320,35.98666763305664,1.9523062705993652,0.49198755621910095,0.18154439330101013,-0.037143975496292114,0.5283573269844055
321,35.94893264770508,1.9618650674819946,0.49710002541542053,0.18149174749851227,-0.005510360933840275,0.5467117428779602
322,35.9719123840332,1.957664132118225,0.4963625371456146,0.18142572045326233,-0.020019032061100006,0.5398963093757629
323,35.960201263427734,1.952074646949768,0.4959375262260437,0.18135201930999756,-0.01156320795416832,0.5494006872177124
324,35.978946685791016,1.9494558572769165,0.4965500235557556,0.1812894493341446,0.007938416674733162,0.5367295145988464
325,35.96288299560547,1.9605549573898315,0.4915125370025635,0.18113557994365692,-0.008652513846755028,0.5243451595306396
326,35.97719192504883,1.9579308032989502,0.49726253747940063,0.1810859888792038,-0.011649624444544315,0.5405986309051514
327,36.00217819213867,1.9552404880523682,0.49835002422332764,0.18105611205101013,-0.012432483956217766,0.5378088355064392
328,35.98485565185547,1.949486255645752,0.4990500211715698,0.18103891611099243,-0.006545444950461388,0.5564716458320618
329,35.979000091552734,1.9570924043655396,0.4935625195503235,0.18092237412929535,-0.023670732975006104,0.5195304155349731
330,35.96575164794922,1.9606280326843262,0.4960000216960907,0.18084999918937683,-0.00574771873652935,0.531114935874939
331,35.96971130371094,1.9468579292297363,0.49650001525878906,0.18078669905662537,-0.021759625524282455,0.5532823801040649
332,35.957759857177734,1.9602216482162476,0.5014125108718872,0.18081223964691162,-0.005384969990700483,0.5363392233848572
333,35.973052978515625,1.9562623500823975,0.4996500611305237,0.18080590665340424,-0.035067297518253326,0.5405741333961487
334,35.9803581237793,1.9363086223602295,0.4954625368118286,0.1807238608598709,-0.029351739212870598,0.5484954118728638
335,35.95310592651367,1.9302711486816406,0.49865004420280457,0.18069946765899658,-0.010013069957494736,0.5400157570838928
336,35.95090103149414,1.9266144037246704,0.4960750341415405,0.18062853813171387,-0.02017422765493393,0.5331316590309143
337,35.966026306152344,1.9454658031463623,0.49688753485679626,0.18057231605052948,-0.0142686627805233,0.5323389172554016
338,35.96101379394531,1.935909390449524,0.49896255135536194,0.18055357038974762,-0.01027654018253088,0.5283257365226746
339,35.9669189453125,1.9144333600997925,0.49441254138946533,0.18045268952846527,0.0041509391739964485,0.5421976447105408
340,35.9666862487793,1.9206429719924927,0.49570003151893616,0.1803750991821289,0.004306682385504246,0.5412726998329163
341,35.98712921142578,1.9075629711151123,0.497050017118454,0.18032188713550568,-0.02269807830452919,0.5356651544570923
342,35.95856475830078,1.9021304845809937,0.49535003304481506,0.1802380383014679,-0.021914610639214516,0.5256369709968567
343,35.963191986083984,1.8904354572296143,0.49445003271102905,0.1801380068063736,-0.006756532937288284,0.529723048210144
344,35.947509765625,1.9084941148757935,0.49387502670288086,0.18002767860889435,0.006228306330740452,0.5518651008605957
345,35.96163558959961,1.913360834121704,0.49665001034736633,0.17996737360954285,-0.0008328285766765475,0.5448841452598572
346,35.94880294799805,1.9410359859466553,0.5007250308990479,0.17998041212558746,-0.016520431265234947,0.5306795835494995
347,35.96367645263672,1.8853427171707153,0.49918752908706665,0.1799657940864563,-0.012678650207817554,0.5428500771522522
348,35.93461608886719,1.8656376600265503,0.4946625232696533,0.17986974120140076,-0.0063462327234447,0.500892162322998
349,35.93988037109375,1.9201138019561768,0.5043250322341919,0.17994754016399384,-0.0031723137944936752,0.5263415575027466
350,35.951995849609375,1.8965331315994263,0.49203750491142273,0.1798042505979538,-0.017086541280150414,0.5268720388412476
351,35.96844482421875,1.899243712425232,0.5005625486373901,0.17981436848640442,0.01084593404084444,0.5124403238296509
352,35.94429016113281,1.9332622289657593,0.5014625191688538,0.17984066903591156,-0.0021191739942878485,0.5266790390014648
353,35.96360397338867,1.8894814252853394,0.4993375539779663,0.17982876300811768,-0.03226890787482262,0.5329329371452332
354,35.95570373535156,1.8648167848587036,0.4999749958515167,0.17982831597328186,-0.01112784817814827,0.5416743755340576
355,35.942901611328125,1.8940651416778564,0.4974375367164612,0.17978224158287048,-0.010306347161531448,0.5288488268852234
356,35.95873260498047,1.895815372467041,0.49746254086494446,0.17973662912845612,0.010785847902297974,0.5388121604919434
357,35.96376037597656,1.9078973531723022,0.5023624897003174,0.17977909743785858,-0.012663357891142368,0.5577279925346375
358,35.94050216674805,1.8976798057556152,0.4947625398635864,0.17968493700027466,-0.023601166903972626,0.531980574131012
359,35.97835159301758,1.8871817588806152,0.5004000663757324,0.1796921342611313,-0.00591294514015317,0.533125638961792
360,35.973609924316406,1.8925279378890991,0.49848753213882446,0.1796649545431137,-0.04064211621880531,0.5305640697479248
361,35.951026916503906,1.8848196268081665,0.501175045967102,0.1796860694885254,-0.003047429258003831,0.5314242839813232
362,35.968326568603516,1.884832739830017,0.49890005588531494,0.17966631054878235,-0.011968505568802357,0.5537182092666626
363,35.96318435668945,1.865158200263977,0.4975625276565552,0.17962251603603363,-0.005596885923296213,0.548555850982666
364,35.96806716918945,1.866252064704895,0.49477502703666687,0.17952866852283478,0.004426251631230116,0.5155869722366333
365,35.93845748901367,1.8857693672180176,0.49611252546310425,0.1794588714838028,-0.02758300118148327,0.5509632229804993
366,35.97389602661133,1.8457059860229492,0.49637502431869507,0.17939381301403046,-0.015058069489896297,0.5127307176589966
367,35.966392517089844,1.837286114692688,0.4970250129699707,0.1793404519557953,0.001730274292640388,0.5233801603317261
368,35.95143127441406,1.8667608499526978,0.49800002574920654,0.1793045848608017,0.007715164218097925,0.5499631762504578
369,35.96687698364258,1.8644009828567505,0.5002000331878662,0.17930817604064941,-0.003459698287770152,0.5438370704650879
370,35.97065734863281,1.8577299118041992,0.4999375641345978,0.17930705845355988,0.005930309183895588,0.530389130115509
371,35.96638107299805,1.857376217842102,0.5035375356674194,0.17937049269676208,-0.01852896623313427,0.5398833751678467
372,35.99700164794922,1.851718544960022,0.4972500205039978,0.17932116985321045,-0.0025373955722898245,0.5192225575447083
373,35.958187103271484,1.8546669483184814,0.5012624859809875,0.1793438047170639,-0.03437270596623421,0.5312272906303406
374,35.94575500488281,1.8343055248260498,0.4989500045776367,0.17932496964931488,-0.016872147098183632,0.540921151638031
375,35.96180725097656,1.8435606956481934,0.5002625584602356,0.17932967841625214,-0.022471321746706963,0.5246714949607849
376,35.9709587097168,1.832700490951538,0.5027000308036804,0.17937809228897095,-0.00963634718209505,0.5353154540061951
377,35.92863464355469,1.8332512378692627,0.5024250149726868,0.1794215887784958,-0.023514797911047935,0.5428037643432617
378,35.94179916381836,1.8191229104995728,0.49758753180503845,0.17937831580638885,-0.013571028597652912,0.5199360251426697
379,35.94539260864258,1.834474802017212,0.5005625486373901,0.1793884038925171,-0.01810775324702263,0.5271666646003723
380,35.94363784790039,1.8421663045883179,0.5001500248908997,0.17939110100269318,0.011224387213587761,0.5216728448867798
381,35.97031021118164,1.817988395690918,0.500337541103363,0.17939715087413788,-0.030741168186068535,0.5287243723869324
382,35.953739166259766,1.8500770330429077,0.4983375072479248,0.179367333650589,0.011716127395629883,0.5237300395965576
383,35.95127487182617,1.8394280672073364,0.5003750324249268,0.1793740689754486,-0.00479665445163846,0.5444984436035156
384,35.97174072265625,1.822830319404602,0.49816253781318665,0.17934110760688782,-0.012208828702569008,0.5595996379852295
385,35.95127487182617,1.815882682800293,0.5022375583648682,0.17938123643398285,-0.014035506173968315,0.5297297239303589
386,35.93834686279297,1.8171706199645996,0.49502500891685486,0.1792919933795929,-0.0005043697310611606,0.5311377048492432
387,35.962467193603516,1.8252904415130615,0.49732500314712524,0.1792440265417099,0.000918053206987679,0.5484319925308228
388,35.95153045654297,1.8196080923080444,0.49870002269744873,0.17922072112560272,-0.006805841811001301,0.5454508066177368
389,35.98516845703125,1.817186713218689,0.500700056552887,0.17923326790332794,-0.007131725084036589,0.5165853500366211
390,35.938232421875,1.821099877357483,0.5017375349998474,0.17926442623138428,0.0008829078869894147,0.5356469750404358
391,35.976558685302734,1.8144282102584839,0.5005249977111816,0.1792738288640976,-0.02595226839184761,0.521026074886322
392,35.942874908447266,1.8169814348220825,0.5038000345230103,0.17934195697307587,-0.017973048612475395,0.5168758034706116
393,35.948001861572266,1.8115144968032837,0.49807503819465637,0.17930743098258972,-0.005728788673877716,0.5382291674613953
394,35.9520378112793,1.8124507665634155,0.49768751859664917,0.17926596105098724,0.006775847636163235,0.5346294641494751
395,35.94206619262695,1.8105510473251343,0.49963754415512085,0.17925946414470673,-0.03169616684317589,0.5175970792770386
396,35.94371032714844,1.7927639484405518,0.5011500120162964,0.179280087351799,-0.00024967576609924436,0.5103203058242798
397,35.96747589111328,1.7985655069351196,0.4948875308036804,0.17918843030929565,-0.031637243926525116,0.5360861420631409
398,35.942176818847656,1.7909479141235352,0.49653753638267517,0.17912638187408447,0.023700693622231483,0.5269014835357666
399,35.95983123779297,1.8068163394927979,0.5036750435829163,0.1791922152042389,-0.0035526687279343605,0.5482059717178345
400,35.941558837890625,1.7924413681030273,0.5012750625610352,0.17921507358551025,0.0028654434718191624,0.5242669582366943
401,35.97413635253906,1.7858049869537354,0.49918752908706665,0.17920051515102386,-0.01901099644601345,0.5330402851104736
402,35.96812057495117,1.7840583324432373,0.49355003237724304,0.1790849268436432,-0.011188122443854809,0.5190653800964355
403,35.95297622680664,1.7864571809768677,0.5001000165939331,0.17908671498298645,-0.01091864425688982,0.531100869178772
404,35.93821716308594,1.7874908447265625,0.5012750625610352,0.17910955846309662,-0.023553388193249702,0.5349363088607788
405,35.9748420715332,1.78511381149292,0.4989875257015228,0.1790914237499237,-0.0413777232170105,0.558365523815155
406,35.95097351074219,1.7783198356628418,0.5001375079154968,0.1790938824415207,-0.02944181300699711,0.5156406760215759
407,35.97734069824219,1.7654205560684204,0.498662531375885,0.17906992137432098,-0.017656026408076286,0.5172976851463318
408,35.964759826660156,1.7721495628356934,0.4996125400066376,0.17906297743320465,-0.0028816433623433113,0.5349160432815552
409,35.94283676147461,1.770027995109558,0.5002000331878662,0.17906656861305237,-0.04025028273463249,0.5488913655281067
410,35.91473388671875,1.7748490571975708,0.5003625154495239,0.1790730506181717,-0.012514535337686539,0.5330479145050049
411,35.966339111328125,1.7548329830169678,0.4967375099658966,0.17901462316513062,-0.025235237553715706,0.5304826498031616
412,35.94923400878906,1.782604694366455,0.4997250437736511,0.17900970578193665,-0.009716768749058247,0.5263608694076538
413,35.942020416259766,1.7909237146377563,0.501300036907196,0.17903298139572144,-0.00325110019184649,0.5054314136505127
414,35.954559326171875,1.7527395486831665,0.499037504196167,0.17901574075222015,0.013157038018107414,0.5172739624977112
415,35.946250915527344,1.7612673044204712,0.4962875247001648,0.1789492815732956,-0.017192067578434944,0.5186935067176819
416,35.95464324951172,1.7715880870819092,0.5020250082015991,0.17898552119731903,-0.024200741201639175,0.5404799580574036
417,35.95893478393555,1.772357702255249,0.49957504868507385,0.17897792160511017,-0.011777919717133045,0.5341715812683105
418,35.945560455322266,1.7575312852859497,0.4987249970436096,0.1789551079273224,-0.011523968540132046,0.5236132144927979
419,35.94252395629883,1.7640035152435303,0.499287486076355,0.17894236743450165,-0.022910555824637413,0.5085788369178772
420,35.971405029296875,1.7436035871505737,0.49633756279945374,0.1788768321275711,0.004374469630420208,0.5186583399772644
421,35.957706451416016,1.7456215620040894,0.49758753180503845,0.17883367836475372,-0.01777784340083599,0.5233519077301025
422,35.94867706298828,1.7662931680679321,0.5000374913215637,0.17883433401584625,-0.017986806109547615,0.5371048450469971
423,35.94179153442383,1.745115041732788,0.5006625652313232,0.17884618043899536,0.0006388521287590265,0.5334813594818115
424,35.94868469238281,1.7449367046356201,0.5012500286102295,0.17886854708194733,-0.01513251755386591,0.5113611221313477
425,35.96219253540039,1.7490475177764893,0.5,0.17886854708194733,-0.033121928572654724,0.5269421935081482
426,35.94664764404297,1.7425291538238525,0.5021000504493713,0.17890611290931702,-0.008921623229980469,0.5225114822387695
427,35.97963333129883,1.7463330030441284,0.4975000321865082,0.17886139452457428,-0.022907325997948647,0.5282036662101746
428,35.95793533325195,1.758490800857544,0.5005250573158264,0.1788707822561264,-0.013836096972227097,0.5304163694381714
429,35.96482849121094,1.7299294471740723,0.5009875297546387,0.1788884401321411,-0.01271978858858347,0.5399281978607178
430,35.969757080078125,1.7454583644866943,0.5047000050544739,0.178972527384758,-0.03554971516132355,0.5626928806304932
431,35.951751708984375,1.7171531915664673,0.49297502636909485,0.1788468062877655,-0.04037465900182724,0.5200910568237305
432,35.955848693847656,1.7342783212661743,0.5001500248908997,0.1788494884967804,-0.012881217524409294,0.5175657272338867
433,35.97195053100586,1.7173854112625122,0.49995002150535583,0.17884859442710876,-0.018139518797397614,0.5219882130622864
434,35.94388198852539,1.7192798852920532,0.5062500834465027,0.178960382938385,-0.00033018208341673017,0.5377117991447449
435,35.94960403442383,1.7278504371643066,0.500962495803833,0.1789775937795639,0.0004538083157967776,0.5310614705085754
436,35.96112823486328,1.7002321481704712,0.49615001678466797,0.17890869081020355,-0.00320213520899415,0.5368545055389404
437,35.97482681274414,1.7469557523727417,0.5030999779701233,0.17896413803100586,0.004090934060513973,0.5391274690628052
438,35.95309066772461,1.7189018726348877,0.496737539768219,0.17890574038028717,-0.025386221706867218,0.5306711196899414
439,35.95997619628906,1.6943559646606445,0.4984625279903412,0.17887823283672333,0.0011235636193305254,0.5148470401763916
440,35.939422607421875,1.7027127742767334,0.49631252884864807,0.17881226539611816,-0.028002191334962845,0.5148260593414307
441,35.93332290649414,1.7080789804458618,0.49935007095336914,0.17880064249038696,-0.03456057980656624,0.5357300043106079
442,35.9636344909668,1.687628984451294,0.5005625486373901,0.1788107007741928,-0.002199693815782666,0.509445309638977
443,35.94473648071289,1.6863473653793335,0.5000874996185303,0.17881225049495697,0.01602395623922348,0.5260668992996216
444,35.94467544555664,1.6661096811294556,0.4984250068664551,0.1787840873003006,0.00011998845002381131,0.5481171607971191
445,35.96188735961914,1.711500644683838,0.4980500042438507,0.178749218583107,-0.02233336679637432,0.5184534788131714
446,35.9315185546875,1.691935420036316,0.4994250237941742,0.17873893678188324,-0.03403552249073982,0.5192826390266418
447,35.95242691040039,1.7035554647445679,0.4999625086784363,0.17873826622962952,0.013630644418299198,0.5255765914916992
448,35.947391510009766,1.69111967086792,0.4993875324726105,0.17872731387615204,-0.01727609895169735,0.5304559469223022
449,35.95659637451172,1.690049648284912,0.5005500316619873,0.17873713374137878,-0.010492309927940369,0.5389721393585205
450,35.94802474975586,1.6827312707901,0.4992375075817108,0.1787235140800476,0.012103760614991188,0.5339577198028564
451,35.93779373168945,1.683043360710144,0.5008625388145447,0.17873893678188324,0.0025481206830590963,0.5220323204994202
452,35.964717864990234,1.6893551349639893,0.501912534236908,0.17877312004566193,-0.022527649998664856,0.5347436666488647
453,35.95989227294922,1.6957415342330933,0.5013875365257263,0.17879793047904968,-0.03948510065674782,0.525504469871521
454,35.92839050292969,1.6725653409957886,0.4979000389575958,0.1787603795528412,-0.02824530005455017,0.5389375686645508
455,35.95200729370117,1.6681921482086182,0.5005375146865845,0.17876999080181122,-0.03575573116540909,0.5442425608634949
456,35.96746063232422,1.687450885772705,0.49941253662109375,0.17875948548316956,0.006271240301430225,0.5232887864112854
457,35.96626281738281,1.667089581489563,0.5028875470161438,0.17881110310554504,-0.018212731927633286,0.5265609622001648
458,35.94125747680664,1.6593202352523804,0.5004875659942627,0.17881982028484344,-0.012739783152937889,0.5289835929870605
459,35.96873474121094,1.6698957681655884,0.4989875257015228,0.17880171537399292,-0.0071991379372775555,0.5392481088638306
460,35.94675064086914,1.6489720344543457,0.4940250515937805,0.17869488894939423,-0.00777893653139472,0.5325628519058228
461,35.92300033569336,1.6472227573394775,0.4965875446796417,0.178633913397789,-0.0042097256518900394,0.5220721364021301
462,35.92958450317383,1.6789608001708984,0.49873751401901245,0.1786113679409027,-0.02919611521065235,0.5395139455795288
463,35.937557220458984,1.6376025676727295,0.5014375448226929,0.1786370426416397,-0.015330088324844837,0.5502027869224548
464,35.937339782714844,1.6297273635864258,0.500950038433075,0.1786540150642395,0.012440458871424198,0.5331966876983643
465,35.931724548339844,1.6411734819412231,0.5014875531196594,0.17868059873580933,-0.00419220607727766,0.5148499011993408
466,35.94560623168945,1.6439539194107056,0.5016500353813171,0.17871007323265076,0.008045076392591,0.5363256335258484
467,35.94550704956055,1.652108073234558,0.5002375245094299,0.178714320063591,-0.047144319862127304,0.5247989892959595
468,35.92646789550781,1.6421352624893188,0.49852505326271057,0.1786879599094391,-0.020534394308924675,0.5251466035842896
469,35.94098663330078,1.659910798072815,0.4986500144004822,0.17866383492946625,-0.0274345800280571,0.5449866056442261
470,35.929107666015625,1.644390344619751,0.4970625340938568,0.17861135303974152,-0.0219705943018198,0.5337713360786438
471,35.9470100402832,1.6266045570373535,0.5000500082969666,0.17861224710941315,-0.02383817546069622,0.5279921293258667
472,35.947757720947266,1.6194210052490234,0.4990750253200531,0.17859572172164917,-0.00023766518279444426,0.5258200764656067
473,35.929935455322266,1.6225687265396118,0.4987625479698181,0.1785736232995987,-0.012997022829949856,0.5172145962715149
474,35.96198272705078,1.6326055526733398,0.5023750066757202,0.17861603200435638,-0.002686069579795003,0.5099064707756042
475,35.931209564208984,1.6322791576385498,0.5029625296592712,0.17866894602775574,-0.0038849173579365015,0.5469857454299927
476,35.95546340942383,1.615755319595337,0.49897500872612,0.1786506325006485,-0.004217111971229315,0.5326759815216064
477,35.94559097290039,1.6301006078720093,0.5019000768661499,0.17868457734584808,-0.03600968420505524,0.552017867565155
478,35.95956039428711,1.6196670532226562,0.49970003962516785,0.1786792129278183,-0.01519065909087658,0.5167945623397827
479,35.946964263916016,1.6268484592437744,0.4982125461101532,0.17864727973937988,-0.02106107957661152,0.5353477001190186
480,35.9265022277832,1.5910522937774658,0.49646255373954773,0.17858408391475677,-0.022402323782444,0.5257813930511475
481,35.937191009521484,1.6261119842529297,0.5040749907493591,0.17865684628486633,-0.006194909568876028,0.5467179417610168
482,35.97104263305664,1.6189967393875122,0.49746254086494446,0.17861151695251465,-0.023093942552804947,0.5271733403205872
483,35.945091247558594,1.6102335453033447,0.5000625252723694,0.178612619638443,-0.017837338149547577,0.5264813899993896
484,35.92522430419922,1.6199525594711304,0.497637540102005,0.17857041954994202,0.007222027983516455,0.5308572053909302
485,35.94278335571289,1.5985864400863647,0.5000625252723694,0.17857152223587036,-0.006380357313901186,0.5175843834877014
486,35.96540832519531,1.6017035245895386,0.49892503023147583,0.1785523146390915,0.006056637037545443,0.5321531295776367
487,35.94597244262695,1.5862187147140503,0.49525001645088196,0.1784674972295761,-0.010767304338514805,0.5121856331825256
488,35.972591400146484,1.5972115993499756,0.497575044631958,0.17842422425746918,0.0014598480192944407,0.5252907276153564
489,35.95787811279297,1.6017762422561646,0.49777501821517944,0.17838452756404877,0.010920052416622639,0.5214160084724426
490,35.953060150146484,1.6077675819396973,0.5000125169754028,0.17838473618030548,-0.0029898129869252443,0.5297044515609741
491,35.95290756225586,1.5951415300369263,0.49515002965927124,0.178298220038414,0.004613039083778858,0.5205619931221008
492,35.93942642211914,1.5827723741531372,0.4947125315666199,0.17820394039154053,-0.01589902490377426,0.5067515969276428
493,35.93328857421875,1.5987532138824463,0.5011625289916992,0.17822465300559998,-0.008087435737252235,0.5218377113342285
494,35.95089340209961,1.6004858016967773,0.5011374950408936,0.1782449185848236,-0.021365728229284286,0.5093131065368652
495,35.94363784790039,1.6093825101852417,0.5010500550270081,0.17826363444328308,-0.012535561807453632,0.515124499797821
496,35.936676025390625,1.5883185863494873,0.4981124997138977,0.17822998762130737,0.008542644791305065,0.5204128623008728
497,35.96684265136719,1.5653051137924194,0.5063499808311462,0.17834316194057465,-0.021239662542939186,0.5110689401626587
498,35.925682067871094,1.5456956624984741,0.49796250462532043,0.17830683290958405,-0.027580037713050842,0.5295354127883911
499,35.937931060791016,1.5671087503433228,0.49912503361701965,0.1782912313938141,-0.01253982912749052,0.5277424454689026
500,35.946868896484375,1.5581549406051636,0.498850017786026,0.17827072739601135,-0.01929658278822899,0.5399169921875
501,35.943843841552734,1.574524998664856,0.4995875060558319,0.17826338112354279,0.0003592195571400225,0.5302652716636658
502,35.961524963378906,1.5537912845611572,0.5018999576568604,0.1782972514629364,-0.0010212226770818233,0.5292556285858154
503,35.95064926147461,1.577701449394226,0.5008500218391418,0.17831240594387054,0.013284149579703808,0.5655496120452881
504,35.95765686035156,1.5610194206237793,0.497762531042099,0.17827250063419342,0.001943856361322105,0.5080277919769287
505,35.95404052734375,1.5611345767974854,0.5032374858856201,0.1783302277326584,-0.0010955785401165485,0.5315143465995789
506,35.95268249511719,1.5544450283050537,0.4958750307559967,0.17825666069984436,-0.012105419300496578,0.5125851631164551
507,35.948081970214844,1.5558359622955322,0.49709999561309814,0.1782049685716629,-0.020693859085440636,0.5436713099479675
508,35.94315719604492,1.5473586320877075,0.49615004658699036,0.17813636362552643,-0.020995229482650757,0.5138296484947205
509,35.9588737487793,1.571424126625061,0.4983750283718109,0.17810742557048798,-0.0378836952149868,0.5427281260490417
510,35.91813278198242,1.5339921712875366,0.5000125169754028,0.1781076341867447,-0.010036921128630638,0.5376348495483398
511,35.952266693115234,1.5452319383621216,0.49818751215934753,0.17807534337043762,-0.04235316812992096,0.5323628783226013
512,35.936710357666016,1.5509237051010132,0.5004749894142151,0.17808379232883453,-0.030133087188005447,0.5563260316848755
513,35.9470329284668,1.5299886465072632,0.4989500343799591,0.17806509137153625,0.004826516378670931,0.5107495188713074
514,35.91192626953125,1.5343812704086304,0.5006250143051147,0.17807620763778687,-0.03579535707831383,0.5123156309127808
515,35.962223052978516,1.5494968891143799,0.49970003962516785,0.17807087302207947,-0.016274621710181236,0.532737135887146
516,35.95335388183594,1.5248280763626099,0.4952875077724457,0.1779869645833969,-0.01662195473909378,0.5118721127510071
517,35.93849182128906,1.5460765361785889,0.49828752875328064,0.1779564917087555,-0.009985444135963917,0.5376389026641846
518,35.92639923095703,1.5404778718948364,0.502387523651123,0.17799898982048035,-0.015147684141993523,0.5293228030204773
519,35.94598388671875,1.5344711542129517,0.49771255254745483,0.17795826494693756,-0.016770757734775543,0.542647659778595
520,35.954200744628906,1.522983431816101,0.5008875131607056,0.17797404527664185,-0.01993735507130623,0.5143893361091614
521,35.93636703491211,1.5194419622421265,0.5017250180244446,0.17800474166870117,-0.019407136365771294,0.5307534337043762
522,35.93626022338867,1.5345573425292969,0.5051500201225281,0.17809641361236572,-0.0316658578813076,0.5372843742370605
523,35.91280746459961,1.5358619689941406,0.5002250075340271,0.17810042202472687,-0.025116760283708572,0.5348578095436096
524,35.94147491455078,1.5266577005386353,0.4979500472545624,0.17806391417980194,-0.016835587099194527,0.49997478723526
525,35.936683654785156,1.5196220874786377,0.5001500248908997,0.17806658148765564,0.002181266900151968,0.5441287755966187
526,35.92805862426758,1.505878210067749,0.4989500343799591,0.17804788053035736,-0.010682852007448673,0.5205896496772766
527,35.941993713378906,1.5169631242752075,0.49953752756118774,0.17803964018821716,-0.015001995489001274,0.5164693593978882
528,35.9331169128418,1.5048696994781494,0.5029749870300293,0.1780926138162613,-0.02660881169140339,0.5339705944061279
529,35.94623947143555,1.4997540712356567,0.500462532043457,0.1781008541584015,-0.02409527264535427,0.5306524634361267
530,35.94096755981445,1.490464687347412,0.49845004081726074,0.17807325720787048,-0.02448376454412937,0.5153576135635376
531,35.95137405395508,1.5027573108673096,0.49777501821517944,0.17803363502025604,0.008051425218582153,0.5291692614555359
532,35.93901443481445,1.5339518785476685,0.5024000406265259,0.1780763566493988,-0.01384830940514803,0.519378662109375
533,35.945499420166016,1.4980334043502808,0.5025500655174255,0.17812176048755646,-0.0045142024755477905,0.5318384170532227
534,35.954063415527344,1.5132156610488892,0.5004000663757324,0.1781288981437683,-0.01649564504623413,0.5357195138931274
535,35.929351806640625,1.4939813613891602,0.4991625249385834,0.17811398208141327,-0.013307809829711914,0.5186222791671753
536,35.944942474365234,1.5191998481750488,0.4984000623226166,0.17808549106121063,-0.02568487823009491,0.5323678255081177
537,35.93315124511719,1.4715840816497803,0.49953752756118774,0.17807725071907043,-0.012019333429634571,0.5253154635429382
538,35.9462890625,1.490382194519043,0.5059375166893005,0.17818298935890198,-0.01691143587231636,0.529895007610321
539,35.95085144042969,1.4644811153411865,0.4997750222682953,0.17817898094654083,0.0006330175674520433,0.5337504744529724
540,35.94362258911133,1.501351237297058,0.5011375546455383,0.17819924652576447,-0.02513357251882553,0.5435441732406616
541,35.93579864501953,1.4941496849060059,0.4998375177383423,0.17819634079933167,0.0008183727622963488,0.5274342894554138
542,35.95810317993164,1.4847774505615234,0.4988875091075897,0.17817652225494385,0.007426874712109566,0.5396947264671326
543,35.948768615722656,1.4718319177627563,0.4986250102519989,0.17815202474594116,0.0237321387976408,0.5246750712394714
544,35.934940338134766,1.4763588905334473,0.5015000104904175,0.17817874252796173,0.010448917746543884,0.5051541328430176
545,35.951656341552734,1.477632999420166,0.5015625357627869,0.17820659279823303,-0.010991263203322887,0.5037307143211365
546,35.94575119018555,1.4759808778762817,0.5010000467300415,0.17822441458702087,-0.006868396420031786,0.5139651894569397
547,35.9689826965332,1.4833028316497803,0.5033250451087952,0.1782836765050888,-0.006305251270532608,0.5217612385749817
548,35.92133331298828,1.4692953824996948,0.5006125569343567,0.1782945990562439,-0.0007040925556793809,0.5385944247245789
549,35.94467544555664,1.4584345817565918,0.5017500519752502,0.1783258020877838,-0.00013771248632110655,0.5243927836418152
550,35.945858001708984,1.4619033336639404,0.5021125078201294,0.17836347222328186,-0.015437127090990543,0.5292766690254211
551,35.931297302246094,1.4758220911026,0.498600035905838,0.17833849787712097,0.020288612693548203,0.5254606008529663
552,35.95644760131836,1.4636491537094116,0.5000125169754028,0.17833870649337769,-0.005467069800943136,0.5346675515174866
553,35.92789077758789,1.4528334140777588,0.4982500374317169,0.17830750346183777,0.015622216276824474,0.5033860206604004
554,35.93964767456055,1.4747810363769531,0.5013625025749207,0.17833179235458374,-0.040796566754579544,0.5318752527236938
555,35.93342971801758,1.455052375793457,0.5020500421524048,0.17836835980415344,-0.025708327069878578,0.5467500686645508
556,35.9530143737793,1.4386340379714966,0.5026000142097473,0.1784147322177887,0.003356382017955184,0.5220596790313721
557,35.945945739746094,1.4576934576034546,0.49838754534721375,0.17838597297668457,-0.02499215304851532,0.5312727093696594
558,35.93811798095703,1.4626195430755615,0.5023625493049622,0.17842811346054077,-0.007619491778314114,0.519734799861908
559,35.92640686035156,1.424914836883545,0.49847501516342163,0.1784009039402008,0.013682045973837376,0.5259319543838501
560,35.944095611572266,1.448239803314209,0.49890005588531494,0.1783812791109085,0.0074610523879528046,0.5321261286735535
561,35.928001403808594,1.4276854991912842,0.4966375231742859,0.17832130193710327,0.012773029506206512,0.5242898464202881
562,35.92485809326172,1.4290101528167725,0.49637502431869507,0.17825666069984436,-0.03644941747188568,0.5241860151290894
563,35.93840789794922,1.4405909776687622,0.5016874670982361,0.17828674614429474,-0.033231668174266815,0.5357866883277893
564,35.934757232666016,1.4188493490219116,0.49834999442100525,0.17825733125209808,-0.00671237101778388,0.5004125237464905
565,35.927513122558594,1.443718671798706,0.502762496471405,0.17830656468868256,-0.02260466106235981,0.5214856266975403
566,35.94174575805664,1.4462262392044067,0.50142502784729,0.17833197116851807,-0.017541801556944847,0.5265935063362122
567,35.95347213745117,1.4173468351364136,0.49611255526542664,0.1782626509666443,-0.0019563413225114346,0.508769690990448
568,35.94113540649414,1.4133819341659546,0.5007750391960144,0.17827646434307098,-0.027227409183979034,0.5177161693572998
569,35.943458557128906,1.4233258962631226,0.497512549161911,0.1782321184873581,-0.013051604852080345,0.5253355503082275
570,35.92866516113281,1.4207640886306763,0.4986250102519989,0.1782076060771942,-0.04211873933672905,0.5329870581626892
571,35.92634963989258,1.4168778657913208,0.4992625117301941,0.17819446325302124,-0.026263298466801643,0.5501799583435059
572,35.933658599853516,1.4264068603515625,0.4987375736236572,0.17817196249961853,-0.004000532906502485,0.5308557748794556
573,35.947792053222656,1.4128310680389404,0.4988125264644623,0.17815080285072327,-0.03426505625247955,0.5154737234115601
574,35.94540786743164,1.412760853767395,0.4990500509738922,0.17813387513160706,0.015164979733526707,0.5277286767959595
575,35.95607376098633,1.4169381856918335,0.4992750585079193,0.17812097072601318,-0.00154240638948977,0.5262442231178284
576,35.94734191894531,1.434516429901123,0.504925012588501,0.17820869386196136,0.014629696495831013,0.5359477996826172
577,35.95477294921875,1.4239431619644165,0.49841251969337463,0.17818041145801544,-0.019377313554286957,0.5492621064186096
578,35.93669128417969,1.401360034942627,0.4985000193119049,0.17815367877483368,0.02183614857494831,0.5234885215759277
579,35.93003463745117,1.3979482650756836,0.49910005927085876,0.1781376451253891,-0.013986080884933472,0.5245367884635925
580,35.93826675415039,1.4039721488952637,0.49838754534721375,0.17810893058776855,-0.012997522950172424,0.5224629640579224
581,35.94440841674805,1.4300203323364258,0.5027000308036804,0.1781570166349411,-0.009549078531563282,0.5365145802497864
582,35.95127487182617,1.4137295484542847,0.49595004320144653,0.1780848652124405,-0.018487252295017242,0.5314911007881165
583,35.9321403503418,1.4182417392730713,0.5025749802589417,0.17813071608543396,-0.030544087290763855,0.5297179818153381
584,35.9389533996582,1.4071366786956787,0.5025625228881836,0.1781763732433319,-0.00427129864692688,0.5157167911529541
585,35.948699951171875,1.3893736600875854,0.5023375749588013,0.1782180219888687,0.013464913703501225,0.5281739830970764
586,35.94314956665039,1.3924049139022827,0.49883753061294556,0.17819730937480927,-0.003997947089374065,0.523303210735321
587,35.93619155883789,1.3960838317871094,0.5031250715255737,0.17825300991535187,0.010060695931315422,0.5320192575454712
588,35.932899475097656,1.3802403211593628,0.5022750496864319,0.17829355597496033,-0.027643535286188126,0.5390373468399048
589,35.96411895751953,1.3904294967651367,0.49562501907348633,0.17821554839611053,0.0011468883603811264,0.5347909331321716
590,35.93465805053711,1.4100115299224854,0.5022875070571899,0.1782563179731369,-0.012253534980118275,0.5314587354660034
591,35.94756317138672,1.3806207180023193,0.4954375624656677,0.17817500233650208,0.019916357472538948,0.5336085557937622
592,35.95500183105469,1.3904740810394287,0.5000750422477722,0.17817634344100952,0.027837231755256653,0.5102894306182861
593,35.9304084777832,1.3836108446121216,0.49691253900527954,0.17812132835388184,-0.016828328371047974,0.5589662194252014
594,35.94331741333008,1.387810468673706,0.49886250495910645,0.1781010776758194,0.004271708894520998,0.52717524766922
595,35.96959686279297,1.3626576662063599,0.5004374980926514,0.17810887098312378,-0.024752302095294,0.5266997814178467
596,35.938201904296875,1.3892309665679932,0.5025375485420227,0.1781540811061859,0.009105360135436058,0.5313653349876404
597,35.936771392822266,1.350889801979065,0.5028500556945801,0.17820486426353455,-0.006413805298507214,0.5554358959197998
598,35.94778060913086,1.3710992336273193,0.5014749765396118,0.1782311499118805,-0.02241075597703457,0.5339896082878113
599,35.92763137817383,1.3693466186523438,0.502387523651123,0.17827370762825012,-0.010155505500733852,0.5081361532211304
600,35.932533264160156,1.3655930757522583,0.4992375075817108,0.17826011776924133,-0.02350548654794693,0.5216702222824097
601,35.9609260559082,1.3564722537994385,0.5021375417709351,0.178298220038414,-0.039504922926425934,0.5264379978179932
602,35.9426155090332,1.36068594455719,0.49486249685287476,0.17820662260055542,-0.02406560443341732,0.5314300656318665
603,35.9431266784668,1.3613927364349365,0.4999125599861145,0.17820505797863007,-0.014367756433784962,0.5125914812088013
604,35.9337158203125,1.362664818763733,0.5016250014305115,0.1782340109348297,-0.032518159598112106,0.5170972347259521
605,35.95000457763672,1.3470126390457153,0.49598750472068787,0.17816250026226044,0.005064800381660461,0.5179113745689392
606,35.936161041259766,1.3610349893569946,0.5011250376701355,0.17818254232406616,-0.03333302214741707,0.528491735458374
607,35.91802215576172,1.3469922542572021,0.5041500329971313,0.17825648188591003,-0.02893698774278164,0.533115565776825
608,35.931495666503906,1.340250015258789,0.5029875040054321,0.17830973863601685,-0.02452210523188114,0.5298228859901428
609,35.94602966308594,1.3427590131759644,0.49851253628730774,0.1782832145690918,0.010024301707744598,0.5240308046340942
610,35.94838333129883,1.3523708581924438,0.49852505326271057,0.17825691401958466,-0.004259615205228329,0.5196964740753174
611,35.933982849121094,1.3431775569915771,0.499562531709671,0.17824912071228027,0.03528992086648941,0.522758424282074
612,35.93052673339844,1.3509905338287354,0.5042375326156616,0.1783246546983719,-0.012957117520272732,0.5521794557571411
613,35.93748474121094,1.339271068572998,0.5007125735282898,0.17833736538887024,-0.017866669222712517,0.5195832848548889
614,35.91667938232422,1.3314698934555054,0.49935004115104675,0.17832577228546143,-0.028510820120573044,0.5246083736419678
615,35.946983337402344,1.330817461013794,0.4991125166416168,0.17830994725227356,-0.015401537530124187,0.5450153350830078
616,35.93487548828125,1.3388817310333252,0.5007625222206116,0.17832355201244354,0.0013338642893359065,0.5152616500854492
617,35.956382751464844,1.3364747762680054,0.5002124905586243,0.17832733690738678,0.006314130499958992,0.5276137590408325
618,35.94184494018555,1.3441017866134644,0.5,0.17832733690738678,-0.01686280407011509,0.5422244071960449
619,35.94893264770508,1.3294034004211426,0.49980005621910095,0.17832377552986145,-0.01703266240656376,0.5241676568984985
620,35.930667877197266,1.3375051021575928,0.502750039100647,0.1783728152513504,0.0016820469172671437,0.5057786107063293
621,35.939842224121094,1.3229873180389404,0.4997750222682953,0.17836880683898926,-0.021265681833028793,0.5095614194869995
622,35.9383430480957,1.3232814073562622,0.5000374913215637,0.1783694624900818,-0.010708852671086788,0.5204900503158569
623,35.9420051574707,1.3225332498550415,0.49688753485679626,0.1783139407634735,0.011260796338319778,0.5399510264396667
624,35.936824798583984,1.3319990634918213,0.5018125176429749,0.17834624648094177,-0.007190030999481678,0.5099583864212036
625,35.93751525878906,1.3173143863677979,0.5008625388145447,0.17836163938045502,-0.034491825848817825,0.5200138688087463
626,35.94230270385742,1.3275058269500732,0.5022124648094177,0.17840109765529633,-0.025603558868169785,0.5485458374023438
627,35.93022155761719,1.3472435474395752,0.5005500316619873,0.17841090261936188,0.0069102137349545956,0.5330197215080261
628,35.9324836730957,1.3049432039260864,0.49668753147125244,0.17835180461406708,-0.035248346626758575,0.5385423302650452
629,35.93254470825195,1.3076131343841553,0.5008249878883362,0.1783665120601654,-0.00020764829241670668,0.5444594621658325
630,35.93617630004883,1.3244165182113647,0.5007500052452087,0.17837989330291748,0.000907637644559145,0.5231459140777588
631,35.935218811035156,1.3236099481582642,0.5013750195503235,0.17840440571308136,-0.030273115262389183,0.5086748600006104
632,35.953269958496094,1.3179042339324951,0.4982500374317169,0.17837318778038025,-0.011290299706161022,0.5230738520622253
633,35.924320220947266,1.3227137327194214,0.4992000460624695,0.17835891246795654,-0.03451748192310333,0.5272294282913208
634,35.9321403503418,1.2825819253921509,0.4988125264644623,0.17833773791790009,-0.025453705340623856,0.5400479435920715
635,35.92670822143555,1.2975994348526,0.4978000521659851,0.17829850316047668,-0.030877087265253067,0.5229030847549438
636,35.94295883178711,1.3192211389541626,0.49990004301071167,0.17829671502113342,0.005065604578703642,0.5395909547805786
637,35.953025817871094,1.3015451431274414,0.5015625357627869,0.17832458019256592,-0.017015105113387108,0.5262643098831177
638,35.928810119628906,1.3106541633605957,0.49945002794265747,0.17831477522850037,-0.03162650391459465,0.5227293372154236
639,35.937843322753906,1.290793776512146,0.5009125471115112,0.17833106219768524,-0.007106808014214039,0.5377629995346069
640,35.93421173095703,1.2831043004989624,0.5004750490188599,0.17833952605724335,-0.018083222210407257,0.5219713449478149
641,35.943973541259766,1.2791386842727661,0.5018875002861023,0.17837317287921906,-0.026773618534207344,0.5109578371047974
642,35.93231964111328,1.2727787494659424,0.4993250370025635,0.17836113274097443,0.00300952373072505,0.5192389488220215
643,35.93284225463867,1.2774890661239624,0.4957125186920166,0.1782846599817276,0.0018452994991093874,0.5389642715454102
644,35.94060134887695,1.2777042388916016,0.4993625283241272,0.1782732903957367,-0.004664921201765537,0.518027663230896
645,35.929542541503906,1.2878875732421875,0.5009750127792358,0.17829068005084991,0.010325022041797638,0.5398105382919312
646,35.92420196533203,1.2678747177124023,0.4986500144004822,0.17826661467552185,-0.021822495386004448,0.5430434346199036
647,35.93165588378906,1.2928965091705322,0.5005249977111816,0.1782759577035904,-0.012977437116205692,0.5467506051063538
648,35.92826461791992,1.2886136770248413,0.49881255626678467,0.17825478315353394,-0.0012727652210742235,0.5290762186050415
649,35.924415588378906,1.2815773487091064,0.5011375546455383,0.17827504873275757,-0.003962321672588587,0.5151002407073975
650,35.933631896972656,1.2882224321365356,0.5013124942779541,0.1782984435558319,-0.038687873631715775,0.5143449902534485
651,35.92030334472656,1.275197982788086,0.49755004048347473,0.17825476825237274,0.01052869949489832,0.5318240523338318
652,35.95122146606445,1.2782635688781738,0.501800000667572,0.1782868504524231,0.005885774735361338,0.536710798740387
653,35.956180572509766,1.275219440460205,0.5006750226020813,0.17829887568950653,-0.0125257084146142,0.5204309225082397
654,35.930477142333984,1.2905025482177734,0.4977875351905823,0.17825943231582642,-0.02305818349123001,0.5415810346603394
655,35.93865966796875,1.2665250301361084,0.5048375129699707,0.1783456653356552,-0.016071079298853874,0.5225147604942322
656,35.95412063598633,1.2767316102981567,0.5008749961853027,0.17836126685142517,-0.014136621728539467,0.5459285378456116
657,35.914573669433594,1.272036075592041,0.5000250339508057,0.178361713886261,-0.041393883526325226,0.5105463862419128
658,35.946231842041016,1.2748512029647827,0.5027000308036804,0.1784098744392395,0.002289354335516691,0.5176159143447876
659,35.944461822509766,1.2811511754989624,0.4999000132083893,0.17840808629989624,-0.005746305454522371,0.5313133597373962
660,35.954925537109375,1.2552427053451538,0.4992750585079193,0.17839515209197998,-0.020974911749362946,0.5191186666488647
661,35.93790054321289,1.2762620449066162,0.49877503514289856,0.1783733069896698,0.004035725723952055,0.5263184309005737
662,35.93650436401367,1.2790461778640747,0.4992125332355499,0.178359255194664,-0.005933096166700125,0.5372062921524048
663,35.92357635498047,1.2687827348709106,0.4987625479698181,0.1783371865749359,-0.0397464781999588,0.5016621351242065
664,35.943450927734375,1.2578946352005005,0.5000874996185303,0.17833873629570007,-0.0321430005133152,0.4885513186454773
665,35.94066619873047,1.2501641511917114,0.499687522649765,0.17833316326141357,-0.02733711339533329,0.5110180377960205
666,35.93462371826172,1.2480438947677612,0.4964500069618225,0.17826984822750092,-0.01454509049654007,0.5258897542953491
667,35.93516540527344,1.2380090951919556,0.49553748965263367,0.17819029092788696,-0.020084267482161522,0.5259003639221191
668,35.921722412109375,1.2467578649520874,0.5049625039100647,0.17827871441841125,-0.0018722211243584752,0.529045045375824
669,35.94087600708008,1.2518893480300903,0.4987500309944153,0.17825643718242645,-0.02531178668141365,0.5426018834114075
670,35.93156433105469,1.2499433755874634,0.49914997816085815,0.1782412827014923,0.01214134693145752,0.5328290462493896
671,35.932716369628906,1.257115364074707,0.5014874935150146,0.17826780676841736,-0.012097073718905449,0.545491099357605
672,35.939476013183594,1.249625563621521,0.49847501516342163,0.17824062705039978,-0.00961729884147644,0.5314836502075195
673,35.93092727661133,1.245766282081604,0.5009750127792358,0.1782580018043518,-0.011189174838364124,0.5484942197799683
674,35.92926025390625,1.2370061874389648,0.4982125461101532,0.17822614312171936,-0.014007290825247765,0.5142063498497009
675,35.94590759277344,1.2352986335754395,0.5011125206947327,0.17824596166610718,-0.03674400970339775,0.5333077311515808
676,35.93507385253906,1.2427417039871216,0.498850017786026,0.17822547256946564,-0.017681101337075233,0.5056941509246826
677,35.927452087402344,1.2455796003341675,0.5017000436782837,0.17825576663017273,-0.04563383758068085,0.5276521444320679
678,35.9467658996582,1.2227132320404053,0.5004875063896179,0.17826445400714874,0.013072788715362549,0.5171265006065369
679,35.93153381347656,1.2360694408416748,0.5008125305175781,0.17827895283699036,-0.02490721456706524,0.5253859758377075
680,35.93822479248047,1.2486332654953003,0.5000125169754028,0.17827916145324707,-0.0324053019285202,0.5267609357833862
681,35.93553924560547,1.2389419078826904,0.49701252579689026,0.17822590470314026,-0.0045461333356797695,0.5278468728065491
682,35.934322357177734,1.2187447547912598,0.5019875168800354,0.17826132476329803,0.007218176499009132,0.5245426297187805
683,35.95085906982422,1.2178363800048828,0.4984375238418579,0.17823347449302673,-0.0022218991070985794,0.5212181806564331
684,35.9523811340332,1.2491426467895508,0.5019000172615051,0.17826734483242035,-0.015247766859829426,0.5162785053253174
685,35.93877410888672,1.2354230880737305,0.5015875101089478,0.17829565703868866,-0.012045325711369514,0.5285987854003906
686,35.9515266418457,1.2154721021652222,0.49778756499290466,0.17825621366500854,-0.007033049128949642,0.5143564343452454
687,35.942047119140625,1.22052001953125,0.5019625425338745,0.1782911866903305,0.0038320119492709637,0.528638482093811
688,35.92909240722656,1.215354561805725,0.49547502398490906,0.17821051180362701,-0.007213065400719643,0.5256601572036743
689,35.93633270263672,1.2164899110794067,0.5032250285148621,0.1782679706811905,-0.04296892508864403,0.523859977722168
690,35.929500579833984,1.2367122173309326,0.5030625462532043,0.17832256853580475,-0.024543875828385353,0.5281506776809692
691,35.94827651977539,1.2234729528427124,0.4991375505924225,0.1783071905374527,0.002098754048347473,0.5440801382064819
692,35.932186126708984,1.2269678115844727,0.4974749982357025,0.17826217412948608,-0.011450264602899551,0.5150943994522095
693,35.942562103271484,1.2272733449935913,0.497700035572052,0.17822116613388062,-0.02254737913608551,0.5314902663230896
694,35.948974609375,1.2398406267166138,0.5021875500679016,0.17826014757156372,-0.009821408428251743,0.5207608342170715
695,35.93509292602539,1.2043125629425049,0.49492502212524414,0.17816968262195587,-0.006106505170464516,0.5304769277572632
696,35.93841552734375,1.2243573665618896,0.5015250444412231,0.17819684743881226,-0.017504973337054253,0.5228727459907532
697,35.93674850463867,1.2170672416687012,0.5032625198364258,0.17825499176979065,-0.024143261834979057,0.5204163193702698
698,35.93696212768555,1.2174475193023682,0.5022125244140625,0.17829443514347076,-0.006496180780231953,0.5217076539993286
699,35.92934036254883,1.2125717401504517,0.4984875023365021,0.1782674640417099,-0.037362512201070786,0.5207054615020752
700,35.933406829833984,1.2032270431518555,0.5013625025749207,0.17829175293445587,-0.002657955279573798,0.515317440032959
701,35.924957275390625,1.2045358419418335,0.499812513589859,0.17828840017318726,-0.017881693318486214,0.5268756151199341
702,35.9359130859375,1.2022168636322021,0.49963754415512085,0.17828193306922913,2.3249151126947254e-05,0.5251963138580322
703,35.925315856933594,1.226549744606018,0.5011625289916992,0.17830266058444977,0.008733820170164108,0.5147469639778137
704,35.932838439941406,1.2066916227340698,0.5019000768661499,0.17833654582500458,0.012621168978512287,0.531688392162323
705,35.92837142944336,1.1965645551681519,0.4961000084877014,0.1782670021057129,0.0025168973952531815,0.5255825519561768
706,35.945701599121094,1.1973562240600586,0.49830004572868347,0.1782366931438446,-0.007870740257203579,0.5269544720649719
707,35.93339157104492,1.2033095359802246,0.4966750144958496,0.17817743122577667,-0.01533981878310442,0.513789176940918
708,35.930328369140625,1.2104723453521729,0.5022500157356262,0.17821751534938812,-0.056768909096717834,0.5434896349906921
709,35.929256439208984,1.2086557149887085,0.49838754534721375,0.17818878591060638,-0.016572346910834312,0.5129582285881042
710,35.91219711303711,1.195358395576477,0.49656254053115845,0.17812754213809967,-0.03050440549850464,0.5167749524116516
711,35.92961883544922,1.1819692850112915,0.49650001525878906,0.1780651956796646,0.0236055850982666,0.5287640690803528
712,35.94863510131836,1.1804325580596924,0.49835002422332764,0.17803581058979034,0.0009173050639219582,0.521959662437439
713,35.942718505859375,1.1976927518844604,0.5039499998092651,0.1781061440706253,-0.0018141327891498804,0.5097116827964783
714,35.92964553833008,1.1784553527832031,0.49773749709129333,0.17806585133075714,-0.012287961319088936,0.5181536078453064
715,35.938743591308594,1.1770285367965698,0.49793753027915955,0.1780291348695755,0.008343678899109364,0.5300163626670837
716,35.92525863647461,1.1941208839416504,0.5008125305175781,0.17804360389709473,-0.022337373346090317,0.5224931240081787
717,35.94423294067383,1.2058234214782715,0.4993250370025635,0.17803159356117249,0.0019822551403194666,0.5412108302116394
718,35.93506622314453,1.1909195184707642,0.4987250566482544,0.17800889909267426,-0.004755508154630661,0.5345973968505859
719,35.92131805419922,1.1825677156448364,0.500950038433075,0.17802581191062927,0.0014727340312674642,0.5196581482887268
720,35.92335510253906,1.2057268619537354,0.49892503023147583,0.17800666391849518,-0.002837509848177433,0.5203172564506531
721,35.95242691040039,1.1865335702896118,0.5004875063896179,0.17801533639431,-0.0069380830973386765,0.5196525454521179
722,35.947078704833984,1.1820948123931885,0.4999750256538391,0.17801488935947418,-0.0029309303499758244,0.5308325886726379
723,35.91885757446289,1.1936649084091187,0.49863749742507935,0.1779906302690506,-0.04416462033987045,0.5298903584480286
724,35.92778396606445,1.1900336742401123,0.5011125206947327,0.17801043391227722,0.004999066703021526,0.5273943543434143
725,35.935462951660156,1.173797845840454,0.496550053358078,0.17794902622699738,-0.012093821540474892,0.5191612839698792
726,35.91544723510742,1.1910982131958008,0.49838754534721375,0.17792034149169922,-0.02890218049287796,0.5119298696517944
727,35.93876647949219,1.1879158020019531,0.49803754687309265,0.17788542807102203,-0.003451746189966798,0.5365803837776184
728,35.94731140136719,1.179951786994934,0.504550039768219,0.17796637117862701,-0.005087377969175577,0.5098806023597717
729,35.936038970947266,1.1732443571090698,0.5032874941825867,0.17802488803863525,-0.00473462138324976,0.5231639742851257
730,35.946990966796875,1.170296311378479,0.5010375380516052,0.17804335057735443,-0.01332327164709568,0.5390394330024719
731,35.92279052734375,1.1770453453063965,0.5001000165939331,0.1780451387166977,-0.023875165730714798,0.5147247910499573
732,35.93821716308594,1.1635128259658813,0.5036125183105469,0.17810945212841034,-0.03229404613375664,0.5264124274253845
733,35.918148040771484,1.167222499847412,0.5016124844551086,0.17813818156719208,-0.023546135053038597,0.511867105960846
734,35.92670440673828,1.1696621179580688,0.5008500218391418,0.17815332114696503,0.017353905364871025,0.5287667512893677
735,35.943084716796875,1.1640254259109497,0.49793753027915955,0.178116574883461,-0.0385357141494751,0.5270941853523254
736,35.92770767211914,1.1535911560058594,0.4999750256538391,0.17811612784862518,-0.01668074168264866,0.5304738283157349
737,35.946067810058594,1.1764850616455078,0.49982503056526184,0.17811301350593567,-0.006712618283927441,0.5281208157539368
738,35.925132751464844,1.1447006464004517,0.4984625279903412,0.17808564007282257,0.0007211827323772013,0.5168994069099426
739,35.93108367919922,1.1562052965164185,0.5014375448226929,0.1781112402677536,-0.025100750848650932,0.5143866539001465
740,35.93086624145508,1.1593989133834839,0.49966251850128174,0.17810523509979248,-0.004428422078490257,0.5090534090995789
741,35.929134368896484,1.1649600267410278,0.5012125372886658,0.17812682688236237,-0.003657478606328368,0.5389164090156555
742,35.943172454833984,1.1640491485595703,0.5040249824523926,0.17819851636886597,0.014310763217508793,0.5429816246032715
743,35.95427703857422,1.172083854675293,0.5036875009536743,0.17826421558856964,-0.007285252213478088,0.534252941608429
744,35.945350646972656,1.154679775238037,0.49912503361701965,0.17824861407279968,-0.010798273608088493,0.5237619280815125
745,35.93099594116211,1.1699687242507935,0.49976250529289246,0.17824438214302063,-0.029294516891241074,0.5482338666915894
746,35.9212646484375,1.1667115688323975,0.5015624761581421,0.17827223241329193,-0.0015930357621982694,0.5289764404296875
747,35.93095016479492,1.1529206037521362,0.50204998254776,0.17830878496170044,-0.007294150535017252,0.5215829610824585
748,35.94220733642578,1.1518211364746094,0.49772506952285767,0.1782682240009308,-0.010664026252925396,0.5170484185218811
749,35.93885040283203,1.1492326259613037,0.5019875168800354,0.17830364406108856,-0.009883088059723377,0.5154781341552734
750,35.91994857788086,1.1546790599822998,0.5028000473976135,0.17835357785224915,-0.0315970852971077,0.5192264914512634
751,35.92353439331055,1.143615484237671,0.49723750352859497,0.1783042997121811,-0.00862908735871315,0.49813324213027954
752,35.91695785522461,1.1483474969863892,0.49897506833076477,0.17828601598739624,-0.01738593354821205,0.5440691113471985
753,35.92756652832031,1.157446265220642,0.5030125379562378,0.17833971977233887,-0.022072799503803253,0.5296273827552795
754,35.92393493652344,1.1443054676055908,0.499562531709671,0.1783319115638733,0.0038416197057813406,0.5330182313919067
755,35.94731521606445,1.1570336818695068,0.5036125183105469,0.1783963292837143,-0.007237596902996302,0.529577374458313
756,35.938629150390625,1.1480008363723755,0.4986875355243683,0.17837291955947876,-0.0013204566203057766,0.5282834768295288
757,35.944358825683594,1.1326879262924194,0.500700056552887,0.1783854067325592,-0.02010739967226982,0.5395223498344421
758,35.93917465209961,1.1371558904647827,0.49717503786087036,0.1783350110054016,-0.02389051578938961,0.5332704782485962
759,35.944149017333984,1.1249912977218628,0.493987500667572,0.17822779715061188,-0.02599601447582245,0.5041471123695374
760,35.94892883300781,1.1507604122161865,0.4981500506401062,0.1781948208808899,-0.02199419215321541,0.5175228118896484
761,35.929622650146484,1.1329460144042969,0.5003125071525574,0.1782003790140152,0.013903922401368618,0.5262083411216736
762,35.95048141479492,1.141291856765747,0.49812501668930054,0.1781669706106186,-0.02476350963115692,0.5348286628723145
763,35.936126708984375,1.1463978290557861,0.4959750175476074,0.1780952513217926,-0.004904028028249741,0.523301362991333
764,35.929378509521484,1.151742935180664,0.5007625222206116,0.1781088411808014,-0.02228393964469433,0.5240243673324585
765,35.92988204956055,1.1314582824707031,0.496862530708313,0.17805296182632446,0.011944063939154148,0.5483177900314331
766,35.91925811767578,1.1356751918792725,0.5004000067710876,0.17806009948253632,-0.021793989464640617,0.5409997701644897
767,35.92910385131836,1.1400216817855835,0.5002000331878662,0.17806366086006165,0.003904463490471244,0.5169407725334167
768,35.910743713378906,1.13260817527771,0.5,0.17806366086006165,-0.017502255737781525,0.5176215171813965
769,35.93914794921875,1.1341661214828491,0.5008000135421753,0.17807790637016296,-0.00547146936878562,0.5282151699066162
770,35.918487548828125,1.136979341506958,0.502512514591217,0.1781226545572281,-0.018000058829784393,0.5321616530418396
771,35.93096160888672,1.1204262971878052,0.4971250295639038,0.17807145416736603,-0.0023417300544679165,0.5366284251213074
772,35.91886520385742,1.1248201131820679,0.5029749870300293,0.17812444269657135,-0.043946001678705215,0.5261296629905701
773,35.917816162109375,1.1390752792358398,0.49870002269744873,0.1781012862920761,-0.0052033974789083,0.5276331901550293
774,35.9315299987793,1.135941505432129,0.500212550163269,0.17810507118701935,-0.022939439862966537,0.5296452641487122
775,35.928184509277344,1.1409229040145874,0.5026000142097473,0.17815138399600983,-0.020109400153160095,0.5283595323562622
776,35.92903518676758,1.127073884010315,0.49518752098083496,0.17806564271450043,-0.031014755368232727,0.529377818107605
777,35.943485260009766,1.1265915632247925,0.4970625340938568,0.17801333963871002,0.03869189694523811,0.5184082388877869
778,35.9425163269043,1.1262434720993042,0.5029374957084656,0.17806562781333923,-0.007355710491538048,0.5294769406318665
779,35.931007385253906,1.1209015846252441,0.50166255235672,0.1780952364206314,-0.01013015303760767,0.5165804028511047
780,35.92128372192383,1.125087022781372,0.49902501702308655,0.17807787656784058,-0.037360288202762604,0.5223844051361084
781,35.91965103149414,1.1289403438568115,0.5008500218391418,0.17809301614761353,0.0014369860291481018,0.5133576989173889
782,35.93309020996094,1.1206363439559937,0.4987625479698181,0.17807097733020782,-0.0069887288846075535,0.5197804570198059
783,35.940025329589844,1.1061335802078247,0.49765002727508545,0.1780291199684143,-0.00387777341529727,0.518852174282074
784,35.94206619262695,1.1162270307540894,0.5011250376701355,0.17804914712905884,-0.03174339607357979,0.5392006039619446
785,35.94345474243164,1.1112946271896362,0.5010250210762024,0.1780674010515213,-0.009796037338674068,0.516338586807251
786,35.942501068115234,1.111227035522461,0.5021000504493713,0.17810480296611786,-0.0047452510334551334,0.5441267490386963
787,35.93213653564453,1.1120237112045288,0.4997375011444092,0.17810013890266418,-0.0263518076390028,0.5106955766677856
788,35.93754959106445,1.1230428218841553,0.49982503056526184,0.17809702455997467,0.004315513651818037,0.5225672721862793
789,35.921409606933594,1.1246540546417236,0.49871253967285156,0.17807409167289734,0.0038589509204030037,0.5096219182014465
790,35.925960540771484,1.1138944625854492,0.49826252460479736,0.1780431568622589,-0.00293308706022799,0.5419182777404785
791,35.932708740234375,1.1052284240722656,0.5007500052452087,0.1780565083026886,0.0063924891874194145,0.5380362868309021
792,35.944007873535156,1.1176494359970093,0.4946875274181366,0.17796191573143005,0.011259117163717747,0.5204155445098877
793,35.93876647949219,1.0976178646087646,0.5039500594139099,0.17803221940994263,-0.01511683501303196,0.5447829365730286
794,35.926204681396484,1.0863878726959229,0.49838754534721375,0.17800351977348328,-0.016307715326547623,0.5176664590835571
795,35.94127655029297,1.1131089925765991,0.501550018787384,0.1780311018228531,-0.015723878517746925,0.5146952271461487
796,35.93716049194336,1.120335340499878,0.5000500082969666,0.17803199589252472,-0.0015585451619699597,0.5374190807342529
797,35.921634674072266,1.0873956680297852,0.4979500472545624,0.177995502948761,-0.02348378673195839,0.5299521684646606
798,35.93531036376953,1.0775961875915527,0.5004000067710876,0.17800262570381165,-0.013686368241906166,0.5231640934944153
799,35.9307746887207,1.1073371171951294,0.5010499954223633,0.17802132666110992,0.011330259032547474,0.5147605538368225
800,35.94204330444336,1.1075667142868042,0.49912503361701965,0.17800575494766235,-0.008919347077608109,0.5161231756210327
801,35.92806625366211,1.0907225608825684,0.501787543296814,0.1780375838279724,-0.018291501328349113,0.5270596742630005
802,35.92097091674805,1.0994335412979126,0.5022124648094177,0.17807698249816895,-0.01506895013153553,0.5356491208076477
803,35.92300796508789,1.089898705482483,0.4983375370502472,0.17804737389087677,6.886816117912531e-05,0.5337379574775696
804,35.93976593017578,1.1081887483596802,0.4958500266075134,0.17797349393367767,-0.0025428810622543097,0.520656943321228
805,35.933265686035156,1.0969102382659912,0.5003875494003296,0.17798039317131042,-0.010441204532980919,0.5325783491134644
806,35.960968017578125,1.10115647315979,0.5028250217437744,0.17803068459033966,-0.0054754819720983505,0.5303066372871399
807,35.946102142333984,1.078384280204773,0.4935625195503235,0.17791607975959778,-0.0001173429554910399,0.5210492610931396
808,35.94602584838867,1.09006667137146,0.49803751707077026,0.1778811663389206,-0.009975863620638847,0.5444661378860474
809,35.9376335144043,1.0961240530014038,0.5004000663757324,0.17788828909397125,-0.014148162677884102,0.546245276927948
810,35.93155288696289,1.0991766452789307,0.4999125301837921,0.1778867244720459,0.0073262769728899,0.5315157771110535
811,35.9422492980957,1.0855000019073486,0.5001749992370605,0.1778898388147354,0.010847843252122402,0.5317704081535339
812,35.93511199951172,1.0969659090042114,0.4993624985218048,0.1778784990310669,-0.017283722758293152,0.5247963070869446
813,35.93941879272461,1.0986310243606567,0.49886253476142883,0.17785826325416565,-0.011748786084353924,0.5418495535850525
814,35.940185546875,1.0718110799789429,0.5000125169754028,0.17785847187042236,-0.024129457771778107,0.5125897526741028
815,35.923099517822266,1.0796624422073364,0.5004000067710876,0.17786559462547302,-0.03518478944897652,0.5201020836830139
816,35.93433380126953,1.0804246664047241,0.49900001287460327,0.17784780263900757,-0.014743976294994354,0.5258711576461792
817,35.94346618652344,1.0820283889770508,0.4988250434398651,0.1778269112110138,-0.019896170124411583,0.5210614204406738
818,35.9461669921875,1.0909408330917358,0.5027750134468079,0.17787626385688782,0.0002853527257684618,0.5166069865226746
819,35.95372009277344,1.0768910646438599,0.49857503175735474,0.17785091698169708,0.005842277780175209,0.5291920900344849
820,35.94047546386719,1.0805697441101074,0.49838754534721375,0.17782224714756012,-0.021027816459536552,0.5460083484649658
821,35.93241882324219,1.0946353673934937,0.4997750520706177,0.17781825363636017,0.014782476238906384,0.5333181023597717
822,35.92526626586914,1.0796724557876587,0.5037875175476074,0.17788559198379517,-0.016264505684375763,0.5318813323974609
823,35.92927169799805,1.083997368812561,0.49906253814697266,0.17786891758441925,-0.018134193494915962,0.5196763873100281
824,35.940216064453125,1.0866872072219849,0.502750039100647,0.17791783809661865,-0.016441436484456062,0.525533139705658
825,35.926979064941406,1.0703431367874146,0.49900001287460327,0.1779000461101532,-0.01072666049003601,0.5258978605270386
826,35.93852233886719,1.0796695947647095,0.5033125281333923,0.17795898020267487,0.018722649663686752,0.5299670100212097
827,35.91815948486328,1.0762149095535278,0.5030500292778015,0.17801326513290405,-0.007697260472923517,0.5243757963180542
828,35.93574905395508,1.0832048654556274,0.5018500089645386,0.17804619669914246,-0.010801094584167004,0.5369923114776611
829,35.93680953979492,1.080000638961792,0.5001375079154968,0.17804864048957825,-0.01810770109295845,0.5196991562843323
830,35.935951232910156,1.0784245729446411,0.4993875324726105,0.17803773283958435,-0.028521576896309853,0.536372721195221
831,35.92977523803711,1.0714695453643799,0.5014375448226929,0.17806333303451538,0.018843315541744232,0.5386768579483032
832,35.94032669067383,1.0837799310684204,0.49869999289512634,0.17804019153118134,-0.03931806981563568,0.544136643409729
833,35.9283332824707,1.0734269618988037,0.4990500509738922,0.17802327871322632,-0.013238991610705853,0.5270766019821167
834,35.94118118286133,1.0720221996307373,0.49631252884864807,0.17795762419700623,-0.013299413956701756,0.526543140411377
835,35.93912887573242,1.0609028339385986,0.4931250214576721,0.17783528566360474,0.00791928730905056,0.542770504951477
836,35.93999481201172,1.0622559785842896,0.5025250315666199,0.1778801828622818,0.004849386401474476,0.5406994223594666
837,35.9251823425293,1.0774894952774048,0.5021374821662903,0.1779182106256485,-0.014489666558802128,0.5117581486701965
838,35.932350158691406,1.0609666109085083,0.497575044631958,0.1778750717639923,-0.047839969396591187,0.531872570514679
839,35.917083740234375,1.0744434595108032,0.5010875463485718,0.17789441347122192,-0.02222355082631111,0.5097962021827698
840,35.93284225463867,1.0715079307556152,0.5018249750137329,0.17792688310146332,-0.016346266493201256,0.5364130139350891
841,35.93478012084961,1.0736169815063477,0.5022000074386597,0.17796604335308075,0.0034858165308833122,0.537471354007721
842,35.933143615722656,1.0673937797546387,0.5035625696182251,0.17802943289279938,-0.0179440900683403,0.5411679148674011
843,35.930702209472656,1.0657814741134644,0.5048624873161316,0.17811599373817444,-0.013074716553092003,0.5341739654541016
844,35.939334869384766,1.0736826658248901,0.49943751096725464,0.17810596525669098,-0.048982370644807816,0.5493832230567932
845,35.92405319213867,1.0602335929870605,0.4987500309944153,0.17808370292186737,-0.016247762367129326,0.5323616862297058
846,35.928199768066406,1.0620664358139038,0.49957504868507385,0.1780761331319809,-0.011470961384475231,0.5177009701728821
847,35.934539794921875,1.0749667882919312,0.49976250529289246,0.17807191610336304,-0.004403076600283384,0.5211615562438965
848,35.93943405151367,1.0517100095748901,0.4998500347137451,0.17806924879550934,-0.029201865196228027,0.5256929993629456
849,35.926597595214844,1.0464272499084473,0.5018500089645386,0.17810219526290894,-0.007541169412434101,0.5218217372894287
850,35.937400817871094,1.0465009212493896,0.4996125102043152,0.17809529602527618,-0.02423509769141674,0.5138582587242126
851,35.935150146484375,1.0459285974502563,0.5006250739097595,0.178106427192688,-0.03666955232620239,0.5358231663703918
852,35.9263916015625,1.0564578771591187,0.5016124844551086,0.17813515663146973,-0.02194521389901638,0.5290595293045044
853,35.930145263671875,1.071924090385437,0.503587543964386,0.17819905281066895,-0.0011303731007501483,0.5201717615127563
854,35.9416618347168,1.0419988632202148,0.5007374882698059,0.17821219563484192,-0.006272695958614349,0.5251721143722534
855,35.9356689453125,1.050686240196228,0.5033375024795532,0.17827168107032776,-0.0058313156478106976,0.536514401435852
856,35.935733795166016,1.044600009918213,0.5004750490188599,0.17828014492988586,-0.012907039374113083,0.49680212140083313
857,35.937618255615234,1.0371062755584717,0.4993375241756439,0.17826834321022034,-0.013053813017904758,0.539941668510437
858,35.93757629394531,1.0460847616195679,0.5037875175476074,0.17833586037158966,-0.009896396659314632,0.5204986929893494
859,35.94107437133789,1.024816870689392,0.5018125176429749,0.17836818099021912,-0.0012341514229774475,0.5231804251670837
860,35.94011688232422,1.042424201965332,0.4974125325679779,0.17832203209400177,-0.001432020217180252,0.526190459728241
861,35.915992736816406,1.0459179878234863,0.5005000233650208,0.1783309429883957,0.0003606376703828573,0.5225636959075928
862,35.93162536621094,1.0421855449676514,0.5026000142097473,0.17837731540203094,-0.01278138067573309,0.5256933569908142
863,35.918426513671875,1.0387446880340576,0.4970250427722931,0.17832425236701965,0.010710113681852818,0.5195152759552002
864,35.94464874267578,1.0382858514785767,0.4981750249862671,0.1782917082309723,-0.02691490575671196,0.5199663639068604
865,35.93089294433594,1.038281798362732,0.5003875494003296,0.17829862236976624,-0.024799281731247902,0.5149862170219421
866,35.927608489990234,1.033227562904358,0.496800035238266,0.178241565823555,-0.015456984750926495,0.5069964528083801
867,35.91298294067383,1.0322209596633911,0.49406251311302185,0.1781357377767563,0.003885481972247362,0.5166239738464355
868,35.94565200805664,1.041095495223999,0.502750039100647,0.17818473279476166,-0.002946367021650076,0.5246803760528564
869,35.934059143066406,1.0309430360794067,0.499687522649765,0.17817917466163635,-0.018114052712917328,0.547074019908905
870,35.92476272583008,1.0294219255447388,0.5007375478744507,0.17819231748580933,-0.011539362370967865,0.5267261266708374
871,35.92005920410156,1.032938003540039,0.5028374791145325,0.17824287712574005,-0.022869564592838287,0.534909188747406
872,35.93470764160156,1.0452792644500732,0.5013499855995178,0.17826692759990692,0.0016666551819071174,0.5204062461853027
873,35.92503356933594,1.0409960746765137,0.4980250597000122,0.17823173105716705,0.009625553153455257,0.5195784568786621
874,35.92646789550781,1.0385066270828247,0.4987500309944153,0.17820945382118225,-0.045928847044706345,0.5253400802612305
875,35.933502197265625,1.039162039756775,0.5004000067710876,0.1782165914773941,-0.02423594705760479,0.5352290868759155
876,35.9297981262207,1.0386645793914795,0.498725026845932,0.1781938672065735,0.009688276797533035,0.5197503566741943
877,35.928836822509766,1.0197319984436035,0.49986255168914795,0.1781914085149765,-0.028090542182326317,0.5347984433174133
878,35.92661666870117,1.016865611076355,0.49841251969337463,0.17816312611103058,-0.02509246952831745,0.5174338221549988
879,35.93510437011719,1.0226483345031738,0.5001500248908997,0.17816580832004547,-0.003951118793338537,0.5286100506782532
880,35.930423736572266,1.0197395086288452,0.49892500042915344,0.17814664542675018,0.008158417418599129,0.5267879962921143
881,35.920433044433594,1.0230867862701416,0.4974749982357025,0.17810165882110596,-0.012881407514214516,0.5306465029716492
882,35.9239616394043,1.032651424407959,0.5018250346183777,0.17813415825366974,-0.011534067802131176,0.520849883556366
883,35.91400909423828,1.0382745265960693,0.5007750391960144,0.17814795672893524,-0.0193439032882452,0.5276782512664795
884,35.93626022338867,1.0354944467544556,0.5008000135421753,0.17816220223903656,-0.0042397817596793175,0.5267302989959717
885,35.91896057128906,1.025973916053772,0.49982503056526184,0.17815907299518585,-0.018147557973861694,0.5204464793205261
886,35.939456939697266,1.0123906135559082,0.5012000203132629,0.17818045616149902,-0.0029304130002856255,0.5481486320495605
887,35.92803955078125,1.02108633518219,0.5013250112533569,0.17820407450199127,-0.03622746095061302,0.5193037986755371
888,35.93335723876953,1.0248377323150635,0.5000000596046448,0.17820407450199127,-0.022425133734941483,0.5181297659873962
889,35.92520523071289,1.0366555452346802,0.4968000054359436,0.17814704775810242,-0.019692642614245415,0.5146453380584717
890,35.937416076660156,1.0032707452774048,0.49608755111694336,0.1780773550271988,-0.0065375580452382565,0.5173681974411011
891,35.921409606933594,1.0282210111618042,0.502037525177002,0.1781136393547058,-0.03915124759078026,0.5273421406745911
892,35.920902252197266,1.0227656364440918,0.5020624995231628,0.17815037071704865,-0.01879539154469967,0.514485239982605
893,35.9293327331543,1.0202999114990234,0.49666252732276917,0.1780909150838852,-0.01591067761182785,0.513838529586792
894,35.923824310302734,1.0163094997406006,0.5022125244140625,0.17813031375408173,-0.021957775577902794,0.5208443403244019
895,35.920692443847656,1.009898066520691,0.5011000037193298,0.17814990878105164,-0.013535935431718826,0.5132759809494019
896,35.926666259765625,1.015268325805664,0.5017750263214111,0.17818152904510498,-0.023973533883690834,0.5458748936653137
897,35.92914962768555,1.00253427028656,0.4970625340938568,0.1781291961669922,-0.013896808959543705,0.5026863813400269
898,35.938907623291016,1.0107128620147705,0.5005125403404236,0.17813833057880402,0.011794986203312874,0.5193288922309875
899,35.94213104248047,1.0330983400344849,0.5003875494003296,0.17814522981643677,-0.0071927448734641075,0.5172756314277649
900,35.92747497558594,1.0039457082748413,0.5013125538825989,0.17816860973834991,-0.011813214048743248,0.520937442779541
901,35.92951965332031,1.0057027339935303,0.4989125430583954,0.1781492382287979,-0.03239306062459946,0.5350241661071777
902,35.93025588989258,1.0126147270202637,0.4991375505924225,0.17813387513160706,-0.02016216143965721,0.514927089214325
903,35.92510986328125,1.0097160339355469,0.49947503209114075,0.17812451720237732,-0.004518850706517696,0.49796587228775024
904,35.908714294433594,0.9927138090133667,0.5029250383377075,0.1781766265630722,0.003954785410314798,0.5049522519111633
905,35.94670104980469,0.9998407363891602,0.49857503175735474,0.1781512349843979,-0.01001421082764864,0.5300518274307251
906,35.93614196777344,1.002076506614685,0.4960375428199768,0.17808064818382263,-0.008275115862488747,0.5429063439369202
907,35.93400192260742,1.0065417289733887,0.49986252188682556,0.17807818949222565,-0.019257282838225365,0.5381507873535156
908,35.93750762939453,1.0036463737487793,0.49945002794265747,0.1780683994293213,-0.0206205602735281,0.5381326675415039
909,35.930458068847656,1.0188502073287964,0.5009499788284302,0.1780853122472763,-0.02282421663403511,0.5205989480018616
910,35.9365348815918,1.0212973356246948,0.5001250505447388,0.17808754742145538,-0.020924154669046402,0.5343694686889648
911,35.92374801635742,0.9992442727088928,0.4985499978065491,0.17806172370910645,0.011873036623001099,0.5392924547195435
912,35.928348541259766,0.9964790940284729,0.5004500150680542,0.17806974053382874,-0.01105612050741911,0.5425828099250793
913,35.913238525390625,0.9985262155532837,0.499875009059906,0.17806750535964966,-0.019272254779934883,0.5321009159088135
914,35.949249267578125,0.9832905530929565,0.5044625401496887,0.17814695835113525,-0.03399667143821716,0.5458105206489563
915,35.92890930175781,1.0079338550567627,0.49941253662109375,0.17813648283481598,-0.02469862997531891,0.5344210863113403
916,35.93724060058594,0.9933968186378479,0.49941250681877136,0.1781260073184967,0.004379520658403635,0.5251514911651611
917,35.9234619140625,0.9908323287963867,0.5022000074386597,0.17816521227359772,-0.021454624831676483,0.5298988819122314
918,35.93429183959961,1.0097413063049316,0.4999125301837921,0.17816364765167236,-0.03433573991060257,0.5279149413108826
919,35.936668395996094,0.9812932014465332,0.4966750144958496,0.17810441553592682,-0.0009839993435889482,0.5524671077728271
920,35.9278678894043,0.9904208779335022,0.4964125156402588,0.1780405193567276,-0.02290390431880951,0.5256457924842834
921,35.93974304199219,0.9952178001403809,0.500712513923645,0.17805321514606476,-0.015544678084552288,0.5278113484382629
922,35.9417610168457,0.9845902323722839,0.5000625252723694,0.1780543178319931,-0.014239157550036907,0.5171976685523987
923,35.92945098876953,0.9775221943855286,0.49960002303123474,0.17804719507694244,0.0014412689488381147,0.5451086759567261
924,35.94035339355469,0.9820163249969482,0.4991125464439392,0.17803139984607697,-0.021731724962592125,0.5170300006866455
925,35.938201904296875,1.0008231401443481,0.5009625554084778,0.1780485212802887,-0.020862385630607605,0.5248079895973206
926,35.92567825317383,0.976848840713501,0.4952625334262848,0.17796416580677032,0.013147990219295025,0.5337745547294617
927,35.947593688964844,0.9893717765808105,0.49892503023147583,0.17794503271579742,-0.021395660936832428,0.529898464679718
928,35.933929443359375,0.9799090623855591,0.49847501516342163,0.17791789770126343,-0.019323308020830154,0.5092583298683167
929,35.93949890136719,0.9878700971603394,0.4970250427722931,0.17786496877670288,-0.01709008403122425,0.5294406414031982
930,35.92945098876953,0.9832103848457336,0.4991125464439392,0.1778491884469986,-0.03465643525123596,0.5228992700576782
931,35.949676513671875,0.9832331538200378,0.4985000193119049,0.17782250046730042,-0.025357060134410858,0.5030977725982666
932,35.93293380737305,0.9713401198387146,0.5008500218391418,0.17783761024475098,-0.02550128474831581,0.5448051691055298
933,35.936336517333984,0.9732256531715393,0.5030874609947205,0.1778925210237503,-0.027917923405766487,0.5348727703094482
934,35.933658599853516,0.9746750593185425,0.49890002608299255,0.17787295579910278,-0.005645638797432184,0.5233141183853149
935,35.91866683959961,0.9835861921310425,0.504175066947937,0.17794720828533173,-0.019417379051446915,0.5159084796905518
936,35.930416107177734,0.9807358980178833,0.5010125637054443,0.1779652237892151,-0.012210414744913578,0.5200120806694031
937,35.92707443237305,0.9751152992248535,0.4997250437736511,0.1779603362083435,-0.018361972644925117,0.5217931866645813
938,35.91938400268555,0.9840001463890076,0.5035375356674194,0.1780232936143875,-0.004457070026546717,0.5308266282081604
939,35.9434700012207,0.9799646139144897,0.4979875087738037,0.1779874712228775,-0.0006833644001744688,0.5280665159225464
940,35.944732666015625,0.983278751373291,0.5020875334739685,0.17802461981773376,-0.011562828905880451,0.5207558274269104
941,35.93391036987305,0.9785847663879395,0.4962625503540039,0.17795808613300323,0.003855501301586628,0.5178139805793762
942,35.932491302490234,0.9875416159629822,0.4992625415325165,0.17794495820999146,-0.006719614844769239,0.5189316868782043
943,35.93450164794922,0.97823166847229,0.5016125440597534,0.1779736578464508,-0.036702293902635574,0.5169734358787537
944,35.92528533935547,0.9764977693557739,0.4958500266075134,0.1778998076915741,0.00836732517927885,0.49771326780319214
945,35.93315505981445,0.9793264269828796,0.5005625486373901,0.17790982127189636,-0.007833653129637241,0.5166775584220886
946,35.93082046508789,0.9667772650718689,0.5001375079154968,0.17791226506233215,0.020951470360159874,0.5403751134872437
947,35.93129348754883,0.973645806312561,0.503212571144104,0.17796942591667175,0.010698012076318264,0.5060762763023376
948,35.955482482910156,0.9631214141845703,0.5001000165939331,0.17797121405601501,-0.005031076725572348,0.5217296481132507
949,35.93189239501953,0.9776161909103394,0.5006625056266785,0.17798301577568054,0.012451347894966602,0.5366477370262146
950,35.9379768371582,0.9614077210426331,0.5009375810623169,0.17799969017505646,-0.0005432739271782339,0.5440269708633423
951,35.92790603637695,0.9679374098777771,0.49957504868507385,0.17799212038516998,-0.01125956978648901,0.5361645817756653
952,35.93342208862305,0.9698126912117004,0.49806252121925354,0.17795762419700623,-0.0037813589442521334,0.5012683868408203
953,35.931182861328125,0.963908314704895,0.4978000223636627,0.17791847884655,-0.00517482403665781,0.524989902973175
954,35.92814636230469,0.9649405479431152,0.4966375231742859,0.1778586506843567,-0.002031790092587471,0.5142008662223816
955,35.94340133666992,0.9666518568992615,0.4957500100135803,0.1777830570936203,-0.0037991416174918413,0.49959030747413635
956,35.926517486572266,0.9571505784988403,0.5015000104904175,0.1778097152709961,-0.002289055846631527,0.5191364288330078
957,35.935890197753906,0.9631611108779907,0.49867501854896545,0.17778615653514862,-0.02081567421555519,0.5370239019393921
958,35.936065673828125,0.9730128645896912,0.49810001254081726,0.17775237560272217,0.01391578745096922,0.5155414938926697
959,35.923614501953125,0.9552239179611206,0.5006875395774841,0.17776460945606232,0.008153513073921204,0.5215113162994385
960,35.92845916748047,0.9646952748298645,0.5010625123977661,0.17778348922729492,-0.014848780818283558,0.5335570573806763
961,35.93148422241211,0.966842532157898,0.5011500716209412,0.17780393362045288,-0.012311119586229324,0.5307216048240662
962,35.940242767333984,0.9520077705383301,0.49947500228881836,0.17779459059238434,-0.036127299070358276,0.5491943359375
963,35.931251525878906,0.9602782726287842,0.5011250376701355,0.17781460285186768,0.009722798131406307,0.5196033716201782
964,35.937538146972656,0.9413962364196777,0.499500036239624,0.17780570685863495,-0.01105088833719492,0.5467361807823181
965,35.933834075927734,0.9527507424354553,0.49810007214546204,0.1777719259262085,-0.03148645535111427,0.5258633494377136
966,35.94295883178711,0.9458879828453064,0.499687522649765,0.1777663677930832,-0.010139460675418377,0.5215804576873779
967,35.935760498046875,0.9443103671073914,0.496862530708313,0.17771059274673462,-0.02262784354388714,0.5165912508964539
968,35.93319320678711,0.9514761567115784,0.49766257405281067,0.17766904830932617,-0.03207413852214813,0.5315789580345154
969,35.93239212036133,0.9465500116348267,0.5009125471115112,0.17768527567386627,-0.016658397391438484,0.5286044478416443
970,35.94080352783203,0.9468995332717896,0.5015750527381897,0.17771326005458832,-0.03873210772871971,0.523529589176178
971,35.92787551879883,0.9406419992446899,0.4976625442504883,0.17767171561717987,0.00592597434297204,0.5269940495491028
972,35.926612854003906,0.9362505674362183,0.49740004539489746,0.17762552201747894,-0.022009938955307007,0.5219031572341919
973,35.92580795288086,0.9547788500785828,0.5008500218391418,0.1776406168937683,-0.025672024115920067,0.5304174423217773
974,35.94657516479492,0.9506901502609253,0.5022125244140625,0.17767992615699768,-0.01927231438457966,0.5249902606010437
975,35.935733795166016,0.9563440680503845,0.5027750134468079,0.17772923409938812,0.010603693313896656,0.5284227132797241
976,35.92456817626953,0.9472047686576843,0.4986250400543213,0.1777047961950302,0.0006630125571973622,0.5134007334709167
977,35.92960739135742,0.9324580430984497,0.49687501788139343,0.17764925956726074,0.007470577023923397,0.5246610045433044
978,35.932376861572266,0.9451033473014832,0.5012375712394714,0.17767123878002167,-0.015175997279584408,0.530604362487793
979,35.92796325683594,0.9431902766227722,0.49787503480911255,0.17763347923755646,-0.04696736857295036,0.5379722118377686
980,35.92857360839844,0.948151171207428,0.5004750490188599,0.17764191329479218,-0.03625869378447533,0.5075933337211609
981,35.93360900878906,0.9428266286849976,0.499500036239624,0.17763303220272064,-0.011819840408861637,0.5245842933654785
982,35.932037353515625,0.9294409155845642,0.500337541103363,0.17763902246952057,-0.009047755971550941,0.5360035300254822
983,35.93308639526367,0.9190938472747803,0.5011250376701355,0.1776590198278427,-0.006767434533685446,0.5114241242408752
984,35.935157775878906,0.9279459118843079,0.5005000829696655,0.17766791582107544,-0.022640816867351532,0.5253769755363464
985,35.92679214477539,0.9393883943557739,0.4990500211715698,0.1776510328054428,0.0007439842447638512,0.5090696215629578
986,35.93759536743164,0.9300153851509094,0.5003875494003296,0.17765791714191437,0.008964333683252335,0.5188483595848083
987,35.92353439331055,0.9409283995628357,0.5028125047683716,0.17770788073539734,-0.028238194063305855,0.5377333760261536
988,35.942352294921875,0.9283437132835388,0.4997875392436981,0.1777041107416153,-0.03969009593129158,0.5252348184585571
989,35.939659118652344,0.9400935769081116,0.4994625151157379,0.17769455909729004,0.013216354884207249,0.5317193269729614
990,35.93230438232422,0.9326772093772888,0.49902504682540894,0.1776772290468216,-0.025862952694296837,0.5245113372802734
991,35.93093490600586,0.9286162853240967,0.5046375393867493,0.17775961756706238,-0.0031503355130553246,0.5011208653450012
992,35.935733795166016,0.9388101100921631,0.5016750693321228,0.17778939008712769,-0.04052587226033211,0.5167909264564514
993,35.92903518676758,0.9332863092422485,0.5013375282287598,0.17781317234039307,-0.02255438081920147,0.5156452655792236
994,35.940277099609375,0.9324125051498413,0.5013875365257263,0.17783784866333008,-0.02179766073822975,0.5249946713447571
995,35.9107780456543,0.928624153137207,0.5008125305175781,0.1778523027896881,-0.0266548004001379,0.5203624963760376
996,35.934783935546875,0.9378359913825989,0.4957500100135803,0.17777672410011292,-0.03211679309606552,0.535676121711731
997,35.938941955566406,0.9266864657402039,0.501075029373169,0.17779584228992462,-0.017547106370329857,0.5142667293548584
998,35.93056106567383,0.9307555556297302,0.4999750256538391,0.1777953952550888,0.02593584917485714,0.5135759115219116
999,35.922237396240234,0.9231292605400085,0.502875030040741,0.1778465211391449,-0.033442992717027664,0.5279107689857483
1000,35.92069625854492,0.9331121444702148,0.5000500679016113,0.17784741520881653,-0.02309907227754593,0.5191864371299744
1001,35.917633056640625,0.9160104990005493,0.5022000074386597,0.17788654565811157,-0.024189390242099762,0.5234531164169312
1002,35.93327713012695,0.9186910390853882,0.49703752994537354,0.17783385515213013,0.0035632173530757427,0.5193949341773987
1003,35.93878936767578,0.9231644868850708,0.5019000768661499,0.17786765098571777,-0.03093404322862625,0.5248040556907654
1004,35.921875,0.922186553478241,0.49812501668930054,0.17783430218696594,-0.005364028736948967,0.5105998516082764
1005,35.93031311035156,0.925209105014801,0.5001500248908997,0.17783696949481964,-0.009430247358977795,0.5110508799552917
1006,35.938140869140625,0.918129026889801,0.5000874996185303,0.1778385192155838,-0.013814497739076614,0.5323469042778015
1007,35.92213821411133,0.9210489392280579,0.5001125335693359,0.17784051597118378,0.00011900902609340847,0.5291178822517395
1008,35.926448822021484,0.9252459406852722,0.5002375245094299,0.17784473299980164,-0.03074919991195202,0.5355004668235779
1009,35.931663513183594,0.9134159684181213,0.5070500373840332,0.17797011137008667,-0.011306513100862503,0.5327302813529968
1010,35.928863525390625,0.910114586353302,0.5008125305175781,0.1779845803976059,-0.011769627220928669,0.5129409432411194
1011,35.93130874633789,0.9079356789588928,0.4970625340938568,0.17793230712413788,-0.02714589424431324,0.5251150131225586
1012,35.941200256347656,0.912875235080719,0.4988875389099121,0.17791251838207245,0.004165309015661478,0.5164919495582581
1013,35.93089294433594,0.9105562567710876,0.5067000389099121,0.17803171277046204,-0.020785344764590263,0.5189099907875061
1014,35.9241828918457,0.9217337369918823,0.5019500255584717,0.1780664324760437,0.006757688708603382,0.5381470322608948
1015,35.92972183227539,0.9414974451065063,0.5018500089645386,0.1780993789434433,0.017639154568314552,0.5254020094871521
1016,35.918785095214844,0.9027385711669922,0.4974375367164612,0.17805373668670654,-0.0064932615496218204,0.5239424705505371
1017,35.92395782470703,0.9106398224830627,0.5001749992370605,0.17805685102939606,-0.011724596843123436,0.5209885239601135
1018,35.931434631347656,0.9130691885948181,0.5009250640869141,0.17807331681251526,0.013744737021625042,0.5436297059059143
1019,35.93411636352539,0.8993319869041443,0.49517500400543213,0.17798739671707153,-0.018585262820124626,0.5192043781280518
1020,35.93297576904297,0.9192222952842712,0.501912534236908,0.17802143096923828,-0.019319847226142883,0.5343274474143982
1021,35.93054962158203,0.9070874452590942,0.49951252341270447,0.17801275849342346,-0.015842380002141,0.5402774214744568
1022,35.91889190673828,0.9102678894996643,0.502162516117096,0.17805124819278717,-0.02149510569870472,0.5571764707565308
1023,35.91874313354492,0.9080207347869873,0.5013750195503235,0.17807571589946747,-0.024738507345318794,0.5140395760536194
1024,35.931053161621094,0.8870674967765808,0.5038000345230103,0.17814339697360992,-0.012733406387269497,0.5214158296585083
1025,35.93999099731445,0.9100468754768372,0.5017000436782837,0.17817367613315582,-0.024194303900003433,0.5286673307418823
1026,35.95109939575195,0.9007564783096313,0.499287486076355,0.17816098034381866,-0.011928402818739414,0.5292040705680847
1027,35.937461853027344,0.9028375148773193,0.4995500445365906,0.17815296351909637,-0.013062895275652409,0.543104887008667
1028,35.92882537841797,0.9041635990142822,0.49826252460479736,0.17812201380729675,-0.027594484388828278,0.5312737226486206
1029,35.928958892822266,0.9042256474494934,0.49688753485679626,0.17806656658649445,-0.01135962177067995,0.5313740968704224
1030,35.920188903808594,0.9080920815467834,0.501075029373169,0.17808571457862854,-0.029703447595238686,0.5386501550674438
1031,35.94296646118164,0.8994958400726318,0.5006875395774841,0.17809796333312988,0.006689172703772783,0.5224592089653015
1032,35.932247161865234,0.9028109312057495,0.4957500100135803,0.17802228033542633,-0.01571013405919075,0.5227035284042358
1033,35.92471694946289,0.9004586935043335,0.498600035905838,0.17799735069274902,-0.004409641493111849,0.5279362797737122
1034,35.93357849121094,0.8921329379081726,0.49775001406669617,0.17795729637145996,-0.025408761575818062,0.5224372744560242
1035,35.92736053466797,0.8992252349853516,0.49835002422332764,0.17792794108390808,0.011856405064463615,0.5259547829627991
1036,35.92995071411133,0.8996981978416443,0.5042250156402588,0.17800311744213104,-0.020803989842534065,0.5369258522987366
1037,35.91572570800781,0.9036996960639954,0.4988750219345093,0.1779830902814865,-0.004553988575935364,0.5401706099510193
1038,35.92417907714844,0.88713538646698,0.5000750422477722,0.17798443138599396,-0.02513830177485943,0.5369835495948792
1039,35.932960510253906,0.8889594674110413,0.49995002150535583,0.17798353731632233,-0.012162997387349606,0.5288403630256653
1040,35.9379997253418,0.8862740397453308,0.4996750056743622,0.1779777556657791,-0.017708204686641693,0.5309625864028931
1041,35.93009948730469,0.88690584897995,0.49947500228881836,0.17796841263771057,-0.0016342366579920053,0.5308781266212463
1042,35.9351921081543,0.8951637148857117,0.4990125298500061,0.17795082926750183,0.00014468574954662472,0.4975124001502991
1043,35.92265701293945,0.8966568112373352,0.5010250210762024,0.1779690682888031,-0.04570004343986511,0.5452655553817749
1044,35.92820739746094,0.8942190408706665,0.5031124949455261,0.17802445590496063,-0.005914067383855581,0.5223854780197144
1045,35.929351806640625,0.8857938051223755,0.503250002861023,0.17808230221271515,-0.021283792331814766,0.521558403968811
1046,35.94247817993164,0.8908917307853699,0.4984250068664551,0.17805425822734833,-0.015433474443852901,0.5340220928192139
1047,35.9255485534668,0.889707088470459,0.5022250413894653,0.17809386551380157,-0.021480742841959,0.5246124863624573
1048,35.94554901123047,0.9014936089515686,0.5031750202178955,0.17815040051937103,0.010777132585644722,0.5227090716362
1049,35.92706298828125,0.8828297257423401,0.49845004081726074,0.17812278866767883,-0.029486702755093575,0.526318371295929
1050,35.947608947753906,0.8933795094490051,0.5012750625610352,0.17814551293849945,0.005059302318841219,0.5303740501403809
1051,35.94395065307617,0.8904123902320862,0.49736252427101135,0.17809852957725525,-0.013070212677121162,0.522379994392395
1052,35.9303092956543,0.8808496594429016,0.4961000680923462,0.17802907526493073,0.005773547571152449,0.5282201766967773
1053,35.92752456665039,0.8777231574058533,0.49992501735687256,0.17802773416042328,-0.006084487307816744,0.514140784740448
1054,35.92845916748047,0.8809817433357239,0.49736252427101135,0.17798078060150146,-0.04339129477739334,0.5179764032363892
1055,35.92610549926758,0.8820084929466248,0.4958125352859497,0.17790625989437103,0.006368990987539291,0.5051770806312561
1056,35.9476318359375,0.8727001547813416,0.4999000132083893,0.17790447175502777,-0.006921262945979834,0.5374483466148376
1057,35.92974090576172,0.8869282007217407,0.503250002861023,0.1779622882604599,-0.005010365974158049,0.5291919112205505
1058,35.938411712646484,0.8770681023597717,0.49870002269744873,0.17793914675712585,-0.016262974590063095,0.5194145441055298
1059,35.9172248840332,0.8789514899253845,0.4974750578403473,0.1778942197561264,-0.028290558606386185,0.5323452353477478
1060,35.93192672729492,0.8835985660552979,0.5020749568939209,0.17793114483356476,-0.022159168496727943,0.5212359428405762
1061,35.92113494873047,0.8694499135017395,0.4995250403881073,0.17792269587516785,-0.00738686416298151,0.5255066156387329
1062,35.92092514038086,0.8873977661132812,0.5008500218391418,0.1779378205537796,-0.04315264895558357,0.5332919359207153
1063,35.93147659301758,0.8745141625404358,0.5033125281333923,0.17799676954746246,-0.016145512461662292,0.540022075176239
1064,35.9250602722168,0.881869912147522,0.502875030040741,0.17804795503616333,0.0011091525666415691,0.5364286303520203
1065,35.92335891723633,0.8715126514434814,0.5021750330924988,0.17808669805526733,-9.952307664207183e-06,0.5421732068061829
1066,35.92505645751953,0.8627724051475525,0.4983750283718109,0.17805776000022888,-0.02116936631500721,0.5208598375320435
1067,35.92705154418945,0.8650922775268555,0.5007750391960144,0.17807155847549438,-0.028590431436896324,0.538680911064148
1068,35.9274787902832,0.8831454515457153,0.49873751401901245,0.17804907262325287,-0.0272765401750803,0.5253329277038574
1069,35.93061447143555,0.8708533644676208,0.5015000104904175,0.17807577550411224,-0.015303625725209713,0.5437372922897339
1070,35.93855285644531,0.8738517165184021,0.5029374957084656,0.17812807857990265,0.01536090299487114,0.5272939205169678
1071,35.94304275512695,0.8744307160377502,0.49995002150535583,0.17812718451023102,-0.01805400848388672,0.5218777060508728
1072,35.92505645751953,0.876556932926178,0.5028625130653381,0.17817816138267517,-0.02769497223198414,0.5284464359283447
1073,35.93649673461914,0.8710935115814209,0.5033000111579895,0.1782369613647461,-0.020480675622820854,0.5320439338684082
1074,35.933555603027344,0.8646901845932007,0.4972750246524811,0.17818838357925415,-0.031175198033452034,0.5247389078140259
1075,35.93342208862305,0.8825251460075378,0.4993250370025635,0.17817635834217072,-0.029648644849658012,0.5418040752410889
1076,35.93655776977539,0.858016848564148,0.5017375349998474,0.17820732295513153,-0.018970627337694168,0.5160939693450928
1077,35.93428421020508,0.8706133961677551,0.49816253781318665,0.17817457020282745,-0.004224110394716263,0.5290524363517761
1078,35.934810638427734,0.8745794296264648,0.5005125403404236,0.17818370461463928,-0.01376203540712595,0.5418704152107239
1079,35.92307662963867,0.8721823692321777,0.4989500343799591,0.1781649887561798,-0.0029778387397527695,0.5304141044616699
1080,35.91869354248047,0.8619282841682434,0.5010125041007996,0.17818301916122437,-0.013125301338732243,0.5322429537773132
1081,35.92413330078125,0.8715059757232666,0.5019375085830688,0.17821753025054932,-0.01806931383907795,0.5233591198921204
1082,35.92228317260742,0.859219491481781,0.49906253814697266,0.178200826048851,0.013345625251531601,0.5087679624557495
1083,35.9174919128418,0.8477396965026855,0.5012375712394714,0.1782228797674179,-0.007417191751301289,0.5324135422706604
1084,35.92221450805664,0.8568918108940125,0.4959750175476074,0.17815114557743073,0.0010202627163380384,0.5328081846237183
1085,35.9373893737793,0.8587427735328674,0.5015375018119812,0.1781785488128662,-0.011606902815401554,0.5300673842430115
1086,35.916175842285156,0.8570559620857239,0.4970250129699707,0.1781255453824997,-0.028550485149025917,0.5186232328414917
1087,35.9309196472168,0.8523184657096863,0.4989125430583954,0.1781061738729477,-0.018491359427571297,0.5185627341270447
1088,35.934505462646484,0.8557866215705872,0.500124990940094,0.17810840904712677,-0.02965109422802925,0.5145432353019714
1089,35.9283561706543,0.8406851291656494,0.4995250403881073,0.17809994518756866,-0.007991349324584007,0.5359481573104858
1090,35.93352508544922,0.8522923588752747,0.499562531709671,0.17809215188026428,-0.018031425774097443,0.5496532320976257
1091,35.924400329589844,0.8595972657203674,0.5003875494003296,0.17809905111789703,-0.026402805000543594,0.5302213430404663
1092,35.93302536010742,0.8647247552871704,0.499562531709671,0.17809125781059265,-0.007698858622461557,0.5235957503318787
1093,35.93804168701172,0.8524726629257202,0.49953755736351013,0.17808301746845245,0.005788194015622139,0.5279933214187622
1094,35.927642822265625,0.8496757745742798,0.501300036907196,0.1781061738729477,-0.013039816170930862,0.5300279259681702
1095,35.92913818359375,0.8689212203025818,0.5036749839782715,0.17817163467407227,0.006242433097213507,0.5438613295555115
1096,35.943599700927734,0.8453496098518372,0.4965250492095947,0.17810972034931183,0.017833292484283447,0.5305055975914001
1097,35.943607330322266,0.8407706618309021,0.5015375018119812,0.17813710868358612,-0.004198902286589146,0.5132681727409363
1098,35.94340133666992,0.8525165915489197,0.49892503023147583,0.17811796069145203,-0.026050888001918793,0.5241912007331848
1099,35.93680191040039,0.8452638983726501,0.4995250403881073,0.17810949683189392,-0.02296283282339573,0.5339168906211853
1100,35.92852783203125,0.846605122089386,0.49761250615119934,0.17806696891784668,-0.04278536140918732,0.526499330997467
1101,35.94517135620117,0.851822555065155,0.4980875551700592,0.17803290486335754,-0.003932496998459101,0.5493142604827881
1102,35.93553924560547,0.8558608889579773,0.4997875392436981,0.1780291199684143,-0.008791298605501652,0.5128209590911865
1103,35.931800842285156,0.8456957340240479,0.49755004048347473,0.17798550426959991,-0.020326387137174606,0.5277475118637085
1104,35.935829162597656,0.8416401743888855,0.4978500008583069,0.1779472380876541,-0.0049732523038983345,0.5515782833099365
1105,35.93147659301758,0.8346486687660217,0.4985000193119049,0.17792053520679474,0.008379892446100712,0.5273613333702087
1106,35.931617736816406,0.8395312428474426,0.4963250458240509,0.17785514891147614,0.0016714063240215182,0.518640398979187
1107,35.92817306518555,0.8381147980690002,0.502262532711029,0.17789539694786072,-0.028721356764435768,0.5257990956306458
1108,35.91888427734375,0.8272736668586731,0.4993875324726105,0.17788448929786682,-0.0019145270343869925,0.539824366569519
1109,35.9301643371582,0.8276196122169495,0.49870002269744873,0.17786136269569397,-0.0052311536855995655,0.5267690420150757
1110,35.92296600341797,0.8374168276786804,0.49883753061294556,0.1778406947851181,-0.022538457065820694,0.5264948606491089
1111,35.934532165527344,0.8339698314666748,0.49748751521110535,0.17779602110385895,-0.029368365183472633,0.5230633616447449
1112,35.92393493652344,0.8352972269058228,0.5025500059127808,0.17784135043621063,-0.0012449421919882298,0.5690082311630249
1113,35.934593200683594,0.8376132249832153,0.49990004301071167,0.17783956229686737,-0.0310754906386137,0.5251880288124084
1114,35.93206787109375,0.822982132434845,0.5012624859809875,0.1778620183467865,-0.017351418733596802,0.5356522798538208
1115,35.93342590332031,0.8340680003166199,0.496550053358078,0.17780065536499023,-0.008641344495117664,0.5226536989212036
1116,35.93053436279297,0.8352568745613098,0.4997125267982483,0.17779554426670074,-0.0199109073728323,0.5221605896949768
1117,35.91811752319336,0.8234401941299438,0.4962250292301178,0.17772842943668365,-0.039054449647665024,0.5118449926376343
1118,35.93822479248047,0.8313090205192566,0.4992375075817108,0.17771488428115845,-0.002435002475976944,0.5140743255615234
1119,35.92813491821289,0.829459011554718,0.5027375221252441,0.17776352167129517,0.007455499842762947,0.516270637512207
1120,35.93454360961914,0.8290387988090515,0.49810001254081726,0.1777297407388687,-0.024820614606142044,0.5318045616149902
1121,35.936866760253906,0.8368493914604187,0.5004875063896179,0.17773841321468353,-0.04206971824169159,0.5035519599914551
1122,35.9238395690918,0.8305221199989319,0.49986255168914795,0.17773596942424774,-0.041297998279333115,0.5040964484214783
1123,35.92708969116211,0.8303454518318176,0.5015375018119812,0.17776329815387726,0.010005762800574303,0.5392856597900391
1124,35.92378616333008,0.8344130516052246,0.49953749775886536,0.17775507271289825,-0.023087067529559135,0.5286402106285095
1125,35.934871673583984,0.8411465287208557,0.502512514591217,0.1777997463941574,0.0025381967425346375,0.5185096263885498
1126,35.931583404541016,0.8439859747886658,0.49765005707740784,0.17775796353816986,-0.001229535206221044,0.522533655166626
1127,35.93366622924805,0.8314869999885559,0.49959999322891235,0.1777508556842804,-0.01297511626034975,0.5354553461074829
1128,35.92936706542969,0.829123318195343,0.5013625025749207,0.1777750700712204,-0.014920302666723728,0.5465951561927795
1129,35.91807556152344,0.8247193694114685,0.5004875063896179,0.17778374254703522,-0.02056453377008438,0.5381686091423035
1130,35.91188430786133,0.8311619162559509,0.49928754568099976,0.17777107656002045,-0.019119085744023323,0.5138729214668274
1131,35.93009567260742,0.8190010786056519,0.500950038433075,0.17778795957565308,-0.010105226188898087,0.5199764370918274
1132,35.92409896850586,0.8170232176780701,0.4984375238418579,0.17776018381118774,-0.00951330829411745,0.548240065574646
1133,35.925296783447266,0.818644642829895,0.4995250105857849,0.17775173485279083,-0.02592652663588524,0.5479058623313904
1134,35.93328857421875,0.8295457363128662,0.5009750127792358,0.17776906490325928,0.001957484520971775,0.52740079164505
1135,35.91944122314453,0.819025456905365,0.5022500157356262,0.17780905961990356,-0.017932383343577385,0.5395284295082092
1136,35.92824935913086,0.8281620144844055,0.5015625357627869,0.1778368502855301,0.014534559100866318,0.5318000316619873
1137,35.919586181640625,0.8168544769287109,0.49822506308555603,0.17780528962612152,0.004554239567369223,0.5143774747848511
1138,35.91794204711914,0.8282864689826965,0.5022375583648682,0.1778450757265091,-0.018566511571407318,0.5139445662498474
1139,35.928993225097656,0.812099277973175,0.4989125430583954,0.17782573401927948,-0.016643090173602104,0.5341540575027466
1140,35.93525695800781,0.8223078846931458,0.4972500205039978,0.17777682840824127,0.022604726254940033,0.5123910307884216
1141,35.92500305175781,0.8169381618499756,0.5003499984741211,0.1777830570936203,-0.0029697224963456392,0.51458740234375
1142,35.92917251586914,0.8240474462509155,0.49941253662109375,0.1777726113796234,-0.02375294268131256,0.5491594076156616
1143,35.917724609375,0.8110277652740479,0.49646252393722534,0.17770972847938538,-0.06254292279481888,0.538080096244812
1144,35.92809295654297,0.821800172328949,0.5007625222206116,0.17772328853607178,-0.013430989347398281,0.5292642712593079
1145,35.9268684387207,0.8065181970596313,0.5008500218391418,0.17773839831352234,-0.007068003062158823,0.5102306604385376
1146,35.92887496948242,0.8109236359596252,0.5012125372886658,0.17775994539260864,-0.020429397001862526,0.49910542368888855
1147,35.925846099853516,0.8065004348754883,0.5008749961853027,0.17777550220489502,-0.02306525409221649,0.537826418876648
1148,35.92226028442383,0.8108757734298706,0.4947500228881836,0.17768217623233795,-0.006314929574728012,0.5357690453529358
1149,35.92805099487305,0.8076578974723816,0.4978500306606293,0.17764396965503693,-0.04972367361187935,0.5342559814453125
1150,35.92052459716797,0.810969889163971,0.49972501397132874,0.17763908207416534,-0.0023869334254413843,0.5126189589500427
1151,35.93247604370117,0.8145605325698853,0.49648749828338623,0.1775766909122467,-0.011966675519943237,0.53885817527771
1152,35.9256477355957,0.8119096159934998,0.5010125637054443,0.17759466171264648,0.0030710583087056875,0.5339618921279907
1153,35.93181610107422,0.8085353374481201,0.5020750164985657,0.17763152718544006,-0.007749240845441818,0.50870281457901
1154,35.926979064941406,0.8088687062263489,0.5037250518798828,0.17769770324230194,-0.004796656779944897,0.5199828147888184
1155,35.93567657470703,0.8217369914054871,0.4981750249862671,0.17766527831554413,-0.025375492870807648,0.5132827162742615
1156,35.91493225097656,0.8250296115875244,0.5007500648498535,0.17767859995365143,-0.014818373136222363,0.5240654349327087
1157,35.933631896972656,0.7972727417945862,0.49915000796318054,0.17766350507736206,-0.008477399125695229,0.5411099195480347
1158,35.93641662597656,0.8032411932945251,0.5037250518798828,0.17772969603538513,-0.00867060013115406,0.5143228769302368
1159,35.931026458740234,0.7980417013168335,0.4988000690937042,0.17770837247371674,-0.02084854245185852,0.5110970735549927
1160,35.926483154296875,0.8078866600990295,0.5047625303268433,0.1777930110692978,0.0051268599927425385,0.5260984897613525
1161,35.919090270996094,0.8040323257446289,0.5014750361442566,0.17781922221183777,-0.003089472884312272,0.5290912985801697
1162,35.921295166015625,0.7993336319923401,0.4989500343799591,0.17780055105686188,-0.018109261989593506,0.5186271667480469
1163,35.92512130737305,0.7988283038139343,0.4984875023365021,0.17777365446090698,-0.029264092445373535,0.5352678894996643
1164,35.92599868774414,0.8092774748802185,0.4978000223636627,0.17773453891277313,-0.013698846101760864,0.5300663709640503
1165,35.929473876953125,0.8029608130455017,0.5025500059127808,0.17777985334396362,0.02226792648434639,0.5355513095855713
1166,35.93274688720703,0.8125360608100891,0.4992125332355499,0.1777658611536026,-0.04098689556121826,0.5106984972953796
1167,35.921749114990234,0.8086101412773132,0.5005250573158264,0.17777518928050995,-0.004269697237759829,0.5305306911468506
1168,35.92475128173828,0.7923159003257751,0.5010000467300415,0.1777929663658142,-0.01589818112552166,0.547698974609375
1169,35.93653106689453,0.7943909168243408,0.49595004320144653,0.17772096395492554,-0.033850762993097305,0.5138240456581116
1170,35.923091888427734,0.7937924861907959,0.5035249590873718,0.17778360843658447,-0.007419161964207888,0.5278171300888062
1171,35.93019104003906,0.8009704351425171,0.4959375262260437,0.1777113825082779,-0.032985296100378036,0.520700991153717
1172,35.92934799194336,0.7979351282119751,0.497762531042099,0.1776716113090515,-0.004852989688515663,0.5177001357078552
1173,35.907997131347656,0.804568350315094,0.4973750114440918,0.17762497067451477,0.002623822772875428,0.5330392122268677
1174,35.923988342285156,0.8080990314483643,0.50142502784729,0.17765027284622192,0.009215887635946274,0.5130625367164612
1175,35.92638397216797,0.7984481453895569,0.4983625113964081,0.17762118577957153,-0.011302136816084385,0.5191155076026917
1176,35.936641693115234,0.7996583580970764,0.50371253490448,0.1776871234178543,-0.026719050481915474,0.509404718875885
1177,35.925514221191406,0.7880509495735168,0.4988500475883484,0.17766669392585754,-0.011498505249619484,0.5267729163169861
1178,35.93519973754883,0.796826958656311,0.5007125735282898,0.17767935991287231,-0.042711399495601654,0.5162742733955383
1179,35.926849365234375,0.8052978515625,0.5024499893188477,0.17772288620471954,0.01183510385453701,0.4938257038593292
1180,35.92409896850586,0.7916135787963867,0.4991125166416168,0.17770710587501526,-0.017802296206355095,0.5316745042800903
1181,35.95005416870117,0.8009393811225891,0.4969625174999237,0.17765313386917114,0.0012879667337983847,0.5387329459190369
1182,35.929683685302734,0.7906018495559692,0.5010250210762024,0.17767134308815002,-0.02854945696890354,0.5372273921966553
1183,35.93397903442383,0.7882051467895508,0.5007249712944031,0.1776842176914215,0.00192145979963243,0.5280709862709045
1184,35.94041061401367,0.7927036881446838,0.5060625672340393,0.17779195308685303,0.00800952035933733,0.5211925506591797
1185,35.92454528808594,0.7995829582214355,0.5073750019073486,0.1779230833053589,-0.01037595421075821,0.5310132503509521
1186,35.927696228027344,0.7829570174217224,0.5002624988555908,0.17792774736881256,-0.0037750673945993185,0.5134877562522888
1187,35.926177978515625,0.7960564494132996,0.5014874935150146,0.17795421183109283,-0.03694494813680649,0.5007463097572327
1188,35.93634033203125,0.7870270609855652,0.5012000203132629,0.1779755800962448,-0.03827380761504173,0.5122976899147034
1189,35.94837951660156,0.78364497423172,0.4990375339984894,0.1779584437608719,-0.018048202618956566,0.5407199263572693
1190,35.940391540527344,0.7797523140907288,0.5003625154495239,0.17796489596366882,-0.03811799734830856,0.5140076875686646
1191,35.926326751708984,0.797370433807373,0.49672502279281616,0.17790661752223969,-0.02563319355249405,0.5335708260536194
1192,35.914676666259766,0.7797162532806396,0.49742501974105835,0.1778608113527298,-0.02515016309916973,0.5522545576095581
1193,35.92729187011719,0.7785436511039734,0.49648749828338623,0.177798330783844,-0.0013612041948363185,0.5424028635025024
1194,35.933624267578125,0.7799232006072998,0.5034500360488892,0.17785966396331787,-0.0031109601259231567,0.5371283888816833
1195,35.93614959716797,0.7753279805183411,0.4991374909877777,0.1778443306684494,-0.01393292285501957,0.5413259267807007
1196,35.92621612548828,0.7858603000640869,0.5014500021934509,0.17787010967731476,-0.0271178986877203,0.52457195520401
1197,35.93562698364258,0.7899031043052673,0.5001875162124634,0.177873432636261,-0.005090742371976376,0.5197309255599976
1198,35.9301643371582,0.7762202024459839,0.5008875131607056,0.17788921296596527,-0.03511440008878708,0.5093862414360046
1199,35.92692565917969,0.7895310521125793,0.5018750429153442,0.1779225766658783,-0.01103023998439312,0.5145910382270813
1200,35.93434143066406,0.7728721499443054,0.5002124905586243,0.17792634665966034,-0.007291313726454973,0.5233219265937805
1201,35.93458938598633,0.7856206893920898,0.5030500292778015,0.17798063158988953,-0.0017297087470069528,0.5173404812812805
1202,35.92378234863281,0.7743087410926819,0.49642500281333923,0.1779170036315918,-0.03056211955845356,0.5148294568061829
1203,35.913509368896484,0.7834012508392334,0.5011250376701355,0.17793703079223633,-0.01403389498591423,0.5431177616119385
1204,35.92702865600586,0.7681039571762085,0.4989125430583954,0.1779176890850067,-0.004720667377114296,0.5282093286514282
1205,35.92128372192383,0.7788162231445312,0.5026125311851501,0.17796418070793152,-0.040197860449552536,0.5169554948806763
1206,35.91981887817383,0.7714751958847046,0.49640005826950073,0.17790010571479797,-0.009143236093223095,0.52079176902771
1207,35.93486022949219,0.7704542875289917,0.5000874996185303,0.17790165543556213,-0.0038761550094932318,0.5208064913749695
1208,35.931434631347656,0.7597376108169556,0.49793753027915955,0.17786496877670288,0.009832589887082577,0.52522873878479
1209,35.92395782470703,0.7627087831497192,0.4995250105857849,0.17785651981830597,-0.0029590073972940445,0.5121431946754456
1210,35.934364318847656,0.7809352278709412,0.5012875199317932,0.1778794229030609,-0.011133776977658272,0.5306761264801025
1211,35.92472457885742,0.7800693511962891,0.49518752098083496,0.17779381573200226,-0.020072055980563164,0.49487605690956116
1212,35.924163818359375,0.7594285011291504,0.497512549161911,0.17774958908557892,-0.0028800275176763535,0.5233575701713562
1213,35.931209564208984,0.7614115476608276,0.5013875365257263,0.17777425050735474,0.015169002115726471,0.5369091033935547
1214,35.9276008605957,0.7607089281082153,0.4980125427246094,0.17773891985416412,-0.03183102235198021,0.5300470590591431
1215,35.93739318847656,0.7738135457038879,0.49697500467300415,0.17768515646457672,-0.03146298974752426,0.5265938639640808
1216,35.921627044677734,0.7634287476539612,0.5001000761985779,0.1776869297027588,-0.017275750637054443,0.5164597034454346
1217,35.923641204833984,0.7654386162757874,0.49783754348754883,0.17764849960803986,-0.00810312107205391,0.5121169090270996
1218,35.93011474609375,0.7743517756462097,0.5032375454902649,0.1777060180902481,-0.015849284827709198,0.5283735990524292
1219,35.920082092285156,0.7712113261222839,0.5003000497817993,0.1777113527059555,-0.04047205671668053,0.5222394466400146
1220,35.9296875,0.7685480117797852,0.5011250376701355,0.17773135006427765,-0.037991151213645935,0.5374218821525574
1221,35.92576599121094,0.7610989809036255,0.4979875385761261,0.17769558727741241,-0.008174312300980091,0.534260094165802
1222,35.91611862182617,0.7653285264968872,0.4962874948978424,0.17762961983680725,0.0006492610555142164,0.5420243144035339
1223,35.93796157836914,0.7558586597442627,0.5008749961853027,0.17764516174793243,-0.03354595974087715,0.517254114151001
1224,35.927154541015625,0.7588532567024231,0.4998500347137451,0.17764249444007874,0.001565949060022831,0.5232198238372803
1225,35.92803192138672,0.7664365172386169,0.5008749961853027,0.17765803635120392,-0.021910615265369415,0.5157478451728821
1226,35.93512725830078,0.7633373737335205,0.4973750114440918,0.17761139571666718,-0.006074715871363878,0.5297285318374634
1227,35.92177963256836,0.7626219391822815,0.5002250075340271,0.17761540412902832,-0.037882059812545776,0.5305721163749695
1228,35.92653274536133,0.7577210664749146,0.4971875250339508,0.17756544053554535,0.002138339215889573,0.5276111960411072
1229,35.93168258666992,0.750308632850647,0.49806252121925354,0.17753103375434875,-0.012888258323073387,0.5071671009063721
1230,35.928558349609375,0.7684909701347351,0.5030250549316406,0.17758475244045258,-0.010790491476655006,0.5334597229957581
1231,35.91133117675781,0.7650488615036011,0.5001125335693359,0.17758674919605255,-0.012017611414194107,0.5609938502311707
1232,35.92557907104492,0.7581647634506226,0.4994250237941742,0.17757654190063477,-0.029039178043603897,0.5074788331985474
1233,35.93381118774414,0.7565585374832153,0.49834999442100525,0.17754724621772766,-0.00850384496152401,0.522546648979187
1234,35.922149658203125,0.7573654651641846,0.4993624985218048,0.17753592133522034,0.0012220687931403518,0.5284072160720825
1235,35.92534637451172,0.7392691373825073,0.49328750371932983,0.17741674184799194,-0.014550668187439442,0.5089651346206665
1236,35.918983459472656,0.76247239112854,0.497575044631958,0.1773737221956253,-0.013497008010745049,0.5309836268424988
1237,35.92822265625,0.7599185109138489,0.502512514591217,0.1774182915687561,-0.010603014379739761,0.5165104269981384
1238,35.9473762512207,0.7563413977622986,0.5014874935150146,0.1774446815252304,0.013857098296284676,0.4972338080406189
1239,35.93183517456055,0.7503525614738464,0.49896252155303955,0.1774262636899948,-0.009811678901314735,0.5085731744766235
1240,35.92826461791992,0.7549258470535278,0.499750018119812,0.17742183804512024,0.01343169528990984,0.5303986072540283
1241,35.943824768066406,0.7678431272506714,0.5020875334739685,0.17745886743068695,-0.002320425119251013,0.5165839195251465
1242,35.93518829345703,0.7596042156219482,0.49688753485679626,0.17740362882614136,0.007058955729007721,0.5136021971702576
1243,35.93519973754883,0.7472870349884033,0.5012875199317932,0.17742647230625153,-0.002341965679079294,0.5109291672706604
1244,35.942176818847656,0.7457224130630493,0.5002750754356384,0.1774313598871231,-0.016034740954637527,0.5447214841842651
1245,35.93452453613281,0.7573137283325195,0.5028250217437744,0.1774814873933792,-0.01775851473212242,0.5221840143203735
1246,35.933021545410156,0.7446801066398621,0.4991375505924225,0.17746618390083313,0.0005013284971937537,0.5289686322212219
1247,35.92418670654297,0.7497463226318359,0.5010374784469604,0.17748458683490753,-0.024788150563836098,0.5095111131668091
1248,35.93092727661133,0.7537112236022949,0.5073624849319458,0.17761525511741638,-0.010597454383969307,0.5323082804679871
1249,35.93334197998047,0.7420614361763,0.5004875063896179,0.17762391269207,-0.009137519635260105,0.5132034420967102
1250,35.926483154296875,0.7500107884407043,0.49553751945495605,0.17754465341567993,-0.0257672481238842,0.525332510471344
1251,35.930850982666016,0.7563562989234924,0.5007750391960144,0.17755840718746185,-0.005628494080156088,0.5165961384773254
1252,35.934017181396484,0.7392237782478333,0.5026125311851501,0.1776048094034195,-0.030560240149497986,0.5241841077804565
1253,35.930938720703125,0.7470571398735046,0.5012375116348267,0.17762678861618042,-0.009186293929815292,0.5443308353424072
1254,35.91053009033203,0.7433859705924988,0.5003125071525574,0.17763233184814453,-0.0015991461696103215,0.5140432119369507
1255,35.92823791503906,0.7426151037216187,0.5022249817848206,0.17767184972763062,-0.004508635960519314,0.5220388174057007
1256,35.925167083740234,0.7392107248306274,0.5014874935150146,0.1776982843875885,-0.011044119484722614,0.5344066619873047
1257,35.92195510864258,0.745408833026886,0.5033125281333923,0.1777571588754654,-0.010859851725399494,0.5051508545875549
1258,35.93705368041992,0.7508347034454346,0.4988750219345093,0.17773716151714325,0.006005445029586554,0.5464030504226685
1259,35.9285888671875,0.7432721853256226,0.4986875355243683,0.17771382629871368,0.004835836589336395,0.5160380005836487
1260,35.92229461669922,0.7289218306541443,0.49781250953674316,0.17767494916915894,-0.039238303899765015,0.5548007488250732
1261,35.933502197265625,0.7439683079719543,0.4973125159740448,0.17762719094753265,-0.01356844138354063,0.5288635492324829
1262,35.913482666015625,0.7418918013572693,0.5031625032424927,0.17768336832523346,-0.03445848077535629,0.5274913311004639
1263,35.93118667602539,0.750939667224884,0.5043875575065613,0.17776133120059967,-0.0022079949267208576,0.5216382145881653
1264,35.9240837097168,0.7514147162437439,0.504212498664856,0.17783622443675995,-0.01192559115588665,0.528876781463623
1265,35.92799758911133,0.7391613721847534,0.5006875395774841,0.1778484582901001,-0.004846429452300072,0.5187519788742065
1266,35.9229621887207,0.7385883927345276,0.5009375810623169,0.17786511778831482,-0.04223067685961723,0.5267568826675415
1267,35.927433013916016,0.7440096735954285,0.5013500452041626,0.1778891235589981,0.007739788852632046,0.5165455937385559
1268,35.927127838134766,0.7377468347549438,0.4983125329017639,0.1778591126203537,0.01658298633992672,0.5259246826171875
1269,35.92548751831055,0.7391861081123352,0.4989375174045563,0.1778402179479599,-0.008172741159796715,0.5143632888793945
1270,35.9346809387207,0.7399590611457825,0.5008500814437866,0.17785532772541046,-0.010821702890098095,0.5069552659988403
1271,35.93349075317383,0.745359480381012,0.5024999976158142,0.1778997927904129,-0.021400973200798035,0.5319332480430603
1272,35.92058563232422,0.7441932559013367,0.5014625191688538,0.17792581021785736,-0.012388325296342373,0.5461989045143127
1273,35.927059173583984,0.7345199584960938,0.4960375428199768,0.17785531282424927,0.006153464782983065,0.5134133100509644
1274,35.93535614013672,0.7355290055274963,0.4946250319480896,0.17775970697402954,-0.00893730390816927,0.5362549424171448
1275,35.91358184814453,0.7411807775497437,0.5007874965667725,0.17777371406555176,0.004961985629051924,0.5143710970878601
1276,35.92783737182617,0.7343294024467468,0.5011625289916992,0.17779438197612762,-0.022752197459340096,0.5269961953163147
1277,35.92860794067383,0.740866482257843,0.5002000331878662,0.17779794335365295,-0.023696646094322205,0.5455264449119568
1278,35.92737579345703,0.7329313158988953,0.49755001068115234,0.17775438725948334,-0.013761291280388832,0.5424089431762695
1279,35.92826461791992,0.7408681511878967,0.4990125298500061,0.17773683369159698,-0.007157062646001577,0.525910496711731
1280,35.93857192993164,0.7414111495018005,0.5028875470161438,0.1777881532907486,0.006388733629137278,0.521700918674469
1281,35.93790054321289,0.7349513173103333,0.4996750056743622,0.17778237164020538,0.014632634818553925,0.5301544070243835
1282,35.934791564941406,0.7456673979759216,0.49810004234313965,0.17774859070777893,0.021262509748339653,0.5357564091682434
1283,35.93583297729492,0.7260578870773315,0.4966624975204468,0.17768926918506622,-0.01816100813448429,0.5266221761703491
1284,35.92959213256836,0.7440474033355713,0.49873751401901245,0.17766684293746948,-0.015657400712370872,0.5408886671066284
1285,35.917476654052734,0.7434037327766418,0.5005375146865845,0.17767639458179474,-0.00430327421054244,0.526373028755188
1286,35.93269729614258,0.7355574369430542,0.5043625235557556,0.17775391042232513,-0.018523743376135826,0.5121102929115295
1287,35.92962646484375,0.7255467176437378,0.5021125078201294,0.17779146134853363,-0.01989276334643364,0.5227404832839966
1288,35.93452453613281,0.7331079840660095,0.5047125220298767,0.17787523567676544,-0.003745362162590027,0.5371336340904236
1289,35.92784118652344,0.7241430282592773,0.500462532043457,0.17788346111774445,-0.029470834881067276,0.5108972191810608
1290,35.918373107910156,0.7309474349021912,0.49924999475479126,0.17787012457847595,0.0006578443571925163,0.5175191760063171
1291,35.92715835571289,0.7422534227371216,0.5000250339508057,0.17787057161331177,-0.0026296935975551605,0.5426000356674194
1292,35.92152786254883,0.7144193649291992,0.4976250231266022,0.1778283268213272,-0.0009143686620518565,0.5163747072219849
1293,35.934139251708984,0.73117995262146,0.5001250505447388,0.1778305470943451,-0.031906336545944214,0.5388695597648621
1294,35.92148208618164,0.7196155190467834,0.500712513923645,0.17784322798252106,-0.02913445048034191,0.5211281776428223
1295,35.91604995727539,0.720610499382019,0.49810001254081726,0.1778094321489334,-0.023698994889855385,0.5186598300933838
1296,35.92668914794922,0.7219200134277344,0.5021750330924988,0.17784811556339264,0.005369582213461399,0.535483717918396
1297,35.922950744628906,0.7326451539993286,0.5004250407218933,0.1778556853532791,-0.03625458851456642,0.5262033939361572
1298,35.92392349243164,0.7286027669906616,0.5000625252723694,0.17785678803920746,0.004197242204099894,0.5221766233444214
1299,35.9303092956543,0.7159372568130493,0.5000500679016113,0.1778576821088791,0.0031987736001610756,0.5181276202201843
1300,35.93391799926758,0.7162199020385742,0.499625027179718,0.17785102128982544,-0.023117417469620705,0.529509961605072
1301,35.9356575012207,0.7311619520187378,0.5018500089645386,0.17788392305374146,-0.04699289798736572,0.527606725692749
1302,35.92680358886719,0.7269219160079956,0.49994999170303345,0.17788302898406982,-0.030893906950950623,0.5358315706253052
1303,35.929779052734375,0.7234877347946167,0.49410006403923035,0.17777808010578156,-0.02774488739669323,0.523910403251648
1304,35.933406829833984,0.7134495973587036,0.49992504715919495,0.1777767390012741,-0.019770676270127296,0.5297330021858215
1305,35.940574645996094,0.7172703146934509,0.4997250437736511,0.17777185142040253,-0.025484247133135796,0.543849766254425
1306,35.92848205566406,0.7205212712287903,0.4961625337600708,0.1777036339044571,-0.015541842207312584,0.5364131331443787
1307,35.92958450317383,0.7189714312553406,0.4984250068664551,0.17767564952373505,0.011282761581242085,0.5225897431373596
1308,35.933467864990234,0.735318660736084,0.5025625228881836,0.17772118747234344,-0.033641278743743896,0.5442104339599609
1309,35.94040298461914,0.7293418645858765,0.49985000491142273,0.17771852016448975,0.0015233736485242844,0.5294703841209412
1310,35.92445373535156,0.720639169216156,0.504087507724762,0.17779116332530975,0.01044384017586708,0.5414596199989319
1311,35.9116325378418,0.7168088555335999,0.4999375343322754,0.17779004573822021,0.0006659656064584851,0.5149505138397217
1312,35.92987823486328,0.7128403782844543,0.5031750202178955,0.1778464913368225,-0.03127574548125267,0.5457243919372559
1313,35.92164993286133,0.7203291058540344,0.5009750127792358,0.17786383628845215,-0.010607397183775902,0.5173250436782837
1314,35.92515182495117,0.7190418839454651,0.5007500052452087,0.17787717282772064,0.00048390342271886766,0.524787962436676
1315,35.92905807495117,0.7117650508880615,0.5014375448226929,0.17790274322032928,-0.005318852607160807,0.522638738155365
1316,35.91996765136719,0.7276129722595215,0.4966624975204468,0.177843376994133,-0.007869342342019081,0.505415141582489
1317,35.917701721191406,0.718628466129303,0.5008500218391418,0.17785848677158356,-0.0016835270216688514,0.5294769406318665
1318,35.93449020385742,0.7159020900726318,0.5012000203132629,0.17787984013557434,-0.03919724002480507,0.513118326663971
1319,35.933387756347656,0.716715395450592,0.4967750310897827,0.17782247066497803,-0.01708102412521839,0.5310344099998474
1320,35.93272018432617,0.7087392210960388,0.49666252732276917,0.17776311933994293,-0.01028558798134327,0.5187150239944458
1321,35.932071685791016,0.7221524119377136,0.5051875114440918,0.17785534262657166,0.013600407168269157,0.5185928344726562
1322,35.915897369384766,0.7183526754379272,0.4956875145435333,0.17777864634990692,-0.04845883324742317,0.5325591564178467
1323,35.92625045776367,0.7194864153862,0.5018250346183777,0.17781108617782593,-0.0001894812739919871,0.5174433588981628
1324,35.93769073486328,0.7098960876464844,0.500337541103363,0.17781709134578705,-0.020346013829112053,0.5250997543334961
1325,35.927635192871094,0.7051146030426025,0.500837504863739,0.1778319925069809,-0.015780510380864143,0.5275346040725708
1326,35.934818267822266,0.7104503512382507,0.500212550163269,0.17783576250076294,0.008447080850601196,0.5229661464691162
1327,35.92903518676758,0.7073757648468018,0.5032375454902649,0.17789334058761597,0.0036370211746543646,0.5230993628501892
1328,35.92478561401367,0.69919353723526,0.497575044631958,0.17785020172595978,-0.022952275350689888,0.5211670398712158
1329,35.93578338623047,0.700847327709198,0.49947503209114075,0.17784085869789124,-0.012223534286022186,0.5318629741668701
1330,35.935115814208984,0.7097238302230835,0.49966251850128174,0.17783485352993011,-0.0013121224474161863,0.5141160488128662
1331,35.93244934082031,0.7047592997550964,0.5012000203132629,0.1778562068939209,-0.006746235769242048,0.5131884813308716
1332,35.922508239746094,0.7173252105712891,0.4990125298500061,0.17783863842487335,-0.01616278849542141,0.5109007954597473
1333,35.92443084716797,0.701190173625946,0.5007500052452087,0.17785197496414185,-0.013925429433584213,0.5372843146324158
1334,35.928916931152344,0.7105588316917419,0.503600001335144,0.1779160052537918,-0.007168187759816647,0.534872829914093
1335,35.92057418823242,0.7072864770889282,0.4992625415325165,0.17790289223194122,0.003443455323576927,0.5360682010650635
1336,35.93378448486328,0.7060888409614563,0.5018374919891357,0.17793557047843933,-0.0073232222348451614,0.5116859674453735
1337,35.93031692504883,0.7094765305519104,0.4988125264644623,0.17791444063186646,-0.011268995702266693,0.5225148797035217
1338,35.930213928222656,0.7039754390716553,0.4999375343322754,0.17791332304477692,-0.026523873209953308,0.5206950902938843
1339,35.916534423828125,0.7083824872970581,0.4975625276565552,0.17786996066570282,0.0037017017602920532,0.5004978775978088
1340,35.92073440551758,0.707455039024353,0.49721255898475647,0.1778203696012497,-0.015186411328613758,0.52878338098526
1341,35.922916412353516,0.7052417993545532,0.4952000081539154,0.17773501574993134,-0.03047049418091774,0.5279730558395386
1342,35.919376373291016,0.6978972554206848,0.501924991607666,0.1777692288160324,-0.004563415888696909,0.5121618509292603
1343,35.93710708618164,0.699061393737793,0.49996253848075867,0.1777685582637787,-0.026472723111510277,0.5276325941085815
1344,35.93473434448242,0.7011903524398804,0.4991750419139862,0.17775389552116394,-0.00374426762573421,0.5357246994972229
1345,35.919979095458984,0.709029495716095,0.5004875659942627,0.17776256799697876,0.018256856128573418,0.5290888547897339
1346,35.927833557128906,0.7060331106185913,0.4993375241756439,0.17775079607963562,-0.002415783004835248,0.5214177966117859
1347,35.9271125793457,0.7099668979644775,0.5004250407218933,0.1777583658695221,-0.027944184839725494,0.5375990271568298
1348,35.9349479675293,0.6994421482086182,0.49595004320144653,0.17768637835979462,0.017588810995221138,0.5591459274291992
1349,35.941009521484375,0.6974694132804871,0.49556252360343933,0.17760752141475677,0.01828824356198311,0.5203825235366821
1350,35.93012619018555,0.6909323930740356,0.5022250413894653,0.17764702439308167,-0.014030171558260918,0.5357213616371155
1351,35.92269515991211,0.6943076848983765,0.4999375343322754,0.17764590680599213,-0.03993266820907593,0.5264096856117249
1352,35.923545837402344,0.6980629563331604,0.49566254019737244,0.17756885290145874,-0.014948210678994656,0.5443806648254395
1353,35.932151794433594,0.7006761431694031,0.49886250495910645,0.17754866182804108,-0.030622469261288643,0.5205342173576355
1354,35.93055725097656,0.7011405825614929,0.49978750944137573,0.17754489183425903,-0.01539560966193676,0.5230277180671692
1355,35.93568801879883,0.696868360042572,0.4983000159263611,0.1775147169828415,-0.0062441048212349415,0.5101827383041382
1356,35.940223693847656,0.7050114870071411,0.5015625357627869,0.17754246294498444,-0.013350578024983406,0.5379531979560852
1357,35.93144226074219,0.7022870779037476,0.4985250234603882,0.17751626670360565,0.005618577357381582,0.5289598107337952
1358,35.92756271362305,0.6949108839035034,0.49640002846717834,0.17745235562324524,-0.017172815278172493,0.5350156426429749
1359,35.935333251953125,0.6980159878730774,0.5001749992370605,0.17745546996593475,0.0050433543510735035,0.5344815850257874
1360,35.91959762573242,0.7096888422966003,0.5008625388145447,0.17747078835964203,-0.002007683739066124,0.5457121729850769
1361,35.92845153808594,0.7022026181221008,0.5059500336647034,0.17757637798786163,-0.00708351843059063,0.5272688865661621
1362,35.93239212036133,0.704197347164154,0.5012125372886658,0.17759791016578674,-0.015179877169430256,0.5072569251060486
1363,35.92399215698242,0.69330233335495,0.50371253490448,0.17766383290290833,-0.010529610328376293,0.49027717113494873
1364,35.916648864746094,0.7042921781539917,0.50142502784729,0.17768913507461548,0.02788698859512806,0.5329325795173645
1365,35.91997528076172,0.7018144130706787,0.5002624988555908,0.17769379913806915,-0.004790978971868753,0.5282792448997498
1366,35.936832427978516,0.6954662203788757,0.500962495803833,0.1777108907699585,-0.027426233515143394,0.5121790766716003
1367,35.93641662597656,0.6935533285140991,0.5030500292778015,0.1777651011943817,0.0031833506654947996,0.5404347777366638
1368,35.927791595458984,0.6884433031082153,0.5,0.1777651011943817,-0.031124798581004143,0.5267239809036255
1369,35.92234802246094,0.689544677734375,0.49688753485679626,0.17770977318286896,0.012171654030680656,0.5294345021247864
1370,35.92771530151367,0.6932915449142456,0.49738752841949463,0.17766334116458893,-0.041928306221961975,0.536806046962738
1371,35.93108367919922,0.6926254630088806,0.49755001068115234,0.1776198148727417,-0.026306897401809692,0.48881420493125916
1372,35.92780685424805,0.7013540863990784,0.5027375221252441,0.17766843736171722,-0.009625361301004887,0.5370317697525024
1373,35.928977966308594,0.6842438578605652,0.4953625202178955,0.17758604884147644,0.0076162503100931644,0.5158897042274475
1374,35.92558288574219,0.6939148902893066,0.5021374821662903,0.17762400209903717,-0.014788012951612473,0.5361090898513794
1375,35.92443084716797,0.670439600944519,0.497700035572052,0.17758314311504364,-0.03209233656525612,0.5288048982620239
1376,35.93605041503906,0.6884738206863403,0.5012500286102295,0.17760534584522247,-0.009850624017417431,0.5319642424583435
1377,35.918277740478516,0.6831645965576172,0.5059250593185425,0.17771057784557343,-0.013206128031015396,0.5132908225059509
1378,35.91965866088867,0.6920987367630005,0.49553751945495605,0.17763127386569977,-0.024436380714178085,0.5402612090110779
1379,35.930992126464844,0.6895644068717957,0.5041875243186951,0.17770566046237946,-0.017581269145011902,0.522515594959259
1380,35.92347717285156,0.6896935105323792,0.4990500509738922,0.17768877744674683,-0.04706192389130592,0.5061843991279602
1381,35.93621826171875,0.6910416483879089,0.49988752603530884,0.17768678069114685,-0.022239577025175095,0.5394221544265747
1382,35.931114196777344,0.6950985193252563,0.501800000667572,0.17771875858306885,-0.0029291363898664713,0.5203239321708679
1383,35.927608489990234,0.6920672059059143,0.49980002641677856,0.17771519720554352,-0.009930855594575405,0.5368976593017578
1384,35.92646026611328,0.6970604658126831,0.5047750473022461,0.17780005931854248,-0.010215723887085915,0.5465407371520996
1385,35.925716400146484,0.6918731331825256,0.5029374957084656,0.17785228788852692,0.00483698071911931,0.510877251625061
1386,35.92406463623047,0.6842084527015686,0.49590003490448,0.17777936160564423,-0.009334536269307137,0.5279600024223328
1387,35.93880844116211,0.6906630992889404,0.5048750042915344,0.17786602675914764,-0.019182780757546425,0.5379645228385925
1388,35.92886734008789,0.6813027262687683,0.50142502784729,0.17789135873317719,-0.011375457979738712,0.5206900238990784
1389,35.93822479248047,0.6784851551055908,0.5039375424385071,0.17796140909194946,-0.0052627441473305225,0.5187681913375854
1390,35.92621612548828,0.7008233666419983,0.49797502160072327,0.17792537808418274,-0.02796504646539688,0.5333312153816223
1391,35.924224853515625,0.6944249868392944,0.4984375238418579,0.1778975874185562,-0.020587490871548653,0.5103244185447693
1392,35.91978073120117,0.6731082201004028,0.5025375485420227,0.17794273793697357,-0.022432299330830574,0.5356605648994446
1393,35.93059158325195,0.6731777787208557,0.498912513256073,0.17792339622974396,0.014740203507244587,0.5439645051956177
1394,35.931114196777344,0.6875783801078796,0.5030249953269958,0.17797723412513733,-0.024974927306175232,0.5377641916275024
1395,35.93828201293945,0.6751930713653564,0.49720004200935364,0.1779273897409439,0.0008619609288871288,0.5156490206718445
1396,35.92731857299805,0.672947347164154,0.49675002694129944,0.17786955833435059,-0.005483651999384165,0.50555819272995
1397,35.92577362060547,0.6900167465209961,0.5013125538825989,0.17789290845394135,-0.018074918538331985,0.5214285254478455
1398,35.916099548339844,0.6918104290962219,0.49806252121925354,0.17785844206809998,-0.024192804470658302,0.5102666616439819
1399,35.92949295043945,0.68446946144104,0.5024875402450562,0.1779026985168457,-0.028648843988776207,0.5420316457748413
1400,35.93016815185547,0.6847308278083801,0.4981750249862671,0.1778702288866043,-0.024401189759373665,0.5091426372528076
1401,35.92865753173828,0.679861307144165,0.5040500164031982,0.17794226109981537,-0.012461434118449688,0.5221349000930786
1402,35.91761016845703,0.6752620339393616,0.4968625009059906,0.17788642644882202,-0.007671681698411703,0.5495219826698303
1403,35.922393798828125,0.6816815733909607,0.5033125281333923,0.1779453605413437,-0.028140826150774956,0.5321282744407654
1404,35.921417236328125,0.6774159669876099,0.49816256761550903,0.1779126673936844,-0.033418647944927216,0.5370625257492065
1405,35.93613815307617,0.6743407249450684,0.5014125108718872,0.1779378056526184,-0.00430714339017868,0.5209746956825256
1406,35.9435920715332,0.6792609691619873,0.4981124997138977,0.17790421843528748,0.0023232975509017706,0.5370432138442993
1407,35.92716598510742,0.673529863357544,0.4979875385761261,0.17786842584609985,-0.019606228917837143,0.5325704216957092
1408,35.9247932434082,0.6805168390274048,0.5010125637054443,0.17788642644882202,-0.015015526674687862,0.5344580411911011
1409,35.935508728027344,0.6767377853393555,0.5006499886512756,0.17789798974990845,-0.032063692808151245,0.5100741982460022
1410,35.933509826660156,0.6817038655281067,0.49863752722740173,0.17787374556064606,-0.004858219530433416,0.520673394203186
1411,35.93800354003906,0.6684343218803406,0.4983375072479248,0.17784418165683746,0.0006932539981789887,0.5301179885864258
1412,35.93400955200195,0.6670591235160828,0.498662531375885,0.17782039940357208,-0.03899943828582764,0.550296425819397
1413,35.92927551269531,0.6778691411018372,0.4975000321865082,0.17777594923973083,-0.019567834213376045,0.5325451493263245
1414,35.92774200439453,0.6719737648963928,0.4964125156402588,0.17771217226982117,-0.03500636667013168,0.5153214931488037
1415,35.9229850769043,0.674440324306488,0.5027999877929688,0.17776194214820862,-0.019318295642733574,0.5270416140556335
1416,35.930763244628906,0.6820554137229919,0.5038750171661377,0.17783083021640778,-0.02619805559515953,0.5188385248184204
1417,35.918975830078125,0.6690959334373474,0.4981500208377838,0.17779792845249176,0.005371840670704842,0.5332460999488831
1418,35.93167495727539,0.6617860794067383,0.496800035238266,0.17774103581905365,-0.03751854971051216,0.5286319255828857
1419,35.91506576538086,0.6783766746520996,0.5024250149726868,0.17778412997722626,-0.028959330171346664,0.5482407808303833
1420,35.917213439941406,0.672688364982605,0.5030750632286072,0.17783880233764648,-0.011230846866965294,0.5257533192634583
1421,35.92628479003906,0.6737108826637268,0.5010375380516052,0.17785724997520447,-0.02037075348198414,0.5428556799888611
1422,35.92525863647461,0.6753960847854614,0.50513756275177,0.17794863879680634,-0.037738241255283356,0.5225827693939209
1423,35.925533294677734,0.6695926785469055,0.499562531709671,0.17794086039066315,0.016430716961622238,0.5241227746009827
1424,35.916160583496094,0.6737291812896729,0.4983750283718109,0.17791195213794708,-0.024349739775061607,0.5355594158172607
1425,35.92262649536133,0.6803897023200989,0.5011125206947327,0.1779317408800125,-0.01952165737748146,0.5283547043800354
1426,35.93204116821289,0.6606204509735107,0.4978625178337097,0.1778937131166458,0.0021530771628022194,0.5426160097122192
1427,35.93402099609375,0.6677848696708679,0.5010000467300415,0.17791150510311127,-0.005802973173558712,0.5152872204780579
1428,35.935333251953125,0.6706768870353699,0.5001250505447388,0.17791372537612915,-0.019196530804038048,0.5298233032226562
1429,35.9245491027832,0.6648929119110107,0.4978500008583069,0.17787547409534454,-0.024021336808800697,0.5263075232505798
1430,35.9229850769043,0.676943838596344,0.5016875267028809,0.17790549993515015,-0.0044500743970274925,0.5214247703552246
1431,35.926578521728516,0.6623197197914124,0.49790000915527344,0.17786814272403717,-0.01769203133881092,0.5217151641845703
1432,35.93376541137695,0.6662862300872803,0.4979500472545624,0.17783167958259583,-0.009315984323620796,0.5262521505355835
1433,35.9344596862793,0.6573212742805481,0.49807503819465637,0.17779743671417236,0.005133795086294413,0.5116024017333984
1434,35.93771743774414,0.6740842461585999,0.499687522649765,0.17779187858104706,-0.005540680140256882,0.5270077586174011
1435,35.937129974365234,0.6543790102005005,0.5001499652862549,0.17779454588890076,-0.03588404133915901,0.5126818418502808
1436,35.92852783203125,0.6803991198539734,0.5024625062942505,0.17783834040164948,-0.009238976053893566,0.5282389521598816
1437,35.93450164794922,0.6674988269805908,0.5003000497817993,0.17784368991851807,-0.018290918320417404,0.5283437371253967
1438,35.92570877075195,0.6709781289100647,0.5001750588417053,0.17784680426120758,0.021699965000152588,0.5252331495285034
1439,35.933265686035156,0.6738971471786499,0.5018500089645386,0.1778797060251236,0.004000557120889425,0.5231613516807556
1440,35.934112548828125,0.6807165741920471,0.5048375129699707,0.17796576023101807,0.01289554312825203,0.5332848429679871
1441,35.92593002319336,0.6652079224586487,0.49865004420280457,0.17794173955917358,-0.0037505209911614656,0.5258696675300598
1442,35.92678451538086,0.6838380694389343,0.49970000982284546,0.1779364049434662,0.013237692415714264,0.5249059796333313
1443,35.92472457885742,0.6638736724853516,0.4986250102519989,0.1779119372367859,-0.03974785655736923,0.5248957276344299
1444,35.927005767822266,0.6730255484580994,0.5011250376701355,0.17793196439743042,-0.02366393804550171,0.5135579705238342
1445,35.9246826171875,0.6597990393638611,0.500087559223175,0.17793351411819458,-0.006800397299230099,0.5229334235191345
1446,35.92043685913086,0.6555371284484863,0.49941253662109375,0.1779230535030365,0.002892253454774618,0.5237880945205688
1447,35.91916275024414,0.6660786867141724,0.5039250254631042,0.17799289524555206,-0.016668103635311127,0.5086548924446106
1448,35.928104400634766,0.6543506979942322,0.49572503566741943,0.17791680991649628,0.017966410145163536,0.5509735345840454
1449,35.92845153808594,0.6616947650909424,0.5021750330924988,0.1779555231332779,-0.009028112515807152,0.5202110409736633
1450,35.92694854736328,0.6688997149467468,0.5006625056266785,0.17796732485294342,0.009833487682044506,0.5314064621925354
1451,35.920135498046875,0.6631184816360474,0.5022500157356262,0.1780073642730713,-0.03065371885895729,0.535552442073822
1452,35.925636291503906,0.6638326048851013,0.4973125159740448,0.17795951664447784,-0.009673855267465115,0.5531935095787048
1453,35.92540740966797,0.6676012277603149,0.503462553024292,0.1780211478471756,-0.02036157436668873,0.539587676525116
1454,35.91886520385742,0.6666004657745361,0.502625048160553,0.1780678778886795,0.0129358796402812,0.5381956696510315
1455,35.92872619628906,0.6675950884819031,0.5023000240325928,0.1781088262796402,-0.01727817766368389,0.5158790349960327
1456,35.934024810791016,0.659004807472229,0.4992375373840332,0.1780952513217926,-0.03428170457482338,0.5282014012336731
1457,35.926727294921875,0.653996467590332,0.49925002455711365,0.17808189988136292,-0.011494480073451996,0.5323134064674377
1458,35.92159652709961,0.6619870066642761,0.4991125166416168,0.17806608974933624,-0.023510323837399483,0.5317219495773315
1459,35.934814453125,0.6720113754272461,0.49861255288124084,0.17804138362407684,-0.014686633832752705,0.5240941047668457
1460,35.92957305908203,0.6516741514205933,0.4990500211715698,0.17802447080612183,-0.016602708026766777,0.5295735597610474
1461,35.922943115234375,0.6636810898780823,0.49642500281333923,0.1779608279466629,-0.004475143272429705,0.5377615690231323
1462,35.92991638183594,0.6508797407150269,0.5041750073432922,0.17803512513637543,-0.013543326407670975,0.5148860812187195
1463,35.93170928955078,0.6634255647659302,0.4992375075817108,0.17802155017852783,-0.029727967455983162,0.5336845517158508
1464,35.93378448486328,0.6544991135597229,0.4945250451564789,0.17792408168315887,-0.014725972898304462,0.5213024020195007
1465,35.922916412353516,0.6558116674423218,0.5010375380516052,0.17794252932071686,-0.03474476933479309,0.5112200379371643
1466,35.93229293823242,0.6636667847633362,0.5023375153541565,0.17798413336277008,-0.01158202439546585,0.523541271686554
1467,35.92469787597656,0.6588055491447449,0.4981750249862671,0.1779516488313675,-0.023083405569195747,0.5369338989257812
1468,35.93437194824219,0.6575446724891663,0.49797505140304565,0.17791561782360077,-0.004404579289257526,0.5127482414245605
1469,35.919883728027344,0.656665563583374,0.5008875131607056,0.17793139815330505,-0.02543877623975277,0.5259095430374146
1470,35.93339538574219,0.6621372103691101,0.5036875009536743,0.17799700796604156,-0.01193119678646326,0.5280634164810181
1471,35.91914367675781,0.6727033853530884,0.5007875561714172,0.17801102995872498,-0.026332756504416466,0.5207644104957581
1472,35.91781234741211,0.6670685410499573,0.5001375079154968,0.17801347374916077,-0.00838154274970293,0.5148622393608093
1473,35.940673828125,0.6480996608734131,0.4987500309944153,0.17799122631549835,-0.007611369248479605,0.5216413736343384
1474,35.93148422241211,0.6655480265617371,0.5037875175476074,0.17805863916873932,-0.026222923770546913,0.5139692425727844
1475,35.9305305480957,0.6556588411331177,0.5013750195503235,0.17808310687541962,-0.0034045851789414883,0.5188006162643433
1476,35.93605041503906,0.6575672626495361,0.4981125295162201,0.1780494898557663,-0.01644303649663925,0.5053989291191101
1477,35.92885971069336,0.65859055519104,0.5016124844551086,0.17807820439338684,-0.0476357601583004,0.5471979379653931
1478,35.919742584228516,0.6558972001075745,0.501912534236908,0.17811225354671478,-0.03122914768755436,0.5199356079101562
1479,35.92754364013672,0.6491546630859375,0.49982500076293945,0.17810913920402527,-0.0018437476828694344,0.5261444449424744
1480,35.94001388549805,0.6542942523956299,0.5000375509262085,0.17810982465744019,-0.0172638650983572,0.5301567316055298
1481,35.934200286865234,0.6564856767654419,0.49921247363090515,0.17809580266475677,-0.03366542235016823,0.5274536609649658
1482,35.94161605834961,0.6471731066703796,0.5039250254631042,0.1781657189130783,-0.026804044842720032,0.5303868055343628
1483,35.92316436767578,0.6681492328643799,0.5007750391960144,0.1781795173883438,-0.0025738764088600874,0.520989716053009
1484,35.929466247558594,0.6473230123519897,0.49982503056526184,0.1781763881444931,-0.00843956507742405,0.5453489422798157
1485,35.922325134277344,0.663140594959259,0.5023124814033508,0.1782175898551941,-0.008983507752418518,0.5074125528335571
1486,35.94008255004883,0.6563462018966675,0.5045375227928162,0.1782984435558319,-0.007786878850311041,0.5276278257369995
1487,35.930484771728516,0.6409557461738586,0.4969500005245209,0.17824406921863556,-0.0029528290033340454,0.5417043566703796
1488,35.92283248901367,0.639615535736084,0.5017625093460083,0.1782754808664322,-0.004672351758927107,0.5157262682914734
1489,35.92927551269531,0.6499022841453552,0.5031500458717346,0.1783316284418106,0.0032847290858626366,0.5405296683311462
1490,35.925838470458984,0.6416715979576111,0.4983375072479248,0.17830199003219604,-0.03280256688594818,0.5196986198425293
1491,35.92551803588867,0.6420934200286865,0.49652501940727234,0.17824003100395203,-0.003522135317325592,0.5135281085968018
1492,35.92600631713867,0.6536573767662048,0.5009000301361084,0.1782560795545578,0.022844277322292328,0.5267089605331421
1493,35.92445755004883,0.6499343514442444,0.4988250136375427,0.17823514342308044,-0.023667611181735992,0.5124068260192871
1494,35.9158821105957,0.6431207060813904,0.49748751521110535,0.17819036543369293,0.014210321940481663,0.5406562685966492
1495,35.918724060058594,0.6511479020118713,0.5007500052452087,0.1782037317752838,-0.012797251343727112,0.5309240818023682
1496,35.92606735229492,0.6463513374328613,0.5009375214576721,0.17822043597698212,-0.01900537870824337,0.5319145321846008
1497,35.93516159057617,0.6514079570770264,0.5007250308990479,0.17823335528373718,0.020902128890156746,0.5412503480911255
1498,35.924983978271484,0.6596036553382874,0.5007750391960144,0.17824716866016388,-0.004255898762494326,0.5475422143936157
1499,35.91879653930664,0.639607846736908,0.49500003457069397,0.17815804481506348,-0.0014195480616763234,0.5199723243713379
1500,35.92730712890625,0.6494208574295044,0.49502500891685486,0.17806941270828247,-0.00616156542673707,0.5131006240844727
1501,35.929447174072266,0.6532189846038818,0.5025625228881836,0.17811505496501923,-0.041331760585308075,0.5247495770454407
1502,35.925384521484375,0.6415148973464966,0.4980875253677368,0.1780809909105301,-0.006256460677832365,0.528950572013855
1503,35.93947219848633,0.634828507900238,0.4984000623226166,0.17805249989032745,-0.004043042194098234,0.5111821889877319
1504,35.9355583190918,0.6400074362754822,0.501550018787384,0.17808009684085846,-0.009040609933435917,0.5332058072090149
1505,35.9200325012207,0.6350517272949219,0.49791252613067627,0.1780429184436798,-0.0019934759475290775,0.5418750643730164
1506,35.92644500732422,0.6382012963294983,0.49733754992485046,0.17799551784992218,-0.0018597599118947983,0.5301500558853149
1507,35.92457580566406,0.6441330909729004,0.5000000596046448,0.17799551784992218,-0.019612165167927742,0.4997897744178772
1508,35.93040084838867,0.6323482394218445,0.49406251311302185,0.1778898388147354,0.004407981876283884,0.532293438911438
1509,35.939857482910156,0.6362460255622864,0.49886253476142883,0.17786960303783417,-0.005620927084237337,0.5281893014907837
1510,35.92619323730469,0.6460646390914917,0.5000874996185303,0.17787115275859833,0.0017433081520721316,0.5141951441764832
1511,35.931121826171875,0.6393393874168396,0.5009750127792358,0.17788849771022797,-0.015452953986823559,0.5118818879127502
1512,35.93149185180664,0.6431509256362915,0.49595004320144653,0.1778164505958557,-0.01162978820502758,0.531900942325592
1513,35.928871154785156,0.6460057497024536,0.5024375319480896,0.17785979807376862,-0.017566708847880363,0.5384945869445801
1514,35.94240951538086,0.6484346389770508,0.49925002455711365,0.17784646153450012,-0.027646081522107124,0.5311435461044312
1515,35.93601989746094,0.6341525912284851,0.5016500353813171,0.1778758019208908,-0.00018978120351675898,0.5202907919883728
1516,35.92792510986328,0.6432383060455322,0.49791252613067627,0.17783866822719574,-0.035180557519197464,0.5215196013450623
1517,35.93243408203125,0.6431710124015808,0.5015000700950623,0.17786534130573273,-0.030803071334958076,0.5119151473045349
1518,35.92597579956055,0.6355198621749878,0.49928751587867737,0.17785267531871796,0.01773158088326454,0.5515685081481934
1519,35.92262649536133,0.6437121629714966,0.4984375536441803,0.17782488465309143,-0.015204858966171741,0.5229183435440063
1520,35.92718505859375,0.6377442479133606,0.4986250102519989,0.17780043184757233,-0.020081933587789536,0.5457285046577454
1521,35.92987823486328,0.6371323466300964,0.5008125305175781,0.17781488597393036,-0.0062895058654248714,0.5391385555267334
1522,35.93626022338867,0.6377741694450378,0.5012625455856323,0.1778373271226883,-0.02504134364426136,0.5338553190231323
1523,35.93239212036133,0.6532959342002869,0.5003625154495239,0.17784377932548523,0.008926485665142536,0.5154384970664978
1524,35.92807388305664,0.6467037796974182,0.5011875629425049,0.1778648942708969,-0.000999578507617116,0.5236437916755676
1525,35.92286682128906,0.6322346329689026,0.5046625137329102,0.17794781923294067,0.010662817396223545,0.5274025201797485
1526,35.928009033203125,0.6501175165176392,0.5004500150680542,0.17795583605766296,0.02473854273557663,0.5139814615249634
1527,35.92976379394531,0.6256980299949646,0.5033375024795532,0.17801523208618164,-0.02688007615506649,0.5205953121185303
1528,35.93184280395508,0.6503030061721802,0.4956125319004059,0.17793713510036469,-0.018274158239364624,0.5269331932067871
1529,35.930030822753906,0.635413408279419,0.5023124814033508,0.1779782921075821,-0.012717361561954021,0.5285266637802124
1530,35.93265151977539,0.630696713924408,0.5022249817848206,0.17801788449287415,-0.024260852485895157,0.5198960304260254
1531,35.93397903442383,0.6401699781417847,0.4985250234603882,0.17799162864685059,-0.01920352317392826,0.5329388976097107
1532,35.9283332824707,0.6399502158164978,0.4992000460624695,0.17797739803791046,-0.01252423133701086,0.5215316414833069
1533,35.923866271972656,0.6285145282745361,0.4958125352859497,0.17790287733078003,-0.004343157168477774,0.5193893909454346
1534,35.9199104309082,0.6484360694885254,0.5012625455856323,0.17792533338069916,-0.006295779719948769,0.5167781114578247
1535,35.921810150146484,0.6414242386817932,0.5019625425338745,0.17796024680137634,0.012757535092532635,0.543091893196106
1536,35.9268913269043,0.64923495054245,0.502262532711029,0.17800050973892212,0.002064639236778021,0.5208090543746948
1537,35.929710388183594,0.6313832998275757,0.4992125332355499,0.1779864877462387,-0.0064735934138298035,0.5306337475776672
1538,35.92439270019531,0.6340475678443909,0.501175045967102,0.17800740897655487,-0.0003430428623687476,0.5508006811141968
1539,35.9186897277832,0.6346747875213623,0.5005250573158264,0.1780167520046234,-0.00012683868408203125,0.5281382203102112
1540,35.9209098815918,0.6352787613868713,0.5015875697135925,0.17804501950740814,-0.006805506069213152,0.5257404446601868
1541,35.92163848876953,0.6363899111747742,0.501924991607666,0.178079292178154,-0.04833383485674858,0.51619553565979
1542,35.923274993896484,0.6238648295402527,0.4991125166416168,0.17806348204612732,-0.01474351529031992,0.536040186882019
1543,35.9247932434082,0.6352800726890564,0.498725026845932,0.1780407726764679,-0.005088881589472294,0.5243308544158936
1544,35.92979049682617,0.6386991143226624,0.5007500052452087,0.17805412411689758,-0.018271908164024353,0.5352458953857422
1545,35.92683029174805,0.6282116174697876,0.5019624829292297,0.17808906733989716,-0.002845854964107275,0.5114505887031555
1546,35.920833587646484,0.6367046236991882,0.4964125454425812,0.17802517116069794,-0.03776703029870987,0.5326775312423706
1547,35.921024322509766,0.6373876333236694,0.49906253814697266,0.17800848186016083,0.0015598159516230226,0.5150615572929382
1548,35.92959213256836,0.6283987760543823,0.4982125461101532,0.17797666788101196,-0.01621023379266262,0.5006458163261414
1549,35.93228530883789,0.6414839625358582,0.4967125356197357,0.17791816592216492,-0.03341446816921234,0.5218797326087952
1550,35.93442916870117,0.6369074583053589,0.4985000193119049,0.17789147794246674,-0.00812535360455513,0.5377010107040405
1551,35.93346405029297,0.6376485824584961,0.4992000460624695,0.1778772473335266,0.003901965217664838,0.5218496918678284
1552,35.918582916259766,0.6349194049835205,0.4997750520706177,0.17787325382232666,-0.005879382137209177,0.5055907964706421
1553,35.93303298950195,0.6417960524559021,0.5014125108718872,0.1778983771800995,-0.020685017108917236,0.516708254814148
1554,35.93312454223633,0.6322094798088074,0.498787522315979,0.177876815199852,0.0024452591314911842,0.5118885040283203
1555,35.94023895263672,0.6428737640380859,0.4993875324726105,0.1778659224510193,-0.0025667650625109673,0.5086081027984619
1556,35.93070602416992,0.6328982710838318,0.4978625178337097,0.17782790958881378,-0.011785927228629589,0.5095663070678711
1557,35.93031692504883,0.63393634557724,0.49908751249313354,0.17781168222427368,-0.023751484230160713,0.5196422934532166
1558,35.92643356323242,0.6334666609764099,0.4993000030517578,0.17779923975467682,-0.0068962462246418,0.5062383413314819
1559,35.938255310058594,0.6348179578781128,0.49746251106262207,0.17775411903858185,-0.03074522875249386,0.5411646962165833
1560,35.935787200927734,0.6334109306335449,0.5040375590324402,0.17782588303089142,0.005746318027377129,0.5522156953811646
1561,35.93965530395508,0.6325861215591431,0.49826252460479736,0.17779499292373657,0.015464902855455875,0.5232014656066895
1562,35.932533264160156,0.6221158504486084,0.4971875250339508,0.17774498462677002,0.00015633011935278773,0.524007260799408
1563,35.935184478759766,0.6353338360786438,0.49931252002716064,0.17773276567459106,-0.0060514542274177074,0.5342326760292053
1564,35.9181022644043,0.6201471090316772,0.49608755111694336,0.17766322195529938,-0.023696817457675934,0.523644745349884
1565,35.92558288574219,0.6397799849510193,0.5052500367164612,0.17775648832321167,-0.008171077817678452,0.5543795228004456
1566,35.92721176147461,0.6225268244743347,0.49992501735687256,0.17775514721870422,0.007751121185719967,0.5187638998031616
1567,35.931182861328125,0.6294392347335815,0.5002875328063965,0.1777602583169937,-0.022289566695690155,0.5125814080238342
1568,35.91822052001953,0.6253964900970459,0.49912503361701965,0.17774470150470734,-0.006211511325091124,0.5242047309875488
1569,35.91270065307617,0.6221392750740051,0.501800000667572,0.17777669429779053,-0.003568371059373021,0.5107983350753784
1570,35.919700622558594,0.6359629034996033,0.4988250434398651,0.17775580286979675,-0.030048174783587456,0.5437732934951782
1571,35.91725158691406,0.6251062154769897,0.4964875280857086,0.17769336700439453,-0.008838172070682049,0.5144680142402649
1572,35.917091369628906,0.6180911064147949,0.4968250095844269,0.17763695120811462,-0.014431831426918507,0.5222333073616028
1573,35.92880630493164,0.6221000552177429,0.4983125329017639,0.1776069700717926,-0.018745923414826393,0.512915313243866
1574,35.920475006103516,0.627191424369812,0.5027875304222107,0.17765647172927856,-0.008551087230443954,0.519714891910553
1575,35.93891525268555,0.6179400682449341,0.497512549161911,0.1776122897863388,-0.01499460730701685,0.5251060128211975
1576,35.93243408203125,0.6170221567153931,0.49636250734329224,0.17754767835140228,-0.0235152505338192,0.5120894312858582
1577,35.931495666503906,0.6197355389595032,0.5015000104904175,0.1775743067264557,-0.024883098900318146,0.5252425670623779
1578,35.923065185546875,0.6167909502983093,0.49957504868507385,0.1775667667388916,-0.004673149436712265,0.531743586063385
1579,35.9288444519043,0.6157910823822021,0.49800002574920654,0.17753125727176666,-0.03230481222271919,0.5230750441551208
1580,35.9356689453125,0.6298335790634155,0.5045375227928162,0.1776117980480194,-0.006198451388627291,0.5367602705955505
1581,35.936092376708984,0.6261094212532043,0.5023125410079956,0.17765288054943085,0.0037361704744398594,0.5256644487380981
1582,35.92549133300781,0.6189324259757996,0.49986252188682556,0.17765043675899506,-0.02183574065566063,0.5254225134849548
1583,35.93433380126953,0.6343735456466675,0.5042125582695007,0.17772528529167175,-0.031512025743722916,0.522314727306366
1584,35.922306060791016,0.6205841898918152,0.5020000338554382,0.17776083946228027,-0.0008357506012544036,0.5165187120437622
1585,35.92896270751953,0.6311004161834717,0.5057875514030457,0.1778637170791626,-0.004316507373005152,0.5358750820159912
1586,35.92021560668945,0.6151649951934814,0.5011625289916992,0.17788438498973846,-0.038866497576236725,0.530789315700531
1587,35.93507385253906,0.619719922542572,0.5036250352859497,0.17794887721538544,-0.006890180055052042,0.5370622277259827
1588,35.924068450927734,0.6250671148300171,0.5022250413894653,0.1779884546995163,-0.011592560447752476,0.513857364654541
1589,35.91920852661133,0.6245930194854736,0.49886250495910645,0.17796821892261505,-0.009313642978668213,0.5542379021644592
1590,35.92574691772461,0.6178162693977356,0.5021750330924988,0.17800693213939667,-0.028443273156881332,0.5237146615982056
1591,35.916748046875,0.6169919967651367,0.4985250234603882,0.1779806762933731,-0.02889629267156124,0.5042937994003296
1592,35.924171447753906,0.6199501752853394,0.5001000761985779,0.17798246443271637,-0.003738401224836707,0.5002540946006775
1593,35.913143157958984,0.6207786798477173,0.4988750219345093,0.17796245217323303,-0.01664022170007229,0.5485817193984985
1594,35.917930603027344,0.6286218762397766,0.5008125305175781,0.17797692120075226,-0.00424493383616209,0.4996292293071747
1595,35.9217414855957,0.618539571762085,0.4993375241756439,0.17796513438224792,-0.030406562611460686,0.5202924013137817
1596,35.92356872558594,0.6114831566810608,0.5017625093460083,0.17799648642539978,-0.005504898261278868,0.4991492033004761
1597,35.92991256713867,0.619918704032898,0.4940875172615051,0.17789123952388763,0.011635311879217625,0.5344221591949463
1598,35.92816162109375,0.610727071762085,0.4956875145435333,0.1778145283460617,0.00471328804269433,0.5292292833328247
1599,35.92521667480469,0.6094048619270325,0.5012000203132629,0.1778358668088913,0.0012425973545759916,0.5363527536392212
1600,35.933624267578125,0.6272729635238647,0.4999375343322754,0.17783474922180176,-0.008896124549210072,0.5262897610664368
1601,35.92755889892578,0.6168643832206726,0.5010125041007996,0.17785274982452393,0.008773153647780418,0.5065572261810303
1602,35.92478561401367,0.6238096356391907,0.5035750269889832,0.17791633307933807,-0.012946943752467632,0.5305375456809998
1603,35.93180847167969,0.6111064553260803,0.4987500309944153,0.17789410054683685,-0.02361091785132885,0.5274965763092041
1604,35.931549072265625,0.6220614314079285,0.4998375177383423,0.17789120972156525,-0.00605032267048955,0.5211209654808044
1605,35.933406829833984,0.6210883259773254,0.5003500580787659,0.17789743840694427,-0.0040800804272294044,0.5309064984321594
1606,35.931575775146484,0.6189946532249451,0.5018500089645386,0.17793035507202148,-0.008650654926896095,0.5304938554763794
1607,35.91874694824219,0.6302700042724609,0.49672502279281616,0.17787209153175354,-0.033661019057035446,0.5239134430885315
1608,35.92012405395508,0.6166126728057861,0.49687501788139343,0.1778165102005005,-0.007407762575894594,0.522419273853302
1609,35.922218322753906,0.6225676536560059,0.49781250953674316,0.17777761816978455,-0.030511168763041496,0.5293030738830566
1610,35.93210983276367,0.6147823929786682,0.5014125108718872,0.17780272662639618,-0.010270023718476295,0.5019408464431763
1611,35.9259033203125,0.6201624274253845,0.49870002269744873,0.17777961492538452,-0.003055302193388343,0.515265941619873
1612,35.915645599365234,0.6183340549468994,0.5,0.17777961492538452,-0.01555761881172657,0.5129491686820984
1613,35.92525100708008,0.6223962306976318,0.5007875561714172,0.17779362201690674,-0.03551475331187248,0.5192419290542603
1614,35.929012298583984,0.6229376196861267,0.4963875412940979,0.17772939801216125,0.011393839493393898,0.5204518437385559
1615,35.93135070800781,0.627102255821228,0.5027000308036804,0.17777737975120544,-0.01185494102537632,0.527830958366394
1616,35.934532165527344,0.6213344931602478,0.49847501516342163,0.17775027453899384,0.00023931886244099587,0.5488206148147583
1617,35.92610168457031,0.616980254650116,0.5000874996185303,0.177751824259758,-0.013084003701806068,0.5242913961410522
1618,35.92033767700195,0.6177340149879456,0.5016124844551086,0.17778049409389496,-0.02102937363088131,0.5298160910606384
1619,35.92341613769531,0.6137710213661194,0.499750018119812,0.1777760535478592,-0.015493066981434822,0.5286308526992798
1620,35.93385696411133,0.6199700832366943,0.5047625303268433,0.17786072194576263,-0.01441680733114481,0.51594477891922
1621,35.9328498840332,0.616720974445343,0.49912503361701965,0.17784516513347626,-0.00946728978306055,0.5185161828994751
1622,35.92693328857422,0.6100665330886841,0.4986875355243683,0.1778218299150467,-0.020206904038786888,0.5474044680595398
1623,35.92210388183594,0.6146238446235657,0.5015749931335449,0.17784982919692993,-0.05045722797513008,0.5262690782546997
1624,35.92277145385742,0.6257336139678955,0.5033750534057617,0.17790985107421875,-0.0249568372964859,0.513390064239502
1625,35.925392150878906,0.6214900612831116,0.5026000142097473,0.17795610427856445,-0.0018367081647738814,0.5319052934646606
1626,35.93055725097656,0.6131126284599304,0.4982375204563141,0.1779247373342514,-0.02421039715409279,0.5215456485748291
1627,35.92873001098633,0.6135138869285583,0.4988750219345093,0.17790472507476807,-0.01443088985979557,0.5150994658470154
1628,35.93516540527344,0.6191011071205139,0.49835002422332764,0.1778753697872162,-0.013304853811860085,0.5337882041931152
1629,35.92449188232422,0.6094070076942444,0.5038000345230103,0.17794297635555267,-0.015228028409183025,0.5328333973884583
1630,35.933292388916016,0.6121001243591309,0.49515002965927124,0.1778566688299179,-0.023438354954123497,0.5097499489784241
1631,35.93657684326172,0.6081660389900208,0.49601250886917114,0.1777857542037964,-0.01565125770866871,0.519156277179718
1632,35.93277359008789,0.6049104332923889,0.5007875561714172,0.1777997612953186,-0.03810320422053337,0.5119943618774414
1633,35.927940368652344,0.6054736375808716,0.4984875023365021,0.1777728646993637,-0.05186456814408302,0.5328057408332825
1634,35.920806884765625,0.6014376282691956,0.49656251072883606,0.17771175503730774,0.0023177252151072025,0.5176436305046082
1635,35.922523498535156,0.6190474033355713,0.5026750564575195,0.1777592897415161,0.006345634814351797,0.5233373045921326
1636,35.926307678222656,0.6165215373039246,0.49998751282691956,0.1777590662240982,-0.028481051325798035,0.5216572880744934
1637,35.92177200317383,0.6154974102973938,0.5029625296592712,0.17781172692775726,-0.021805768832564354,0.5309571027755737
1638,35.92810821533203,0.6036610007286072,0.5033500790596008,0.17787128686904907,-0.019075116142630577,0.5251539349555969
1639,35.92515182495117,0.6047505140304565,0.49970006942749023,0.17786595225334167,-0.01660180278122425,0.5048238635063171
1640,35.9271240234375,0.605559229850769,0.5013124942779541,0.17788930237293243,0.0032241088338196278,0.5227559804916382
1641,35.92448043823242,0.6039849519729614,0.5011375546455383,0.17790953814983368,-0.002480374416336417,0.5315512418746948
1642,35.931541442871094,0.6042495965957642,0.49945002794265747,0.17789974808692932,-0.02235177345573902,0.5261774659156799
1643,35.926475524902344,0.6213829517364502,0.5018875002861023,0.17793332040309906,-0.0009673052118159831,0.5195388197898865
1644,35.926673889160156,0.5984404683113098,0.5000125169754028,0.17793352901935577,-0.02609671838581562,0.5129175782203674
1645,35.92471694946289,0.6098605394363403,0.5024499893188477,0.17797711491584778,0.00529704662039876,0.5166797637939453
1646,35.91598129272461,0.6023804545402527,0.5003250241279602,0.17798291146755219,0.013713053427636623,0.5259622931480408
1647,35.93463134765625,0.6086991429328918,0.4961625337600708,0.17791461944580078,-0.016098741441965103,0.5162801742553711
1648,35.92593002319336,0.6119402647018433,0.4956125020980835,0.1778365522623062,-0.029177339747548103,0.5130733251571655
1649,35.93077087402344,0.6003610491752625,0.499562531709671,0.17782877385616302,-0.017418095842003822,0.5156873464584351
1650,35.92661666870117,0.6048011183738708,0.5012250542640686,0.17785055935382843,-0.034521181136369705,0.541464626789093
1651,35.93147659301758,0.6079871654510498,0.4967750608921051,0.1777932047843933,-0.021867536008358,0.5251859426498413
1652,35.92131042480469,0.6088699698448181,0.4982125461101532,0.17776142060756683,-0.009832257404923439,0.5477049946784973
1653,35.930999755859375,0.6196173429489136,0.4996125102043152,0.17775453627109528,-0.009166753850877285,0.5255684852600098
1654,35.91899490356445,0.6120167970657349,0.49871253967285156,0.17773164808750153,-0.029070507735013962,0.5145542621612549
1655,35.93128967285156,0.60480797290802,0.4966750144958496,0.17767255008220673,0.00486297532916069,0.5323952436447144
1656,35.92807388305664,0.6052780747413635,0.5011375546455383,0.17769275605678558,-0.014593441970646381,0.5122325420379639
1657,35.91694259643555,0.6092647314071655,0.5051624774932861,0.1777845025062561,-0.03985166177153587,0.5308485627174377
1658,35.92505645751953,0.6107991933822632,0.5039250254631042,0.17785429954528809,-0.023495307192206383,0.5097801089286804
1659,35.92379379272461,0.6078311204910278,0.4967000484466553,0.1777956187725067,-0.02853114902973175,0.5372423529624939
1660,35.93116760253906,0.6061890125274658,0.500087559223175,0.17779716849327087,-0.027908116579055786,0.5453616380691528
1661,35.93812942504883,0.6050512194633484,0.502037525177002,0.17783339321613312,-0.007599589880555868,0.5097581744194031
1662,35.92868423461914,0.6086487770080566,0.4997375011444092,0.17782872915267944,-0.02966269478201866,0.5354476571083069
1663,35.928524017333984,0.6070900559425354,0.497700035572052,0.17778782546520233,-0.030904289335012436,0.5434373617172241
1664,35.931915283203125,0.6153618097305298,0.5030375719070435,0.17784182727336884,-0.02538585662841797,0.5031490325927734
1665,35.93152618408203,0.6136559247970581,0.49928751587867737,0.17782916128635406,-0.000882888853084296,0.531154215335846
1666,35.92934036254883,0.6039613485336304,0.4982125163078308,0.1777973771095276,-0.01261640340089798,0.5328059196472168
1667,35.92731475830078,0.5983597636222839,0.5014749765396118,0.17782358825206757,-0.034095484763383865,0.5220858454704285
1668,35.91704559326172,0.6037729382514954,0.5007750391960144,0.17783737182617188,-0.0025105057284235954,0.5089851021766663
1669,35.93130111694336,0.6134634613990784,0.49995002150535583,0.17783647775650024,-0.018375786021351814,0.5262191295623779
1670,35.93396759033203,0.6109367609024048,0.5024250149726868,0.17787960171699524,-0.012612398713827133,0.5260666012763977
1671,35.929115295410156,0.6090406775474548,0.4927375316619873,0.17775042355060577,0.0025293217040598392,0.5388272404670715
1672,35.92741775512695,0.6002570390701294,0.4999750256538391,0.17774997651576996,-0.017865421250462532,0.5281147956848145
1673,35.9271354675293,0.6062290072441101,0.4969000518321991,0.1776948720216751,-0.03441299498081207,0.5162608623504639
1674,35.91386413574219,0.6086337566375732,0.4999000132083893,0.17769309878349304,-0.028269175440073013,0.5227903127670288
1675,35.926021575927734,0.6122217774391174,0.4980250298976898,0.17765800654888153,0.0006689152796752751,0.5157431960105896
1676,35.93069076538086,0.6103070378303528,0.5032374858856201,0.17771552503108978,-0.005773591343313456,0.5315119028091431
1677,35.9260139465332,0.6005730032920837,0.4993250370025635,0.17770352959632874,-0.021930668503046036,0.4794358015060425
1678,35.91830825805664,0.5980814099311829,0.49890005588531494,0.1776839941740036,-0.012773196212947369,0.5261703133583069
1679,35.92924118041992,0.5961326360702515,0.4959375262260437,0.1776118129491806,-0.01272897981107235,0.5423924326896667
1680,35.932525634765625,0.6004028916358948,0.5036875009536743,0.17767730355262756,-0.012326693162322044,0.5184805989265442
1681,35.92243194580078,0.5996978282928467,0.5010000467300415,0.17769508063793182,-0.010930214077234268,0.5244236588478088
1682,35.93641662597656,0.6014881730079651,0.5031625628471375,0.17775127291679382,-0.017384527251124382,0.5181455612182617
1683,35.92842483520508,0.6029356718063354,0.5011875033378601,0.1777723729610443,-0.011446482501924038,0.5267173051834106
1684,35.92528533935547,0.5999906659126282,0.5005125403404236,0.17778149247169495,-0.009597697295248508,0.5368759632110596
1685,35.92576599121094,0.6073182225227356,0.5002250075340271,0.1777855008840561,0.0055344258435070515,0.5482478141784668
1686,35.927616119384766,0.5985749363899231,0.5005375146865845,0.17779505252838135,-0.02782295271754265,0.5346418023109436
1687,35.924095153808594,0.5960915088653564,0.5017000436782837,0.17782527208328247,-0.01031653955578804,0.5382014513015747
1688,35.9272346496582,0.6040924787521362,0.5027625560760498,0.1778743863105774,-0.021167660132050514,0.521124005317688
1689,35.93011474609375,0.5918437838554382,0.49945002794265747,0.17786459624767303,-0.028230661526322365,0.5465806722640991
1690,35.924232482910156,0.6098705530166626,0.5042625069618225,0.17794041335582733,-0.019857415929436684,0.5415441393852234
1691,35.923091888427734,0.6157588958740234,0.49996253848075867,0.1779397428035736,-0.006035809870809317,0.5519297122955322
1692,35.92793273925781,0.597571611404419,0.49656251072883606,0.17787857353687286,0.0075994799844920635,0.5059001445770264
1693,35.92675018310547,0.5875114798545837,0.49845004081726074,0.17785100638866425,-0.0012335815699771047,0.5436486005783081
1694,35.93074035644531,0.5877712965011597,0.5003500580787659,0.17785723507404327,-0.015282059088349342,0.5377220511436462
1695,35.92784118652344,0.5861977934837341,0.5008125305175781,0.1778716892004013,-0.012162688188254833,0.5309453010559082
1696,35.924095153808594,0.5983648896217346,0.4986875355243683,0.17784833908081055,-0.011136873625218868,0.5338196754455566
1697,35.928131103515625,0.6067469120025635,0.49685001373291016,0.17779231071472168,-0.03175090253353119,0.5162195563316345
1698,35.931617736816406,0.5879092812538147,0.5000750422477722,0.17779365181922913,0.00638606958091259,0.4898022711277008
1699,35.932289123535156,0.5898816585540771,0.5010625123977661,0.17781253159046173,0.01299892645329237,0.5353396534919739
1700,35.93250274658203,0.5932572484016418,0.5002750158309937,0.1778174340724945,-0.02521887794137001,0.54288250207901
1701,35.92229080200195,0.5957467555999756,0.5017250180244446,0.17784810066223145,0.013180667534470558,0.5294003486633301
1702,35.923099517822266,0.602046012878418,0.5015000700950623,0.17787477374076843,-0.017665565013885498,0.5439567565917969
1703,35.92148208618164,0.5931288003921509,0.49480000138282776,0.17778228223323822,-0.04092536121606827,0.5395841598510742
1704,35.93607711791992,0.5997555255889893,0.49755001068115234,0.1777387261390686,-0.007015517447143793,0.5156638622283936
1705,35.92402267456055,0.5920131802558899,0.4999125301837921,0.17773716151714325,0.0024788586888462305,0.5220885276794434
1706,35.920013427734375,0.5970781445503235,0.49781250953674316,0.1776982843875885,-0.027167683467268944,0.5181320309638977
1707,35.92523193359375,0.5990270376205444,0.5018000602722168,0.1777302771806717,-0.004029371775686741,0.5399021506309509
1708,35.925079345703125,0.5888684988021851,0.5011125206947327,0.17775005102157593,-0.007304104045033455,0.5260794162750244
1709,35.924842834472656,0.6015117168426514,0.502750039100647,0.17779894173145294,-0.022039039060473442,0.5363445281982422
1710,35.93313217163086,0.5953472256660461,0.5014750361442566,0.17782515287399292,0.010611454956233501,0.5205490589141846
1711,35.93186569213867,0.6070524454116821,0.501912534236908,0.17785915732383728,-0.012902896851301193,0.5260226726531982
1712,35.93235778808594,0.6074786186218262,0.5016500353813171,0.17788849771022797,0.0017251833342015743,0.5382055044174194
1713,35.91952133178711,0.5950658321380615,0.49668753147125244,0.1778295785188675,-0.0076746526174247265,0.5138329863548279
1714,35.92677307128906,0.5873287916183472,0.4959375262260437,0.17775733768939972,-0.01065959595143795,0.5131615996360779
1715,35.91830825805664,0.5921722650527954,0.5015625357627869,0.17778511345386505,-0.00974883884191513,0.5346437096595764
1716,35.933937072753906,0.5986656546592712,0.5031124949455261,0.177840456366539,-0.0252474807202816,0.5208317041397095
1717,35.93593215942383,0.6050984859466553,0.5053375363349915,0.1779353767633438,-0.01482970267534256,0.5241081714630127
1718,35.924110412597656,0.5917249917984009,0.49666252732276917,0.17787599563598633,0.007856640964746475,0.5223767161369324
1719,35.93510055541992,0.5873110890388489,0.4951375424861908,0.17778950929641724,-0.02676307037472725,0.5181897878646851
1720,35.931392669677734,0.5946447849273682,0.49841248989105225,0.1777612864971161,-0.013445313088595867,0.5217941999435425
1721,35.91676330566406,0.5859190821647644,0.5011250376701355,0.17778128385543823,-0.020167775452136993,0.5317668318748474
1722,35.926910400390625,0.594488799571991,0.502037525177002,0.17781750857830048,0.0021584564819931984,0.5372912883758545
1723,35.931453704833984,0.5871809720993042,0.5022750496864319,0.17785795032978058,-0.004925794433802366,0.505785346031189
1724,35.92860794067383,0.6061589121818542,0.5008000135421753,0.1778721809387207,-0.0023875439073890448,0.5361567139625549
1725,35.930992126464844,0.6049103736877441,0.49853751063346863,0.17784616351127625,-0.021980157122015953,0.5223345756530762
1726,35.92780685424805,0.591589629650116,0.49793753027915955,0.17780949175357819,-0.005389578174799681,0.5104917883872986
1727,35.919368743896484,0.5820008516311646,0.5008125305175781,0.17782394587993622,-0.018319999799132347,0.5475843548774719
1728,35.91986846923828,0.5854417085647583,0.5015875101089478,0.17785218358039856,-0.018687745556235313,0.5367510318756104
1729,35.93370056152344,0.5957017540931702,0.5019875168800354,0.17788752913475037,-0.0244914498180151,0.5261818766593933
1730,35.93377685546875,0.5914686918258667,0.500712513923645,0.17790021002292633,0.010594733990728855,0.5460532307624817
1731,35.92304992675781,0.5898447632789612,0.5001375079154968,0.17790265381336212,0.013279725797474384,0.4997026324272156
1732,35.91307067871094,0.5935944318771362,0.4991750419139862,0.17788797616958618,-0.0298711359500885,0.5201839804649353
1733,35.925384521484375,0.5973255634307861,0.4983750581741333,0.17785906791687012,-0.048331815749406815,0.5174950361251831
1734,35.92810821533203,0.5965694785118103,0.5015875697135925,0.17788730561733246,0.030826371163129807,0.5199809074401855
1735,35.93621063232422,0.5972353219985962,0.49773749709129333,0.17784705758094788,-0.025552302598953247,0.5037972927093506
1736,35.924415588378906,0.5855374336242676,0.5002375245094299,0.17785127460956573,-0.027837565168738365,0.5275314450263977
1737,35.91604232788086,0.5993571877479553,0.5032000541687012,0.17790818214416504,-0.004740905947983265,0.5224534273147583
1738,35.92842483520508,0.5896363258361816,0.4976625442504883,0.177866593003273,0.00744395749643445,0.5141581296920776
1739,35.92891311645508,0.5868894457817078,0.5033249855041504,0.1779257357120514,-0.01983523555099964,0.5084646940231323
1740,35.93320083618164,0.5763536691665649,0.49422505497932434,0.17782297730445862,-0.03055468015372753,0.5203105807304382
1741,35.92253875732422,0.5916644930839539,0.4958125352859497,0.17774851620197296,-0.017185010015964508,0.5448281168937683
1742,35.919368743896484,0.5902759432792664,0.4993625283241272,0.17773717641830444,-0.030640695244073868,0.5205256342887878
1743,35.928611755371094,0.5844947695732117,0.4962625503540039,0.17767074704170227,-0.02732774429023266,0.513773500919342
1744,35.932945251464844,0.5875112414360046,0.5003875494003296,0.17767763137817383,0.03248104453086853,0.5194564461708069
1745,35.933921813964844,0.5840315818786621,0.5025750398635864,0.17772337794303894,-0.019208213314414024,0.530445396900177
1746,35.92384338378906,0.5985986590385437,0.498912513256073,0.17770405113697052,-0.0036286318209022284,0.5181546807289124
1747,35.931427001953125,0.6056056618690491,0.49701252579689026,0.17765095829963684,-0.029432514682412148,0.5422334671020508
1748,35.923709869384766,0.5886169672012329,0.5028250217437744,0.17770114541053772,-0.018393639475107193,0.5238582491874695
1749,35.92963409423828,0.587279736995697,0.49873751401901245,0.17767871916294098,-0.0002843480324372649,0.5336658954620361
1750,35.934471130371094,0.6015956401824951,0.5023750066757202,0.17772090435028076,-0.03432207554578781,0.5313401222229004
1751,35.924034118652344,0.5858359932899475,0.49883753061294556,0.1777002513408661,0.0012616153107956052,0.5215728282928467
1752,35.92710876464844,0.5912741422653198,0.4973500370979309,0.17765316367149353,-0.012549133971333504,0.5216969847679138
1753,35.91761779785156,0.5913487076759338,0.49650001525878906,0.1775909811258316,-0.011829018592834473,0.518097996711731
1754,35.92830276489258,0.5900476574897766,0.5006124973297119,0.1776018589735031,-0.0022059117909520864,0.5144973397254944
1755,35.933650970458984,0.5979551076889038,0.5030500292778015,0.17765603959560394,-0.011233036406338215,0.5173490643501282
1756,35.93101119995117,0.5855184197425842,0.5000375509262085,0.17765671014785767,0.01251357700675726,0.5228441953659058
1757,35.9221305847168,0.5818850994110107,0.5006375312805176,0.177668035030365,-0.004950781352818012,0.5130138993263245
1758,35.92091751098633,0.5876129865646362,0.49812501668930054,0.17763471603393555,-0.011398459784686565,0.5215371251106262
1759,35.931087493896484,0.6023479104042053,0.5001625418663025,0.17763759195804596,-0.025651555508375168,0.5232225656509399
1760,35.935203552246094,0.5886620283126831,0.5010125637054443,0.17765557765960693,-0.007624350022524595,0.5211412310600281
1761,35.928810119628906,0.5771825313568115,0.5024999976158142,0.1776999831199646,0.0012655621394515038,0.5200011730194092
1762,35.93758773803711,0.5975926518440247,0.5027000308036804,0.1777479648590088,-0.028197728097438812,0.5355923175811768
1763,35.926456451416016,0.5940929055213928,0.500962495803833,0.17776507139205933,-0.02962448261678219,0.515028178691864
1764,35.93507385253906,0.5786876082420349,0.4948500394821167,0.17767351865768433,-0.03442110866308212,0.5159733891487122
1765,35.927574157714844,0.5911436676979065,0.5009250044822693,0.17768995463848114,-0.017875874415040016,0.5419356822967529
1766,35.93647384643555,0.5844421982765198,0.5022875070571899,0.17773060500621796,0.0014995704405009747,0.5205479264259338
1767,35.925209045410156,0.5897868275642395,0.5021500587463379,0.17776882648468018,-0.0074234711937606335,0.542281985282898
1768,35.921024322509766,0.5927284955978394,0.49886250495910645,0.17774860560894012,-0.03235887363553047,0.5286954641342163
1769,35.9229850769043,0.5873821377754211,0.4979000389575958,0.17771127820014954,0.00770791107788682,0.5221878290176392
1770,35.93437957763672,0.5835457444190979,0.5018375515937805,0.17774392664432526,-0.006337071303278208,0.505405843257904
1771,35.92919921875,0.5825954079627991,0.500950038433075,0.17776080965995789,-0.0010315238032490015,0.5314598083496094
1772,35.92784118652344,0.5757550001144409,0.5001375079154968,0.17776325345039368,-0.02504209615290165,0.5275003910064697
1773,35.92403793334961,0.5913159847259521,0.5013500452041626,0.17778724431991577,-0.018677012994885445,0.5320432186126709
1774,35.91891860961914,0.5837560296058655,0.498725026845932,0.17776457965373993,-0.00738627091050148,0.5325426459312439
1775,35.92961883544922,0.5909284353256226,0.5014625191688538,0.1777905821800232,-0.01535948645323515,0.510540783405304
1776,35.92406463623047,0.5880422592163086,0.500587522983551,0.17780102789402008,-0.018523434177041054,0.5000085234642029
1777,35.92789077758789,0.5787184238433838,0.4991125166416168,0.1777852475643158,-0.01496181171387434,0.5118770599365234
1778,35.919586181640625,0.5774170160293579,0.4993375241756439,0.17777347564697266,-0.007962874136865139,0.5389893054962158
1779,35.92905044555664,0.5824697613716125,0.4994499981403351,0.1777637004852295,0.01097516156733036,0.5235348343849182
1780,35.931800842285156,0.5787151455879211,0.5038999915122986,0.17783303558826447,-0.003869869513437152,0.5316848158836365
1781,35.93293380737305,0.585740864276886,0.5017625093460083,0.17786437273025513,-0.04344578832387924,0.5463826060295105
1782,35.92975997924805,0.5919954776763916,0.49941253662109375,0.17785392701625824,-0.020353229716420174,0.538736879825592
1783,35.91815185546875,0.5946396589279175,0.5009124875068665,0.17787013947963715,-0.021366579458117485,0.5599515438079834
1784,35.919559478759766,0.5815176367759705,0.49662503600120544,0.17781011760234833,-0.026052651926875114,0.5193394422531128
1785,35.923301696777344,0.5806928873062134,0.4987625479698181,0.17778810858726501,-0.01642337627708912,0.5236860513687134
1786,35.928001403808594,0.5831465125083923,0.500712513923645,0.17780078947544098,-0.019874688237905502,0.5299981832504272
1787,35.925575256347656,0.5853561758995056,0.502162516117096,0.1778392344713211,-0.036559734493494034,0.5238913297653198
1788,35.920677185058594,0.5885871648788452,0.5052375197410583,0.17793238162994385,-0.016964595764875412,0.5363497734069824
1789,35.92000961303711,0.5888731479644775,0.4992625415325165,0.17791926860809326,-0.029398135840892792,0.520990252494812
1790,35.91607666015625,0.5878133773803711,0.5024375319480896,0.17796264588832855,-0.01434396207332611,0.5440140962600708
1791,35.92525100708008,0.5804035663604736,0.5015750527381897,0.17799067497253418,-0.034701135009527206,0.528968334197998
1792,35.935482025146484,0.5965372920036316,0.5033000111579895,0.17804940044879913,0.008890579454600811,0.518218457698822
1793,35.92573547363281,0.5865054726600647,0.5039250254631042,0.17811930179595947,-0.010821083560585976,0.5370774865150452
1794,35.922943115234375,0.5790334343910217,0.5020000338554382,0.17815493047237396,-0.028155453503131866,0.5256242156028748
1795,35.92551040649414,0.5766685605049133,0.5006375312805176,0.17816630005836487,-0.0008599067223258317,0.5162027478218079
1796,35.93525314331055,0.584086000919342,0.5004500150680542,0.17817433178424835,-0.024824008345603943,0.5189900398254395
1797,35.927757263183594,0.5721238851547241,0.4992625117301941,0.17816118896007538,-0.0003261480596847832,0.5194898247718811
1798,35.932315826416016,0.5757513642311096,0.4945875108242035,0.1780647486448288,-0.0027400313410907984,0.5343844890594482
1799,35.929134368896484,0.5844563841819763,0.5007250308990479,0.17807765305042267,-0.025738347321748734,0.5232300162315369
1800,35.92948913574219,0.5916946530342102,0.5036625266075134,0.17814286053180695,-0.021433478221297264,0.538414478302002
1801,35.919193267822266,0.5719519853591919,0.49650001525878906,0.1780805140733719,-0.016953909769654274,0.5292990207672119
1802,35.92570114135742,0.58526211977005,0.4987125098705292,0.17805758118629456,-0.001227725064381957,0.5294025540351868
1803,35.92124938964844,0.5872790813446045,0.5011875033378601,0.17807872593402863,0.020687585696578026,0.5322583913803101
1804,35.92466735839844,0.5736129879951477,0.499099999666214,0.17806269228458405,-0.0007460663910023868,0.544188380241394
1805,35.92763900756836,0.5884416699409485,0.5001625418663025,0.17806558310985565,-0.03574537858366966,0.535854697227478
1806,35.92404556274414,0.5830466151237488,0.497112512588501,0.17801417410373688,-0.020905818790197372,0.5005620121955872
1807,35.9273681640625,0.5853190422058105,0.4976750314235687,0.17797277867794037,-0.03554524481296539,0.518762469291687
1808,35.931217193603516,0.5767930150032043,0.49777501821517944,0.17793318629264832,-0.017719691619277,0.5159453749656677
1809,35.93194580078125,0.6018494367599487,0.4990750253200531,0.1779167205095291,-0.006735282018780708,0.5540255308151245
1810,35.925498962402344,0.5923883318901062,0.4994875490665436,0.17790760099887848,-0.039083849638700485,0.5410817265510559
1811,35.921226501464844,0.5743886828422546,0.5004500150680542,0.17791561782360077,-0.031148480251431465,0.5257514715194702
1812,35.92002487182617,0.5858494639396667,0.5016624927520752,0.17794521152973175,-0.037640102207660675,0.533141016960144
1813,35.92399978637695,0.5830842852592468,0.5002250075340271,0.1779492199420929,-0.0010569249279797077,0.5428226590156555
1814,35.93467712402344,0.5777413249015808,0.49851253628730774,0.17792274057865143,-0.010038242675364017,0.506462812423706
1815,35.933074951171875,0.5773190259933472,0.4997750222682953,0.17791874706745148,-0.030497273430228233,0.5284973978996277
1816,35.92582702636719,0.5717495083808899,0.4994000494480133,0.1779080629348755,-0.007686324417591095,0.5298005938529968
1817,35.92060470581055,0.5928834080696106,0.5017500519752502,0.17793919146060944,0.012305540032684803,0.530495822429657
1818,35.93147659301758,0.5808761119842529,0.4981750249862671,0.17790672183036804,0.000323503278195858,0.5369349122047424
1819,35.929500579833984,0.5653715133666992,0.5001000165939331,0.1779085099697113,-0.01440729945898056,0.5173343420028687
1820,35.932533264160156,0.582633376121521,0.49937501549720764,0.1778973788022995,-0.012526224367320538,0.5395640134811401
1821,35.92941665649414,0.5712785720825195,0.499687522649765,0.1778918206691742,-0.010574648156762123,0.5143200159072876
1822,35.93095397949219,0.5815964937210083,0.5015875101089478,0.17792007327079773,-0.02524392120540142,0.5226974487304688
1823,35.91035461425781,0.5791406631469727,0.5004749894142151,0.17792850732803345,-0.007964490912854671,0.5275089144706726
1824,35.92731857299805,0.5855854153633118,0.4980125427246094,0.17789314687252045,-0.029166800901293755,0.517371416091919
1825,35.932193756103516,0.5697651505470276,0.5025625228881836,0.17793874442577362,-0.02098241075873375,0.5125685334205627
1826,35.937721252441406,0.581098735332489,0.5006375312805176,0.17795009911060333,-0.023584723472595215,0.5302709937095642
1827,35.92544174194336,0.5802168846130371,0.5011374950408936,0.17797033488750458,5.2056671847822145e-05,0.5544730424880981
1828,35.91291809082031,0.5814746022224426,0.5004624724388123,0.17797856032848358,-0.04097261652350426,0.5330334901809692
1829,35.92274856567383,0.5738845467567444,0.5000500082969666,0.1779794543981552,-0.015139707364141941,0.5235860347747803
1830,35.92683029174805,0.5770578384399414,0.5042500495910645,0.17805509269237518,0.006592948455363512,0.5286315679550171
1831,35.93149948120117,0.5775854587554932,0.5019625425338745,0.17809003591537476,-0.025707829743623734,0.5169044733047485
1832,35.92710494995117,0.5819841027259827,0.49752503633499146,0.17804595828056335,-0.004508954472839832,0.5199792981147766
1833,35.92089080810547,0.5761855244636536,0.4983750283718109,0.1780170351266861,-0.034265484660863876,0.5386113524436951
1834,35.922821044921875,0.590208888053894,0.4991750121116638,0.17800234258174896,-0.03733225539326668,0.522799015045166
1835,35.92424392700195,0.5711321234703064,0.5007125735282898,0.17801503837108612,-0.01807394251227379,0.527113676071167
1836,35.92804718017578,0.5790027379989624,0.5024375319480896,0.1780584305524826,-0.014138353057205677,0.520962655544281
1837,35.927696228027344,0.571176290512085,0.5002250075340271,0.17806243896484375,-0.0017077780794352293,0.5199400186538696
1838,35.92634201049805,0.5749467611312866,0.49813753366470337,0.17802926898002625,-0.03441806137561798,0.5230003595352173
1839,35.919349670410156,0.5732058882713318,0.49685004353523254,0.1779731810092926,-0.017659541219472885,0.5305083394050598
1840,35.9323616027832,0.5684810876846313,0.49980005621910095,0.17796963453292847,-0.008301238529384136,0.5141513347625732
1841,35.93006896972656,0.5776400566101074,0.5035375356674194,0.17803260684013367,-0.0009418125846423209,0.5286667346954346
1842,35.92594909667969,0.5719566941261292,0.5012000203132629,0.17805397510528564,-0.023394113406538963,0.5153478980064392
1843,35.92584228515625,0.5738340020179749,0.5000625252723694,0.178055077791214,0.00892169214785099,0.5480598211288452
1844,35.92930221557617,0.5762808322906494,0.5002124905586243,0.17805886268615723,-0.010950945317745209,0.530565083026886
1845,35.92671585083008,0.5735371708869934,0.5002124905586243,0.17806264758110046,0.00992190558463335,0.518691897392273
1846,35.92289733886719,0.5721826553344727,0.49486249685287476,0.17797116935253143,-0.029648432508111,0.5115737915039062
1847,35.93353271484375,0.5729367136955261,0.49637502431869507,0.17790664732456207,-0.04045341536402702,0.5453383922576904
1848,35.921627044677734,0.5714881420135498,0.5017250180244446,0.1779373288154602,0.00866723246872425,0.5268352627754211
1849,35.92792510986328,0.567385733127594,0.5052500367164612,0.17803074419498444,-0.002419624477624893,0.5308593511581421
1850,35.92659378051758,0.5704872608184814,0.4981500208377838,0.17799781262874603,0.0012811267515644431,0.5225091576576233
1851,35.932533264160156,0.5829137563705444,0.49832504987716675,0.17796799540519714,-0.04290224611759186,0.530048668384552
1852,35.92599105834961,0.5682418346405029,0.49857503175735474,0.17794263362884521,0.008116819895803928,0.5114023685455322
1853,35.921966552734375,0.5734491944313049,0.5013875365257263,0.17796732485294342,-0.015859318897128105,0.5363664031028748
1854,35.91454315185547,0.5634352564811707,0.4978625476360321,0.17792928218841553,-0.012483088299632072,0.5214605927467346
1855,35.919334411621094,0.568580687046051,0.4959375262260437,0.17785699665546417,-0.020255757495760918,0.5314393043518066
1856,35.92625045776367,0.5737410187721252,0.5031124949455261,0.17791235446929932,-0.012922828085720539,0.5355119705200195
1857,35.93370056152344,0.567888081073761,0.5010000467300415,0.17793014645576477,-0.0060220262967050076,0.5358117818832397
1858,35.92414855957031,0.5741103887557983,0.4991625249385834,0.17791524529457092,-0.013088060542941093,0.5353103876113892
1859,35.91807174682617,0.5757529735565186,0.4942375421524048,0.17781272530555725,-0.0005977859837003052,0.5068705081939697
1860,35.92416763305664,0.5637755990028381,0.49918752908706665,0.1777982860803604,-0.008177399635314941,0.5267220735549927
1861,35.937408447265625,0.5650620460510254,0.5036625266075134,0.17786340415477753,-0.005282270722091198,0.5350697040557861
1862,35.943077087402344,0.5737804174423218,0.49947500228881836,0.17785406112670898,-0.0017954412614926696,0.5138890147209167
1863,35.9278678894043,0.5678668022155762,0.5030999779701233,0.17790918052196503,-0.03530088812112808,0.5231682658195496
1864,35.92420196533203,0.5654070973396301,0.4956875145435333,0.1778324544429779,-0.004938348662108183,0.5320700407028198
1865,35.92475891113281,0.5692408680915833,0.49951252341270447,0.17782378196716309,-0.008870850317180157,0.5278558135032654
1866,35.93285369873047,0.5639823079109192,0.4966125190258026,0.17776355147361755,-0.029833363369107246,0.5009255409240723
1867,35.92734146118164,0.5758764743804932,0.499812513589859,0.17776021361351013,-0.02530188485980034,0.5212858319282532
1868,35.92373275756836,0.5705643892288208,0.49883756041526794,0.17773954570293427,-0.02274947613477707,0.535636842250824
1869,35.924102783203125,0.5676380395889282,0.4984375238418579,0.17771178483963013,-0.03123479336500168,0.519793689250946
1870,35.92584991455078,0.5673609375953674,0.5019750595092773,0.17774689197540283,-0.0036001026164740324,0.5185185670852661
1871,35.92637634277344,0.5653705596923828,0.502512514591217,0.177791565656662,-0.0339934341609478,0.536592423915863
1872,35.927650451660156,0.5722463130950928,0.49668753147125244,0.1777326762676239,-0.016015877947211266,0.5068871974945068
1873,35.928096771240234,0.5770564675331116,0.5058000683784485,0.17783574759960175,0.004899269435554743,0.5166116952896118
1874,35.93488693237305,0.5758505463600159,0.5002375245094299,0.1778399646282196,0.014742973260581493,0.5407577157020569
1875,35.92451858520508,0.5641094446182251,0.49807503819465637,0.17780572175979614,0.01607120782136917,0.5114679932594299
1876,35.934906005859375,0.570490837097168,0.5004000067710876,0.1778128445148468,0.012367305345833302,0.5316198468208313
1877,35.920230865478516,0.5642566680908203,0.497512549161911,0.17776861786842346,-0.019033441320061684,0.5242718458175659
1878,35.92675018310547,0.5704914331436157,0.5008500218391418,0.17778372764587402,-0.001035596476867795,0.5270802974700928
1879,35.92964172363281,0.5663250684738159,0.5022249817848206,0.1778232753276825,-0.018798355013132095,0.5298087000846863
1880,35.92249298095703,0.5687170028686523,0.5008000135421753,0.17783750593662262,-0.026032160967588425,0.5271704792976379
1881,35.92485427856445,0.5625022053718567,0.5029500126838684,0.17788997292518616,-0.013936993665993214,0.5124015808105469
1882,35.92278289794922,0.569744348526001,0.5008249878883362,0.1779046505689621,-0.011045427061617374,0.5279679894447327
1883,35.93523406982422,0.5584366321563721,0.5021875500679016,0.17794357240200043,-0.01930219493806362,0.5322107672691345
1884,35.92693328857422,0.5624384880065918,0.4995500445365906,0.17793557047843933,-0.035681236535310745,0.5523524880409241
1885,35.92619323730469,0.5724976658821106,0.499750018119812,0.17793112993240356,0.0046005831100046635,0.5194821357727051
1886,35.92399978637695,0.5829654932022095,0.5017125010490417,0.17796160280704498,-0.013087748549878597,0.5251525044441223
1887,35.917999267578125,0.5631278157234192,0.5015000104904175,0.17798829078674316,-0.0007322044693864882,0.544451117515564
1888,35.93584060668945,0.5645663738250732,0.5033000707626343,0.17804701626300812,-0.026463346555829048,0.5171588659286499
1889,35.924652099609375,0.5655640363693237,0.4983375072479248,0.17801742255687714,-0.02284524030983448,0.5066812038421631
1890,35.930580139160156,0.5653902888298035,0.4973750114440918,0.17797069251537323,0.0011937001254409552,0.5003050565719604
1891,35.91997146606445,0.5598734617233276,0.49627500772476196,0.1779043972492218,-0.010167498141527176,0.5142011046409607
1892,35.931365966796875,0.5742285251617432,0.4975625276565552,0.1778610348701477,-0.03070610947906971,0.5185191035270691
1893,35.9265022277832,0.5596786737442017,0.49951252341270447,0.17785236239433289,-0.028953956440091133,0.5208773612976074
1894,35.91715621948242,0.5815163850784302,0.4970875382423401,0.17780056595802307,-0.011523361317813396,0.5340412259101868
1895,35.92871856689453,0.5700387954711914,0.4971875250339508,0.17775055766105652,-0.0066978177055716515,0.5272898077964783
1896,35.92562484741211,0.5614203214645386,0.497700035572052,0.1777096688747406,0.004794861190021038,0.5110498666763306
1897,35.926055908203125,0.5576997995376587,0.5029125213623047,0.17776142060756683,-0.020928720012307167,0.5217072367668152
1898,35.92604064941406,0.5626264810562134,0.5039625763893127,0.17783185839653015,-0.024091115221381187,0.5393379926681519
1899,35.92227554321289,0.5654905438423157,0.4997750520706177,0.1778278648853302,0.006890969816595316,0.5402421355247498
1900,35.92329025268555,0.5595447421073914,0.5000874996185303,0.17782941460609436,-0.018637849017977715,0.509708046913147
1901,35.92192459106445,0.5723059177398682,0.5018250346183777,0.17786186933517456,-0.005720542278140783,0.5314277410507202
1902,35.92400360107422,0.5573838949203491,0.502262532711029,0.17790211737155914,-0.01828363910317421,0.5499358177185059
1903,35.9261360168457,0.5698606371879578,0.5016500353813171,0.17793147265911102,-0.02059171535074711,0.5281599164009094
1904,35.92680740356445,0.5623472332954407,0.49590003490448,0.17785851657390594,0.013261783868074417,0.5090699195861816
1905,35.928218841552734,0.5692253112792969,0.5017500519752502,0.1778896450996399,-0.016954168677330017,0.528735339641571
1906,35.92319869995117,0.5666940212249756,0.4965750277042389,0.17782871425151825,-0.016774287447333336,0.5442049503326416
1907,35.92490768432617,0.5562967658042908,0.5011125206947327,0.17784848809242249,-0.0034079677425324917,0.5073053240776062
1908,35.929534912109375,0.5648449063301086,0.5011625289916992,0.17786915600299835,-0.02275366708636284,0.5303875207901001
1909,35.929405212402344,0.5657932758331299,0.498725026845932,0.17784647643566132,-0.012862655334174633,0.5163413882255554
1910,35.928466796875,0.5674246549606323,0.4993624985218048,0.1778351366519928,-0.02073167823255062,0.5360153317451477
1911,35.92021560668945,0.5646710991859436,0.5002250075340271,0.17783914506435394,-0.015623913146555424,0.5286672115325928
1912,35.92702865600586,0.5637101531028748,0.5036250352859497,0.17790360748767853,0.008283386938273907,0.5313226580619812
1913,35.92933654785156,0.5709025859832764,0.49978750944137573,0.17789983749389648,-0.019798992201685905,0.5304440855979919
1914,35.93301010131836,0.559837818145752,0.49886253476142883,0.17787960171699524,-0.010374724864959717,0.5228798985481262
1915,35.92186737060547,0.5618371367454529,0.5001625418663025,0.17788249254226685,-0.03397330641746521,0.5271363854408264
1916,35.9255485534668,0.5593365430831909,0.49988749623298645,0.17788049578666687,-0.0012827797327190638,0.5078248381614685
1917,35.92869186401367,0.5643587708473206,0.4990375339984894,0.17786337435245514,-0.013928496278822422,0.5394972562789917
1918,35.92661666870117,0.5628519058227539,0.49800002574920654,0.17782780528068542,-0.01411510445177555,0.5370809435844421
1919,35.92880630493164,0.5603955984115601,0.4993624985218048,0.1778164654970169,0.008094836957752705,0.53252112865448
1920,35.920066833496094,0.560992956161499,0.5019625425338745,0.1778513491153717,-0.0027483573649078608,0.5417417287826538
1921,35.922691345214844,0.559641420841217,0.5014875531196594,0.17787781357765198,-0.010342932306230068,0.5418859124183655
1922,35.917293548583984,0.5558932423591614,0.5000750422477722,0.17787915468215942,-0.011621753685176373,0.5137835144996643
1923,35.92450714111328,0.5711461901664734,0.5001875162124634,0.17788247764110565,-0.002287493785843253,0.5219830274581909
1924,35.92241668701172,0.5666532516479492,0.5055500268936157,0.1779812127351761,-0.032035961747169495,0.553384006023407
1925,35.92285919189453,0.5535451769828796,0.49672502279281616,0.17792293429374695,-0.020033562555909157,0.5377417802810669
1926,35.92228698730469,0.5542987585067749,0.4992125332355499,0.17790892720222473,-0.019362691789865494,0.5122957825660706
1927,35.926849365234375,0.5611380934715271,0.5017250180244446,0.17793960869312286,-0.023215346038341522,0.5051165819168091
1928,35.9349250793457,0.5661290287971497,0.49765005707740784,0.17789779603481293,0.00034748698817566037,0.5144671201705933
1929,35.9276123046875,0.5565565228462219,0.4998375177383423,0.17789490520954132,0.012898125685751438,0.5232043266296387
1930,35.932315826416016,0.5558128356933594,0.499625027179718,0.17788822948932648,-0.04154612869024277,0.5345789194107056
1931,35.92196273803711,0.5547676682472229,0.500337541103363,0.1778942346572876,-0.011845658533275127,0.5427886843681335
1932,35.92451477050781,0.5623105764389038,0.5002000331878662,0.17789779603481293,-0.029436586424708366,0.5296617746353149
1933,35.922584533691406,0.5559490919113159,0.49937501549720764,0.17788667976856232,-1.8329620843360317e-06,0.5197857618331909
1934,35.93083190917969,0.5613851547241211,0.4975750148296356,0.17784354090690613,-0.030666662380099297,0.5225287079811096
1935,35.92329025268555,0.5647043585777283,0.5015375018119812,0.17787088453769684,-0.054952409118413925,0.5412216782569885
1936,35.92861557006836,0.5601697564125061,0.5026125311851501,0.17791736125946045,-0.01570470631122589,0.5129581689834595
1937,35.93118667602539,0.5552758574485779,0.49738752841949463,0.17787088453769684,-0.017514104023575783,0.5120130777359009
1938,35.93238830566406,0.5652713775634766,0.5013375282287598,0.1778946816921234,0.013625910505652428,0.5262308716773987
1939,35.938568115234375,0.5547073483467102,0.5044375061988831,0.17797361314296722,-0.011047904379665852,0.5305150747299194
1940,35.922523498535156,0.5571310520172119,0.49682503938674927,0.17791710793972015,-0.04298144206404686,0.520924985408783
1941,35.92477035522461,0.5472956895828247,0.5004875063896179,0.17792578041553497,0.007309005130082369,0.503303050994873
1942,35.925201416015625,0.5557298064231873,0.4995500147342682,0.17791777849197388,0.0020989638287574053,0.5155893564224243
1943,35.940673828125,0.5453305244445801,0.49775001406669617,0.177877739071846,0.0066452049650251865,0.5363458395004272
1944,35.93497848510742,0.5539722442626953,0.49535003304481506,0.17779503762722015,0.01636173017323017,0.5324966311454773
1945,35.92815017700195,0.5674691796302795,0.5031375288963318,0.17785082757472992,-0.03771158680319786,0.5352711081504822
1946,35.93388366699219,0.5610364675521851,0.4992375075817108,0.17783726751804352,-0.01278214156627655,0.5230054259300232
1947,35.927486419677734,0.5624154806137085,0.5029374957084656,0.17788951098918915,-0.016164505854249,0.5206270217895508
1948,35.919586181640625,0.5689484477043152,0.4994625151157379,0.1778799444437027,-0.003273312235251069,0.5174679160118103
1949,35.923309326171875,0.5646231770515442,0.4989375174045563,0.1778610348701477,6.815815140726045e-05,0.5225011110305786
1950,35.921443939208984,0.5499114394187927,0.5030249953269958,0.1779148429632187,-0.018283823505043983,0.537472665309906
1951,35.91973114013672,0.5459195375442505,0.502875030040741,0.17796599864959717,-0.017528217285871506,0.5193048119544983
1952,35.92427444458008,0.5528409481048584,0.5004125237464905,0.17797334492206573,-0.02420276775956154,0.54790860414505
1953,35.932167053222656,0.5637094974517822,0.4982750415802002,0.1779426485300064,-0.017060717567801476,0.5461043119430542
1954,35.929359436035156,0.5559560060501099,0.49881255626678467,0.17792151868343353,-0.023685798048973083,0.493243008852005
1955,35.926231384277344,0.5629656910896301,0.5012375116348267,0.17794352769851685,-0.01540591660887003,0.5332196354866028
1956,35.93203353881836,0.5631906986236572,0.5035500526428223,0.17800669372081757,-0.03378942236304283,0.5304638147354126
1957,35.92475128173828,0.5507706999778748,0.5000125169754028,0.17800690233707428,-0.005347799509763718,0.5283851623535156
1958,35.93349075317383,0.5586808919906616,0.5016750693321228,0.17803671956062317,0.0042943586595356464,0.5386789441108704
1959,35.921566009521484,0.5564237833023071,0.5015125274658203,0.17806364595890045,-0.018256710842251778,0.52224200963974
1960,35.921546936035156,0.543688952922821,0.5013750195503235,0.17808811366558075,-0.011790615506470203,0.5119736194610596
1961,35.924442291259766,0.548999011516571,0.4994250535964966,0.17807787656784058,0.002239018911495805,0.4966341555118561
1962,35.92435073852539,0.5482791662216187,0.49592500925064087,0.17800530791282654,-0.03663543984293938,0.5262420773506165
1963,35.92121887207031,0.5652908086776733,0.4978000223636627,0.1779661476612091,-0.018240725621581078,0.49889621138572693
1964,35.928627014160156,0.5571346879005432,0.49490001797676086,0.17787538468837738,-0.013049007393419743,0.540527880191803
1965,35.9279670715332,0.5519043803215027,0.5052375197410583,0.1779685616493225,-0.020616456866264343,0.5322526693344116
1966,35.92084884643555,0.542984127998352,0.5009750127792358,0.17798592150211334,-0.017249101772904396,0.5515866279602051
1967,35.913387298583984,0.5445384383201599,0.5,0.17798592150211334,-0.009785330854356289,0.5193623304367065
1968,35.92689895629883,0.5639955997467041,0.502762496471405,0.17803508043289185,-0.008434479124844074,0.5168020725250244
1969,35.92300796508789,0.5576154589653015,0.5000625252723694,0.1780361831188202,-0.022966859862208366,0.5193988084793091
1970,35.92898941040039,0.5632868409156799,0.4984000027179718,0.17800770699977875,-0.011495832353830338,0.5204696655273438
1971,35.92397689819336,0.5474478006362915,0.49563753604888916,0.1779300570487976,-0.04496504366397858,0.5278330445289612
1972,35.930931091308594,0.5582259297370911,0.5050875544548035,0.17802058160305023,-0.009548411704599857,0.5363647937774658
1973,35.92880630493164,0.5459278225898743,0.4982500374317169,0.1779894232749939,-0.015269089490175247,0.5131894946098328
1974,35.926673889160156,0.5486616492271423,0.5036250352859497,0.17805394530296326,-0.01258325669914484,0.5308146476745605
1975,35.919586181640625,0.552638590335846,0.5013750195503235,0.17807841300964355,-0.026654426008462906,0.5237091183662415
1976,35.91896057128906,0.5524760484695435,0.5015250444412231,0.17810556292533875,-0.01602618210017681,0.5084542632102966
1977,35.93428421020508,0.5515173673629761,0.4988875091075897,0.17808575928211212,-0.016506105661392212,0.5410118103027344
1978,35.931915283203125,0.5486782193183899,0.4986875355243683,0.17806237936019897,-0.012111528776586056,0.5288976430892944
1979,35.94121170043945,0.5484876036643982,0.5019625425338745,0.17809732258319855,-0.017322979867458344,0.5423182249069214
1980,35.931026458740234,0.5579835772514343,0.4988250434398651,0.17807640135288239,-0.016397031024098396,0.5245189070701599
1981,35.935001373291016,0.5575830340385437,0.5011125206947327,0.178096204996109,0.010026136413216591,0.5210360288619995
1982,35.93304443359375,0.5565454363822937,0.4961250126361847,0.1780271977186203,-0.025729671120643616,0.523836612701416
1983,35.92550277709961,0.5516349077224731,0.5002750754356384,0.17803210020065308,-0.005926548503339291,0.5261799693107605
1984,35.928367614746094,0.5567469596862793,0.503350019454956,0.17809173464775085,-0.0017175684915855527,0.5060455799102783
1985,35.932334899902344,0.5515959858894348,0.4942750334739685,0.17798978090286255,-0.0347917266190052,0.528788685798645
1986,35.924625396728516,0.5546123385429382,0.4966500401496887,0.17793016135692596,-0.025153616443276405,0.5186077952384949
1987,35.924442291259766,0.5402647852897644,0.5018125176429749,0.17796240746974945,-0.015070268884301186,0.5224522352218628
1988,35.92606735229492,0.5469048619270325,0.5009750127792358,0.17797976732254028,-0.027953654527664185,0.5319285988807678
1989,35.9365348815918,0.5570683479309082,0.4992750585079193,0.1779668629169464,-0.009553470648825169,0.5334884524345398
1990,35.93427658081055,0.5501723289489746,0.4984000623226166,0.17793838679790497,-0.00048355921171605587,0.5229749083518982
1991,35.92707443237305,0.5546942949295044,0.5070250630378723,0.17806339263916016,-0.014086704701185226,0.5204305052757263
1992,35.92752456665039,0.5575559735298157,0.4982125461101532,0.1780315637588501,0.010162189602851868,0.5132220387458801
1993,35.93348693847656,0.5425492525100708,0.502037525177002,0.17806783318519592,0.009391764178872108,0.5312244296073914
1994,35.93107223510742,0.5483623147010803,0.5005999803543091,0.1780785173177719,-0.008719575591385365,0.5243951082229614
1995,35.932456970214844,0.5616979002952576,0.5002000331878662,0.17808207869529724,-0.01764245703816414,0.5220646262168884
1996,35.930137634277344,0.5542972087860107,0.5018500089645386,0.17811502516269684,-0.010024006478488445,0.5205764174461365
1997,35.92919158935547,0.5594596862792969,0.49545004963874817,0.1780339777469635,-0.005299175623804331,0.5279878973960876
1998,35.93010711669922,0.5508561134338379,0.49617502093315125,0.17796587944030762,0.00475679524242878,0.5194783210754395
1999,35.92860412597656,0.5504289865493774,0.5020250082015991,0.17800192534923553,0.0012123738415539265,0.5181868672370911
2000,35.92881774902344,0.548673152923584,0.5039000511169434,0.17807134985923767,-0.007210253272205591,0.5151517987251282
2001,35.92838668823242,0.5418253540992737,0.49880000948905945,0.1780499815940857,-0.02429855428636074,0.5129207372665405
2002,35.914695739746094,0.5521114468574524,0.500700056552887,0.17806243896484375,-0.01030805055052042,0.5360591411590576
2003,35.92333221435547,0.5400108695030212,0.4952000081539154,0.17797696590423584,-0.020689398050308228,0.5272275805473328
2004,35.92755126953125,0.5594382882118225,0.5018875598907471,0.17801055312156677,-0.02610280178487301,0.5272113084793091
2005,35.93064880371094,0.549207866191864,0.5006125569343567,0.17802146077156067,-0.009160283021628857,0.5215811729431152
2006,35.92304992675781,0.5594672560691833,0.49916255474090576,0.17800655961036682,-0.01958647556602955,0.5261886715888977
2007,35.92240905761719,0.5474381446838379,0.498787522315979,0.17798498272895813,-0.017964772880077362,0.5237988233566284
2008,35.92287826538086,0.55903559923172,0.5015375018119812,0.17801235616207123,-0.02149135246872902,0.5321086049079895
2009,35.92327117919922,0.5425957441329956,0.5041875243186951,0.17808690667152405,-0.017703881487250328,0.5348427295684814
2010,35.92784881591797,0.543287456035614,0.5002874732017517,0.17809201776981354,-0.021276697516441345,0.518779993057251
2011,35.94071578979492,0.5552667379379272,0.501175045967102,0.1781129539012909,-0.006022281013429165,0.5232516527175903
2012,35.931800842285156,0.543250560760498,0.5001125335693359,0.17811495065689087,-0.027856020256876945,0.5232619643211365
2013,35.92097473144531,0.5525665879249573,0.49855002760887146,0.17808912694454193,-0.01916126348078251,0.5009559988975525
2014,35.936065673828125,0.5535575747489929,0.5036749839782715,0.1781545728445053,0.015452908352017403,0.5333238244056702
2015,35.92694091796875,0.5385677814483643,0.5036749839782715,0.17822004854679108,0.0002281952038174495,0.5170643329620361
2016,35.93244171142578,0.5471994280815125,0.4986250102519989,0.1781955361366272,-0.01468390878289938,0.5334331393241882
2017,35.927371978759766,0.5495839715003967,0.4993875324726105,0.1781846135854721,-0.01867581717669964,0.5303857326507568
2018,35.9240837097168,0.5468397736549377,0.4982750415802002,0.1781538724899292,-0.024442387744784355,0.5344555377960205
2019,35.92401885986328,0.5615651607513428,0.5016750693321228,0.17818370461463928,-0.009910431690514088,0.5288659930229187
2020,35.91622543334961,0.5474649667739868,0.5025375485420227,0.1782289296388626,-0.031322795897722244,0.5220782160758972
2021,35.92729949951172,0.5524016618728638,0.501300036907196,0.17825211584568024,-0.01671142317354679,0.5458128452301025
2022,35.92662048339844,0.5425095558166504,0.5004875063896179,0.17826080322265625,-0.01904715597629547,0.5159469246864319
2023,35.92300796508789,0.5431740283966064,0.49865004420280457,0.17823673784732819,-0.040760915726423264,0.5347444415092468
2024,35.92601776123047,0.5480677485466003,0.4984000623226166,0.17820821702480316,-0.0007443642825819552,0.5285118818283081
2025,35.92131042480469,0.544572651386261,0.4979250133037567,0.17817124724388123,-0.008802997879683971,0.5393539071083069
2026,35.92151641845703,0.5461114048957825,0.49931252002716064,0.17815899848937988,-0.031866706907749176,0.5152426958084106
2027,35.92588424682617,0.5385206937789917,0.502875030040741,0.17821022868156433,-0.01994962804019451,0.5090886354446411
2028,35.92637634277344,0.5422605872154236,0.49795001745224,0.1781737059354782,0.005824892316013575,0.5325964093208313
2029,35.92788314819336,0.533046305179596,0.5003125071525574,0.17817926406860352,0.016824742779135704,0.5241730213165283
2030,35.92369079589844,0.5469942688941956,0.4915125370025635,0.17802803218364716,-0.03461018577218056,0.5382972955703735
2031,35.925941467285156,0.5517048835754395,0.49937501549720764,0.17801690101623535,-0.014822391793131828,0.527655303478241
2032,35.93204116821289,0.5488495230674744,0.4968375563621521,0.177960604429245,0.007917901501059532,0.5302386283874512
2033,35.938907623291016,0.5501699447631836,0.4942375123500824,0.17785805463790894,-0.0012339153327047825,0.5173461437225342
2034,35.929656982421875,0.5512142777442932,0.5010250210762024,0.1778762936592102,-0.024115167558193207,0.5289583802223206
2035,35.919471740722656,0.5364394783973694,0.4995875060558319,0.17786896228790283,-0.025996053591370583,0.5365857481956482
2036,35.92129135131836,0.5363462567329407,0.49717503786087036,0.17781871557235718,-0.02148960344493389,0.522988498210907
2037,35.923851013183594,0.5394359230995178,0.49892500042915344,0.17779959738254547,-0.022024184465408325,0.5398655533790588
2038,35.9320182800293,0.5426753163337708,0.501300036907196,0.17782272398471832,-0.008762860670685768,0.5440049171447754
2039,35.9347038269043,0.553739607334137,0.49806252121925354,0.17778827250003815,-0.03689053654670715,0.5054453611373901
2040,35.93083190917969,0.554328441619873,0.49953752756118774,0.17778004705905914,0.01900457590818405,0.5336896777153015
2041,35.924259185791016,0.5506872534751892,0.4968875050544739,0.1777247190475464,-0.012146426364779472,0.5362018942832947
2042,35.91826248168945,0.5395206809043884,0.49768751859664917,0.17768362164497375,-0.005748784635215998,0.5218462944030762
2043,35.93052673339844,0.5410160422325134,0.499750018119812,0.177679181098938,-0.019621290266513824,0.5211614370346069
2044,35.927391052246094,0.5493565201759338,0.5015625357627869,0.17770694196224213,-0.015116335824131966,0.5300591588020325
2045,35.92095184326172,0.5361773371696472,0.5008875131607056,0.17772270739078522,0.006333738565444946,0.5240910649299622
2046,35.91852569580078,0.5420448184013367,0.5012625455856323,0.17774514853954315,-0.014769237488508224,0.5277963876724243
2047,35.925331115722656,0.5410907864570618,0.49506253004074097,0.1776573807001114,-0.02410600148141384,0.5209505558013916
2048,35.9281005859375,0.54298996925354,0.5041875243186951,0.17773178219795227,-0.00044920947402715683,0.5267585515975952
2049,35.929325103759766,0.5556407570838928,0.5018750429153442,0.1777651160955429,0.00320029747672379,0.5220692157745361
2050,35.92657470703125,0.5496900081634521,0.5030250549316406,0.1778188943862915,0.0043778023682534695,0.5366178750991821
2051,35.931583404541016,0.5454594492912292,0.49648749828338623,0.1777564287185669,-0.026470132172107697,0.5242598652839661
2052,35.92851638793945,0.5434991121292114,0.5025625228881836,0.1778019815683365,-0.012679909355938435,0.5145909190177917
2053,35.92966842651367,0.5436522960662842,0.4960750341415405,0.1777321994304657,-0.034025389701128006,0.5103437304496765
2054,35.93614959716797,0.5423787832260132,0.4996125102043152,0.17772531509399414,-0.018562693148851395,0.5187802910804749
2055,35.929100036621094,0.5348759889602661,0.4962500333786011,0.17765867710113525,-0.005342566873878241,0.5164070725440979
2056,35.92700958251953,0.5421854853630066,0.5033125281333923,0.17771753668785095,-0.020423512905836105,0.5223315954208374
2057,35.92290115356445,0.5461906790733337,0.49701252579689026,0.17766444385051727,-0.024509238079190254,0.5243123769760132
2058,35.93434524536133,0.542179524898529,0.5002375245094299,0.17766866087913513,-0.022308722138404846,0.5390843152999878
2059,35.932518005371094,0.5454515218734741,0.49773749709129333,0.17762845754623413,0.013106158003211021,0.5100619196891785
2060,35.918609619140625,0.5528766512870789,0.5006250143051147,0.17763955891132355,-0.003415107959881425,0.5337777733802795
2061,35.91975784301758,0.5493945479393005,0.5005500316619873,0.17764931917190552,-0.0016010771505534649,0.5324865579605103
2062,35.92576599121094,0.5457721948623657,0.5053250193595886,0.17774391174316406,0.0011238327715545893,0.5349463820457458
2063,35.929603576660156,0.5448436141014099,0.4961375296115875,0.177675262093544,-0.02170347236096859,0.5175519585609436
2064,35.92716598510742,0.539135754108429,0.5008375644683838,0.17769014835357666,-0.019513515755534172,0.5319628715515137
2065,35.92191696166992,0.5486084818840027,0.5002500414848328,0.17769460380077362,-0.02610774151980877,0.5312725901603699
2066,35.91690444946289,0.5377218127250671,0.4963500201702118,0.1776297390460968,-0.016689904034137726,0.5318538546562195
2067,35.93665313720703,0.553422212600708,0.5014125108718872,0.17765483260154724,-0.011192423291504383,0.5156475305557251
2068,35.929656982421875,0.5464460849761963,0.4987250566482544,0.1776321828365326,0.0005919485120102763,0.50820392370224
2069,35.920509338378906,0.5347318053245544,0.5024000406265259,0.1776748150587082,-0.007020329590886831,0.5279214978218079
2070,35.915245056152344,0.5405734777450562,0.5025625228881836,0.1777203530073166,-0.02383364923298359,0.5254749059677124
2071,35.927001953125,0.5390334129333496,0.5010375380516052,0.17773878574371338,-0.011672798544168472,0.5231650471687317
2072,35.928951263427734,0.5384425520896912,0.5003500580787659,0.1777450144290924,-0.008383020758628845,0.5199100375175476
2073,35.93441390991211,0.5377528667449951,0.49828749895095825,0.17771457135677338,-0.01615537703037262,0.5254856944084167
2074,35.92522048950195,0.5392796397209167,0.499875009059906,0.1777123510837555,-0.01376482006162405,0.5174461603164673
2075,35.921424865722656,0.537768542766571,0.4996500313282013,0.17770613729953766,-0.017467409372329712,0.5308893918991089
2076,35.91881561279297,0.5466122031211853,0.5041875243186951,0.17778055369853973,-0.00699587119743228,0.5173746347427368
2077,35.93185806274414,0.5368994474411011,0.49572503566741943,0.1777045577764511,-0.04447448253631592,0.5256981253623962
2078,35.92910385131836,0.5404200553894043,0.49563753604888916,0.17762704193592072,-0.002903178334236145,0.5208328366279602
2079,35.92676544189453,0.53189617395401,0.5035874843597412,0.1776907593011856,-0.021083148196339607,0.5216280221939087
2080,35.925575256347656,0.537324845790863,0.5006750226020813,0.17770275473594666,0.013776381500065327,0.5344007015228271
2081,35.94036865234375,0.547197699546814,0.5019750595092773,0.17773786187171936,-0.02381335012614727,0.5186483263969421
2082,35.926143646240234,0.5401535034179688,0.5031375288963318,0.17779362201690674,0.009168396703898907,0.5127395391464233
2083,35.934715270996094,0.5218240022659302,0.4947250187397003,0.17769983410835266,-0.020524416118860245,0.4893944561481476
2084,35.91693878173828,0.5326169729232788,0.5001624822616577,0.17770271003246307,-0.010777391493320465,0.4847223162651062
2085,35.93135070800781,0.5345941185951233,0.49870002269744873,0.1776796132326126,0.0036985990591347218,0.5090491771697998
2086,35.93145751953125,0.5431630611419678,0.5017375349998474,0.17771048843860626,0.0038001176435500383,0.5115681886672974
2087,35.92375946044922,0.5426177382469177,0.5011875033378601,0.17773158848285675,-0.018337879329919815,0.5264638066291809
2088,35.927433013916016,0.5376850366592407,0.5024875402450562,0.1777758002281189,-0.013654069975018501,0.5088614225387573
2089,35.92365646362305,0.5364817380905151,0.5,0.1777758002281189,-0.005081677809357643,0.5176795721054077
2090,35.92661666870117,0.5403679013252258,0.5017125010490417,0.17780625820159912,-0.023180615156888962,0.5280102491378784
2091,35.92167282104492,0.5440326929092407,0.5031125545501709,0.17786160111427307,0.004757978022098541,0.5438778400421143
2092,35.92816162109375,0.5420642495155334,0.49835002422332764,0.17783226072788239,-0.01128096878528595,0.5280740857124329
2093,35.92570877075195,0.5433223247528076,0.5037875175476074,0.17789961397647858,-0.025363778695464134,0.5084850192070007
2094,35.93084716796875,0.5434290170669556,0.4993625283241272,0.17788827419281006,-0.01843756064772606,0.5212349891662598
2095,35.92748260498047,0.5347528457641602,0.5046250224113464,0.17797055840492249,0.008524456061422825,0.5442134737968445
2096,35.921817779541016,0.5507060289382935,0.501175045967102,0.17799147963523865,-0.015286765061318874,0.5520315170288086
2097,35.924617767333984,0.5363215208053589,0.5000500679016113,0.17799237370491028,0.002470628824084997,0.5329495072364807
2098,35.93507385253906,0.5449771285057068,0.5020875334739685,0.17802952229976654,-0.013282589614391327,0.5140087008476257
2099,35.92348861694336,0.5445569753646851,0.49867504835128784,0.17800593376159668,0.016493625938892365,0.521532416343689
2100,35.921875,0.5491331815719604,0.4990750253200531,0.17798946797847748,-0.011956491507589817,0.5347999930381775
2101,35.92601776123047,0.542580246925354,0.49861252307891846,0.17796477675437927,-0.022580627351999283,0.5121411085128784
2102,35.92840576171875,0.5286557674407959,0.4985000193119049,0.1779380738735199,-0.02255460061132908,0.5163723230361938
2103,35.931217193603516,0.539646565914154,0.49800002574920654,0.177902489900589,-0.011452949605882168,0.5553803443908691
2104,35.919830322265625,0.5352562069892883,0.499099999666214,0.1778864711523056,-0.006852687802165747,0.5393504500389099
2105,35.924068450927734,0.5378454327583313,0.5006375312805176,0.17789781093597412,0.00861551333218813,0.5166002511978149
2106,35.92384719848633,0.5361619591712952,0.4993624985218048,0.1778864711523056,-0.01756482757627964,0.5223234295845032
2107,35.92029571533203,0.5378782749176025,0.5030625462532043,0.1779409497976303,-0.015687551349401474,0.534887969493866
2108,35.92084884643555,0.5398057103157043,0.5008875131607056,0.1779567301273346,0.013516401872038841,0.5215609669685364
2109,35.93509292602539,0.5269400477409363,0.5030249953269958,0.17801056802272797,-0.00654979282990098,0.5373099446296692
2110,35.92585754394531,0.5305271744728088,0.4980125427246094,0.17797519266605377,-0.0074491435661911964,0.5330638289451599
2111,35.925384521484375,0.5384443402290344,0.49980005621910095,0.17797164618968964,-0.015721119940280914,0.5318349599838257
2112,35.919593811035156,0.5437544584274292,0.4989375174045563,0.17795273661613464,-0.04073860123753548,0.5509099960327148
2113,35.92635726928711,0.531848669052124,0.49998751282691956,0.17795251309871674,0.01416091900318861,0.5257591605186462
2114,35.9271354675293,0.5356887578964233,0.5013875365257263,0.17797720432281494,-0.021157436072826385,0.5292661786079407
2115,35.92338562011719,0.524730920791626,0.5016999840736389,0.17800745368003845,-0.0031511953566223383,0.515999436378479
2116,35.9306755065918,0.5323472023010254,0.49988752603530884,0.17800544202327728,-0.007560569327324629,0.523097813129425
2117,35.92947006225586,0.5374266505241394,0.5011125206947327,0.1780252456665039,-0.024397674947977066,0.5505484342575073
2118,35.92525863647461,0.5418511629104614,0.5017000436782837,0.1780555099248886,0.005480142775923014,0.5142183899879456
2119,35.93095397949219,0.5267515182495117,0.49672502279281616,0.17799720168113708,-0.007441419642418623,0.5099413990974426
2120,35.93607711791992,0.5360336303710938,0.5001625418663025,0.1780000925064087,-0.012176426127552986,0.5227659940719604
2121,35.924293518066406,0.5299777388572693,0.49902504682540894,0.17798273265361786,-0.002480954397469759,0.520173966884613
2122,35.92018508911133,0.5331969857215881,0.5050625205039978,0.17807283997535706,-0.02563527040183544,0.5670763254165649
2123,35.92791748046875,0.5430258512496948,0.4990749955177307,0.17805637419223785,-0.004704365041106939,0.5122507214546204
2124,35.931968688964844,0.5278614163398743,0.49931252002716064,0.1780441403388977,0.0027372990734875202,0.5104491710662842
2125,35.931175231933594,0.5450606346130371,0.499625027179718,0.17803746461868286,-0.008142977952957153,0.5241838097572327
2126,35.925941467285156,0.534528374671936,0.49851253628730774,0.1780109703540802,-0.006935149896889925,0.5227213501930237
2127,35.91444396972656,0.5257129669189453,0.502375066280365,0.17805324494838715,-0.0106893889605999,0.5383043885231018
2128,35.92689514160156,0.5317160487174988,0.5028875470161438,0.17810465395450592,-0.011701283045113087,0.5323607325553894
2129,35.93284225463867,0.5219448208808899,0.49512502551078796,0.17801782488822937,-0.025869647040963173,0.5310997366905212
2130,35.92161560058594,0.5296302437782288,0.5011625289916992,0.17803852260112762,-0.032729409635066986,0.5335371494293213
2131,35.92549514770508,0.5388990044593811,0.5002874732017517,0.17804363369941711,-0.013693672604858875,0.5303685069084167
2132,35.919742584228516,0.5412626266479492,0.500337541103363,0.17804963886737823,-0.04334784299135208,0.5330085754394531
2133,35.92640686035156,0.5324113965034485,0.499625027179718,0.1780429631471634,0.0136692700907588,0.5210750699043274
2134,35.92111587524414,0.5275997519493103,0.49738752841949463,0.1779964566230774,-0.026050668209791183,0.5407476425170898
2135,35.928550720214844,0.5361127257347107,0.5002250075340271,0.17800046503543854,0.004868829622864723,0.5437137484550476
2136,35.93009948730469,0.5314313769340515,0.49867501854896545,0.17797687649726868,-0.03597191348671913,0.5521749258041382
2137,35.92359161376953,0.5339157581329346,0.501675009727478,0.17800667881965637,-0.003995876293629408,0.5461097955703735
2138,35.91940689086914,0.5357154607772827,0.5010499954223633,0.17802537977695465,0.015795012935996056,0.5039796233177185
2139,35.92626190185547,0.5264167785644531,0.5011500120162964,0.178045853972435,-0.03229210525751114,0.5082316398620605
2140,35.929359436035156,0.5458725690841675,0.5041500329971313,0.1781197339296341,-0.009728542529046535,0.5456961989402771
2141,35.92798614501953,0.5360785722732544,0.5043250322341919,0.1781967729330063,0.014449219219386578,0.5162857174873352
2142,35.92560958862305,0.534938395023346,0.4983750283718109,0.17816781997680664,-0.01370707806199789,0.5221052169799805
2143,35.919776916503906,0.5404292941093445,0.5033250451087952,0.17822705209255219,-0.023891054093837738,0.5296193361282349
2144,35.924068450927734,0.5401037335395813,0.4988750219345093,0.17820701003074646,-0.02093803696334362,0.5310346484184265
2145,35.92384338378906,0.535089910030365,0.4972500205039978,0.1781580001115799,-0.031812626868486404,0.5246303081512451
2146,35.921958923339844,0.5238171815872192,0.49410003423690796,0.1780528873205185,-0.018225129693746567,0.5388815999031067
2147,35.928443908691406,0.5264415740966797,0.4969750642776489,0.17799903452396393,-0.02009115368127823,0.5233622193336487
2148,35.92485427856445,0.5268017649650574,0.5031625032424927,0.17805533111095428,0.0009807468159124255,0.5112980604171753
2149,35.9287223815918,0.5353979468345642,0.5008875131607056,0.17807112634181976,-0.013592983596026897,0.516477108001709
2150,35.932533264160156,0.5306450724601746,0.49662503600120544,0.17801102995872498,0.011621013283729553,0.5062772631645203
2151,35.92307662963867,0.5369657278060913,0.49832504987716675,0.1779812127351761,-0.024512162432074547,0.5104583501815796
2152,35.920860290527344,0.5319808125495911,0.49966248869895935,0.17797520756721497,0.0035889011342078447,0.5213895440101624
2153,35.93279266357422,0.5326442718505859,0.49713751673698425,0.1779242604970932,-0.027102654799818993,0.49417686462402344
2154,35.93013381958008,0.5271739959716797,0.4999375343322754,0.17792314291000366,-0.047241754829883575,0.5164796710014343
2155,35.927574157714844,0.533793568611145,0.4989750385284424,0.1779049038887024,0.013153481297194958,0.5228308439254761
2156,35.920677185058594,0.519406795501709,0.5002999901771545,0.17791025340557098,-0.0033122191671282053,0.5131180286407471
2157,35.93162536621094,0.5357598662376404,0.4964750409126282,0.17784753441810608,0.008254995569586754,0.5240601897239685
2158,35.92729187011719,0.5192489624023438,0.5006000399589539,0.17785820364952087,0.008610382676124573,0.5427217483520508
2159,35.924224853515625,0.5427764058113098,0.5000500679016113,0.1778590977191925,-0.015237771905958652,0.5139941573143005
2160,35.933837890625,0.5377322435379028,0.5073750615119934,0.17799027264118195,-0.0018043938325718045,0.5417430996894836
2161,35.92063522338867,0.5185706615447998,0.4985499978065491,0.1779644638299942,-0.020005403086543083,0.5343602895736694
2162,35.92282485961914,0.529315710067749,0.5029000639915466,0.1780160814523697,-0.007236740551888943,0.5525874495506287
2163,35.92720031738281,0.5211976170539856,0.49896252155303955,0.17799760401248932,-0.0089240288361907,0.5062173008918762
2164,35.92774200439453,0.5324658751487732,0.5004750490188599,0.17800605297088623,-0.005272888578474522,0.5229368805885315
2165,35.92694854736328,0.5387099981307983,0.4997500479221344,0.17800161242485046,-0.03164629265666008,0.5244425535202026
2166,35.92266845703125,0.5322754979133606,0.5006000399589539,0.17801228165626526,-0.012405714020133018,0.5448390245437622
2167,35.92456817626953,0.5244566202163696,0.49477505683898926,0.17791926860809326,-0.01123872771859169,0.5162108540534973
2168,35.937503814697266,0.5363947749137878,0.5015375018119812,0.17794662714004517,-0.02197410725057125,0.524013876914978
2169,35.93074035644531,0.5350908637046814,0.5005125403404236,0.1779557466506958,-0.026337208226323128,0.5332601070404053
2170,35.92856216430664,0.5258305072784424,0.4996500313282013,0.17794951796531677,-0.038757745176553726,0.5277984142303467
2171,35.92045974731445,0.536710798740387,0.49857503175735474,0.17792415618896484,-0.013656901195645332,0.5258727669715881
2172,35.93115997314453,0.5342003107070923,0.5025250315666199,0.1779690831899643,-0.024599358439445496,0.5191550850868225
2173,35.93034362792969,0.5227715373039246,0.49982503056526184,0.17796596884727478,-0.011490069329738617,0.5126460790634155
2174,35.92264175415039,0.5154049396514893,0.49383753538131714,0.17785629630088806,0.0024511113297194242,0.5128886699676514
2175,35.92150115966797,0.5232119560241699,0.5054000020027161,0.1779523491859436,-0.009406263940036297,0.5522896647453308
2176,35.92471694946289,0.5349557995796204,0.49800002574920654,0.1779167652130127,0.0011529589537531137,0.5271694660186768
2177,35.923702239990234,0.5289779901504517,0.4967750310897827,0.1778593808412552,-0.041388947516679764,0.523780345916748
2178,35.943275451660156,0.5316860675811768,0.498012512922287,0.17782403528690338,0.0005145692848600447,0.5430127382278442
2179,35.93031692504883,0.525018036365509,0.5022000670433044,0.17786316573619843,-0.019182242453098297,0.5311638116836548
2180,35.92798614501953,0.5291213393211365,0.5046000480651855,0.17794498801231384,-0.0027649165131151676,0.5334568023681641
2181,35.920623779296875,0.5283613801002502,0.497825026512146,0.17790628969669342,-0.012417479418218136,0.5281797051429749
2182,35.91959762573242,0.522411584854126,0.49886253476142883,0.17788605391979218,-0.036258384585380554,0.5051069259643555
2183,35.935791015625,0.5407074689865112,0.4986875355243683,0.17786270380020142,-0.026537900790572166,0.49688705801963806
2184,35.9279670715332,0.5420523881912231,0.5018625855445862,0.17789582908153534,-0.017017941921949387,0.5269883275032043
2185,35.91730880737305,0.5282957553863525,0.499500036239624,0.1778869330883026,-0.02353697642683983,0.5160659551620483
2186,35.92694091796875,0.5311873555183411,0.4995250105857849,0.1778784841299057,0.00043432333040982485,0.5479985475540161
2187,35.934226989746094,0.5269057154655457,0.49627503752708435,0.17781223356723785,-0.017812320962548256,0.5234714150428772
2188,35.936336517333984,0.5287212133407593,0.4983125329017639,0.17778222262859344,0.010857117362320423,0.5259611010551453
2189,35.92515563964844,0.5200860500335693,0.4997375011444092,0.17777755856513977,-0.010872412472963333,0.5331451892852783
2190,35.9196662902832,0.5209628939628601,0.49371251463890076,0.17766577005386353,-0.014630558900535107,0.524101734161377
2191,35.92626953125,0.5256752371788025,0.499500036239624,0.177656888961792,-0.0335015133023262,0.5153109431266785
2192,35.93000793457031,0.5188588500022888,0.5061500668525696,0.17776614427566528,-0.00517108291387558,0.5429456233978271
2193,35.938316345214844,0.5270350575447083,0.4997250437736511,0.1777612566947937,-0.017410196363925934,0.5178637504577637
2194,35.93098449707031,0.5199835300445557,0.5014375448226929,0.17778681218624115,-0.016274096444249153,0.5282898545265198
2195,35.92671585083008,0.5321922302246094,0.49966251850128174,0.17778080701828003,-0.02067076601088047,0.5311921238899231
2196,35.9261589050293,0.5197691321372986,0.4982375204563141,0.17774946987628937,-0.02006891928613186,0.5217768549919128
2197,35.93819046020508,0.531681478023529,0.5005250573158264,0.17775879800319672,-0.019087791442871094,0.5265498161315918
2198,35.93130874633789,0.5173798203468323,0.5008749961853027,0.1777743548154831,-0.02195608615875244,0.5321177840232849
2199,35.936241149902344,0.5217747092247009,0.5003750324249268,0.17778103053569794,0.007737365085631609,0.5242773294448853
2200,35.91962432861328,0.538446307182312,0.5001625418663025,0.17778390645980835,0.00462570134550333,0.5299986004829407
2201,35.92113494873047,0.5245893597602844,0.5010875463485718,0.17780323326587677,-0.020510749891400337,0.533136785030365
2202,35.93166732788086,0.5178667306900024,0.5026125311851501,0.1778496950864792,-0.0230109766125679,0.5527281761169434
2203,35.92670822143555,0.5326135754585266,0.5033375024795532,0.17790906131267548,-0.010216264985501766,0.55158531665802
2204,35.922691345214844,0.5255693197250366,0.5058750510215759,0.17801357805728912,-0.020336411893367767,0.5556890368461609
2205,35.921749114990234,0.5264132022857666,0.5029125809669495,0.17806541919708252,-0.01202850230038166,0.5229241847991943
2206,35.920108795166016,0.5213087201118469,0.49918752908706665,0.1780509501695633,0.0011642538011074066,0.5145218968391418
2207,35.925392150878906,0.5237808227539062,0.5003875494003296,0.17805784940719604,-0.010853665880858898,0.5316994786262512
2208,35.927616119384766,0.5300305485725403,0.5010875463485718,0.17807720601558685,-0.01655002310872078,0.5260765552520752
2209,35.92831802368164,0.5295079946517944,0.49748751521110535,0.17803247272968292,-0.0034780376590788364,0.5357149243354797
2210,35.92683410644531,0.5227314233779907,0.4992375075817108,0.17801889777183533,-0.0015453820815309882,0.5331277251243591
2211,35.93187713623047,0.5263437032699585,0.49832504987716675,0.17798908054828644,-0.00331853493116796,0.5359280109405518
2212,35.92551803588867,0.5189321041107178,0.5019000768661499,0.17802290618419647,-0.015870846807956696,0.522255539894104
2213,35.92258834838867,0.5239788889884949,0.5015625357627869,0.17805072665214539,0.019771676510572433,0.5378185510635376
2214,35.92042541503906,0.5172744989395142,0.5015875101089478,0.17807899415493011,-0.00019285870075691491,0.5214868783950806
2215,35.92402648925781,0.5183994770050049,0.49970003962516785,0.17807365953922272,-0.023327870294451714,0.501699686050415
2216,35.93545913696289,0.521926760673523,0.4994875490665436,0.1780645251274109,-0.014295521192252636,0.5270516872406006
2217,35.93397521972656,0.5324515700340271,0.5013499855995178,0.17808856070041656,-0.022927049547433853,0.5321859121322632
2218,35.91637420654297,0.5309277176856995,0.5024250149726868,0.17813174426555634,-0.02194821462035179,0.5151211619377136
2219,35.92754364013672,0.5221651196479797,0.5001750588417053,0.17813485860824585,-0.002583770314231515,0.5070525407791138
2220,35.93019485473633,0.5137372612953186,0.4973750114440918,0.17808809876441956,-0.02600102685391903,0.5212669372558594
2221,35.9416389465332,0.5348791480064392,0.5025374889373779,0.1781332939863205,-0.024044841527938843,0.5183398723602295
2222,35.92142868041992,0.5179129838943481,0.4995250105857849,0.1781248301267624,0.015440386720001698,0.5228663086891174
2223,35.92010498046875,0.5337523221969604,0.49822506308555603,0.17809320986270905,-0.013188055716454983,0.5259924530982971
2224,35.92625427246094,0.519925057888031,0.5000625252723694,0.1780943125486374,-0.025061698630452156,0.5227488875389099
2225,35.92184066772461,0.5118621587753296,0.497762531042099,0.17805446684360504,-0.012078147381544113,0.5455809235572815
2226,35.92937469482422,0.5166463255882263,0.497762531042099,0.1780146211385727,-0.02092578448355198,0.52171391248703
2227,35.92621994018555,0.5255140066146851,0.5024125576019287,0.17805756628513336,0.0024893961381167173,0.5209010243415833
2228,35.924049377441406,0.5201824903488159,0.4991125464439392,0.1780417561531067,-0.011092282831668854,0.5571495294570923
2229,35.91487503051758,0.5286238789558411,0.5053625702857971,0.17813722789287567,-0.016258377581834793,0.5390210151672363
2230,35.92618942260742,0.5337929129600525,0.5013750195503235,0.17816171050071716,0.01111186295747757,0.5243279337882996
2231,35.92470932006836,0.522158145904541,0.4993625283241272,0.17815034091472626,-0.024447744712233543,0.5351139307022095
2232,35.924102783203125,0.5265044569969177,0.5000625252723694,0.1781514436006546,-0.009143106639385223,0.5361160635948181
2233,35.9244384765625,0.5088703632354736,0.4984375238418579,0.1781236082315445,-0.048986054956912994,0.5371535420417786
2234,35.93199920654297,0.5198786854743958,0.4964124858379364,0.17805969715118408,-0.017145076766610146,0.5255905389785767
2235,35.929290771484375,0.5214224457740784,0.49998754262924194,0.17805947363376617,0.02932211570441723,0.519146203994751
2236,35.9249382019043,0.5263189673423767,0.5019625425338745,0.17809441685676575,0.0016517206095159054,0.5235507488250732
2237,35.931724548339844,0.5285046696662903,0.5004875659942627,0.17810310423374176,-0.003442518413066864,0.5234055519104004
2238,35.91476821899414,0.5155001878738403,0.5003000497817993,0.17810845375061035,-0.02277120016515255,0.5117600560188293
2239,35.92701721191406,0.5239721536636353,0.5040500164031982,0.17818057537078857,-0.02194659225642681,0.5264875888824463
2240,35.92765808105469,0.5097728371620178,0.4995250105857849,0.17817211151123047,0.002076014643535018,0.5428386926651001
2241,35.91823196411133,0.5237412452697754,0.49951252341270447,0.17816342413425446,-0.00442989356815815,0.5241910815238953
2242,35.924652099609375,0.5148665904998779,0.49771255254745483,0.17812266945838928,-0.021936535835266113,0.5282843708992004
2243,35.927703857421875,0.5159376859664917,0.4949750006198883,0.17803315818309784,-0.004592806100845337,0.5331721305847168
2244,35.930782318115234,0.5171891450881958,0.49990004301071167,0.17803137004375458,-0.025871641933918,0.5337023735046387
2245,35.9290885925293,0.5271725654602051,0.5015375018119812,0.17805874347686768,-0.006540254689753056,0.5354145169258118
2246,35.9271240234375,0.523152232170105,0.50204998254776,0.1780952513217926,-0.003638029098510742,0.5336391925811768
2247,35.93619155883789,0.5190002918243408,0.4971250295639038,0.17804405093193054,-0.0065336343832314014,0.5202853679656982
2248,35.93838119506836,0.5156316161155701,0.49621251225471497,0.17797662317752838,0.015502385795116425,0.5173488259315491
2249,35.92285919189453,0.5167620182037354,0.49713751673698425,0.17792567610740662,-0.024511681869626045,0.5366508960723877
2250,35.92430114746094,0.5382792353630066,0.49941253662109375,0.17791521549224854,-0.00901541206985712,0.5058643221855164
2251,35.92718505859375,0.5263198614120483,0.49953752756118774,0.17790699005126953,-0.008382248692214489,0.5175774097442627
2252,35.94179153442383,0.5307693481445312,0.5020125508308411,0.17794278264045715,-0.02134339138865471,0.5220623016357422
2253,35.93441390991211,0.5286417007446289,0.49943751096725464,0.1779327690601349,-0.028516419231891632,0.5213268399238586
2254,35.92920684814453,0.5214026570320129,0.50166255235672,0.17796236276626587,-0.01626744493842125,0.5373979210853577
2255,35.92743682861328,0.5413792133331299,0.49992501735687256,0.17796102166175842,-0.018983256071805954,0.5027580261230469
2256,35.93165588378906,0.5208262205123901,0.49681252241134644,0.17790429294109344,0.004401030018925667,0.5361694693565369
2257,35.93674850463867,0.5229440927505493,0.5000125169754028,0.17790450155735016,-0.0074967388063669205,0.5157056450843811
2258,35.934303283691406,0.5158193707466125,0.5011000037193298,0.17792408168315887,0.0019449201645329595,0.5349617004394531
2259,35.92318344116211,0.5389118194580078,0.4988750219345093,0.17790406942367554,0.003250159788876772,0.5348555445671082
2260,35.91713333129883,0.5247498750686646,0.5013625025749207,0.17792831361293793,-0.031118163838982582,0.5269030332565308
2261,35.92867660522461,0.5211629867553711,0.4981750249862671,0.17789584398269653,-0.002144261496141553,0.5197331309318542
2262,35.93341827392578,0.5302689075469971,0.5015625357627869,0.17792364954948425,-0.014726672321557999,0.5479329824447632
2263,35.91734313964844,0.5131505727767944,0.49742501974105835,0.17787782847881317,-0.011924278922379017,0.5186364650726318
2264,35.925567626953125,0.522567629814148,0.503125011920929,0.17793340981006622,0.010020041838288307,0.5468457937240601
2265,35.92845916748047,0.5126474499702454,0.4982375204563141,0.17790204286575317,0.013729946687817574,0.5275489091873169
2266,35.92076110839844,0.5150509476661682,0.5010125637054443,0.17792004346847534,2.3435593902831897e-05,0.5327928066253662
2267,35.9296989440918,0.5186067223548889,0.4999125301837921,0.17791847884655,-0.0018017293186858296,0.5418199300765991
2268,35.927974700927734,0.5214704871177673,0.4984875023365021,0.1778915673494339,-0.015890736132860184,0.5193669199943542
2269,35.92438888549805,0.5149695873260498,0.5043624639511108,0.17796918749809265,-0.035294417291879654,0.5303817987442017
2270,35.92995071411133,0.5104281902313232,0.4980875253677368,0.1779351532459259,-0.015280304476618767,0.5220407247543335
2271,35.93208312988281,0.5218325853347778,0.495962530374527,0.17786331474781036,-0.01616322062909603,0.5237507224082947
2272,35.92753601074219,0.528800368309021,0.5005249977111816,0.1778726428747177,-0.006790960673242807,0.5160617232322693
2273,35.92353057861328,0.5206904411315918,0.5006375312805176,0.17788398265838623,-0.04538465291261673,0.5309982299804688
2274,35.921234130859375,0.5087381601333618,0.497762531042099,0.17784418165683746,-0.0022717525716871023,0.5253726243972778
2275,35.922393798828125,0.5199491381645203,0.5016375184059143,0.17787331342697144,0.0003172640863340348,0.5295557379722595
2276,35.922157287597656,0.5053775906562805,0.5003125071525574,0.17787887156009674,-0.0469500906765461,0.5198457837104797
2277,35.915218353271484,0.5240928530693054,0.49988752603530884,0.17787687480449677,-0.020047910511493683,0.5140301585197449
2278,35.92056655883789,0.5091232657432556,0.4972250461578369,0.17782750725746155,-0.007654760032892227,0.5276268124580383
2279,35.928062438964844,0.5249960422515869,0.5052500367164612,0.177920863032341,-0.005379499867558479,0.513412356376648
2280,35.92954635620117,0.5106416940689087,0.4989500343799591,0.17790217697620392,-0.032014429569244385,0.5027318596839905
2281,35.92304611206055,0.515079140663147,0.49855002760887146,0.17787638306617737,-0.0005072441417723894,0.5152411460876465
2282,35.93446731567383,0.5168107748031616,0.5034124851226807,0.1779370903968811,0.0038537299260497093,0.5267943143844604
2283,35.931793212890625,0.5128612518310547,0.50166255235672,0.17796668410301208,-0.019313622266054153,0.5470690131187439
2284,35.91904067993164,0.5034897923469543,0.5026749968528748,0.17801429331302643,0.006569427438080311,0.5389999151229858
2285,35.9269905090332,0.5062988996505737,0.5008749961853027,0.178029865026474,0.0054960730485618114,0.5235690474510193
2286,35.92967987060547,0.5069742202758789,0.5004875063896179,0.17803855240345,0.016626525670289993,0.5263569355010986
2287,35.93586349487305,0.5091816186904907,0.4982500672340393,0.17800739407539368,-0.014760897494852543,0.5291059613227844
2288,35.922061920166016,0.5129132866859436,0.5011625289916992,0.17802807688713074,-0.02138238027691841,0.5326132774353027
2289,35.91707229614258,0.5172968506813049,0.4994499981403351,0.17801828682422638,0.011546631343662739,0.49669286608695984
2290,35.92226028442383,0.5074145197868347,0.4979500472545624,0.17798179388046265,-0.022049643099308014,0.5039690136909485
2291,35.93238067626953,0.51653653383255,0.5014875531196594,0.1780082732439041,-0.004169059917330742,0.527179479598999
2292,35.930423736572266,0.5186118483543396,0.49783751368522644,0.1779697835445404,-0.009980940259993076,0.517351508140564
2293,35.9262580871582,0.5240699052810669,0.4960625171661377,0.17789970338344574,0.004093645140528679,0.5226926207542419
2294,35.928466796875,0.5260902047157288,0.499625027179718,0.1778930276632309,-0.015279976651072502,0.5123969912528992
2295,35.93147659301758,0.507026731967926,0.5052000284194946,0.1779855340719223,0.016610056161880493,0.5533164739608765
2296,35.93302536010742,0.5155763626098633,0.5025750398635864,0.17803137004375458,-0.01233829278498888,0.5174330472946167
2297,35.923011779785156,0.5092368125915527,0.49947500228881836,0.17802202701568604,-0.0017520609544590116,0.5224431753158569
2298,35.92399978637695,0.5119255781173706,0.49733754992485046,0.1779746264219284,-0.03219219297170639,0.5050956606864929
2299,35.92144775390625,0.5116937756538391,0.49505001306533813,0.17788653075695038,0.0006243229145184159,0.5312753915786743
2300,35.92888641357422,0.5181766748428345,0.4967750608921051,0.17782916128635406,-0.0009887514170259237,0.5170280337333679
2301,35.93018341064453,0.5131621360778809,0.4995500147342682,0.17782115936279297,-0.029739148914813995,0.5172443389892578
2302,35.924217224121094,0.5219022035598755,0.501075029373169,0.17784027755260468,-0.011967874132096767,0.5189939141273499
2303,35.92637252807617,0.5117963552474976,0.4995875060558319,0.1778329461812973,0.0018583053024485707,0.517383873462677
2304,35.92695999145508,0.4996027946472168,0.49867501854896545,0.17780938744544983,6.320953616523184e-06,0.5158376693725586
2305,35.923484802246094,0.5132709741592407,0.4980875551700592,0.17777538299560547,0.006715651601552963,0.5111474990844727
2306,35.92208480834961,0.5193225741386414,0.4984625577926636,0.17774805426597595,-0.027747638523578644,0.5283533930778503
2307,35.9261474609375,0.5034600496292114,0.49896252155303955,0.17772960662841797,-0.0326075553894043,0.514063835144043
2308,35.92124557495117,0.5131927132606506,0.49818751215934753,0.17769739031791687,-0.024265557527542114,0.5312857031822205
2309,35.926612854003906,0.5089741349220276,0.49865004420280457,0.17767339944839478,-0.014257477596402168,0.5287188291549683
2310,35.92363357543945,0.5188814401626587,0.49912503361701965,0.1776578575372696,-0.012044302187860012,0.5265214443206787
2311,35.92237091064453,0.5024832487106323,0.4987500011920929,0.17763565480709076,-0.0014723046915605664,0.5313090682029724
2312,35.92012405395508,0.5067709684371948,0.5011000037193298,0.1776552051305771,-0.02457371912896633,0.5341775417327881
2313,35.93285369873047,0.5102245807647705,0.499224990606308,0.17764143645763397,-0.025719359517097473,0.5369884371757507
2314,35.92833709716797,0.5152384042739868,0.5004125833511353,0.17764876782894135,-0.024214722216129303,0.5360007882118225
2315,35.92722702026367,0.5238770842552185,0.5039875507354736,0.1777196079492569,-0.022089336067438126,0.5515717267990112
2316,35.92262649536133,0.5015133023262024,0.5000500082969666,0.17772050201892853,-0.013087291270494461,0.5477709770202637
2317,35.92536544799805,0.5152997970581055,0.503125011920929,0.1777760237455368,-0.0013294096570461988,0.5457121729850769
2318,35.92332458496094,0.510237991809845,0.49937501549720764,0.1777649074792862,0.004774485249072313,0.5510983467102051
2319,35.922000885009766,0.5082595348358154,0.49941250681877136,0.1777544617652893,-0.02825072593986988,0.515721321105957
2320,35.93708419799805,0.5028969645500183,0.4993250370025635,0.17774246633052826,-0.0026917820796370506,0.5096806883811951
2321,35.925960540771484,0.5174871683120728,0.4961250126361847,0.1776735931634903,-0.02381616272032261,0.5152634978294373
2322,35.92436599731445,0.50766921043396,0.49858754873275757,0.17764849960803986,-0.012258200906217098,0.5346700549125671
2323,35.93304443359375,0.5096667408943176,0.5005000233650208,0.1776573657989502,0.035305093973875046,0.5206176042556763
2324,35.92328643798828,0.5049664974212646,0.497762531042099,0.177617609500885,0.0002862200781237334,0.5097097158432007
2325,35.92990493774414,0.508495032787323,0.503250002861023,0.17767532169818878,0.0005547257023863494,0.5144250988960266
2326,35.92521667480469,0.505433976650238,0.4987500309944153,0.17765311896800995,-0.009455072693526745,0.5334396958351135
2327,35.925601959228516,0.5093657970428467,0.5012750625610352,0.1776757836341858,-0.010974022559821606,0.5283104777336121
2328,35.9313850402832,0.5041375756263733,0.5006000399589539,0.1776864379644394,-0.024692319333553314,0.49581459164619446
2329,35.930240631103516,0.5072298049926758,0.5007750391960144,0.1777002066373825,0.0027772104367613792,0.5092395544052124
2330,35.92591857910156,0.5153995752334595,0.4984000027179718,0.17767177522182465,-0.0225989893078804,0.5276276469230652
2331,35.924400329589844,0.5181844830513,0.5025500059127808,0.17771707475185394,-0.010856451466679573,0.5272656679153442
2332,35.921016693115234,0.5165205597877502,0.5028000473976135,0.1777668446302414,-0.01574598252773285,0.5281166434288025
2333,35.93244934082031,0.5127399563789368,0.5014125108718872,0.17779195308685303,-0.03435618057847023,0.5230422616004944
2334,35.9224739074707,0.512538731098175,0.5003499984741211,0.17779818177223206,0.013016508892178535,0.5385298728942871
2335,35.932334899902344,0.5068101286888123,0.499687522649765,0.17779262363910675,-0.02036971040070057,0.5287617444992065
2336,35.92657470703125,0.5088409185409546,0.5028000473976135,0.1778424084186554,-0.02925819158554077,0.5328254699707031
2337,35.93190002441406,0.5206175446510315,0.501924991607666,0.17787665128707886,0.01315779983997345,0.5211998820304871
2338,35.925994873046875,0.5087947845458984,0.49697500467300415,0.17782284319400787,-0.013090332970023155,0.5306172966957092
2339,35.92270278930664,0.5118517875671387,0.49861255288124084,0.17779816687107086,-0.0012600437039509416,0.5210494995117188
2340,35.921512603759766,0.5083374381065369,0.4977375566959381,0.17775793373584747,0.019659418612718582,0.5155743360519409
2341,35.928932189941406,0.504777193069458,0.5012500286102295,0.1777801662683487,0.00010084248060593382,0.512319803237915
2342,35.925514221191406,0.5073962807655334,0.49897506833076477,0.17776194214820862,-0.0018862439319491386,0.5114496350288391
2343,35.923797607421875,0.5104628205299377,0.5,0.17776194214820862,0.0018904181197285652,0.5443208813667297
2344,35.93175506591797,0.5182223320007324,0.49812501668930054,0.17772860825061798,-0.027649983763694763,0.516746997833252
2345,35.931217193603516,0.5000601410865784,0.5013625621795654,0.17775282263755798,-0.029425112530589104,0.530330240726471
2346,35.930580139160156,0.5158770084381104,0.5026500225067139,0.17779992520809174,-0.0013583250110968947,0.5269939303398132
2347,35.92655944824219,0.5131932497024536,0.49871253967285156,0.17777703702449799,-0.042194072157144547,0.5211526155471802
2348,35.923118591308594,0.5237619876861572,0.49998751282691956,0.17777681350708008,-0.010019853711128235,0.5235192179679871
2349,35.91911697387695,0.5037293434143066,0.5004500150680542,0.17778483033180237,0.0012557068839669228,0.5092774629592896
2350,35.933658599853516,0.5064390897750854,0.4976250231266022,0.177742600440979,-0.019201740622520447,0.4972546696662903
2351,35.93495178222656,0.5153858661651611,0.500462532043457,0.177750825881958,0.012824617326259613,0.5177102088928223
2352,35.92563247680664,0.5132815837860107,0.5002750754356384,0.1777557134628296,-0.01190946251153946,0.531940758228302
2353,35.9302864074707,0.5167535543441772,0.49869999289512634,0.17773260176181793,-0.023845074698328972,0.5369549989700317
2354,35.93126678466797,0.5033601522445679,0.5013250112533569,0.1777561604976654,-0.014994044788181782,0.5253068804740906
2355,35.93022537231445,0.4976542592048645,0.4939500391483307,0.1776486188173294,-0.03208279237151146,0.5069106817245483
2356,35.930419921875,0.4961612820625305,0.4967750310897827,0.17759132385253906,-0.014464558102190495,0.5280306935310364
2357,35.92341613769531,0.49744459986686707,0.5008249878883362,0.17760597169399261,0.0028859798330813646,0.5113880038261414
2358,35.932518005371094,0.5037965178489685,0.49957504868507385,0.17759841680526733,-0.02263510227203369,0.5186547040939331
2359,35.92606735229492,0.5088081359863281,0.5019500255584717,0.17763304710388184,-0.004762902390211821,0.5274465084075928
2360,35.9307746887207,0.506860077381134,0.49953752756118774,0.17762483656406403,-0.00980288814753294,0.537559986114502
2361,35.91875457763672,0.5057492852210999,0.49935007095336914,0.1776133030653,0.004041146486997604,0.5266637206077576
2362,35.92522430419922,0.5091719627380371,0.5010625720024109,0.1776321679353714,-0.010287586599588394,0.5307852029800415
2363,35.9267578125,0.5025488138198853,0.4993250370025635,0.17762018740177155,-0.026489637792110443,0.5305609703063965
2364,35.93130111694336,0.5069630146026611,0.5029625296592712,0.17767280340194702,-0.03214722499251366,0.5352056622505188
2365,35.930633544921875,0.512458086013794,0.5010875463485718,0.17769211530685425,-0.014048516750335693,0.526687502861023
2366,35.91901779174805,0.5022017955780029,0.5029374957084656,0.1777443140745163,-0.024577198550105095,0.5176247954368591
2367,35.926231384277344,0.5030580163002014,0.5020250678062439,0.17778031527996063,-0.03409779444336891,0.5236175656318665
2368,35.927921295166016,0.5196268558502197,0.5034375190734863,0.1778414398431778,-0.03851623088121414,0.5470556616783142
2369,35.921451568603516,0.49076324701309204,0.5020624995231628,0.17787811160087585,-0.017724841833114624,0.5294130444526672
2370,35.92475128173828,0.49774065613746643,0.5013500452041626,0.17790211737155914,0.019680868834257126,0.49936071038246155
2371,35.9213752746582,0.5000612735748291,0.5013999938964844,0.17792701721191406,-0.0018069783691316843,0.5274337530136108
2372,35.9298095703125,0.5069828629493713,0.5010499954223633,0.17794570326805115,-0.009196651168167591,0.4972634017467499
2373,35.91659164428711,0.5096935629844666,0.497512549161911,0.17790144681930542,-0.007508180569857359,0.5147265195846558
2374,35.920799255371094,0.4983084797859192,0.49941253662109375,0.17789098620414734,-0.01669296622276306,0.533013105392456
2375,35.91619873046875,0.5051584243774414,0.49697503447532654,0.17783717811107635,-0.01259724423289299,0.5190634727478027
2376,35.92133712768555,0.511654257774353,0.4994625449180603,0.1778276115655899,-0.015599910169839859,0.5157590508460999
2377,35.9166259765625,0.5007554888725281,0.49976253509521484,0.17782339453697205,-0.013357630930840969,0.5328879356384277
2378,35.91240692138672,0.49398544430732727,0.4996750056743622,0.17781761288642883,-0.02243887446820736,0.5189217329025269
2379,35.91120910644531,0.4968950152397156,0.49778756499290466,0.17777827382087708,0.002000624779611826,0.5313935279846191
2380,35.91944122314453,0.49791985750198364,0.4992125332355499,0.17776428163051605,-0.01394299603998661,0.5326570272445679
2381,35.929443359375,0.5137776732444763,0.5030375123023987,0.17781828343868256,-0.030479898676276207,0.5300883054733276
2382,35.93301010131836,0.4952280521392822,0.497637540102005,0.1777762770652771,-0.02832266129553318,0.5249053239822388
2383,35.92446517944336,0.4992868900299072,0.4995250403881073,0.1777678281068802,-0.02956875041127205,0.5294766426086426
2384,35.9305534362793,0.5095109343528748,0.4998375475406647,0.17776493728160858,0.027440758422017097,0.528099536895752
2385,35.924217224121094,0.5023313760757446,0.4972750246524811,0.17771649360656738,-0.009040295146405697,0.5197398662567139
2386,35.93671798706055,0.5023611187934875,0.4976625442504883,0.17767494916915894,0.0005041222902946174,0.5196692943572998
2387,35.93069076538086,0.5005745887756348,0.5005375742912292,0.1776845008134842,-0.024573098868131638,0.5127439498901367
2388,35.924747467041016,0.4907277822494507,0.500337541103363,0.17769049108028412,-0.025074319913983345,0.5258365273475647
2389,35.922325134277344,0.5009689331054688,0.5028499960899353,0.177741140127182,-0.019867321476340294,0.5241867303848267
2390,35.93541717529297,0.5158976316452026,0.5048750042915344,0.17782777547836304,-0.01051369123160839,0.5257246494293213
2391,35.92770004272461,0.5119798183441162,0.5023000240325928,0.17786866426467896,-0.018373588100075722,0.5430817604064941
2392,35.92414855957031,0.5031433701515198,0.497887521982193,0.17783109843730927,0.003188340924680233,0.5333846807479858
2393,35.92190170288086,0.5101067423820496,0.500700056552887,0.17784354090690613,-0.00803864561021328,0.5497401356697083
2394,35.926509857177734,0.5070996284484863,0.5009375214576721,0.17786020040512085,-0.009540042839944363,0.534320056438446
2395,35.939884185791016,0.5159765481948853,0.5010625123977661,0.17787909507751465,-0.02764061838388443,0.5163475871086121
2396,35.9271354675293,0.5059334635734558,0.4982125461101532,0.17784729599952698,-0.0027690709102898836,0.5265652537345886
2397,35.91679382324219,0.5168033838272095,0.498787522315979,0.17782573401927948,0.0034853804390877485,0.5079824924468994
2398,35.93636703491211,0.501237690448761,0.49793753027915955,0.17778906226158142,0.011930781416594982,0.4928227961063385
2399,35.93218231201172,0.5238413214683533,0.4991750121116638,0.17777439951896667,0.020875753834843636,0.5156053304672241
2400,35.92818069458008,0.5044785141944885,0.49978750944137573,0.17777062952518463,-0.04404821991920471,0.506371796131134
2401,35.92158508300781,0.516518235206604,0.49681252241134644,0.17771396040916443,-0.027154957875609398,0.5168303847312927
2402,35.92966842651367,0.5047577619552612,0.5027875304222107,0.17776349186897278,-0.021464817225933075,0.528441846370697
2403,35.93888473510742,0.5089722871780396,0.49998754262924194,0.17776326835155487,-0.013413009233772755,0.527925968170166
2404,35.926849365234375,0.5085736513137817,0.4974125325679779,0.17771726846694946,-0.0033998882863670588,0.5096853971481323
2405,35.91365051269531,0.49609142541885376,0.500212550163269,0.1777210384607315,-0.016204897314310074,0.511096179485321
2406,35.9236946105957,0.5079218745231628,0.5013625025749207,0.1777452528476715,0.004535418003797531,0.5172010064125061
2407,35.913875579833984,0.5059278011322021,0.5024999976158142,0.17778968811035156,-0.008356316015124321,0.5077399015426636
2408,35.93821334838867,0.5049243569374084,0.49750006198883057,0.17774523794651031,-0.01406909991055727,0.521489143371582
2409,35.930362701416016,0.5042198896408081,0.4974000155925751,0.1776990294456482,-0.0092015964910388,0.5320032238960266
2410,35.9256591796875,0.49975618720054626,0.49867501854896545,0.17767548561096191,-0.047925498336553574,0.5205269455909729
2411,35.921974182128906,0.5046360492706299,0.49858754873275757,0.17765039205551147,-0.015593132004141808,0.5231695175170898
2412,35.91823196411133,0.49886050820350647,0.501787543296814,0.17768216133117676,0.006402505096048117,0.5257928967475891
2413,35.920284271240234,0.4848238229751587,0.49777501821517944,0.17764262855052948,-0.005869634915143251,0.4997972846031189
2414,35.92155075073242,0.4930947422981262,0.497175008058548,0.1775924414396286,-0.01131889782845974,0.5251929759979248
2415,35.92274856567383,0.5026882886886597,0.5012750029563904,0.17761509120464325,-0.02825736626982689,0.534818708896637
2416,35.92641830444336,0.5069161653518677,0.497050017118454,0.17756269872188568,-0.04215254262089729,0.5261405110359192
2417,35.92211151123047,0.4970538318157196,0.49945002794265747,0.17755292356014252,0.025823110714554787,0.5119085311889648
2418,35.9261589050293,0.49754825234413147,0.5067500472068787,0.17767275869846344,-0.05272165685892105,0.5156207084655762
2419,35.92638397216797,0.49631834030151367,0.5026625394821167,0.1777200698852539,-0.04307955130934715,0.5233922004699707
2420,35.926734924316406,0.4947890341281891,0.502162516117096,0.17775849997997284,-0.043484658002853394,0.525763213634491
2421,35.92227554321289,0.4989699423313141,0.49681252241134644,0.17770183086395264,-0.02594861388206482,0.5358644127845764
2422,35.925025939941406,0.49594640731811523,0.501300036907196,0.1777249425649643,-0.020030014216899872,0.5457710027694702
2423,35.92647933959961,0.4985427260398865,0.49662503600120544,0.17766496539115906,-0.01248775701969862,0.5202289819717407
2424,35.93132781982422,0.5021478533744812,0.501912534236908,0.17769894003868103,-0.004904205910861492,0.5172387361526489
2425,35.930049896240234,0.4913500249385834,0.499625027179718,0.17769227921962738,-0.039202433079481125,0.5083938837051392
2426,35.920536041259766,0.49873530864715576,0.4976625442504883,0.17765073478221893,-0.039024338126182556,0.5415394902229309
2427,35.92502212524414,0.49690285325050354,0.49777504801750183,0.17761120200157166,0.009792755357921124,0.5398078560829163
2428,35.92475128173828,0.4839479327201843,0.502637505531311,0.17765803635120392,-0.017406608909368515,0.5439778566360474
2429,35.93529510498047,0.496288537979126,0.49953749775886536,0.1776498258113861,-0.012393723241984844,0.5155330896377563
2430,35.931026458740234,0.4958224892616272,0.4998375177383423,0.1776469349861145,0.006072796415537596,0.5442802906036377
2431,35.92679977416992,0.5035881996154785,0.5054375529289246,0.17774352431297302,-0.0011692472035065293,0.5091884732246399
2432,35.935325622558594,0.49215662479400635,0.4966000020503998,0.17768310010433197,-0.038074079900979996,0.5205264091491699
2433,35.93129348754883,0.5028566122055054,0.49912503361701965,0.1776675581932068,0.008301516994833946,0.5375973582267761
2434,35.93328094482422,0.49483323097229004,0.500462532043457,0.1776757687330246,-0.016116533428430557,0.5108340978622437
2435,35.93482208251953,0.5057770013809204,0.500950038433075,0.17769265174865723,-0.013501620851457119,0.5029928684234619
2436,35.92959976196289,0.49560546875,0.5021250247955322,0.17773042619228363,-0.013550770469009876,0.5350138545036316
2437,35.925750732421875,0.49366047978401184,0.5002250075340271,0.17773443460464478,-0.013909186236560345,0.5422447323799133
2438,35.93017578125,0.4893525242805481,0.4973750114440918,0.17768777906894684,0.005817018914967775,0.5252933502197266
2439,35.92692565917969,0.49639251828193665,0.5016124844551086,0.1777164340019226,0.0006734304479323328,0.5130296945571899
2440,35.9342041015625,0.5031676888465881,0.5011625289916992,0.17773708701133728,-0.042766161262989044,0.527462899684906
2441,35.91535186767578,0.49491244554519653,0.49976253509521484,0.17773286998271942,-0.02139471471309662,0.5257961750030518
2442,35.932151794433594,0.49041950702667236,0.4949750304222107,0.1776435673236847,-0.0377502366900444,0.5283990502357483
2443,35.935489654541016,0.5039489269256592,0.5031625628471375,0.1776997447013855,-0.02674703672528267,0.5080665946006775
2444,35.92832565307617,0.4954202473163605,0.4946250319480896,0.17760422825813293,-0.018170254305005074,0.5109047889709473
2445,35.92729568481445,0.48574164509773254,0.5008125305175781,0.17761866748332977,-0.002137878444045782,0.4919728934764862
2446,35.92015838623047,0.4952370524406433,0.504562497138977,0.17769969999790192,0.021408095955848694,0.5282031297683716
2447,35.9286003112793,0.4950317442417145,0.4991750121116638,0.17768503725528717,-0.024433821439743042,0.5316779017448425
2448,35.93019104003906,0.4923546314239502,0.5006625056266785,0.1776968091726303,-0.017846276983618736,0.5178157687187195
2449,35.92829895019531,0.49388834834098816,0.5016125440597534,0.17772546410560608,-0.022603139281272888,0.5306815505027771
2450,35.92835998535156,0.5005980730056763,0.5008625388145447,0.17774079740047455,-0.009591062553226948,0.5141242146492004
2451,35.91697311401367,0.48115167021751404,0.49817508459091187,0.17770835757255554,-0.004950901493430138,0.531866729259491
2452,35.93244934082031,0.4801042973995209,0.4995875358581543,0.17770102620124817,0.0008935442310757935,0.5213310718536377
2453,35.93333435058594,0.48506447672843933,0.497887521982193,0.17766349017620087,-0.021510688588023186,0.5279573798179626
2454,35.92426681518555,0.48959043622016907,0.4941375255584717,0.17755933105945587,-0.013989209197461605,0.515661895275116
2455,35.9239501953125,0.5015347003936768,0.49906253814697266,0.17754268646240234,-0.003530125832185149,0.5192673206329346
2456,35.92534255981445,0.4932011067867279,0.49633756279945374,0.1774776577949524,-0.014672955498099327,0.5108007192611694
2457,35.92539596557617,0.49510133266448975,0.5054750442504883,0.17757482826709747,-0.02054702490568161,0.5135142803192139
2458,35.92570877075195,0.48245716094970703,0.49852505326271057,0.1775486320257187,-0.009902769699692726,0.5244961977005005
2459,35.92802429199219,0.5045320391654968,0.5005125403404236,0.17755773663520813,-0.034958384931087494,0.5164945125579834
2460,35.93087387084961,0.49253329634666443,0.5028125047683716,0.1776076704263687,-0.0010196762159466743,0.525429368019104
2461,35.92835998535156,0.4834271967411041,0.4975000321865082,0.17756326496601105,-0.025751221925020218,0.5217155814170837
2462,35.92376708984375,0.4920866787433624,0.4976625442504883,0.177521750330925,-0.024376848712563515,0.5337520241737366
2463,35.92610168457031,0.4856615960597992,0.49471256136894226,0.17742788791656494,-0.030517566949129105,0.5084392428398132
2464,35.92563247680664,0.4922584891319275,0.5040375590324402,0.17749953269958496,-0.029058774933218956,0.5325005650520325
2465,35.921958923339844,0.49058398604393005,0.49771252274513245,0.17745892703533173,0.013822125270962715,0.5180013179779053
2466,35.91827392578125,0.4930020570755005,0.498600035905838,0.17743408679962158,-0.03114144504070282,0.5127125978469849
2467,35.926673889160156,0.49518394470214844,0.4982750117778778,0.17740347981452942,-0.0018953848630189896,0.539648175239563
2468,35.928890228271484,0.5017708539962769,0.5014000535011292,0.17742830514907837,-0.016350029036402702,0.5492973327636719
2469,35.92332077026367,0.4928707778453827,0.5006500482559204,0.1774398386478424,0.002839534543454647,0.5344054698944092
2470,35.9239501953125,0.4935660660266876,0.5051125288009644,0.17753055691719055,0.0052146902307868,0.5354316234588623
2471,35.92524337768555,0.4780764579772949,0.4970000088214874,0.17747730016708374,-0.04561283066868782,0.5208548307418823
2472,35.93360137939453,0.4904015064239502,0.4989125430583954,0.1774580031633377,-0.015192873775959015,0.5042087435722351
2473,35.936424255371094,0.49323537945747375,0.5020500421524048,0.17749439179897308,-0.005473327822983265,0.5028014779090881
2474,35.92985916137695,0.48930078744888306,0.5002624988555908,0.17749904096126556,-0.017422616481781006,0.5229873061180115
2475,35.92533493041992,0.48535677790641785,0.4977000057697296,0.17745821177959442,-0.026902321726083755,0.5242006778717041
2476,35.9300422668457,0.48965996503829956,0.4974375367164612,0.1774127334356308,-0.024046121165156364,0.5324622392654419
2477,35.93243408203125,0.49523094296455383,0.5037250518798828,0.1774788200855255,0.0018337259534746408,0.5195132493972778
2478,35.92045211791992,0.4817486107349396,0.50166255235672,0.17750833928585052,-0.005016253795474768,0.5287797451019287
2479,35.927825927734375,0.48865336179733276,0.5030375123023987,0.17756225168704987,-0.026850076392292976,0.5196488499641418
2480,35.9272346496582,0.49136438965797424,0.4997125566005707,0.17755715548992157,-0.023905044421553612,0.5186436176300049
2481,35.92561340332031,0.4949362874031067,0.5027875304222107,0.17760664224624634,0.002503725001588464,0.532772421836853
2482,35.92554473876953,0.5023273825645447,0.4993250370025635,0.17759466171264648,-0.04233912006020546,0.5505596399307251
2483,35.92752456665039,0.49043259024620056,0.4987500309944153,0.17757245898246765,0.0007160492241382599,0.5331245064735413
2484,35.93292236328125,0.490222692489624,0.5014375448226929,0.1775979846715927,-0.014944743365049362,0.5244513750076294
2485,35.9300422668457,0.4951186180114746,0.5028875470161438,0.17764925956726074,-0.04021072760224342,0.5026900172233582
2486,35.9327507019043,0.4846072196960449,0.4994625449180603,0.17763970792293549,0.014047930017113686,0.5084366798400879
2487,35.92451858520508,0.49026215076446533,0.49693751335144043,0.17758530378341675,-0.011901228688657284,0.517020046710968
2488,35.92992401123047,0.4862930178642273,0.5006124973297119,0.17759618163108826,0.006838839501142502,0.5248262286186218
2489,35.928218841552734,0.4879111647605896,0.5049500465393066,0.17768408358097076,-0.027032209560275078,0.5156550407409668
2490,35.932899475097656,0.4899444282054901,0.4999749958515167,0.17768363654613495,-0.024281522259116173,0.5290117859840393
2491,35.920475006103516,0.49282535910606384,0.49953752756118774,0.17767541110515594,-0.01130844745784998,0.5204206109046936
2492,35.92379379272461,0.4861268103122711,0.5002999901771545,0.17768074572086334,-0.02812025137245655,0.5086429119110107
2493,35.92497634887695,0.49428698420524597,0.5047875642776489,0.17776581645011902,-0.029491402208805084,0.541811466217041
2494,35.923709869384766,0.48138555884361267,0.49966248869895935,0.1777598261833191,-0.03475814685225487,0.5283697843551636
2495,35.92377471923828,0.4896699786186218,0.4971875250339508,0.17770983278751373,-0.007495520170778036,0.5144366025924683
2496,35.91914367675781,0.4905841052532196,0.5033125281333923,0.17776870727539062,-0.00045109749771654606,0.5287871956825256
2497,35.927101135253906,0.4872947335243225,0.5007125735282898,0.1777813732624054,-0.02781393937766552,0.523585855960846
2498,35.931068420410156,0.4886939227581024,0.504550039768219,0.1778622716665268,-0.011496275663375854,0.5317245721817017
2499,35.92843246459961,0.48986348509788513,0.5021125078201294,0.17789983749389648,-0.002384692197665572,0.5438612699508667
2500,35.930015563964844,0.49448683857917786,0.5004374980926514,0.17790761590003967,-0.014152651652693748,0.5120878219604492
2501,35.920616149902344,0.4907282590866089,0.49723750352859497,0.17785847187042236,-0.02413410320878029,0.5161640644073486
2502,35.920875549316406,0.4906305968761444,0.497575044631958,0.17781534790992737,-0.015127898193895817,0.525993824005127
2503,35.93183517456055,0.48351407051086426,0.4992750287055969,0.1778024584054947,-0.00011917400843231007,0.5180719494819641
2504,35.92341232299805,0.48512840270996094,0.5013750195503235,0.1778268963098526,-0.004966152366250753,0.5199892520904541
2505,35.922061920166016,0.4797342121601105,0.4992000460624695,0.17781266570091248,-0.007906029000878334,0.5207486152648926
2506,35.92797088623047,0.4850802421569824,0.5003500580787659,0.1778188943862915,-0.0014151931973174214,0.5410944819450378
2507,35.927215576171875,0.4892379641532898,0.5004000067710876,0.17782601714134216,-0.01700340025126934,0.5195761322975159
2508,35.9255256652832,0.4935111999511719,0.49918752908706665,0.17781156301498413,-0.014103513211011887,0.5194896459579468
2509,35.92985916137695,0.4780200719833374,0.49941253662109375,0.17780111730098724,-0.03489954397082329,0.5270561575889587
2510,35.92563247680664,0.48448625206947327,0.5026500225067139,0.1778482347726822,-0.007193596102297306,0.5283862352371216
2511,35.9290657043457,0.471299946308136,0.5017375349998474,0.17787913978099823,0.005372360348701477,0.5223513841629028
2512,35.924949645996094,0.4881022870540619,0.5010625123977661,0.17789803445339203,-0.012292122468352318,0.5148488879203796
2513,35.92833709716797,0.4831073582172394,0.4969000518321991,0.1778428852558136,-0.018224351108074188,0.5104919075965881
2514,35.9172477722168,0.48370081186294556,0.4971875250339508,0.17779286205768585,-0.018389154225587845,0.5346261858940125
2515,35.93437957763672,0.48175114393234253,0.5019750595092773,0.17782798409461975,-0.0030325844418257475,0.5128946304321289
2516,35.9318962097168,0.48722517490386963,0.4981124997138977,0.17779441177845,-0.02696656808257103,0.5139798521995544
2517,35.929439544677734,0.4932546615600586,0.4971875250339508,0.17774440348148346,-0.03382737934589386,0.5324139595031738
2518,35.92313766479492,0.48943522572517395,0.49943751096725464,0.1777344048023224,-0.012365790084004402,0.5426943302154541
2519,35.92624282836914,0.48953700065612793,0.5002000331878662,0.17773796617984772,0.012709570117294788,0.5116907954216003
2520,35.926822662353516,0.48650798201560974,0.499750018119812,0.17773352563381195,0.01618393324315548,0.49431270360946655
2521,35.926055908203125,0.4925238788127899,0.49973753094673157,0.17772886157035828,-0.0007961950614117086,0.5286595225334167
2522,35.92792892456055,0.4856546223163605,0.5044750571250916,0.17780840396881104,-0.026992809027433395,0.5237458348274231
2523,35.92742156982422,0.48462238907814026,0.4973375201225281,0.17776106297969818,-0.020422426983714104,0.546235978603363
2524,35.93095779418945,0.5000713467597961,0.5030625462532043,0.1778154969215393,-0.024905623868107796,0.5155330300331116
2525,35.92110824584961,0.479339599609375,0.49736252427101135,0.17776860296726227,-0.009650091640651226,0.5375373363494873
2526,35.92132568359375,0.48600873351097107,0.5041625499725342,0.17784260213375092,-0.009084478951990604,0.5368630886077881
2527,35.92728042602539,0.4818096458911896,0.5044125318527222,0.1779210865497589,-0.01910369098186493,0.5464871525764465
2528,35.927608489990234,0.4757022261619568,0.5024375319480896,0.1779644638299942,-0.034904252737760544,0.5186334848403931
2529,35.93621826171875,0.4804462492465973,0.4971500337123871,0.17791375517845154,-0.01664048433303833,0.5253520607948303
2530,35.9271240234375,0.47833389043807983,0.49803751707077026,0.17787884175777435,-0.041966959834098816,0.5210952162742615
2531,35.92826461791992,0.486394464969635,0.49945002794265747,0.17786905169487,-0.02991027571260929,0.518732488155365
2532,35.92435836791992,0.4783288240432739,0.49477505683898926,0.17777611315250397,-0.03480030223727226,0.5125884413719177
2533,35.93217849731445,0.48283031582832336,0.49918752908706665,0.17776167392730713,-0.012994357384741306,0.5278439521789551
2534,35.929378509521484,0.4842662215232849,0.5000625252723694,0.17776277661323547,-0.013976364396512508,0.5435352921485901
2535,35.93301010131836,0.49190300703048706,0.5012750625610352,0.1777854561805725,-0.021698234602808952,0.5291779041290283
2536,35.92791748046875,0.49055710434913635,0.4988750219345093,0.17776545882225037,-0.006406749133020639,0.5431762337684631
2537,35.9260139465332,0.4893281161785126,0.49681252241134644,0.17770878970623016,-0.027391623705625534,0.5245473384857178
2538,35.933448791503906,0.48329564929008484,0.5001125931739807,0.17771078646183014,0.002485760720446706,0.520550549030304
2539,35.93519973754883,0.47363266348838806,0.5001625418663025,0.17771366238594055,0.0014388385461643338,0.517173171043396
2540,35.91910171508789,0.4888404309749603,0.49861252307891846,0.17768900096416473,-0.007487650495022535,0.5352800488471985
2541,35.92761993408203,0.494268536567688,0.5008749961853027,0.17770454287528992,0.013092522509396076,0.5398409366607666
2542,35.923240661621094,0.485430508852005,0.49508750438690186,0.17761723697185516,-0.024760104715824127,0.5225700736045837
2543,35.92613220214844,0.489540696144104,0.5010000467300415,0.17763499915599823,-0.009065071120858192,0.5238171815872192
2544,35.927337646484375,0.48493513464927673,0.4976000189781189,0.17759236693382263,0.001999937230721116,0.5168257355690002
2545,35.91812515258789,0.48701560497283936,0.5022000074386597,0.1776314526796341,-0.023400932550430298,0.5139344930648804
2546,35.915592193603516,0.48235249519348145,0.5013375282287598,0.1776552051305771,-0.02352873794734478,0.5208808183670044
2547,35.92349624633789,0.48108240962028503,0.49851253628730774,0.1776287704706192,-0.016006458550691605,0.5140762329101562
2548,35.923526763916016,0.47572970390319824,0.49716252088546753,0.1775783747434616,-0.018431374803185463,0.5246678590774536
2549,35.9196662902832,0.47697290778160095,0.5006499886512756,0.17758990824222565,-0.01590767875313759,0.5235251784324646
2550,35.92489242553711,0.4802779257297516,0.4999625086784363,0.17758923768997192,-0.017670929431915283,0.5269365906715393
2551,35.92216873168945,0.4841695725917816,0.5012500286102295,0.17761144042015076,-0.0111208101734519,0.5260998606681824
2552,35.926719665527344,0.4848596453666687,0.502387523651123,0.17765384912490845,-0.006810177117586136,0.5383912324905396
2553,35.92888259887695,0.4859717786312103,0.5008750557899475,0.17766939103603363,-0.026824049651622772,0.5092911124229431
2554,35.928340911865234,0.48314666748046875,0.5017375349998474,0.17770026624202728,0.005127745680510998,0.5361686944961548
2555,35.92772674560547,0.49406567215919495,0.4981750249862671,0.17766784131526947,-0.011872232891619205,0.5257023572921753
2556,35.92826843261719,0.48351386189460754,0.5000625252723694,0.17766894400119781,-0.041088055819272995,0.5182890295982361
2557,35.925575256347656,0.4787333011627197,0.49957504868507385,0.17766138911247253,-0.01190932933241129,0.5357295274734497
2558,35.92832565307617,0.49039438366889954,0.5024000406265259,0.17770402133464813,-0.011429949663579464,0.5331385135650635
2559,35.932350158691406,0.47314903140068054,0.4953875243663788,0.17762206494808197,-0.006644010078161955,0.5144777297973633
2560,35.93019104003906,0.47504499554634094,0.49851250648498535,0.17759564518928528,-0.014701256528496742,0.5094823837280273
2561,35.920902252197266,0.47987252473831177,0.4999125301837921,0.17759409546852112,-0.015893667936325073,0.5326137542724609
2562,35.9239501953125,0.47808244824409485,0.5002124905586243,0.17759786546230316,-0.007321931887418032,0.5257509350776672
2563,35.926666259765625,0.47105637192726135,0.49886250495910645,0.1775776743888855,-0.010246974416077137,0.5212212800979614
2564,35.93029022216797,0.4793078303337097,0.4965125322341919,0.17751574516296387,-0.020895905792713165,0.5133236646652222
2565,35.9219856262207,0.47314876317977905,0.503000020980835,0.17756900191307068,-0.017568016424775124,0.4990946650505066
2566,35.9185676574707,0.4679742455482483,0.49867504835128784,0.1775454729795456,-0.000895933189895004,0.5301775932312012
2567,35.92927551269531,0.48546016216278076,0.49976253509521484,0.17754125595092773,-0.017841150984168053,0.5098790526390076
2568,35.92099380493164,0.473095178604126,0.49671250581741333,0.17748288810253143,-0.0047287289053201675,0.5087870955467224
2569,35.92824172973633,0.4774233400821686,0.5012500286102295,0.17750507593154907,-0.018419630825519562,0.5186415314674377
2570,35.92267608642578,0.4868701100349426,0.5027250051498413,0.1775534451007843,-0.021313294768333435,0.5338795185089111
2571,35.921241760253906,0.4746550917625427,0.4982750117778778,0.17752282321453094,-0.025893619284033775,0.520169198513031
2572,35.92147445678711,0.47504183650016785,0.5021125674247742,0.17756032943725586,-0.01965528167784214,0.5364349484443665
2573,35.9283561706543,0.4822811186313629,0.49736258387565613,0.1775134950876236,0.003226856468245387,0.5128900408744812
2574,35.92839050292969,0.47130879759788513,0.5004000067710876,0.17752060294151306,-0.022619694471359253,0.5263857245445251
2575,35.92544174194336,0.47938886284828186,0.4991375505924225,0.17750529944896698,-0.016807062551379204,0.5139384865760803
2576,35.922882080078125,0.47944241762161255,0.5013124942779541,0.17752858996391296,-0.04117060452699661,0.5161257982254028
2577,35.933284759521484,0.4801674783229828,0.4971250295639038,0.17747755348682404,-0.00533284991979599,0.5422781109809875
2578,35.9268913269043,0.4850590229034424,0.49806252121925354,0.17744316160678864,-0.017934832721948624,0.501200258731842
2579,35.92900466918945,0.4771040081977844,0.5010250210762024,0.17746135592460632,-0.021402841433882713,0.5157011151313782
2580,35.93217468261719,0.48441821336746216,0.5002999901771545,0.17746669054031372,-0.018366781994700432,0.5200847387313843
2581,35.927066802978516,0.47478383779525757,0.5008875131607056,0.17748242616653442,-0.037171609699726105,0.5259407162666321
2582,35.93001174926758,0.48548614978790283,0.5046499967575073,0.17756496369838715,-0.01885289140045643,0.5209418535232544
2583,35.93229293823242,0.4766935110092163,0.5022000074386597,0.17760403454303741,-0.013859547674655914,0.5227594375610352
2584,35.92751693725586,0.4787750840187073,0.5002625584602356,0.1776086986064911,0.0042711528949439526,0.5247158408164978
2585,35.923065185546875,0.469613254070282,0.49943751096725464,0.17759869992733002,-0.02247600257396698,0.532597005367279
2586,35.93266296386719,0.48194578289985657,0.5017750263214111,0.1776302307844162,-0.0009716096101328731,0.5229458212852478
2587,35.931697845458984,0.4849580228328705,0.5006750226020813,0.17764221131801605,-0.03157881274819374,0.5034657120704651
2588,35.925315856933594,0.4759775698184967,0.5020750164985657,0.17767907679080963,-0.0038346569053828716,0.5333164930343628
2589,35.91903305053711,0.4863729774951935,0.49988752603530884,0.17767708003520966,-0.021412622183561325,0.5249873399734497
2590,35.9219856262207,0.4844221770763397,0.4987500309944153,0.17765487730503082,-0.012296580709517002,0.520559549331665
2591,35.93257522583008,0.4856099486351013,0.5001000165939331,0.1776566505432129,-0.02009231597185135,0.5291376709938049
2592,35.92416000366211,0.48497146368026733,0.5031625032424927,0.1777128428220749,-0.02079452946782112,0.5027157664299011
2593,35.92300796508789,0.4828585982322693,0.5028875470161438,0.1777641475200653,-0.011273680254817009,0.5445961952209473
2594,35.921424865722656,0.47785255312919617,0.5020000338554382,0.17779970169067383,0.0030670377891510725,0.5219826102256775
2595,35.92504119873047,0.482011079788208,0.4951625168323517,0.17771369218826294,-0.01579490676522255,0.5191916823387146
2596,35.93086242675781,0.4805466830730438,0.49902504682540894,0.1776963621377945,-0.01638874039053917,0.5537900328636169
2597,35.926116943359375,0.47341248393058777,0.5005125403404236,0.17770546674728394,-0.01795925758779049,0.5344586372375488
2598,35.92511749267578,0.4775843620300293,0.49832504987716675,0.17767570912837982,0.006117279175668955,0.5402807593345642
2599,35.93330764770508,0.4787542521953583,0.5009250640869141,0.17769214510917664,0.010462638922035694,0.5157979130744934
2600,35.926605224609375,0.47507157921791077,0.5004374980926514,0.17769992351531982,-0.01337034348398447,0.5174122452735901
2601,35.92563247680664,0.48126938939094543,0.5017375349998474,0.17773081362247467,-0.05090853199362755,0.5116603374481201
2602,35.9210090637207,0.4830816090106964,0.49758753180503845,0.17768794298171997,-0.011677583679556847,0.5341236591339111
2603,35.93543243408203,0.4703974425792694,0.5003625154495239,0.1776943802833557,0.02498313970863819,0.5341190099716187
2604,35.93053436279297,0.4735029339790344,0.4992125332355499,0.1776803880929947,-0.02199263498187065,0.4918573200702667
2605,35.91776657104492,0.48104238510131836,0.49847498536109924,0.17765328288078308,-0.02426653914153576,0.5107837915420532
2606,35.917640686035156,0.48400720953941345,0.4999125599861145,0.17765173316001892,-0.006729910150170326,0.536596417427063
2607,35.926509857177734,0.4757215976715088,0.49967503547668457,0.1776459664106369,-0.010377288796007633,0.5133940577507019
2608,35.927825927734375,0.4810190200805664,0.5008875131607056,0.1776617169380188,0.0009789386531338096,0.523452639579773
2609,35.92498779296875,0.46465110778808594,0.4998750686645508,0.17765949666500092,-0.030726522207260132,0.5188615322113037
2610,35.922882080078125,0.4787963628768921,0.5008749961853027,0.1776750385761261,-0.012947391718626022,0.5383859872817993
2611,35.913658142089844,0.47253817319869995,0.499500036239624,0.17766615748405457,-0.00790571328252554,0.5157307386398315
2612,35.92974853515625,0.473006010055542,0.5022875070571899,0.17770680785179138,0.001551435561850667,0.512464165687561
2613,35.93449020385742,0.4833884835243225,0.4988125264644623,0.1776857078075409,0.0010695495875552297,0.5101756453514099
2614,35.922813415527344,0.4738558530807495,0.4942125082015991,0.17758287489414215,0.00024477767874486744,0.5147174596786499
2615,35.91569137573242,0.47470569610595703,0.5024875402450562,0.1776270568370819,-0.013077560812234879,0.5165376663208008
2616,35.925086975097656,0.4694899022579193,0.5002500414848328,0.17763149738311768,-0.016151120886206627,0.548991858959198
2617,35.93341827392578,0.4758650064468384,0.49935004115104675,0.17761996388435364,0.002509751357138157,0.5176311731338501
2618,35.9338493347168,0.48091989755630493,0.4990125298500061,0.17760242521762848,-0.023627953603863716,0.5239930152893066
2619,35.92945861816406,0.4927659332752228,0.5016750693321228,0.1776321679353714,-0.023331783711910248,0.529161274433136
2620,35.925899505615234,0.47810518741607666,0.49822500348091125,0.17760063707828522,-0.0354209765791893,0.5264319181442261
2621,35.93475341796875,0.49695485830307007,0.4997125267982483,0.17759554088115692,-0.03213990852236748,0.5179108381271362
2622,35.923458099365234,0.47382742166519165,0.4991375505924225,0.17758022248744965,-0.01949215866625309,0.5215885043144226
2623,35.92295455932617,0.4844225347042084,0.49995002150535583,0.17757932841777802,-0.0092338677495718,0.4981113374233246
2624,35.919677734375,0.48111873865127563,0.5011125206947327,0.17759907245635986,-0.02402098849415779,0.5207588076591492
2625,35.923465728759766,0.48737502098083496,0.4985499978065491,0.1775733232498169,-0.001186603563837707,0.5319757461547852
2626,35.92289352416992,0.4780564308166504,0.5031875371932983,0.17762993276119232,-0.02303546853363514,0.5250550508499146
2627,35.93014144897461,0.47254201769828796,0.5042999982833862,0.17770631611347198,0.00471426360309124,0.5414540767669678
2628,35.934410095214844,0.4898548722267151,0.5027999877929688,0.17775607109069824,-0.02906055934727192,0.5402190685272217
2629,35.922542572021484,0.4903586506843567,0.4969000518321991,0.1777009665966034,-0.015677999705076218,0.527580201625824
2630,35.9246826171875,0.4814293682575226,0.5007500052452087,0.1777142882347107,0.009496105834841728,0.5239245295524597
2631,35.925724029541016,0.48697516322135925,0.4990125298500061,0.17769673466682434,-0.024797935038805008,0.5046378374099731
2632,35.92974090576172,0.48474812507629395,0.5018875598907471,0.1777302622795105,0.002956223441287875,0.5086504817008972
2633,35.933631896972656,0.47146138548851013,0.5011875629425049,0.177751362323761,-0.006204103119671345,0.532669723033905
2634,35.92222213745117,0.48276421427726746,0.49642500281333923,0.17768780887126923,-0.005877285730093718,0.5123717784881592
2635,35.91927719116211,0.47710248827934265,0.49687501788139343,0.17763228714466095,-0.007749445270746946,0.5121743083000183
2636,35.923011779785156,0.47824913263320923,0.5002250075340271,0.1776362955570221,-0.0233180932700634,0.5329869389533997
2637,35.93150329589844,0.48525291681289673,0.5026625394821167,0.17768360674381256,0.004294015932828188,0.5326577425003052
2638,35.92084884643555,0.4806969165802002,0.49746254086494446,0.17763851583003998,-0.02698972076177597,0.5110083818435669
2639,35.92169952392578,0.4804472029209137,0.5002875328063965,0.17764361202716827,-0.005286477040499449,0.5141830444335938
2640,35.92625045776367,0.4759737551212311,0.4966375231742859,0.17758388817310333,-0.039480458945035934,0.5162560343742371
2641,35.931400299072266,0.47886231541633606,0.4984375238418579,0.1775561422109604,-0.0002531452337279916,0.5226094722747803
2642,35.9268913269043,0.4777538776397705,0.5024250149726868,0.17759919166564941,0.00014334870502352715,0.5179601907730103
2643,35.92890930175781,0.46998584270477295,0.49748754501342773,0.17755457758903503,-0.007031649816781282,0.5146706104278564
2644,35.92512512207031,0.476794570684433,0.4993250370025635,0.17754259705543518,-0.0015877514379099011,0.5217779278755188
2645,35.93733215332031,0.47352007031440735,0.5012125372886658,0.1775641143321991,-0.02630726248025894,0.5148452520370483
2646,35.93214797973633,0.47140052914619446,0.49998754262924194,0.1775638908147812,-0.01752871833741665,0.511784017086029
2647,35.92329025268555,0.47534236311912537,0.503125011920929,0.17761936783790588,-0.01935637928545475,0.5281965136528015
2648,35.924476623535156,0.4662199318408966,0.4980875551700592,0.1775853931903839,-0.00801785383373499,0.5283255577087402
2649,35.93051528930664,0.47443196177482605,0.5009000301361084,0.1776013821363449,-0.011811548843979836,0.5193899869918823
2650,35.92467498779297,0.4709615111351013,0.5005625486373901,0.17761138081550598,0.011288589797914028,0.5366986393928528
2651,35.92768096923828,0.48491737246513367,0.498199999332428,0.17757940292358398,-0.03161091357469559,0.535446286201477
2652,35.919883728027344,0.4720129668712616,0.49738752841949463,0.17753301560878754,-0.021824898198246956,0.5226549506187439
2653,35.92768859863281,0.4818791449069977,0.5046625137329102,0.17761579155921936,-0.040034543722867966,0.5154345631599426
2654,35.93323516845703,0.47388651967048645,0.5001875162124634,0.1776191145181656,-0.01478215679526329,0.5261516571044922
2655,35.9213752746582,0.4703940153121948,0.49908751249313354,0.17760290205478668,-0.00684381416067481,0.5339211821556091
2656,35.9216423034668,0.4660099148750305,0.4979625344276428,0.17756672203540802,-0.02160918153822422,0.5161185264587402
2657,35.930973052978516,0.46909135580062866,0.5003499984741211,0.17757295072078705,-0.009352730587124825,0.5216712355613708
2658,35.930484771728516,0.4833066463470459,0.5036500692367554,0.17763777077198029,-0.01231788843870163,0.511269748210907
2659,35.92355728149414,0.4785658121109009,0.497112512588501,0.17758648097515106,-0.01670738495886326,0.5168339610099792
2660,35.92482376098633,0.47547876834869385,0.4989875257015228,0.1775684952735901,-0.02079729363322258,0.5156983137130737
2661,35.926292419433594,0.47193771600723267,0.49727505445480347,0.17752011120319366,-0.010792256332933903,0.5222287178039551
2662,35.92967987060547,0.4688505530357361,0.5016500353813171,0.17754940688610077,-0.018163137137889862,0.5275124311447144
2663,35.919677734375,0.46351128816604614,0.5033125281333923,0.17760822176933289,-0.03162940964102745,0.5209529399871826
2664,35.91865158081055,0.47759202122688293,0.5023624897003174,0.17765018343925476,-0.04893457889556885,0.5142077803611755
2665,35.92824172973633,0.47479555010795593,0.4988250434398651,0.17762930691242218,-0.013505838811397552,0.5252845287322998
2666,35.93329620361328,0.4765778183937073,0.4988750219345093,0.17760932445526123,-0.006547174882143736,0.5378751158714294
2667,35.926082611083984,0.4677727520465851,0.49865004420280457,0.17758534848690033,-0.016250036656856537,0.5299137830734253
2668,35.919898986816406,0.4715230166912079,0.49873751401901245,0.1775629222393036,-0.029005547985434532,0.5284420251846313
2669,35.9234619140625,0.46598297357559204,0.5010375380516052,0.17758134007453918,0.0012235017493367195,0.5256624221801758
2670,35.932674407958984,0.46601739525794983,0.5070000290870667,0.17770564556121826,-0.0010811005486175418,0.5305618047714233
2671,35.93239974975586,0.4767944812774658,0.4984000027179718,0.1776772141456604,-0.01634659245610237,0.5280855298042297
2672,35.917625427246094,0.47201454639434814,0.4991000294685364,0.1776612251996994,-0.002368064597249031,0.5225557684898376
2673,35.926551818847656,0.47345662117004395,0.5019000172615051,0.17769499123096466,-0.04038432613015175,0.5258313417434692
2674,35.92759323120117,0.4706246554851532,0.49976250529289246,0.1776907742023468,-0.00016721726569812745,0.5142418146133423
2675,35.93353271484375,0.46956929564476013,0.49448755383491516,0.17759282886981964,0.00706859165802598,0.5255411267280579
2676,35.92417526245117,0.4739678204059601,0.5015750527381897,0.1776207983493805,-0.0027804768178611994,0.5246152877807617
2677,35.923423767089844,0.4631689190864563,0.49570003151893616,0.17754442989826202,0.007605969440191984,0.5159147381782532
2678,35.92869567871094,0.46490776538848877,0.5000625252723694,0.17754553258419037,-0.011610443703830242,0.49473142623901367
2679,35.931182861328125,0.4696069359779358,0.4996750056743622,0.17753976583480835,-0.022848546504974365,0.5215036869049072
2680,35.93019485473633,0.48379915952682495,0.5039875507354736,0.17761056125164032,-0.012284229509532452,0.5331722497940063
2681,35.92809295654297,0.47337281703948975,0.49765002727508545,0.17756882309913635,-0.026162059977650642,0.5223247408866882
2682,35.919517517089844,0.4826197326183319,0.4983000159263611,0.17753863334655762,-0.025493700057268143,0.5158377289772034
2683,35.922523498535156,0.4767270088195801,0.49470004439353943,0.17744453251361847,-0.028303829953074455,0.5261920094490051
2684,35.9251594543457,0.46565207839012146,0.5006875395774841,0.17745673656463623,-0.0049938117153942585,0.5118973851203918
2685,35.93076705932617,0.47365474700927734,0.5022374987602234,0.17749644815921783,-0.009980731643736362,0.5396019220352173
2686,35.91979217529297,0.46587374806404114,0.4991750419139862,0.17748180031776428,-0.022939126938581467,0.5365268588066101
2687,35.92544937133789,0.47936469316482544,0.49897500872612,0.1774636059999466,-0.022136174142360687,0.5261350870132446
2688,35.925350189208984,0.4723295569419861,0.5025750398635864,0.17750930786132812,-0.010878331959247589,0.5413986444473267
2689,35.92853546142578,0.47870999574661255,0.5021750330924988,0.17754793167114258,-0.014411764219403267,0.5032349824905396
2690,35.925201416015625,0.4618526101112366,0.4997875392436981,0.17754416167736053,0.007382675539702177,0.5435744524002075
2691,35.922340393066406,0.48563551902770996,0.5030500292778015,0.17759832739830017,-0.03623583912849426,0.5310239791870117
2692,35.921722412109375,0.4727835953235626,0.499625027179718,0.17759166657924652,-0.010690146125853062,0.5204183459281921
2693,35.92953109741211,0.47236570715904236,0.502162516117096,0.17763006687164307,-0.014426150359213352,0.5412216186523438
2694,35.93806838989258,0.4724789261817932,0.5003625154495239,0.1776365041732788,-0.029007844626903534,0.5267512798309326
2695,35.927467346191406,0.4802105128765106,0.4976250231266022,0.17759430408477783,0.01477215625345707,0.5080727338790894
2696,35.9275016784668,0.474871963262558,0.5012250542640686,0.17761607468128204,-0.01983911730349064,0.5298415422439575
2697,35.9180793762207,0.45998188853263855,0.5031874775886536,0.17767269909381866,-0.007895776070654392,0.5262541770935059
2698,35.936729431152344,0.4684954583644867,0.5042125582695007,0.17774754762649536,-0.005717390216886997,0.5343158841133118
2699,35.93301010131836,0.4693808853626251,0.49992501735687256,0.17774620652198792,-0.015965329483151436,0.5449475049972534
2700,35.918880462646484,0.48128387331962585,0.5002999901771545,0.1777515411376953,-0.017214272171258926,0.5100696086883545
2701,35.92301559448242,0.4612595736980438,0.49783754348754883,0.17771309614181519,-0.026744931936264038,0.5325330495834351
2702,35.92753601074219,0.46999844908714294,0.5012750625610352,0.17773576080799103,-0.00234068650752306,0.5052962303161621
2703,35.924617767333984,0.4623219072818756,0.4971875250339508,0.17768576741218567,-0.030076470226049423,0.5440067648887634
2704,35.93468475341797,0.47479870915412903,0.500825047492981,0.17770043015480042,-0.017826318740844727,0.5284247398376465
2705,35.931190490722656,0.47223961353302,0.49828752875328064,0.17767000198364258,-0.038313139230012894,0.5398564338684082
2706,35.92226791381836,0.46799638867378235,0.5023750066757202,0.17771218717098236,-0.01922581158578396,0.5168967247009277
2707,35.934364318847656,0.4831039309501648,0.5001375079154968,0.17771461606025696,-0.015245792455971241,0.5017098784446716
2708,35.93057632446289,0.470247358083725,0.5042875409126282,0.1777908205986023,0.012916668318212032,0.545535683631897
2709,35.92054748535156,0.4659695029258728,0.5052250027656555,0.17788371443748474,-0.012301851063966751,0.5257824063301086
2710,35.92259216308594,0.47044625878334045,0.49832504987716675,0.17785392701625824,-0.007524377666413784,0.5303314924240112
2711,35.93443298339844,0.4706117808818817,0.49873751401901245,0.1778314709663391,-0.002165040234103799,0.5240727663040161
2712,35.92262649536133,0.4810827374458313,0.5017375349998474,0.17786237597465515,-0.012482653371989727,0.5373643636703491
2713,35.91736602783203,0.4539842903614044,0.4982750117778778,0.17783169448375702,-0.008777469396591187,0.5346319079399109
2714,35.92923355102539,0.46818938851356506,0.49992501735687256,0.17783035337924957,-0.00860046036541462,0.522253155708313
2715,35.9310188293457,0.4639471471309662,0.5015000104904175,0.17785702645778656,-0.024993497878313065,0.5286428332328796
2716,35.926612854003906,0.4649406373500824,0.4988250434398651,0.17783613502979279,-0.02416326105594635,0.5243682265281677
2717,35.92439270019531,0.4641358554363251,0.499875009059906,0.1778339147567749,-0.022088002413511276,0.5217406749725342
2718,35.93376541137695,0.4658445715904236,0.5015750527381897,0.17786191403865814,0.011994512751698494,0.5354677438735962
2719,35.92997360229492,0.46763134002685547,0.4990125298500061,0.1778443455696106,-0.027812005952000618,0.5286400318145752
2720,35.9310188293457,0.46071314811706543,0.499224990606308,0.1778305619955063,0.0013436760054901242,0.5396183729171753
2721,35.9272346496582,0.46296370029449463,0.49812501668930054,0.17779721319675446,-0.010833850130438805,0.5187576413154602
2722,35.92802429199219,0.4683448374271393,0.4973750114440918,0.17775054275989532,-0.006537407636642456,0.5240978002548218
2723,35.92110061645508,0.4627286493778229,0.5022250413894653,0.1777900755405426,-0.00558761041611433,0.5289499163627625
2724,35.93367004394531,0.4637686312198639,0.49691256880760193,0.17773517966270447,-0.023977017030119896,0.5238046050071716
2725,35.92314147949219,0.46631062030792236,0.5030375123023987,0.17778916656970978,-0.025864282622933388,0.5213460326194763
2726,35.92241287231445,0.47147706151008606,0.4968375265598297,0.1777329444885254,-0.037503212690353394,0.5334882140159607
2727,35.926326751708984,0.46212753653526306,0.5008125305175781,0.17774739861488342,-0.0255889929831028,0.4907027781009674
2728,35.92920684814453,0.46533265709877014,0.500462532043457,0.17775562405586243,-0.0028087941464036703,0.5379309058189392
2729,35.93224334716797,0.4629637598991394,0.5009875297546387,0.17777316272258759,-0.02177177555859089,0.5367404818534851
2730,35.9223518371582,0.46351227164268494,0.499750018119812,0.17776872217655182,-0.02072209306061268,0.5318388938903809
2731,35.91844177246094,0.46393558382987976,0.5039500594139099,0.17783895134925842,-0.027492398396134377,0.5423886179924011
2732,35.920860290527344,0.46787703037261963,0.49807503819465637,0.17780470848083496,0.007585020270198584,0.5504949688911438
2733,35.92521667480469,0.4655020534992218,0.49816250801086426,0.17777203023433685,-0.027807997539639473,0.5250793099403381
2734,35.9189338684082,0.4708026647567749,0.49845001101493835,0.17774447798728943,-0.014319857582449913,0.5231144428253174
2735,35.91789245605469,0.4612467885017395,0.4995250105857849,0.17773602902889252,-0.012285752221941948,0.5236286520957947
2736,35.92184066772461,0.4688551127910614,0.49937501549720764,0.1777249127626419,-0.02650308422744274,0.543161153793335
2737,35.93252944946289,0.46091800928115845,0.5014875531196594,0.1777513474225998,-0.026096617802977562,0.5264514684677124
2738,35.93135452270508,0.4660349488258362,0.5024625658988953,0.17779512703418732,0.005050096195191145,0.5247671008110046
2739,35.91975021362305,0.46903836727142334,0.501924991607666,0.17782935500144958,-0.008067876100540161,0.5197405219078064
2740,35.92475128173828,0.46475985646247864,0.4987125098705292,0.17780646681785583,0.0012598505709320307,0.5326529145240784
2741,35.936309814453125,0.45827093720436096,0.4984000027179718,0.17777802050113678,-0.018448002636432648,0.5386119484901428
2742,35.93040466308594,0.4692575931549072,0.5021000504493713,0.17781536281108856,-0.020644376054406166,0.5264816284179688
2743,35.922245025634766,0.4621925354003906,0.5020624995231628,0.17785203456878662,-0.018620362505316734,0.5223896503448486
2744,35.92784881591797,0.45485588908195496,0.4973375201225281,0.17780467867851257,-0.014182442799210548,0.5448917746543884
2745,35.92779541015625,0.46174731850624084,0.5004750490188599,0.1778131127357483,-0.01844565011560917,0.5391872525215149
2746,35.92749786376953,0.4553976356983185,0.5014874935150146,0.17783956229686737,-0.013483187183737755,0.5184925198554993
2747,35.92644119262695,0.4543133080005646,0.4996250569820404,0.17783290147781372,-0.025111138820648193,0.5283616781234741
2748,35.92503356933594,0.45633524656295776,0.4998375475406647,0.17783001065254211,0.005142549052834511,0.5187931656837463
2749,35.92664337158203,0.47119006514549255,0.4976000189781189,0.17778733372688293,-0.01356439758092165,0.5488808155059814
2750,35.93317413330078,0.46237295866012573,0.5005375146865845,0.1777968853712082,-0.0069291177205741405,0.5208132863044739
2751,35.927913665771484,0.46103206276893616,0.49592503905296326,0.1777244359254837,-0.010432370007038116,0.5108523368835449
2752,35.92230224609375,0.45569607615470886,0.49871253967285156,0.17770154774188995,-0.01495434157550335,0.5401866436004639
2753,35.92038345336914,0.4549979567527771,0.5042500495910645,0.17777706682682037,-0.009766275994479656,0.5177457332611084
2754,35.92463684082031,0.45312339067459106,0.4974500238895416,0.1777317374944687,-0.023893391713500023,0.49463966488838196
2755,35.93302536010742,0.470712274312973,0.495837539434433,0.17765776813030243,-0.039495132863521576,0.5360050797462463
2756,35.92250061035156,0.4672364294528961,0.4972875416278839,0.17760957777500153,-0.0229499451816082,0.5243577361106873
2757,35.92183303833008,0.4530530869960785,0.5008749961853027,0.1776251196861267,-0.009463354013860226,0.5418796539306641
2758,35.923606872558594,0.4521247148513794,0.5002750754356384,0.1776300072669983,-0.03215564042329788,0.5067026615142822
2759,35.934391021728516,0.4632700979709625,0.5032125115394592,0.17768707871437073,0.016926385462284088,0.5069405436515808
2760,35.92112350463867,0.4626202881336212,0.4979000389575958,0.17764976620674133,-0.030442960560321808,0.5164918899536133
2761,35.91535949707031,0.46982625126838684,0.4997875392436981,0.1776459962129593,0.0063970196060836315,0.5149703621864319
2762,35.9233512878418,0.4601743519306183,0.49812501668930054,0.17761269211769104,-0.00311203021556139,0.5448163151741028
2763,35.93333053588867,0.45796799659729004,0.49995002150535583,0.1776117980480194,-0.01997009664773941,0.5383723974227905
2764,35.920650482177734,0.44682347774505615,0.4973500370979309,0.17756472527980804,0.012944219633936882,0.5170473456382751
2765,35.92641830444336,0.4575170576572418,0.5024125576019287,0.17760756611824036,-0.02327796258032322,0.5216907262802124
2766,35.919132232666016,0.46174708008766174,0.5020875334739685,0.17764464020729065,-0.013184857554733753,0.5113222599029541
2767,35.926639556884766,0.4622398018836975,0.4999750256538391,0.17764419317245483,-0.024814244359731674,0.5159299373626709
2768,35.92894744873047,0.462048202753067,0.4993875026702881,0.17763331532478333,-0.006032461766153574,0.5233747959136963
2769,35.91640090942383,0.4678933322429657,0.49912503361701965,0.17761777341365814,-0.006252326536923647,0.5301114320755005
2770,35.93299865722656,0.45408299565315247,0.5000500082969666,0.17761866748332977,-0.03248931095004082,0.5359377264976501
2771,35.93436050415039,0.45911261439323425,0.4976000189781189,0.17757605016231537,-0.020961910486221313,0.5242992639541626
2772,35.933143615722656,0.4651351273059845,0.49908751249313354,0.17755985260009766,-0.038839783519506454,0.525121808052063
2773,35.9262580871582,0.4559552073478699,0.49781250953674316,0.1775210052728653,-0.024275582283735275,0.5342399477958679
2774,35.920021057128906,0.46985945105552673,0.4991000294685364,0.1775050312280655,-0.04305489733815193,0.5353235602378845
2775,35.92353820800781,0.46202757954597473,0.5014375448226929,0.17753055691719055,0.016103994101285934,0.5430458188056946
2776,35.93674850463867,0.4604780375957489,0.5010875463485718,0.17754985392093658,-0.021300870925188065,0.5256935954093933
2777,35.93000030517578,0.45700058341026306,0.4987625479698181,0.17752788960933685,-0.03494923934340477,0.5298569798469543
2778,35.920921325683594,0.46146437525749207,0.5012624859809875,0.1775503009557724,-0.01756392978131771,0.5161034464836121
2779,35.92585754394531,0.47097247838974,0.5039500594139099,0.17762044072151184,0.0007687483448535204,0.5209712982177734
2780,35.9283332824707,0.4615119695663452,0.5038625001907349,0.17768904566764832,-0.01464124210178852,0.5257099270820618
2781,35.927921295166016,0.4701879918575287,0.5020000338554382,0.17772458493709564,-0.002598494291305542,0.5130918622016907
2782,35.91975021362305,0.4732668697834015,0.4999375343322754,0.1777234673500061,-0.012347040697932243,0.5202141404151917
2783,35.92072296142578,0.46964558959007263,0.4999000132083893,0.17772169411182404,-0.00877333339303732,0.5145237445831299
2784,35.9288330078125,0.4710952043533325,0.5025625228881836,0.17776724696159363,0.00438112486153841,0.5189513564109802
2785,35.92759704589844,0.46101388335227966,0.4985625147819519,0.17774169147014618,-0.02235524170100689,0.5177271366119385
2786,35.9261474609375,0.45808613300323486,0.5024250149726868,0.1777847856283188,-0.01736290752887726,0.4989604949951172
2787,35.92188262939453,0.46614575386047363,0.5008875131607056,0.17780055105686188,-0.0019353943644091487,0.5021935701370239
2788,35.926944732666016,0.46162712574005127,0.49672502279281616,0.17774233222007751,-0.003786140587180853,0.5259308815002441
2789,35.93084716796875,0.46878600120544434,0.5010249614715576,0.1777605563402176,-0.0013871608534827828,0.5035470128059387
2790,35.9295768737793,0.4541604816913605,0.498537540435791,0.17773455381393433,-0.012140934355556965,0.5362210273742676
2791,35.92274856567383,0.4629518389701843,0.5037000775337219,0.17780032753944397,-0.016855623573064804,0.5352942943572998
2792,35.917301177978516,0.46506214141845703,0.49637502431869507,0.17773586511611938,1.67365087690996e-05,0.5166400671005249
2793,35.936527252197266,0.4632227122783661,0.5034250617027283,0.17779673635959625,0.0034531489945948124,0.53605717420578
2794,35.934452056884766,0.47459864616394043,0.503212571144104,0.17785385251045227,-0.034797560423612595,0.5560142397880554
2795,35.924434661865234,0.46242114901542664,0.49775001406669617,0.1778138279914856,-0.059363383799791336,0.5287971496582031
2796,35.92176818847656,0.48125073313713074,0.49598750472068787,0.17774248123168945,-0.02658737078309059,0.5294702649116516
2797,35.93146896362305,0.45966002345085144,0.5027125477790833,0.17779068648815155,-0.012528153136372566,0.5183722972869873
2798,35.930030822753906,0.4699784219264984,0.50513756275177,0.17788203060626984,-0.008112935349345207,0.5294915437698364
2799,35.933162689208984,0.456127792596817,0.4997875392436981,0.1778782606124878,0.0014853078173473477,0.554887056350708
2800,35.92763137817383,0.46929046511650085,0.5042000412940979,0.17795296013355255,0.002107691252604127,0.5353149771690369
2801,35.91884231567383,0.45945441722869873,0.4948875308036804,0.1778619885444641,-0.024086909368634224,0.5011435151100159
2802,35.92399215698242,0.46517688035964966,0.4998375177383423,0.1778590977191925,-0.018061308190226555,0.5395573973655701
2803,35.93340301513672,0.47103357315063477,0.5033625364303589,0.1779189109802246,-0.011631697416305542,0.5202457904815674
2804,35.92070770263672,0.47560450434684753,0.5002750158309937,0.17792381346225739,-0.02098553627729416,0.5355684161186218
2805,35.913475036621094,0.4663952589035034,0.49803751707077026,0.1778889000415802,-0.023898882791399956,0.5089642405509949
2806,35.91453552246094,0.4702160358428955,0.5000874996185303,0.17789044976234436,-0.028190188109874725,0.5377417802810669
2807,35.92488098144531,0.4557796120643616,0.49892500042915344,0.17787131667137146,0.007255450822412968,0.5617396235466003
2808,35.93359375,0.4578224718570709,0.5015000104904175,0.17789798974990845,0.02362758480012417,0.5201732516288757
2809,35.920806884765625,0.4687914550304413,0.5009125471115112,0.17791423201560974,-0.005808561109006405,0.538330614566803
2810,35.92374038696289,0.46909597516059875,0.49995002150535583,0.1779133379459381,-0.003610045649111271,0.5366368293762207
2811,35.92954635620117,0.4588407278060913,0.49914997816085815,0.17789821326732635,-0.006913079414516687,0.5217275619506836
2812,35.9341926574707,0.458199143409729,0.500087559223175,0.17789976298809052,0.0074865794740617275,0.5420143604278564
2813,35.9286003112793,0.4614041745662689,0.4985000193119049,0.17787307500839233,-0.018450044095516205,0.5342365503311157
2814,35.92434310913086,0.4500763416290283,0.4990750253200531,0.17785662412643433,-0.012884754687547684,0.5450910329818726
2815,35.919334411621094,0.45561879873275757,0.5011875033378601,0.177877739071846,0.005429437849670649,0.5312479734420776
2816,35.933685302734375,0.45686694979667664,0.4997250437736511,0.17787285149097443,-0.004404234699904919,0.5286148190498352
2817,35.9301643371582,0.4609973430633545,0.49810004234313965,0.17783905565738678,-0.01571301743388176,0.5224708914756775
2818,35.91974639892578,0.4537985622882843,0.4986500144004822,0.1778150498867035,-0.01745220087468624,0.5283681154251099
2819,35.92316818237305,0.4604816138744354,0.499750018119812,0.17781060934066772,-0.027765443548560143,0.5245154500007629
2820,35.92942428588867,0.452225923538208,0.49943751096725464,0.17780061066150665,-0.016963792964816093,0.5319281816482544
2821,35.93504333496094,0.4513638913631439,0.5026749968528748,0.17784817516803741,-0.003453730372712016,0.5286017060279846
2822,35.922019958496094,0.45578882098197937,0.5036374926567078,0.1779128611087799,-0.04476349428296089,0.5201256275177002
2823,35.928409576416016,0.4553556740283966,0.4964125156402588,0.17784903943538666,-0.023463277146220207,0.5443591475486755
2824,35.9309196472168,0.4524594247341156,0.49767500162124634,0.17780768871307373,-0.009788202121853828,0.5245893001556396
2825,35.93483352661133,0.4427044987678528,0.49778756499290466,0.17776834964752197,0.000102363592304755,0.5164316892623901
2826,35.92647171020508,0.4575038254261017,0.4961375296115875,0.17769968509674072,-0.01578349620103836,0.5198867917060852
2827,35.9295768737793,0.4587584435939789,0.5025750398635864,0.17774544656276703,-0.0050972686149179935,0.5137430429458618
2828,35.93459701538086,0.4495921730995178,0.49656251072883606,0.17768435180187225,-0.02335108444094658,0.5158501863479614
2829,35.93239212036133,0.45513200759887695,0.5023375153541565,0.1777258962392807,0.028708187863230705,0.5302594304084778
2830,35.926753997802734,0.4565887451171875,0.5007875561714172,0.17773990333080292,-0.010464138351380825,0.5195407867431641
2831,35.92338562011719,0.45113423466682434,0.5005750060081482,0.1777501106262207,-0.014778120443224907,0.5292328596115112
2832,35.93094253540039,0.45243746042251587,0.49890005588531494,0.17773056030273438,-0.014161617495119572,0.5272289514541626
2833,35.92919158935547,0.4574868977069855,0.499162495136261,0.17771567404270172,-0.00012194037844892591,0.5128500461578369
2834,35.92608642578125,0.44961270689964294,0.4978000223636627,0.17767657339572906,-0.0015517502324655652,0.5232500433921814
2835,35.91771697998047,0.45664116740226746,0.5028250217437744,0.17772677540779114,-0.02079831436276436,0.5139859914779663
2836,35.92753219604492,0.4500240683555603,0.49623751640319824,0.17765991389751434,-0.023436298593878746,0.5041420459747314
2837,35.926841735839844,0.45954206585884094,0.49726250767707825,0.17761127650737762,-0.009375138208270073,0.5389174818992615
2838,35.92790222167969,0.45443055033683777,0.5035750269889832,0.1776747703552246,-0.0007053518784232438,0.5179465413093567
2839,35.91999053955078,0.4633899927139282,0.5004374980926514,0.1776825487613678,-0.015891697257757187,0.5215294361114502
2840,35.92670822143555,0.4555146396160126,0.5015750527381897,0.17771053314208984,-0.0023022766690701246,0.5277866721153259
2841,35.92572021484375,0.44938820600509644,0.49729999899864197,0.17766255140304565,-0.040046464651823044,0.5377030968666077
2842,35.92380142211914,0.4509051442146301,0.5027999877929688,0.1777123063802719,-0.0009140868787653744,0.5132636427879333
2843,35.92577362060547,0.4526256322860718,0.49720004200935364,0.17766253650188446,-0.017484692856669426,0.5386322140693665
2844,35.93209457397461,0.46636348962783813,0.49857503175735474,0.1776372194290161,-0.0033465835731476545,0.530450165271759
2845,35.93549346923828,0.45365601778030396,0.5015250444412231,0.17766430974006653,-0.010448351502418518,0.5496944785118103
2846,35.92798614501953,0.4521748125553131,0.4960625171661377,0.1775943487882614,-0.03101855143904686,0.5205127596855164
2847,35.9301872253418,0.44872158765792847,0.5000500679016113,0.17759524285793304,-0.009739912115037441,0.5087747573852539
2848,35.93174743652344,0.44910237193107605,0.4985000193119049,0.17756859958171844,-0.006726925261318684,0.5301475524902344
2849,35.92222213745117,0.45008108019828796,0.5022750496864319,0.17760898172855377,-0.006475535221397877,0.5176032185554504
2850,35.92722702026367,0.45879244804382324,0.5024375319480896,0.1776522845029831,-0.02417091093957424,0.5270709991455078
2851,35.92516326904297,0.4605124890804291,0.5029250383377075,0.17770425975322723,-0.003330861683934927,0.5329341292381287
2852,35.928890228271484,0.459814190864563,0.5002000331878662,0.17770782113075256,-0.025701092556118965,0.5516048073768616
2853,35.92787551879883,0.44658270478248596,0.5006124973297119,0.17771871387958527,0.0046193841844797134,0.5195383429527283
2854,35.930419921875,0.4558257460594177,0.5011875033378601,0.17773981392383575,-0.020555753260850906,0.5372657775878906
2855,35.919307708740234,0.4509592056274414,0.5004374980926514,0.17774759232997894,0.0018136769067496061,0.5299383401870728
2856,35.92154312133789,0.44813114404678345,0.4984375238418579,0.1777198165655136,-0.007365452125668526,0.522817850112915
2857,35.92758560180664,0.45130157470703125,0.5000374913215637,0.17772047221660614,0.00841601099818945,0.5134826898574829
2858,35.93571853637695,0.451927125453949,0.49733754992485046,0.17767314612865448,0.0029127674642950296,0.5197176933288574
2859,35.92854309082031,0.45792528986930847,0.49637502431869507,0.17760874330997467,-0.009066227823495865,0.5453975200653076
2860,35.92289733886719,0.458936870098114,0.4950375258922577,0.17752060294151306,0.027790479362010956,0.5267396569252014
2861,35.91958236694336,0.4437127709388733,0.49611252546310425,0.17745159566402435,-0.027055028825998306,0.5116736888885498
2862,35.931941986083984,0.447688490152359,0.5019250512123108,0.17748576402664185,0.0013776794075965881,0.508953869342804
2863,35.92880630493164,0.44902369379997253,0.5008875131607056,0.17750149965286255,-0.034064944833517075,0.49723878502845764
2864,35.929439544677734,0.45595285296440125,0.49783751368522644,0.1774631142616272,0.00012747956498060375,0.5319621562957764
2865,35.924896240234375,0.4421411454677582,0.49857503175735474,0.17743782699108124,-0.012964812107384205,0.5225460529327393
2866,35.92047119140625,0.43921804428100586,0.4982500672340393,0.17740677297115326,-0.0406888984143734,0.5414969325065613
2867,35.91905212402344,0.4563264846801758,0.5018625855445862,0.17743980884552002,-0.004863608628511429,0.5434696674346924
2868,35.93240737915039,0.446973979473114,0.5020250678062439,0.17747575044631958,0.027346966788172722,0.5227729678153992
2869,35.92176818847656,0.46195101737976074,0.4997750520706177,0.17747175693511963,-0.003290872322395444,0.5163707137107849
2870,35.91844177246094,0.456053763628006,0.49976253509521484,0.17746753990650177,-0.0307846050709486,0.5238193869590759
2871,35.919864654541016,0.4560469686985016,0.5037750005722046,0.1775345355272293,-0.044379107654094696,0.5217466354370117
2872,35.92479705810547,0.4518257975578308,0.4997875392436981,0.17753076553344727,-0.03675707429647446,0.5263283848762512
2873,35.93016815185547,0.4552704989910126,0.503587543964386,0.17759445309638977,-0.0019154218025505543,0.531910240650177
2874,35.9246711730957,0.45077043771743774,0.5022374987602234,0.17763419449329376,-0.00657649477943778,0.5363978743553162
2875,35.9201545715332,0.45387768745422363,0.4971500337123871,0.17758357524871826,-0.032601792365312576,0.5070855617523193
2876,35.9249153137207,0.4503198266029358,0.5045875310897827,0.17766503989696503,-0.037480562925338745,0.5079100728034973
2877,35.92314529418945,0.4537484049797058,0.5006750226020813,0.17767702043056488,-0.01714298315346241,0.533117413520813
2878,35.92686462402344,0.44919320940971375,0.5014375448226929,0.17770256102085114,-0.03479771688580513,0.5371541976928711
2879,35.92192459106445,0.4456203877925873,0.5004750490188599,0.17771099507808685,-0.0009645710233598948,0.5011950731277466
2880,35.92082595825195,0.45601627230644226,0.5010249614715576,0.17772921919822693,-0.016394279897212982,0.5330036282539368
2881,35.9284782409668,0.4448063373565674,0.49787503480911255,0.17769145965576172,-0.016536390408873558,0.5262739062309265
2882,35.93024444580078,0.445316344499588,0.5021750330924988,0.17773011326789856,-0.011802587658166885,0.5152538418769836
2883,35.9244270324707,0.44535887241363525,0.49980005621910095,0.17772656679153442,-0.017584549263119698,0.548289954662323
2884,35.92526626586914,0.4537705183029175,0.4993875324726105,0.17771567404270172,-0.018607087433338165,0.5245652198791504
2885,35.92783737182617,0.4398210644721985,0.4996374845504761,0.17770923674106598,-0.03003709204494953,0.535595178604126
2886,35.923954010009766,0.4391176700592041,0.4976250231266022,0.1776670217514038,-0.01285954937338829,0.5314769148826599
2887,35.92845916748047,0.4446069300174713,0.5026000142097473,0.17771321535110474,0.0009222965454682708,0.5317471027374268
2888,35.926212310791016,0.43974268436431885,0.49980002641677856,0.1777096539735794,-0.017272187396883965,0.5128366947174072
2889,35.9239501953125,0.45088082551956177,0.4972750246524811,0.1776612251996994,-0.008550962433218956,0.5175624489784241
2890,35.92050552368164,0.44466477632522583,0.5026000142097473,0.17770741879940033,-0.009715110063552856,0.5377073884010315
2891,35.928165435791016,0.4518219828605652,0.5046499967575073,0.1777900606393814,-0.028361359611153603,0.5188562273979187
2892,35.93204879760742,0.43958958983421326,0.5007750391960144,0.17780384421348572,-0.006233688443899155,0.5137322545051575
2893,35.92698287963867,0.43678510189056396,0.4998375475406647,0.1778009533882141,-0.022559188306331635,0.4959769546985626
2894,35.92638397216797,0.454572468996048,0.501550018787384,0.17782850563526154,-0.02384210005402565,0.5190109014511108
2895,35.92128372192383,0.450284481048584,0.5018875598907471,0.17786206305027008,-0.02923724055290222,0.5114556550979614
2896,35.931026458740234,0.4446660280227661,0.499875009059906,0.1778598427772522,-0.010654225014150143,0.5331817269325256
2897,35.92356872558594,0.45047295093536377,0.501675009727478,0.1778896301984787,-0.02701341174542904,0.5278646349906921
2898,35.93131637573242,0.442160964012146,0.4993000328540802,0.17787718772888184,-0.001890055718831718,0.5348294973373413
2899,35.92960739135742,0.44828394055366516,0.5028875470161438,0.17792855203151703,0.006568469572812319,0.5376579761505127
2900,35.92837905883789,0.44550803303718567,0.4989125430583954,0.17790921032428741,-0.016158577054739,0.5313673615455627
2901,35.93461608886719,0.4496215283870697,0.4981125295162201,0.17787562310695648,-0.017149709165096283,0.5191489458084106
2902,35.93131637573242,0.4550424814224243,0.49726250767707825,0.177826926112175,-0.007443026173859835,0.5470249652862549
2903,35.92548370361328,0.44322872161865234,0.5005000233650208,0.17783580720424652,-0.012308935634791851,0.5467552542686462
2904,35.927181243896484,0.44496950507164,0.4961875379085541,0.17776800692081451,-0.018550358712673187,0.531172513961792
2905,35.91977310180664,0.4440193772315979,0.4996500611305237,0.17776179313659668,-0.009069153107702732,0.5172724723815918
2906,35.92435836791992,0.4417569637298584,0.498537540435791,0.17773579061031342,-0.013039280660450459,0.5226243138313293
2907,35.9190673828125,0.450540691614151,0.49857503175735474,0.17771045863628387,-0.004256708547472954,0.532101571559906
2908,35.92227554321289,0.44943252205848694,0.49631252884864807,0.17764492332935333,-0.02697799913585186,0.5204428434371948
2909,35.9273681640625,0.4426860213279724,0.5025750398635864,0.17769066989421844,-0.029963478446006775,0.5299292206764221
2910,35.91932678222656,0.4561827778816223,0.5018750429153442,0.1777239888906479,-0.02754109352827072,0.5213407874107361
2911,35.916229248046875,0.4453045725822449,0.5031375288963318,0.17777974903583527,-0.004090300761163235,0.5460653901100159
2912,35.92955780029297,0.4496110677719116,0.5017500519752502,0.17781086266040802,-0.0002517600078135729,0.5424985289573669
2913,35.9267578125,0.4474816918373108,0.5005000233650208,0.17781974375247955,0.009443385526537895,0.5313704013824463
2914,35.927860260009766,0.449211984872818,0.500087559223175,0.1778212934732437,-0.008944991044700146,0.5428735017776489
2915,35.92897415161133,0.44457677006721497,0.500950038433075,0.17783819139003754,-0.018402565270662308,0.5297343134880066
2916,35.92002868652344,0.4412500560283661,0.499875009059906,0.17783597111701965,0.017849864438176155,0.5271486639976501
2917,35.92488479614258,0.44406071305274963,0.5001250505447388,0.17783819139003754,-0.05877869948744774,0.544854462146759
2918,35.928585052490234,0.44031378626823425,0.5001250505447388,0.17784041166305542,-0.01947498321533203,0.5097323060035706
2919,35.92726135253906,0.44340285658836365,0.49830004572868347,0.1778101772069931,-0.015276899561285973,0.5173477530479431
2920,35.92719268798828,0.44956856966018677,0.5029374957084656,0.17786240577697754,-0.026621125638484955,0.5343196988105774
2921,35.9231071472168,0.4515349268913269,0.5011125206947327,0.17788219451904297,0.01678694784641266,0.5213746428489685
2922,35.928646087646484,0.453311949968338,0.5014375448226929,0.1779077649116516,-0.015875663608312607,0.530113697052002
2923,35.91874694824219,0.4549899995326996,0.5037125945091248,0.17797380685806274,-0.01786123588681221,0.5385385751724243
2924,35.925498962402344,0.45107871294021606,0.5011125206947327,0.17799359560012817,0.006930130999535322,0.5389028191566467
2925,35.92646026611328,0.4474767744541168,0.5001875162124634,0.1779969334602356,-0.0167915727943182,0.5227744579315186
2926,35.921875,0.4454244375228882,0.5006124973297119,0.1780078411102295,-0.033382218331098557,0.5165029168128967
2927,35.91496276855469,0.4511336088180542,0.5027625560760498,0.1780570149421692,-0.01891426183283329,0.5256392359733582
2928,35.92900466918945,0.4394121468067169,0.5032250881195068,0.17811442911624908,-0.016799738630652428,0.5204110741615295
2929,35.924625396728516,0.4448198974132538,0.4980250597000122,0.1780792623758316,-0.0017354742158204317,0.5135284066200256
2930,35.92143249511719,0.4486224353313446,0.49765005707740784,0.17803740501403809,-0.012481730431318283,0.5415616035461426
2931,35.92691421508789,0.4431905150413513,0.49902501702308655,0.17802004516124725,-0.0234806090593338,0.5178210735321045
2932,35.924190521240234,0.4361509084701538,0.5014625191688538,0.1780460774898529,-0.03830345347523689,0.5158483386039734
2933,35.931358337402344,0.4513276517391205,0.5000500082969666,0.17804697155952454,-0.024565793573856354,0.5175219178199768
2934,35.922393798828125,0.4347681701183319,0.5015375018119812,0.17807434499263763,-0.003480843733996153,0.5171971917152405
2935,35.935760498046875,0.4547662138938904,0.5014749765396118,0.1781006008386612,-0.03304367884993553,0.509279727935791
2936,35.93294143676758,0.4462243914604187,0.5004000067710876,0.17810773849487305,0.004969974979758263,0.5223661065101624
2937,35.931793212890625,0.44426023960113525,0.4988250136375427,0.17808681726455688,0.0012263561366125941,0.5310712456703186
2938,35.92695999145508,0.4390257000923157,0.49995002150535583,0.17808592319488525,0.001335617620497942,0.5143625140190125
2939,35.92456817626953,0.44942381978034973,0.49886250495910645,0.17806567251682281,-0.03808854892849922,0.511924147605896
2940,35.932186126708984,0.43888238072395325,0.493925005197525,0.17795750498771667,-0.004434358794242144,0.5130578875541687
2941,35.93074035644531,0.45541977882385254,0.5016875267028809,0.17798754572868347,-0.01583384908735752,0.5198217034339905
2942,35.930850982666016,0.4408230781555176,0.5018500685691833,0.17802047729492188,-0.015465795993804932,0.49938488006591797
2943,35.9284782409668,0.4508444368839264,0.49869999289512634,0.17799733579158783,-0.03551951050758362,0.5203646421432495
2944,35.92534255981445,0.44035348296165466,0.5011875033378601,0.1780184656381607,-0.024407869204878807,0.5063261389732361
2945,35.928165435791016,0.4412769377231598,0.500212550163269,0.17802223563194275,0.02363002859055996,0.5160260796546936
2946,35.92600631713867,0.44677233695983887,0.5002625584602356,0.17802689969539642,-0.013067370280623436,0.517770528793335
2947,35.9259147644043,0.4428406059741974,0.4970625340938568,0.1779746115207672,0.0016048012766987085,0.5285740494728088
2948,35.92734146118164,0.44024890661239624,0.499625027179718,0.17796793580055237,-0.0009740557870827615,0.5093138813972473
2949,35.926055908203125,0.44326546788215637,0.49835002422332764,0.1779385805130005,-0.006829116027802229,0.5315061807632446
2950,35.92780685424805,0.44889068603515625,0.4993375241756439,0.17792679369449615,-0.023708581924438477,0.5297520756721497
2951,35.91984939575195,0.4351651668548584,0.4950999915599823,0.17783960700035095,-0.01945977658033371,0.514393150806427
2952,35.914859771728516,0.45237261056900024,0.500087559223175,0.1778411567211151,-0.017739765346050262,0.5254343152046204
2953,35.92022705078125,0.4481201171875,0.5011250376701355,0.17786116898059845,0.011655531823635101,0.5412890911102295
2954,35.9266242980957,0.458967387676239,0.5031875371932983,0.17791786789894104,-0.014251751825213432,0.5427941679954529
2955,35.92972946166992,0.4360014498233795,0.49973753094673157,0.17791320383548737,-0.03099103271961212,0.5306124687194824
2956,35.9218635559082,0.4489727318286896,0.5001625418663025,0.17791609466075897,-0.014613809995353222,0.5310018658638
2957,35.92631530761719,0.4404223561286926,0.5052125453948975,0.17800883948802948,-0.0027228379622101784,0.5266771912574768
2958,35.9342155456543,0.43736493587493896,0.49611255526542664,0.17793963849544525,-0.009657984599471092,0.5032545328140259
2959,35.93275833129883,0.43411004543304443,0.49867501854896545,0.17791606485843658,-0.00024652958381921053,0.5180738568305969
2960,35.928165435791016,0.4363020062446594,0.4976625442504883,0.17787447571754456,-0.03142933174967766,0.5169939994812012
2961,35.92205047607422,0.4580663740634918,0.5013750195503235,0.17789892852306366,-0.01836676523089409,0.5289075970649719
2962,35.93359375,0.43607285618782043,0.5007249712944031,0.17791181802749634,-0.0011601238511502743,0.5141907930374146
2963,35.934486389160156,0.44912460446357727,0.4993375241756439,0.177900031208992,-0.011938604526221752,0.5379407405853271
2964,35.934715270996094,0.4433237910270691,0.500712513923645,0.17791271209716797,-0.07313414663076401,0.5160950422286987
2965,35.92456817626953,0.44399887323379517,0.49588754773139954,0.17783954739570618,-0.018535073846578598,0.5152771472930908
2966,35.9282341003418,0.44137656688690186,0.5000625252723694,0.17784065008163452,-0.03152712807059288,0.5227029323577881
2967,35.941497802734375,0.44682371616363525,0.5036500692367554,0.17790555953979492,-0.0015238424530252814,0.5294363498687744
2968,35.927371978759766,0.43592405319213867,0.5006375312805176,0.17791689932346344,0.0016317801782861352,0.5395386219024658
2969,35.92304229736328,0.44039466977119446,0.49768751859664917,0.17787575721740723,-0.01163103710860014,0.5232324004173279
2970,35.92438888549805,0.437841534614563,0.5016750693321228,0.17790554463863373,-0.030413838103413582,0.5320475101470947
2971,35.92937469482422,0.439413845539093,0.5013500452041626,0.17792955040931702,-0.012991804629564285,0.5286538004875183
2972,35.92857360839844,0.4342098832130432,0.4970625638961792,0.1778772920370102,-0.00898716039955616,0.5284762382507324
2973,35.93196105957031,0.4448007643222809,0.5013999938964844,0.1779021918773651,0.00765013275668025,0.5236430764198303
2974,35.92439270019531,0.438523530960083,0.5033125281333923,0.17796112596988678,-0.02211305871605873,0.5299038887023926
2975,35.92125701904297,0.4341738224029541,0.503587543964386,0.17802496254444122,0.0018592983251437545,0.5525916218757629
2976,35.92623519897461,0.44410327076911926,0.5058625340461731,0.17812933027744293,-0.00362866697832942,0.5193459987640381
2977,35.92694091796875,0.4487726390361786,0.5009875297546387,0.17814691364765167,-0.012640696950256824,0.5174060463905334
2978,35.92708969116211,0.4454508125782013,0.49646255373954773,0.1780838966369629,-0.015751654282212257,0.5388118624687195
2979,35.917301177978516,0.44577908515930176,0.5007250308990479,0.17809680104255676,-0.00473502092063427,0.5247134566307068
2980,35.93274688720703,0.44388437271118164,0.5034375190734863,0.17815802991390228,-0.014550844207406044,0.5213253498077393
2981,35.93098831176758,0.4316439926624298,0.497700035572052,0.1781170517206192,-0.003127048723399639,0.5220087170600891
2982,35.93049240112305,0.4422343075275421,0.5015875101089478,0.17814533412456512,-0.013659893535077572,0.5315644145011902
2983,35.92264175415039,0.4421939253807068,0.49828752875328064,0.17811483144760132,-0.02926739864051342,0.530823290348053
2984,35.93351364135742,0.4454443156719208,0.49668753147125244,0.17805583775043488,-0.009427441284060478,0.5253753662109375
2985,35.929725646972656,0.4366782605648041,0.5017625093460083,0.17808720469474792,0.016199201345443726,0.5325703024864197
2986,35.93456268310547,0.43881845474243164,0.5001250505447388,0.178089439868927,-0.027262749150395393,0.5217403769493103
2987,35.933773040771484,0.4475949704647064,0.4967375099658966,0.1780313402414322,-0.026121480390429497,0.5176986455917358
2988,35.921852111816406,0.43926572799682617,0.4990375339984894,0.17801420390605927,-0.013336298987269402,0.5141545534133911
2989,35.92481231689453,0.44014307856559753,0.49900001287460327,0.17799639701843262,-0.014463575556874275,0.5243979692459106
2990,35.933311462402344,0.4347955882549286,0.5011625289916992,0.17801707983016968,-0.009079746901988983,0.5275905728340149
2991,35.930503845214844,0.43915119767189026,0.49847498536109924,0.1779899299144745,-0.006073906552046537,0.5107065439224243
2992,35.92573928833008,0.44278964400291443,0.497887521982193,0.1779523342847824,-0.014812307432293892,0.5336636900901794
2993,35.91550827026367,0.4337976574897766,0.4962625503540039,0.17788583040237427,-0.001962577924132347,0.5338643789291382
2994,35.931365966796875,0.44130823016166687,0.5002375245094299,0.17789004743099213,-0.0044419788755476475,0.5284273624420166
2995,35.93086624145508,0.44098523259162903,0.49807503819465637,0.17785580456256866,0.0032678020652383566,0.5255207419395447
2996,35.9229621887207,0.439005583524704,0.49707499146461487,0.17780378460884094,-0.04181797057390213,0.4951106905937195
2997,35.920249938964844,0.44100454449653625,0.5007250308990479,0.17781667411327362,-0.013139525428414345,0.5077178478240967
2998,35.92192459106445,0.4391457438468933,0.4988250434398651,0.17779578268527985,-0.0015195446321740746,0.5088773369789124
2999,35.92780685424805,0.43642106652259827,0.4983125329017639,0.17776578664779663,-0.012374872341752052,0.5251641869544983
3000,35.92654037475586,0.4427677094936371,0.502750039100647,0.17781467735767365,-0.0022042118944227695,0.5222147107124329
3001,35.921913146972656,0.4403802156448364,0.5006499886512756,0.17782622575759888,-0.007198783103376627,0.5265272855758667
3002,35.917991638183594,0.4415845274925232,0.498262494802475,0.17779533565044403,-0.037695564329624176,0.5095662474632263
3003,35.927650451660156,0.4278552830219269,0.49951252341270447,0.1777866631746292,0.010405567474663258,0.5328567028045654
3004,35.9284553527832,0.44119521975517273,0.5056625008583069,0.17788733541965485,-0.01032817643135786,0.5255597233772278
3005,35.92679214477539,0.435863733291626,0.4981500208377838,0.17785441875457764,-0.014325744472444057,0.5274847149848938
3006,35.91770553588867,0.44581905007362366,0.4968375563621521,0.17779816687107086,-0.009763220325112343,0.5304880142211914
3007,35.92402648925781,0.42918136715888977,0.4993875026702881,0.17778727412223816,-0.015733418986201286,0.5336591601371765
3008,35.92149353027344,0.43125250935554504,0.507312536239624,0.1779172718524933,-0.013968069106340408,0.5478143692016602
3009,35.9271240234375,0.44148463010787964,0.5003500580787659,0.17792350053787231,-0.009754180908203125,0.5102620124816895
3010,35.922950744628906,0.4371113181114197,0.4996500611305237,0.1779172718524933,0.007205796893686056,0.5399694442749023
3011,35.925357818603516,0.4415815770626068,0.49935004115104675,0.17790570855140686,-0.05147356539964676,0.5302411317825317
3012,35.91996383666992,0.43931618332862854,0.4981500208377838,0.17787279188632965,0.007290250156074762,0.5301088690757751
3013,35.92300796508789,0.43631845712661743,0.4981875419616699,0.17784054577350616,0.009919308125972748,0.5381967425346375
3014,35.928565979003906,0.43557488918304443,0.5014875531196594,0.17786701023578644,-0.02659735642373562,0.528252124786377
3015,35.928829193115234,0.4375055432319641,0.5022749900817871,0.17790746688842773,-0.016377972438931465,0.5306568741798401
3016,35.93075180053711,0.4311746656894684,0.4987500309944153,0.1778852343559265,-0.025981130078434944,0.5376257300376892
3017,35.922630310058594,0.43309009075164795,0.501537561416626,0.17791259288787842,-0.0168034378439188,0.5134543776512146
3018,35.922325134277344,0.4331802427768707,0.49995002150535583,0.1779116988182068,0.011344077065587044,0.5219477415084839
3019,35.925804138183594,0.4334488809108734,0.5020124912261963,0.1779475063085556,-0.025378186255693436,0.5353440046310425
3020,35.92624282836914,0.4294896125793457,0.4982750415802002,0.17791680991649628,0.0010484256781637669,0.5145673155784607
3021,35.918785095214844,0.43561699986457825,0.5026375651359558,0.1779637485742569,-0.034560106694698334,0.5297040939331055
3022,35.92517852783203,0.43638256192207336,0.5039750337600708,0.1780344843864441,-1.82933817995945e-05,0.5115551352500916
3023,35.924617767333984,0.429504930973053,0.4976000189781189,0.17799176275730133,0.01091756857931614,0.5245103240013123
3024,35.928951263427734,0.43705064058303833,0.500212550163269,0.17799553275108337,-0.010033989325165749,0.5064887404441833
3025,35.92528533935547,0.4382942318916321,0.5002000331878662,0.1779990941286087,-0.0015460834838449955,0.5309897065162659
3026,35.926143646240234,0.43134576082229614,0.5016624927520752,0.17802868783473969,-0.007952461950480938,0.4995499849319458
3027,35.918392181396484,0.4317074120044708,0.4949750602245331,0.17793923616409302,-0.026110956445336342,0.5343437194824219
3028,35.9276008605957,0.43750444054603577,0.4992625415325165,0.17792612314224243,-0.020841047167778015,0.5183296799659729
3029,35.92693328857422,0.44007980823516846,0.49800002574920654,0.17789053916931152,-0.02642117068171501,0.5204100608825684
3030,35.92325973510742,0.44116947054862976,0.49740004539489746,0.17784428596496582,-0.010305815376341343,0.5268884301185608
3031,35.92619323730469,0.4290773272514343,0.49863752722740173,0.17782005667686462,0.009244947694242,0.5158550143241882
3032,35.930015563964844,0.42707425355911255,0.5009250640869141,0.17783650755882263,-0.022755105048418045,0.5238620042800903
3033,35.9296989440918,0.4285115897655487,0.4970875382423401,0.17778471112251282,-0.004631686490029097,0.5386564135551453
3034,35.93304443359375,0.4384745955467224,0.5017125606536865,0.17781516909599304,-0.03910990059375763,0.5427750945091248
3035,35.92176818847656,0.4381955862045288,0.5024750232696533,0.17785917222499847,0.008832084946334362,0.5430551171302795
3036,35.926692962646484,0.432949036359787,0.501912534236908,0.17789317667484283,-0.02125041000545025,0.5180389881134033
3037,35.923431396484375,0.43071234226226807,0.4951125383377075,0.17780622839927673,-0.003339942079037428,0.5168223977088928
3038,35.91533660888672,0.44058388471603394,0.49732503294944763,0.17775866389274597,-0.021843930706381798,0.49459683895111084
3039,35.91856002807617,0.4467523396015167,0.5005625486373901,0.17776866257190704,-0.021452171728014946,0.5170543789863586
3040,35.92824172973633,0.4376761019229889,0.5005375742912292,0.1777782142162323,0.01205072458833456,0.5398891568183899
3041,35.92996597290039,0.43375858664512634,0.4982500374317169,0.17774710059165955,-0.012049594894051552,0.5324188470840454
3042,35.922882080078125,0.43882715702056885,0.497700035572052,0.17770621180534363,-0.02824374847114086,0.5137035250663757
3043,35.92431640625,0.43752238154411316,0.49778756499290466,0.17766688764095306,-0.039377085864543915,0.5188130140304565
3044,35.9212760925293,0.434455931186676,0.497825026512146,0.17762824892997742,0.0031265246216207743,0.531451940536499
3045,35.92716598510742,0.43654966354370117,0.5029750466346741,0.177681103348732,-0.01286693662405014,0.5325119495391846
3046,35.923667907714844,0.4295545518398285,0.4985375702381134,0.17765511572360992,-0.009865671396255493,0.5245033502578735
3047,35.92232131958008,0.4261859357357025,0.5007625222206116,0.17766867578029633,-0.007068126928061247,0.5516766309738159
3048,35.927947998046875,0.43205875158309937,0.5007249712944031,0.1776815503835678,-0.013634621165692806,0.5182377696037292
3049,35.922489166259766,0.43115338683128357,0.4973375201225281,0.17763423919677734,-0.016944842413067818,0.5250757932662964
3050,35.925086975097656,0.43333354592323303,0.5010875463485718,0.17765355110168457,-0.015817537903785706,0.5169574022293091
3051,35.92973327636719,0.435626357793808,0.4990500211715698,0.17763666808605194,-0.026874352246522903,0.5316764712333679
3052,35.928348541259766,0.4441414475440979,0.4979875087738037,0.1776009202003479,-0.023367710411548615,0.5403525829315186
3053,35.92472457885742,0.42619577050209045,0.5000250339508057,0.17760136723518372,0.008442780002951622,0.5360698103904724
3054,35.92787170410156,0.4353146553039551,0.5033375024795532,0.17766064405441284,-0.0019634279888123274,0.5374758243560791
3055,35.928890228271484,0.43325182795524597,0.5013875365257263,0.17768529057502747,0.004517223685979843,0.521952748298645
3056,35.921390533447266,0.4362466633319855,0.5036875009536743,0.17775081098079681,0.0007202454144135118,0.5481451749801636
3057,35.92787551879883,0.436370849609375,0.5022875070571899,0.17779147624969482,-0.045198649168014526,0.5419307947158813
3058,35.92991638183594,0.43145936727523804,0.49915003776550293,0.17777636647224426,-0.02504999190568924,0.5013354420661926
3059,35.92711639404297,0.4323427975177765,0.49768751859664917,0.17773525416851044,-0.014527800492942333,0.5223153233528137
3060,35.92434310913086,0.4329715967178345,0.497887521982193,0.17769770324230194,0.014055642299354076,0.5165753960609436
3061,35.928733825683594,0.4340938627719879,0.5008875131607056,0.17771346867084503,-0.004989252425730228,0.5395551919937134
3062,35.93419647216797,0.4241913855075836,0.4987250566482544,0.1776908040046692,-0.0017338353209197521,0.5170132517814636
3063,35.92535400390625,0.4203816056251526,0.49695003032684326,0.17763660848140717,-0.01202954351902008,0.5412149429321289
3064,35.9206428527832,0.43756741285324097,0.5028125047683716,0.17768655717372894,-0.0048487139865756035,0.5247982144355774
3065,35.92243194580078,0.424250990152359,0.4969625473022461,0.17763258516788483,0.00328911398537457,0.5321764945983887
3066,35.928558349609375,0.4312252104282379,0.500337541103363,0.17763857543468475,-0.015007155016064644,0.544098436832428
3067,35.929359436035156,0.4289896488189697,0.5025375485420227,0.17768366634845734,-0.017021283507347107,0.5056818723678589
3068,35.92355728149414,0.4331325590610504,0.49945002794265747,0.17767389118671417,-0.011226976290345192,0.5308420062065125
3069,35.91404724121094,0.4324362576007843,0.5028625130653381,0.17772474884986877,-0.012675159610807896,0.5191692113876343
3070,35.92601776123047,0.4250865876674652,0.5026749968528748,0.17777229845523834,-0.012919792905449867,0.5378715395927429
3071,35.9262809753418,0.42966634035110474,0.502625048160553,0.17781896889209747,-0.005781687796115875,0.5226828455924988
3072,35.9305305480957,0.43065324425697327,0.500462532043457,0.17782719433307648,-0.027110882103443146,0.509495735168457
3073,35.92530822753906,0.4335794448852539,0.500212550163269,0.17783096432685852,-0.004294096026569605,0.521783173084259
3074,35.92277526855469,0.4318528175354004,0.503350019454956,0.17789053916931152,-0.0002834687475115061,0.5506464838981628
3075,35.940826416015625,0.440218448638916,0.5008749961853027,0.1779061108827591,-0.016871174797415733,0.5260144472122192
3076,35.92263412475586,0.4418041706085205,0.4978500008583069,0.1778678596019745,-0.0066869561560451984,0.5130181312561035
3077,35.920169830322266,0.42657068371772766,0.501675009727478,0.177897647023201,-0.007274792063981295,0.5345704555511475
3078,35.93293380737305,0.4300902485847473,0.49672505259513855,0.17783939838409424,-0.011847421526908875,0.5156210064888
3079,35.931983947753906,0.42883428931236267,0.49732503294944763,0.17779181897640228,0.005933085922151804,0.5412638783454895
3080,35.93108367919922,0.421213835477829,0.49710002541542053,0.17774026095867157,0.008428255096077919,0.5257605910301208
3081,35.923797607421875,0.43084752559661865,0.497762531042099,0.1777004897594452,-0.00689318310469389,0.5170865654945374
3082,35.92048645019531,0.43887585401535034,0.49945002794265747,0.17769071459770203,-0.016485407948493958,0.526934802532196
3083,35.93281936645508,0.43466150760650635,0.5005124807357788,0.17769981920719147,-0.017413711175322533,0.5175052285194397
3084,35.92686462402344,0.4254567325115204,0.5020125508308411,0.1777355819940567,-0.011173696257174015,0.5215870141983032
3085,35.92788314819336,0.43530768156051636,0.49945002794265747,0.17772580683231354,-0.0212350245565176,0.5309380888938904
3086,35.92804718017578,0.4345442056655884,0.5001250505447388,0.17772802710533142,-0.015708329156041145,0.5130758881568909
3087,35.92471694946289,0.42238757014274597,0.5034375190734863,0.1777891367673874,-0.02109852060675621,0.5266358852386475
3088,35.931907653808594,0.42606988549232483,0.5015250444412231,0.177816241979599,-0.01483110897243023,0.5347508192062378
3089,35.92060089111328,0.4385852813720703,0.502387523651123,0.17785869538784027,-0.005199394654482603,0.5421956181526184
3090,35.919960021972656,0.4170909821987152,0.5014125108718872,0.1778838187456131,0.0021711273584514856,0.5152310729026794
3091,35.92285919189453,0.43740320205688477,0.5000625252723694,0.17788492143154144,-0.018944965675473213,0.5336564779281616
3092,35.92836380004883,0.42309555411338806,0.5000500082969666,0.17788581550121307,-0.003338060574606061,0.5376563668251038
3093,35.91835403442383,0.433496356010437,0.4991750419139862,0.17787113785743713,-0.028533410280942917,0.5358242392539978
3094,35.924110412597656,0.4207949638366699,0.4967125356197357,0.17781266570091248,-0.03182500600814819,0.5075625777244568
3095,35.927650451660156,0.4286498427391052,0.499687522649765,0.17780710756778717,-0.010249515995383263,0.5314797759056091
3096,35.93272399902344,0.43267330527305603,0.499687522649765,0.17780154943466187,-0.017631590366363525,0.4920865297317505
3097,35.93352127075195,0.4240366220474243,0.5009250640869141,0.17781800031661987,-0.03439164161682129,0.5253181457519531
3098,35.924476623535156,0.42299166321754456,0.5042625069618225,0.17789380252361298,-0.0025997073389589787,0.5250713229179382
3099,35.914710998535156,0.42491504549980164,0.498850017786026,0.17787334322929382,-0.024128485471010208,0.5207092761993408
3100,35.92353439331055,0.4333951771259308,0.49845001101493835,0.1778457760810852,0.009567398577928543,0.5411819219589233
3101,35.928924560546875,0.4290385842323303,0.499875009059906,0.17784355580806732,0.006015784572809935,0.5213532447814941
3102,35.92552185058594,0.4300139248371124,0.4997750222682953,0.17783956229686737,-0.023924043402075768,0.5178667306900024
3103,35.92337417602539,0.4296625256538391,0.49858754873275757,0.17781443893909454,0.0025450431276112795,0.5336728692054749
3104,35.92736053466797,0.4267171621322632,0.4987124800682068,0.1777915507555008,-0.01851223222911358,0.5330920219421387
3105,35.92490005493164,0.42920196056365967,0.499037504196167,0.17777442932128906,-0.020106522366404533,0.5282440185546875
3106,35.92530822753906,0.4236445426940918,0.49522507190704346,0.1776895374059677,-0.0025048532988876104,0.5134395360946655
3107,35.927860260009766,0.4388373792171478,0.4978500306606293,0.1776513308286667,0.005883424077183008,0.5225526690483093
3108,35.9250602722168,0.4191158711910248,0.4974500238895416,0.1776060312986374,0.006636221427470446,0.530217707157135
3109,35.9259147644043,0.4223938584327698,0.49665001034736633,0.17754653096199036,-0.011016104370355606,0.5272797346115112
3110,35.92597961425781,0.4259209930896759,0.5013875365257263,0.1775711625814438,-0.01439260970801115,0.5239234566688538
3111,35.92796325683594,0.4362243413925171,0.4991750419139862,0.17755651473999023,0.001673276536166668,0.517323911190033
3112,35.92475891113281,0.4227604568004608,0.5012500286102295,0.17757871747016907,-0.0032975145149976015,0.5282290577888489
3113,35.92201614379883,0.43093037605285645,0.4980250597000122,0.17754365503787994,-0.000812751823104918,0.522075355052948
3114,35.93012619018555,0.42597055435180664,0.501075029373169,0.17756274342536926,0.010798930190503597,0.5207427740097046
3115,35.9232177734375,0.426394522190094,0.5058625340461731,0.17766684293746948,-0.023014189675450325,0.5078132152557373
3116,35.920867919921875,0.4236994683742523,0.4962875545024872,0.1776008903980255,0.015098778530955315,0.5324987173080444
3117,35.93002700805664,0.42176729440689087,0.49953752756118774,0.1775926798582077,-0.029273923486471176,0.5217621922492981
3118,35.92638397216797,0.4204447567462921,0.4972750246524811,0.17754428088665009,-0.01985487900674343,0.5467801690101624
3119,35.924442291259766,0.42316797375679016,0.5024999976158142,0.17758865654468536,-0.04274182394146919,0.5238925814628601
3120,35.922183990478516,0.4281233251094818,0.5038250088691711,0.17765659093856812,0.010602042078971863,0.5330560803413391
3121,35.92266845703125,0.4219329357147217,0.5052250027656555,0.1777494102716446,-0.027451448142528534,0.504059374332428
3122,35.93378829956055,0.4193841516971588,0.4931749999523163,0.17762809991836548,-0.019708190113306046,0.5490994453430176
3123,35.92802047729492,0.437745064496994,0.5000125169754028,0.1776283085346222,-0.012457630597054958,0.5419343113899231
3124,35.923065185546875,0.4288005530834198,0.501075029373169,0.1776474118232727,0.009693341329693794,0.5307799577713013
3125,35.92995071411133,0.4313737452030182,0.5003625154495239,0.17765384912490845,0.005063639022409916,0.5385200381278992
3126,35.92540740966797,0.422704815864563,0.5042625069618225,0.17772957682609558,-0.025653580203652382,0.5448915958404541
3127,35.92683410644531,0.42225489020347595,0.49908754229545593,0.17771336436271667,-0.035664476454257965,0.5289815664291382
3128,35.92325973510742,0.42408889532089233,0.5007500052452087,0.17772668600082397,-0.02407718449831009,0.5324695706367493
3129,35.925899505615234,0.423677533864975,0.5002750158309937,0.17773157358169556,-0.022212060168385506,0.5017498135566711
3130,35.92332458496094,0.4260203242301941,0.5024875402450562,0.1777757853269577,-0.02034190483391285,0.5322083234786987
3131,35.92626190185547,0.4217502474784851,0.49806252121925354,0.17774133384227753,-0.018193397670984268,0.5250714421272278
3132,35.92380905151367,0.4194119870662689,0.5003875494003296,0.17774821817874908,-0.025812139734625816,0.5244607925415039
3133,35.921600341796875,0.42126503586769104,0.502500057220459,0.17779265344142914,-0.031231997534632683,0.5252485871315002
3134,35.93186569213867,0.4268817603588104,0.5030625462532043,0.17784710228443146,-0.015845421701669693,0.5288373827934265
3135,35.930599212646484,0.42729899287223816,0.49943751096725464,0.1778370887041092,-0.012181965634226799,0.5334232449531555
3136,35.933128356933594,0.422673761844635,0.49863752722740173,0.177812859416008,-0.010506851598620415,0.5273615121841431
3137,35.927730560302734,0.42288291454315186,0.5023125410079956,0.17785398662090302,-0.021083885803818703,0.5164774656295776
3138,35.9268684387207,0.41803640127182007,0.500575065612793,0.177864208817482,-0.005789322312921286,0.5134186148643494
3139,35.92153549194336,0.4198097586631775,0.499875009059906,0.1778619885444641,0.00794277060776949,0.5199153423309326
3140,35.91879653930664,0.41947874426841736,0.5003000497817993,0.1778673380613327,-0.02167104370892048,0.520618200302124
3141,35.93153381347656,0.4298992156982422,0.4972875416278839,0.17781908810138702,-0.009974014014005661,0.5077335834503174
3142,35.93012619018555,0.4156922698020935,0.49617505073547363,0.1777510792016983,-0.009861947037279606,0.5040165781974792
3143,35.92882537841797,0.433723121881485,0.49691256880760193,0.17769619822502136,-0.027399921789765358,0.5418310761451721
3144,35.92533493041992,0.4170534908771515,0.49748751521110535,0.1776515543460846,-0.020494582131505013,0.5089263319969177
3145,35.917884826660156,0.4239899814128876,0.4967000484466553,0.177592933177948,-0.011659378185868263,0.527617871761322
3146,35.92878723144531,0.4267537593841553,0.4974375367164612,0.177547425031662,-0.010647383518517017,0.519170343875885
3147,35.924137115478516,0.42165881395339966,0.49761253595352173,0.1775050312280655,-0.02293085865676403,0.5276375412940979
3148,35.92357635498047,0.42763060331344604,0.499812513589859,0.17750169336795807,0.004026453476399183,0.5137626528739929
3149,35.92928695678711,0.42408129572868347,0.5019875168800354,0.1775369644165039,-0.000712740933522582,0.5219957232475281
3150,35.9310417175293,0.4275430142879486,0.5011000037193298,0.17755649983882904,-0.012951012700796127,0.5301132798194885
3151,35.93006896972656,0.4231773614883423,0.5005500316619873,0.177566260099411,-0.02255392074584961,0.541203498840332
3152,35.922054290771484,0.4237588346004486,0.5033750534057617,0.17762619256973267,-0.025875993072986603,0.5078720450401306
3153,35.92612075805664,0.4211781322956085,0.5002875328063965,0.17763128876686096,-0.023464040830731392,0.5398592352867126
3154,35.92500686645508,0.428642600774765,0.4989875257015228,0.1776133030653,0.018843188881874084,0.5043381452560425
3155,35.922367095947266,0.41905179619789124,0.4991750419139862,0.17759865522384644,-0.02567937783896923,0.5253269076347351
3156,35.919105529785156,0.42648234963417053,0.49937498569488525,0.17758755385875702,-0.004728109110146761,0.5097083449363708
3157,35.922733306884766,0.4206967055797577,0.5041000247001648,0.17766036093235016,-0.029389118775725365,0.5267122387886047
3158,35.927154541015625,0.42548662424087524,0.5010250210762024,0.17767857015132904,-0.02792659029364586,0.5205458998680115
3159,35.92683410644531,0.4272826015949249,0.5025625824928284,0.17772410809993744,-0.002856096951290965,0.5246384739875793
3160,35.91653060913086,0.43190133571624756,0.5046000480651855,0.17780587077140808,-0.023307103663682938,0.520340621471405
3161,35.924766540527344,0.4197053015232086,0.5011500716209412,0.17782633006572723,-0.02083483524620533,0.5122226476669312
3162,35.92290115356445,0.4247268736362457,0.5004500150680542,0.17783434689044952,-0.0022834159899502993,0.5484108328819275
3163,35.927574157714844,0.420309454202652,0.5012375712394714,0.17785635590553284,-0.030018094927072525,0.5366693735122681
3164,35.91569137573242,0.42412227392196655,0.5021125674247742,0.17789392173290253,-0.006827788893133402,0.5370199680328369
3165,35.91586685180664,0.4150373637676239,0.49960002303123474,0.17788681387901306,-0.030792733654379845,0.49980688095092773
3166,35.92912673950195,0.42320385575294495,0.4998999834060669,0.1778850257396698,0.014411751180887222,0.5305295586585999
3167,35.93171310424805,0.41952455043792725,0.4999125301837921,0.17788346111774445,0.009494726546108723,0.5499641299247742
3168,35.93213653564453,0.41975104808807373,0.4954250156879425,0.17780207097530365,-0.006671159062534571,0.5144208073616028
3169,35.92321014404297,0.41713544726371765,0.49723750352859497,0.17775295674800873,-0.03624225780367851,0.5288643836975098
3170,35.9295768737793,0.4173198938369751,0.5042750239372253,0.17782893776893616,0.0011246324284002185,0.5362616777420044
3171,35.93632888793945,0.41471195220947266,0.4994625151157379,0.1778193712234497,-0.0046683442778885365,0.5128977298736572
3172,35.92558288574219,0.41726452112197876,0.5038875341415405,0.17788849771022797,-0.010931963101029396,0.530839741230011
3173,35.92073059082031,0.42068177461624146,0.4955750107765198,0.17780977487564087,-0.01062263734638691,0.5233676433563232
3174,35.93021011352539,0.4220661520957947,0.5009750127792358,0.1778271198272705,0.026572616770863533,0.524357259273529
3175,35.92768478393555,0.4127715528011322,0.5027750730514526,0.17787647247314453,-0.006276245228946209,0.5348010659217834
3176,35.92988967895508,0.41612765192985535,0.49652501940727234,0.17781466245651245,4.704380262410268e-05,0.5169054269790649
3177,35.92268371582031,0.4190394878387451,0.5006500482559204,0.17782621085643768,-0.04365912452340126,0.5260742902755737
3178,35.92592239379883,0.4169127941131592,0.4992125332355499,0.17781220376491547,0.008494116365909576,0.5304622650146484
3179,35.92958068847656,0.41995516419410706,0.4962500333786011,0.1777455359697342,-0.05342044308781624,0.5195975303649902
3180,35.929290771484375,0.4118979573249817,0.4953250288963318,0.1776624470949173,-0.013720882125198841,0.5219757556915283
3181,35.924560546875,0.4189203381538391,0.5008000135421753,0.17767666280269623,0.003093187464401126,0.5306693315505981
3182,35.928611755371094,0.414105087518692,0.49996253848075867,0.1776759922504425,0.0026152487844228745,0.5311334729194641
3183,35.92340087890625,0.4218331277370453,0.5007250308990479,0.177688866853714,-0.02417783997952938,0.5113502740859985
3184,35.92562484741211,0.4194347858428955,0.4983125329017639,0.17765888571739197,-0.02233985997736454,0.5334561467170715
3185,35.92752456665039,0.41397494077682495,0.4979250133037567,0.1776220202445984,0.020534725859761238,0.5345374345779419
3186,35.92439270019531,0.4211999177932739,0.4998500347137451,0.1776193529367447,0.012815255671739578,0.5112795233726501
3187,35.92152404785156,0.41728857159614563,0.4961250126361847,0.1775505244731903,-0.024465858936309814,0.5253987908363342
3188,35.92710876464844,0.4244328439235687,0.500950038433075,0.17756739258766174,-0.016565769910812378,0.5002495646476746
3189,35.92527389526367,0.4162619709968567,0.49650001525878906,0.1775052398443222,-0.0013258702820166945,0.5139133334159851
3190,35.92005920410156,0.4301113188266754,0.5036625862121582,0.17757023870944977,-0.005887329578399658,0.513370156288147
3191,35.925907135009766,0.4230525493621826,0.5017250180244446,0.17760087549686432,-0.019536267966032028,0.5511546730995178
3192,35.92546844482422,0.4130779206752777,0.499875009059906,0.17759865522384644,-0.019907653331756592,0.5255745053291321
3193,35.923622131347656,0.41749754548072815,0.49615004658699036,0.17753028869628906,-0.03200293332338333,0.5057464241981506
3194,35.92704391479492,0.4276677668094635,0.49845004081726074,0.17750278115272522,-0.008307459764182568,0.5249771475791931
3195,35.927635192871094,0.4183082580566406,0.500337541103363,0.17750877141952515,-0.019779415801167488,0.5258567333221436
3196,35.93276596069336,0.4127551019191742,0.49877503514289856,0.17748703062534332,-0.012999067083001137,0.5252302885055542
3197,35.92998504638672,0.4137597680091858,0.5007374882698059,0.17750012874603271,-0.0013599834637716413,0.5213775634765625
3198,35.92777633666992,0.40791526436805725,0.49914997816085815,0.17748504877090454,-0.03446318209171295,0.5341905355453491
3199,35.92179870605469,0.41617611050605774,0.5000375509262085,0.17748571932315826,-0.031946271657943726,0.5437178611755371
3200,35.93445587158203,0.4229281544685364,0.5009000301361084,0.17750169336795807,-0.0027704716194421053,0.5245069265365601
3201,35.932945251464844,0.41900143027305603,0.5033875107765198,0.17756183445453644,-0.018674371764063835,0.5496622323989868
3202,35.92733383178711,0.4218280017375946,0.5017874836921692,0.17759355902671814,-0.0009021709556691349,0.5474958419799805
3203,35.919925689697266,0.41868671774864197,0.5021750330924988,0.1776321977376938,-0.03917478397488594,0.5378607511520386
3204,35.91563415527344,0.41689532995224,0.5023624897003174,0.17767417430877686,-0.009343492798507214,0.5216862559318542
3205,35.93522644042969,0.42728447914123535,0.497512549161911,0.1776299774646759,-0.014429334551095963,0.5622969269752502
3206,35.938209533691406,0.41804689168930054,0.49841251969337463,0.17760178446769714,-0.01348024606704712,0.5235134363174438
3207,35.92766571044922,0.42365097999572754,0.5038000345230103,0.17766928672790527,-0.025378212332725525,0.5199616551399231
3208,35.923683166503906,0.42612847685813904,0.5000375509262085,0.177669957280159,-0.017390597611665726,0.5211777687072754
3209,35.926753997802734,0.4132744371891022,0.4976625442504883,0.17762842774391174,-0.026840543374419212,0.5269434452056885
3210,35.932315826416016,0.4297926425933838,0.4972749948501587,0.17758002877235413,0.012809662148356438,0.5155770778656006
3211,35.92522430419922,0.41313880681991577,0.4979124963283539,0.17754295468330383,0.009951288811862469,0.5476545095443726
3212,35.923709869384766,0.4248282313346863,0.49953755736351013,0.17753474414348602,-0.029238946735858917,0.5275656580924988
3213,35.9299430847168,0.4191601574420929,0.4983375072479248,0.177505224943161,0.0032681324519217014,0.5087621212005615
3214,35.94013214111328,0.4186623692512512,0.4985625147819519,0.17747969925403595,-0.02159218303859234,0.5265827775001526
3215,35.92924499511719,0.41056200861930847,0.5024375319480896,0.17752297222614288,-0.025149041786789894,0.5355401039123535
3216,35.9223518371582,0.42947545647621155,0.5013750195503235,0.1775473654270172,-0.0049631656147539616,0.5095310807228088
3217,35.92128372192383,0.4216623306274414,0.5024750232696533,0.17759130895137787,-0.005881502293050289,0.5538113117218018
3218,35.92430114746094,0.42235010862350464,0.5029625296592712,0.17764392495155334,0.0049990322440862656,0.5226143002510071
3219,35.92517852783203,0.41423967480659485,0.49582502245903015,0.17756976187229156,-0.012453078292310238,0.5098260641098022
3220,35.92420196533203,0.43112912774086,0.500337541103363,0.1775757521390915,-0.008391104638576508,0.5336000919342041
3221,35.92734146118164,0.4094768166542053,0.4973375201225281,0.1775284707546234,0.005623403936624527,0.5255575180053711
3222,35.92948532104492,0.429002970457077,0.5026875138282776,0.17757616937160492,-0.014610355719923973,0.5515885949134827
3223,35.92184066772461,0.4099506139755249,0.5036125183105469,0.17764030396938324,0.004300108645111322,0.5366431474685669
3224,35.920066833496094,0.4268489480018616,0.5013124942779541,0.1776636242866516,-0.02396860532462597,0.5251466631889343
3225,35.9231071472168,0.4167177975177765,0.500825047492981,0.17767828702926636,-0.02694309502840042,0.5426151156425476
3226,35.93367385864258,0.438052773475647,0.49976253509521484,0.1776740700006485,-0.021167641505599022,0.5060731172561646
3227,35.92691421508789,0.41184988617897034,0.5027375221252441,0.17772270739078522,-0.01967342384159565,0.5325126647949219
3228,35.92241668701172,0.42523640394210815,0.5031875371932983,0.17777936160564423,-0.02459436096251011,0.5414578914642334
3229,35.92680358886719,0.4082624614238739,0.5006124973297119,0.17779025435447693,-0.03429409861564636,0.5309334993362427
3230,35.932464599609375,0.4205920696258545,0.5011625289916992,0.1778109222650528,-0.03148598596453667,0.5281406044960022
3231,35.92995071411133,0.4119451642036438,0.49748751521110535,0.17776624858379364,-0.011346998624503613,0.520691454410553
3232,35.92030334472656,0.41951170563697815,0.49656251072883606,0.17770513892173767,-0.010208851657807827,0.5107045769691467
3233,35.92333221435547,0.4115138053894043,0.5005125403404236,0.1777142435312271,0.006094494368880987,0.5214653015136719
3234,35.93301010131836,0.4223223924636841,0.5021000504493713,0.1777515709400177,-0.0007902174256742001,0.5315183997154236
3235,35.93527603149414,0.4154162108898163,0.5011500120162964,0.17777201533317566,-0.021245205774903297,0.5142900943756104
3236,35.928409576416016,0.4163428246974945,0.5024875402450562,0.177816241979599,-0.01081580575555563,0.5371249914169312
3237,35.924373626708984,0.4151240885257721,0.49900001287460327,0.17779844999313354,-0.04080173745751381,0.5156640410423279
3238,35.92308807373047,0.41753557324409485,0.497637540102005,0.1777564436197281,-0.032173071056604385,0.513516366481781
3239,35.93320846557617,0.42612674832344055,0.5013500452041626,0.17778043448925018,-0.028340298682451248,0.5298864841461182
3240,35.934593200683594,0.4232335686683655,0.497825026512146,0.17774176597595215,-0.017707455903291702,0.5059167742729187
3241,35.924476623535156,0.4201824367046356,0.5011749863624573,0.17776265740394592,-0.03050225041806698,0.5618404150009155
3242,35.92462921142578,0.41818469762802124,0.5004875659942627,0.17777132987976074,-0.04155173525214195,0.5119469165802002
3243,35.93381881713867,0.41423845291137695,0.49806252121925354,0.17773687839508057,0.0196753591299057,0.5195162892341614
3244,35.93319320678711,0.4148207902908325,0.5018375515937805,0.1777695268392563,-0.017927374690771103,0.5307071805000305
3245,35.9232063293457,0.4208129942417145,0.5019000768661499,0.17780330777168274,-0.04076752811670303,0.5491229295730591
3246,35.929908752441406,0.41649752855300903,0.4983750283718109,0.17777441442012787,-0.0021489362698048353,0.5275346636772156
3247,35.92987060546875,0.42432621121406555,0.4958000183105469,0.1776997596025467,-0.004689082968980074,0.498985230922699
3248,35.929134368896484,0.41421622037887573,0.5038625001907349,0.17776839435100555,-0.008156637661159039,0.5395101308822632
3249,35.931758880615234,0.42163971066474915,0.49832504987716675,0.17773862183094025,-0.02918817289173603,0.5148586630821228
3250,35.922340393066406,0.4121869206428528,0.49771252274513245,0.17769795656204224,-0.026084424927830696,0.5204179883003235
3251,35.93156814575195,0.4252462685108185,0.4985000193119049,0.17767129838466644,0.0009574356372468174,0.5245019793510437
3252,35.92926788330078,0.4074372947216034,0.5029250383377075,0.17772327363491058,-0.011628938838839531,0.49717286229133606
3253,35.92771530151367,0.413847953081131,0.5009875297546387,0.17774081230163574,-0.0036122954916208982,0.5344207882881165
3254,35.92280197143555,0.40956172347068787,0.4984375536441803,0.1777130514383316,-0.000884787121322006,0.5137670040130615
3255,35.92555618286133,0.4277976453304291,0.5025625228881836,0.1777586042881012,-0.04082626849412918,0.5336852669715881
3256,35.92549133300781,0.41282030940055847,0.4974749982357025,0.17771372199058533,-0.02176392637193203,0.5230941772460938
3257,35.91756820678711,0.4137871563434601,0.49918752908706665,0.1776992827653885,-0.024512879550457,0.5244290828704834
3258,35.91912078857422,0.4151467978954315,0.4997875392436981,0.17769551277160645,-0.028012089431285858,0.508701741695404
3259,35.92438888549805,0.41827139258384705,0.4978000223636627,0.17765642702579498,0.0009689555736258626,0.5089687705039978
3260,35.93796157836914,0.417371541261673,0.49877500534057617,0.17763467133045197,0.009369298815727234,0.532507598400116
3261,35.92749786376953,0.4117591083049774,0.49727505445480347,0.17758625745773315,-0.013743688352406025,0.5479797124862671
3262,35.91204071044922,0.41309353709220886,0.499224990606308,0.17757250368595123,-0.00992172583937645,0.5152121782302856
3263,35.925960540771484,0.414625883102417,0.5026875138282776,0.17762021720409393,0.007011600770056248,0.5229257941246033
3264,35.935447692871094,0.42227381467819214,0.504300057888031,0.1776965856552124,-0.01563803292810917,0.5178070068359375
3265,35.93381881713867,0.41161900758743286,0.49816250801086426,0.17766393721103668,-0.002971851034089923,0.5018979907035828
3266,35.92224884033203,0.4260202944278717,0.5017000436782837,0.1776941418647766,-0.02329864352941513,0.5159083008766174
3267,35.93147659301758,0.40958935022354126,0.4977250099182129,0.1776537150144577,-0.009002678096294403,0.522144079208374
3268,35.933067321777344,0.4210655689239502,0.5052750110626221,0.1777474284172058,-0.022651690989732742,0.5289586782455444
3269,35.93750762939453,0.4127025306224823,0.5017000436782837,0.17777764797210693,-0.022055279463529587,0.5404055714607239
3270,35.92879867553711,0.41825512051582336,0.5022000074386597,0.17781676352024078,-0.006025131791830063,0.5143017172813416
3271,35.922000885009766,0.42261654138565063,0.5030249953269958,0.17787055671215057,-0.016557602211833,0.5312302708625793
3272,35.929603576660156,0.4121500253677368,0.5005250573158264,0.17787988483905792,0.005455621052533388,0.5251858830451965
3273,35.93180847167969,0.4166922867298126,0.4985874891281128,0.1778547614812851,0.010125893168151379,0.5279755592346191
3274,35.93093490600586,0.41440245509147644,0.49490001797676086,0.17776405811309814,-0.017729319632053375,0.5214032530784607
3275,35.91999435424805,0.4180188775062561,0.4992000460624695,0.1777498424053192,-0.018810508772730827,0.5254286527633667
3276,35.92485046386719,0.41768118739128113,0.5019875168800354,0.17778515815734863,-0.03814173862338066,0.5346039533615112
3277,35.927486419677734,0.41690659523010254,0.5029875040054321,0.1778382658958435,-0.024462517350912094,0.5248489379882812
3278,35.92976760864258,0.4074625074863434,0.5012249946594238,0.1778600662946701,-0.003029476385563612,0.5333206057548523
3279,35.925209045410156,0.40946272015571594,0.500575065612793,0.17787028849124908,-0.010254837572574615,0.5233078598976135
3280,35.92195510864258,0.4129082262516022,0.4980500042438507,0.1778355985879898,-0.011450253427028656,0.5290026664733887
3281,35.92623519897461,0.4120895266532898,0.5025625228881836,0.1778811812400818,0.014749648049473763,0.5161177515983582
3282,35.93039321899414,0.4087410867214203,0.4985000193119049,0.1778544932603836,-0.0026935574132949114,0.5117582082748413
3283,35.93169021606445,0.40081605315208435,0.49742501974105835,0.1778087019920349,-0.025798199698328972,0.538527250289917
3284,35.92582702636719,0.41370293498039246,0.4990125298500061,0.17779113352298737,-0.007236055564135313,0.5314043760299683
3285,35.921966552734375,0.4070110023021698,0.5016500353813171,0.17782047390937805,-0.031636472791433334,0.5448962450027466
3286,35.920555114746094,0.4116424322128296,0.5004374980926514,0.17782825231552124,-0.007972104474902153,0.5256414413452148
3287,35.92864227294922,0.40136295557022095,0.4965250492095947,0.17776645720005035,-0.0039491900242865086,0.5382789969444275
3288,35.92535400390625,0.40943071246147156,0.49800002574920654,0.17773090302944183,-0.0031480665784329176,0.5118299126625061
3289,35.92173767089844,0.4126990735530853,0.4986625015735626,0.17770713567733765,-0.034369952976703644,0.5257446765899658
3290,35.92463684082031,0.40562519431114197,0.49865004420280457,0.17768314480781555,-0.006188147701323032,0.5102916359901428
3291,35.928890228271484,0.4067527651786804,0.5035500526428223,0.1777462214231491,-0.03610482066869736,0.5130266547203064
3292,35.92905044555664,0.4108513593673706,0.5013625621795654,0.1777704358100891,-0.03841286525130272,0.5283540487289429
3293,35.923316955566406,0.4106302261352539,0.49688753485679626,0.17771510779857635,-0.020410194993019104,0.5276151299476624
3294,35.91825866699219,0.40752679109573364,0.4960625171661377,0.17764513194561005,-0.0013592501636594534,0.49806568026542664
3295,35.922515869140625,0.40228044986724854,0.5015875697135925,0.17767333984375,-0.027992524206638336,0.5220717787742615
3296,35.92470932006836,0.40543854236602783,0.5038250088691711,0.17774130403995514,-0.0287113469094038,0.5258077383041382
3297,35.918392181396484,0.40107885003089905,0.5026750564575195,0.1777888536453247,0.023014217615127563,0.502986490726471
3298,35.92278289794922,0.4066794812679291,0.49903756380081177,0.17777173221111298,-0.023911263793706894,0.525928795337677
3299,35.934207916259766,0.4098840355873108,0.49852505326271057,0.1777455061674118,0.022018734365701675,0.5375349521636963
3300,35.93607711791992,0.40923547744750977,0.49816253781318665,0.1777128428220749,-0.005532154347747564,0.525319516658783
3301,35.92317581176758,0.4099377691745758,0.5000374913215637,0.17771349847316742,0.020374251529574394,0.5121800899505615
3302,35.92210388183594,0.4092814326286316,0.4996750056743622,0.1777077317237854,-0.03214336559176445,0.5063334703445435
3303,35.918087005615234,0.4032011330127716,0.49992501735687256,0.17770639061927795,-0.023692721500992775,0.5283408164978027
3304,35.93059158325195,0.3998452425003052,0.49880003929138184,0.17768506705760956,-0.0035236175172030926,0.5423244833946228
3305,35.924686431884766,0.4052203297615051,0.4953000247478485,0.17760156095027924,-0.020637277513742447,0.5278316736221313
3306,35.92486572265625,0.40480858087539673,0.5011125206947327,0.17762131989002228,-0.003937325440347195,0.5257030725479126
3307,35.921958923339844,0.4054834544658661,0.49848753213882446,0.17759445309638977,0.004062641877681017,0.5599805116653442
3308,35.92599868774414,0.40475302934646606,0.49865004420280457,0.17757047712802887,-0.01696358062326908,0.5452097654342651
3309,35.929229736328125,0.4042368233203888,0.5049875378608704,0.1776590496301651,-0.03239947929978371,0.5305376052856445
3310,35.92981719970703,0.4084835648536682,0.5046625137329102,0.1777418851852417,0.002017438877373934,0.5301535725593567
3311,35.92765426635742,0.4042348861694336,0.49716252088546753,0.17769145965576172,-0.0010603481205180287,0.527416467666626
3312,35.92754364013672,0.39928093552589417,0.4994499981403351,0.17768168449401855,0.000395093928091228,0.527104377746582
3313,35.92401885986328,0.4058740437030792,0.5038500428199768,0.1777500957250595,-0.015772294253110886,0.5058369636535645
3314,35.92509078979492,0.3975484371185303,0.4950125217437744,0.17766143381595612,-0.01572791114449501,0.5191386938095093
3315,35.929622650146484,0.40669751167297363,0.5031625032424927,0.17771762609481812,-0.014563843607902527,0.532177746295929
3316,35.92235565185547,0.4059930145740509,0.5006124973297119,0.17772851884365082,-0.01085603330284357,0.5278887748718262
3317,35.93185043334961,0.4043135643005371,0.4988125264644623,0.17770741879940033,0.009053807705640793,0.5281684994697571
3318,35.928707122802734,0.4115602970123291,0.4988875389099121,0.1776876598596573,-0.0018179474864155054,0.5298478603363037
3319,35.921627044677734,0.4077867269515991,0.5030250549316406,0.1777414232492447,-0.00809459388256073,0.5346567034721375
3320,35.92625045776367,0.39824655652046204,0.49881255626678467,0.1777203232049942,-0.01641184836626053,0.5246818661689758
3321,35.923702239990234,0.39989805221557617,0.5013750195503235,0.17774474620819092,-0.024395719170570374,0.5162407755851746
3322,35.92640686035156,0.4041415750980377,0.4986875355243683,0.17772141098976135,-0.016930388286709785,0.5177547931671143
3323,35.92815399169922,0.4067693054676056,0.4979000389575958,0.17768409848213196,-0.0048258183524012566,0.5116196274757385
3324,35.92003631591797,0.40706056356430054,0.4972875714302063,0.17763589322566986,0.0042383247055113316,0.5203285813331604
3325,35.93019485473633,0.4055425822734833,0.5032625198364258,0.17769385874271393,0.01306220330297947,0.5221433043479919
3326,35.932193756103516,0.4111560881137848,0.50371253490448,0.1777598261833191,0.0030505468603223562,0.5374731421470642
3327,35.926597595214844,0.4109901189804077,0.5024999976158142,0.17780426144599915,-0.022548360750079155,0.5181265473365784
3328,35.930259704589844,0.40601077675819397,0.5026000142097473,0.17785048484802246,-0.03239966556429863,0.550062358379364
3329,35.93043518066406,0.41524726152420044,0.5037750005722046,0.17791762948036194,-0.021516093984246254,0.5295838117599487
3330,35.93376541137695,0.4066891074180603,0.49727505445480347,0.17786914110183716,-0.021878784522414207,0.5068536996841431
3331,35.92560577392578,0.4038328230381012,0.5000500082969666,0.1778700351715088,0.00609069038182497,0.5377461910247803
3332,35.923866271972656,0.41156214475631714,0.4989500343799591,0.1778513491153717,0.00046077396837063134,0.5323789715766907
3333,35.92681884765625,0.4024994373321533,0.5025625228881836,0.17789693176746368,-0.009632912464439869,0.5382558703422546
3334,35.93369674682617,0.3994039297103882,0.49630001187324524,0.17783109843730927,-0.004542096517980099,0.5284624695777893
3335,35.926856994628906,0.4043079912662506,0.5035375356674194,0.1778940111398697,-0.0063986931927502155,0.5014058947563171
3336,35.9239501953125,0.4062448740005493,0.4941750168800354,0.17779038846492767,-0.007328369189053774,0.5272368788719177
3337,35.92852020263672,0.39626118540763855,0.49716252088546753,0.1777399480342865,0.00938418973237276,0.5303466320037842
3338,35.928489685058594,0.4029330909252167,0.4960625171661377,0.177669957280159,-0.029371358454227448,0.4908299148082733
3339,35.92775344848633,0.39963772892951965,0.49796250462532043,0.17763376235961914,0.0071565075777471066,0.5207710862159729
3340,35.92488479614258,0.41388994455337524,0.5027000308036804,0.17768172919750214,-0.006959804333746433,0.5357717871665955
3341,35.919639587402344,0.40776610374450684,0.5007875561714172,0.17769573628902435,0.004070024937391281,0.5227734446525574
3342,35.928863525390625,0.4008287191390991,0.49896255135536194,0.17767730355262756,-0.01685606688261032,0.5362470149993896
3343,35.92545700073242,0.40036725997924805,0.5011375546455383,0.17769750952720642,-0.0027636948507279158,0.5215433835983276
3344,35.923583984375,0.40770596265792847,0.49695003032684326,0.1776433140039444,-0.00016178895020857453,0.5348562002182007
3345,35.91967010498047,0.4066471457481384,0.49852505326271057,0.17761710286140442,-0.018500398844480515,0.5351327061653137
3346,35.924312591552734,0.40610185265541077,0.499562531709671,0.17760933935642242,-0.03282368928194046,0.5189792513847351
3347,35.92726135253906,0.4007682502269745,0.5012250542640686,0.17763110995292664,-0.007234874181449413,0.5328701138496399
3348,35.93050765991211,0.4113456606864929,0.5012625455856323,0.17765353620052338,-0.024508843198418617,0.5212308764457703
3349,35.92698287963867,0.40710484981536865,0.49832504987716675,0.17762377858161926,-0.00887380912899971,0.5129210948944092
3350,35.924991607666016,0.4156140685081482,0.4967000484466553,0.17756517231464386,-0.037903934717178345,0.524111270904541
3351,35.92532730102539,0.39680182933807373,0.5025750398635864,0.17761088907718658,0.013259091414511204,0.5218369364738464
3352,35.925987243652344,0.4043456017971039,0.49922505021095276,0.17759712040424347,0.0030277788173407316,0.545015811920166
3353,35.92628860473633,0.3989768326282501,0.5011875033378601,0.17761820554733276,-0.018792886286973953,0.5167170166969299
3354,35.9198112487793,0.4165882170200348,0.5004374980926514,0.17762596905231476,-0.01965382508933544,0.5260876417160034
3355,35.93389129638672,0.4080010652542114,0.5023500323295593,0.17766770720481873,0.007029453758150339,0.5125011801719666
3356,35.932621002197266,0.4086839556694031,0.5060250163078308,0.17777474224567413,-0.023228831589221954,0.5230196118354797
3357,35.9299201965332,0.3975087106227875,0.5005249977111816,0.17778407037258148,-0.00685984268784523,0.5074482560157776
3358,35.91999053955078,0.41149500012397766,0.49595004320144653,0.1777120679616928,-0.0024952013045549393,0.5472218990325928
3359,35.92180633544922,0.40106722712516785,0.5032750368118286,0.17777025699615479,-0.00528510520234704,0.5371869206428528
3360,35.934974670410156,0.40270230174064636,0.4966624975204468,0.17771093547344208,0.013784956187009811,0.5413295030593872
3361,35.92861557006836,0.39630186557769775,0.4989500343799591,0.1776922643184662,0.0025137579068541527,0.5331822037696838
3362,35.92375183105469,0.4051261842250824,0.49942508339881897,0.1776820421218872,-0.024196015670895576,0.525912880897522
3363,35.92904281616211,0.39764153957366943,0.49937501549720764,0.1776709258556366,-0.014735378324985504,0.5290995836257935
3364,35.92912673950195,0.39906632900238037,0.4984375238418579,0.17764316499233246,-0.007406057324260473,0.5238023996353149
3365,35.928871154785156,0.4031001627445221,0.49631252884864807,0.1775776594877243,0.0033401711843907833,0.5242085456848145
3366,35.93069076538086,0.3984294533729553,0.5015250444412231,0.17760473489761353,-0.005991594400256872,0.5092054009437561
3367,35.92512893676758,0.4023997187614441,0.500462532043457,0.17761294543743134,-0.02811480686068535,0.5398910045623779
3368,35.93376159667969,0.39711835980415344,0.4990500509738922,0.1775960773229599,-0.017904412001371384,0.50966876745224
3369,35.92489242553711,0.39421308040618896,0.49886250495910645,0.17757588624954224,-0.051304467022418976,0.5149019956588745
3370,35.922882080078125,0.40360763669013977,0.5006125569343567,0.17758676409721375,-0.03759310021996498,0.5323651432991028
3371,35.925933837890625,0.3989171087741852,0.5013124942779541,0.17761006951332092,-0.018091775476932526,0.509826123714447
3372,35.923980712890625,0.4012041985988617,0.49931252002716064,0.17759786546230316,-0.019265683367848396,0.5185321569442749
3373,35.92829895019531,0.39674681425094604,0.49810004234313965,0.1775641143321991,-0.0027235960587859154,0.5325695872306824
3374,35.92416000366211,0.4034627676010132,0.4983750283718109,0.1775352656841278,-0.027996579185128212,0.5247032642364502
3375,35.917606353759766,0.4049626290798187,0.5016250014305115,0.1775641143321991,-0.03608860448002815,0.5518843531608582
3376,35.92464065551758,0.4078150689601898,0.5013124942779541,0.17758741974830627,-0.015602669678628445,0.5191577076911926
3377,35.92562484741211,0.4201068580150604,0.49842503666877747,0.17755945026874542,-0.0012523408513516188,0.5169023871421814
3378,35.91874694824219,0.39089035987854004,0.49691253900527954,0.17750462889671326,-0.03393737971782684,0.5399820804595947
3379,35.92527770996094,0.4098091125488281,0.5009875297546387,0.17752215266227722,-0.03539897873997688,0.509712815284729
3380,35.9281120300293,0.3929567337036133,0.5022875070571899,0.17756275832653046,-0.036579981446266174,0.5055872797966003
3381,35.930904388427734,0.3989279270172119,0.5047750473022461,0.17764756083488464,-0.020254040136933327,0.5083962082862854
3382,35.926658630371094,0.4073334336280823,0.5,0.17764756083488464,0.00094068911857903,0.5306506156921387
3383,35.92548370361328,0.4042605757713318,0.4996750056743622,0.17764179408550262,-0.013910727575421333,0.514883816242218
3384,35.93011474609375,0.4049524664878845,0.5014874935150146,0.1776682287454605,-0.03163764998316765,0.509735107421875
3385,35.92564392089844,0.39575135707855225,0.5029625296592712,0.17772085964679718,-0.015061881393194199,0.5418967604637146
3386,35.924251556396484,0.39987608790397644,0.5005750060081482,0.17773106694221497,-0.008054894395172596,0.540084958076477
3387,35.92704391479492,0.3967535197734833,0.4999375343322754,0.17772994935512543,-0.01878141239285469,0.519253134727478
3388,35.92551040649414,0.39731329679489136,0.4983750283718109,0.17770107090473175,-0.01818631775677204,0.5269951224327087
3389,35.93202590942383,0.403521865606308,0.4994875192642212,0.1776919662952423,-0.013406259007751942,0.544856607913971
3390,35.929443359375,0.39442142844200134,0.4978500306606293,0.17765375971794128,0.0008259410969913006,0.5167843103408813
3391,35.92229080200195,0.39738398790359497,0.5006625056266785,0.17766553163528442,-0.02763236314058304,0.5186314582824707
3392,35.92101287841797,0.39399808645248413,0.49841251969337463,0.17763733863830566,-0.014002617448568344,0.5166490077972412
3393,35.91851043701172,0.3927992582321167,0.4988750219345093,0.17761735618114471,0.006817310117185116,0.527292788028717
3394,35.92182540893555,0.3961906135082245,0.49633756279945374,0.17755229771137238,-0.0395733043551445,0.5183714628219604
3395,35.92258834838867,0.4093189537525177,0.5019749999046326,0.1775873750448227,0.002283781999722123,0.5021639466285706
3396,35.92726135253906,0.4041144549846649,0.49623754620552063,0.17752055823802948,-0.005474292207509279,0.5268691182136536
3397,35.92314910888672,0.3989362418651581,0.502875030040741,0.1775715947151184,-0.026578282937407494,0.5257644653320312
3398,35.92271041870117,0.39600518345832825,0.5011000037193298,0.17759113013744354,-0.02422274835407734,0.5243541598320007
3399,35.921974182128906,0.3925734758377075,0.4979875385761261,0.1775553971529007,0.006297373678535223,0.547577977180481
3400,35.929290771484375,0.4011124074459076,0.4998375475406647,0.1775525063276291,-0.016967490315437317,0.5100050568580627
3401,35.933231353759766,0.39314356446266174,0.4988500475883484,0.17753209173679352,-0.02747657708823681,0.523682713508606
3402,35.92689514160156,0.39684534072875977,0.49617502093315125,0.17746418714523315,-0.04272487759590149,0.5451275706291199
3403,35.92643356323242,0.40284547209739685,0.4982500374317169,0.17743313312530518,-0.023631304502487183,0.5189473032951355
3404,35.9333610534668,0.39303937554359436,0.5000500082969666,0.1774340271949768,-0.001476695411838591,0.5384728908538818
3405,35.932350158691406,0.3960571885108948,0.4981500208377838,0.17740119993686676,-0.008555637672543526,0.5151359438896179
3406,35.93239974975586,0.4019234776496887,0.49908754229545593,0.17738501727581024,-0.012013653293251991,0.5299646258354187
3407,35.93032455444336,0.397909015417099,0.49892503023147583,0.17736594378948212,-0.0028795553371310234,0.5257529020309448
3408,35.92826843261719,0.39611390233039856,0.5020250082015991,0.17740187048912048,-0.02679028920829296,0.5311795473098755
3409,35.92864227294922,0.39949798583984375,0.5006499886512756,0.17741338908672333,-0.021392736583948135,0.5389965772628784
3410,35.931434631347656,0.40030577778816223,0.5022250413894653,0.17745284736156464,-0.015236360020935535,0.5165024995803833
3411,35.9278678894043,0.3972562551498413,0.5017125010490417,0.17748324573040009,-0.012473078444600105,0.5293625593185425
3412,35.9197883605957,0.39798352122306824,0.5029625296592712,0.17753581702709198,0.0002385249244980514,0.5154271125793457
3413,35.92937469482422,0.39395296573638916,0.5014625191688538,0.17756178975105286,-0.026349756866693497,0.5190866589546204
3414,35.92829895019531,0.39668384194374084,0.4980875551700592,0.17752783000469208,-4.5977354602655396e-05,0.5183496475219727
3415,35.9267463684082,0.3976691961288452,0.5006250739097595,0.1775389164686203,-0.010628375224769115,0.5134855508804321
3416,35.92396545410156,0.39805713295936584,0.50166255235672,0.1775684356689453,-0.0324612595140934,0.5362910032272339
3417,35.92420196533203,0.3982819616794586,0.5013124942779541,0.1775917410850525,-0.010922901332378387,0.5147100687026978
3418,35.93143844604492,0.39686349034309387,0.5007750391960144,0.1776054948568344,0.0026353884022682905,0.5284010171890259
3419,35.93669891357422,0.40386149287223816,0.4974749982357025,0.17756065726280212,-0.021797025576233864,0.5258887410163879
3420,35.92701721191406,0.39967846870422363,0.5037750601768494,0.17762769758701324,-0.01433384045958519,0.5410977602005005
3421,35.92681884765625,0.4042719304561615,0.4999750256538391,0.17762725055217743,-0.023438364267349243,0.5129578709602356
3422,35.932167053222656,0.39304110407829285,0.4956000745296478,0.1775490939617157,-0.0145078394562006,0.5253105163574219
3423,35.930931091308594,0.3991181254386902,0.5010625123977661,0.1775679588317871,-0.007464538794010878,0.5273992419242859
3424,35.92967987060547,0.39991673827171326,0.5009875297546387,0.17758548259735107,-0.01808035373687744,0.5332017540931702
3425,35.925594329833984,0.39811986684799194,0.5001624822616577,0.1775883585214615,-0.018411606550216675,0.522154688835144
3426,35.926971435546875,0.39519745111465454,0.4982375204563141,0.1775570511817932,-0.031018735840916634,0.5155278444290161
3427,35.92675018310547,0.39779776334762573,0.49867501854896545,0.17753352224826813,-0.003498665988445282,0.5061043500900269
3428,35.92038345336914,0.3906988799571991,0.5015375018119812,0.17756082117557526,-0.009724810719490051,0.5207294225692749
3429,35.9221076965332,0.3978191912174225,0.5024000406265259,0.17760342359542847,-0.006677677389234304,0.518165647983551
3430,35.93093490600586,0.39847350120544434,0.5006499886512756,0.1776149570941925,0.005601882468909025,0.5389761924743652
3431,35.92335510253906,0.3930822014808655,0.5001125335693359,0.17761695384979248,-0.01993689127266407,0.5215466618537903
3432,35.92121887207031,0.3893205523490906,0.5000375509262085,0.1776176244020462,-0.02095860056579113,0.5289000868797302
3433,35.92173385620117,0.3954818844795227,0.4994250535964966,0.17760740220546722,-0.009655699133872986,0.5087481737136841
3434,35.92838668823242,0.38510969281196594,0.49820002913475037,0.17757543921470642,-0.017508473247289658,0.5094274282455444
3435,35.93260192871094,0.39676326513290405,0.5015375018119812,0.17760275304317474,-0.007281475700438023,0.5115863680839539
3436,35.92414474487305,0.3946508467197418,0.5024000406265259,0.17764537036418915,-0.02132761850953102,0.5115505456924438
3437,35.933326721191406,0.3946778178215027,0.5000625252723694,0.1776464730501175,-0.028367629274725914,0.5227976441383362
3438,35.92939376831055,0.4058119058609009,0.499162495136261,0.17763160169124603,-0.00529159652069211,0.5114107728004456
3439,35.921783447265625,0.3983214795589447,0.4952750504016876,0.17754767835140228,-0.0016971984878182411,0.5312939286231995
3440,35.924415588378906,0.39832159876823425,0.5014125108718872,0.17757275700569153,-0.016255345195531845,0.5285226106643677
3441,35.925174713134766,0.3961779475212097,0.5019375085830688,0.17760714888572693,-0.011345230974256992,0.5306522250175476
3442,35.91806411743164,0.3991885483264923,0.5011749863624573,0.1776280254125595,-0.016004987061023712,0.5188365578651428
3443,35.93036651611328,0.4030779004096985,0.5004875063896179,0.17763668298721313,-0.008708875626325607,0.5000350475311279
3444,35.92392349243164,0.400165855884552,0.5011875033378601,0.17765776813030243,-0.009429479017853737,0.5080228447914124
3445,35.92193603515625,0.39531490206718445,0.49922505021095276,0.17764399945735931,-0.03826390579342842,0.5192111134529114
3446,35.9289436340332,0.39304041862487793,0.5012500286102295,0.17766621708869934,-0.018587684258818626,0.528449535369873
3447,35.930118560791016,0.39969000220298767,0.5007125735282898,0.1776788830757141,0.01003782358020544,0.5463961362838745
3448,35.92353439331055,0.4003814458847046,0.5002999901771545,0.1776842176914215,0.011752692051231861,0.5258071422576904
3449,35.923439025878906,0.389009952545166,0.49986255168914795,0.17768177390098572,-0.005383824463933706,0.5314563512802124
3450,35.92755889892578,0.3932599127292633,0.5003875494003296,0.17768865823745728,-0.035882655531167984,0.5236008167266846
3451,35.92913818359375,0.3909224569797516,0.49642500281333923,0.1776251345872879,-0.0025016171857714653,0.494400292634964
3452,35.92843246459961,0.3986463248729706,0.498075008392334,0.17759093642234802,-0.026177354156970978,0.521174430847168
3453,35.929107666015625,0.3982515335083008,0.49722498655319214,0.17754165828227997,-0.008668371476233006,0.5368193984031677
3454,35.927555084228516,0.3872172236442566,0.4971875250339508,0.17749172449111938,-0.030505914241075516,0.5409691333770752
3455,35.91900634765625,0.3906582295894623,0.49790000915527344,0.17745445668697357,-0.025902437046170235,0.5124697089195251
3456,35.92373275756836,0.38987189531326294,0.49828749895095825,0.17742407321929932,0.000621998799033463,0.5076317191123962
3457,35.93338394165039,0.4058556854724884,0.5007374882698059,0.1774371713399887,-0.006205171812325716,0.5333737730979919
3458,35.925724029541016,0.40471962094306946,0.4984000623226166,0.17740878462791443,-0.01729290746152401,0.5166594386100769
3459,35.9271125793457,0.3902726471424103,0.49998751282691956,0.17740856111049652,-0.004388959612697363,0.5226871967315674
3460,35.92896270751953,0.3872184455394745,0.5015125274658203,0.17743539810180664,-0.008364162407815456,0.5011687278747559
3461,35.9255485534668,0.39316073060035706,0.5010374784469604,0.17745380103588104,0.012952596880495548,0.5237230658531189
3462,35.925601959228516,0.3968389332294464,0.4996500611305237,0.1774475872516632,-0.016366325318813324,0.5251225829124451
3463,35.9233512878418,0.40844637155532837,0.49890002608299255,0.17742806673049927,-0.01147520076483488,0.5384336709976196
3464,35.92591857910156,0.393314927816391,0.50166255235672,0.17745757102966309,-0.016767017543315887,0.515510082244873
3465,35.92218780517578,0.398827463388443,0.5013500452041626,0.1774815171957016,-0.015534566715359688,0.5222648978233337
3466,35.9202766418457,0.3905853033065796,0.5036749839782715,0.17754673957824707,-0.02495984360575676,0.5274713039398193
3467,35.920555114746094,0.40324166417121887,0.4987125098705292,0.1775238811969757,0.012004278600215912,0.5432073473930359
3468,35.93058395385742,0.39231595396995544,0.4944875240325928,0.1774260252714157,0.007866885513067245,0.508108913898468
3469,35.935325622558594,0.3911456763744354,0.49982503056526184,0.1774229109287262,-0.011678416281938553,0.5311650037765503
3470,35.93266677856445,0.3954276740550995,0.5035000443458557,0.17748500406742096,-0.03156306967139244,0.5242380499839783
3471,35.92671203613281,0.39993780851364136,0.49723750352859497,0.177435964345932,0.00485787121579051,0.5134352445602417
3472,35.92927169799805,0.3932456970214844,0.49992501735687256,0.17743463814258575,-0.027065511792898178,0.5233959555625916
3473,35.923824310302734,0.38942232728004456,0.4972500205039978,0.1773858368396759,-0.021176163107156754,0.5334662199020386
3474,35.921566009521484,0.39331498742103577,0.5024999976158142,0.1774301826953888,-0.04199463501572609,0.5190079808235168
3475,35.92287063598633,0.3990931212902069,0.499625027179718,0.17742353677749634,-0.033516883850097656,0.5134313106536865
3476,35.92428207397461,0.39490681886672974,0.49617505073547363,0.17735567688941956,-0.011065511964261532,0.5201241970062256
3477,35.921730041503906,0.3847219944000244,0.497700035572052,0.1773148775100708,-0.0281875878572464,0.5623641610145569
3478,35.92129135131836,0.38802897930145264,0.5058375000953674,0.17741838097572327,-0.007069556973874569,0.5306258797645569
3479,35.92045593261719,0.3876529932022095,0.5048250555992126,0.17750400304794312,-0.02542863041162491,0.5370769500732422
3480,35.925758361816406,0.3917153477668762,0.5016124844551086,0.1775326281785965,-0.012836785987019539,0.5291381478309631
3481,35.92484664916992,0.38952210545539856,0.4993250370025635,0.17752064764499664,0.007083150092512369,0.5261491537094116
3482,35.92729568481445,0.3853605091571808,0.4979500472545624,0.17748425900936127,-0.02628522552549839,0.5314357876777649
3483,35.924564361572266,0.38563641905784607,0.49900004267692566,0.1774665117263794,-0.023966984823346138,0.4820097088813782
3484,35.919830322265625,0.3867574632167816,0.5016375184059143,0.1774955838918686,-0.013725164346396923,0.5170716643333435
3485,35.928218841552734,0.39212316274642944,0.4957750141620636,0.17742060124874115,-0.049574606120586395,0.5283127427101135
3486,35.925296783447266,0.39391475915908813,0.5019000768661499,0.17745430767536163,-0.027558481320738792,0.5249210596084595
3487,35.93050765991211,0.3912518620491028,0.503600001335144,0.17751818895339966,0.0017686530482023954,0.5253469944000244
3488,35.9314079284668,0.38732093572616577,0.5004749894142151,0.17752660810947418,-0.0010560856899246573,0.527639627456665
3489,35.93583297729492,0.3916477859020233,0.5000000596046448,0.17752660810947418,0.003313922556117177,0.5141155123710632
3490,35.92583465576172,0.3913462162017822,0.49473750591278076,0.17743317782878876,-0.01983562856912613,0.539202868938446
3491,35.92667770385742,0.3896125257015228,0.49908751249313354,0.17741698026657104,-0.0008086591260507703,0.5237343311309814
3492,35.92882537841797,0.3872146010398865,0.5002375245094299,0.1774211823940277,-0.013629470951855183,0.5159637331962585
3493,35.92826843261719,0.3865886926651001,0.4995500445365906,0.1774131953716278,0.0010473061120137572,0.543861985206604
3494,35.93212890625,0.3962116539478302,0.4964125454425812,0.17734955251216888,-0.007806024979799986,0.5157759189605713
3495,35.92413330078125,0.3889225125312805,0.5009875297546387,0.17736706137657166,-0.03774191811680794,0.5253624320030212
3496,35.9232177734375,0.392849862575531,0.4991374909877777,0.17735175788402557,-0.02661477029323578,0.5274060368537903
3497,35.92677688598633,0.39496690034866333,0.5003875494003296,0.17735862731933594,-0.011850126087665558,0.5157797932624817
3498,35.9260368347168,0.3950052261352539,0.49705004692077637,0.17730630934238434,-0.006103294435888529,0.5284123420715332
3499,35.922142028808594,0.3939071595668793,0.499750018119812,0.17730188369750977,-0.022002076730132103,0.5163359045982361
3500,35.925697326660156,0.3888219892978668,0.5039750337600708,0.17737235128879547,-0.019128890708088875,0.503898561000824
3501,35.91635513305664,0.38194969296455383,0.49813753366470337,0.1773393154144287,-0.006100055295974016,0.514497697353363
3502,35.91942596435547,0.38372743129730225,0.4988125264644623,0.1773182600736618,-0.008510880172252655,0.5272188186645508
3503,35.92765426635742,0.3922349512577057,0.502750039100647,0.17736703157424927,-0.020557992160320282,0.5186113715171814
3504,35.9267578125,0.38873371481895447,0.5019750595092773,0.177402064204216,-0.00307023455388844,0.5175827741622925
3505,35.9245491027832,0.38052040338516235,0.4995000660419464,0.17739319801330566,-0.026999136433005333,0.5150601267814636
3506,35.920135498046875,0.3856910765171051,0.49937501549720764,0.17738211154937744,-0.0024837658274918795,0.5345683097839355
3507,35.924530029296875,0.3900926113128662,0.5037875175476074,0.1774492859840393,-0.022769909352064133,0.5201062560081482
3508,35.927978515625,0.3913887143135071,0.501287579536438,0.17747212946414948,0.001983508700504899,0.5315965414047241
3509,35.92483901977539,0.38755273818969727,0.5041500329971313,0.17754577100276947,-0.017816482111811638,0.5315855145454407
3510,35.92766571044922,0.38586801290512085,0.5007500052452087,0.17755907773971558,-0.01714852824807167,0.5223539471626282
3511,35.929710388183594,0.38453686237335205,0.4998500347137451,0.17755641043186188,-0.006309228017926216,0.5172785520553589
3512,35.933712005615234,0.38470959663391113,0.49995002150535583,0.17755551636219025,0.020901847630739212,0.5170373320579529
3513,35.92902374267578,0.3849972188472748,0.49960002303123474,0.17754840850830078,0.0019505682867020369,0.5217607617378235
3514,35.92544937133789,0.39548709988594055,0.5011875033378601,0.17756949365139008,-0.022157326340675354,0.5323812365531921
3515,35.918601989746094,0.39044681191444397,0.5009750127792358,0.17758680880069733,-0.009926394559442997,0.5340506434440613
3516,35.9238166809082,0.3870423436164856,0.4986250102519989,0.1775623857975006,0.01023788657039404,0.5244594216346741
3517,35.92867660522461,0.39122411608695984,0.5024375319480896,0.17760567367076874,-0.006630251184105873,0.5154362916946411
3518,35.923885345458984,0.3921504020690918,0.5039625763893127,0.17767605185508728,-0.02379663847386837,0.5379363298416138
3519,35.92474365234375,0.3878313899040222,0.4980250597000122,0.17764095962047577,0.007406002376228571,0.5302348732948303
3520,35.92169189453125,0.3835759162902832,0.5021375417709351,0.1776789277791977,-0.016719166189432144,0.5247953534126282
3521,35.92654037475586,0.3857426047325134,0.4997125566005707,0.1776738166809082,-0.03850748762488365,0.5277256369590759
3522,35.92714309692383,0.39813920855522156,0.49873751401901245,0.17765139043331146,0.009104030206799507,0.5157649517059326
3523,35.91960906982422,0.3826546370983124,0.502625048160553,0.1776980310678482,0.0068593802861869335,0.530162513256073
3524,35.922603607177734,0.3907380700111389,0.5013625025749207,0.1777222454547882,0.033482689410448074,0.5155507326126099
3525,35.92974853515625,0.39038270711898804,0.49953755736351013,0.1777140200138092,-0.01445053517818451,0.520442545413971
3526,35.92812728881836,0.39272257685661316,0.5018625259399414,0.17774711549282074,-0.01715906709432602,0.5310649275779724
3527,35.92664337158203,0.38690271973609924,0.4961875379085541,0.17767935991287231,-0.006832544691860676,0.5356085896492004
3528,35.919158935546875,0.3893211781978607,0.5001749992370605,0.17768247425556183,-0.008952408097684383,0.5128890872001648
3529,35.932926177978516,0.388272762298584,0.5000500082969666,0.17768336832523346,0.004768199287354946,0.5567057132720947
3530,35.93539047241211,0.38800016045570374,0.49658751487731934,0.1776227355003357,-0.01578131876885891,0.5168734192848206
3531,35.92222213745117,0.39248788356781006,0.5047875046730042,0.17770777642726898,-0.00011233425902901217,0.5217722654342651
3532,35.926448822021484,0.3930527865886688,0.5033000707626343,0.17776641249656677,-0.005183422472327948,0.5293148159980774
3533,35.92778778076172,0.37795647978782654,0.5015625357627869,0.1777941882610321,-0.0027906009927392006,0.5290077924728394
3534,35.930545806884766,0.3875539004802704,0.4995250105857849,0.1777857393026352,-0.020963070914149284,0.5238606929779053
3535,35.92155838012695,0.38427725434303284,0.49598750472068787,0.17771440744400024,-0.02428622916340828,0.5301210880279541
3536,35.92506790161133,0.38149282336235046,0.5009750127792358,0.1777317374944687,-0.03400569409132004,0.5306417942047119
3537,35.93339920043945,0.38774576783180237,0.4970625340938568,0.17767953872680664,-0.01892215758562088,0.5156464576721191
3538,35.92741012573242,0.3834533095359802,0.49935007095336914,0.1776679903268814,-0.0361107662320137,0.5155060291290283
3539,35.925960540771484,0.38723286986351013,0.5000625252723694,0.17766909301280975,0.008956914767622948,0.5185858011245728
3540,35.92030334472656,0.3877169191837311,0.49773749709129333,0.17762888967990875,-0.04128825664520264,0.5284054279327393
3541,35.928916931152344,0.3843044638633728,0.5002625584602356,0.17763355374336243,-0.008977372199296951,0.5288305878639221
3542,35.926727294921875,0.3846927285194397,0.500462532043457,0.17764176428318024,0.022689014673233032,0.5143274664878845
3543,35.9299201965332,0.38516461849212646,0.4996750056743622,0.17763599753379822,-0.008990402333438396,0.514559805393219
3544,35.9228515625,0.39086416363716125,0.5012250542640686,0.17765776813030243,-0.012118939310312271,0.5202639102935791
3545,35.924354553222656,0.38526883721351624,0.4991625249385834,0.17764289677143097,-0.009033682756125927,0.5146211981773376
3546,35.92717361450195,0.3858449161052704,0.49951252341270447,0.17763423919677734,-0.022497043013572693,0.5391337871551514
3547,35.925697326660156,0.3821292519569397,0.4999750256538391,0.17763379216194153,0.0015132075641304255,0.5174853801727295
3548,35.92377471923828,0.37671953439712524,0.49869999289512634,0.17761069536209106,-0.0020453925244510174,0.5412628054618835
3549,35.91746139526367,0.3876686990261078,0.496800035238266,0.17755386233329773,0.033005453646183014,0.5196556448936462
3550,35.92722702026367,0.38968780636787415,0.49978750944137573,0.17755009233951569,-0.012014966458082199,0.5268449783325195
3551,35.92998504638672,0.38915765285491943,0.5025750398635864,0.1775958091020584,-0.005744894500821829,0.5169892311096191
3552,35.9170036315918,0.38957396149635315,0.5034750699996948,0.17765752971172333,-0.02538892813026905,0.5017262697219849
3553,35.92374038696289,0.3826165497303009,0.4984000623226166,0.17762911319732666,-0.010728545486927032,0.5274803042411804
3554,35.923336029052734,0.39401859045028687,0.5002625584602356,0.17763377726078033,0.003226218745112419,0.5237001180648804
3555,35.93259048461914,0.3812653422355652,0.503837525844574,0.177701935172081,-0.025997094810009003,0.5202162861824036
3556,35.92408752441406,0.3815302550792694,0.4989875257015228,0.17768393456935883,-0.003917182330042124,0.5307713747024536
3557,35.92506790161133,0.3761366009712219,0.502162516117096,0.17772236466407776,0.012744326144456863,0.5347350239753723
3558,35.926246643066406,0.3842986822128296,0.4971875250339508,0.1776723712682724,-0.008664247579872608,0.528216540813446
3559,35.92557907104492,0.3773154020309448,0.5002000331878662,0.17767593264579773,-0.01282463502138853,0.5349485278129578
3560,35.92552185058594,0.38886210322380066,0.49908751249313354,0.17765972018241882,-0.01812075637280941,0.5413656830787659
3561,35.93085861206055,0.37992700934410095,0.5049125552177429,0.1777469962835312,0.008675681427121162,0.5158312916755676
3562,35.92742919921875,0.3776059150695801,0.500825047492981,0.17776165902614594,-0.004053126554936171,0.5080536007881165
3563,35.92485046386719,0.38828665018081665,0.5023000240325928,0.17780253291130066,-0.015645073726773262,0.5417463183403015
3564,35.9329719543457,0.3831247091293335,0.49986258149147034,0.17780008912086487,0.015666764229536057,0.5293623805046082
3565,35.9263916015625,0.3849084675312042,0.49873751401901245,0.17777764797210693,-0.014595439657568932,0.5199443697929382
3566,35.92777633666992,0.38003382086753845,0.49515005946159363,0.17769142985343933,-0.03571505844593048,0.537718653678894
3567,35.928775787353516,0.3860076665878296,0.5027625560760498,0.17774051427841187,-0.011684587225317955,0.5427279472351074
3568,35.92414855957031,0.38472989201545715,0.5012000203132629,0.17776185274124146,-0.009139571338891983,0.5506895184516907
3569,35.918357849121094,0.37855494022369385,0.5025375485420227,0.17780697345733643,-0.006033779587596655,0.5239056348800659
3570,35.9219970703125,0.3817359507083893,0.5002124905586243,0.17781074345111847,-0.02339925989508629,0.5241851210594177
3571,35.9283561706543,0.3861895799636841,0.5059375762939453,0.17791631817817688,0.0052908300422132015,0.5316159129142761
3572,35.930076599121094,0.38272178173065186,0.5002375245094299,0.17792053520679474,-0.01393808051943779,0.5160112977027893
3573,35.92378234863281,0.39470207691192627,0.4987249970436096,0.1778978556394577,-0.015265822410583496,0.5128874182701111
3574,35.92355728149414,0.3849923014640808,0.49906253814697266,0.1778811812400818,-0.034634221345186234,0.5219835042953491
3575,35.93010711669922,0.38984212279319763,0.49851253628730774,0.1778547167778015,-0.03927377611398697,0.5423582196235657
3576,35.929710388183594,0.37944838404655457,0.5033125281333923,0.177913635969162,-0.009127277880907059,0.5352025628089905
3577,35.92584991455078,0.39358648657798767,0.49857503175735474,0.17788827419281006,-0.03497961536049843,0.518034815788269
3578,35.9255485534668,0.3805292844772339,0.498725026845932,0.17786559462547302,-0.03588547557592392,0.517135739326477
3579,35.93115997314453,0.382050096988678,0.497762531042099,0.17782579362392426,-0.032609835267066956,0.5297945737838745
3580,35.93109893798828,0.38313281536102295,0.5051625370979309,0.17791759967803955,-0.03377722576260567,0.5368906855583191
3581,35.926204681396484,0.3809255361557007,0.4995250105857849,0.17790915071964264,-0.0059622423723340034,0.5257997512817383
3582,35.929908752441406,0.3864431381225586,0.5008749961853027,0.1779247224330902,-0.03477370738983154,0.5137269496917725
3583,35.929527282714844,0.38511455059051514,0.4997875392436981,0.17792095243930817,-0.01817050576210022,0.5297837257385254
3584,35.92587661743164,0.37770581245422363,0.5005125403404236,0.1779300719499588,-0.01334932167083025,0.5277093648910522
3585,35.9235725402832,0.38137930631637573,0.50371253490448,0.17799612879753113,-0.0031673109624534845,0.5302315354347229
3586,35.92290115356445,0.3869328498840332,0.4994625151157379,0.17798656225204468,-0.013571503572165966,0.5255528092384338
3587,35.92832565307617,0.3828212320804596,0.49847501516342163,0.17795942723751068,0.0036121346056461334,0.5194398760795593
3588,35.9352912902832,0.38358455896377563,0.4990750253200531,0.17794296145439148,-0.02645077370107174,0.5190417170524597
3589,35.93064498901367,0.38213950395584106,0.4990500211715698,0.17792604863643646,0.03494798392057419,0.524318516254425
3590,35.91797637939453,0.3969282805919647,0.5029875636100769,0.17797920107841492,-0.021195335313677788,0.534809410572052
3591,35.932884216308594,0.39126157760620117,0.5000125169754028,0.17797940969467163,0.007431178353726864,0.530983567237854
3592,35.92563247680664,0.38829144835472107,0.5006375312805176,0.17799076437950134,-0.03005468100309372,0.5192536115646362
3593,35.92531204223633,0.38002297282218933,0.500700056552887,0.1780032217502594,0.0027310955338180065,0.5392382740974426
3594,35.923709869384766,0.3814035952091217,0.498725026845932,0.17798052728176117,-0.0036444186698645353,0.5322970747947693
3595,35.928199768066406,0.381259948015213,0.4982125163078308,0.1779487133026123,-0.021129902452230453,0.5240767598152161
3596,35.928245544433594,0.38837164640426636,0.4984000027179718,0.17792025208473206,0.011143336072564125,0.5281581282615662
3597,35.93032455444336,0.3860396444797516,0.5006124973297119,0.17793115973472595,-0.01782732829451561,0.5249876379966736
3598,35.924625396728516,0.3832406997680664,0.4998500347137451,0.17792849242687225,-0.022164303809404373,0.538640022277832
3599,35.93141555786133,0.3789396286010742,0.4994625449180603,0.1779189258813858,0.006905664224177599,0.5190857648849487
3600,35.92041778564453,0.3729361891746521,0.49800002574920654,0.1778833419084549,-0.0061909896321594715,0.524744987487793
3601,35.92644119262695,0.37985068559646606,0.5007250308990479,0.17789623141288757,-0.003991171717643738,0.5279445648193359
3602,35.92876052856445,0.38731372356414795,0.4967000484466553,0.177837535738945,-0.0007045593811199069,0.5149017572402954
3603,35.93118667602539,0.391843318939209,0.5027874708175659,0.17788709700107574,-0.04855602607131004,0.5353661775588989
3604,35.92872619628906,0.37959155440330505,0.5008500218391418,0.1779022216796875,0.010989305563271046,0.5113875865936279
3605,35.93044662475586,0.38380953669548035,0.5002999901771545,0.1779075711965561,-0.046544525772333145,0.5264151692390442
3606,35.9276237487793,0.3835025727748871,0.49601253867149353,0.17783662676811218,0.0290062353014946,0.5343465805053711
3607,35.93098068237305,0.38354262709617615,0.49865004420280457,0.1778126209974289,-0.044052720069885254,0.5355754494667053
3608,35.92395782470703,0.37417519092559814,0.49742501974105835,0.1777668297290802,0.00627366965636611,0.5282697081565857
3609,35.92279052734375,0.3803516626358032,0.5013750791549683,0.1777912825345993,-0.015999769791960716,0.5380815267562866
3610,35.93052673339844,0.38629692792892456,0.49838754534721375,0.17776261270046234,-0.05412573367357254,0.5318964123725891
3611,35.92164993286133,0.39373689889907837,0.503462553024292,0.17782416939735413,-0.0121314013376832,0.5150850415229797
3612,35.92111587524414,0.38533955812454224,0.4985625147819519,0.17779859900474548,-0.01692013628780842,0.5154961347579956
3613,35.92984390258789,0.3971671760082245,0.5016875267028809,0.1778286099433899,-0.0259877759963274,0.516758382320404
3614,35.92497253417969,0.38298723101615906,0.4970250427722931,0.17777571082115173,-0.013773209415376186,0.5155849456787109
3615,35.925636291503906,0.38141554594039917,0.4985000193119049,0.17774903774261475,-0.008388282731175423,0.5362054109573364
3616,35.919891357421875,0.37174364924430847,0.5020000338554382,0.17778459191322327,0.011106306686997414,0.5166928172111511
3617,35.92586135864258,0.3736153542995453,0.5019375085830688,0.17781902849674225,-0.015990929678082466,0.5356269478797913
3618,35.92973709106445,0.3789408802986145,0.4975375235080719,0.17777524888515472,-0.002594377612695098,0.5268039107322693
3619,35.92759704589844,0.37848949432373047,0.502375066280365,0.1778174638748169,-0.011757660657167435,0.5203070640563965
3620,35.927799224853516,0.3802442252635956,0.5020125508308411,0.17785324156284332,0.01994677260518074,0.5304861664772034
3621,35.926177978515625,0.37452104687690735,0.5009375214576721,0.17786990106105804,-0.014097184874117374,0.5288378596305847
3622,35.934234619140625,0.3720909059047699,0.49755001068115234,0.17782633006572723,-0.010042685084044933,0.532928466796875
3623,35.92547607421875,0.3796407878398895,0.4982375502586365,0.17779499292373657,0.00329700019210577,0.5189428329467773
3624,35.928855895996094,0.38813716173171997,0.5001500248908997,0.17779766023159027,-0.03484760597348213,0.5212578773498535
3625,35.92454147338867,0.37914812564849854,0.5008500218391418,0.17781277000904083,-0.02598602883517742,0.5499115586280823
3626,35.9300422668457,0.37676218152046204,0.49947503209114075,0.1778034269809723,-0.006799631752073765,0.5127810835838318
3627,35.928951263427734,0.37331879138946533,0.498725026845932,0.17778076231479645,-0.0058903261087834835,0.5018524527549744
3628,35.922401428222656,0.374177485704422,0.5034500360488892,0.17784209549427032,0.0004402509075589478,0.5252137780189514
3629,35.92275619506836,0.3856556713581085,0.4969250559806824,0.1777874082326889,0.022434048354625702,0.5466427803039551
3630,35.925540924072266,0.37618204951286316,0.4995250403881073,0.177778959274292,-0.009121496230363846,0.523417055606842
3631,35.9256591796875,0.38336750864982605,0.5001375079154968,0.17778140306472778,-0.03522096201777458,0.538526177406311
3632,35.923614501953125,0.38559988141059875,0.499099999666214,0.1777653992176056,0.02112073265016079,0.5263742804527283
3633,35.92391586303711,0.37280917167663574,0.49623751640319824,0.1776985228061676,-0.030829912051558495,0.541046679019928
3634,35.92835998535156,0.37662050127983093,0.49921250343322754,0.17768453061580658,-0.04673942178487778,0.5214639902114868
3635,35.92814254760742,0.36910659074783325,0.500837504863739,0.17769941687583923,-0.023864401504397392,0.5068151950836182
3636,35.92747497558594,0.3832003176212311,0.49483755230903625,0.1776076853275299,-0.006631902884691954,0.4992431402206421
3637,35.935359954833984,0.3736279010772705,0.500575065612793,0.1776178926229477,0.003550104331225157,0.5319719910621643
3638,35.929161071777344,0.37374281883239746,0.5011125206947327,0.17763765156269073,-0.01850866712629795,0.511944591999054
3639,35.92879867553711,0.37519732117652893,0.4983125329017639,0.1776076704263687,-0.008528292179107666,0.5182619094848633
3640,35.921207427978516,0.3763095736503601,0.4994625151157379,0.17759811878204346,-0.020918624475598335,0.5338404178619385
3641,35.92634201049805,0.3737407326698303,0.49666252732276917,0.17753885686397552,-0.014251118525862694,0.5283349752426147
3642,35.926334381103516,0.3774477541446686,0.49637502431869507,0.1774744987487793,-0.011015062220394611,0.5295583009719849
3643,35.92850875854492,0.3876495659351349,0.5021500587463379,0.17751266062259674,-0.03640499711036682,0.537696123123169
3644,35.92101287841797,0.37666061520576477,0.5035125613212585,0.177575021982193,-0.021085519343614578,0.5364973545074463
3645,35.91939926147461,0.3804245889186859,0.5040749907493591,0.17764738202095032,-0.024187320843338966,0.5252928733825684
3646,35.9260139465332,0.3717655837535858,0.5035125613212585,0.17770978808403015,0.016196656972169876,0.5289374589920044
3647,35.93283462524414,0.3779967725276947,0.5048375129699707,0.17779575288295746,-0.002434690482914448,0.5384242534637451
3648,35.927452087402344,0.37311533093452454,0.5013750195503235,0.17782019078731537,-0.015118107199668884,0.5274369716644287
3649,35.9256706237793,0.37819936871528625,0.4994875490665436,0.17781107127666473,-0.01577545888721943,0.5336689949035645
3650,35.92758560180664,0.36848244071006775,0.49736252427101135,0.1777641773223877,-0.02977575734257698,0.5117141604423523
3651,35.92624282836914,0.3769361972808838,0.50513756275177,0.1778555065393448,-0.04089201241731644,0.5283018946647644
3652,35.92132568359375,0.37865257263183594,0.5012625455856323,0.17787796258926392,-0.013930418528616428,0.515377402305603
3653,35.9246826171875,0.37781238555908203,0.5011374950408936,0.17789819836616516,-0.009260185994207859,0.5278101563453674
3654,35.932456970214844,0.37444478273391724,0.4987500309944153,0.17787596583366394,0.0031952515710145235,0.5274638533592224
3655,35.93266677856445,0.37973907589912415,0.49892500042915344,0.17785683274269104,0.00016324901662301272,0.5387769341468811
3656,35.92493438720703,0.3738580346107483,0.49889999628067017,0.17783726751804352,-0.002541692927479744,0.5218142867088318
3657,35.924808502197266,0.3787882328033447,0.49910005927085876,0.17782126367092133,-0.02279224433004856,0.5379367470741272
3658,35.926876068115234,0.37346866726875305,0.49957504868507385,0.17781370878219604,-0.01564333215355873,0.5222671031951904
3659,35.930267333984375,0.37958118319511414,0.5029374957084656,0.17786593735218048,-0.010166510008275509,0.535042941570282
3660,35.92009735107422,0.3743191659450531,0.5001624822616577,0.1778688281774521,-0.03996727988123894,0.5263556241989136
3661,35.92462921142578,0.3757372498512268,0.5000250339508057,0.1778692752122879,0.01531150657683611,0.5363777875900269
3662,35.926509857177734,0.3690032362937927,0.49832504987716675,0.1778394877910614,-0.022268325090408325,0.5029557347297668
3663,35.92698669433594,0.3939026892185211,0.5016124844551086,0.17786817252635956,-0.01019557099789381,0.5223690867424011
3664,35.91923141479492,0.37117114663124084,0.49896252155303955,0.17784970998764038,-0.013153336010873318,0.5157524943351746
3665,35.92738723754883,0.3796631097793579,0.5002250075340271,0.17785371840000153,-0.010181242600083351,0.5220961570739746
3666,35.92683029174805,0.3741605579853058,0.5000500082969666,0.17785461246967316,-0.028310468420386314,0.5265514850616455
3667,35.92601013183594,0.3738901615142822,0.5032625198364258,0.177912637591362,-0.031438518315553665,0.5240826606750488
3668,35.92262649536133,0.3699921667575836,0.5000500679016113,0.17791353166103363,0.0120901670306921,0.5303172469139099
3669,35.930747985839844,0.3810589611530304,0.5009375214576721,0.17793020606040955,-0.01455392874777317,0.5336765646934509
3670,35.92417526245117,0.3713746964931488,0.4953000247478485,0.17784658074378967,-0.010007471777498722,0.5300682187080383
3671,35.92304611206055,0.3772553503513336,0.5028625130653381,0.17789748311042786,-0.024931997060775757,0.5405311584472656
3672,35.92627716064453,0.36907920241355896,0.4993875324726105,0.17788657546043396,-0.014070251025259495,0.5071625709533691
3673,35.93290710449219,0.3811419904232025,0.4984250068664551,0.17785856127738953,-0.014026799239218235,0.5356462001800537
3674,35.927574157714844,0.3740650415420532,0.5039375424385071,0.1779285967350006,0.002388177439570427,0.5223699808120728
3675,35.92449188232422,0.37318331003189087,0.5002750158309937,0.1779334992170334,-0.014363101683557034,0.5256705284118652
3676,35.92580032348633,0.37317192554473877,0.498912513256073,0.17791415750980377,-0.026349738240242004,0.5393408536911011
3677,35.92861557006836,0.37835386395454407,0.4983000159263611,0.17788390815258026,0.0025568013079464436,0.5411412715911865
3678,35.92965316772461,0.38169509172439575,0.4967750608921051,0.17782653868198395,-0.011907530017197132,0.5207700729370117
3679,35.920249938964844,0.3876391351222992,0.5010125637054443,0.17784453928470612,-0.028227657079696655,0.5206296443939209
3680,35.91790771484375,0.3691514730453491,0.5010499954223633,0.177863210439682,-0.006856138352304697,0.5271068811416626
3681,35.926090240478516,0.370095431804657,0.5020875334739685,0.17790034413337708,-0.02679678425192833,0.5206054449081421
3682,35.930755615234375,0.3783145248889923,0.49947503209114075,0.17789100110530853,-0.040722981095314026,0.5320299863815308
3683,35.91881561279297,0.37410178780555725,0.5006125569343567,0.17790189385414124,-0.018526483327150345,0.5249534845352173
3684,35.9214973449707,0.3785731792449951,0.49619999527931213,0.17783430218696594,-0.014544324018061161,0.5388711094856262
3685,35.924903869628906,0.37750375270843506,0.5018750429153442,0.17786765098571777,-0.02962900698184967,0.5289424657821655
3686,35.93556594848633,0.3813472390174866,0.49547499418258667,0.1777871698141098,-0.030224092304706573,0.5283938050270081
3687,35.92559051513672,0.38636207580566406,0.4961000382900238,0.17771783471107483,-0.009097647853195667,0.5057152509689331
3688,35.923824310302734,0.38693317770957947,0.4984000027179718,0.17768940329551697,-0.033176835626363754,0.5340072512626648
3689,35.9276237487793,0.3689172565937042,0.5017750263214111,0.17772094905376434,0.0035771962720900774,0.514458179473877
3690,35.93236541748047,0.38388165831565857,0.5015624761581421,0.17774872481822968,-0.016395224258303642,0.5427178144454956
3691,35.928009033203125,0.370145320892334,0.4975750148296356,0.17770563066005707,0.0029922695830464363,0.5276858806610107
3692,35.925716400146484,0.387551873922348,0.4993250370025635,0.17769363522529602,-0.009607159532606602,0.5291308164596558
3693,35.92376708984375,0.3751054108142853,0.5005375146865845,0.17770318686962128,-0.02434731461107731,0.5249429941177368
3694,35.92992401123047,0.3734954297542572,0.4970250427722931,0.1776503175497055,-0.017588837072253227,0.5335350632667542
3695,35.927001953125,0.36723342537879944,0.5028375387191772,0.1777007132768631,-0.00891806185245514,0.5191957354545593
3696,35.92593765258789,0.3755490183830261,0.4975625276565552,0.17765741050243378,0.0038257362321019173,0.5086578726768494
3697,35.92225646972656,0.38125887513160706,0.49678751826286316,0.17760033905506134,-0.0073101697489619255,0.5289918780326843
3698,35.924072265625,0.3723965883255005,0.499625027179718,0.1775936782360077,-0.027452001348137856,0.5338590741157532
3699,35.93144226074219,0.37311848998069763,0.4970875382423401,0.17754195630550385,-0.022874390706419945,0.5331595540046692
3700,35.922332763671875,0.37775424122810364,0.5009000301361084,0.17755793035030365,-0.010950552299618721,0.5246717929840088
3701,35.92212677001953,0.3746374547481537,0.49845004081726074,0.1775304079055786,-0.011430741287767887,0.5159377455711365
3702,35.924434661865234,0.3638054132461548,0.4993250370025635,0.17751842737197876,-0.01128347311168909,0.5155618786811829
3703,35.93149948120117,0.3722991645336151,0.5049125552177429,0.17760562896728516,-0.01796184852719307,0.5235622525215149
3704,35.92025375366211,0.36944273114204407,0.5038750171661377,0.17767445743083954,-0.027953751385211945,0.5267581939697266
3705,35.922550201416016,0.37530308961868286,0.5012500286102295,0.17769667506217957,-0.02316737174987793,0.517052948474884
3706,35.9293212890625,0.3632112145423889,0.49576252698898315,0.17762137949466705,0.007342334371060133,0.5350711345672607
3707,35.933528900146484,0.3653179705142975,0.4988250434398651,0.17760051786899567,-0.034729234874248505,0.5291267037391663
3708,35.926692962646484,0.36373159289360046,0.5004750490188599,0.1776089370250702,-0.013920244760811329,0.5241274833679199
3709,35.93590545654297,0.3661704957485199,0.4995500445365906,0.1776009500026703,-0.021438494324684143,0.5248213410377502
3710,35.924251556396484,0.36982667446136475,0.500825047492981,0.17761559784412384,0.011104948818683624,0.5362609028816223
3711,35.92908477783203,0.36441847681999207,0.5014500617980957,0.1776413470506668,0.027089014649391174,0.5270088315010071
3712,35.925018310546875,0.3685736358165741,0.5008000135421753,0.17765556275844574,-0.02922992780804634,0.5196093916893005
3713,35.923892974853516,0.3639499843120575,0.499687522649765,0.17765001952648163,-0.020541099831461906,0.5222357511520386
3714,35.92168426513672,0.36387431621551514,0.4980250298976898,0.1776149421930313,-0.021241627633571625,0.5172492265701294
3715,35.928550720214844,0.371680349111557,0.4998375475406647,0.1776120513677597,-0.017414258792996407,0.5353379249572754
3716,35.93017578125,0.37135884165763855,0.5014750361442566,0.1776382476091385,0.006856720894575119,0.5232524275779724
3717,35.923500061035156,0.3723170757293701,0.4989750385284424,0.1776200383901596,-0.029753578826785088,0.5374915599822998
3718,35.92275619506836,0.36637529730796814,0.49966251850128174,0.17761404812335968,-0.01827750913798809,0.5069351196289062
3719,35.92378616333008,0.37204381823539734,0.5021500587463379,0.1776522397994995,-0.04612228646874428,0.516158401966095
3720,35.92535400390625,0.3648366928100586,0.500575065612793,0.1776624470949173,-0.021999554708600044,0.5313964486122131
3721,35.9202995300293,0.37405604124069214,0.4998750686645508,0.17766022682189941,-0.012256068177521229,0.5256426930427551
3722,35.92951202392578,0.3658265471458435,0.5017250180244446,0.17769087851047516,-0.0014722348423674703,0.5486264824867249
3723,35.9301643371582,0.3733678162097931,0.4991374909877777,0.17767556011676788,-0.02714555524289608,0.5204658508300781
3724,35.9279670715332,0.3724105656147003,0.5018750429153442,0.17770887911319733,-0.01891329698264599,0.5083845257759094
3725,35.922080993652344,0.37050479650497437,0.5011250376701355,0.17772887647151947,-0.05202902480959892,0.5321051478385925
3726,35.921165466308594,0.36979904770851135,0.5010625123977661,0.17774775624275208,-0.016136113554239273,0.5339308977127075
3727,35.93229293823242,0.3727686405181885,0.4987500309944153,0.17772553861141205,-0.009530393406748772,0.5262178182601929
3728,35.9278678894043,0.3652975559234619,0.49646255373954773,0.1776626706123352,-0.009616407565772533,0.5200247764587402
3729,35.915035247802734,0.3716767728328705,0.5000124573707581,0.17766287922859192,-0.03507774695754051,0.5380151271820068
3730,35.927734375,0.3706580102443695,0.4961625039577484,0.17759470641613007,-0.006888002622872591,0.5195519328117371
3731,35.93245315551758,0.3774705231189728,0.5055500268936157,0.17769327759742737,-0.0018389702308923006,0.532837450504303
3732,35.93050003051758,0.37373700737953186,0.49995002150535583,0.17769238352775574,-0.01286863349378109,0.5537872314453125
3733,35.91996765136719,0.37158331274986267,0.501300036907196,0.1777154952287674,-0.02934197522699833,0.5470135807991028
3734,35.92152404785156,0.368610680103302,0.5023750066757202,0.17775769531726837,-0.012583250179886818,0.5241825580596924
3735,35.928340911865234,0.3654698431491852,0.5001875162124634,0.1777610182762146,-0.029892487451434135,0.5253602266311646
3736,35.93083953857422,0.3673616647720337,0.4999375343322754,0.17775990068912506,-0.026129934936761856,0.5380126237869263
3737,35.926456451416016,0.38547250628471375,0.4974000155925751,0.17771367728710175,-0.021118484437465668,0.5116281509399414
3738,35.929229736328125,0.373835951089859,0.5024750232696533,0.1777576506137848,0.01418992318212986,0.5137287974357605
3739,35.936038970947266,0.37685146927833557,0.4997250437736511,0.1777527630329132,-0.044118668884038925,0.523068368434906
3740,35.92730712890625,0.36799347400665283,0.503125011920929,0.17780829966068268,-0.017470329999923706,0.5211829543113708
3741,35.9217414855957,0.37536054849624634,0.49943751096725464,0.1777983009815216,0.008833270519971848,0.5139405131340027
3742,35.92226028442383,0.36721599102020264,0.5024375319480896,0.1778416484594345,-0.018213696777820587,0.5371995568275452
3743,35.93114471435547,0.3753511607646942,0.5013875365257263,0.17786632478237152,-0.01208068709820509,0.5240637063980103
3744,35.92068099975586,0.36208540201187134,0.4988750219345093,0.17784631252288818,-0.01538358349353075,0.5572816729545593
3745,35.922943115234375,0.36825552582740784,0.49972501397132874,0.1778414249420166,-0.00817743968218565,0.5248026847839355
3746,35.92814636230469,0.37630024552345276,0.5044750571250916,0.17792101204395294,-0.015409441664814949,0.5278981924057007
3747,35.92095947265625,0.3639671206474304,0.5011375546455383,0.1779412478208542,-0.010781851597130299,0.5180259346961975
3748,35.9255256652832,0.3732210099697113,0.49822506308555603,0.17790965735912323,0.005904789082705975,0.5196405053138733
3749,35.92074203491211,0.3737720847129822,0.5006375312805176,0.17792099714279175,-0.018893808126449585,0.5372239947319031
3750,35.92486572265625,0.3679366111755371,0.4995250403881073,0.17791254818439484,-0.006709489040076733,0.5316592454910278
3751,35.925018310546875,0.36732569336891174,0.5036875009536743,0.17797814309597015,-0.011266267858445644,0.534371018409729
3752,35.92423629760742,0.358726441860199,0.493987500667572,0.17787113785743713,-0.000722856551874429,0.5296773910522461
3753,35.93136978149414,0.36923709511756897,0.5026875138282776,0.1779189258813858,-0.01483250968158245,0.5240225195884705
3754,35.92475128173828,0.3749905824661255,0.4990500211715698,0.17790202796459198,-0.02098923549056053,0.5340806245803833
3755,35.93013381958008,0.36036375164985657,0.49729999899864197,0.17785398662090302,0.0004820633039344102,0.5544640421867371
3756,35.92979049682617,0.3738698363304138,0.5019500255584717,0.1778886765241623,-0.011008083820343018,0.5145692229270935
3757,35.92619705200195,0.3680015504360199,0.5008375644683838,0.17790357768535614,-0.046603284776210785,0.5252413749694824
3758,35.92815017700195,0.3660879135131836,0.501075029373169,0.17792271077632904,-0.017441071569919586,0.5213168859481812
3759,35.92551040649414,0.36029985547065735,0.49380001425743103,0.177812397480011,-0.03945165500044823,0.5286192297935486
3760,35.9271240234375,0.36448934674263,0.4985000491142273,0.177785724401474,-0.008931590244174004,0.5224177837371826
3761,35.9265251159668,0.3636642098426819,0.5001125335693359,0.17778772115707397,-0.017082463949918747,0.49560943245887756
3762,35.92747497558594,0.36334091424942017,0.5047000646591187,0.17787128686904907,0.011592799797654152,0.512455940246582
3763,35.926876068115234,0.3694649636745453,0.498725026845932,0.17784860730171204,0.0006544830976054072,0.5019187331199646
3764,35.92571258544922,0.363547682762146,0.49892500042915344,0.17782948911190033,-0.011607804335653782,0.5175061821937561
3765,35.92714309692383,0.3678496479988098,0.49736252427101135,0.1777825802564621,-0.010356126353144646,0.5272225141525269
3766,35.93189239501953,0.3616057336330414,0.5010125041007996,0.17780056595802307,-0.020209934562444687,0.5266348719596863
3767,35.930477142333984,0.3686368763446808,0.49711254239082336,0.17774923145771027,0.002403289545327425,0.530208170413971
3768,35.9261474609375,0.3624700903892517,0.5021000504493713,0.17778657376766205,-0.006726461462676525,0.5161275863647461
3769,35.92750930786133,0.3769603669643402,0.5005375146865845,0.1777961254119873,0.017042560502886772,0.5262801647186279
3770,35.924537658691406,0.36347243189811707,0.5028625130653381,0.1778470128774643,0.00019559444626793265,0.5429689884185791
3771,35.92533874511719,0.3623892664909363,0.4972875714302063,0.17779876291751862,-0.017948687076568604,0.514641284942627
3772,35.92974853515625,0.3626868426799774,0.5012000203132629,0.1778201013803482,-0.005033788736909628,0.5424572825431824
3773,35.92890548706055,0.36910831928253174,0.5009000301361084,0.1778361052274704,0.003912291489541531,0.5033690929412842
3774,35.92463302612305,0.36143437027931213,0.4989875257015228,0.17781808972358704,-0.000295175559585914,0.5065714120864868
3775,35.927528381347656,0.36552608013153076,0.5006000399589539,0.17782875895500183,0.01940823532640934,0.527424693107605
3776,35.926727294921875,0.36408931016921997,0.49643751978874207,0.1777653992176056,-0.006310809403657913,0.51442950963974
3777,35.92502975463867,0.3589796721935272,0.49886253476142883,0.17774517834186554,0.0026340647600591183,0.5146172642707825
3778,35.92658233642578,0.3614969551563263,0.49721255898475647,0.177695631980896,-0.005983093287795782,0.5168903470039368
3779,35.92942810058594,0.36581316590309143,0.4969375431537628,0.17764121294021606,-0.014220200479030609,0.5296949744224548
3780,35.92795944213867,0.36920273303985596,0.4982375204563141,0.1776099056005478,-0.0077022528275847435,0.5185385942459106
3781,35.92678451538086,0.36162781715393066,0.49598750472068787,0.17753863334655762,-0.026050785556435585,0.5407611131668091
3782,35.92616653442383,0.361124724149704,0.5029500126838684,0.177591010928154,-0.0258963443338871,0.5463782548904419
3783,35.927818298339844,0.36275261640548706,0.4985625147819519,0.17756548523902893,-0.015202482230961323,0.5200040936470032
3784,35.92900848388672,0.3657587766647339,0.5045750141143799,0.1776467263698578,-0.0026589003391563892,0.5378045439720154
3785,35.93182373046875,0.3626781702041626,0.5011000037193298,0.17766627669334412,-0.026933183893561363,0.5267542004585266
3786,35.928348541259766,0.360135555267334,0.4993875324726105,0.1776553839445114,0.002281657885760069,0.5285645127296448
3787,35.92888641357422,0.363414466381073,0.5031500458717346,0.1777113378047943,-0.02175893820822239,0.525617241859436
3788,35.92815017700195,0.3664042353630066,0.5007625222206116,0.1777248978614807,-0.03632888197898865,0.5320073366165161
3789,35.92420196533203,0.3613515794277191,0.49818751215934753,0.17769268155097961,-0.030986322090029716,0.5327131152153015
3790,35.93086624145508,0.3685647249221802,0.49656251072883606,0.17763160169124603,0.008101160638034344,0.5337640047073364
3791,35.936763763427734,0.3587385416030884,0.49845001101493835,0.177604079246521,0.006235241889953613,0.5362625122070312
3792,35.930423736572266,0.3605059087276459,0.4978625774383545,0.17756611108779907,-0.0227667149156332,0.5121682286262512
3793,35.920143127441406,0.35586512088775635,0.49853751063346863,0.1775401383638382,-0.02397015132009983,0.5369974374771118
3794,35.926368713378906,0.3631633520126343,0.5012249946594238,0.1775618940591812,-0.022263120859861374,0.5106505751609802
3795,35.92378616333008,0.3624815046787262,0.5013375282287598,0.1775856465101242,-0.026759620755910873,0.5126581192016602
3796,35.921085357666016,0.3597489893436432,0.5018125176429749,0.17761781811714172,0.0047064307145774364,0.5419919490814209
3797,35.922550201416016,0.36237820982933044,0.49830004572868347,0.177587628364563,-0.009147917851805687,0.5203678011894226
3798,35.92351150512695,0.3677294850349426,0.5002625584602356,0.17759229242801666,-0.021762777119874954,0.5298082232475281
3799,35.92701721191406,0.36225271224975586,0.49693751335144043,0.17753790318965912,0.0007114525069482625,0.5328604578971863
3800,35.92741775512695,0.36927473545074463,0.5033125281333923,0.17759671807289124,-0.027234314009547234,0.5250464081764221
3801,35.92594909667969,0.36294764280319214,0.49835005402565,0.17756742238998413,-0.01018504798412323,0.5324435830116272
3802,35.92608642578125,0.36688604950904846,0.5003750324249268,0.17757408320903778,-0.01303458958864212,0.5270081758499146
3803,35.92208480834961,0.36414191126823425,0.5021875500679016,0.17761293053627014,-0.011029469780623913,0.5260152220726013
3804,35.93183517456055,0.3626646101474762,0.49668753147125244,0.17755410075187683,-0.006946041248738766,0.5021522045135498
3805,35.928409576416016,0.3620060682296753,0.49832504987716675,0.1775243580341339,-0.01576605625450611,0.5422841906547546
3806,35.9307746887207,0.3678725063800812,0.5027125477790833,0.17757250368595123,0.0015835539670661092,0.5264708399772644
3807,35.9304084777832,0.3658095598220825,0.5033250451087952,0.17763154208660126,-0.021622274070978165,0.5333325862884521
3808,35.92778396606445,0.36173713207244873,0.4935125410556793,0.17751631140708923,-0.011006956920027733,0.5399395227432251
3809,35.928749084472656,0.3615916669368744,0.501075029373169,0.17753539979457855,0.0011970291379839182,0.5290340185165405
3810,35.934017181396484,0.3653832674026489,0.5020624995231628,0.17757201194763184,-0.012909182347357273,0.5248112678527832
3811,35.922576904296875,0.36178234219551086,0.4962625503540039,0.17750564217567444,-0.029728764668107033,0.5105606317520142
3812,35.916229248046875,0.36507314443588257,0.5034125447273254,0.17756623029708862,-0.04139671102166176,0.5455932021141052
3813,35.931640625,0.3681136667728424,0.5014500617980957,0.1775919646024704,-0.007111154031008482,0.5348559617996216
3814,35.93095016479492,0.3665478527545929,0.49545004963874817,0.17751115560531616,-0.016686782240867615,0.5133785009384155
3815,35.9178581237793,0.3662402331829071,0.49406251311302185,0.17740575969219208,-0.014131758362054825,0.5354790687561035
3816,35.925418853759766,0.36133360862731934,0.5036750435829163,0.17747096717357635,-0.0020107952877879143,0.5097708106040955
3817,35.929832458496094,0.3646687865257263,0.5007249712944031,0.17748382687568665,-0.0063396417535841465,0.5277789235115051
3818,35.93328857421875,0.35828375816345215,0.49813753366470337,0.1774507611989975,-0.0218490120023489,0.5103951096534729
3819,35.920902252197266,0.3796549439430237,0.4982750117778778,0.17742015421390533,-0.019435860216617584,0.5149381756782532
3820,35.92397689819336,0.3676118850708008,0.4994250237941742,0.17740994691848755,-0.0058206175453960896,0.5257822275161743
3821,35.93356704711914,0.3673584759235382,0.5005249977111816,0.1774192452430725,0.010133210569620132,0.5095123052597046
3822,35.935176849365234,0.3681025207042694,0.5028125047683716,0.1774691343307495,-0.020432619377970695,0.5329060554504395
3823,35.92322540283203,0.3714215159416199,0.5023125410079956,0.17751017212867737,-0.014259148389101028,0.5232780575752258
3824,35.924339294433594,0.361955851316452,0.49957504868507385,0.17750263214111328,0.01971300132572651,0.5334199070930481
3825,35.93104553222656,0.36260274052619934,0.49826252460479736,0.17747178673744202,-0.0145038440823555,0.5313842296600342
3826,35.935237884521484,0.3634001910686493,0.4963499903678894,0.17740701138973236,-0.014134660363197327,0.5198522210121155
3827,35.927616119384766,0.36183926463127136,0.5017250180244446,0.17743761837482452,-0.01704375073313713,0.5076385140419006
3828,35.921573638916016,0.3675641715526581,0.4982125163078308,0.17740589380264282,-0.009511268697679043,0.5215176343917847
3829,35.925048828125,0.35777848958969116,0.5004250407218933,0.1774134486913681,-0.00594492768868804,0.5152114629745483
3830,35.93183135986328,0.36408382654190063,0.5050500631332397,0.17750303447246552,-0.02794787846505642,0.5299924612045288
3831,35.930809020996094,0.3637506365776062,0.5025500655174255,0.17754828929901123,-0.0167988371104002,0.5260062217712402
3832,35.92705154418945,0.3723314702510834,0.49675002694129944,0.17749057710170746,-0.030186424031853676,0.5292839407920837
3833,35.93463897705078,0.3700801432132721,0.5042250156402588,0.1775655597448349,-0.01606719195842743,0.5300253629684448
3834,35.9279670715332,0.3648872971534729,0.49791255593299866,0.1775285005569458,-0.0009941369062289596,0.5211530923843384
3835,35.92605209350586,0.3613951504230499,0.49982503056526184,0.1775253862142563,-0.005646323319524527,0.5202710628509521
3836,35.9255485534668,0.36897069215774536,0.5013625025749207,0.1775495707988739,-0.03733663260936737,0.5279302000999451
3837,35.932334899902344,0.3583338260650635,0.4986875355243683,0.17752626538276672,-0.04613162577152252,0.5200119614601135
3838,35.927791595458984,0.3601956367492676,0.499500036239624,0.1775173842906952,-0.019508332014083862,0.5214490294456482
3839,35.922061920166016,0.35771551728248596,0.5,0.1775173842906952,-0.013647652231156826,0.5314427614212036
3840,35.921085357666016,0.36530765891075134,0.4968000054359436,0.17746058106422424,-0.03933959826827049,0.5220741629600525
3841,35.93376541137695,0.3582940995693207,0.5012375116348267,0.17748254537582397,0.007956970483064651,0.5231320261955261
3842,35.91851043701172,0.3527008593082428,0.5051375031471252,0.17757374048233032,-0.015916012227535248,0.5245469212532043
3843,35.91761016845703,0.36348265409469604,0.49551254510879517,0.17749404907226562,-0.0095803402364254,0.5301628112792969
3844,35.928951263427734,0.3602483570575714,0.4969625473022461,0.17744013667106628,-0.038885511457920074,0.5415827035903931
3845,35.93546676635742,0.3639072775840759,0.4992375075817108,0.17742660641670227,-0.0010596371721476316,0.5314576029777527
3846,35.92392349243164,0.3567139804363251,0.5024750232696533,0.17747052013874054,-0.008161289617419243,0.5196112990379333
3847,35.925174713134766,0.35994952917099,0.5016500353813171,0.17749980092048645,-0.012172400020062923,0.5414766073226929
3848,35.92540740966797,0.3545564115047455,0.4992625117301941,0.17748671770095825,-0.00962311401963234,0.5374918580055237
3849,35.928958892822266,0.3592875599861145,0.4995249807834625,0.17747828364372253,-0.03337862715125084,0.5175923109054565
3850,35.9280891418457,0.3584456145763397,0.5011000633239746,0.17749780416488647,-0.028515616431832314,0.5153979063034058
3851,35.91765213012695,0.36444932222366333,0.5018000602722168,0.17752975225448608,-0.004157463554292917,0.5244501233100891
3852,35.923667907714844,0.36480769515037537,0.5015625357627869,0.17755749821662903,0.020807599648833275,0.5193004608154297
3853,35.923057556152344,0.35172009468078613,0.49957504868507385,0.17754995822906494,-0.0037418894935399294,0.5308499932289124
3854,35.92655563354492,0.3659646809101105,0.5020125508308411,0.1775856912136078,-0.029898500069975853,0.5231851935386658
3855,35.924503326416016,0.3601585924625397,0.4994000494480133,0.1775750368833542,-0.030645158141851425,0.5116875767707825
3856,35.92245101928711,0.3601118326187134,0.5011250376701355,0.17759501934051514,-0.026634110137820244,0.535233199596405
3857,35.930545806884766,0.3539394438266754,0.5009250640869141,0.17761145532131195,-0.00632498087361455,0.5258000493049622
3858,35.93315124511719,0.372577965259552,0.49867501854896545,0.17758792638778687,-0.0018407856114208698,0.5143856406211853
3859,35.92287826538086,0.3673185110092163,0.4988125264644623,0.17756684124469757,-0.017438484355807304,0.5122784376144409
3860,35.91976547241211,0.3728593587875366,0.5008749961853027,0.17758238315582275,-0.02707524038851261,0.5290208458900452
3861,35.928348541259766,0.36891645193099976,0.4997375011444092,0.17757771909236908,0.006262739654630423,0.5150324106216431
3862,35.93157196044922,0.3633546531200409,0.5015125274658203,0.1776045858860016,-0.013788342475891113,0.5179092884063721
3863,35.930240631103516,0.3760516345500946,0.4957125186920166,0.17752844095230103,-0.048812124878168106,0.5328329801559448
3864,35.92282485961914,0.3608846068382263,0.49847501516342163,0.177501380443573,-0.025754187256097794,0.5341565012931824
3865,35.93290328979492,0.3703475594520569,0.5050375461578369,0.17759080231189728,-0.006888051051646471,0.5323631763458252
3866,35.93345642089844,0.36913275718688965,0.5045999884605408,0.17767250537872314,0.0054430607706308365,0.5171696543693542
3867,35.923492431640625,0.3697415888309479,0.49978750944137573,0.1776687353849411,-0.0467834435403347,0.5232756733894348
3868,35.919921875,0.3588813841342926,0.49970000982284546,0.1776634156703949,3.963899871450849e-05,0.5352622866630554
3869,35.92628479003906,0.35928264260292053,0.49685004353523254,0.1776074469089508,0.004699495155364275,0.510866105556488
3870,35.93266296386719,0.36391347646713257,0.49957504868507385,0.17759989202022552,-0.0188569575548172,0.5089673399925232
3871,35.92190170288086,0.3688916265964508,0.4981500506401062,0.1775670349597931,-0.05304748937487602,0.547561764717102
3872,35.91939926147461,0.366074800491333,0.49633756279945374,0.17750199139118195,-0.025378312915563583,0.5222393870353699
3873,35.93488311767578,0.37434181571006775,0.5012625455856323,0.1775244027376175,-0.010854733176529408,0.5434662103652954
3874,35.93588638305664,0.36443865299224854,0.502887487411499,0.17757566273212433,-0.04941785708069801,0.5188297033309937
3875,35.9165153503418,0.363244891166687,0.49631252884864807,0.17751017212867737,-0.012031614780426025,0.522558867931366
3876,35.915409088134766,0.37213632464408875,0.5008749961853027,0.17752569913864136,-0.03943091258406639,0.5035454034805298
3877,35.92378234863281,0.3559589087963104,0.4995625615119934,0.17751793563365936,-0.0027147799264639616,0.5171465277671814
3878,35.93783187866211,0.3665934205055237,0.4999375343322754,0.17751681804656982,-0.019876275211572647,0.5183255672454834
3879,35.92719268798828,0.3595508337020874,0.49995002150535583,0.1775159239768982,-0.010651140473783016,0.5268298983573914
3880,35.922664642333984,0.3632810115814209,0.49547505378723145,0.17743559181690216,-0.013163620606064796,0.5338647961616516
3881,35.92327880859375,0.3577835261821747,0.49863749742507935,0.17741142213344574,-0.0011778079206123948,0.5057163238525391
3882,35.93202590942383,0.3637166917324066,0.5028125047683716,0.17746131122112274,-0.009296337142586708,0.5425637364387512
3883,35.92438507080078,0.35736051201820374,0.49793753027915955,0.17742471396923065,-0.007420376408845186,0.5251669883728027
3884,35.92809295654297,0.36351361870765686,0.497637540102005,0.17738279700279236,-0.021503997966647148,0.5340086221694946
3885,35.92960739135742,0.3465982973575592,0.49912503361701965,0.17736726999282837,-0.014704050496220589,0.527431070804596
3886,35.93034362792969,0.35878077149391174,0.5017000436782837,0.17739741504192352,0.010863352566957474,0.5442126393318176
3887,35.92359924316406,0.360724538564682,0.49851253628730774,0.17737102508544922,0.002567961346358061,0.5516419410705566
3888,35.91966247558594,0.36982885003089905,0.5008375644683838,0.17738589644432068,-0.019656633958220482,0.5235179662704468
3889,35.928062438964844,0.36093324422836304,0.5011500716209412,0.17740629613399506,0.004345035646110773,0.5253283977508545
3890,35.929317474365234,0.36367249488830566,0.503000020980835,0.17745952308177948,-0.021641654893755913,0.5348572731018066
3891,35.91941833496094,0.35345497727394104,0.500337541103363,0.1774655133485794,0.00842620525509119,0.5268807411193848
3892,35.92471694946289,0.3601619303226471,0.4923875331878662,0.17733041942119598,-0.012512832880020142,0.510739266872406
3893,35.929359436035156,0.3627184331417084,0.5039750337600708,0.17740090191364288,-0.024112025275826454,0.5324954986572266
3894,35.92224884033203,0.3612344264984131,0.5024750828742981,0.17744480073451996,-0.01143788080662489,0.5301729440689087
3895,35.92811965942383,0.35457637906074524,0.4999125301837921,0.1774432510137558,-0.015128478407859802,0.5170649886131287
3896,35.92041778564453,0.3661663234233856,0.5016499757766724,0.1774725317955017,0.011294306255877018,0.5266237854957581
3897,35.92313003540039,0.3550466001033783,0.5011875033378601,0.1774936020374298,-0.01653788611292839,0.5181851983070374
3898,35.93199920654297,0.3628481924533844,0.5008000135421753,0.17750780284404755,-0.029004735872149467,0.5190334916114807
3899,35.92951583862305,0.3533654808998108,0.49650001525878906,0.1774456799030304,-0.021359508857131004,0.5177226662635803
3900,35.9260139465332,0.3578682541847229,0.5009375214576721,0.17746230959892273,-0.0258511733263731,0.5115482211112976
3901,35.923282623291016,0.354183167219162,0.49687501788139343,0.17740684747695923,-0.01190925482660532,0.5247525572776794
3902,35.93153381347656,0.35550662875175476,0.5000750422477722,0.17740817368030548,-0.0071708629839122295,0.5262001156806946
3903,35.928924560546875,0.3518848419189453,0.5011250376701355,0.17742814123630524,-0.001055440865457058,0.5282546877861023
3904,35.93043899536133,0.35626938939094543,0.5008500218391418,0.1774432212114334,-0.03247883915901184,0.5082077980041504
3905,35.92429733276367,0.35329774022102356,0.4987874925136566,0.1774217039346695,0.005605729762464762,0.5204936265945435
3906,35.92400360107422,0.3536459803581238,0.5028375387191772,0.1774720400571823,-0.020189065486192703,0.5119069218635559
3907,35.926151275634766,0.35665974020957947,0.5008125305175781,0.17748646438121796,-0.015427954494953156,0.5213273167610168
3908,35.93034362792969,0.35955604910850525,0.5020000338554382,0.1775219738483429,-0.00649328762665391,0.5453222990036011
3909,35.92243194580078,0.35168176889419556,0.5013999938964844,0.17754681408405304,-0.017701514065265656,0.5134732723236084
3910,35.92118835449219,0.3521604537963867,0.5008749961853027,0.17756235599517822,-0.012757530435919762,0.5413918495178223
3911,35.93206024169922,0.35247012972831726,0.5005999803543091,0.17757301032543182,-0.01729601062834263,0.5303007960319519
3912,35.92959213256836,0.3548446595668793,0.4991125166416168,0.17755724489688873,-0.009193146601319313,0.533653974533081
3913,35.92729187011719,0.3586769998073578,0.49992501735687256,0.17755591869354248,-0.027913259342312813,0.534134030342102
3914,35.93389129638672,0.3456568121910095,0.49980005621910095,0.17755237221717834,0.025788718834519386,0.5113093256950378
3915,35.941951751708984,0.36224666237831116,0.49771255254745483,0.17751175165176392,0.003081702394410968,0.5316787362098694
3916,35.933380126953125,0.35173502564430237,0.4962000250816345,0.17744429409503937,-0.03865477815270424,0.5387200713157654
3917,35.921226501464844,0.3649817109107971,0.5021374821662903,0.1774822175502777,-0.01284100767225027,0.5175923109054565
3918,35.9262580871582,0.3572247326374054,0.4987500309944153,0.17746002972126007,-0.03152787312865257,0.541144609451294
3919,35.930442810058594,0.35923072695732117,0.5002250075340271,0.17746402323246002,-0.004206438548862934,0.5122948884963989
3920,35.92548370361328,0.3587649166584015,0.5033000111579895,0.17752258479595184,-0.0027451850473880768,0.5509617924690247
3921,35.917789459228516,0.35852253437042236,0.4980374872684479,0.17748774588108063,-0.03227541595697403,0.5118272304534912
3922,35.92391586303711,0.3595559298992157,0.5034500360488892,0.17754897475242615,0.0014814244350418448,0.5211688876152039
3923,35.92940139770508,0.3561986982822418,0.499687522649765,0.17754343152046204,-0.030422799289226532,0.5259056091308594
3924,35.9373664855957,0.3601513206958771,0.5028625130653381,0.17759424448013306,-0.01306894700974226,0.5187888145446777
3925,35.92316818237305,0.3591805696487427,0.49781250953674316,0.1775553971529007,-0.012909730896353722,0.5239688754081726
3926,35.92448806762695,0.3780442178249359,0.4999125301837921,0.17755384743213654,-0.016314838081598282,0.5177817940711975
3927,35.9290657043457,0.3505152761936188,0.5020750164985657,0.17759069800376892,-0.024116387590765953,0.5302852392196655
3928,35.93283462524414,0.3670068383216858,0.49902501702308655,0.17757338285446167,-0.011877522803843021,0.5179923176765442
3929,35.92489242553711,0.35167133808135986,0.5038000345230103,0.1776408702135086,-0.03194408491253853,0.530530571937561
3930,35.92057418823242,0.36883777379989624,0.501075029373169,0.17765997350215912,-0.01471774559468031,0.534174919128418
3931,35.92271423339844,0.3593847453594208,0.501800000667572,0.17769195139408112,-0.02304033748805523,0.5193926095962524
3932,35.93401336669922,0.36723414063453674,0.4977875351905823,0.17765264213085175,-0.015789024531841278,0.521705687046051
3933,35.92254638671875,0.3530719578266144,0.49494999647140503,0.17756293714046478,-0.0165756456553936,0.5182183980941772
3934,35.917598724365234,0.36704733967781067,0.49871253967285156,0.17754007875919342,-0.04119144007563591,0.5459362864494324
3935,35.931190490722656,0.3504689037799835,0.499750018119812,0.17753563821315765,-0.017216961830854416,0.5154240131378174
3936,35.930450439453125,0.3574755787849426,0.49966248869895935,0.17752964794635773,-0.006145771127194166,0.5227404236793518
3937,35.92069625854492,0.37035438418388367,0.4992000460624695,0.17751544713974,-0.027765218168497086,0.5298449397087097
3938,35.92011260986328,0.36189818382263184,0.49752500653266907,0.17747151851654053,0.0017152528744190931,0.514309287071228
3939,35.92912673950195,0.36737802624702454,0.5058000087738037,0.17757444083690643,-0.011205277405679226,0.5194687843322754
3940,35.929710388183594,0.35274165868759155,0.4965750277042389,0.17751362919807434,-0.010913421399891376,0.5395678877830505
3941,35.916622161865234,0.3637996017932892,0.5007375478744507,0.17752672731876373,-0.03463334962725639,0.5289641618728638
3942,35.92335891723633,0.3572254776954651,0.5007374882698059,0.17753982543945312,-0.007136636879295111,0.5225767493247986
3943,35.9273681640625,0.3648788034915924,0.5004374980926514,0.17754758894443512,-0.0012706060661002994,0.5328448414802551
3944,35.927127838134766,0.34995853900909424,0.5035499930381775,0.1776106208562851,-0.0030273543670773506,0.5403440594673157
3945,35.9215087890625,0.3613492548465729,0.49867504835128784,0.17758709192276,-0.007862641476094723,0.522779643535614
3946,35.92654037475586,0.3559949994087219,0.5013500452041626,0.17761105298995972,-0.01951054111123085,0.5353886485099792
3947,35.9265022277832,0.35914483666419983,0.4996500611305237,0.17760483920574188,-0.004553803708404303,0.5180354714393616
3948,35.92902374267578,0.3461543321609497,0.5011500716209412,0.17762526869773865,-0.014740744605660439,0.5289056301116943
3949,35.921966552734375,0.36176809668540955,0.49726253747940063,0.17757664620876312,-0.003267115680500865,0.514773964881897
3950,35.92985916137695,0.36056938767433167,0.49736255407333374,0.17752981185913086,-0.018574398010969162,0.5098888278007507
3951,35.92675018310547,0.35096409916877747,0.49918749928474426,0.17751538753509521,-0.02433881163597107,0.5255379676818848
3952,35.927860260009766,0.3623805344104767,0.5014375448226929,0.17754091322422028,-0.014268528670072556,0.5366069674491882
3953,35.93149185180664,0.3451303541660309,0.4942375123500824,0.17743860185146332,-0.002807771787047386,0.5158363580703735
3954,35.93068313598633,0.3520067632198334,0.49588754773139954,0.17736563086509705,-0.028527144342660904,0.5068625211715698
3955,35.925209045410156,0.35545358061790466,0.5008749961853027,0.17738114297389984,-0.0022942000068724155,0.5193417072296143
3956,35.932533264160156,0.3463137447834015,0.5023125410079956,0.1774221658706665,-0.013873186893761158,0.5232676863670349
3957,35.933433532714844,0.34918978810310364,0.5017625093460083,0.1774534285068512,-0.016961218789219856,0.5099250674247742
3958,35.92543411254883,0.34495803713798523,0.496025025844574,0.17738288640975952,-0.010540235787630081,0.508902907371521
3959,35.925601959228516,0.3497421145439148,0.5017750263214111,0.17741437256336212,-0.01729932613670826,0.520374059677124
3960,35.93074035644531,0.35000765323638916,0.5036749839782715,0.1774795800447464,-0.009780670516192913,0.5398147702217102
3961,35.92829895019531,0.35263532400131226,0.5002250075340271,0.17748357355594635,-0.028039079159498215,0.5265977382659912
3962,35.93359375,0.3510952889919281,0.49767500162124634,0.17744231224060059,-0.02860950492322445,0.5424144268035889
3963,35.925968170166016,0.35063812136650085,0.5003000497817993,0.17744764685630798,0.009503841400146484,0.5432690382003784
3964,35.92683410644531,0.3574819564819336,0.5026625394821167,0.17749489843845367,-0.029731394723057747,0.5180307030677795
3965,35.92638397216797,0.3477816879749298,0.5013375282287598,0.17751863598823547,-0.004731528460979462,0.5220077633857727
3966,35.92626953125,0.35623520612716675,0.4969625174999237,0.17746470868587494,-0.005390607286244631,0.5136107802391052
3967,35.926334381103516,0.3463684618473053,0.4955125153064728,0.17738506197929382,-0.01679600030183792,0.5227670073509216
3968,35.921932220458984,0.34956619143486023,0.5029250383377075,0.1774369478225708,2.6607514882925898e-05,0.5139313340187073
3969,35.923683166503906,0.3433372378349304,0.4966500401496887,0.17737750709056854,-0.020349331200122833,0.5047667622566223
3970,35.93185806274414,0.35727375745773315,0.5006000399589539,0.17738814651966095,0.001829831162467599,0.5231577157974243
3971,35.927337646484375,0.34482541680336,0.5043125152587891,0.17746464908123016,-0.04198819771409035,0.5266160368919373
3972,35.922218322753906,0.34525150060653687,0.5041249990463257,0.17753784358501434,0.004794014617800713,0.4994836151599884
3973,35.92631530761719,0.3461272716522217,0.501075029373169,0.17755693197250366,-0.031581662595272064,0.5227248072624207
3974,35.931400299072266,0.35287532210350037,0.49668753147125244,0.17749811708927155,-0.009775056503713131,0.530470609664917
3975,35.92755126953125,0.3548487424850464,0.49896252155303955,0.17747969925403595,-0.01786179468035698,0.5154149532318115
3976,35.92411804199219,0.3486379086971283,0.5021499991416931,0.1775178611278534,-0.015722859650850296,0.5361220836639404
3977,35.9294319152832,0.34712445735931396,0.5006125569343567,0.1775287389755249,0.0010577457724139094,0.5386562943458557
3978,35.92905807495117,0.3512366712093353,0.5008625388145447,0.17754405736923218,0.007733991835266352,0.5292542576789856
3979,35.926212310791016,0.35312166810035706,0.500825047492981,0.17755870521068573,-0.040731240063905716,0.5126053094863892
3980,35.92292785644531,0.35284340381622314,0.5010000467300415,0.1775764673948288,-0.021556200459599495,0.5262148380279541
3981,35.924407958984375,0.34046950936317444,0.500587522983551,0.1775868982076645,-0.005006494000554085,0.5155674815177917
3982,35.92731857299805,0.354200154542923,0.5019000172615051,0.17762064933776855,-0.013920910656452179,0.5279407501220703
3983,35.920894622802734,0.3482793867588043,0.49723750352859497,0.17757157981395721,-0.009794855490326881,0.5252488255500793
3984,35.919960021972656,0.3469197154045105,0.5000500082969666,0.17757247388362885,-0.020923973992466927,0.5406308174133301
3985,35.926490783691406,0.35455483198165894,0.5012750029563904,0.1775951236486435,-0.04307353496551514,0.5367670059204102
3986,35.92461395263672,0.347907692193985,0.4995875060558319,0.17758779227733612,-0.005915675312280655,0.5316234827041626
3987,35.92554473876953,0.35326242446899414,0.5024750232696533,0.17763173580169678,-0.016273226588964462,0.5131924152374268
3988,35.918216705322266,0.34488382935523987,0.5000125169754028,0.1776319444179535,-0.016123494133353233,0.5160412192344666
3989,35.92839813232422,0.34665995836257935,0.5009250640869141,0.1776483803987503,-0.01003673579543829,0.514819860458374
3990,35.92965316772461,0.3481849730014801,0.5066000819206238,0.1777656376361847,-0.03959614410996437,0.5276610255241394
3991,35.92502212524414,0.34992268681526184,0.4997500479221344,0.17776119709014893,-0.025750376284122467,0.5227137804031372
3992,35.921234130859375,0.3476475775241852,0.49941253662109375,0.17775075137615204,-0.008741835132241249,0.530752420425415
3993,35.9267578125,0.3494134545326233,0.501800000667572,0.17778274416923523,-0.018378030508756638,0.523408055305481
3994,35.92893600463867,0.34903058409690857,0.50371253490448,0.17784874141216278,-0.037124186754226685,0.526718258857727
3995,35.926910400390625,0.3523060083389282,0.5003750324249268,0.17785541713237762,-0.01613757759332657,0.5266038179397583
3996,35.92472457885742,0.3554380238056183,0.4993250072002411,0.17784342169761658,-0.015564464963972569,0.5288266539573669
3997,35.92716979980469,0.34977245330810547,0.4981499910354614,0.17781051993370056,-0.02438298426568508,0.5128561854362488
3998,35.932857513427734,0.34478938579559326,0.5013375282287598,0.17783430218696594,0.003242192789912224,0.5248855352401733
3999,35.924072265625,0.34400734305381775,0.4960625171661377,0.17776428163051605,-0.026798859238624573,0.5096027851104736
4000,35.92108917236328,0.3480640649795532,0.5006375312805176,0.17777562141418457,-0.029160702601075172,0.5273566246032715
4001,35.92576599121094,0.347935289144516,0.5022250413894653,0.17781516909599304,-0.026016728952527046,0.540705680847168
4002,35.927730560302734,0.3429514765739441,0.5033000111579895,0.17787384986877441,-0.032590799033641815,0.5027274489402771
4003,35.9263801574707,0.34540724754333496,0.4944000542163849,0.17777425050735474,-0.014941824600100517,0.5099118947982788
4004,35.92470932006836,0.3490303158760071,0.49982500076293945,0.17777113616466522,-0.008753696456551552,0.5273107886314392
4005,35.93136215209961,0.34433290362358093,0.49562501907348633,0.17769336700439453,0.0006252818275243044,0.5098949670791626
4006,35.93002700805664,0.3470052480697632,0.4975000321865082,0.17764894664287567,-0.0004904344095848501,0.5175343751907349
4007,35.92683792114258,0.339396595954895,0.49941253662109375,0.17763850092887878,-0.029033543542027473,0.5125553607940674
4008,35.9256477355957,0.3553924560546875,0.4980875253677368,0.1776045262813568,-0.027617692947387695,0.527906596660614
4009,35.93092727661133,0.34108224511146545,0.49693751335144043,0.17755013704299927,-0.011884501203894615,0.511352002620697
4010,35.93230056762695,0.3503463566303253,0.5040125250816345,0.17762137949466705,-0.01100839301943779,0.5359182953834534
4011,35.92435836791992,0.3485599160194397,0.498850017786026,0.1776009500026703,0.0004128713917452842,0.5284366011619568
4012,35.92341995239258,0.3495796322822571,0.49813753366470337,0.17756786942481995,-0.016446683555841446,0.5435613393783569
4013,35.92094039916992,0.34558582305908203,0.49525001645088196,0.17748352885246277,-0.050422295928001404,0.5152018666267395
4014,35.93485641479492,0.34201130270957947,0.4979875385761261,0.17744781076908112,-0.002806415781378746,0.5333090424537659
4015,35.9278450012207,0.34135690331459045,0.49857503175735474,0.17742252349853516,-0.01818035915493965,0.5154634714126587
4016,35.921329498291016,0.35207873582839966,0.5013750195503235,0.17744691669940948,-0.02909986861050129,0.5356090664863586
4017,35.919734954833984,0.3510933220386505,0.49767500162124634,0.17740565538406372,-0.030224310234189034,0.5161786079406738
4018,35.93129348754883,0.34871989488601685,0.500712513923645,0.1774183064699173,-0.02100376971065998,0.49850767850875854
4019,35.93130111694336,0.34699299931526184,0.500825047492981,0.17743293941020966,-0.0033331667073071003,0.5436045527458191
4020,35.92216873168945,0.3543052077293396,0.5042250156402588,0.1775079071521759,-0.028702454641461372,0.5248013138771057
4021,35.9231071472168,0.34599563479423523,0.49890005588531494,0.17748838663101196,0.006292206235229969,0.5327025055885315
4022,35.93621826171875,0.3533618152141571,0.5021375417709351,0.1775263249874115,-0.0190094243735075,0.5326600074768066
4023,35.92886734008789,0.34763818979263306,0.5005625486373901,0.17753630876541138,-0.013879219070076942,0.5066136121749878
4024,35.92120361328125,0.3532363772392273,0.5000249743461609,0.1775367558002472,-0.031560156494379044,0.5445346832275391
4025,35.917991638183594,0.3502219617366791,0.5052875280380249,0.17763063311576843,-0.014432767406105995,0.5242331624031067
4026,35.93334197998047,0.3575679659843445,0.5031000375747681,0.1776856929063797,0.0035726281348615885,0.5484131574630737
4027,35.93492889404297,0.3471206724643707,0.5018500685691833,0.17771856486797333,-0.007028955966234207,0.5246833562850952
4028,35.92018508911133,0.3647102117538452,0.4983375370502472,0.17768901586532593,-0.00651328731328249,0.5582625269889832
4029,35.926239013671875,0.34901732206344604,0.5022500157356262,0.17772898077964783,-0.014203357510268688,0.5429377555847168
4030,35.93254470825195,0.35270288586616516,0.5016000270843506,0.1777574121952057,-0.011275084689259529,0.5379701852798462
4031,35.922176361083984,0.3395012319087982,0.49986258149147034,0.1777549684047699,-0.02210943214595318,0.5131980776786804
4032,35.92700958251953,0.3550966680049896,0.49742504954338074,0.1777091920375824,-0.00012675143079832196,0.5219643712043762
4033,35.91830825805664,0.3486858308315277,0.5035625100135803,0.17777249217033386,-0.0014771943679079413,0.5245252251625061
4034,35.923072814941406,0.345835417509079,0.5028625130653381,0.17782337963581085,-0.002262747846543789,0.5314293503761292
4035,35.92737579345703,0.34621384739875793,0.5022749900817871,0.17786382138729095,-0.02987455017864704,0.5201699733734131
4036,35.92361831665039,0.35320016741752625,0.496862530708313,0.17780801653862,-0.004053040873259306,0.5165460109710693
4037,35.92414474487305,0.3564543128013611,0.5017500519752502,0.17783913016319275,-0.020856555551290512,0.5179454684257507
4038,35.9272346496582,0.3435291051864624,0.5015875697135925,0.1778673678636551,-0.01642613671720028,0.53509521484375
4039,35.930606842041016,0.34580257534980774,0.5026624798774719,0.17791470885276794,0.005710233934223652,0.5105997323989868
4040,35.9250602722168,0.35011833906173706,0.49642500281333923,0.1778510957956314,-0.019340679049491882,0.5276561379432678
4041,35.926841735839844,0.3512457013130188,0.49953749775886536,0.1778428703546524,0.004370572045445442,0.5359839797019958
4042,35.921592712402344,0.3471922278404236,0.5009499788284302,0.17785976827144623,-0.03712530806660652,0.521860659122467
4043,35.926483154296875,0.34516581892967224,0.4999750554561615,0.1778593212366104,-0.00584572134539485,0.5374243855476379
4044,35.932003021240234,0.34343981742858887,0.5026500225067139,0.17790645360946655,-0.024257294833660126,0.5256448984146118
4045,35.92591857910156,0.3577094078063965,0.49646252393722534,0.17784352600574493,0.020728055387735367,0.5251256823539734
4046,35.92329025268555,0.3442075550556183,0.5048750042915344,0.17793022096157074,-0.018001442775130272,0.5353610515594482
4047,35.92951202392578,0.34366193413734436,0.5015000104904175,0.17795690894126892,-0.010681258514523506,0.5272048115730286
4048,35.93742370605469,0.34888169169425964,0.5037750601768494,0.17802409827709198,-0.004153433255851269,0.5410997867584229
4049,35.921634674072266,0.34427931904792786,0.49995002150535583,0.17802320420742035,0.007461814675480127,0.5178513526916504
4050,35.92619705200195,0.34469321370124817,0.4990750253200531,0.17800673842430115,-0.039323143661022186,0.5380834937095642
4051,35.932743072509766,0.3380652666091919,0.5024875402450562,0.17805102467536926,-0.030378391966223717,0.5433845520019531
4052,35.929542541503906,0.3445642590522766,0.4992000460624695,0.17803677916526794,-0.051332615315914154,0.5071656703948975
4053,35.92082977294922,0.344513863325119,0.4950750470161438,0.17794910073280334,-0.01740490086376667,0.5264931917190552
4054,35.91993713378906,0.3478699028491974,0.5029125213623047,0.17800092697143555,-0.010127131827175617,0.5257130861282349
4055,35.92617416381836,0.34251219034194946,0.5012000203132629,0.17802229523658752,-0.013973076827824116,0.5276637077331543
4056,35.9337158203125,0.3521382510662079,0.5019000768661499,0.17805612087249756,-0.01781417429447174,0.5380553603172302
4057,35.926597595214844,0.3513261079788208,0.49812501668930054,0.17802272737026215,0.013847168534994125,0.5156553387641907
4058,35.923606872558594,0.3506513833999634,0.49285000562667847,0.1778954416513443,-0.028217317536473274,0.5423600077629089
4059,35.931304931640625,0.34551575779914856,0.4993624985218048,0.17788410186767578,0.00851435586810112,0.5542335510253906
4060,35.932132720947266,0.34834879636764526,0.4964750409126282,0.17782139778137207,-0.01321338303387165,0.4998781979084015
4061,35.9320182800293,0.35368260741233826,0.4984250068664551,0.17779339849948883,-0.006671040318906307,0.5043957233428955
4062,35.919925689697266,0.34897541999816895,0.5011125206947327,0.17781317234039307,-0.019490940496325493,0.5058135986328125
4063,35.92562484741211,0.35138189792633057,0.4996500313282013,0.17780694365501404,-0.008426414802670479,0.5167692303657532
4064,35.93095779418945,0.35141751170158386,0.49838754534721375,0.17777827382087708,-0.009415358304977417,0.5047795176506042
4065,35.930274963378906,0.3497982323169708,0.4983125329017639,0.17774827778339386,-0.003662165254354477,0.5029146671295166
4066,35.921974182128906,0.35916006565093994,0.4990125298500061,0.1777307242155075,-0.01232170406728983,0.5257128477096558
4067,35.927215576171875,0.3532399535179138,0.5038500428199768,0.17779916524887085,-0.037112269550561905,0.5297973155975342
4068,35.932533264160156,0.3627398610115051,0.5008749961853027,0.17781472206115723,-0.013865525834262371,0.5471094846725464
4069,35.93254089355469,0.3444024920463562,0.4991125166416168,0.17779894173145294,0.005952770821750164,0.5238233804702759
4070,35.92439270019531,0.3624194264411926,0.49957504868507385,0.17779138684272766,-0.018063833937048912,0.5366023182868958
4071,35.92259216308594,0.352781742811203,0.499687522649765,0.17778582870960236,-0.0144271245226264,0.5071092247962952
4072,35.928627014160156,0.3596675395965576,0.504087507724762,0.17785850167274475,-0.019771821796894073,0.5518449544906616
4073,35.93320083618164,0.3452216684818268,0.501300036907196,0.1778816282749176,-0.024350062012672424,0.4911648631095886
4074,35.9219856262207,0.36020442843437195,0.4953625202178955,0.17779913544654846,-0.013519256375730038,0.5297729969024658
4075,35.919315338134766,0.3477705121040344,0.4981124997138977,0.17776557803153992,-0.030557852238416672,0.5280596017837524
4076,35.9265251159668,0.3624129891395569,0.5062500834465027,0.17787668108940125,-0.010802137665450573,0.5221526026725769
4077,35.928165435791016,0.34491243958473206,0.49746251106262207,0.17783154547214508,-0.01372973620891571,0.5230061411857605
4078,35.92733383178711,0.3641165792942047,0.4983000159263611,0.17780131101608276,-0.02882678247988224,0.524678647518158
4079,35.92012405395508,0.34645360708236694,0.5025625228881836,0.17784687876701355,-0.01894500106573105,0.5391855835914612
4080,35.92729187011719,0.3568146526813507,0.503337562084198,0.17790624499320984,-0.021005669608712196,0.5313295125961304
4081,35.92963409423828,0.3387339115142822,0.49928751587867737,0.17789357900619507,-0.012054691091179848,0.5314399600028992
4082,35.9293327331543,0.3504456579685211,0.49902504682540894,0.17787623405456543,-0.01803424209356308,0.5216173529624939
4083,35.92401885986328,0.34066352248191833,0.5014500617980957,0.1779020130634308,-0.016212400048971176,0.5260878801345825
4084,35.92431640625,0.34252557158470154,0.49662503600120544,0.17784197628498077,0.007175362203270197,0.5166797041893005
4085,35.927799224853516,0.34165316820144653,0.500950038433075,0.1778588742017746,-0.004940162878483534,0.5380721688270569
4086,35.92914962768555,0.3495597243309021,0.5010250210762024,0.17787711322307587,-0.03601968288421631,0.5304310321807861
4087,35.92251205444336,0.3431379497051239,0.5002500414848328,0.17788156867027283,-0.015477962791919708,0.5251798033714294
4088,35.9295654296875,0.3455483317375183,0.5036250352859497,0.1779460608959198,-0.019731590524315834,0.5263850092887878
4089,35.92731857299805,0.3429258167743683,0.4965250492095947,0.17788422107696533,-0.02103833481669426,0.5407310724258423
4090,35.92871856689453,0.3446239233016968,0.4997125267982483,0.17787910997867584,-0.044244442135095596,0.5204484462738037
4091,35.9272346496582,0.3432023823261261,0.49797505140304565,0.1778430938720703,-0.011863873340189457,0.5363622903823853
4092,35.92194366455078,0.3353814482688904,0.49810001254081726,0.17780929803848267,-0.00867040827870369,0.5079777836799622
4093,35.92587661743164,0.3395649194717407,0.5036375522613525,0.17787396907806396,-0.031764958053827286,0.5117498636245728
4094,35.92919158935547,0.3341188132762909,0.49646255373954773,0.17781104147434235,-0.010111396200954914,0.5119481682777405
4095,35.921627044677734,0.3491708040237427,0.4991375505924225,0.17779570817947388,-0.013747502118349075,0.5049216747283936
4096,35.921241760253906,0.34023046493530273,0.4990750253200531,0.17777925729751587,-0.0024560117162764072,0.5403144955635071
4097,35.924434661865234,0.34455519914627075,0.4985875189304352,0.17775414884090424,-0.01041823998093605,0.5186130404472351
4098,35.92628860473633,0.33595010638237,0.5031875371932983,0.17781081795692444,-0.015255420468747616,0.541339635848999
4099,35.93008041381836,0.34681928157806396,0.4962000250816345,0.17774325609207153,-0.018769703805446625,0.536824107170105
4100,35.92677307128906,0.34316372871398926,0.49556252360343933,0.1776643842458725,0.014687184244394302,0.5077667236328125
4101,35.92930221557617,0.34283798933029175,0.5002375245094299,0.17766860127449036,-0.02006763219833374,0.5201282501220703
4102,35.92845153808594,0.3405674397945404,0.49963751435279846,0.17766216397285461,-0.013618568889796734,0.5229995846748352
4103,35.922149658203125,0.3457782566547394,0.5011375546455383,0.17768236994743347,-0.051622699946165085,0.5399894714355469
4104,35.93061828613281,0.3434065282344818,0.5002250075340271,0.17768637835979462,-0.02545284852385521,0.5093398094177246
4105,35.92679977416992,0.33720284700393677,0.499687522649765,0.1776808351278305,-0.0014426489360630512,0.5261189937591553
4106,35.92991638183594,0.3440491855144501,0.5028375387191772,0.1777312457561493,0.0028824331238865852,0.5264913439750671
4107,35.9290885925293,0.33498430252075195,0.49623751640319824,0.1776643842458725,-0.0284256711602211,0.5384954810142517
4108,35.928733825683594,0.3449942469596863,0.4988250434398651,0.17764350771903992,-0.00028304674196988344,0.5380356907844543
4109,35.93130111694336,0.33453840017318726,0.49576252698898315,0.1775682419538498,-0.012704571709036827,0.5055059790611267
4110,35.924617767333984,0.3358900547027588,0.49867504835128784,0.1775447130203247,0.0008776550530456007,0.5128960609436035
4111,35.92753601074219,0.333124041557312,0.5004125833511353,0.1775520294904709,-0.027470991015434265,0.514335572719574
4112,35.929107666015625,0.344341903924942,0.5015125274658203,0.1775788962841034,-0.024126026779413223,0.5371817350387573
4113,35.926918029785156,0.33927252888679504,0.4977250397205353,0.17753849923610687,-0.0036577435676008463,0.5154174566268921
4114,35.921852111816406,0.3355769217014313,0.4993624985218048,0.17752717435359955,-0.01645875908434391,0.5017331838607788
4115,35.932857513427734,0.3388481140136719,0.4985875189304352,0.1775020956993103,-0.010283589363098145,0.5204087495803833
4116,35.92507553100586,0.3363986909389496,0.49602505564689636,0.17743153870105743,-0.01646391488611698,0.5259258151054382
4117,35.92399215698242,0.3406544625759125,0.5046499967575073,0.17751404643058777,-0.013118557631969452,0.5290271043777466
4118,35.932273864746094,0.3423475921154022,0.5007500052452087,0.17752735316753387,-0.0021824613213539124,0.5162542462348938
4119,35.928810119628906,0.3404281735420227,0.5015250444412231,0.1775544136762619,-0.00714552728459239,0.5201413631439209
4120,35.920066833496094,0.3368784785270691,0.49870002269744873,0.17753133177757263,-0.0011319175828248262,0.5229020118713379
4121,35.927284240722656,0.3341720998287201,0.4994625151157379,0.17752178013324738,-0.008655254729092121,0.5336982011795044
4122,35.929412841796875,0.3346092700958252,0.5017500519752502,0.17755284905433655,-0.03117951564490795,0.5506335496902466
4123,35.93283462524414,0.3402830958366394,0.5008625388145447,0.17756816744804382,-0.018060635775327682,0.5253657102584839
4124,35.92879104614258,0.3321719765663147,0.4954000413417816,0.17748649418354034,-0.008266572840511799,0.5224908590316772
4125,35.92546844482422,0.3387141823768616,0.49992501735687256,0.1774851679801941,-0.03347282111644745,0.540512204170227
4126,35.921226501464844,0.33791524171829224,0.5014625191688538,0.17751112580299377,-0.007407709490507841,0.5383179783821106
4127,35.92319869995117,0.33899807929992676,0.4993250370025635,0.17749914526939392,-0.01135925017297268,0.5225165486335754
4128,35.92515182495117,0.3345928192138672,0.5001875162124634,0.17750246822834015,-0.01199293602257967,0.5167332887649536
4129,35.923919677734375,0.3382076323032379,0.4987500309944153,0.1774802803993225,-0.02125103585422039,0.5238343477249146
4130,35.92958450317383,0.3334510624408722,0.4993624985218048,0.17746895551681519,-0.013243269175291061,0.5199080109596252
4131,35.92724609375,0.33591428399086,0.5015125274658203,0.1774958074092865,-0.030342821031808853,0.5173356533050537
4132,35.927879333496094,0.3372995853424072,0.4992625415325165,0.1774827241897583,-0.04689653962850571,0.5036593079566956
4133,35.92679214477539,0.3399709463119507,0.49892503023147583,0.17746363580226898,0.008843451738357544,0.5201864242553711
4134,35.92337417602539,0.3373207151889801,0.5008749961853027,0.17747916281223297,-0.04851343110203743,0.526171088218689
4135,35.928218841552734,0.34364816546440125,0.5006375312805176,0.1774904876947403,-0.04556877538561821,0.5040863156318665
4136,35.92675018310547,0.3391551077365875,0.5002375245094299,0.17749470472335815,-0.006951616611331701,0.5250000953674316
4137,35.922332763671875,0.3429161012172699,0.49729999899864197,0.17744678258895874,-0.0028570189606398344,0.5242358446121216
4138,35.92507553100586,0.33685410022735596,0.4990750253200531,0.17743036150932312,-0.030274823307991028,0.5121139287948608
4139,35.92813491821289,0.3326769769191742,0.5030375123023987,0.17748425900936127,-0.022394120693206787,0.547381579875946
4140,35.92582702636719,0.3385506272315979,0.5018000602722168,0.17751620709896088,-0.02799355424940586,0.5308736562728882
4141,35.92112350463867,0.33853936195373535,0.4991125166416168,0.17750045657157898,-0.013035696931183338,0.5315876603126526
4142,35.926876068115234,0.3392525613307953,0.5021000504493713,0.177537739276886,-0.016874298453330994,0.5317254066467285
4143,35.93095397949219,0.340022474527359,0.5026749968528748,0.17758522927761078,-0.01124669425189495,0.5469033122062683
4144,35.92646026611328,0.3421732783317566,0.4997125566005707,0.17758013308048248,-0.022774100303649902,0.5189247727394104
4145,35.92486572265625,0.3467188775539398,0.49970003962516785,0.17757481336593628,-0.03409885987639427,0.5307922959327698
4146,35.9338264465332,0.3333365321159363,0.5004374980926514,0.17758257687091827,-0.015862027183175087,0.5192350149154663
4147,35.931915283203125,0.3313840925693512,0.49820002913475037,0.17755061388015747,-0.0030615299474447966,0.5363938212394714
4148,35.92800521850586,0.33139657974243164,0.5004875063896179,0.1775592714548111,0.01165965385735035,0.5449721217155457
4149,35.926170349121094,0.33648762106895447,0.5003625154495239,0.17756570875644684,0.0018430438358336687,0.5216505527496338
4150,35.9306755065918,0.33428826928138733,0.5013500452041626,0.17758966982364655,-0.006739185657352209,0.5196013450622559
4151,35.925724029541016,0.3342534601688385,0.5004000067710876,0.177596777677536,0.002338566817343235,0.5474103093147278
4152,35.922386169433594,0.3387681841850281,0.4940375089645386,0.17749089002609253,-0.0282230693846941,0.5066099166870117
4153,35.91645812988281,0.3300965428352356,0.4979000389575958,0.17745362222194672,-0.02109202742576599,0.5089766383171082
4154,35.928401947021484,0.3427385687828064,0.4984875023365021,0.1774267703294754,-0.03036975860595703,0.5286893844604492
4155,35.92622375488281,0.3321986198425293,0.4977250397205353,0.17738640308380127,-0.023556657135486603,0.5225638151168823
4156,35.92203903198242,0.341859370470047,0.5035000443458557,0.17744848132133484,-0.03810259327292442,0.5145185589790344
4157,35.919517517089844,0.3425070345401764,0.503000020980835,0.17750172317028046,-0.004830594174563885,0.5241875648498535
4158,35.93057632446289,0.33633583784103394,0.5032125115394592,0.1775587499141693,0.005086684599518776,0.5095177292823792
4159,35.92788314819336,0.33960840106010437,0.5000625252723694,0.17755985260009766,-0.0420101024210453,0.5030111074447632
4160,35.92427444458008,0.3407612144947052,0.5008000135421753,0.1775740534067154,-0.011037115938961506,0.5365109443664551
4161,35.9216423034668,0.3425668478012085,0.4988875091075897,0.17755430936813354,-0.002800117479637265,0.5127601623535156
4162,35.930320739746094,0.33201518654823303,0.5032625198364258,0.17761224508285522,-0.04046308249235153,0.5092176795005798
4163,35.92964172363281,0.34001654386520386,0.5008625388145447,0.1776275783777237,0.00020050813327543437,0.5331991314888
4164,35.927635192871094,0.3349611759185791,0.499687522649765,0.17762203514575958,-0.02945147082209587,0.523464024066925
4165,35.93082809448242,0.34395110607147217,0.4994250535964966,0.1776118129491806,-0.03723616525530815,0.5232667922973633
4166,35.93132400512695,0.3364923894405365,0.5020250678062439,0.17764778435230255,-0.016039283946156502,0.52630615234375
4167,35.927207946777344,0.3373035788536072,0.49701252579689026,0.17759472131729126,-0.029872793704271317,0.5377007126808167
4168,35.926246643066406,0.33668944239616394,0.4983375072479248,0.17756520211696625,-0.01507716253399849,0.5232874751091003
4169,35.92842483520508,0.33729663491249084,0.4961375296115875,0.17749662697315216,-0.03065662458539009,0.5151966214179993
4170,35.92750930786133,0.33952564001083374,0.5005249977111816,0.17750594019889832,-0.0035857565235346556,0.5156723856925964
4171,35.92300796508789,0.3360096216201782,0.49978750944137573,0.17750217020511627,-0.022390928119421005,0.5082699060440063
4172,35.920021057128906,0.3371603190898895,0.4941500425338745,0.17739832401275635,-0.014840289019048214,0.5308908224105835
4173,35.9220085144043,0.33528435230255127,0.4974375367164612,0.17735286056995392,-0.02607223577797413,0.5246433615684509
4174,35.93577575683594,0.33816322684288025,0.5018625259399414,0.17738588154315948,-0.00855700671672821,0.515792965888977
4175,35.93040084838867,0.3340192139148712,0.5016874670982361,0.17741581797599792,-0.005178161896765232,0.516853928565979
4176,35.92047119140625,0.34239351749420166,0.4990500211715698,0.17739896476268768,0.008068089373409748,0.5290457010269165
4177,35.932456970214844,0.34253644943237305,0.5010250210762024,0.17741715908050537,-0.02560856007039547,0.5240472555160522
4178,35.92975616455078,0.33317893743515015,0.5041500329971313,0.17749078571796417,0.0007369804661720991,0.5292487740516663
4179,35.92701721191406,0.3276026248931885,0.4983625113964081,0.17746172845363617,-0.032224975526332855,0.5210506319999695
4180,35.923805236816406,0.33448871970176697,0.5018250346183777,0.1774941235780716,-0.002927409252151847,0.5147987008094788
4181,35.92085266113281,0.32554927468299866,0.5001625418663025,0.177496999502182,-0.014673861674964428,0.5085577964782715
4182,35.930992126464844,0.3291999101638794,0.49652501940727234,0.17743532359600067,-0.003295681206509471,0.5319262742996216
4183,35.93694305419922,0.33935683965682983,0.5047625303268433,0.17751982808113098,0.004664924461394548,0.4871116876602173
4184,35.92181396484375,0.3276282548904419,0.50142502784729,0.17754511535167694,-0.013024954125285149,0.5052645802497864
4185,35.91978073120117,0.3351513147354126,0.5051000714302063,0.17763565480709076,-0.009521560743451118,0.5234814286231995
4186,35.92756271362305,0.33135685324668884,0.49986252188682556,0.17763321101665497,-0.006643427535891533,0.5413471460342407
4187,35.93400192260742,0.3356556296348572,0.5008749961853027,0.17764875292778015,0.0017481084214523435,0.5270494222640991
4188,35.9255256652832,0.3366130590438843,0.5017375349998474,0.1776796281337738,-0.002249851357191801,0.5131034255027771
4189,35.92332458496094,0.33441582322120667,0.49693751335144043,0.17762520909309387,0.0016496287425979972,0.5115926265716553
4190,35.93232727050781,0.338620662689209,0.5025250315666199,0.17767006158828735,0.006695960182696581,0.5393017530441284
4191,35.93046569824219,0.3366425633430481,0.49627500772476196,0.17760387063026428,-0.0024303875397890806,0.5137987732887268
4192,35.921142578125,0.3348563611507416,0.5022750496864319,0.1776442676782608,-0.034235451370477676,0.5177884101867676
4193,35.92034912109375,0.33838775753974915,0.5018125176429749,0.17767645418643951,-0.01710297167301178,0.5300907492637634
4194,35.93217468261719,0.3366374969482422,0.5020124912261963,0.17771220207214355,-0.024563927203416824,0.5307382345199585
4195,35.93031692504883,0.3299146294593811,0.4965750277042389,0.1776513308286667,-0.02556890994310379,0.5338397026062012
4196,35.92033004760742,0.33955833315849304,0.4985625147819519,0.17762579023838043,0.010542183183133602,0.5203487873077393
4197,35.92137145996094,0.33326542377471924,0.49672502279281616,0.17756761610507965,0.005034749396145344,0.5167666077613831
4198,35.92620086669922,0.33366212248802185,0.5022125244140625,0.17760691046714783,-0.011755089275538921,0.5269774198532104
4199,35.925987243652344,0.32907596230506897,0.5014749765396118,0.1776331067085266,-0.04513018950819969,0.5010690689086914
4200,35.92350769042969,0.3330029547214508,0.4962500333786011,0.1775664985179901,-0.002275117440149188,0.5301145315170288
4201,35.92319107055664,0.3369632661342621,0.49818751215934753,0.1775343120098114,-0.04018683359026909,0.5219414234161377
4202,35.923675537109375,0.33015623688697815,0.5022125244140625,0.17757359147071838,-0.036404624581336975,0.5418075919151306
4203,35.92732620239258,0.33154675364494324,0.501550018787384,0.17760111391544342,-0.002581375651061535,0.5269244909286499
4204,35.92379379272461,0.3337649405002594,0.5043750405311584,0.17767880856990814,0.015734490007162094,0.5441937446594238
4205,35.92218780517578,0.33357521891593933,0.49865004420280457,0.17765481770038605,-0.0014994035009294748,0.506372332572937
4206,35.924808502197266,0.3299505412578583,0.4991375505924225,0.17763949930667877,0.019626615568995476,0.5328824520111084
4207,35.928565979003906,0.3334287703037262,0.49998751282691956,0.17763927578926086,-0.03688803315162659,0.51377934217453
4208,35.924232482910156,0.3251012861728668,0.497050017118454,0.1775868684053421,-0.035397715866565704,0.522613525390625
4209,35.922115325927734,0.33731532096862793,0.5003875494003296,0.17759375274181366,0.012598209083080292,0.5280387997627258
4210,35.92849349975586,0.3301081657409668,0.4983125329017639,0.17756378650665283,0.016604138538241386,0.5257617235183716
4211,35.92870330810547,0.33032867312431335,0.4982375204563141,0.17753249406814575,-0.020371846854686737,0.5280576944351196
4212,35.930355072021484,0.3287804126739502,0.49707502126693726,0.1774805635213852,-0.01411467231810093,0.5145248174667358
4213,35.926326751708984,0.335423082113266,0.5004000663757324,0.17748767137527466,-0.01058838702738285,0.5365071892738342
4214,35.92412567138672,0.33666476607322693,0.500962495803833,0.1775047481060028,-0.017369134351611137,0.5345588326454163
4215,35.92638397216797,0.33818188309669495,0.5011375546455383,0.17752493917942047,-0.02963358722627163,0.5197416543960571
4216,35.930267333984375,0.3289329707622528,0.5009250044822693,0.1775413602590561,-0.007914936169981956,0.5339500308036804
4217,35.92428207397461,0.3320489227771759,0.49947500228881836,0.17753203213214874,-0.04113442823290825,0.5147334337234497
4218,35.932525634765625,0.33354097604751587,0.5007250308990479,0.17754490673542023,-0.01726934127509594,0.522441029548645
4219,35.93294143676758,0.3351411819458008,0.4979500472545624,0.17750851809978485,-0.008443842642009258,0.5279568433761597
4220,35.93292999267578,0.32845333218574524,0.4984625577926636,0.17748123407363892,-0.02104717679321766,0.5128329992294312
4221,35.921627044677734,0.33561572432518005,0.49701252579689026,0.1774282157421112,-0.016735443845391273,0.5357738733291626
4222,35.91829299926758,0.3255977928638458,0.5005500912666321,0.17743796110153198,0.001081524882465601,0.533137857913971
4223,35.92722702026367,0.3252798616886139,0.4992125332355499,0.17742398381233215,-0.01398761011660099,0.5322144031524658
4224,35.92784881591797,0.3343188464641571,0.4985499978065491,0.17739824950695038,-0.009125703014433384,0.5392585396766663
4225,35.92720031738281,0.3238407373428345,0.4967750608921051,0.177341029047966,-0.029176274314522743,0.5105413198471069
4226,35.91896057128906,0.3367612361907959,0.5039125084877014,0.17741040885448456,0.0007785392226651311,0.5417044162750244
4227,35.93316650390625,0.33164742588996887,0.5011749863624573,0.17743125557899475,-0.04344295337796211,0.5384624600410461
4228,35.921775817871094,0.33356282114982605,0.4990750253200531,0.17741484940052032,-0.011444234289228916,0.5156522393226624
4229,35.92212677001953,0.33242952823638916,0.4974125027656555,0.17736893892288208,-0.013373936526477337,0.5277775526046753
4230,35.92255401611328,0.32638052105903625,0.49693751335144043,0.1773146241903305,0.01483234204351902,0.5216656923294067
4231,35.927825927734375,0.33099380135536194,0.500700056552887,0.17732703685760498,-0.027755925431847572,0.49821937084198
4232,35.930477142333984,0.33906421065330505,0.501075029373169,0.1773461103439331,-0.008257603272795677,0.5354527235031128
4233,35.923133850097656,0.33988314867019653,0.502512514591217,0.1773906797170639,-0.025260094553232193,0.510564386844635
4234,35.92880630493164,0.32719993591308594,0.4986250102519989,0.17736628651618958,-0.024943705648183823,0.5121296048164368
4235,35.9265022277832,0.3280204236507416,0.5024500489234924,0.17740973830223083,0.001675998792052269,0.5164437294006348
4236,35.92881774902344,0.34050095081329346,0.49867501854896545,0.17738622426986694,-0.008657491765916348,0.5209028124809265
4237,35.92137908935547,0.33800646662712097,0.5014500617980957,0.17741194367408752,-0.005953460931777954,0.5248018503189087
4238,35.92436599731445,0.33153191208839417,0.4985250234603882,0.17738577723503113,-0.022672096267342567,0.5220485925674438
4239,35.92682647705078,0.33310747146606445,0.4973125159740448,0.177338108420372,-0.0012447662884369493,0.5454718470573425
4240,35.93083190917969,0.34114915132522583,0.5045125484466553,0.17741812765598297,-0.0006166610983200371,0.5271657705307007
4241,35.92628479003906,0.3351244032382965,0.49986252188682556,0.17741568386554718,-0.031212640926241875,0.514154851436615
4242,35.926124572753906,0.33725234866142273,0.49906253814697266,0.17739905416965485,-0.006128670647740364,0.524561882019043
4243,35.93086624145508,0.3250778317451477,0.49945002794265747,0.17738929390907288,0.0006887789350003004,0.527676522731781
4244,35.93224334716797,0.3446713089942932,0.4979749917984009,0.1773533821105957,-0.011820219457149506,0.5140666365623474
4245,35.92808532714844,0.32680392265319824,0.49461251497268677,0.17725783586502075,0.014413121156394482,0.5317168235778809
4246,35.920875549316406,0.33791881799697876,0.5052250623703003,0.17735044658184052,0.007401986047625542,0.5313777923583984
4247,35.92754364013672,0.334750235080719,0.49992501735687256,0.17734912037849426,-0.01724839396774769,0.5140928030014038
4248,35.92738723754883,0.34432539343833923,0.5026125311851501,0.17739546298980713,-0.013752203434705734,0.5247544646263123
4249,35.925926208496094,0.3339898884296417,0.49630001187324524,0.17732982337474823,-0.01258336752653122,0.5239335894584656
4250,35.92372512817383,0.33817368745803833,0.502625048160553,0.1773763746023178,-0.01881875842809677,0.5191697478294373
4251,35.928985595703125,0.3361014425754547,0.5034000277519226,0.1774366796016693,0.0016755800461396575,0.5346639156341553
4252,35.93157196044922,0.32427915930747986,0.49506253004074097,0.1773490607738495,0.008908149786293507,0.5267816185951233
4253,35.92771530151367,0.33415690064430237,0.5001125335693359,0.17735104262828827,-0.008493822999298573,0.5398198366165161
4254,35.918983459472656,0.33309754729270935,0.5033125281333923,0.1774097979068756,-0.005905320402234793,0.5367461442947388
4255,35.924808502197266,0.3287429213523865,0.5036250352859497,0.17747411131858826,-0.025161419063806534,0.5287522673606873
4256,35.92283630371094,0.33650124073028564,0.49935001134872437,0.17746257781982422,-0.01979517750442028,0.5355169177055359
4257,35.93166732788086,0.3399665355682373,0.49422502517700195,0.17736008763313293,-0.009041158482432365,0.5368778705596924
4258,35.918548583984375,0.3384483754634857,0.5019250512123108,0.17739422619342804,0.014725538901984692,0.5210248827934265
4259,35.9245491027832,0.3292856216430664,0.5020250678062439,0.1774301528930664,-0.010698004625737667,0.5418681502342224
4260,35.9298095703125,0.32841768860816956,0.5019875168800354,0.17746540904045105,0.0030282021034508944,0.5333793759346008
4261,35.92319107055664,0.32655975222587585,0.4978625178337097,0.1774274706840515,-0.03714500740170479,0.5301756858825684
4262,35.91946029663086,0.3328332006931305,0.5020750164985657,0.1774642914533615,0.0010971412993967533,0.5099549293518066
4263,35.92609786987305,0.3280314803123474,0.4979625344276428,0.17742814123630524,-0.012146663852036,0.5265697240829468
4264,35.931800842285156,0.32671913504600525,0.500825047492981,0.1774427741765976,0.0037684880662709475,0.5126112699508667
4265,35.92457580566406,0.3331639766693115,0.4975625276565552,0.17739953100681305,0.016939660534262657,0.5151943564414978
4266,35.91987609863281,0.3308906555175781,0.4981750249862671,0.17736715078353882,-0.012037219479680061,0.5328527688980103
4267,35.93092727661133,0.3321055471897125,0.5061874985694885,0.1774768829345703,-0.038250844925642014,0.5189475417137146
4268,35.92885208129883,0.33405447006225586,0.5010875463485718,0.17749617993831635,-0.0475393608212471,0.5191947817802429
4269,35.92684555053711,0.3362332284450531,0.5002250075340271,0.1775001734495163,-0.01991942524909973,0.5253117680549622
4270,35.925968170166016,0.32834845781326294,0.5001375079154968,0.1775026023387909,-0.016277959570288658,0.5378555059432983
4271,35.93053436279297,0.34059762954711914,0.5001625418663025,0.1775054782629013,0.0017128210747614503,0.5025547742843628
4272,35.93290710449219,0.32401204109191895,0.49566254019737244,0.1774284839630127,-0.02193610556423664,0.5164908766746521
4273,35.9205322265625,0.3401394784450531,0.4994250237941742,0.1774182766675949,-0.0010318460408598185,0.534044086933136
4274,35.92923355102539,0.32872942090034485,0.4963875412940979,0.17735418677330017,-0.008067240007221699,0.5188236236572266
4275,35.9271354675293,0.33101600408554077,0.501075029373169,0.1773732602596283,-0.010350272059440613,0.5147574543952942
4276,35.92897415161133,0.32886722683906555,0.5004125237464905,0.17738057672977448,0.0015156336594372988,0.5242668986320496
4277,35.923240661621094,0.33397176861763,0.4987625479698181,0.17735862731933594,-0.0005526218446902931,0.532217264175415
4278,35.9249153137207,0.31829705834388733,0.4991374909877777,0.17734332382678986,-0.014131155796349049,0.5191447138786316
4279,35.92576599121094,0.3223538398742676,0.49748754501342773,0.17729876935482025,-0.008856386877596378,0.5291822552680969
4280,35.92894744873047,0.3312149941921234,0.5026624798774719,0.17734596133232117,-0.04483722895383835,0.520149290561676
4281,35.92420196533203,0.3299182653427124,0.4995875358581543,0.177338644862175,-0.02293700911104679,0.5056881308555603
4282,35.92982482910156,0.3294987976551056,0.5000750422477722,0.17733997106552124,0.014115523546934128,0.5263330936431885
4283,35.92669677734375,0.32538557052612305,0.4994875490665436,0.177330881357193,-0.0290070828050375,0.5128422379493713
4284,35.9305419921875,0.32458004355430603,0.5009000301361084,0.1773468405008316,0.003751888172701001,0.509188175201416
4285,35.926239013671875,0.32556667923927307,0.5028125643730164,0.1773967146873474,-0.003497164463624358,0.520720362663269
4286,35.92212677001953,0.326211541891098,0.49918752908706665,0.17738230526447296,-0.01718319021165371,0.5334193110466003
4287,35.9289665222168,0.32804664969444275,0.5011500120162964,0.17740270495414734,-0.020039619877934456,0.526518702507019
4288,35.924251556396484,0.3251297175884247,0.5008500218391418,0.1774177849292755,0.001765672815963626,0.5295668244361877
4289,35.92506408691406,0.3208273947238922,0.4990500211715698,0.17740093171596527,0.0005822901730425656,0.5247835516929626
4290,35.92393112182617,0.3323884606361389,0.501924991607666,0.17743508517742157,-0.022878754884004593,0.5288258194923401
4291,35.924617767333984,0.3266843259334564,0.5042000412940979,0.177509605884552,-0.003986791241914034,0.5380754470825195
4292,35.928810119628906,0.3292118012905121,0.5028625130653381,0.17756041884422302,-0.021170854568481445,0.5336325168609619
4293,35.92375946044922,0.3170895278453827,0.5005000233650208,0.17756928503513336,-0.0026475158520042896,0.5273507237434387
4294,35.92475128173828,0.3251267373561859,0.5024999976158142,0.17761367559432983,-0.030592255294322968,0.528728187084198
4295,35.929447174072266,0.32620304822921753,0.4984625279903412,0.1775863766670227,0.013888932764530182,0.530808687210083
4296,35.92729949951172,0.3318897485733032,0.5000625252723694,0.17758747935295105,-0.028844308108091354,0.5426832437515259
4297,35.93251037597656,0.32208648324012756,0.5027124881744385,0.17763563990592957,-0.006019575521349907,0.5157062411308289
4298,35.926979064941406,0.3223415017127991,0.4997125267982483,0.17763054370880127,-0.011975627392530441,0.515638530254364
4299,35.923728942871094,0.3259318470954895,0.5036375522613525,0.1776951551437378,0.00023395205789711326,0.5304720997810364
4300,35.921207427978516,0.3221087157726288,0.5005500316619873,0.17770491540431976,-0.0077108521945774555,0.4895695745944977
4301,35.92881774902344,0.32871872186660767,0.4997875690460205,0.17770114541053772,-0.03977471962571144,0.52992844581604
4302,35.931434631347656,0.3251407742500305,0.49512502551078796,0.1776145100593567,-0.017954301089048386,0.5395232439041138
4303,35.92488098144531,0.32897433638572693,0.499812513589859,0.17761117219924927,-0.019657935947179794,0.5084721446037292
4304,35.923126220703125,0.3243693709373474,0.499625027179718,0.17760451138019562,0.017651833593845367,0.5211509466171265
4305,35.92929458618164,0.3224833309650421,0.4997250437736511,0.17759962379932404,-0.009959840215742588,0.5227709412574768
4306,35.932708740234375,0.32487210631370544,0.49915003776550293,0.17758452892303467,-0.009785395115613937,0.5347414016723633
4307,35.928558349609375,0.3292407691478729,0.5041249990463257,0.17765778303146362,-0.006893267389386892,0.5234698057174683
4308,35.92485427856445,0.33212241530418396,0.49963754415512085,0.17765134572982788,0.000724083452951163,0.5179930925369263
4309,35.934871673583984,0.3348901867866516,0.497825026512146,0.17761270701885223,-0.010703887790441513,0.5018506646156311
4310,35.925479888916016,0.32054397463798523,0.4950125217437744,0.1775241196155548,-0.009723988361656666,0.5105215311050415
4311,35.92000198364258,0.3233805298805237,0.49943751096725464,0.17751413583755493,-0.01214908342808485,0.5136588215827942
4312,35.92041778564453,0.323795884847641,0.5007750391960144,0.17752788960933685,-0.039551712572574615,0.5365007519721985
4313,35.929542541503906,0.32959938049316406,0.49820002913475037,0.17749592661857605,-0.02484046295285225,0.5243096351623535
4314,35.92128372192383,0.3336683511734009,0.5026624798774719,0.17754317820072174,-0.038072265684604645,0.5392937064170837
4315,35.922115325927734,0.32969439029693604,0.5006250143051147,0.17755426466464996,-0.042563095688819885,0.5299131870269775
4316,35.92897415161133,0.32412731647491455,0.5016250014305115,0.17758311331272125,-0.00950460322201252,0.5196971297264099
4317,35.92881774902344,0.32703375816345215,0.5002875328063965,0.17758820950984955,-0.013232702389359474,0.5169930458068848
4318,35.93025207519531,0.32542410492897034,0.500837504863739,0.1776030957698822,0.015940336510539055,0.532088041305542
4319,35.92635726928711,0.33304673433303833,0.5023000240325928,0.17764393985271454,-0.013673672452569008,0.5432495474815369
4320,35.931434631347656,0.32197001576423645,0.5016750693321228,0.17767369747161865,-0.04162527993321419,0.5283194184303284
4321,35.937957763671875,0.32959845662117004,0.5019625425338745,0.17770856618881226,-0.015124141238629818,0.5019938349723816
4322,35.92216873168945,0.32391420006752014,0.4997125566005707,0.17770345509052277,-0.0015280075604096055,0.5177107453346252
4323,35.92274856567383,0.327160120010376,0.4989125430583954,0.17768412828445435,-0.0012354645878076553,0.5237315893173218
4324,35.925628662109375,0.3202468454837799,0.5038125514984131,0.17775186896324158,0.006105700973421335,0.5276708602905273
4325,35.927032470703125,0.3291586935520172,0.49773749709129333,0.17771165072917938,0.004497590474784374,0.5261191725730896
4326,35.92536544799805,0.32817623019218445,0.4993625283241272,0.17770031094551086,-0.016919991001486778,0.5088101029396057
4327,35.922340393066406,0.3303195536136627,0.4982750415802002,0.17766965925693512,-0.010060694068670273,0.5199053287506104
4328,35.92171859741211,0.320879191160202,0.5008875131607056,0.17768540978431702,-0.02269679307937622,0.5307761430740356
4329,35.929473876953125,0.3268280029296875,0.5002624988555908,0.1776900738477707,-0.006757732480764389,0.5189151167869568
4330,35.927059173583984,0.32353475689888,0.5048250555992126,0.1777758151292801,-0.025159087032079697,0.5276471376419067
4331,35.9179573059082,0.3293309211730957,0.49791255593299866,0.1777387112379074,0.016939513385295868,0.5185551643371582
4332,35.92600631713867,0.3204771876335144,0.5,0.1777387112379074,-0.0007185221184045076,0.5205886363983154
4333,35.93626022338867,0.3196595013141632,0.4975625276565552,0.1776953935623169,-0.02677188254892826,0.5500233173370361
4334,35.92377471923828,0.3202889859676361,0.49703750014305115,0.17764274775981903,-0.021933794021606445,0.5111588835716248
4335,35.92125701904297,0.3282264471054077,0.5037000179290771,0.1777084767818451,-0.018721193075180054,0.5420795679092407
4336,35.928443908691406,0.32160699367523193,0.49845004081726074,0.17768093943595886,-0.04814862459897995,0.5278742909431458
4337,35.938201904296875,0.3319386839866638,0.4994000494480133,0.17767027020454407,-0.004886163864284754,0.5446227192878723
4338,35.922767639160156,0.32291075587272644,0.5010499954223633,0.17768892645835876,0.0012742186663672328,0.5198556184768677
4339,35.91474914550781,0.3426389992237091,0.5018875598907471,0.17772245407104492,-0.040693942457437515,0.5379387736320496
4340,35.92634201049805,0.3240044414997101,0.5031124949455261,0.17777776718139648,-0.020976636558771133,0.5272457599639893
4341,35.93374252319336,0.3377280831336975,0.49990004301071167,0.17777599394321442,0.014723478816449642,0.5473225712776184
4342,35.92751693725586,0.33302363753318787,0.4999625086784363,0.1777753233909607,0.005053405184298754,0.5348160862922668
4343,35.92560958862305,0.33270716667175293,0.5057375431060791,0.17787732183933258,-0.022510331124067307,0.5377795696258545
4344,35.92950439453125,0.3255263864994049,0.4979500472545624,0.17784085869789124,-0.02425570785999298,0.5358151793479919
4345,35.93359375,0.3303115963935852,0.5019875764846802,0.17787620425224304,-0.0014432149473577738,0.5117062330245972
4346,35.93756866455078,0.33627602458000183,0.49660003185272217,0.1778157353401184,-0.0034533836878836155,0.5367894768714905
4347,35.92439270019531,0.3427443504333496,0.49291256070137024,0.17768970131874084,-0.013003990985453129,0.532670795917511
4348,35.9261589050293,0.33514055609703064,0.5014375448226929,0.1777152419090271,-0.013310634531080723,0.52476567029953
4349,35.93769073486328,0.3381287157535553,0.5012000203132629,0.1777365803718567,-0.0074127716943621635,0.5103566646575928
4350,35.934410095214844,0.3426394462585449,0.5013375282287598,0.17776034772396088,-0.012917568907141685,0.5168502926826477
4351,35.918766021728516,0.33454516530036926,0.4954250156879425,0.17767901718616486,-0.01884688250720501,0.5304160118103027
4352,35.922157287597656,0.32893791794776917,0.5020125508308411,0.1777147650718689,-0.004802894778549671,0.5318242907524109
4353,35.93366622924805,0.33664610981941223,0.49870002269744873,0.17769166827201843,-0.0291716568171978,0.5098636746406555
4354,35.93222427368164,0.341104120016098,0.493987500667572,0.17758482694625854,-0.008852299302816391,0.5543733239173889
4355,35.9200553894043,0.34099408984184265,0.49646255373954773,0.17752200365066528,-0.005214573349803686,0.5332365036010742
4356,35.92142868041992,0.33359870314598083,0.5030125379562378,0.17757548391819,-0.028165366500616074,0.5456640124320984
4357,35.93393325805664,0.3390458822250366,0.5028125047683716,0.17762541770935059,-0.01655721850693226,0.522470235824585
4358,35.93170166015625,0.3364807963371277,0.4994875192642212,0.17761631309986115,-0.011648132465779781,0.5209323167800903
4359,35.9185676574707,0.35241010785102844,0.49320003390312195,0.177495539188385,0.0070934416726231575,0.5247402787208557
4360,35.92312240600586,0.32393062114715576,0.5016000270843506,0.17752394080162048,-0.03883903846144676,0.511030375957489
4361,35.927467346191406,0.345043420791626,0.5015250444412231,0.1775510013103485,-0.00476424116641283,0.5218011140823364
4362,35.93183135986328,0.3349658250808716,0.49755004048347473,0.17750750482082367,0.005788812879472971,0.5278340578079224
4363,35.92341613769531,0.3550359010696411,0.49693751335144043,0.1774531453847885,-0.024798683822155,0.532167375087738
4364,35.92264175415039,0.32746827602386475,0.501550018787384,0.17748065292835236,0.009571642614901066,0.5332229137420654
4365,35.93278121948242,0.35048744082450867,0.5019000172615051,0.17751437425613403,-0.02458910085260868,0.5370050072669983
4366,35.93349075317383,0.3255176842212677,0.5027375221252441,0.17756296694278717,-0.0038487683050334454,0.5277535915374756
4367,35.92841720581055,0.3464275598526001,0.5001250505447388,0.17756518721580505,-0.028885437175631523,0.5326041579246521
4368,35.928855895996094,0.32670798897743225,0.49681252241134644,0.17750859260559082,0.014794989489018917,0.48983779549598694
4369,35.93062210083008,0.336676687002182,0.5077000260353088,0.1776452660560608,0.012119573540985584,0.5392981171607971
4370,35.92872619628906,0.325590044260025,0.5041250586509705,0.17771853506565094,-0.036023303866386414,0.5135730504989624
4371,35.921695709228516,0.33756712079048157,0.49988752603530884,0.17771653831005096,-0.03164414316415787,0.531030535697937
4372,35.92321014404297,0.32250845432281494,0.49506253004074097,0.1776287853717804,-0.01816841959953308,0.5206955671310425
4373,35.92909240722656,0.3320176899433136,0.49851253628730774,0.1776023656129837,-0.006568445358425379,0.5125716328620911
4374,35.92809295654297,0.32154935598373413,0.49937501549720764,0.1775912642478943,-0.051611095666885376,0.5273674130439758
4375,35.92245101928711,0.3271512985229492,0.49931252002716064,0.17757906019687653,-0.047770190984010696,0.545773983001709
4376,35.92597198486328,0.3242073059082031,0.49765005707740784,0.17753732204437256,0.0001985592971323058,0.5015745162963867
4377,35.931861877441406,0.32254406809806824,0.5001625418663025,0.17754019796848297,-0.02905641309916973,0.5235690474510193
4378,35.930633544921875,0.31922638416290283,0.500700056552887,0.17755262553691864,-0.031136009842157364,0.5120800733566284
4379,35.92831802368164,0.3295801877975464,0.4984625577926636,0.1775253266096115,-0.021288122981786728,0.5124410390853882
4380,35.92463302612305,0.3197287619113922,0.49943751096725464,0.17751534283161163,-0.004608750343322754,0.5247984528541565
4381,35.93258285522461,0.3257146179676056,0.49535006284713745,0.1774328052997589,-0.0014529572799801826,0.5138617753982544
4382,35.926185607910156,0.3219408094882965,0.5000125169754028,0.17743301391601562,-0.012731027789413929,0.5248072147369385
4383,35.91788864135742,0.3134298026561737,0.4996750056743622,0.1774272471666336,-0.014941345900297165,0.5328987240791321
4384,35.92736053466797,0.3136380910873413,0.49755001068115234,0.17738378047943115,-0.005979613400995731,0.5094034671783447
4385,35.92738342285156,0.31964385509490967,0.49816256761550903,0.1773511916399002,-0.02085164189338684,0.5386115908622742
4386,35.92219161987305,0.3158127963542938,0.49623754620552063,0.17728446424007416,-0.005555793177336454,0.5192697644233704
4387,35.921058654785156,0.32605552673339844,0.5016250014305115,0.17731326818466187,-0.0012144482461735606,0.5192332863807678
4388,35.92643356323242,0.31573253870010376,0.49775001406669617,0.17727337777614594,0.0002883892157115042,0.5378463864326477
4389,35.930702209472656,0.3174268305301666,0.5039750337600708,0.17734383046627045,-0.00010946941620204598,0.5154252052307129
4390,35.925697326660156,0.3193700909614563,0.5019625425338745,0.17737862467765808,-0.029432866722345352,0.5415014624595642
4391,35.92607498168945,0.3168105185031891,0.5018125176429749,0.1774107664823532,-0.013424254953861237,0.5094140768051147
4392,35.928504943847656,0.31861504912376404,0.4982124865055084,0.1773790568113327,-0.017709478735923767,0.50711989402771
4393,35.927181243896484,0.32510852813720703,0.5018125176429749,0.17741119861602783,0.0009067616774700582,0.528544545173645
4394,35.92512512207031,0.3211294412612915,0.5001125335693359,0.1774131804704666,-0.0512545071542263,0.5256668925285339
4395,35.922767639160156,0.31472697854042053,0.49985000491142273,0.17741051316261292,-0.005892210174351931,0.525083065032959
4396,35.9265251159668,0.3200205862522125,0.5001625418663025,0.17741338908672333,0.01969999074935913,0.5315519571304321
4397,35.924861907958984,0.319139301776886,0.49931252002716064,0.17740119993686676,-0.018526235595345497,0.5184968113899231
4398,35.9206428527832,0.3191874027252197,0.49701252579689026,0.17734819650650024,0.010056780651211739,0.5200236439704895
4399,35.92319869995117,0.3118929862976074,0.5023499727249146,0.17738986015319824,-0.016062546521425247,0.5271036028862
4400,35.926658630371094,0.3169567883014679,0.49861252307891846,0.177365243434906,-0.016594259068369865,0.5505534410476685
4401,35.92795181274414,0.3165539503097534,0.4984375238418579,0.17733754217624664,0.030699459835886955,0.532553493976593
4402,35.923866271972656,0.318553626537323,0.502762496471405,0.17738652229309082,-0.009057615883648396,0.5180149078369141
4403,35.921974182128906,0.3187655508518219,0.5019624829292297,0.17742133140563965,-0.008702278137207031,0.5132402181625366
4404,35.92111587524414,0.3163207471370697,0.5006375908851624,0.17743264138698578,-0.010130105540156364,0.5379071235656738
4405,35.925968170166016,0.32623615860939026,0.5045375227928162,0.17751313745975494,-0.007013228721916676,0.5156811475753784
4406,35.92567443847656,0.31942465901374817,0.49900001287460327,0.17749539017677307,-0.0044417604804039,0.5232212543487549
4407,35.923057556152344,0.3282804489135742,0.4986500144004822,0.17747142910957336,-0.028555916622281075,0.5233787298202515
4408,35.92402648925781,0.31535398960113525,0.4990500509738922,0.17745456099510193,-0.027805862948298454,0.5259389281272888
4409,35.92463684082031,0.31946516036987305,0.500950038433075,0.17747141420841217,0.0017936163349077106,0.5390649437904358
4410,35.92927551269531,0.3213464617729187,0.4992750287055969,0.17745855450630188,-0.027692627161741257,0.5194159746170044
4411,35.92985916137695,0.3303094804286957,0.50142502784729,0.17748384177684784,-0.01666909083724022,0.5473036170005798
4412,35.92593002319336,0.32146891951560974,0.5011875033378601,0.17750491201877594,0.0027989521622657776,0.5275335907936096
4413,35.92270278930664,0.31814274191856384,0.49630001187324524,0.17743922770023346,-0.0036811537574976683,0.5007506608963013
4414,35.930416107177734,0.3199491500854492,0.4995250403881073,0.17743079364299774,-0.015893548727035522,0.5397375822067261
4415,35.929832458496094,0.3218717873096466,0.500462532043457,0.17743900418281555,-0.024698076769709587,0.5179351568222046
4416,35.92730712890625,0.3312585949897766,0.4992375075817108,0.17742547392845154,0.0055382633581757545,0.502845048904419
4417,35.92502212524414,0.31490764021873474,0.4972500205039978,0.1773766726255417,-0.028306659311056137,0.5174046158790588
4418,35.93634033203125,0.32747071981430054,0.5032125115394592,0.17743365466594696,-0.02091301791369915,0.5144239068031311
4419,35.919883728027344,0.321852445602417,0.4987500309944153,0.17741148173809052,0.006006999406963587,0.516573965549469
4420,35.919044494628906,0.3338674008846283,0.5013124942779541,0.1774347722530365,-0.029800936579704285,0.5338504910469055
4421,35.92919158935547,0.31633833050727844,0.4985000193119049,0.1774081587791443,-0.022824596613645554,0.5277064442634583
4422,35.93887710571289,0.32877981662750244,0.49793753027915955,0.1773715764284134,-0.037197548896074295,0.5035972595214844
4423,35.923919677734375,0.3147278428077698,0.5018875598907471,0.17740504443645477,-0.0385311134159565,0.5210791826248169
4424,35.92007827758789,0.32885226607322693,0.49996253848075867,0.17740437388420105,-0.011328206397593021,0.534530520439148
4425,35.93362808227539,0.3155704140663147,0.5002625584602356,0.17740902304649353,0.007730797398835421,0.5282321572303772
4426,35.93192672729492,0.32383760809898376,0.49992501735687256,0.17740769684314728,-0.01425375510007143,0.490386039018631
4427,35.925811767578125,0.3186638355255127,0.49918752908706665,0.17739328742027283,-0.022868456318974495,0.5173576474189758
4428,35.927188873291016,0.32103654742240906,0.5036750435829163,0.1774584800004959,-0.04059126228094101,0.5233964920043945
4429,35.92494201660156,0.3266722857952118,0.5029375553131104,0.177510604262352,-0.024455886334180832,0.5427509546279907
4430,35.93397903442383,0.31914252042770386,0.4973999857902527,0.17746445536613464,-0.006575032137334347,0.514234721660614
4431,35.92824935913086,0.3176458775997162,0.49947500228881836,0.1774551421403885,-0.009105153381824493,0.5159701704978943
4432,35.91953659057617,0.31926196813583374,0.5028875470161438,0.17750637233257294,-0.022791530936956406,0.515967071056366
4433,35.920257568359375,0.3145059049129486,0.5014875531196594,0.17753277719020844,-0.002336665289476514,0.5235930681228638
4434,35.923736572265625,0.31287145614624023,0.4997125566005707,0.17752768099308014,-0.005089462734758854,0.5114397406578064
4435,35.92380905151367,0.3148725926876068,0.5014125108718872,0.17755275964736938,-0.024956688284873962,0.5163905024528503
4436,35.92028045654297,0.3132552206516266,0.49861252307891846,0.17752812802791595,-0.0004135709023103118,0.5171706676483154
4437,35.92021179199219,0.31459590792655945,0.4994250237941742,0.17751792073249817,-0.028351569548249245,0.5327911972999573
4438,35.924591064453125,0.3241003751754761,0.49650001525878906,0.17745578289031982,-0.008122379891574383,0.5114269852638245
4439,35.92179870605469,0.3145206868648529,0.498075008392334,0.17742161452770233,-0.010199470445513725,0.5170966982841492
4440,35.92262649536133,0.3183429539203644,0.5006750226020813,0.177433580160141,-0.024371743202209473,0.5390637516975403
4441,35.925537109375,0.3116001784801483,0.4989500343799591,0.1774149388074875,-0.03144598379731178,0.5251590013504028
4442,35.923187255859375,0.32325059175491333,0.49511250853538513,0.1773282289505005,-0.015422740019857883,0.5216494798660278
4443,35.92756652832031,0.3078080117702484,0.4967375099658966,0.17727036774158478,0.008489545434713364,0.517319917678833
4444,35.92930221557617,0.3253503441810608,0.5013875365257263,0.17729496955871582,0.0005045314319431782,0.5536224842071533
4445,35.926876068115234,0.31240248680114746,0.5036500692367554,0.1773596853017807,-0.007002581376582384,0.5315377712249756
4446,35.9275016784668,0.31137529015541077,0.49951252341270447,0.17735104262828827,-0.013708614744246006,0.5339074730873108
4447,35.92885971069336,0.3098936975002289,0.5029375553131104,0.17740313708782196,0.007351224310696125,0.5273098349571228
4448,35.92841339111328,0.3189443349838257,0.49886250495910645,0.1773829609155655,0.0029471132438629866,0.5309944748878479
4449,35.933475494384766,0.3190367519855499,0.4984250068664551,0.17735502123832703,-0.010955356061458588,0.5227826833724976
4450,35.92756652832031,0.3137171268463135,0.49870002269744873,0.17733196914196014,-0.028747042641043663,0.5231025815010071
4451,35.92222213745117,0.3176799714565277,0.5009250640869141,0.17734837532043457,-0.015542447566986084,0.5278023481369019
4452,35.9276123046875,0.31499743461608887,0.503837525844574,0.17741642892360687,-0.003737617051228881,0.5508903861045837
4453,35.92868423461914,0.3135199248790741,0.49676254391670227,0.1773589849472046,-0.014677370898425579,0.5274868011474609
4454,35.92860794067383,0.3133922517299652,0.49906253814697266,0.17734235525131226,0.006014793645590544,0.5110814571380615
4455,35.92332458496094,0.316766619682312,0.5031000375747681,0.17739732563495636,-0.001034919754602015,0.5552018284797668
4456,35.92949676513672,0.3154204487800598,0.5030250549316406,0.1774509996175766,-0.021647892892360687,0.5463084578514099
4457,35.93694305419922,0.31751182675361633,0.5012375116348267,0.17747296392917633,-0.02145327441394329,0.5233336687088013
4458,35.927024841308594,0.3288917541503906,0.49841251969337463,0.17744480073451996,-0.007815041579306126,0.5299909710884094
4459,35.92428207397461,0.3145312964916229,0.5003875494003296,0.17745167016983032,-0.05845000594854355,0.5260393619537354
4460,35.93144226074219,0.3178074061870575,0.5011875033378601,0.17747274041175842,-0.018068527802824974,0.5301576256752014
4461,35.924346923828125,0.3187037408351898,0.5027000308036804,0.17752066254615784,-0.018361913040280342,0.5319322943687439
4462,35.93022155761719,0.3261388838291168,0.49848753213882446,0.17749381065368652,0.006298874970525503,0.5009337663650513
4463,35.9222297668457,0.31304532289505005,0.5019250512123108,0.17752797901630402,-0.039355333894491196,0.5137607455253601
4464,35.928462982177734,0.31559863686561584,0.5007625222206116,0.17754152417182922,0.0023754416033625603,0.5291759371757507
4465,35.92499542236328,0.31225937604904175,0.4993624985218048,0.1775301992893219,-0.00788173545151949,0.5372838973999023
4466,35.92464065551758,0.3151146471500397,0.4988750219345093,0.17751023173332214,-0.005291089415550232,0.5220736861228943
4467,35.920257568359375,0.31118643283843994,0.5081875324249268,0.17765556275844574,0.011034093797206879,0.5434395670890808
4468,35.92716598510742,0.31103643774986267,0.4974500238895416,0.17761026322841644,0.0005146708572283387,0.5247049927711487
4469,35.923240661621094,0.3171886205673218,0.4979124963283539,0.17757318913936615,-0.005606185179203749,0.5337651968002319
4470,35.922401428222656,0.3148479461669922,0.5012000203132629,0.17759451270103455,-0.030447324737906456,0.5300685167312622
4471,35.92341232299805,0.3137036859989166,0.4979500472545624,0.17755810916423798,-0.023040467873215675,0.5401909947395325
4472,35.932518005371094,0.3181416094303131,0.5007374882698059,0.17757120728492737,-0.02145494520664215,0.5309496521949768
4473,35.928890228271484,0.30874043703079224,0.49832502007484436,0.17754146456718445,-0.0012597113382071257,0.5245234966278076
4474,35.92110824584961,0.30807754397392273,0.4992750287055969,0.17752858996391296,-0.018903609365224838,0.5201666355133057
4475,35.928016662597656,0.3087286353111267,0.5035125017166138,0.17759093642234802,0.01576026901602745,0.5186125636100769
4476,35.931190490722656,0.31769800186157227,0.49937501549720764,0.1775798350572586,-0.003493223339319229,0.5228888988494873
4477,35.924903869628906,0.31209370493888855,0.4981250464916229,0.17754653096199036,-0.002940897597000003,0.5230148434638977
4478,35.919525146484375,0.31336113810539246,0.4986250102519989,0.17752212285995483,-0.0011038122465834022,0.49389365315437317
4479,35.925628662109375,0.3137320876121521,0.500950038433075,0.17753899097442627,0.0036437828093767166,0.5322944521903992
4480,35.928955078125,0.3170846700668335,0.4991375505924225,0.177523672580719,-0.012831001542508602,0.5231981873512268
4481,35.926246643066406,0.31106051802635193,0.5024750232696533,0.17756760120391846,-0.03217760846018791,0.5254058241844177
4482,35.92262649536133,0.31385254859924316,0.5005500316619873,0.17757736146450043,-0.01613568142056465,0.50855553150177
4483,35.92326736450195,0.31109341979026794,0.5024750232696533,0.17762130498886108,-0.021691812202334404,0.5158219933509827
4484,35.93125534057617,0.3118920624256134,0.498787522315979,0.17759977281093597,-0.016950083896517754,0.5119554400444031
4485,35.92682647705078,0.31678175926208496,0.4997749924659729,0.17759576439857483,0.008076712489128113,0.5287840962409973
4486,35.9210090637207,0.31572815775871277,0.49797505140304565,0.17755980789661407,-0.015904679894447327,0.5390103459358215
4487,35.92868423461914,0.31280088424682617,0.5032750368118286,0.17761795222759247,-0.011802654713392258,0.5152204632759094
4488,35.927391052246094,0.32402193546295166,0.49967503547668457,0.17761218547821045,-0.012841738760471344,0.5262094736099243
4489,35.92463684082031,0.3158261477947235,0.5001250505447388,0.17761440575122833,-0.010108956135809422,0.5287045836448669
4490,35.91674041748047,0.319724977016449,0.5029125213623047,0.17766612768173218,-0.034794680774211884,0.5166541337966919
4491,35.92511749267578,0.3116680979728699,0.5041875243186951,0.17774052917957306,0.007882421836256981,0.5249876379966736
4492,35.93259811401367,0.31927555799484253,0.5026000142097473,0.17778673768043518,-0.025486188009381294,0.5330370664596558
4493,35.93130874633789,0.320756733417511,0.5007125735282898,0.17779941856861115,-0.018705181777477264,0.5331816673278809
4494,35.928524017333984,0.3224965035915375,0.4985000193119049,0.17777274549007416,-0.045723140239715576,0.5179237723350525
4495,35.92655944824219,0.32041290402412415,0.5005250573158264,0.1777820736169815,0.0018029342172667384,0.5328280329704285
4496,35.93537521362305,0.31769201159477234,0.502637505531311,0.17782895267009735,-0.03502316027879715,0.5285822153091431
4497,35.93408966064453,0.32163673639297485,0.499625027179718,0.1778222918510437,-0.01014271192252636,0.5260843634605408
4498,35.92359924316406,0.31204649806022644,0.49988752603530884,0.17782029509544373,-0.024033645167946815,0.5261312127113342
4499,35.92076110839844,0.31495097279548645,0.5036125183105469,0.1778845191001892,-0.028713524341583252,0.5286209583282471
4500,35.926090240478516,0.3100644052028656,0.49771252274513245,0.1778438240289688,-0.03532443940639496,0.5235075354576111
4501,35.931732177734375,0.3256617784500122,0.49822503328323364,0.17781226336956024,-0.01806507632136345,0.539374828338623
4502,35.926151275634766,0.31170955300331116,0.49691256880760193,0.1777573674917221,-0.037283677607774734,0.5139988660812378
4503,35.92634201049805,0.31564462184906006,0.49861252307891846,0.1777327060699463,-0.013354361988604069,0.5101498365402222
4504,35.930267333984375,0.3153778910636902,0.49592500925064087,0.177660271525383,-0.019568031653761864,0.5217543840408325
4505,35.92854309082031,0.31863006949424744,0.499287486076355,0.17764762043952942,-0.03277532383799553,0.5265265107154846
4506,35.92800521850586,0.31972092390060425,0.49931252002716064,0.17763541638851166,-0.006696711760014296,0.5350769758224487
4507,35.925716400146484,0.31673723459243774,0.49900001287460327,0.1776176542043686,-0.02982102707028389,0.5345572829246521
4508,35.93183135986328,0.31296488642692566,0.4996125400066376,0.17761076986789703,0.006541230715811253,0.5149028301239014
4509,35.92736053466797,0.31403353810310364,0.49957504868507385,0.17760321497917175,-0.00966862216591835,0.5337557792663574
4510,35.92009353637695,0.3117944300174713,0.499099999666214,0.17758722603321075,-0.0052998848259449005,0.528414249420166
4511,35.926483154296875,0.31611064076423645,0.5013625025749207,0.17761142551898956,0.008702175691723824,0.5257186889648438
4512,35.92879104614258,0.31653815507888794,0.5006750226020813,0.17762340605258942,-0.020139344036579132,0.5335717797279358
4513,35.92293930053711,0.31486186385154724,0.5018125176429749,0.17765559256076813,-0.014888163655996323,0.5372189283370972
4514,35.92438888549805,0.31432202458381653,0.49810004234313965,0.17762184143066406,-0.019825134426355362,0.5352863669395447
4515,35.925045013427734,0.3143558204174042,0.49998751282691956,0.17762161791324615,-0.021755587309598923,0.5386771559715271
4516,35.92379379272461,0.3113793432712555,0.4997250735759735,0.17761673033237457,-0.009362713433802128,0.5278192162513733
4517,35.92612075805664,0.31102749705314636,0.5002999901771545,0.17762206494808197,-0.017603375017642975,0.516363263130188
4518,35.9226188659668,0.3130646049976349,0.49947500228881836,0.17761273682117462,-0.024127142503857613,0.5203976035118103
4519,35.930240631103516,0.31018009781837463,0.49863752722740173,0.1775885373353958,-0.007763009052723646,0.5040197372436523
4520,35.92868423461914,0.30908694863319397,0.4987875521183014,0.1775670051574707,-0.010041194967925549,0.5142970681190491
4521,35.9238395690918,0.3143690526485443,0.49963754415512085,0.17756056785583496,-0.03423575684428215,0.5387638807296753
4522,35.92877960205078,0.31450578570365906,0.5019500851631165,0.17759519815444946,-0.00787471141666174,0.5243459939956665
4523,35.928985595703125,0.3192180395126343,0.49535006284713745,0.17751261591911316,-0.014714156277477741,0.5297667980194092
4524,35.92987060546875,0.31390270590782166,0.5012125372886658,0.17753413319587708,-0.0047641051933169365,0.5204449892044067
4525,35.92241668701172,0.3156265914440155,0.5006375312805176,0.1775454580783844,-0.02786370739340782,0.509311854839325
4526,35.9244499206543,0.3056102693080902,0.49720001220703125,0.17749574780464172,-0.035171687602996826,0.5158209800720215
4527,35.92795181274414,0.31265366077423096,0.4992750287055969,0.17748288810253143,-0.028867414221167564,0.5159350633621216
4528,35.92551040649414,0.313530296087265,0.4982375204563141,0.17745161056518555,-0.030584469437599182,0.5242627263069153
4529,35.92338562011719,0.3092512786388397,0.49598750472068787,0.17738041281700134,-0.03729084134101868,0.5067874789237976
4530,35.92704391479492,0.3053191900253296,0.5023875832557678,0.17742276191711426,-0.017433756962418556,0.4995235502719879
4531,35.92793273925781,0.31623825430870056,0.49951252341270447,0.17741410434246063,-0.020663674920797348,0.5235994458198547
4532,35.92847442626953,0.31071096658706665,0.49992501735687256,0.17741277813911438,-0.04224778339266777,0.49525976181030273
4533,35.921783447265625,0.31358715891838074,0.5017500519752502,0.17744383215904236,-0.01401535701006651,0.5222446322441101
4534,35.92878341674805,0.31612661480903625,0.5027125477790833,0.1774919480085373,-0.002996330615133047,0.5298935174942017
4535,35.936710357666016,0.3137021064758301,0.5013999938964844,0.17751678824424744,-0.022124532610177994,0.5173043608665466
4536,35.928184509277344,0.31537196040153503,0.5015750527381897,0.1775447428226471,-0.006827035453170538,0.5387548208236694
4537,35.92045593261719,0.3090056777000427,0.49793753027915955,0.1775081306695938,-0.025092799216508865,0.5147886872291565
4538,35.92090606689453,0.30974286794662476,0.502637505531311,0.1775549352169037,0.004664872772991657,0.527224600315094
4539,35.92719268798828,0.30558228492736816,0.4979000389575958,0.17751765251159668,-0.006880961824208498,0.5242143273353577
4540,35.92597579956055,0.3111916780471802,0.49636250734329224,0.17745307087898254,-0.02421409636735916,0.5266351699829102
4541,35.92527770996094,0.3069557547569275,0.5001000165939331,0.1774548441171646,0.01566743291914463,0.5206155180931091
4542,35.9312629699707,0.3108416199684143,0.5013499855995178,0.17747879028320312,-0.0057136588729918,0.5083784461021423
4543,35.9241943359375,0.3139129877090454,0.5011500120162964,0.1774992048740387,0.015122899785637856,0.5135324001312256
4544,35.92530059814453,0.30955770611763,0.5009875297546387,0.17751672863960266,-0.015082471072673798,0.5157366394996643
4545,35.92853546142578,0.3142918348312378,0.4986250400543213,0.17749232053756714,-0.014317031018435955,0.5130295753479004
4546,35.922767639160156,0.309167742729187,0.4984000623226166,0.17746391892433167,-0.02248135581612587,0.530446469783783
4547,35.925540924072266,0.3154101073741913,0.499625027179718,0.1774572730064392,-0.01240676362067461,0.5317431688308716
4548,35.923648834228516,0.31578588485717773,0.49941253662109375,0.17744684219360352,-0.007175622042268515,0.5270017981529236
4549,35.925384521484375,0.3105761706829071,0.5011500120162964,0.1774672567844391,-0.038520198315382004,0.5509897470474243
4550,35.926841735839844,0.309542179107666,0.4993624985218048,0.17745593190193176,-0.006885108537971973,0.5217152833938599
4551,35.926475524902344,0.30719760060310364,0.4965125322341919,0.1773940473794937,-0.009679794311523438,0.5151376128196716
4552,35.93027877807617,0.31348559260368347,0.5007374882698059,0.1774071305990219,-0.004416635725647211,0.5218473076820374
4553,35.92914962768555,0.30903008580207825,0.5025625228881836,0.17745259404182434,0.005390510894358158,0.5221197605133057
4554,35.92369079589844,0.31114688515663147,0.5034375190734863,0.17751359939575195,-0.014085899107158184,0.5298897624015808
4555,35.925750732421875,0.30749768018722534,0.4983750283718109,0.17748475074768066,-0.008184070698916912,0.520190417766571
4556,35.9283332824707,0.3124241530895233,0.49982503056526184,0.17748163640499115,-0.007055206689983606,0.5258263945579529
4557,35.92710876464844,0.30612972378730774,0.49886250495910645,0.1774614453315735,0.008471572771668434,0.5328525304794312
4558,35.927188873291016,0.30994680523872375,0.49807503819465637,0.177427276968956,-0.009433023631572723,0.5174601674079895
4559,35.926490783691406,0.309063583612442,0.49682503938674927,0.17737093567848206,-0.026591366156935692,0.535102128982544
4560,35.92500686645508,0.30411583185195923,0.5003500580787659,0.1773771494626999,-0.004813545383512974,0.5360853672027588
4561,35.923152923583984,0.3016521632671356,0.4989750385284424,0.1773589700460434,-0.011159502901136875,0.5248400568962097
4562,35.92949295043945,0.30107322335243225,0.5032125115394592,0.17741595208644867,0.019617503508925438,0.5182390213012695
4563,35.92809295654297,0.3051310181617737,0.5009000301361084,0.17743192613124847,0.0043921079486608505,0.5067417025566101
4564,35.92765808105469,0.3106328248977661,0.49908754229545593,0.17741572856903076,-0.007226163055747747,0.5027301907539368
4565,35.92881774902344,0.3100059926509857,0.5007250308990479,0.17742858827114105,-0.007077508606016636,0.5337580442428589
4566,35.925418853759766,0.3136174976825714,0.5016500353813171,0.17745785415172577,0.007881165482103825,0.5363016128540039
4567,35.93287658691406,0.3086577355861664,0.5031750202178955,0.1775141954421997,-0.0018564146012067795,0.5308057069778442
4568,35.9277458190918,0.3122659921646118,0.5020375847816467,0.17755036056041718,-0.014071989804506302,0.5260993242263794
4569,35.9267578125,0.30992960929870605,0.4975000321865082,0.1775059700012207,0.0014831157168373466,0.5220608711242676
4570,35.9290657043457,0.3060400187969208,0.5053375363349915,0.1776007115840912,-0.001095085171982646,0.5277913808822632
4571,35.932395935058594,0.30478331446647644,0.5004750490188599,0.1776091307401657,0.01550799049437046,0.5312207937240601
4572,35.9263916015625,0.3112828731536865,0.4988875389099121,0.17758937180042267,-0.01657591573894024,0.5341931581497192
4573,35.929595947265625,0.30579710006713867,0.4993875026702881,0.17757849395275116,-0.048494622111320496,0.5371730327606201
4574,35.92644119262695,0.3018914759159088,0.49496251344680786,0.1774890273809433,-0.011376267299056053,0.509133517742157
4575,35.92527389526367,0.30514028668403625,0.5011500716209412,0.17750944197177887,-0.005044319201260805,0.5309401750564575
4576,35.919960021972656,0.3091675341129303,0.4999750256538391,0.17750899493694305,-0.015568296425044537,0.5199519991874695
4577,35.92409133911133,0.3121376037597656,0.5027625560760498,0.1775580197572708,-0.019922329112887383,0.5364008545875549
4578,35.93136978149414,0.3131466805934906,0.5015750527381897,0.17758597433567047,-0.020844509825110435,0.5343995690345764
4579,35.92242431640625,0.30429384112358093,0.4992125332355499,0.17757199704647064,-0.016481339931488037,0.526960551738739
4580,35.927093505859375,0.3043577969074249,0.4999375641345978,0.1775708794593811,-0.009426241740584373,0.5301799774169922
4581,35.929527282714844,0.30734923481941223,0.5015250444412231,0.17759795486927032,-0.01329320389777422,0.5272252559661865
4582,35.93085861206055,0.30809786915779114,0.4984875023365021,0.17757108807563782,0.007695568259805441,0.5062021613121033
4583,35.93655776977539,0.3111351728439331,0.49477502703666687,0.17747831344604492,0.016543330624699593,0.5285105109214783
4584,35.9287223815918,0.3076099753379822,0.501075029373169,0.17749740183353424,-0.01081943977624178,0.5438692569732666
4585,35.931678771972656,0.3109225034713745,0.5005500316619873,0.1775071620941162,-0.020840654149651527,0.532825767993927
4586,35.929100036621094,0.3032766580581665,0.500587522983551,0.1775175929069519,-0.02582627534866333,0.5357204079627991
4587,35.92864227294922,0.3045834004878998,0.5036750435829163,0.17758283019065857,-0.012149535119533539,0.5295115113258362
4588,35.925559997558594,0.3059976398944855,0.5021000504493713,0.17762012779712677,-0.038887977600097656,0.5362716317176819
4589,35.9220085144043,0.30825909972190857,0.5047250390052795,0.1777040660381317,-0.025535717606544495,0.536899745464325
4590,35.92776870727539,0.3137250244617462,0.501800000667572,0.1777360588312149,-0.014576157554984093,0.5224965810775757
4591,35.92688751220703,0.30976173281669617,0.4959125220775604,0.1776634007692337,0.0034489466343075037,0.5153988599777222
4592,35.923500061035156,0.30699270963668823,0.5013124942779541,0.17768672108650208,-0.00976826436817646,0.5381206274032593
4593,35.92641830444336,0.3118770122528076,0.4976625442504883,0.17764517664909363,0.00517793046310544,0.5115902423858643
4594,35.936100006103516,0.3036705255508423,0.500962495803833,0.17766226828098297,-0.020291848108172417,0.5228393077850342
4595,35.92525100708008,0.3081638216972351,0.4999125301837921,0.1776607185602188,-0.003551334608346224,0.5214839577674866
4596,35.92390060424805,0.31049489974975586,0.5012125372886658,0.17768225073814392,-0.03611234575510025,0.5357911586761475
4597,35.92644119262695,0.30210304260253906,0.500950038433075,0.17769913375377655,-0.03194403648376465,0.5385808348655701
4598,35.93105697631836,0.3161395192146301,0.503125011920929,0.17775465548038483,-0.02963528409600258,0.5166090726852417
4599,35.92900085449219,0.30910012125968933,0.4984750747680664,0.17772755026817322,-0.029759032651782036,0.524797260761261
4600,35.92377471923828,0.31146401166915894,0.49656251072883606,0.17766645550727844,-0.004325004760175943,0.5337517857551575
4601,35.92220687866211,0.3115662634372711,0.49970003962516785,0.17766113579273224,-0.04429158568382263,0.5304152369499207
4602,35.93242645263672,0.3070546090602875,0.5003875494003296,0.1776680201292038,-0.011566617526113987,0.5312449336051941
4603,35.92417526245117,0.3134726285934448,0.4986875355243683,0.17764469981193542,-0.006516161374747753,0.5222320556640625
4604,35.92750930786133,0.30592361092567444,0.4999125301837921,0.17764315009117126,-0.005865959450602531,0.49096792936325073
4605,35.93002700805664,0.30729734897613525,0.5018375515937805,0.1776757836341858,-0.02250577136874199,0.5362977385520935
4606,35.92059326171875,0.3106977045536041,0.4999000132083893,0.17767401039600372,-0.017980020493268967,0.5348919034004211
4607,35.91853332519531,0.3045949637889862,0.5023250579833984,0.17771531641483307,-0.01090148463845253,0.5247403383255005
4608,35.92942428588867,0.3073347210884094,0.5013375282287598,0.17773908376693726,-0.0043125576339662075,0.52305006980896
4609,35.921714782714844,0.3026801645755768,0.4991125166416168,0.17772330343723297,-0.009707815945148468,0.5209432244300842
4610,35.92081832885742,0.30421093106269836,0.5016250014305115,0.17775218188762665,-0.04328138753771782,0.5391762256622314
4611,35.925392150878906,0.3025246262550354,0.49557504057884216,0.17767351865768433,-0.021909872069954872,0.5070571303367615
4612,35.93168640136719,0.3061172068119049,0.49852505326271057,0.17764730751514435,-0.008051109500229359,0.5233809947967529
4613,35.92511749267578,0.3095942735671997,0.498787522315979,0.17762577533721924,-0.019144412130117416,0.5313798785209656
4614,35.926692962646484,0.30663931369781494,0.4966125190258026,0.17756560444831848,0.0017538911197334528,0.5277628302574158
4615,35.9287223815918,0.3008745014667511,0.500587522983551,0.17757603526115417,-0.03176154941320419,0.5516011118888855
4616,35.9321174621582,0.3094111979007721,0.5000625252723694,0.17757713794708252,0.012677057646214962,0.5158845782279968
4617,35.928653717041016,0.3055611848831177,0.50166255235672,0.17760667204856873,-0.007290788926184177,0.5306680798530579
4618,35.92754364013672,0.3032730519771576,0.4991125166416168,0.17759090662002563,-0.026198292151093483,0.5432664752006531
4619,35.92388916015625,0.3056758940219879,0.49826252460479736,0.17756004631519318,-0.003927511628717184,0.5226820707321167
4620,35.9271354675293,0.3039011061191559,0.49640005826950073,0.17749612033367157,-0.01862991414964199,0.5111302733421326
4621,35.93104934692383,0.30588746070861816,0.49865004420280457,0.17747215926647186,-0.004466443322598934,0.5328832268714905
4622,35.921058654785156,0.3087034821510315,0.5043625831604004,0.1775495857000351,-0.016027113422751427,0.5139815807342529
4623,35.928565979003906,0.3079448640346527,0.5003874897956848,0.17755647003650665,-0.018366077914834023,0.5275161266326904
4624,35.928375244140625,0.3110363781452179,0.5039374828338623,0.17762638628482819,-0.010485770180821419,0.5198729634284973
4625,35.931617736816406,0.3011493384838104,0.4984000027179718,0.17759796977043152,-0.04080604016780853,0.5219154357910156
4626,35.92716598510742,0.3011237680912018,0.49818748235702515,0.1775657832622528,-0.020732298493385315,0.5384631156921387
4627,35.92489242553711,0.3081015944480896,0.5010250210762024,0.1775839924812317,-0.015922876074910164,0.5333098769187927
4628,35.92876052856445,0.30264514684677124,0.4984625279903412,0.17755669355392456,-0.017273591831326485,0.5374655723571777
4629,35.92734146118164,0.3119502663612366,0.4973125159740448,0.17750898003578186,-0.02624354511499405,0.5145502090454102
4630,35.92667770385742,0.3054085969924927,0.5010625720024109,0.17752783000469208,-0.016600029543042183,0.5255152583122253
4631,35.92532730102539,0.31831634044647217,0.502037525177002,0.17756399512290955,0.0011202431051060557,0.536041796207428
4632,35.92176818847656,0.3033979833126068,0.4993250072002411,0.1775520145893097,-0.0034304941073060036,0.5129129886627197
4633,35.926082611083984,0.30824655294418335,0.49902501702308655,0.17753469944000244,-0.0362250953912735,0.5258587598800659
4634,35.91950225830078,0.30455976724624634,0.49666255712509155,0.1774754524230957,-0.020265616476535797,0.5351417064666748
4635,35.92912673950195,0.3088434934616089,0.4979875087738037,0.17743973433971405,-0.003010469488799572,0.523301362991333
4636,35.928009033203125,0.308366060256958,0.4991125464439392,0.17742398381233215,-0.022761596366763115,0.537139356136322
4637,35.921852111816406,0.3100300133228302,0.49847498536109924,0.17739692330360413,-0.023784993216395378,0.5198829174041748
4638,35.928184509277344,0.3066857159137726,0.5023500323295593,0.17743860185146332,-0.004506625235080719,0.5255672335624695
4639,35.9296760559082,0.30445635318756104,0.5003750324249268,0.17744526267051697,-0.018907906487584114,0.5344523191452026
4640,35.924293518066406,0.3141592741012573,0.5039375424385071,0.17751513421535492,-0.02158757857978344,0.5310572981834412
4641,35.9182243347168,0.30758488178253174,0.5018250346183777,0.17754752933979034,-0.036610282957553864,0.5309041142463684
4642,35.91649627685547,0.3010959029197693,0.49483755230903625,0.177455872297287,-0.01817382499575615,0.530619204044342
4643,35.929786682128906,0.3032822608947754,0.501300036907196,0.17747895419597626,-0.019092796370387077,0.5312185287475586
4644,35.922515869140625,0.3094587028026581,0.4970000088214874,0.17742571234703064,-0.00909141544252634,0.5197085738182068
4645,35.924842834472656,0.31333065032958984,0.5007625222206116,0.17743924260139465,-0.023075873032212257,0.5392258167266846
4646,35.92995834350586,0.3024531602859497,0.5058125257492065,0.17754238843917847,-0.010547909885644913,0.5237599015235901
4647,35.92594909667969,0.29835614562034607,0.49922502040863037,0.17752863466739655,0.011970898136496544,0.5182830095291138
4648,35.92873764038086,0.3059961795806885,0.49877503514289856,0.17750689387321472,-0.021427426487207413,0.5232552289962769
4649,35.921810150146484,0.30664700269699097,0.5017375349998474,0.177537739276886,0.0037912114057689905,0.5118529796600342
4650,35.92725372314453,0.30889007449150085,0.5055875778198242,0.17763693630695343,-0.0051841577515006065,0.5302098393440247
4651,35.939090728759766,0.3165302574634552,0.49851253628730774,0.17761050164699554,-0.019327806308865547,0.5400267839431763
4652,35.92423629760742,0.3119560480117798,0.5008000135421753,0.17762470245361328,-0.0020883975084871054,0.5245993137359619
4653,35.92327117919922,0.3134637475013733,0.49695003032684326,0.17757052183151245,-0.04496822878718376,0.5120253562927246
4654,35.92185974121094,0.3110477030277252,0.4989125430583954,0.17755120992660522,-0.026166237890720367,0.5362523794174194
4655,35.9296760559082,0.3101974129676819,0.4996125400066376,0.17754432559013367,-0.0034925539512187243,0.5273021459579468
4656,35.93540573120117,0.3138422966003418,0.4957375228404999,0.1774686574935913,-0.020648464560508728,0.5133255124092102
4657,35.92576599121094,0.31473594903945923,0.49486249685287476,0.17737749218940735,-0.007017729338258505,0.5102553963661194
4658,35.921207427978516,0.3076689839363098,0.4991375505924225,0.17736218869686127,-0.004635294433683157,0.5167835354804993
4659,35.92539596557617,0.30944669246673584,0.4996500611305237,0.17735598981380463,-0.023776059970259666,0.5502777099609375
4660,35.93184280395508,0.3117365837097168,0.5016750693321228,0.17738568782806396,-0.04319670423865318,0.5040795207023621
4661,35.92734909057617,0.3147825002670288,0.49951252341270447,0.17737704515457153,0.011233314871788025,0.5233356356620789
4662,35.92594909667969,0.3155515789985657,0.5002875328063965,0.17738214135169983,-0.02973717264831066,0.5262320637702942
4663,35.92620849609375,0.3135915994644165,0.49723750352859497,0.17733313143253326,-0.032580263912677765,0.5465191006660461
4664,35.92597961425781,0.3159754276275635,0.5016624927520752,0.1773626208305359,-0.014213715679943562,0.5317471623420715
4665,35.92166519165039,0.31548333168029785,0.500337541103363,0.17736861109733582,-0.023005744442343712,0.502869725227356
4666,35.924564361572266,0.3209173381328583,0.5037375688552856,0.17743489146232605,-0.019709233194589615,0.5117096900939941
4667,35.929378509521484,0.3112805485725403,0.5039874911308289,0.17750564217567444,-0.020610149949789047,0.5287848711013794
4668,35.92879104614258,0.3030742406845093,0.4963499903678894,0.1774408519268036,-0.008959371596574783,0.5157303810119629
4669,35.93262481689453,0.31542345881462097,0.497825026512146,0.17740225791931152,-0.02891966700553894,0.5197139382362366
4670,35.927677154541016,0.3068741261959076,0.5037250518798828,0.17746834456920624,-0.00751919811591506,0.5507766008377075
4671,35.929473876953125,0.3173528015613556,0.5029125213623047,0.1775200217962265,-0.010180773213505745,0.5305650234222412
4672,35.92576599121094,0.309977650642395,0.49892500042915344,0.17750093340873718,0.00879516638815403,0.5162626504898071
4673,35.9310417175293,0.31639721989631653,0.4939250349998474,0.1773931086063385,-0.018123654648661613,0.5192292332649231
4674,35.92463302612305,0.30832338333129883,0.5002750754356384,0.17739799618721008,-0.00030221560155041516,0.5319497585296631
4675,35.926856994628906,0.31806838512420654,0.5002999901771545,0.17740333080291748,-0.0343523807823658,0.5270140767097473
4676,35.92232131958008,0.30206960439682007,0.4993375241756439,0.17739158868789673,-0.02130023203790188,0.5212290287017822
4677,35.924991607666016,0.3109164535999298,0.49752500653266907,0.17734768986701965,-0.014704405330121517,0.5210983753204346
4678,35.92720031738281,0.3059517741203308,0.49775001406669617,0.17730778455734253,-0.026001472026109695,0.5307329893112183
4679,35.92637634277344,0.30557873845100403,0.49957504868507385,0.17730024456977844,-0.006411320995539427,0.5203798413276672
4680,35.92524719238281,0.30828535556793213,0.5032374858856201,0.17735764384269714,-0.044257353991270065,0.5291589498519897
4681,35.92428207397461,0.3127458095550537,0.5008125305175781,0.1773720681667328,-0.02895384654402733,0.5161766409873962
4682,35.934837341308594,0.30159419775009155,0.5003875494003296,0.17737893760204315,-0.009976038709282875,0.5269137620925903
4683,35.92734909057617,0.30224764347076416,0.49896255135536194,0.17736053466796875,-0.027787407860159874,0.53536057472229
4684,35.926185607910156,0.30262643098831177,0.5012500286102295,0.1773827075958252,-0.007180196698755026,0.536594033241272
4685,35.923126220703125,0.3069622218608856,0.49945002794265747,0.17737294733524323,-0.028556006029248238,0.5152579545974731
4686,35.925926208496094,0.2988130748271942,0.5002375245094299,0.1773771494626999,0.006482547149062157,0.5185073614120483
4687,35.92483901977539,0.3134213984012604,0.4999750256538391,0.17737670242786407,-0.03342832252383232,0.5343992710113525
4688,35.927207946777344,0.3062784969806671,0.49736252427101135,0.1773299127817154,-0.024953467771410942,0.5207415223121643
4689,35.92461013793945,0.3108726739883423,0.4989750385284424,0.1773117333650589,-0.02620711922645569,0.5205388069152832
4690,35.926475524902344,0.29858291149139404,0.50371253490448,0.17737755179405212,0.026612812653183937,0.5326782464981079
4691,35.92366409301758,0.30956313014030457,0.5036500096321106,0.1774422973394394,-0.0042160856537520885,0.5142515301704407
4692,35.92808532714844,0.30550330877304077,0.5014000535011292,0.17746713757514954,-0.026261966675519943,0.5174509882926941
4693,35.92637252807617,0.31180304288864136,0.5015125274658203,0.17749398946762085,-0.019714826717972755,0.5446245074272156
4694,35.92563247680664,0.2964848577976227,0.5027250051498413,0.17754235863685608,-0.014371385797858238,0.5119588971138
4695,35.924049377441406,0.30522632598876953,0.5019875168800354,0.1775776445865631,-0.023579392582178116,0.5359249114990234
4696,35.92292022705078,0.305843710899353,0.5001625418663025,0.17758052051067352,-0.012992802076041698,0.5247420072555542
4697,35.93031692504883,0.30493059754371643,0.4982375204563141,0.17754922807216644,0.0006107790977694094,0.5404762625694275
4698,35.92915344238281,0.30911028385162354,0.5027874708175659,0.1775987148284912,-0.004291866440325975,0.5270020961761475
4699,35.92524337768555,0.2971300482749939,0.5044125318527222,0.17767709493637085,-0.027324898168444633,0.5390684604644775
4700,35.925960540771484,0.2989417016506195,0.5019625425338745,0.17771196365356445,-0.028686292469501495,0.5026577711105347
4701,35.93209457397461,0.3015096187591553,0.49908751249313354,0.17769575119018555,-0.022270606830716133,0.5270453691482544
4702,35.926841735839844,0.29851093888282776,0.5004875659942627,0.17770440876483917,-0.009977634064853191,0.5201252698898315
4703,35.9223747253418,0.29798853397369385,0.49928751587867737,0.1776917576789856,-0.038287654519081116,0.5329036116600037
4704,35.92608642578125,0.3084395229816437,0.4997125566005707,0.1776866465806961,-0.0142526151612401,0.5313117504119873
4705,35.92984390258789,0.30640625953674316,0.4979749917984009,0.17765067517757416,-0.017910536378622055,0.5231140851974487
4706,35.92948913574219,0.3001301884651184,0.49717503786087036,0.17760048806667328,0.0021936874836683273,0.5250543355941772
4707,35.91871643066406,0.30597272515296936,0.5022375583648682,0.17764022946357727,-0.029425855726003647,0.5207959413528442
4708,35.92488479614258,0.30384519696235657,0.49858754873275757,0.17761513590812683,-0.022533703595399857,0.5400809645652771
4709,35.939083099365234,0.3089250922203064,0.5002500414848328,0.1776195764541626,-0.02050204947590828,0.5200022459030151
4710,35.92815017700195,0.29770106077194214,0.4988250434398651,0.1775987148284912,-0.022433971986174583,0.5357065200805664
4711,35.92061996459961,0.3099645674228668,0.4976625442504883,0.17755720019340515,-0.019638344645500183,0.5308213233947754
4712,35.9258918762207,0.29142701625823975,0.4995500445365906,0.17754921317100525,-0.02582251839339733,0.5234624743461609
4713,35.937416076660156,0.3147130012512207,0.4968000054359436,0.1774923950433731,-0.005689762532711029,0.5093734860420227
4714,35.926658630371094,0.30045127868652344,0.49918752908706665,0.17747797071933746,-0.009942085482180119,0.5082561373710632
4715,35.922637939453125,0.31029799580574036,0.5027875304222107,0.17752744257450104,-0.018228985369205475,0.5350574851036072
4716,35.92786407470703,0.3014388084411621,0.49858754873275757,0.1775023639202118,-0.04378229007124901,0.5032814741134644
4717,35.93208312988281,0.31063148379325867,0.49973753094673157,0.1774977147579193,-0.020679989829659462,0.5185886025428772
4718,35.926788330078125,0.3120953440666199,0.5009000301361084,0.17751368880271912,-0.021370576694607735,0.5278202295303345
4719,35.91596603393555,0.31485190987586975,0.5011625289916992,0.1775343269109726,-0.028827698901295662,0.51446533203125
4720,35.92436599731445,0.30388620495796204,0.503962516784668,0.17760467529296875,-0.03289379924535751,0.544323205947876
4721,35.93552780151367,0.3087577819824219,0.4989500343799591,0.17758601903915405,-0.043099936097860336,0.5148351192474365
4722,35.92565155029297,0.32404565811157227,0.4990125298500061,0.1775684803724289,-0.03661194443702698,0.5406469702720642
4723,35.91823959350586,0.30213022232055664,0.5006875395774841,0.17758069932460785,-0.027748998254537582,0.5270355939865112
4724,35.926658630371094,0.3125380575656891,0.5021499991416931,0.17761889100074768,-0.007411457598209381,0.5159008502960205
4725,35.93534851074219,0.308740496635437,0.4998500347137451,0.17761622369289398,-0.020067252218723297,0.5320345163345337
4726,35.93260192871094,0.32373905181884766,0.49902504682540894,0.17759890854358673,-0.012490146793425083,0.5195395350456238
4727,35.92678451538086,0.3103174865245819,0.5007875561714172,0.17761290073394775,-0.028170574456453323,0.5373214483261108
4728,35.92975997924805,0.3210251033306122,0.498012512922287,0.17757759988307953,-0.060017913579940796,0.5139104723930359
4729,35.92924499511719,0.3038044273853302,0.49852505326271057,0.17755140364170074,-0.009161191992461681,0.5239987373352051
4730,35.92660140991211,0.3282547891139984,0.49816253781318665,0.17751877009868622,-0.026043981313705444,0.5268118977546692
4731,35.9237174987793,0.3022415339946747,0.5000500082969666,0.17751966416835785,-0.00021203853248152882,0.5249305367469788
4732,35.918418884277344,0.3283749222755432,0.5049124956130981,0.17760686576366425,0.0052073341794312,0.5486107468605042
4733,35.92540740966797,0.300424724817276,0.4972500205039978,0.1775580197572708,-0.004306090530008078,0.5103057622909546
4734,35.92920684814453,0.333925724029541,0.5006375312805176,0.17756934463977814,-0.018641073256731033,0.5299172401428223
4735,35.92129898071289,0.29886144399642944,0.5008375644683838,0.1775842308998108,0.001877225935459137,0.543487548828125
4736,35.914424896240234,0.32385897636413574,0.5009125471115112,0.1776004433631897,-0.013453058898448944,0.5222604870796204
4737,35.92696762084961,0.30005359649658203,0.5030250549316406,0.1776541769504547,0.00371220288798213,0.5111966729164124
4738,35.928829193115234,0.3198908865451813,0.49695003032684326,0.17759999632835388,-0.00679370341822505,0.5235170722007751
4739,35.923004150390625,0.30440205335617065,0.4986000657081604,0.17757512629032135,0.001669198158197105,0.527548611164093
4740,35.92661666870117,0.31989768147468567,0.5030250549316406,0.17762884497642517,0.010665087029337883,0.5396775007247925
4741,35.93433380126953,0.3028065860271454,0.5044500231742859,0.17770789563655853,-0.0052801803685724735,0.5250158309936523
4742,35.933292388916016,0.30891406536102295,0.49573755264282227,0.1776321530342102,-0.018121544271707535,0.5053070187568665
4743,35.92717361450195,0.3089965581893921,0.4985875189304352,0.17760705947875977,-0.029800815507769585,0.5264161229133606
4744,35.92158889770508,0.3075322210788727,0.5049375295639038,0.17769475281238556,-0.02830592170357704,0.5392190217971802
4745,35.931617736816406,0.3099363148212433,0.5053125023841858,0.1777891367673874,0.005043238401412964,0.5195185542106628
4746,35.931968688964844,0.3195154666900635,0.4967249929904938,0.17773090302944183,0.0229648370295763,0.5357264280319214
4747,35.92177963256836,0.30507081747055054,0.5029625296592712,0.1777835488319397,0.0016806755447760224,0.5379966497421265
4748,35.92399215698242,0.3042122721672058,0.49951252341270447,0.17777487635612488,-0.03533027693629265,0.5403994917869568
4749,35.9278678894043,0.2989300787448883,0.501924991607666,0.17780910432338715,-0.015623789280653,0.5114549398422241
4750,35.92570877075195,0.3074972629547119,0.4979500472545624,0.177772656083107,-0.01042886171489954,0.5023728609085083
4751,35.9228630065918,0.2988409996032715,0.5020750164985657,0.17780955135822296,0.012091184966266155,0.5261156558990479
4752,35.93012619018555,0.30374157428741455,0.5035125017166138,0.17787200212478638,0.01752011850476265,0.5437719225883484
4753,35.931663513183594,0.29749995470046997,0.4985000193119049,0.1778453141450882,-0.013700081966817379,0.5125859975814819
4754,35.9304313659668,0.3020823895931244,0.49656251072883606,0.17778417468070984,-0.009098869748413563,0.5204848647117615
4755,35.922367095947266,0.2994192838668823,0.5004125237464905,0.1777915060520172,-0.015219463035464287,0.5287230610847473
4756,35.92532730102539,0.3016723394393921,0.5018750429153442,0.17782483994960785,0.010357950814068317,0.5428956151008606
4757,35.9247932434082,0.3027661144733429,0.4999375343322754,0.1778237223625183,-0.012464935891330242,0.537149965763092
4758,35.93222427368164,0.30484285950660706,0.49671250581741333,0.17776525020599365,-0.0397176630795002,0.49614638090133667
4759,35.923606872558594,0.3007637858390808,0.4965750277042389,0.1777043640613556,-0.03707490488886833,0.5281938314437866
4760,35.92720031738281,0.2939540445804596,0.5024125576019287,0.1777472347021103,-0.010437147691845894,0.5534125566482544
4761,35.92937469482422,0.2998656928539276,0.5008625388145447,0.17776258289813995,-0.022366685792803764,0.5359928011894226
4762,35.931365966796875,0.2954638600349426,0.49858754873275757,0.17773747444152832,-0.020697113126516342,0.506980836391449
4763,35.92693328857422,0.3075639009475708,0.4965500235557556,0.17767615616321564,-0.013186237774789333,0.5237575173377991
4764,35.92646789550781,0.3003709018230438,0.5033375024795532,0.17773546278476715,6.28051784588024e-05,0.5267526507377625
4765,35.930572509765625,0.30425718426704407,0.5039375424385071,0.17780543863773346,0.0011483851121738553,0.5373788475990295
4766,35.924625396728516,0.3110991418361664,0.4969625473022461,0.17775143682956696,0.00010990191367454827,0.5292893052101135
4767,35.92580795288086,0.29780298471450806,0.5000625252723694,0.1777525395154953,-0.01164457481354475,0.5352676510810852
4768,35.92073440551758,0.3044149577617645,0.4982375502586365,0.17772121727466583,-0.01586182415485382,0.5482821464538574
4769,35.93070983886719,0.3090391159057617,0.5001875162124634,0.17772454023361206,0.012403021566569805,0.5261020660400391
4770,35.927059173583984,0.30263444781303406,0.5012375116348267,0.17774653434753418,0.004302610643208027,0.5203712582588196
4771,35.91943359375,0.30239611864089966,0.4988875091075897,0.17772676050662994,-0.038694996386766434,0.5165877938270569
4772,35.92730712890625,0.2925921380519867,0.5026125311851501,0.17777320742607117,-0.0026804765220731497,0.5172465443611145
4773,35.928890228271484,0.29956352710723877,0.49998754262924194,0.17777298390865326,-0.026902083307504654,0.492183655500412
4774,35.92716598510742,0.2983897030353546,0.49881255626678467,0.17775188386440277,-0.019142739474773407,0.5162309408187866
4775,35.92599868774414,0.2992666959762573,0.4976625442504883,0.17771032452583313,-0.003570595057681203,0.5088302493095398
4776,35.93265914916992,0.300627738237381,0.5043500661849976,0.1777876317501068,-0.019579149782657623,0.5183289647102356
4777,35.93282699584961,0.2979924976825714,0.49963754415512085,0.17778119444847107,-0.026733653619885445,0.5385484099388123
4778,35.92676544189453,0.3057597875595093,0.5023500323295593,0.17782296240329742,-0.011710260063409805,0.5112650394439697
4779,35.92497253417969,0.3024403750896454,0.5045125484466553,0.1779031902551651,-0.004809034522622824,0.5413517951965332
4780,35.928592681884766,0.29951539635658264,0.5020999908447266,0.17794056236743927,-0.009303220547735691,0.5304527878761292
4781,35.93380355834961,0.3015591502189636,0.49630001187324524,0.17787471413612366,-0.017302745953202248,0.5239496827125549
4782,35.92323303222656,0.3038410246372223,0.49656254053115845,0.1778135746717453,-0.02212282456457615,0.5289930105209351
4783,35.91926193237305,0.2947407364845276,0.50142502784729,0.17783890664577484,-0.03590748831629753,0.512199878692627
4784,35.92471694946289,0.3072955310344696,0.5002750158309937,0.17784380912780762,-0.025556135922670364,0.5271508097648621
4785,35.92744445800781,0.30001214146614075,0.5041500329971313,0.17791761457920074,0.002666069194674492,0.5203181505203247
4786,35.92646789550781,0.3111351728439331,0.5010250210762024,0.17793585360050201,-0.00695901270955801,0.5234914422035217
4787,35.92212677001953,0.29242566227912903,0.5009875297546387,0.17795342206954956,0.0047212024219334126,0.5152521133422852
4788,35.932491302490234,0.3047265410423279,0.500462532043457,0.17796164751052856,-0.023098263889551163,0.5125900506973267
4789,35.9305419921875,0.30040550231933594,0.5015250444412231,0.17798878252506256,0.0019455903675407171,0.5282729864120483
4790,35.928924560546875,0.3054494559764862,0.5002375245094299,0.17799299955368042,-0.040379561483860016,0.5473321676254272
4791,35.929325103759766,0.2993045747280121,0.49595004320144653,0.17792090773582458,-0.032137323170900345,0.5280913710594177
4792,35.92858123779297,0.29878944158554077,0.49995002150535583,0.17792001366615295,-0.013049256056547165,0.5208770036697388
4793,35.92996597290039,0.2993757724761963,0.4992750585079193,0.17790712416172028,-0.018810437992215157,0.5368156433105469
4794,35.92393112182617,0.29859817028045654,0.5003875494003296,0.17791402339935303,-0.02624453976750374,0.51825350522995
4795,35.92836380004883,0.29845723509788513,0.5015375018119812,0.17794138193130493,-0.006403017323464155,0.5371593832969666
4796,35.93031311035156,0.28976941108703613,0.5004750490188599,0.17794983088970184,-0.014184788800776005,0.5095821022987366
4797,35.92811584472656,0.2985745668411255,0.49963754415512085,0.1779433786869049,0.003451340366154909,0.5023863911628723
4798,35.92732620239258,0.29530295729637146,0.5023750066757202,0.17798563838005066,-0.026452939957380295,0.5186944007873535
4799,35.92063522338867,0.2969283163547516,0.5011249780654907,0.1780056655406952,-0.005781929939985275,0.5418002009391785
4800,35.92991638183594,0.2962445020675659,0.5006750226020813,0.17801767587661743,-0.04810492694377899,0.524647057056427
4801,35.926368713378906,0.29980435967445374,0.4966125190258026,0.17795737087726593,0.0006822653231211007,0.5278473496437073
4802,35.92669677734375,0.29252517223358154,0.502512514591217,0.17800208926200867,-0.010816178284585476,0.538514256477356
4803,35.92758560180664,0.29726189374923706,0.5029625296592712,0.1780548244714737,0.0061175222508609295,0.5310958623886108
4804,35.92721939086914,0.2985760271549225,0.5022750496864319,0.17809532582759857,0.0015611343551427126,0.5355891585350037
4805,35.9288330078125,0.2985510528087616,0.49650004506111145,0.1780329942703247,-0.03245403617620468,0.5107088685035706
4806,35.928157806396484,0.2948378622531891,0.4956125020980835,0.17795488238334656,-0.022350560873746872,0.5429098010063171
4807,35.929134368896484,0.2949694097042084,0.5005375146865845,0.177964448928833,-0.0013681345153599977,0.5124755501747131
4808,35.92329025268555,0.3022860586643219,0.498725026845932,0.17794175446033478,-0.017928628250956535,0.5555437207221985
4809,35.930965423583984,0.2961289584636688,0.49557504057884216,0.1778630167245865,-0.014180643483996391,0.518852710723877
4810,35.9277229309082,0.29283222556114197,0.499812513589859,0.17785967886447906,-0.012240917421877384,0.5122938752174377
4811,35.92953872680664,0.2994506061077118,0.5006750226020813,0.1778716742992401,-0.02769513428211212,0.5068060159683228
4812,35.92774200439453,0.2957126796245575,0.5002999901771545,0.1778770238161087,0.006790982559323311,0.5417717695236206
4813,35.92545700073242,0.3041001856327057,0.5047875046730042,0.17796218395233154,-0.041298940777778625,0.5407257676124573
4814,35.92530059814453,0.2938954830169678,0.4981500506401062,0.17792925238609314,-0.028187870979309082,0.5266578197479248
4815,35.92715072631836,0.30046403408050537,0.49922502040863037,0.17791546881198883,0.007930051535367966,0.5381657481193542
4816,35.925201416015625,0.2961525022983551,0.49897506833076477,0.17789722979068756,-0.007474064826965332,0.5169999003410339
4817,35.9179801940918,0.2994745075702667,0.504562497138977,0.17797839641571045,-0.03950821980834007,0.5470194220542908
4818,35.93094253540039,0.29651278257369995,0.4989875257015228,0.1779603660106659,-0.0045538004487752914,0.5249248147010803
4819,35.929534912109375,0.299409419298172,0.5017625093460083,0.17799171805381775,0.007268274202942848,0.5240187644958496
4820,35.921390533447266,0.2948501408100128,0.4957250654697418,0.17791563272476196,-0.007163282483816147,0.5287589430809021
4821,35.922489166259766,0.30164435505867004,0.5018125176429749,0.17794786393642426,0.0030258933547884226,0.5371600985527039
4822,35.927249908447266,0.29571494460105896,0.501075029373169,0.17796699702739716,0.002820974448695779,0.5194264054298401
4823,35.92683792114258,0.29139918088912964,0.5007875561714172,0.17798101902008057,-0.026804836466908455,0.5220258235931396
4824,35.92766189575195,0.295961856842041,0.49980005621910095,0.17797747254371643,-0.01401628740131855,0.5289706587791443
4825,35.921791076660156,0.29849937558174133,0.4997250437736511,0.17797258496284485,0.018278008326888084,0.5275740027427673
4826,35.92397689819336,0.2932293713092804,0.49525001645088196,0.17788805067539215,0.005624440498650074,0.5061249732971191
4827,35.929161071777344,0.2925688922405243,0.5006625056266785,0.17789983749389648,-0.0106664365157485,0.5164774060249329
4828,35.92034912109375,0.292214959859848,0.49775001406669617,0.1778598129749298,-0.00021364451094996184,0.5213900208473206
4829,35.92384338378906,0.2912588119506836,0.4985625147819519,0.17783424258232117,-0.004706718493252993,0.5213689804077148
4830,35.92150115966797,0.2951427102088928,0.49665001034736633,0.17777466773986816,-0.02955099195241928,0.5034799575805664
4831,35.92538833618164,0.2921920716762543,0.5001749992370605,0.17777778208255768,-0.016296861693263054,0.5219549536705017
4832,35.92868423461914,0.29469311237335205,0.49771252274513245,0.17773711681365967,-0.012894120998680592,0.5233646631240845
4833,35.92642593383789,0.2942217290401459,0.497512549161911,0.17769290506839752,-0.03214671462774277,0.5056362152099609
4834,35.924156188964844,0.2941894829273224,0.497512549161911,0.17764870822429657,-0.0077656968496739864,0.5381455421447754
4835,35.92692565917969,0.29040706157684326,0.4942000210285187,0.1775456666946411,-0.004894897807389498,0.5270023345947266
4836,35.93270492553711,0.29752758145332336,0.5000125169754028,0.17754587531089783,-0.024010371416807175,0.5123871564865112
4837,35.92686462402344,0.2867891192436218,0.4957750141620636,0.177470862865448,-0.052323002368211746,0.5341678857803345
4838,35.92746353149414,0.29586973786354065,0.5024124979972839,0.17751368880271912,-0.024783993139863014,0.5178384780883789
4839,35.92871856689453,0.29412856698036194,0.4975000321865082,0.17746931314468384,-0.01889605075120926,0.524493932723999
4840,35.92826461791992,0.29593992233276367,0.4972750246524811,0.1774209439754486,-0.004078811965882778,0.5326769351959229
4841,35.92619323730469,0.2881941795349121,0.5002624988555908,0.1774255931377411,-0.0031799098942428827,0.5423139333724976
4842,35.92981719970703,0.29761356115341187,0.5037875771522522,0.17749278247356415,-0.02204560488462448,0.5218349695205688
4843,35.92989730834961,0.2918807864189148,0.5015125274658203,0.17751963436603546,0.013973484747111797,0.5351971387863159
4844,35.928009033203125,0.30044835805892944,0.4977875351905823,0.17748035490512848,-0.011377841234207153,0.5151195526123047
4845,35.92797088623047,0.29105985164642334,0.504550039768219,0.17756111919879913,0.002596126636490226,0.5388436913490295
4846,35.92930221557617,0.29838162660598755,0.5042750239372253,0.1776370257139206,-0.005466081202030182,0.5297510623931885
4847,35.926658630371094,0.29136350750923157,0.5000874996185303,0.17763857543468475,-0.008987024426460266,0.5184204578399658
4848,35.92263412475586,0.2977050840854645,0.5045999884605408,0.17772029340267181,-0.002619400154799223,0.5159444808959961
4849,35.925899505615234,0.29005876183509827,0.498412549495697,0.17769208550453186,-0.016087040305137634,0.520887553691864
4850,35.9262580871582,0.2936632037162781,0.49937501549720764,0.17768096923828125,0.003001915058121085,0.5146597623825073
4851,35.925689697265625,0.29416269063949585,0.5015750527381897,0.1777089536190033,-0.031769830733537674,0.5280646681785583
4852,35.925025939941406,0.2941858768463135,0.4993875324726105,0.1776980608701706,-0.017498303204774857,0.4983402490615845
4853,35.92449188232422,0.2872385084629059,0.5009750127792358,0.17771539092063904,-0.03313618525862694,0.5264975428581238
4854,35.9271240234375,0.298129677772522,0.5030624866485596,0.17776980996131897,-0.01716214045882225,0.5150117874145508
4855,35.925113677978516,0.2915550172328949,0.4991125166416168,0.17775402963161469,0.0024543011095374823,0.5250566601753235
4856,35.92266845703125,0.2940688729286194,0.5015375018119812,0.1777813583612442,-0.015369570814073086,0.5383908748626709
4857,35.92265701293945,0.289488822221756,0.50347501039505,0.1778431385755539,-0.02767563983798027,0.5272706151008606
4858,35.9233512878418,0.29171478748321533,0.4962874948978424,0.17777711153030396,-0.000517653941642493,0.526694118976593
4859,35.92544937133789,0.2950581908226013,0.5020125508308411,0.17781288921833038,0.00714512076228857,0.5130891799926758
4860,35.92911148071289,0.285362184047699,0.5002000331878662,0.1778164505958557,0.011154291220009327,0.5177351832389832
4861,35.93238830566406,0.29456576704978943,0.5015625357627869,0.17784424126148224,-0.01391530316323042,0.5478572249412537
4862,35.93071365356445,0.2890903651714325,0.5005125403404236,0.17785336077213287,-0.006620795466005802,0.5192031264305115
4863,35.9265022277832,0.29068970680236816,0.4987500309944153,0.17783112823963165,0.0025099441409111023,0.5266191363334656
4864,35.92145919799805,0.28794023394584656,0.49816253781318665,0.17779844999313354,-0.03680992126464844,0.5398173928260803
4865,35.93105697631836,0.29545286297798157,0.501075029373169,0.17781756818294525,0.0009712021565064788,0.5059495568275452
4866,35.926334381103516,0.294431209564209,0.5020000338554382,0.17785313725471497,-0.039563704282045364,0.5390585660934448
4867,35.91743087768555,0.29579243063926697,0.5049125552177429,0.1779405027627945,-0.01663975976407528,0.5386565923690796
4868,35.92166519165039,0.2935980260372162,0.5015875697135925,0.17796875536441803,-0.0084688076749444,0.5427132844924927
4869,35.92903518676758,0.29464030265808105,0.4973750114440918,0.17792204022407532,0.013633981347084045,0.5319613218307495
4870,35.925018310546875,0.2921901047229767,0.49127501249313354,0.1777667999267578,-0.011530120857059956,0.5582241415977478
4871,35.924598693847656,0.2939893901348114,0.4964125156402588,0.17770302295684814,-0.008261887356638908,0.5124617218971252
4872,35.9309196472168,0.29748111963272095,0.500950038433075,0.17771990597248077,-0.010395466350018978,0.5424227118492126
4873,35.93345642089844,0.2952820658683777,0.5006875395774841,0.17773212492465973,-0.010374363511800766,0.5173149108886719
4874,35.92847442626953,0.2922605276107788,0.49803751707077026,0.17769725620746613,-0.037513818591833115,0.5199633240699768
4875,35.92780303955078,0.2955041229724884,0.5021750330924988,0.17773590981960297,-0.022486526519060135,0.5211255550384521
4876,35.92903518676758,0.29207950830459595,0.4979250133037567,0.1776990294456482,0.007078832946717739,0.5195614695549011
4877,35.92766571044922,0.2935074269771576,0.49810004234313965,0.17766526341438293,5.547309046960436e-05,0.5107576847076416
4878,35.92525863647461,0.2961375415325165,0.502512514591217,0.1777099072933197,-0.029384583234786987,0.525219738483429
4879,35.9248161315918,0.2947240173816681,0.49666252732276917,0.1776506006717682,0.018888890743255615,0.5324409604072571
4880,35.927459716796875,0.2985561192035675,0.49931252002716064,0.17763839662075043,-0.013061312027275562,0.5280798673629761
4881,35.92426681518555,0.28933820128440857,0.49826252460479736,0.17760753631591797,-0.015487704426050186,0.5077432990074158
4882,35.92914962768555,0.29458221793174744,0.49695003032684326,0.17755337059497833,-0.020792432129383087,0.5328264236450195
4883,35.92704772949219,0.2998967170715332,0.5038625001907349,0.17762194573879242,-0.026122387498617172,0.5285587906837463
4884,35.933197021484375,0.29621028900146484,0.5017000436782837,0.17765213549137115,-0.0032134733628481627,0.5242079496383667
4885,35.93098449707031,0.2918314039707184,0.4976624846458435,0.1776106059551239,0.013289527967572212,0.5230861306190491
4886,35.92051315307617,0.2986331284046173,0.5012875199317932,0.17763347923755646,-0.0025756657123565674,0.5064328908920288
4887,35.9217643737793,0.2931096851825714,0.5025250315666199,0.17767833173274994,-0.011552499607205391,0.5517340898513794
4888,35.93259811401367,0.308697909116745,0.5024250149726868,0.17772141098976135,-0.0006584134534932673,0.5225908160209656
4889,35.92430114746094,0.29014891386032104,0.4986500144004822,0.17769742012023926,0.0017232380341738462,0.5295187830924988
4890,35.92452621459961,0.2984662353992462,0.5013625621795654,0.17772163450717926,-0.010569236241281033,0.49480822682380676
4891,35.92184066772461,0.288641095161438,0.5019250512123108,0.17775584757328033,0.009984087198972702,0.5165399312973022
4892,35.92741394042969,0.29694461822509766,0.499562531709671,0.17774806916713715,-0.009701361879706383,0.5543879270553589
4893,35.92755889892578,0.2905743420124054,0.5003625154495239,0.1777545064687729,-0.012451204471290112,0.517530620098114
4894,35.92354965209961,0.2897193431854248,0.5012125372886658,0.1777760535478592,-0.004137600772082806,0.5237552523612976
4895,35.923641204833984,0.28890857100486755,0.5003750324249268,0.17778272926807404,-0.002921829931437969,0.5405179262161255
4896,35.93269348144531,0.29791170358657837,0.5010875463485718,0.17780205607414246,-0.037344790995121,0.5378088355064392
4897,35.923831939697266,0.29404160380363464,0.5042375326156616,0.17787741124629974,-0.014590881764888763,0.5328794121742249
4898,35.92197036743164,0.29456666111946106,0.501912534236908,0.1779114305973053,-0.023957710713148117,0.5509114861488342
4899,35.92569351196289,0.28861233592033386,0.49701252579689026,0.17785827815532684,0.005924508906900883,0.5295870900154114
4900,35.92544174194336,0.29210981726646423,0.49738752841949463,0.17781181633472443,-0.018741898238658905,0.5065606236457825
4901,35.9305419921875,0.2881697416305542,0.49800002574920654,0.1777762621641159,-0.0007475528982467949,0.5320335626602173
4902,35.923709869384766,0.291268527507782,0.4992625415325165,0.17776314914226532,-0.000906966277398169,0.4973960816860199
4903,35.92421340942383,0.2879331111907959,0.49688753485679626,0.17770782113075256,-0.027159566059708595,0.5299662947654724
4904,35.93049240112305,0.2929898202419281,0.5003125071525574,0.17771336436271667,-0.033014703541994095,0.5294023752212524
4905,35.928043365478516,0.28726840019226074,0.5030750632286072,0.1777680218219757,0.005412623751908541,0.5412375330924988
4906,35.91979217529297,0.29035651683807373,0.49835002422332764,0.17773869633674622,-0.04187644273042679,0.5364366173744202
4907,35.9275016784668,0.28669503331184387,0.4997250437736511,0.17773380875587463,-0.01654708944261074,0.5421231985092163
4908,35.92525100708008,0.28433123230934143,0.5002875328063965,0.17773891985416412,-0.005292815156280994,0.4947535991668701
4909,35.93079376220703,0.2875925600528717,0.5020624995231628,0.177775576710701,-0.018876874819397926,0.530335009098053
4910,35.921844482421875,0.29093703627586365,0.4965500235557556,0.1777142435312271,-0.03831636160612106,0.5332254767417908
4911,35.92583465576172,0.2884064316749573,0.49883756041526794,0.17769359052181244,-0.00894224550575018,0.5201622247695923
4912,35.928009033203125,0.2894352972507477,0.50142502784729,0.1777189075946808,-0.014755193144083023,0.5063602924346924
4913,35.923160552978516,0.2942734658718109,0.5048125386238098,0.17780444025993347,0.006085153669118881,0.5058554410934448
4914,35.92616653442383,0.293253093957901,0.49535006284713745,0.17772176861763,-0.016103191301226616,0.5288249254226685
4915,35.927242279052734,0.2932884097099304,0.500825047492981,0.17773643136024475,-0.01764044165611267,0.5520763993263245
4916,35.926998138427734,0.28571292757987976,0.5007500052452087,0.17774975299835205,0.005886915605515242,0.5410043597221375
4917,35.92741012573242,0.2962649166584015,0.4987125098705292,0.1777268648147583,-0.011746487580239773,0.5320191383361816
4918,35.92826843261719,0.29196983575820923,0.5001375079154968,0.1777293086051941,-0.00592363765463233,0.5206985473632812
4919,35.92561721801758,0.2887451946735382,0.5002625584602356,0.17773397266864777,0.008061962202191353,0.5392375588417053
4920,35.93126678466797,0.29599863290786743,0.5020624995231628,0.17777062952518463,-0.03038124181330204,0.5507811903953552
4921,35.926475524902344,0.2923923432826996,0.497637540102005,0.17772862315177917,-0.0032497416250407696,0.5336549878120422
4922,35.92543411254883,0.28981277346611023,0.49796250462532043,0.17769241333007812,-0.011322871781885624,0.5383356809616089
4923,35.929962158203125,0.28673359751701355,0.5008125305175781,0.17770685255527496,0.007356908638030291,0.5384535193443298
4924,35.929195404052734,0.29081588983535767,0.498287558555603,0.17767642438411713,-0.027973150834441185,0.5116220712661743
4925,35.92938232421875,0.28863438963890076,0.4985499978065491,0.17765066027641296,-0.002345272107049823,0.5004538893699646
4926,35.92548370361328,0.2894047200679779,0.4993000030517578,0.1776382327079773,0.015034296549856663,0.5102307796478271
4927,35.92940902709961,0.28995269536972046,0.4992750585079193,0.1776253581047058,-0.0031957789324223995,0.5031020641326904
4928,35.92995834350586,0.2949727475643158,0.49953755736351013,0.177617147564888,-0.015383603051304817,0.5400347709655762
4929,35.92513656616211,0.2899283766746521,0.49746254086494446,0.1775720864534378,-0.015631290152668953,0.5279897451400757
4930,35.92266845703125,0.2897593379020691,0.495650053024292,0.1774948388338089,0.0019664065912365913,0.5181145071983337
4931,35.9221076965332,0.283450186252594,0.5001000761985779,0.17749661207199097,-0.019292378798127174,0.5268599390983582
4932,35.92958450317383,0.2920207679271698,0.4949375092983246,0.17740675806999207,-0.02349194698035717,0.5414275527000427
4933,35.926029205322266,0.28746315836906433,0.5006375312805176,0.1774180680513382,-0.011232035234570503,0.5348743200302124
4934,35.92466735839844,0.287810742855072,0.5012000203132629,0.1774393618106842,-0.02350601553916931,0.5041739344596863
4935,35.92282485961914,0.28262776136398315,0.499562531709671,0.1774315983057022,-0.029897401109337807,0.5184138417243958
4936,35.92866516113281,0.29087674617767334,0.49767500162124634,0.17739033699035645,-0.014351102523505688,0.5265610218048096
4937,35.929542541503906,0.2875782251358032,0.5022875666618347,0.1774309128522873,-0.022627051919698715,0.5394283533096313
4938,35.927513122558594,0.29092326760292053,0.49992501735687256,0.17742958664894104,-0.019990719854831696,0.5266656279563904
4939,35.926822662353516,0.29076048731803894,0.5034250020980835,0.17749035358428955,-0.02731601521372795,0.5169393420219421
4940,35.931907653808594,0.29670393466949463,0.49896252155303955,0.17747193574905396,0.008965703658759594,0.5381062030792236
4941,35.927398681640625,0.2884838283061981,0.4989125728607178,0.17745263874530792,-0.028289463371038437,0.5389657020568848
4942,35.928497314453125,0.28877338767051697,0.49941253662109375,0.17744220793247223,-0.012322751805186272,0.5149889588356018
4943,35.93169021606445,0.28772690892219543,0.49865004420280457,0.17741824686527252,0.011462308466434479,0.5475722551345825
4944,35.92863464355469,0.29710423946380615,0.49797505140304565,0.17738232016563416,-0.004976392257958651,0.5231577754020691
4945,35.92462921142578,0.29320260882377625,0.5012625455856323,0.1774047166109085,-0.0023100387770682573,0.525305449962616
4946,35.918357849121094,0.2897460162639618,0.501550018787384,0.17743220925331116,-0.02178729698061943,0.5238479971885681
4947,35.92710876464844,0.2893330752849579,0.5037875771522522,0.1774994134902954,-0.012687056325376034,0.5233397483825684
4948,35.91890335083008,0.29764625430107117,0.5022875070571899,0.17754001915454865,-0.017216438427567482,0.5268917083740234
4949,35.920982360839844,0.2823076844215393,0.4961000084877014,0.17747077345848083,-0.018250400200486183,0.5348129868507385
4950,35.921993255615234,0.2832741439342499,0.4986500144004822,0.17744681239128113,-0.036716118454933167,0.5166865587234497
4951,35.92305374145508,0.28673142194747925,0.5028500556945801,0.17749738693237305,-0.027993641793727875,0.5161938667297363
4952,35.92805099487305,0.2885458469390869,0.5006000399589539,0.17750802636146545,-0.018149448558688164,0.521897554397583
4953,35.92200469970703,0.2917938828468323,0.4999000132083893,0.1775062531232834,-0.020982651039958,0.5372002124786377
4954,35.92132568359375,0.2837892174720764,0.5032125115394592,0.17756327986717224,-0.009634113870561123,0.5314681529998779
4955,35.926292419433594,0.2882734537124634,0.49928754568099976,0.17755062878131866,-0.03188290074467659,0.5145017504692078
4956,35.92882537841797,0.2862471044063568,0.5004500150680542,0.17755863070487976,-0.022690584883093834,0.5325774550437927
4957,35.92718505859375,0.2877960801124573,0.4980374872684479,0.17752377688884735,-0.018162110820412636,0.49682843685150146
4958,35.92588424682617,0.28344154357910156,0.5024500489234924,0.177567258477211,-0.0009423952433280647,0.5276932120323181
4959,35.9276008605957,0.2879576086997986,0.5026500225067139,0.17761431634426117,-0.00820059236139059,0.525162398815155
4960,35.92799758911133,0.28580018877983093,0.5037500262260437,0.17768092453479767,-0.026477906852960587,0.5386654734611511
4961,35.932090759277344,0.2905596196651459,0.5014375448226929,0.17770646512508392,-0.03188222274184227,0.5297034382820129
4962,35.92692565917969,0.2850075960159302,0.4991125166416168,0.17769069969654083,0.001768611022271216,0.5393005013465881
4963,35.92977523803711,0.2856900691986084,0.5055750608444214,0.17778976261615753,-0.01898232474923134,0.5252995491027832
4964,35.92941665649414,0.28450310230255127,0.4993250072002411,0.17777776718139648,0.001215991098433733,0.5076109170913696
4965,35.928489685058594,0.28873059153556824,0.49988752603530884,0.1777757704257965,-0.015440748073160648,0.5343313217163086
4966,35.92601776123047,0.2871473431587219,0.4974500238895416,0.17773044109344482,-0.016006706282496452,0.5186281204223633
4967,35.92372512817383,0.285006582736969,0.49717503786087036,0.17768022418022156,-0.0016143594402819872,0.532419741153717
4968,35.92574691772461,0.28500354290008545,0.5004000067710876,0.17768734693527222,0.0009934860281646252,0.5197709202766418
4969,35.93111801147461,0.2934132218360901,0.5020875334739685,0.1777244359254837,-0.012170422822237015,0.5215218663215637
4970,35.92325973510742,0.2888595759868622,0.5018625259399414,0.17775753140449524,-0.017592642456293106,0.5263005495071411
4971,35.929805755615234,0.2818325459957123,0.4984000027179718,0.17772909998893738,-0.004275729414075613,0.5235053896903992
4972,35.926334381103516,0.28620854020118713,0.5,0.17772909998893738,8.939695544540882e-05,0.5391157269477844
4973,35.928924560546875,0.28565940260887146,0.4981750249862671,0.17769666016101837,-0.01196418609470129,0.523323118686676
4974,35.9327392578125,0.2918243706226349,0.5009625554084778,0.17771375179290771,-0.03639035299420357,0.5252134799957275
4975,35.92531204223633,0.28101882338523865,0.499875009059906,0.17771153151988983,-0.005314106121659279,0.5106384754180908
4976,35.929134368896484,0.2901325821876526,0.49800002574920654,0.1776759922504425,-0.0162630844861269,0.5100263953208923
4977,35.926082611083984,0.289519727230072,0.4990375339984894,0.17765888571739197,-0.033730827271938324,0.5152795910835266
4978,35.92384338378906,0.29448166489601135,0.5022125244140625,0.17769819498062134,-0.0004132669128011912,0.5497603416442871
4979,35.92318344116211,0.2850680649280548,0.4994875490665436,0.1776890903711319,-0.004660290200263262,0.5337470173835754
4980,35.92432403564453,0.2900083363056183,0.49775001406669617,0.1776491105556488,-0.02901986986398697,0.5199933648109436
4981,35.93027877807617,0.28756603598594666,0.502875030040741,0.1777001917362213,-0.0022810937371104956,0.52976393699646
4982,35.92721939086914,0.29421746730804443,0.5018125176429749,0.17773239314556122,-0.02564247138798237,0.5349404215812683
4983,35.92637252807617,0.28825342655181885,0.4965250492095947,0.17767062783241272,-0.016612879931926727,0.5058666467666626
4984,35.92860412597656,0.28654977679252625,0.4999375343322754,0.17766951024532318,-0.03213813155889511,0.5156621932983398
4985,35.925331115722656,0.28671154379844666,0.5030375123023987,0.1777234822511673,0.004076255951076746,0.5295227766036987
4986,35.926727294921875,0.2846512496471405,0.4993624985218048,0.17771214246749878,-0.012171396985650063,0.519553542137146
4987,35.92741775512695,0.28629201650619507,0.5018250346183777,0.17774458229541779,-0.02863098680973053,0.5268146395683289
4988,35.93002700805664,0.28818589448928833,0.5017125010490417,0.17777502536773682,-0.00906357355415821,0.5125048756599426
4989,35.9281120300293,0.2910023629665375,0.49959999322891235,0.17776791751384735,-0.00418758625164628,0.5299468040466309
4990,35.921993255615234,0.28695136308670044,0.4971875250339508,0.1777179092168808,-0.021155456081032753,0.5135027170181274
4991,35.92923355102539,0.28762802481651306,0.5042500495910645,0.1777934432029724,-0.028379004448652267,0.5421496629714966
4992,35.93202209472656,0.2908492684364319,0.4974375367164612,0.17774789035320282,-0.01743650808930397,0.5254233479499817
4993,35.923404693603516,0.29677048325538635,0.49976253509521484,0.17774367332458496,0.02368306927382946,0.5155928134918213
4994,35.92164611816406,0.29136309027671814,0.4997750520706177,0.177739679813385,-0.0012880058493465185,0.5304284691810608
4995,35.9293098449707,0.2886431813240051,0.5003499984741211,0.17774590849876404,-0.015604764223098755,0.5237736105918884
4996,35.93062210083008,0.2949092388153076,0.49912503361701965,0.17773035168647766,0.003721380839124322,0.5253901481628418
4997,35.924957275390625,0.2976948320865631,0.4996125102043152,0.1777234673500061,-0.02937973476946354,0.5133152008056641
4998,35.92216110229492,0.28443479537963867,0.5042250156402588,0.1777985543012619,-0.007520813494920731,0.5321874022483826
4999,35.92986297607422,0.29126429557800293,0.5040625333786011,0.17787078022956848,0.00887975562363863,0.5300182104110718
