step,energy,std,acceptance_rate,step_size,cm_mean,cm_std
0,71.71012115478516,99.16622924804688,0.9793501496315002,0.3143805265426636,-0.025144385173916817,1.407123327255249
1,71.75614929199219,99.01596069335938,0.9853375554084778,0.32963860034942627,-0.029301799833774567,1.3710615634918213
2,72.20489501953125,99.3993911743164,0.9887126088142395,0.3457484543323517,-0.01783265918493271,1.444989562034607
3,71.57056427001953,98.66476440429688,0.9877250790596008,0.36261144280433655,0.008402429521083832,1.5393388271331787
4,71.96306610107422,98.9651107788086,0.9862375855445862,0.3802430033683777,0.0313151590526104,1.6096957921981812
5,72.08208465576172,99.3583755493164,0.9854750633239746,0.39870285987854004,0.002768409438431263,1.6254339218139648
6,71.92091369628906,98.99752044677734,0.9842125773429871,0.41800856590270996,-0.03182952105998993,1.7976411581039429
7,71.31426239013672,98.08236694335938,0.9789000749588013,0.43802696466445923,0.05654841288924217,1.8995153903961182
8,72.24085998535156,99.12325286865234,0.9715625643730164,0.458682656288147,0.038713760673999786,1.8811883926391602
9,71.84187316894531,98.38346099853516,0.9639875888824463,0.4799649715423584,0.015147547237575054,2.002044439315796
10,71.30523681640625,97.78826904296875,0.9558375477790833,0.5018435716629028,-0.061603646725416183,2.0940802097320557
11,71.77603912353516,99.3872299194336,0.9455625414848328,0.5242038369178772,0.011008200235664845,2.172053337097168
12,71.1867446899414,97.08198547363281,0.9328750371932983,0.5468953251838684,-0.020111752673983574,2.1705965995788574
13,72.7642593383789,100.54867553710938,0.9215750098228455,0.569951057434082,0.022655360400676727,2.325451612472534
14,72.13780212402344,98.1448745727539,0.9120000600814819,0.5934330821037292,-0.15554910898208618,2.3082115650177
15,71.5587158203125,97.74571990966797,0.8976500630378723,0.6170309782028198,-0.046968601644039154,2.4848403930664062
16,71.5172348022461,96.99256134033203,0.8854000568389893,0.6408113837242126,0.0016279183328151703,2.505107879638672
17,71.41871643066406,98.31755828857422,0.8725749850273132,0.6646864414215088,0.08746291697025299,2.5866098403930664
18,72.21353149414062,100.16482543945312,0.8578875660896301,0.6884747743606567,0.04983435198664665,2.712405204772949
19,71.43689727783203,97.2286605834961,0.8408125638961792,0.7119388580322266,-0.0008992500952444971,2.7518763542175293
20,71.33232116699219,96.36249542236328,0.8238874673843384,0.7349976301193237,-0.0028987275436520576,2.817915439605713
21,71.57291412353516,97.66487121582031,0.8041625022888184,0.7573534846305847,-0.04268806055188179,2.9160640239715576
22,71.5047378540039,98.40966796875,0.7866125702857971,0.7790601849555969,-0.025687554851174355,2.8750195503234863
23,71.95303344726562,98.543212890625,0.7646500468254089,0.7996780872344971,0.03918550908565521,2.8971080780029297
24,70.15887451171875,94.51937103271484,0.7405500411987305,0.8189143538475037,-0.007580242585390806,3.037080764770508
25,69.8556137084961,92.1279067993164,0.7190375328063965,0.8368516564369202,-0.08186212182044983,2.963529348373413
26,70.6010971069336,96.06422424316406,0.6953249573707581,0.8531973958015442,-0.07333339750766754,2.926872968673706
27,70.06393432617188,92.85433197021484,0.6669500470161438,0.8674415349960327,-0.0756351500749588,2.786818027496338
28,70.34110260009766,95.91764831542969,0.6457750797271729,0.8800866603851318,-0.005495254881680012,2.9404520988464355
29,70.1942367553711,94.50560760498047,0.6189875602722168,0.8905586004257202,-0.13654710352420807,2.9000611305236816
30,70.2482681274414,95.56204986572266,0.5943875312805176,0.8989643454551697,-0.03204154223203659,2.8051986694335938
31,70.53878784179688,96.01957702636719,0.5694000124931335,0.9052031636238098,0.011633980087935925,2.739556074142456
32,70.0567626953125,92.66597747802734,0.5463250279426575,0.9093964695930481,0.1398129016160965,2.927250385284424
33,69.93656921386719,94.1900634765625,0.5220500826835632,0.9114016890525818,-0.18307243287563324,2.700258255004883
34,68.59860229492188,89.37838745117188,0.5061875581741333,0.911965548992157,-0.13601094484329224,2.5878074169158936
35,69.25694274902344,91.30340576171875,0.4829375147819519,0.9104095101356506,-0.13273614645004272,2.4844870567321777
36,69.33784484863281,91.66607666015625,0.4690750241279602,0.9075940251350403,-0.06142843887209892,2.5086829662323
37,69.40606689453125,91.68132781982422,0.4441375434398651,0.902523934841156,0.09641390293836594,2.3433539867401123
38,70.39582061767578,91.99986267089844,0.4327374994754791,0.896453320980072,0.012128332629799843,2.3365561962127686
39,69.27396392822266,90.3114242553711,0.4148750305175781,0.8888222575187683,-0.026423102244734764,2.2524094581604004
40,68.72285461425781,87.73514556884766,0.4087750315666199,0.8807139992713928,-0.026966359466314316,2.0886998176574707
41,66.51062774658203,83.48526763916016,0.39660003781318665,0.8716074228286743,-0.09675388038158417,2.106241226196289
42,67.82783508300781,88.80801391601562,0.3833625018596649,0.8614412546157837,0.006426556967198849,2.012906074523926
43,67.2162094116211,86.30131530761719,0.3722500205039978,0.8504363298416138,-0.02119721658527851,1.9387941360473633
44,69.4219970703125,90.89495086669922,0.3728625476360321,0.8396241068840027,-0.005962932948023081,1.9959501028060913
45,67.79695892333984,86.90423583984375,0.3634375035762787,0.8281579613685608,0.0565871000289917,1.7601677179336548
46,69.83366394042969,92.38069152832031,0.3552125096321106,0.8161672949790955,0.024568872526288033,1.7765164375305176
47,67.09397888183594,85.75102996826172,0.35366252064704895,0.8042237162590027,0.04986049607396126,1.6864413022994995
48,67.2293930053711,84.19900512695312,0.35711249709129333,0.7927323579788208,0.026127709075808525,1.5729615688323975
49,66.88534545898438,84.03333282470703,0.35500001907348633,0.7812377214431763,0.07006163150072098,1.6000235080718994
50,66.67984771728516,82.40977478027344,0.35901254415512085,0.7702232599258423,0.011483984999358654,1.4945429563522339
51,66.71392059326172,84.28926086425781,0.35840001702308655,0.7593169212341309,0.04378799721598625,1.5546438694000244
52,66.45979309082031,83.49748229980469,0.3599250316619873,0.7486807703971863,0.002935563214123249,1.4417550563812256
53,65.44066619873047,81.9011001586914,0.36615005135536194,0.738659679889679,-0.04429115355014801,1.5115240812301636
54,65.87349700927734,81.20679473876953,0.3661624789237976,0.7287736535072327,-0.029288524761795998,1.4434164762496948
55,66.94694519042969,83.72101593017578,0.37006253004074097,0.7193041443824768,-0.0330813005566597,1.4376710653305054
56,66.61956787109375,83.69970703125,0.3752000331878662,0.7103272080421448,-0.0225199107080698,1.4004547595977783
57,67.23548126220703,85.8555679321289,0.37652504444122314,0.7015564441680908,-0.04526319354772568,1.4059960842132568
58,65.39383697509766,80.98701477050781,0.38062500953674316,0.6931816339492798,-0.03528205305337906,1.3667417764663696
59,65.54300689697266,82.24009704589844,0.3783000111579895,0.6847456097602844,-0.05336787924170494,1.363787293434143
60,64.76943969726562,79.58097076416016,0.3788500130176544,0.6764498949050903,-8.976746175903827e-05,1.3042287826538086
61,65.90387725830078,80.77139282226562,0.38095003366470337,0.6683967709541321,-0.01874002441763878,1.3143882751464844
62,66.01411437988281,82.7613754272461,0.38327503204345703,0.6605949401855469,-0.019891757518053055,1.2787995338439941
63,66.06348419189453,84.46682739257812,0.386462539434433,0.6530947089195251,0.003821255872026086,1.2648333311080933
64,65.61157989501953,80.46363830566406,0.38862502574920654,0.6458208560943604,0.00311824819073081,1.2464568614959717
65,64.97074890136719,80.44514465332031,0.3891125023365021,0.6386595368385315,-0.1220424547791481,1.2334866523742676
66,65.0730972290039,80.42835998535156,0.38690000772476196,0.631436288356781,-0.031543172895908356,1.1590601205825806
67,66.07164001464844,82.44186401367188,0.3895000219345093,0.624458909034729,0.02372819557785988,1.218345046043396
68,64.22136688232422,79.57613372802734,0.39223751425743103,0.6177296042442322,0.023351645097136497,1.1720350980758667
69,65.31653594970703,81.97584533691406,0.3964250087738037,0.6113314628601074,0.01118581835180521,1.217588186264038
70,65.97651672363281,82.92586517333984,0.3989125192165375,0.6051516532897949,0.005920782685279846,1.1692705154418945
71,64.6875,79.05399322509766,0.39708754420280457,0.598923921585083,0.010712048038840294,1.0742602348327637
72,65.5045394897461,82.13133239746094,0.40450000762939453,0.5932042002677917,0.0700230598449707,1.172926425933838
73,64.06620025634766,78.3160171508789,0.4084874987602234,0.5877756476402283,-0.011425691656768322,1.1433515548706055
74,65.10536193847656,81.07564544677734,0.40626251697540283,0.5822659730911255,0.01859506033360958,1.0995726585388184
75,66.24313354492188,84.74564361572266,0.40758755803108215,0.5768851041793823,-0.06106255576014519,1.133685827255249
76,65.32991790771484,81.86697387695312,0.4212999939918518,0.5723450183868408,0.060482896864414215,1.1227190494537354
77,64.57781219482422,79.67640686035156,0.42270001769065857,0.5679208040237427,0.027857966721057892,1.1127995252609253
78,65.3035888671875,82.56924438476562,0.4203750193119049,0.5633987188339233,-0.07628440111875534,1.0925650596618652
79,64.33275604248047,80.96965789794922,0.4235125184059143,0.5590894222259521,0.07773040980100632,1.0861451625823975
80,63.89277648925781,77.57308197021484,0.4259500205516815,0.5549494028091431,0.03524058312177658,1.0925558805465698
81,63.5489387512207,78.46356964111328,0.43108755350112915,0.5511251091957092,-0.04320157691836357,1.0445228815078735
82,62.955440521240234,75.74413299560547,0.43320003151893616,0.5474435687065125,-0.07098650187253952,1.1036142110824585
83,63.46809005737305,78.7772445678711,0.4335000216960907,0.5438030958175659,0.020198052749037743,1.078859567642212
84,64.00643157958984,79.12764739990234,0.437125027179718,0.5403839349746704,0.014471681788563728,1.1156165599822998
85,63.697601318359375,79.90576934814453,0.4365125000476837,0.5369532108306885,0.012376087717711926,1.1099764108657837
86,64.1825180053711,81.13582611083984,0.4386500418186188,0.5336589813232422,0.06314364820718765,1.0549728870391846
87,62.22818374633789,75.8716812133789,0.43745002150535583,0.530320942401886,-0.019388271495699883,1.0372917652130127
88,64.04212951660156,80.066162109375,0.43800002336502075,0.5270329713821411,-0.030262762680649757,1.0777596235275269
89,62.62430953979492,77.98157501220703,0.43396249413490295,0.5235525369644165,-0.01921318843960762,1.0198417901992798
90,62.152557373046875,75.49156188964844,0.4349750280380249,0.5201481580734253,-0.0364338681101799,1.049708604812622
91,61.966209411621094,75.32051086425781,0.4375000298023224,0.5168972015380859,-0.015991484746336937,1.0569242238998413
92,62.9480094909668,78.52094268798828,0.43191254138946533,0.5133777856826782,0.031249675899744034,1.031605839729309
93,62.02444839477539,76.53963470458984,0.4310000240802765,0.5098354816436768,0.007905792444944382,1.0040931701660156
94,64.35160064697266,83.93212127685547,0.43332502245903015,0.5064361691474915,0.11471924185752869,1.0384553670883179
95,61.92707443237305,75.56766510009766,0.4325375258922577,0.5030196309089661,0.020124303176999092,1.0913718938827515
96,62.2546272277832,78.71147155761719,0.43201252818107605,0.49959972500801086,-0.012310693971812725,1.0448651313781738
97,62.503700256347656,80.04558563232422,0.42247503995895386,0.4957265853881836,-0.04847729951143265,1.0049259662628174
98,62.068233489990234,77.7137451171875,0.4307125210762024,0.4922918379306793,0.030312562361359596,0.9773390889167786
99,62.13591766357422,80.00455474853516,0.43133750557899475,0.48891162872314453,-0.013134080916643143,1.0397026538848877
100,61.9193000793457,78.68294525146484,0.43127501010894775,0.4855515956878662,-0.020912472158670425,1.0140620470046997
101,60.84048843383789,75.98530578613281,0.43328753113746643,0.4823123514652252,-0.03644823282957077,1.02561616897583
102,61.82704162597656,79.68830108642578,0.43398749828338623,0.47912847995758057,0.03378230333328247,1.009915828704834
103,61.09355163574219,78.58314514160156,0.43342500925064087,0.47593867778778076,0.00466637359932065,1.061006784439087
104,60.84400939941406,76.50360107421875,0.4300125241279602,0.47260770201683044,-0.023247359320521355,1.0681744813919067
105,62.19803237915039,80.74097442626953,0.43432503938674927,0.46950384974479675,-0.07414185255765915,1.0245757102966309
106,62.463050842285156,83.02836608886719,0.4288249909877777,0.46616214513778687,-0.014076710678637028,1.030744194984436
107,60.820648193359375,78.86206817626953,0.42938753962516785,0.46287044882774353,-0.020084751769900322,1.0169485807418823
108,60.96588897705078,79.6423568725586,0.42791256308555603,0.4595337212085724,0.0462309755384922,0.9997454881668091
109,60.85809326171875,77.82186889648438,0.4270625114440918,0.45618200302124023,0.013033553957939148,0.9931967854499817
110,60.818275451660156,78.19730377197266,0.4234375059604645,0.45268934965133667,-0.01495208777487278,1.061561107635498
111,61.31623077392578,80.93971252441406,0.4184625446796417,0.44899824261665344,-0.05903937667608261,1.0257301330566406
112,60.377559661865234,76.78101348876953,0.4163624942302704,0.4452429413795471,0.013279980979859829,1.0001320838928223
113,60.5561637878418,78.21728515625,0.4113750159740448,0.4412969648838043,-0.036749985069036484,1.022301197052002
114,59.694522857666016,75.58721160888672,0.4142500162124634,0.4375128448009491,0.01500776782631874,1.01262629032135
115,59.993995666503906,77.84605407714844,0.413875013589859,0.43374475836753845,0.004523168783634901,0.9762158393859863
116,59.82223129272461,78.44082641601562,0.4065000116825104,0.4296892583370209,-0.0540539026260376,0.9851689338684082
117,59.7454833984375,77.27774047851562,0.4082375168800354,0.4257463216781616,0.05296944081783295,0.9461727738380432
118,59.484214782714844,77.02896118164062,0.40957504510879517,0.4218965172767639,0.043546710163354874,0.9781488180160522
119,59.243682861328125,76.06365203857422,0.4059250056743622,0.41792750358581543,-0.02583492547273636,0.9657564163208008
120,60.048805236816406,79.89143371582031,0.40621253848075867,0.41400787234306335,0.03405711427330971,0.9282474517822266
121,59.57600402832031,76.85124206542969,0.41173750162124634,0.41035372018814087,-0.004541654605418444,0.9369980692863464
122,60.88047409057617,82.90237426757812,0.40882501006126404,0.4066123366355896,-0.031185872852802277,0.9689103364944458
123,60.150352478027344,79.7820053100586,0.4146000146865845,0.4031398892402649,0.007419914472848177,0.9572997093200684
124,61.655426025390625,86.4917221069336,0.4107375144958496,0.39954134821891785,-0.009845096617937088,0.9797244071960449
125,60.3280143737793,81.98835754394531,0.4125000238418579,0.39604535698890686,0.001624115975573659,0.9559558629989624
126,59.17543029785156,78.19225311279297,0.4108625054359436,0.39251509308815,0.029620829969644547,0.8884406685829163
127,58.958091735839844,77.61026763916016,0.41353756189346313,0.38912132382392883,0.026585953310132027,0.9389340281486511
128,58.920494079589844,77.95639038085938,0.41091248393058777,0.3856547474861145,0.001832702779211104,0.9494307041168213
129,58.84716796875,76.87428283691406,0.4090625047683716,0.3821476995944977,-0.023269478231668472,0.9089035391807556
130,59.2675895690918,78.62853240966797,0.41328752040863037,0.3788340091705322,-0.012576064094901085,0.9217424392700195
131,59.77984619140625,80.97734069824219,0.4133625030517578,0.37555187940597534,0.02197125367820263,0.8840540647506714
132,58.681453704833984,76.09876251220703,0.41370004415512085,0.3723108768463135,0.013486657291650772,0.8874732851982117
133,60.40154266357422,82.42164611816406,0.41225001215934753,0.36904385685920715,-0.008254929445683956,0.8786606192588806
134,59.12534713745117,77.14875793457031,0.42225003242492676,0.3661745488643646,0.023619912564754486,0.8877660632133484
135,58.20552444458008,75.94180297851562,0.4158875346183777,0.3630945682525635,0.016123278066515923,0.8894802331924438
136,59.370033264160156,79.77626037597656,0.4192500114440918,0.3601625859737396,-0.03273212909698486,0.862070620059967
137,59.3241081237793,78.65303802490234,0.4153500199317932,0.3571138083934784,-0.035356197506189346,0.8487405776977539
138,58.47038269042969,76.99089813232422,0.421437531709671,0.35430824756622314,-0.0005299720796756446,0.8953244686126709
139,59.1416015625,79.28907775878906,0.4180750250816345,0.3514055907726288,-0.011768522672355175,0.8498737812042236
140,58.846160888671875,80.28884887695312,0.42378753423690796,0.34872743487358093,0.009574989788234234,0.8438887000083923
141,58.12421798706055,78.08609008789062,0.41773751378059387,0.34585869312286377,0.02866463176906109,0.8727225661277771
142,59.76019287109375,83.0897216796875,0.4166375398635864,0.34297552704811096,-0.01151422131806612,0.8678388595581055
143,61.02301025390625,86.24799346923828,0.4160125255584717,0.3400949537754059,0.012020714581012726,0.870697557926178
144,59.65591049194336,84.14285278320312,0.4224500358104706,0.337457537651062,-0.056170135736465454,0.836887538433075
145,57.8314208984375,77.67896270751953,0.42137500643730164,0.3348042666912079,-0.015498846769332886,0.8671894669532776
146,57.792198181152344,77.74421691894531,0.42170000076293945,0.33218273520469666,0.03882814943790436,0.8526423573493958
147,57.72959899902344,77.97834014892578,0.42423751950263977,0.32966604828834534,-0.015522879548370838,0.8327961564064026
148,57.97179412841797,80.4033203125,0.4282374978065491,0.3273002803325653,-0.0028548813425004482,0.8344758152961731
149,57.940853118896484,78.55885314941406,0.42477497458457947,0.32483816146850586,0.018671948462724686,0.8218422532081604
150,59.195682525634766,82.24340057373047,0.4331125020980835,0.32266539335250854,-0.0250020083039999,0.8296988606452942
151,59.6132926940918,83.3607177734375,0.43381252884864807,0.3205297589302063,0.01688857562839985,0.8175044059753418
152,57.542022705078125,78.51264190673828,0.43105000257492065,0.318319708108902,0.010227319784462452,0.828765869140625
153,59.100563049316406,81.48511505126953,0.4333125352859497,0.31619691848754883,-0.01065549161285162,0.8391835689544678
154,59.17070388793945,84.22444152832031,0.4368250370025635,0.3141993582248688,-0.009036867879331112,0.8260493278503418
155,58.69651794433594,81.7232666015625,0.443012535572052,0.31240880489349365,-0.0004980316152796149,0.807745099067688
156,59.209266662597656,84.52385711669922,0.4415625333786011,0.3105831742286682,0.02326083369553089,0.7871719002723694
157,59.40379333496094,83.22075653076172,0.4463375210762024,0.30891650915145874,-0.0045276302844285965,0.8087203502655029
158,58.472171783447266,79.96022033691406,0.45545002818107605,0.30754029750823975,0.013459681533277035,0.8180856704711914
159,58.701683044433594,82.56954193115234,0.4549000561237335,0.3061532974243164,-0.03801144286990166,0.7831171751022339
160,58.71363067626953,80.99441528320312,0.4589500427246094,0.3048965334892273,0.003359729889780283,0.8067131638526917
161,58.904117584228516,81.95896911621094,0.45942503213882446,0.3036594092845917,0.014888639561831951,0.7968222498893738
162,59.28226852416992,83.43524169921875,0.46268752217292786,0.3025263845920563,0.0014174538664519787,0.793798565864563
163,58.955474853515625,81.9647445678711,0.46713754534721375,0.30153220891952515,0.043600115925073624,0.836883008480072
164,58.75336837768555,80.92267608642578,0.46301254630088806,0.3004169166088104,-0.00172794156242162,0.8081088066101074
165,57.20195770263672,78.19074249267578,0.4687875211238861,0.29947924613952637,-0.012042596936225891,0.8066930770874023
166,58.18204879760742,79.5028305053711,0.4777125120162964,0.29881179332733154,0.02758800983428955,0.8222611546516418
167,59.153526306152344,83.4603500366211,0.46697503328323364,0.2978249490261078,-0.01591568998992443,0.8120947480201721
168,58.633575439453125,81.57179260253906,0.4666000306606293,0.2968302071094513,-0.03794899210333824,0.7817057967185974
169,58.363582611083984,81.03751373291016,0.47437500953674316,0.29606956243515015,-0.007441599387675524,0.8077219128608704
170,58.81508255004883,82.72888946533203,0.4700750410556793,0.29518356919288635,7.967663259478286e-05,0.7586143612861633
171,57.48188400268555,78.98286437988281,0.4651750326156616,0.2941555976867676,0.00935712456703186,0.782875120639801
172,58.43852996826172,81.69235229492188,0.4749375283718109,0.29341837763786316,-0.05248468369245529,0.8076315522193909
173,58.45272445678711,82.07548522949219,0.4706750214099884,0.2925579249858856,0.008934748359024525,0.792843759059906
174,59.065513610839844,83.39849853515625,0.47175002098083496,0.29173144698143005,0.028739353641867638,0.8111552000045776
175,58.66043472290039,83.02764892578125,0.47257503867149353,0.29093137383461,-0.011528147384524345,0.7694296836853027
176,57.55436706542969,79.49227905273438,0.4765374958515167,0.2902487814426422,-0.033792685717344284,0.7941078543663025
177,58.60017395019531,82.29450225830078,0.4748750329017639,0.2895195186138153,0.007790933363139629,0.7871347665786743
178,58.04574966430664,82.36272430419922,0.4759000539779663,0.2888217866420746,-0.0023237857967615128,0.7938613891601562
179,58.61830139160156,83.02206420898438,0.4765625298023224,0.2881448566913605,-0.009726856835186481,0.8157774806022644
180,57.506710052490234,78.59477996826172,0.4778500199317932,0.2875066101551056,-0.03387771174311638,0.781749427318573
181,57.166622161865234,79.3031005859375,0.4800625145435333,0.28693339228630066,-0.0412258617579937,0.8073722720146179
182,57.47254943847656,80.91188049316406,0.4800500273704529,0.2863609790802002,-0.022795047610998154,0.7791712284088135
183,57.20481872558594,79.36762237548828,0.4778750240802765,0.2857274115085602,0.0044423905201256275,0.7547826170921326
184,57.766029357910156,81.84610748291016,0.4749875068664551,0.28501272201538086,0.00853545218706131,0.7626640200614929
185,57.804561614990234,82.13688659667969,0.47218751907348633,0.28422001004219055,-0.0027213573921471834,0.8319834470748901
186,58.300601959228516,82.80809783935547,0.47955000400543213,0.28363877534866333,-0.03895428031682968,0.7813628315925598
187,57.31195068359375,78.71278381347656,0.47665002942085266,0.2829764783382416,-0.012277420610189438,0.7903885245323181
188,58.26172637939453,83.13678741455078,0.47646254301071167,0.282310426235199,-0.062361884862184525,0.7607343792915344
189,58.37558364868164,83.0581283569336,0.4729250371456146,0.28154608607292175,0.016521647572517395,0.7785823941230774
190,58.002418518066406,81.86425018310547,0.4758000075817108,0.28086474537849426,0.0013657303061336279,0.789065420627594
191,58.167518615722656,82.60554504394531,0.47565001249313354,0.28018084168434143,-0.04364834725856781,0.8157251477241516
192,57.92158508300781,80.78609466552734,0.4751124978065491,0.2794835567474365,-0.017153294757008553,0.7791308164596558
193,58.44050216674805,82.47721099853516,0.48067501187324524,0.2789434492588043,-0.011620283126831055,0.7758008241653442
194,58.989463806152344,84.28113555908203,0.48163753747940063,0.278431236743927,-0.01058595348149538,0.7756556272506714
195,58.277530670166016,82.05091857910156,0.4831875264644623,0.27796313166618347,-0.0011185389012098312,0.7484727501869202
196,57.90205001831055,80.00098419189453,0.4840875267982483,0.2775208055973053,0.0049125091172754765,0.7852158546447754
197,57.5157585144043,78.68529510498047,0.4860375225543976,0.2771333158016205,-0.004413784481585026,0.7942459583282471
198,58.29010772705078,83.02316284179688,0.48750001192092896,0.2767868936061859,0.011845172382891178,0.7758352756500244
199,56.82356643676758,78.26753234863281,0.48672500252723694,0.276419460773468,-0.0188753642141819,0.7636109590530396
200,57.995643615722656,81.26280975341797,0.4839250147342682,0.2759751081466675,-0.06340836733579636,0.7736539840698242
201,57.97682571411133,81.40251922607422,0.48743751645088196,0.2756284177303314,-0.041829220950603485,0.7715871334075928
202,57.43918228149414,79.88475036621094,0.48308753967285156,0.2751622796058655,-0.013205572962760925,0.7619264125823975
203,57.95687484741211,82.98833465576172,0.48600003123283386,0.27477705478668213,-0.03582101687788963,0.7812632322311401
204,57.51805114746094,80.95628356933594,0.4826125204563141,0.274299293756485,-0.03957367688417435,0.7666002511978149
205,58.36039352416992,82.44400024414062,0.48395001888275146,0.27385905385017395,-0.02421206422150135,0.7691602110862732
206,57.22758483886719,79.90382385253906,0.48362502455711365,0.2734106183052063,-0.00012666750990319997,0.7979519367218018
207,56.729209899902344,79.72228240966797,0.48192504048347473,0.27291643619537354,-0.04627573490142822,0.7738965153694153
208,56.31907272338867,77.47139739990234,0.4860750436782837,0.27253639698028564,-0.0357687771320343,0.7901378273963928
209,57.86994934082031,81.54487609863281,0.4856875240802765,0.2721463441848755,-0.04067378118634224,0.7672721743583679
210,57.23824691772461,82.34711456298828,0.4814000427722931,0.2716401517391205,-0.03983147069811821,0.7867847084999084
211,57.863956451416016,82.80569458007812,0.48301252722740173,0.2711787223815918,-0.031000055372714996,0.7683692574501038
212,57.87748336791992,82.62110900878906,0.48593753576278687,0.27079737186431885,0.010401098057627678,0.7670329213142395
213,55.85820007324219,75.36963653564453,0.4842875599861145,0.2703718841075897,-0.0350959338247776,0.7727017402648926
214,56.76619338989258,79.90177154541016,0.48596251010894775,0.2699923515319824,-0.02952798642218113,0.7519115805625916
215,56.29539489746094,77.7876968383789,0.48573750257492065,0.269607275724411,-0.041481804102659225,0.7632927894592285
216,57.43577194213867,81.88346862792969,0.48288753628730774,0.2691459059715271,-0.027578206732869148,0.7664635181427002
217,57.4387092590332,82.1599349975586,0.4852375090122223,0.26874858140945435,-0.039148032665252686,0.7644816040992737
218,56.53744125366211,78.3578872680664,0.4850500226020813,0.26834678649902344,-0.021619729697704315,0.7783322930335999
219,57.02763366699219,81.28518676757812,0.48452505469322205,0.2679315209388733,-0.007682936266064644,0.7615945339202881
220,57.29002380371094,81.40702056884766,0.4872000217437744,0.2675885558128357,-0.031529366970062256,0.7503753304481506
221,58.196807861328125,83.44799041748047,0.4848500192165375,0.2671831548213959,0.02306453138589859,0.7921733260154724
222,57.54737091064453,81.01226806640625,0.4884125292301178,0.2668735384941101,-0.03269454464316368,0.745572566986084
223,57.284027099609375,81.39678955078125,0.4933375120162964,0.2666957378387451,-0.015975547954440117,0.7832173705101013
224,57.45112228393555,81.84835815429688,0.49502500891685486,0.2665630578994751,-0.056228771805763245,0.7329058051109314
225,57.270328521728516,80.52454376220703,0.4917750358581543,0.2663438022136688,0.003176921047270298,0.7806409001350403
226,56.27370834350586,78.6371841430664,0.4921250343322754,0.2661340534687042,-0.020476503297686577,0.7457188963890076
227,57.12540817260742,80.19345092773438,0.4932250678539276,0.26595374941825867,-0.0076833367347717285,0.760629415512085
228,57.306358337402344,80.94281005859375,0.49400001764297485,0.26579418778419495,0.015121188946068287,0.746860146522522
229,55.92884063720703,77.25617980957031,0.49518752098083496,0.26566627621650696,-0.04230820760130882,0.7715384364128113
230,58.07039260864258,83.78706359863281,0.49547502398490906,0.265546053647995,-0.0031022492330521345,0.7643738389015198
231,56.33404541015625,78.43609619140625,0.4944625496864319,0.2653990089893341,-0.00878189131617546,0.7806444764137268
232,58.30274963378906,82.3633804321289,0.49748751521110535,0.26533234119415283,0.031105507165193558,0.7470962405204773
233,57.25188446044922,81.36365509033203,0.49640002846717834,0.26523682475090027,-0.025822248309850693,0.7627571821212769
234,57.12334060668945,80.46762084960938,0.49738752841949463,0.2651675343513489,0.002919125137850642,0.8008280396461487
235,57.834842681884766,81.52901458740234,0.4998500347137451,0.2651635408401489,-0.049511685967445374,0.7551917433738708
236,58.12546920776367,83.31586456298828,0.4964125156402588,0.2650684118270874,-0.041447266936302185,0.7819098830223083
237,57.33144760131836,81.24568176269531,0.49822503328323364,0.26502135396003723,-0.047153376042842865,0.7504708170890808
238,57.34111022949219,80.31487274169922,0.5003125071525574,0.265029639005661,-0.038655973970890045,0.7385383248329163
239,56.58201599121094,78.08277130126953,0.493987500667572,0.264870285987854,-0.0397670604288578,0.7464216351509094
240,57.303367614746094,81.04417419433594,0.502750039100647,0.26494312286376953,-0.012618041597306728,0.7622793316841125
241,57.43522644042969,80.99544525146484,0.49320003390312195,0.2647629678249359,-0.009656623937189579,0.7748546004295349
242,57.69456481933594,82.700927734375,0.495650053024292,0.26464781165122986,-0.029409797862172127,0.7606726884841919
243,56.51467514038086,78.5777816772461,0.49031251668930054,0.2643914222717285,-0.013600170612335205,0.762889564037323
244,57.287696838378906,81.20732116699219,0.49242502450942993,0.2641911506652832,-0.032180871814489365,0.774750828742981
245,57.680076599121094,82.60242462158203,0.48893752694129944,0.2638988792896271,-0.03136641904711723,0.7683597207069397
246,58.549171447753906,84.05879211425781,0.4866750240325928,0.26354724168777466,-0.053819186985492706,0.7735432386398315
247,56.88276672363281,81.34528350830078,0.4871625304222107,0.26320889592170715,-0.0011077823583036661,0.762637734413147
248,57.02132797241211,79.56481170654297,0.48567500710487366,0.2628318667411804,0.018234126269817352,0.7443466782569885
249,56.43562316894531,77.58613586425781,0.4874750077724457,0.26250267028808594,-0.01669972389936447,0.763815701007843
250,57.22640609741211,81.5573501586914,0.4853125214576721,0.2621171176433563,-0.039367929100990295,0.7269425988197327
251,58.437294006347656,85.47665405273438,0.4830625355243683,0.2616731524467468,0.002156804548576474,0.7760007381439209
252,56.62318801879883,77.90763854980469,0.48606252670288086,0.2613084614276886,-0.02186308242380619,0.7410151958465576
253,57.31821823120117,79.09071350097656,0.48673751950263977,0.2609618902206421,-0.02777593769133091,0.7550029754638672
254,56.143470764160156,77.74990844726562,0.4915875196456909,0.2607423663139343,-0.0345195010304451,0.7781571745872498
255,57.67244338989258,81.90508270263672,0.4915125072002411,0.2605210542678833,-0.01392240822315216,0.7474786043167114
256,56.61528778076172,78.21122741699219,0.492775022983551,0.2603328227996826,-0.015322203747928143,0.7782058715820312
257,56.73759078979492,80.43987274169922,0.4911250174045563,0.2601017653942108,-0.02808275818824768,0.7636591792106628
258,57.40911865234375,80.75300598144531,0.4884749948978424,0.259801983833313,-0.0348871685564518,0.751891016960144
259,56.07155990600586,77.99440002441406,0.4934125244617462,0.25963082909584045,-0.02708674594759941,0.7535150051116943
260,57.6799430847168,82.60462951660156,0.49227505922317505,0.25943025946617126,-0.04955189302563667,0.7903913259506226
261,58.209590911865234,83.42906951904297,0.49671250581741333,0.2593449652194977,-0.006251199170947075,0.7761355042457581
262,57.5545539855957,81.98126983642578,0.49701252579689026,0.2592674791812897,-0.04077905789017677,0.7684130072593689
263,56.629093170166016,78.61692810058594,0.49672502279281616,0.25918257236480713,-0.048479173332452774,0.764889121055603
264,56.841060638427734,80.16834259033203,0.4993875324726105,0.2591666877269745,-0.03582391142845154,0.757393479347229
265,57.684425354003906,81.88084411621094,0.5013250112533569,0.2592010498046875,-0.004504232667386532,0.7558890581130981
266,56.929534912109375,80.75768280029297,0.497762531042099,0.25914305448532104,-0.040003906935453415,0.758865237236023
267,56.08409118652344,78.09091186523438,0.4973749816417694,0.25907501578330994,-0.0655546635389328,0.7836728096008301
268,55.688743591308594,79.334716796875,0.4953250288963318,0.25895389914512634,-0.05511051043868065,0.7534852623939514
269,55.39027404785156,76.58647918701172,0.4958000183105469,0.25884515047073364,-0.04082610458135605,0.7495378255844116
270,57.06832504272461,81.39669799804688,0.4910750389099121,0.25861412286758423,-0.01270289346575737,0.7498595714569092
271,57.36545181274414,84.07978820800781,0.4963875114917755,0.2585206925868988,-0.03799813613295555,0.7265904545783997
272,56.77434158325195,79.67039489746094,0.4974125325679779,0.2584538161754608,0.019831523299217224,0.8075522780418396
273,56.41304397583008,79.37897491455078,0.49642500281333923,0.25836142897605896,-0.026706021279096603,0.8080183267593384
274,56.789676666259766,79.59168243408203,0.4974125325679779,0.25829458236694336,-0.018107334151864052,0.7782769799232483
275,56.467010498046875,79.57111358642578,0.5001375079154968,0.2582981288433075,-0.030274877324700356,0.7881100177764893
276,58.51424789428711,85.06259155273438,0.4969000518321991,0.25821805000305176,-0.029813185334205627,0.7668444514274597
277,56.813751220703125,79.50852966308594,0.499812513589859,0.25821319222450256,-0.01700562611222267,0.787613570690155
278,55.72383499145508,77.41585540771484,0.4997875392436981,0.2582077085971832,-0.025355683639645576,0.7856804728507996
279,55.35316467285156,76.16831970214844,0.4976250231266022,0.25814637541770935,-0.02647954225540161,0.7695373296737671
280,57.29853439331055,81.63760375976562,0.4976250231266022,0.25808507204055786,-0.0697188526391983,0.764242947101593
281,58.31599807739258,83.24140167236328,0.49562501907348633,0.2579721510410309,-0.01721234805881977,0.7575905323028564
282,57.07246780395508,79.82595825195312,0.49147504568099976,0.2577522397041321,-0.0338725708425045,0.7536268830299377
283,55.787986755371094,76.98005676269531,0.4906500577926636,0.2575112283229828,-0.009256196208298206,0.7268101572990417
284,57.326576232910156,81.78519439697266,0.4926125109195709,0.25732100009918213,-0.03731824457645416,0.7710615992546082
285,57.220035552978516,81.44751739501953,0.4942375123500824,0.25717270374298096,-0.038803182542324066,0.7573503851890564
286,55.79664993286133,77.16365814208984,0.49296247959136963,0.2569917142391205,-0.011447868309915066,0.7715297341346741
287,57.003238677978516,80.46701049804688,0.49733754992485046,0.25692328810691833,-0.02073139324784279,0.7774689197540283
288,56.145015716552734,77.68913269042969,0.4998375475406647,0.25691911578178406,-0.05074866861104965,0.7950587272644043
289,57.60074996948242,82.47003936767578,0.49627500772476196,0.25682342052459717,-0.06692572683095932,0.7556530237197876
290,56.782432556152344,79.98983001708984,0.499625027179718,0.25681379437446594,-0.046571824699640274,0.7833111882209778
291,56.7547607421875,78.68412780761719,0.4994625449180603,0.25679999589920044,-0.03342096880078316,0.7530365586280823
292,56.354549407958984,78.62339782714844,0.4985250234603882,0.2567621171474457,-0.030085738748311996,0.790895938873291
293,56.598846435546875,80.54512023925781,0.5014375448226929,0.25679904222488403,-0.04989458620548248,0.8065429329872131
294,56.541351318359375,79.01457977294922,0.5005625486373901,0.25681349635124207,-0.016980083659291267,0.7671427726745605
295,56.23490905761719,77.9964370727539,0.49951252341270447,0.25680097937583923,-0.019505130127072334,0.7956724762916565
296,56.72758102416992,80.045654296875,0.5033125281333923,0.2568860650062561,0.005872934125363827,0.7730562090873718
297,57.54691696166992,82.32963562011719,0.4967625141143799,0.25680288672447205,-0.03514748439192772,0.7642322778701782
298,56.4925537109375,80.08747863769531,0.49726253747940063,0.2567325830459595,-0.009942017495632172,0.7886759042739868
299,55.33760070800781,76.5605697631836,0.49537503719329834,0.2566138505935669,-0.017165085300803185,0.7620664238929749
300,56.141754150390625,80.23192596435547,0.49729999899864197,0.2565445601940155,-0.03528401255607605,0.7589549422264099
301,55.803165435791016,78.46436309814453,0.4936625063419342,0.25638195872306824,-0.053584955632686615,0.7786523103713989
302,55.85314178466797,79.5582504272461,0.49102500081062317,0.25615185499191284,0.01719239540398121,0.7465810775756836
303,57.15095138549805,82.58586883544922,0.49355000257492065,0.25598663091659546,-0.03720024600625038,0.7754210829734802
304,56.732601165771484,80.82992553710938,0.48967501521110535,0.2557223439216614,0.013659253716468811,0.7548086047172546
305,56.19477462768555,80.94667053222656,0.486112505197525,0.2553672194480896,-0.048552256077528,0.7788588404655457
306,56.60136795043945,81.43021392822266,0.4950750470161438,0.2552414536476135,-0.020885825157165527,0.7587782144546509
307,57.107933044433594,82.57615661621094,0.49412500858306885,0.25509148836135864,-0.04464096948504448,0.7823542952537537
308,56.776580810546875,83.2306137084961,0.49580004811286926,0.2549843490123749,-0.04302539303898811,0.7421513199806213
309,56.72556686401367,82.26939392089844,0.4965375065803528,0.2548960745334625,-0.052374135702848434,0.7614303231239319
310,56.79213333129883,81.5265884399414,0.4980250298976898,0.2548457384109497,-0.010419542901217937,0.7647017240524292
311,56.72154235839844,81.7646484375,0.5000125169754028,0.2548460364341736,-0.03518899902701378,0.765065610408783
312,56.495582580566406,79.91422271728516,0.49720004200935364,0.25477465987205505,-0.021611979231238365,0.7808419466018677
313,56.16400909423828,79.15216064453125,0.5043750405311584,0.25488612055778503,-0.026136452332139015,0.7676472067832947
314,56.76084899902344,79.7154312133789,0.5057000517845154,0.25503140687942505,-0.03493346646428108,0.7972190380096436
315,56.51026916503906,78.92586517333984,0.5040500164031982,0.2551346719264984,-0.014953055419027805,0.7829769253730774
316,56.72370910644531,80.0580825805664,0.511400043964386,0.25542551279067993,-0.02581905946135521,0.791361391544342
317,56.67059326171875,79.97127532958984,0.5076624751091003,0.2556212544441223,-0.0006935567944310606,0.787189781665802
318,55.49221420288086,76.60418701171875,0.512374997138977,0.2559375762939453,-0.044454995542764664,0.7666259407997131
319,55.453453063964844,77.25855255126953,0.5062125325202942,0.25609657168388367,-0.03276896849274635,0.8229736089706421
320,55.6088981628418,76.26101684570312,0.5042250156402588,0.256204754114151,-0.01129064615815878,0.7939200401306152
321,55.64155197143555,76.80278778076172,0.5021374821662903,0.2562595307826996,-0.01878608763217926,0.765640377998352
322,56.12852478027344,78.26383972167969,0.49640005826950073,0.2561672627925873,-0.008564171381294727,0.7676129341125488
323,58.251792907714844,85.64048767089844,0.4946875274181366,0.25603118538856506,-0.012180299498140812,0.7658632397651672
324,56.22177505493164,78.79154968261719,0.4912625253200531,0.255807489156723,-0.04674411192536354,0.7650591731071472
325,56.16624069213867,79.84607696533203,0.4884500205516815,0.2555120289325714,-0.0021792645566165447,0.7682763338088989
326,55.91835403442383,79.87788391113281,0.4854000210762024,0.25513896346092224,-0.013107668608427048,0.7698673605918884
327,57.218318939208984,83.3651123046875,0.48282504081726074,0.25470075011253357,0.009108060970902443,0.7656198143959045
328,56.101627349853516,80.30139923095703,0.4865250289440155,0.25435754656791687,-0.02573305554687977,0.7668153643608093
329,55.82964324951172,79.01651000976562,0.48680004477500916,0.2540217936038971,-0.03747033327817917,0.7431259155273438
330,57.17665100097656,84.0141372680664,0.4853624999523163,0.2536499500274658,-0.007712271064519882,0.7727764248847961
331,55.78351974487305,78.41117095947266,0.4864250421524048,0.2533056139945984,-0.008858413435518742,0.7995986938476562
332,55.87183380126953,79.6144027709961,0.49006256461143494,0.2530539035797119,-0.04695960506796837,0.7858554124832153
333,55.30930709838867,77.63970947265625,0.49441251158714294,0.2529125213623047,-0.0453060157597065,0.7582663893699646
334,56.211517333984375,80.07003784179688,0.49080005288124084,0.25267985463142395,-0.0377153716981411,0.7511609196662903
335,56.2103271484375,78.53907012939453,0.49397507309913635,0.2525276243686676,-0.03961704298853874,0.7431875467300415
336,56.29989242553711,80.58845520019531,0.5001750588417053,0.252532035112381,-0.04144778475165367,0.7436649799346924
337,55.55985641479492,76.291748046875,0.4996750056743622,0.25252383947372437,-0.03573552891612053,0.7231844663619995
338,57.350040435791016,83.10150909423828,0.49740004539489746,0.2524581849575043,-0.007612038403749466,0.7410148978233337
339,56.056182861328125,78.91544342041016,0.4980500340461731,0.2524089515209198,0.01390024647116661,0.7483905553817749
340,55.944881439208984,78.9719467163086,0.49455004930496216,0.2522713840007782,0.00734389154240489,0.7550123333930969
341,55.59376907348633,78.66456604003906,0.5006250143051147,0.2522871494293213,-0.002213211264461279,0.7684831619262695
342,56.308467864990234,78.73109436035156,0.5001375079154968,0.25229060649871826,-0.00683014327660203,0.7509711980819702
343,56.43415069580078,80.58294677734375,0.4982500374317169,0.2522464692592621,-0.015578792430460453,0.7443224787712097
344,56.25244903564453,80.88709259033203,0.4959750175476074,0.2521449327468872,-0.03257257491350174,0.7634459137916565
345,55.87156677246094,78.70555877685547,0.4970875382423401,0.2520714998245239,-0.017192035913467407,0.7793835997581482
346,56.590850830078125,80.89183807373047,0.4961375296115875,0.2519741356372833,-0.01838010549545288,0.7462097406387329
347,56.480194091796875,80.88627624511719,0.4942375123500824,0.2518289387226105,-0.04125241935253143,0.7782242298126221
348,56.427711486816406,80.576416015625,0.48862501978874207,0.25154247879981995,-0.04348732903599739,0.727963924407959
349,56.06254959106445,80.31141662597656,0.4904375374317169,0.25130194425582886,-0.012868343852460384,0.7453747987747192
350,56.78689956665039,83.27239227294922,0.4867500364780426,0.25096896290779114,-0.0034148250706493855,0.7425174117088318
351,56.384979248046875,81.34589385986328,0.48872503638267517,0.25068598985671997,0.014495776034891605,0.7732636332511902
352,56.292808532714844,81.13556671142578,0.48936253786087036,0.2504193186759949,-0.009017443284392357,0.7871910333633423
353,56.33659744262695,81.9688491821289,0.49223753809928894,0.2502249479293823,-0.029011454433202744,0.7817768454551697
354,56.158905029296875,80.76171875,0.4945625364780426,0.2500888705253601,-0.02737291157245636,0.7409932017326355
355,55.63160705566406,78.99898529052734,0.4953249990940094,0.24997195601463318,0.014902709051966667,0.7562551498413086
356,57.02541732788086,82.99400329589844,0.5012875199317932,0.2500041425228119,0.010083210654556751,0.7869442105293274
357,56.19298553466797,78.71637725830078,0.5010250210762024,0.2500297725200653,-0.03482062742114067,0.7831811904907227
358,56.159297943115234,81.236572265625,0.49783751368522644,0.24997571110725403,-0.011327935382723808,0.7464022636413574
359,56.411102294921875,81.31166076660156,0.504800021648407,0.2500957250595093,-0.008054456673562527,0.7718422412872314
360,57.07484817504883,82.01885223388672,0.5001749992370605,0.25010010600090027,-0.01820116490125656,0.7591387629508972
361,55.96322250366211,79.10128021240234,0.5049375295639038,0.2502236068248749,-0.0037743328139185905,0.7877565026283264
362,57.00271224975586,82.83187866210938,0.5001624822616577,0.2502276599407196,-0.0039944155141711235,0.7668190598487854
363,55.57754898071289,78.24056243896484,0.5022500157356262,0.25028395652770996,7.152557827794226e-06,0.7990654110908508
364,56.729759216308594,81.27877807617188,0.4994000196456909,0.25026893615722656,-0.031732842326164246,0.7600163817405701
365,56.561676025390625,80.69123077392578,0.5048250555992126,0.2503896951675415,-0.07088565081357956,0.7924638390541077
366,56.76099395751953,82.3226547241211,0.5045750141143799,0.2505042552947998,-0.008744501508772373,0.8219380378723145
367,56.109397888183594,78.94318389892578,0.5016250014305115,0.2505449652671814,-0.008323337882757187,0.7445887923240662
368,56.559051513671875,80.88689422607422,0.5042999982833862,0.2506527006626129,0.014561592601239681,0.7799440622329712
369,55.55958938598633,76.42018127441406,0.5071499943733215,0.2508319318294525,-0.0522516593337059,0.7773492336273193
370,56.05604934692383,80.490966796875,0.49960002303123474,0.25082188844680786,-0.00896600354462862,0.7761693596839905
371,55.78554153442383,77.90382385253906,0.4993000030517578,0.2508043348789215,-0.03339401260018349,0.7748157978057861
372,56.14018249511719,78.65353393554688,0.498287558555603,0.25076138973236084,-0.03274679556488991,0.8025264739990234
373,55.85883712768555,79.9374771118164,0.49752503633499146,0.25069934129714966,-0.04557568207383156,0.7674205899238586
374,55.118812561035156,77.08157348632812,0.497637540102005,0.2506400942802429,-0.05580293387174606,0.7672446370124817
375,56.30188751220703,80.623046875,0.49765005707740784,0.25058117508888245,-0.0383954718708992,0.7712454199790955
376,54.844905853271484,75.66544342041016,0.4916125535964966,0.2503710091114044,-0.03218020126223564,0.7687371373176575
377,57.12845993041992,81.51911926269531,0.49525001645088196,0.2502520978450775,-0.0183248370885849,0.7684860825538635
378,55.162471771240234,76.97449493408203,0.4899750351905823,0.2500012218952179,-0.004947204142808914,0.7636188864707947
379,56.13090515136719,82.14158630371094,0.48977503180503845,0.24974559247493744,-0.036776043474674225,0.754696249961853
380,56.650482177734375,82.32901763916016,0.4948250353336334,0.2496163547039032,0.01375235989689827,0.7600573301315308
381,56.32160949707031,79.89559936523438,0.49508747458457947,0.24949373304843903,-0.01971905305981636,0.7865993976593018
382,56.2147331237793,80.49951171875,0.49150002002716064,0.24928165972232819,0.004093790426850319,0.7488675713539124
383,57.035343170166016,83.28388977050781,0.4946000277996063,0.24914704263210297,-0.01936236396431923,0.7751352190971375
384,55.60110855102539,79.56441497802734,0.4906750023365021,0.2489147037267685,0.03470556437969208,0.7833477258682251
385,56.31137466430664,78.82537078857422,0.4991125464439392,0.24889260530471802,-0.017311986535787582,0.7697831392288208
386,56.13392639160156,79.7564468383789,0.500825047492981,0.24891313910484314,0.021607501432299614,0.7920005321502686
387,55.81245040893555,78.55427551269531,0.4993375241756439,0.24889665842056274,-0.027978306636214256,0.8034034967422485
388,56.172698974609375,79.97594451904297,0.5007250308990479,0.2489147037267685,-0.017333639785647392,0.7807474732398987
389,55.506919860839844,77.63663482666016,0.5034624934196472,0.2490009069442749,-0.015111954882740974,0.7706215381622314
390,56.594425201416016,81.2862777709961,0.5031000375747681,0.24907808005809784,-0.040081821382045746,0.7705804109573364
391,57.056968688964844,82.24210357666016,0.5036375522613525,0.24916866421699524,-0.01143654901534319,0.778381884098053
392,56.25210189819336,78.64624786376953,0.49847501516342163,0.24913068115711212,0.0031460830941796303,0.7575789093971252
393,56.428165435791016,80.76016998291016,0.498787522315979,0.2491004765033722,0.00403956463560462,0.7574702501296997
394,55.87648391723633,79.49881744384766,0.49733754992485046,0.24903415143489838,0.02517283335328102,0.7747229933738708
395,56.22271728515625,80.39494323730469,0.49125003814697266,0.24881625175476074,-0.008271903730928898,0.7412732243537903
396,56.42634201049805,80.26123809814453,0.49703750014305115,0.24874255061149597,-0.018867596983909607,0.7702213525772095
397,56.70775604248047,80.96900177001953,0.49473750591278076,0.24861164391040802,0.0052971490658819675,0.7713128924369812
398,57.74492645263672,84.44536590576172,0.4895875155925751,0.2483527809381485,0.0014456177596002817,0.757943332195282
399,54.9470100402832,76.07202911376953,0.49570003151893616,0.2482459992170334,-0.019291650503873825,0.7954036593437195
400,54.937442779541016,75.87523651123047,0.49447503685951233,0.2481088489294052,-0.009329183027148247,0.7435582876205444
401,56.40315246582031,80.61863708496094,0.49268752336502075,0.24792742729187012,0.021904446184635162,0.7600681185722351
402,56.92695999145508,82.17988586425781,0.48935002088546753,0.24766337871551514,0.014306093566119671,0.7472684383392334
403,55.86006546020508,78.73567199707031,0.49543753266334534,0.2475503832101822,-0.003768982132896781,0.7574674487113953
404,55.972618103027344,80.38436126708984,0.4940875172615051,0.24740400910377502,-0.020830169320106506,0.7467369437217712
405,55.345035552978516,78.49032592773438,0.4936875104904175,0.2472478300333023,-0.004160864278674126,0.7613953948020935
406,56.292232513427734,80.58406829833984,0.5010250210762024,0.24727317690849304,0.023287571966648102,0.746679425239563
407,55.54865646362305,78.8209228515625,0.4938250482082367,0.24712048470973969,-0.007572856731712818,0.7444665431976318
408,56.2463493347168,79.97613525390625,0.4944625198841095,0.24698364734649658,0.019130663946270943,0.766461193561554
409,55.684391021728516,78.83631896972656,0.4883250296115875,0.24669529497623444,0.002366378903388977,0.7448603510856628
410,56.08905029296875,80.4902114868164,0.48785004019737244,0.2463955581188202,-0.008716581389307976,0.7515100836753845
411,55.63456726074219,77.60747528076172,0.4829625189304352,0.24597576260566711,0.02517704665660858,0.7491108179092407
412,56.6810417175293,82.98993682861328,0.4845750331878662,0.24559634923934937,0.0074036153964698315,0.7491822838783264
413,55.787601470947266,79.00738525390625,0.4879875183105469,0.24530132114887238,-0.003860312979668379,0.7478911876678467
414,55.5638313293457,78.99458312988281,0.49355000257492065,0.2451431006193161,0.007429804187268019,0.7359530329704285
415,55.73442459106445,80.44599151611328,0.49375003576278687,0.24498988687992096,0.006244308780878782,0.7350484728813171
416,54.94424819946289,76.36309051513672,0.4923750162124634,0.2448030710220337,-0.007818885147571564,0.7479289174079895
417,55.35984802246094,78.05150604248047,0.49582502245903015,0.24470087885856628,0.004435238894075155,0.7598225474357605
418,55.73184585571289,79.08576965332031,0.4934500455856323,0.24454060196876526,0.004316304344683886,0.7337327003479004
419,56.134918212890625,80.78099822998047,0.4979875087738037,0.24449139833450317,0.01325469184666872,0.7196256518363953
420,57.161067962646484,82.83416748046875,0.49418753385543823,0.24434928596019745,-0.002034110715612769,0.7229152917861938
421,55.59035110473633,78.86524200439453,0.4953250288963318,0.2442350536584854,0.00696646049618721,0.7377927899360657
422,55.576908111572266,78.89225769042969,0.4981750547885895,0.24419048428535461,-0.014565820805728436,0.7159199118614197
423,55.377899169921875,78.35969543457031,0.49517500400543213,0.24407266080379486,-0.013170006684958935,0.7421326637268066
424,55.08049392700195,78.6684341430664,0.4925500154495239,0.24389082193374634,-0.013847080990672112,0.7479164600372314
425,57.48609161376953,84.0019302368164,0.4931250214576721,0.24372315406799316,-0.037278298288583755,0.7521818280220032
426,55.85594940185547,79.28349304199219,0.48992499709129333,0.24347759783267975,-0.018001262098550797,0.7435741424560547
427,55.56515884399414,79.11957550048828,0.4929625391960144,0.2433062493801117,-0.022373642772436142,0.7349981665611267
428,55.65611267089844,79.60657501220703,0.493987500667572,0.2431599646806717,0.0038818828761577606,0.7479974627494812
429,56.24569320678711,81.1460189819336,0.49820002913475037,0.24311619997024536,0.019703038036823273,0.7468866109848022
430,56.814701080322266,82.72293853759766,0.5011875033378601,0.24314506351947784,-0.012266973964869976,0.7591121196746826
431,55.05747604370117,77.52557373046875,0.49556252360343933,0.2430371642112732,0.007841312326490879,0.7404091358184814
432,55.95109176635742,78.87657165527344,0.5024000406265259,0.2430954873561859,-0.010687746107578278,0.7627882361412048
433,55.83115005493164,78.59780883789062,0.50371253490448,0.24318572878837585,-0.012727830559015274,0.7581748366355896
434,55.28132247924805,76.82174682617188,0.5057874917984009,0.24332647025585175,-0.012969303876161575,0.7244551777839661
435,56.155094146728516,79.77165222167969,0.502762496471405,0.243393674492836,0.0003850460343528539,0.7524753212928772
436,55.386810302734375,77.09492492675781,0.5042125582695007,0.24349620938301086,0.0032065173145383596,0.7244794368743896
437,55.84349060058594,78.56658172607422,0.503125011920929,0.24357229471206665,0.030307471752166748,0.7470688819885254
438,55.974212646484375,79.47576141357422,0.5040000081062317,0.24366970360279083,0.015602141618728638,0.7650318741798401
439,55.112361907958984,77.3036880493164,0.4956000745296478,0.2435624897480011,0.00025032521807588637,0.7418672442436218
440,55.402549743652344,77.3751220703125,0.49871253967285156,0.24353113770484924,0.014856523834168911,0.7612200975418091
441,55.64165115356445,79.52421569824219,0.5031500458717346,0.24360783398151398,-0.02056388184428215,0.7897440195083618
442,55.570743560791016,79.42523193359375,0.5017375349998474,0.2436501681804657,-0.001715485705062747,0.750940203666687
443,55.64845657348633,80.0915298461914,0.5014500617980957,0.24368548393249512,0.010428386740386486,0.7513567209243774
444,55.84389877319336,79.40509033203125,0.5013875365257263,0.24371929466724396,0.03266723081469536,0.7635950446128845
445,56.40350341796875,82.50775146484375,0.49687498807907104,0.2436431348323822,-0.036994799971580505,0.7648603916168213
446,56.143150329589844,80.2392349243164,0.49738749861717224,0.24357947707176208,-0.061577487736940384,0.7773772478103638
447,56.22719955444336,81.77667999267578,0.49425002932548523,0.2434394210577011,0.01984785497188568,0.7661263942718506
448,57.44244384765625,83.99639129638672,0.4879250228404999,0.24314548075199127,-0.004934473894536495,0.7364731431007385
449,55.84282302856445,78.60054779052734,0.49527502059936523,0.2430305927991867,-0.018096139654517174,0.742361843585968
450,55.71856689453125,78.97676086425781,0.49051254987716675,0.2428000271320343,-0.02527802437543869,0.7812803983688354
451,55.392333984375,78.34622955322266,0.4898500442504883,0.24255357682704926,-0.006332193501293659,0.787216305732727
452,56.7581672668457,82.30654907226562,0.49418753385543823,0.24241258203983307,0.019681282341480255,0.7505276799201965
453,56.255367279052734,80.30838775634766,0.49847501516342163,0.24237562716007233,-0.022949954494833946,0.7380759119987488
454,56.215335845947266,80.45275115966797,0.5003750324249268,0.24238473176956177,0.006554062012583017,0.7695135474205017
455,54.788326263427734,76.02397918701172,0.5020875334739685,0.24243532121181488,-0.007920857518911362,0.7763112187385559
456,56.48851776123047,80.86710357666016,0.502250075340271,0.24248988926410675,0.012029865756630898,0.7502690553665161
457,56.80176544189453,79.49595642089844,0.5059125423431396,0.24263326823711395,-0.05311800166964531,0.7474372386932373
458,56.670501708984375,79.59996795654297,0.5050500631332397,0.24275578558444977,0.012861170805990696,0.7278378009796143
459,56.09809494018555,77.98815155029297,0.5051375031471252,0.24288050830364227,0.020563269034028053,0.7574602961540222
460,55.61056900024414,77.00460815429688,0.502387523651123,0.24293850362300873,0.0015736798522993922,0.7582805156707764
461,56.09455490112305,78.201904296875,0.5028499960899353,0.24300774931907654,-0.02410336211323738,0.7742822766304016
462,56.22993087768555,79.5910873413086,0.5063000321388245,0.24316084384918213,0.03218582645058632,0.7791265249252319
463,55.12217712402344,76.40326690673828,0.5054500102996826,0.2432933747768402,0.0073307715356349945,0.7588462829589844
464,54.475589752197266,74.943603515625,0.4994000494480133,0.24327877163887024,0.006872209720313549,0.7520490288734436
465,55.59494400024414,78.7191390991211,0.49178752303123474,0.24307897686958313,-0.013618672266602516,0.7443695068359375
466,55.445884704589844,79.13130187988281,0.4905000329017639,0.24284805357456207,-0.026025263592600822,0.7617963552474976
467,54.74525833129883,77.16951751708984,0.4827125072479248,0.2424282282590866,0.005346294492483139,0.7809512615203857
468,54.20988845825195,76.16136169433594,0.480400025844574,0.2419530749320984,-0.006027350667864084,0.7408217787742615
469,55.74642562866211,81.76809692382812,0.48120003938674927,0.241498202085495,-0.06576687842607498,0.7680846452713013
470,56.603431701660156,83.37612915039062,0.4783875346183777,0.2409762591123581,-0.034827977418899536,0.7694892287254333
471,55.374725341796875,81.3611068725586,0.4782625436782837,0.24045243859291077,-0.010263573378324509,0.7528276443481445
472,55.28854751586914,79.43852996826172,0.4787500202655792,0.23994147777557373,0.02346489205956459,0.744236946105957
473,55.75490951538086,80.2679672241211,0.47942501306533813,0.23944780230522156,-0.0071739377453923225,0.7565097808837891
474,56.48893356323242,83.97578430175781,0.4834125339984894,0.23905062675476074,0.008559375070035458,0.7547824382781982
475,56.117244720458984,81.13053131103516,0.4921250343322754,0.23886238038539886,0.002605917165055871,0.7484773397445679
476,56.015785217285156,81.20149230957031,0.49400001764297485,0.23871906101703644,-0.015166664496064186,0.7445611357688904
477,55.7790412902832,78.72834014892578,0.5010250210762024,0.23874352872371674,-0.010489918291568756,0.7638596892356873
478,56.0543212890625,80.2912826538086,0.5041249990463257,0.23884199559688568,0.005976808723062277,0.7184417247772217
479,55.062896728515625,77.16401672363281,0.5104500651359558,0.23909159004688263,0.0072747948579490185,0.7662533521652222
480,56.31572723388672,79.43494415283203,0.5129125118255615,0.23940032720565796,-0.010852498933672905,0.7489863634109497
481,56.44712829589844,79.297607421875,0.5227750539779663,0.23994556069374084,0.02152102254331112,0.753179669380188
482,57.33390808105469,82.22148895263672,0.520425021648407,0.2404356598854065,-0.021785138174891472,0.7756356000900269
483,56.139217376708984,77.75896453857422,0.5205374956130981,0.24092945456504822,0.00968017615377903,0.760685920715332
484,56.802616119384766,80.9952392578125,0.5173750519752502,0.2413480579853058,-0.00980991031974554,0.7704443335533142
485,55.85578536987305,78.5995101928711,0.5148874521255493,0.24170735478401184,0.00850945059210062,0.7556957602500916
486,55.42588806152344,76.65424346923828,0.5149375200271606,0.24206839501857758,-0.029539557173848152,0.791203498840332
487,55.522377014160156,76.14501953125,0.5095125436782837,0.2422986775636673,-0.0021553575061261654,0.7438641786575317
488,56.31883239746094,79.13068389892578,0.5027375221252441,0.2423650026321411,0.020899780094623566,0.7377938628196716
489,56.32265090942383,79.92877197265625,0.4981499910354614,0.24232016503810883,-0.019455645233392715,0.749569296836853
490,56.04196548461914,80.38261413574219,0.4913250207901001,0.24210995435714722,-0.003047570353373885,0.7867885231971741
491,55.896034240722656,79.62996673583984,0.4895250201225281,0.24185635149478912,0.01390712521970272,0.742928683757782
492,55.87003707885742,80.76039123535156,0.48273754119873047,0.2414388358592987,-0.02791590243577957,0.7246288061141968
493,57.043724060058594,84.87762451171875,0.4851875305175781,0.24108120799064636,-0.031041555106639862,0.7756665945053101
494,57.24701690673828,84.16960906982422,0.48218750953674316,0.24065178632736206,-0.008487192913889885,0.7565916180610657
495,56.72892379760742,83.52194213867188,0.48173752427101135,0.2402123063802719,-0.03204059973359108,0.751546323299408
496,54.99495315551758,78.28414916992188,0.48330000042915344,0.23981115221977234,-0.03162504732608795,0.7600482702255249
497,55.89793395996094,80.23186492919922,0.4893125295639038,0.23955485224723816,-0.005870939232409,0.7571649551391602
498,54.93236541748047,76.27794647216797,0.49381253123283386,0.23940663039684296,0.002871229313313961,0.7929484248161316
499,55.81067657470703,77.8922119140625,0.4922875165939331,0.23922199010849,-0.00594908744096756,0.7735297083854675
500,55.11653518676758,77.31930541992188,0.4962625503540039,0.2391325831413269,-0.03908377140760422,0.7490161657333374
501,55.0654182434082,76.92118072509766,0.4961375296115875,0.23904022574424744,-0.0025625440757721663,0.7755783796310425
502,55.91761779785156,78.82438659667969,0.4991374909877777,0.23901960253715515,-0.018291139975190163,0.7387993335723877
503,55.0587272644043,76.64765930175781,0.49820002913475037,0.2389765828847885,0.0021690160501748323,0.7648295164108276
504,55.9771842956543,80.18976593017578,0.4945000112056732,0.23884515464305878,-0.02455323562026024,0.717557966709137
505,56.81671905517578,81.29043579101562,0.4961875379085541,0.23875409364700317,-0.02545953541994095,0.7484379410743713
506,56.79188537597656,83.2442855834961,0.49162501096725464,0.23855413496494293,-0.02404579520225525,0.7257720232009888
507,56.570316314697266,81.44599914550781,0.4989125430583954,0.23852820694446564,-0.04119762033224106,0.7441465854644775
508,54.85787582397461,75.45195770263672,0.499099999666214,0.2385067343711853,-0.041695937514305115,0.7482855916023254
509,55.834510803222656,78.84607696533203,0.496237576007843,0.23841699957847595,-0.029456481337547302,0.7600274682044983
510,56.09146499633789,79.89925384521484,0.4965500235557556,0.2383347451686859,-0.026188019663095474,0.7722386121749878
511,56.10676956176758,80.0167236328125,0.4962500333786011,0.2382453829050064,0.0073863435536623,0.7783514857292175
512,55.851966857910156,80.75399780273438,0.5003625154495239,0.23825401067733765,-0.03322013095021248,0.7681413888931274
513,55.09294128417969,78.58308410644531,0.4974750280380249,0.23819385468959808,0.033684007823467255,0.7663087844848633
514,56.359779357910156,80.77111053466797,0.4985250234603882,0.238158717751503,0.007278959732502699,0.7365122437477112
515,56.64517593383789,81.63045501708984,0.5042250156402588,0.23825933039188385,0.0031210710294544697,0.7664211988449097
516,57.46568298339844,83.34046173095703,0.5019500255584717,0.23830579221248627,-0.015225195325911045,0.7557038068771362
517,56.531227111816406,81.28966522216797,0.5073000192642212,0.23847976326942444,-0.026730943471193314,0.7714237570762634
518,56.297035217285156,80.32324981689453,0.5054000020027161,0.23860855400562286,-0.016580089926719666,0.7670890092849731
519,56.92303466796875,81.4426498413086,0.5074750185012817,0.23878690600395203,-0.008054249919950962,0.7785225510597229
520,56.56904983520508,83.02965545654297,0.5060625076293945,0.23893168568611145,-0.0012695370241999626,0.7637665271759033
521,56.05546188354492,79.77301788330078,0.5099875330924988,0.23917031288146973,0.0001585569407325238,0.7825025320053101
522,56.06583023071289,79.51470184326172,0.5121500492095947,0.23946090042591095,-0.02404422126710415,0.7556355595588684
523,55.919700622558594,78.72048950195312,0.5090749859809875,0.23967821896076202,-0.007154255174100399,0.7796245813369751
524,55.934661865234375,79.6307601928711,0.5020250082015991,0.23972676694393158,-0.016672024503350258,0.7725728750228882
525,54.69120788574219,75.96424102783203,0.4997250437736511,0.2397201806306839,0.0072580426931381226,0.7767416834831238
526,54.834556579589844,76.59000396728516,0.4992750287055969,0.23970280587673187,-0.0016610496677458286,0.7539480924606323
527,55.27476501464844,77.7945785522461,0.49710002541542053,0.23963329195976257,0.019511207938194275,0.7718620896339417
528,56.03900146484375,80.33409118652344,0.49336251616477966,0.23947423696517944,0.015484296716749668,0.7570937871932983
529,55.998130798339844,80.88021087646484,0.48730000853538513,0.239170104265213,0.019442055374383926,0.7477144598960876
530,55.16383361816406,77.34378814697266,0.48996251821517944,0.23893004655838013,0.006404840853065252,0.73683762550354
531,54.761558532714844,77.08164978027344,0.48945003747940063,0.238677978515625,0.025160489603877068,0.7492624521255493
532,55.346107482910156,77.60972595214844,0.4883875250816345,0.23840081691741943,0.02248089388012886,0.7626662850379944
533,56.364418029785156,81.71762084960938,0.4871625006198883,0.238094761967659,0.017233647406101227,0.7563501000404358
534,55.7934455871582,79.37284088134766,0.48737502098083496,0.2377941757440567,0.010455169714987278,0.7765280604362488
535,55.42621612548828,78.02153015136719,0.49285000562667847,0.2376241534948349,-0.0028910108376294374,0.7526129484176636
536,55.3651008605957,78.7445068359375,0.4921875298023224,0.23743851482868195,0.004434883128851652,0.7432301640510559
537,56.61549377441406,83.22248077392578,0.49740004539489746,0.23737677931785583,0.025195471942424774,0.7511557936668396
538,55.738792419433594,78.60992431640625,0.49906253814697266,0.23735451698303223,0.03269234672188759,0.7401623129844666
539,55.65542984008789,78.70891571044922,0.5029749870300293,0.23742513358592987,0.01398879662156105,0.77276211977005
540,56.03301239013672,78.00299072265625,0.506462574005127,0.23757857084274292,0.005879978649318218,0.722764790058136
541,56.779991149902344,81.38495635986328,0.5108375549316406,0.2378360480070114,0.01998804323375225,0.7656593322753906
542,56.475135803222656,79.60031127929688,0.5101125240325928,0.2380765676498413,0.0010541497031226754,0.7696621417999268
543,55.85219955444336,76.9827880859375,0.5097125172615051,0.23830778896808624,0.038278695195913315,0.7642034292221069
544,55.48556137084961,76.73814392089844,0.5132625102996826,0.23862382769584656,0.0022258684039115906,0.7713746428489685
545,55.010623931884766,74.7641830444336,0.5107875466346741,0.23888123035430908,0.03445746749639511,0.7291526198387146
546,55.81156539916992,77.33924102783203,0.5141624808311462,0.239219531416893,0.016258180141448975,0.7735515236854553
547,54.87645721435547,75.18669891357422,0.5046499967575073,0.23933078348636627,-0.02066894806921482,0.7686120867729187
548,56.088050842285156,79.11859893798828,0.5015875101089478,0.23936878144741058,-0.015687458217144012,0.7472686767578125
549,55.091392517089844,77.5037841796875,0.49908751249313354,0.2393469363451004,-0.03318079560995102,0.7615736126899719
550,55.53895568847656,80.76873016357422,0.4920250475406647,0.23915605247020721,-0.01792561076581478,0.779289960861206
551,56.400604248046875,80.8409423828125,0.49233755469322205,0.23897281289100647,0.035506684333086014,0.7370245456695557
552,55.15336608886719,78.9151382446289,0.4875125288963318,0.23867440223693848,0.025728745386004448,0.7632137537002563
553,54.614933013916016,77.2037353515625,0.4871750473976135,0.23836830258369446,0.031562771648168564,0.7520633935928345
554,56.27909469604492,81.29833984375,0.4935125410556793,0.2382136583328247,-0.0515260323882103,0.7560689449310303
555,56.015811920166016,81.0990219116211,0.4945000112056732,0.2380826473236084,-0.041263800114393234,0.7553245425224304
556,55.524166107177734,78.73761749267578,0.492062509059906,0.23789367079734802,-0.0204428993165493,0.7486392855644226
557,56.454959869384766,80.80946350097656,0.49637502431869507,0.23780743777751923,-0.008504761382937431,0.7471634745597839
558,57.257328033447266,83.54872131347656,0.500337541103363,0.23781545460224152,0.018375826999545097,0.7333515286445618
559,54.76361846923828,75.7577133178711,0.5034624934196472,0.2378978133201599,0.01571780815720558,0.7400585412979126
560,55.906883239746094,78.41368103027344,0.5053125023841858,0.23802419006824493,0.0023341341875493526,0.770145058631897
561,56.35905075073242,79.46340942382812,0.5047500133514404,0.23813726007938385,0.04092034325003624,0.7632471323013306
562,54.732601165771484,74.72627258300781,0.5075874924659729,0.23831795156002045,0.004572847858071327,0.7561158537864685
563,55.905067443847656,76.74181365966797,0.5115125179290771,0.23859229683876038,-0.007821672596037388,0.7480218410491943
564,55.778846740722656,79.40824890136719,0.5030125379562378,0.2386641651391983,0.03537246957421303,0.75604248046875
565,56.3980827331543,79.09517669677734,0.5053500533103943,0.23879185318946838,-0.04093553125858307,0.7868980169296265
566,55.66269302368164,77.77410125732422,0.5044125318527222,0.23889723420143127,-0.013007096014916897,0.7454429268836975
567,55.122467041015625,74.95622253417969,0.5011625289916992,0.2389249950647354,0.0010801020544022322,0.782341718673706
568,56.04182434082031,79.22696685791016,0.5024875402450562,0.23898443579673767,0.009550361894071102,0.7747898101806641
569,54.87968444824219,76.39092254638672,0.49470004439353943,0.23885777592658997,0.040428560227155685,0.7677986025810242
570,53.9928092956543,74.74916076660156,0.49556252360343933,0.23875178396701813,-0.01586373709142208,0.761801540851593
571,56.361778259277344,80.39217376708984,0.4952750504016876,0.2386389821767807,5.035400363340159e-07,0.7801559567451477
572,55.673667907714844,78.7578125,0.4918000102043152,0.2384433001279831,-0.029687467962503433,0.7527880668640137
573,56.121009826660156,79.9486083984375,0.48910006880760193,0.23818339407444,0.023473596200346947,0.7712348103523254
574,57.13379669189453,84.31485748291016,0.4930500090122223,0.23801785707473755,0.02392122894525528,0.7612799406051636
575,55.53150177001953,77.77269744873047,0.49262502789497375,0.23784232139587402,0.015136820264160633,0.7760088443756104
576,55.97344970703125,80.29705810546875,0.5010250210762024,0.23786669969558716,0.033141128718853,0.7534164190292358
577,55.48997497558594,78.85588836669922,0.4986875355243683,0.23783548176288605,0.00035505153937265277,0.7630456686019897
578,54.70056915283203,76.26738739013672,0.49890002608299255,0.23780933022499084,0.038492351770401,0.7370799779891968
579,55.067115783691406,77.2377700805664,0.49676254391670227,0.23773233592510223,0.04570135846734047,0.7638208866119385
580,55.487117767333984,77.94605255126953,0.5038625001907349,0.23782415688037872,0.03977694362401962,0.7699607014656067
581,55.16008377075195,78.47377014160156,0.49425002932548523,0.23768740892410278,0.03687598183751106,0.7560864090919495
582,55.494667053222656,77.96923065185547,0.4960750341415405,0.2375941127538681,-0.039179567247629166,0.7884622812271118
583,56.90990447998047,82.31143951416016,0.49781250953674316,0.23754213750362396,0.008764359168708324,0.7286465167999268
584,55.393699645996094,78.38285827636719,0.49980002641677856,0.23753738403320312,0.028055455535650253,0.7516512274742126
585,54.660133361816406,76.16451263427734,0.5027750134468079,0.2376033067703247,0.026276448741555214,0.7601971626281738
586,54.85083770751953,76.28430938720703,0.49666255712509155,0.23752401769161224,0.012761359103024006,0.7160053253173828
587,56.38104248046875,82.39202880859375,0.49608755111694336,0.2374310940504074,-0.027598237618803978,0.7497714757919312
588,55.44662094116211,78.1336669921875,0.49835002422332764,0.23739191889762878,0.023987168446183205,0.733188271522522
589,56.06855773925781,80.5345230102539,0.4970000088214874,0.2373207062482834,-0.00766056077554822,0.7484479546546936
590,55.24326705932617,77.15796661376953,0.49943751096725464,0.2373073548078537,0.012584064155817032,0.7184315323829651
591,56.530906677246094,81.59368896484375,0.49755001068115234,0.2372492253780365,-0.0046819597482681274,0.7364484071731567
592,55.99307632446289,79.30789947509766,0.4926125109195709,0.23707395792007446,0.027535611763596535,0.7318224906921387
593,56.59843063354492,81.51043701171875,0.4986250102519989,0.23704135417938232,-0.020897958427667618,0.7151954770088196
594,56.6239128112793,82.22639465332031,0.49681252241134644,0.23696579039096832,-0.00974431075155735,0.7571842074394226
595,55.813541412353516,78.59064483642578,0.5040749907493591,0.23706234991550446,-0.04081540182232857,0.749210774898529
596,56.012596130371094,78.1792984008789,0.5013250112533569,0.23709377646446228,0.004658371210098267,0.7082211971282959
597,54.25952911376953,73.79206848144531,0.5064375400543213,0.23724639415740967,-0.02231510728597641,0.7516294121742249
598,55.716129302978516,77.9700698852539,0.5076125264167786,0.2374269962310791,-0.005680345930159092,0.7464824914932251
599,56.00825119018555,79.16267395019531,0.5084375739097595,0.2376273274421692,-0.016250664368271828,0.7649546265602112
600,55.863834381103516,77.84537506103516,0.5058125257492065,0.23776544630527496,0.005562135949730873,0.7922688722610474
601,55.31327438354492,76.29069519042969,0.5078250169754028,0.23795150220394135,-0.029425855726003647,0.7680087089538574
602,54.85991668701172,75.24075317382812,0.5015875101089478,0.23798929154872894,0.002475486835464835,0.7524185180664062
603,55.195743560791016,76.04463195800781,0.5032750368118286,0.23806722462177277,-0.002427868079394102,0.7673143148422241
604,54.764976501464844,75.68206024169922,0.4940500259399414,0.23792557418346405,-0.006394173018634319,0.7461362481117249
605,55.37189483642578,77.85052490234375,0.4906875193119049,0.23770400881767273,0.0171107966452837,0.7511635422706604
606,55.27919387817383,77.38510131835938,0.4928625226020813,0.23753434419631958,-0.017865536734461784,0.7630768418312073
607,55.31114959716797,77.55049896240234,0.4884375333786011,0.23725968599319458,-0.004825988784432411,0.7435985803604126
608,56.21849060058594,80.23085021972656,0.48352500796318054,0.23686881363391876,-0.023387486115098,0.7547204494476318
609,54.808223724365234,76.76909637451172,0.48733752965927124,0.236568883061409,0.008196186274290085,0.7565687298774719
610,55.87801742553711,79.15597534179688,0.487712562084198,0.2362782061100006,0.016522400081157684,0.7445338368415833
611,56.23029327392578,79.62740325927734,0.48895004391670227,0.2360171228647232,-0.026902111247181892,0.736781895160675
612,55.72017288208008,79.29410552978516,0.49692502617836,0.23594455420970917,0.052715964615345,0.7486621141433716
613,55.37747573852539,78.80686950683594,0.4983125329017639,0.2359047383069992,0.00133539829403162,0.7185617089271545
614,57.063541412353516,82.20036315917969,0.5018750429153442,0.23594897985458374,0.0036501544527709484,0.7464263439178467
615,55.41279983520508,76.99583435058594,0.5051000118255615,0.23606930673122406,-0.0011005755513906479,0.7562071681022644
616,54.72008514404297,75.40225982666016,0.5076250433921814,0.23624929785728455,0.01855146698653698,0.7392483353614807
617,55.83478546142578,78.26422119140625,0.5073750019073486,0.2364235371351242,-0.006170135922729969,0.7501749396324158
618,55.39238739013672,75.93801879882812,0.5082125663757324,0.23661769926548004,-0.005235291551798582,0.7530108690261841
619,55.01861572265625,76.15670776367188,0.5075500011444092,0.2367963343858719,0.014515061862766743,0.729809582233429
620,56.249549865722656,80.14382934570312,0.502750039100647,0.236861452460289,-0.0019726587925106287,0.7311235070228577
621,54.61781311035156,75.4935302734375,0.49976253509521484,0.23685583472251892,0.0031971237622201443,0.765105664730072
622,55.92679977416992,78.30177307128906,0.4984375238418579,0.2368188351392746,0.015401700511574745,0.7556197643280029
623,56.24791717529297,79.9140625,0.49746254086494446,0.2367587387561798,0.01988929882645607,0.77089923620224
624,55.53511047363281,77.62019348144531,0.4925375282764435,0.23658205568790436,0.02569718100130558,0.7446293234825134
625,55.786705017089844,79.47229766845703,0.4893750250339508,0.23633068799972534,0.006506025325506926,0.7665330767631531
626,55.22916793823242,77.44092559814453,0.4917375147342682,0.23613542318344116,-0.00493487436324358,0.7544407248497009
627,55.48358154296875,77.85235595703125,0.4905250072479248,0.23591169714927673,0.005443005822598934,0.7118955850601196
628,55.08156967163086,77.31027221679688,0.4920250177383423,0.2357235550880432,0.026891328394412994,0.7493832111358643
629,54.54804229736328,75.14080047607422,0.4933750331401825,0.2355673909187317,-0.020515207201242447,0.7392323613166809
630,56.50775909423828,80.81476593017578,0.49483755230903625,0.2354457825422287,0.01178250927478075,0.7312400937080383
631,55.544647216796875,77.25538635253906,0.5005125403404236,0.23545785248279572,-0.015260223299264908,0.7432652711868286
632,55.249732971191406,78.64067077636719,0.49791252613067627,0.2354087084531784,-0.010662944987416267,0.7036216259002686
633,55.17024230957031,77.85507202148438,0.49797505140304565,0.2353610396385193,-0.00834600068628788,0.7226664423942566
634,55.32134246826172,78.07937622070312,0.5022125244140625,0.23541311919689178,0.0023784313816577196,0.7428331971168518
635,56.20009994506836,80.77011108398438,0.5008625388145447,0.2354334443807602,-0.02665189653635025,0.7774634957313538
636,56.39802169799805,79.78729248046875,0.5054000020027161,0.2355605810880661,-0.0008743649232201278,0.7505256533622742
637,55.876319885253906,79.51251983642578,0.5077500343322754,0.23574313521385193,-0.010607223957777023,0.7486345767974854
638,55.65860366821289,78.87785339355469,0.5073875188827515,0.23591728508472443,-0.018992196768522263,0.7526315450668335
639,55.41239929199219,77.2776107788086,0.507687509059906,0.23609864711761475,0.013521593995392323,0.7393386363983154
640,56.39006805419922,81.13727569580078,0.5071750283241272,0.2362680584192276,-0.04562866687774658,0.7575238347053528
641,55.46800231933594,77.80830383300781,0.5099875330924988,0.23650403320789337,-0.06012449786067009,0.7561691403388977
642,56.44318771362305,81.37890625,0.5030750632286072,0.23657676577568054,-0.012951883487403393,0.7350867986679077
643,54.51544189453125,75.58489227294922,0.5014375448226929,0.2366107702255249,0.0013587019639089704,0.7542178630828857
644,56.46394729614258,82.18882751464844,0.4976250231266022,0.2365545630455017,0.003137994324788451,0.7560415863990784
645,56.04612731933594,80.06665802001953,0.5007749795913696,0.23657289147377014,-0.025232354179024696,0.7478328347206116
646,54.26000213623047,74.59907531738281,0.5027375221252441,0.2366376370191574,-0.012073214165866375,0.7640304565429688
647,55.35322570800781,79.79927825927734,0.49518752098083496,0.23652376234531403,-0.0050954134203493595,0.7750173211097717
648,57.119625091552734,83.15019226074219,0.4952875077724457,0.23641230165958405,-0.008878733031451702,0.7426239848136902
649,56.14982986450195,81.16941833496094,0.5006250143051147,0.23642706871032715,0.0008346519898623228,0.753963828086853
650,55.00984191894531,77.5505599975586,0.4946250319480896,0.23629999160766602,-0.0166477020829916,0.7484907507896423
651,56.19353485107422,80.30187225341797,0.4937375485897064,0.23615200817584991,-0.018360700458288193,0.7749142646789551
652,55.468597412109375,78.24281311035156,0.4962250292301178,0.23606286942958832,-0.013074428774416447,0.7765737175941467
653,56.736141204833984,82.66767120361328,0.49326252937316895,0.2359038144350052,-0.025256741791963577,0.7689560055732727
654,55.516910552978516,78.71527099609375,0.49455001950263977,0.23577524721622467,0.0019253874197602272,0.8129591345787048
655,55.137107849121094,76.89299011230469,0.49406251311302185,0.23563526570796967,-0.006676751654595137,0.7474279999732971
656,55.207923889160156,77.84569549560547,0.49601253867149353,0.23554129898548126,-0.002731646178290248,0.7490547895431519
657,54.597068786621094,77.30017852783203,0.49676254391670227,0.23546503484249115,-0.024453310295939445,0.7391077876091003
658,54.828125,76.17131042480469,0.49562501907348633,0.23536202311515808,-0.004674478899687529,0.736651599407196
659,55.46747589111328,78.00241088867188,0.49588754773139954,0.23526522517204285,-0.017568955197930336,0.7580069303512573
660,55.30609893798828,77.22393035888672,0.49693751335144043,0.2351931780576706,-0.01587187871336937,0.7415644526481628
661,55.77675247192383,78.6301498413086,0.5010125637054443,0.23521697521209717,0.008916182443499565,0.7450820207595825
662,55.096717834472656,76.90827941894531,0.5018750429153442,0.23526108264923096,0.03522744029760361,0.7674180865287781
663,54.9407958984375,75.45642852783203,0.5006250143051147,0.2352757751941681,-0.003514898009598255,0.7391812205314636
664,55.64613723754883,79.13514709472656,0.5021750330924988,0.23532696068286896,-0.023875314742326736,0.7373479008674622
665,56.738216400146484,81.06568908691406,0.5018875598907471,0.23537136614322662,-0.048017699271440506,0.7345548868179321
666,56.543792724609375,81.5702896118164,0.5029125809669495,0.23543991148471832,-0.04570671170949936,0.7381558418273926
667,56.42372131347656,79.31652069091797,0.5009000301361084,0.23546110093593597,-0.0021836969535797834,0.7502983808517456
668,55.966949462890625,79.54923248291016,0.5039250254631042,0.2355535328388214,0.0185204166918993,0.7496742606163025
669,55.18499755859375,77.28195190429688,0.5031125545501709,0.23562684655189514,-0.014237959869205952,0.7671871185302734
670,55.69974899291992,78.64512634277344,0.5027375221252441,0.23569133877754211,0.03972227871417999,0.7684467434883118
671,55.75751876831055,78.17915344238281,0.500700056552887,0.2357078343629837,-0.014490431174635887,0.7541334629058838
672,55.084877014160156,76.23091125488281,0.4948500096797943,0.23558644950389862,0.022008957341313362,0.7457905411720276
673,55.00749206542969,75.74136352539062,0.49890002608299255,0.23556053638458252,0.029628045856952667,0.7481685280799866
674,55.760982513427734,79.43220520019531,0.4989375174045563,0.23553550243377686,0.019783703610301018,0.7502168416976929
675,56.09865951538086,82.17518615722656,0.49147501587867737,0.23533470928668976,-0.003942187875509262,0.7268220782279968
676,55.17879104614258,77.42903137207031,0.4948250353336334,0.23521292209625244,-0.016970066353678703,0.7711578607559204
677,54.770450592041016,77.7144546508789,0.49242502450942993,0.2350347489118576,-0.013998686335980892,0.7436994910240173
678,55.78427505493164,80.8548812866211,0.49115005135536194,0.23482674360275269,0.011418089270591736,0.7417140007019043
679,56.030391693115234,80.96346282958984,0.4886375367641449,0.23455992341041565,-0.016663946211338043,0.7405884861946106
680,55.60978317260742,80.2701644897461,0.4860125482082367,0.2342318296432495,-0.018725108355283737,0.7294919490814209
681,56.056575775146484,80.9439697265625,0.4908375144004822,0.23401722311973572,-0.0009206801187247038,0.7429490089416504
682,55.34265899658203,79.58209228515625,0.48945003747940063,0.23377034068107605,0.004605353344231844,0.7511680722236633
683,54.511627197265625,78.79342651367188,0.48897501826286316,0.23351261019706726,-0.02724769338965416,0.7394402027130127
684,55.04844284057617,77.90179443359375,0.490850031375885,0.23329894244670868,-0.025798169896006584,0.7558655738830566
685,54.355987548828125,75.66300964355469,0.4863250255584717,0.2329799085855484,-0.011653579771518707,0.7237195372581482
686,55.68365478515625,79.30069732666016,0.4876125454902649,0.23269130289554596,0.007104276213794947,0.7466080784797668
687,55.623741149902344,79.37014770507812,0.49447500705718994,0.23256275057792664,-0.03503194451332092,0.7687610983848572
688,55.18337631225586,78.3493423461914,0.4954500198364258,0.23245692253112793,-0.002667429158464074,0.7524062395095825
689,56.23139190673828,80.45326232910156,0.49877503514289856,0.2324284464120865,-0.059180568903684616,0.7240740060806274
690,56.422542572021484,81.0217056274414,0.5011500120162964,0.23245517909526825,-0.04055612161755562,0.7172597646713257
691,56.70690155029297,82.4760971069336,0.5075500011444092,0.2326306700706482,-0.011365311220288277,0.7534142732620239
692,55.21430206298828,77.61962890625,0.50742506980896,0.23280340433120728,-0.00979562196880579,0.743147075176239
693,55.284950256347656,77.60486602783203,0.5078875422477722,0.23298704624176025,-0.017526207491755486,0.7302747368812561
694,55.430294036865234,77.40763092041016,0.5140625238418579,0.23331467807292938,0.007232603617012501,0.7405908703804016
695,55.188209533691406,76.70026397705078,0.5107125043869019,0.2335646152496338,-0.027999162673950195,0.7733529806137085
696,55.400840759277344,77.06757354736328,0.5102124810218811,0.2338031530380249,0.0020258580334484577,0.7584397196769714
697,56.190757751464844,78.65097045898438,0.5111375451087952,0.2340635508298874,-0.011972969397902489,0.7336806654930115
698,54.06713104248047,74.55973815917969,0.5108500123023987,0.23431752622127533,-0.018933460116386414,0.7887507081031799
699,55.882568359375,78.00232696533203,0.5044124722480774,0.23442091047763824,-0.036209337413311005,0.761962890625
700,54.32087707519531,74.5147933959961,0.5021750330924988,0.23447191715240479,-0.030278345569968224,0.7765651941299438
701,55.3578987121582,76.90523529052734,0.504212498664856,0.2345706969499588,-0.030968613922595978,0.7544698119163513
702,56.02968215942383,80.15074157714844,0.49921250343322754,0.23455223441123962,0.024776045233011246,0.7671216130256653
703,55.5030517578125,78.02539825439453,0.4973750114440918,0.23449066281318665,0.02231723628938198,0.7612294554710388
704,55.61436462402344,78.69951629638672,0.497637540102005,0.23443526029586792,0.026983115822076797,0.7650229930877686
705,55.5900993347168,79.35090637207031,0.49278753995895386,0.23426617681980133,-0.001460334868170321,0.7452343702316284
706,56.11029052734375,79.30934143066406,0.49422505497932434,0.2341308891773224,0.029169082641601562,0.7344778180122375
707,55.91071319580078,79.84828186035156,0.49320003390312195,0.23397168517112732,0.02007656916975975,0.7684230804443359
708,56.23708724975586,79.86079406738281,0.4958375096321106,0.23387429118156433,-0.006098640151321888,0.7475537061691284
709,55.700775146484375,77.77691650390625,0.49705004692077637,0.23380529880523682,0.02070496417582035,0.7402536273002625
710,54.88323974609375,75.11189270019531,0.49847501516342163,0.23376965522766113,0.002465753583237529,0.7371465563774109
711,55.26627731323242,75.60098266601562,0.5034375190734863,0.23385003209114075,0.01827748864889145,0.7571604251861572
712,55.317604064941406,74.99927520751953,0.5002625584602356,0.2338561713695526,0.03178289532661438,0.7582086324691772
713,55.03673553466797,74.42705535888672,0.5013875365257263,0.2338886260986328,0.0035452982410788536,0.7541464567184448
714,55.8729133605957,78.34073638916016,0.5017750263214111,0.23393014073371887,0.03326835110783577,0.7560040950775146
715,55.67294692993164,77.28716278076172,0.4943000376224518,0.23379680514335632,-0.011173630133271217,0.7616748213768005
716,54.78293228149414,74.66673278808594,0.499750018119812,0.23379096388816833,0.014126650989055634,0.7458648085594177
717,55.04166793823242,76.80652618408203,0.4932125508785248,0.23363228142261505,0.035213787108659744,0.7564440965652466
718,55.33749771118164,76.83650970458984,0.48895004391670227,0.23337411880493164,0.028504639863967896,0.738824725151062
719,55.39336013793945,76.51687622070312,0.49178752303123474,0.23318246006965637,0.0062471781857311726,0.7186426520347595
720,55.4510498046875,78.35413360595703,0.48579999804496765,0.23285134136676788,0.01870349422097206,0.7434598803520203
721,54.57442855834961,75.23011779785156,0.48520004749298096,0.23250672221183777,0.01774493232369423,0.6822184920310974
722,55.5440673828125,79.63269805908203,0.48493751883506775,0.23215650022029877,-0.011313799768686295,0.7236636281013489
723,54.984458923339844,78.03719329833984,0.48637503385543823,0.23184019327163696,0.0021452256478369236,0.7382978796958923
724,55.8481330871582,79.8285903930664,0.4872875213623047,0.23154546320438385,-0.0001928215060615912,0.7334457635879517
725,54.68454360961914,76.33318328857422,0.48897501826286316,0.23129017651081085,0.005376623477786779,0.74425208568573
726,54.92656707763672,77.82781219482422,0.492000013589859,0.23110513389110565,-0.03825609013438225,0.7338696122169495
727,56.1297492980957,81.4736557006836,0.4901750087738037,0.2308780699968338,-0.03331410139799118,0.731964111328125
728,55.49850845336914,78.53936767578125,0.4987125098705292,0.23084834218025208,0.011681681498885155,0.7341048717498779
729,57.2128791809082,84.54220581054688,0.4965125322341919,0.23076783120632172,0.012081283144652843,0.7400670647621155
730,55.024574279785156,77.2412338256836,0.5033250451087952,0.23084455728530884,-0.02259497344493866,0.7507704496383667
731,55.542213439941406,78.54022216796875,0.5026749968528748,0.23090630769729614,-0.020755145698785782,0.7063685655593872
732,56.15353012084961,80.05030059814453,0.5039000511169434,0.23099637031555176,-0.04028238356113434,0.7416902780532837
733,53.722511291503906,71.41059112548828,0.5083125233650208,0.23118838667869568,-0.03641022369265556,0.7183101773262024
734,56.04745101928711,79.84502410888672,0.5066125392913818,0.23134125769138336,0.006035781931132078,0.7436162233352661
735,54.8948974609375,76.21891021728516,0.5093750357627869,0.23155812919139862,-0.026157353073358536,0.7471538782119751
736,55.270050048828125,77.93515014648438,0.5083375573158264,0.2317511886358261,-0.017080586403608322,0.7565349340438843
737,55.04555892944336,75.34379577636719,0.5048625469207764,0.23186388611793518,-0.0002977914991788566,0.7551840543746948
738,54.65667724609375,75.95014190673828,0.5056125521659851,0.23199401795864105,-0.03917913883924484,0.7332713007926941
739,54.66706848144531,75.24311065673828,0.5108500719070435,0.23224574327468872,-0.022797396406531334,0.7179847359657288
740,54.98796844482422,76.27963256835938,0.5062375068664551,0.2323905974626541,-0.0342051200568676,0.7368834614753723
741,55.42829132080078,79.51840209960938,0.5087000131607056,0.23259277641773224,-0.015052895061671734,0.7412423491477966
742,55.036197662353516,76.54686737060547,0.5069625377655029,0.23275473713874817,0.0016172805335372686,0.7740111351013184
743,55.243404388427734,77.005615234375,0.507900059223175,0.23293861746788025,0.033504411578178406,0.7216548323631287
744,55.56886291503906,78.1643295288086,0.5008749961853027,0.23295900225639343,1.683425944065675e-05,0.7454321980476379
745,55.89435958862305,79.99652862548828,0.5025250315666199,0.23301781713962555,-0.02253202721476555,0.7671983242034912
746,57.287025451660156,83.00897979736328,0.5020750164985657,0.23306617140769958,0.029647044837474823,0.738075315952301
747,55.05958938598633,76.27702331542969,0.5023750066757202,0.23312151432037354,0.008113487623631954,0.7499255537986755
748,56.31385803222656,80.15814971923828,0.49820002913475037,0.23307955265045166,0.0076796612702310085,0.7560760378837585
749,55.71660232543945,79.49024963378906,0.4993250370025635,0.23306383192539215,-0.025147557258605957,0.7566696405410767
750,54.610137939453125,74.28192138671875,0.5030875205993652,0.23313578963279724,-0.013584424741566181,0.7418177127838135
751,55.931270599365234,79.37345886230469,0.5011000037193298,0.23316143453121185,0.02037336491048336,0.7549076080322266
752,55.20054626464844,76.71651458740234,0.5004374980926514,0.23317164182662964,-0.00971794780343771,0.7706181406974792
753,54.75093078613281,75.05865478515625,0.5064375400543213,0.23332174122333527,0.013068090192973614,0.7455331683158875
754,54.964447021484375,75.23173522949219,0.5030875205993652,0.23339377343654633,0.011446569114923477,0.7754356861114502
755,55.260276794433594,76.97024536132812,0.5063625574111938,0.23354226350784302,0.029611222445964813,0.781497597694397
756,55.12090301513672,76.18104553222656,0.4981875419616699,0.2334999293088913,-0.01192083116620779,0.7263882160186768
757,55.20556640625,77.98703002929688,0.4970250427722931,0.23343046009540558,-0.02776317112147808,0.785919189453125
758,55.26649475097656,77.47412109375,0.49441254138946533,0.23330003023147583,-0.001983610214665532,0.7523871064186096
759,55.126651763916016,77.43584442138672,0.4947625398635864,0.23317784070968628,-0.04079312086105347,0.7288969159126282
760,55.26123046875,77.24996948242188,0.4915500283241272,0.23298080265522003,-0.05328608304262161,0.7392863035202026
761,56.17157745361328,80.611328125,0.48907503485679626,0.23272627592086792,-0.002294770907610655,0.7465188503265381
762,54.01017379760742,73.4044418334961,0.4833250343799591,0.23233820497989655,-0.0027754937764257193,0.7469330430030823
763,55.46780776977539,78.80235290527344,0.48391249775886536,0.23196443915367126,0.036282964050769806,0.7406653761863708
764,55.60163497924805,79.05662536621094,0.486050009727478,0.23164084553718567,-0.00198548031039536,0.7233044505119324
765,54.78019332885742,75.84627532958984,0.48403748869895935,0.23127108812332153,0.013790350407361984,0.7260871529579163
766,55.664791107177734,80.27986907958984,0.4887625277042389,0.23101119697093964,-0.006213545333594084,0.7276089191436768
767,55.37649154663086,78.5331039428711,0.4931250214576721,0.2308523803949356,0.01237750519067049,0.7203714847564697
768,55.551692962646484,78.19712829589844,0.49592503905296326,0.23075830936431885,0.03420081362128258,0.7209651470184326
769,55.53919982910156,77.75189208984375,0.5035000443458557,0.2308390736579895,0.03804878145456314,0.6931988596916199
770,54.593265533447266,74.30350494384766,0.5074124932289124,0.23101018369197845,0.03720923140645027,0.7245727777481079
771,55.71904373168945,77.14292907714844,0.5070875287055969,0.23117390275001526,0.013616617769002914,0.7196629047393799
772,55.166465759277344,78.3785400390625,0.5091000199317932,0.23138427734375,0.0008401279919780791,0.7250351905822754
773,55.94623565673828,77.6434326171875,0.5137125253677368,0.2317015677690506,0.0436546728014946,0.7333414554595947
774,55.6992073059082,77.27314758300781,0.5116750001907349,0.2319720834493637,0.009168709628283978,0.712002694606781
775,55.29405975341797,76.54944610595703,0.5122125744819641,0.23225538432598114,0.025196051225066185,0.7232589721679688
776,56.16779327392578,78.95226287841797,0.5103875398635864,0.23249664902687073,-0.005387924611568451,0.7208959460258484
777,55.24443435668945,77.03233337402344,0.5103875398635864,0.2327381670475006,0.009343626908957958,0.7290114760398865
778,56.07822799682617,78.32701873779297,0.5090000033378601,0.23294763267040253,-0.011337252333760262,0.7460403442382812
779,55.03371047973633,76.32213592529297,0.5083625316619873,0.2331424355506897,-0.005481537897139788,0.7623471021652222
780,55.486228942871094,77.6488265991211,0.5041500329971313,0.23323918879032135,-0.008007923141121864,0.7380365133285522
781,55.251075744628906,77.09247589111328,0.5013250112533569,0.23327010869979858,0.015954935923218727,0.759078860282898
782,56.08861541748047,80.05912780761719,0.5022750496864319,0.23332317173480988,-0.014654434286057949,0.7258655428886414
783,54.83689880371094,75.68773651123047,0.4985625147819519,0.23328962922096252,0.017348522320389748,0.7393469214439392
784,55.1254768371582,76.67723846435547,0.49665001034736633,0.233211487531662,0.008118700236082077,0.7593100070953369
785,56.14216232299805,80.87615203857422,0.48996251821517944,0.23297740519046783,0.017451126128435135,0.7472419142723083
786,55.924110412597656,79.60136413574219,0.4927250146865845,0.232807919383049,0.00987002532929182,0.7358580827713013
787,55.125709533691406,78.26983642578125,0.48903754353523254,0.23255270719528198,0.035288006067276,0.7380783557891846
788,55.60755157470703,78.82369232177734,0.49137502908706665,0.2323521375656128,0.03504345193505287,0.7356781959533691
789,55.40373229980469,78.44587707519531,0.4933750331401825,0.23219820857048035,0.036982499063014984,0.7452099323272705
790,54.67889404296875,77.17665100097656,0.4906625747680664,0.23198139667510986,0.0204971544444561,0.748518168926239
791,55.788108825683594,79.83397674560547,0.4884500205516815,0.2317134588956833,-0.017643768340349197,0.7261907458305359
792,56.45112991333008,81.93123626708984,0.48670002818107605,0.23140527307987213,0.029228147119283676,0.7481759786605835
793,54.67059326171875,76.35929107666016,0.49307504296302795,0.2312450259923935,-0.006033026147633791,0.7518659830093384
794,56.5335807800293,81.17345428466797,0.4925500452518463,0.23107275366783142,-0.0015066686319187284,0.7318012714385986
795,56.36635208129883,80.38449096679688,0.49139997363090515,0.23087403178215027,0.01722687855362892,0.7464789152145386
796,54.924468994140625,77.20767211914062,0.4949500262737274,0.2307574450969696,0.015197846107184887,0.7635248303413391
797,54.708892822265625,75.68531799316406,0.49935007095336914,0.2307424545288086,-0.005840630736202002,0.7627946138381958
798,55.532047271728516,77.41192626953125,0.5004374980926514,0.23075254261493683,0.013854481279850006,0.7640170454978943
799,54.59682846069336,75.35183715820312,0.5031875371932983,0.23082609474658966,0.015255752019584179,0.758123517036438
800,54.814632415771484,76.62178039550781,0.5027375221252441,0.23088927567005157,-0.03140711039304733,0.7981247305870056
801,55.1860237121582,75.87409210205078,0.4988250434398651,0.23086215555667877,0.02529113180935383,0.767672061920166
802,55.137718200683594,76.2883529663086,0.5008500218391418,0.23088178038597107,0.0008377538179047406,0.783123791217804
803,56.039276123046875,78.43265533447266,0.4959375262260437,0.2307879775762558,0.041651543229818344,0.7265499234199524
804,55.258365631103516,77.42704772949219,0.4947250485420227,0.23066623508930206,0.04586491361260414,0.7237947583198547
805,54.75108337402344,75.06742858886719,0.49313753843307495,0.23050794005393982,0.047797564417123795,0.7473007440567017
806,55.460121154785156,77.60356140136719,0.5023125410079956,0.2305612415075302,0.0056687635369598866,0.7506938576698303
807,54.9403190612793,76.43347930908203,0.4940875172615051,0.2304249107837677,0.06214509159326553,0.704766035079956
808,54.61391067504883,75.8858642578125,0.499625027179718,0.23041626811027527,0.03290851041674614,0.7263486385345459
809,54.729190826416016,74.36554718017578,0.49438753724098206,0.23028695583343506,0.03336338326334953,0.7397366762161255
810,54.7972412109375,76.72432708740234,0.49627503752708435,0.23020118474960327,0.030559323728084564,0.7335317730903625
811,55.65779495239258,80.08929443359375,0.4971875250339508,0.230136439204216,0.03383627533912659,0.7427791357040405
812,55.41748809814453,78.50552368164062,0.4944375157356262,0.23000842332839966,-0.02593134343624115,0.7314918041229248
813,55.581459045410156,79.12759399414062,0.4947250187397003,0.22988709807395935,-0.005194916855543852,0.7542027831077576
814,55.8748779296875,78.54401397705078,0.49826252460479736,0.22984716296195984,0.00813976302742958,0.7455874085426331
815,54.481327056884766,74.74870300292969,0.4989875257015228,0.22982388734817505,-0.00738211115822196,0.739468514919281
816,54.86613464355469,77.8494873046875,0.502262532711029,0.22987589240074158,0.02137346751987934,0.7500621676445007
817,55.85897445678711,79.18177032470703,0.49945002794265747,0.229863241314888,-0.02807457372546196,0.7252746820449829
818,55.488624572753906,77.64280700683594,0.49845004081726074,0.2298276126384735,0.015334307216107845,0.726304829120636
819,54.96128463745117,76.05176544189453,0.49515002965927124,0.22971615195274353,0.03387373685836792,0.7270999550819397
820,54.38920974731445,74.84884643554688,0.4970625340938568,0.2296486794948578,-0.03644969314336777,0.7538506388664246
821,55.4816780090332,77.75401306152344,0.500712513923645,0.22966505587100983,0.02569773979485035,0.7292869687080383
822,54.2619743347168,75.60783386230469,0.4996500313282013,0.22965702414512634,-0.0010355205740779638,0.7084046602249146
823,56.34762191772461,81.50785064697266,0.4941500425338745,0.2295226752758026,0.021644076332449913,0.7230691313743591
824,55.53243637084961,78.33419036865234,0.49953752756118774,0.2295120656490326,-0.007629313040524721,0.7502546906471252
825,55.281700134277344,76.85301208496094,0.4946625232696533,0.22938956320285797,0.01884465478360653,0.7498212456703186
826,54.44802474975586,76.25972747802734,0.5025625228881836,0.2294483631849289,0.005019560921937227,0.735288143157959
827,54.915714263916016,75.29171752929688,0.49557504057884216,0.22934682667255402,0.037496715784072876,0.7249983549118042
828,55.67758560180664,79.90288543701172,0.5031999945640564,0.22942021489143372,0.034345027059316635,0.749783456325531
829,54.19815444946289,74.0781021118164,0.49671250581741333,0.22934478521347046,0.0343889445066452,0.73588627576828
830,54.592315673828125,74.58342742919922,0.49943751096725464,0.2293318808078766,0.027860691770911217,0.7515156269073486
831,55.29717254638672,77.27267456054688,0.49486249685287476,0.22921407222747803,0.04446910321712494,0.7305476665496826
832,55.71504211425781,79.2802505493164,0.4928625524044037,0.22905047237873077,-0.016349414363503456,0.7307936549186707
833,55.489906311035156,78.53598022460938,0.4933750331401825,0.22889871895313263,0.021484501659870148,0.7241222858428955
834,55.1606330871582,78.43843841552734,0.4969625473022461,0.22882919013500214,0.0422971285879612,0.7499848008155823
835,55.78013229370117,79.03753662109375,0.49682503938674927,0.22875653207302094,0.026571601629257202,0.7575176954269409
836,55.45405197143555,77.72705078125,0.4982375502586365,0.22871620953083038,0.01774980127811432,0.7164293527603149
837,55.89158248901367,80.3626480102539,0.5003625154495239,0.22872449457645416,-0.0066973622888326645,0.719051718711853
838,56.271793365478516,79.17694091796875,0.4970875084400177,0.22865788638591766,0.007165014743804932,0.7420198917388916
839,55.49895095825195,77.4366455078125,0.5014625191688538,0.22869133949279785,0.01125574205070734,0.7245880365371704
840,55.59624099731445,77.36737823486328,0.49806252121925354,0.22864702343940735,-0.02716376632452011,0.7546265125274658
841,55.7681770324707,77.90201568603516,0.49980005621910095,0.22864246368408203,0.028391359373927116,0.761133074760437
842,55.63056564331055,77.23207092285156,0.5024750232696533,0.22869904339313507,0.04550117626786232,0.7326096296310425
843,54.55349349975586,73.7923355102539,0.5070250630378723,0.22885970771312714,-0.017134135589003563,0.7698964476585388
844,54.25424575805664,73.05020141601562,0.5066000819206238,0.22901077568531036,-9.41801135923015e-06,0.7419538497924805
845,54.67885208129883,76.07854461669922,0.5071750283241272,0.22917509078979492,0.01591143012046814,0.7777883410453796
846,53.562522888183594,71.04435729980469,0.5041000247001648,0.22926904261112213,-0.0011949149193242192,0.732134222984314
847,55.44364929199219,77.38499450683594,0.5018500089645386,0.22931146621704102,0.018251508474349976,0.7448919415473938
848,55.57235336303711,79.45046997070312,0.4987500309944153,0.22928281128406525,-0.015811851248145103,0.7365134954452515
849,55.1693115234375,75.02635192871094,0.502262532711029,0.22933468222618103,0.05718778446316719,0.742743730545044
850,55.94441223144531,78.03398895263672,0.4948500096797943,0.2292165756225586,0.0383494570851326,0.7190724015235901
851,55.19789123535156,77.19664001464844,0.49320003390312195,0.22906070947647095,0.0365167111158371,0.7081387639045715
852,55.4715690612793,79.63115692138672,0.49522507190704346,0.2289513349533081,0.04979008063673973,0.7317096590995789
853,54.60834884643555,75.63594818115234,0.49710002541542053,0.22888495028018951,0.04220756143331528,0.7041460275650024
854,54.782474517822266,76.74156188964844,0.488800048828125,0.22862860560417175,0.022186776623129845,0.7524137496948242
855,54.5052490234375,75.26803588867188,0.49086251854896545,0.228419691324234,-0.008834685198962688,0.7430644631385803
856,54.46941375732422,75.70349884033203,0.4912624955177307,0.2282201051712036,0.01300116814672947,0.7029184699058533
857,55.211158752441406,78.396728515625,0.4932125508785248,0.22806520760059357,0.01887982152402401,0.7397727370262146
858,55.53738784790039,79.99956512451172,0.49803751707077026,0.22802045941352844,0.020358242094516754,0.7373930811882019
859,54.369441986083984,74.36734771728516,0.5017250776290894,0.2280597984790802,0.035469744354486465,0.7340348958969116
860,56.38581848144531,79.417236328125,0.5007749795913696,0.2280774712562561,0.010210919193923473,0.7316299676895142
861,56.057708740234375,79.6656265258789,0.5025250315666199,0.22813506424427032,-0.004729652311652899,0.7263320684432983
862,55.36635208129883,77.66193389892578,0.5089375376701355,0.22833895683288574,0.0012827242026105523,0.766708493232727
863,54.466861724853516,74.58314514160156,0.5051500201225281,0.2284565418958664,0.07564722746610641,0.7509567141532898
864,54.600101470947266,73.8408203125,0.5102750062942505,0.22869127988815308,0.023203805088996887,0.7353246212005615
865,53.582191467285156,69.38934326171875,0.511162519454956,0.22894656658172607,0.011536359786987305,0.7392287850379944
866,55.377052307128906,76.3232650756836,0.5091625452041626,0.22915633022785187,-0.007277855183929205,0.7031495571136475
867,55.95502471923828,78.9265365600586,0.506225049495697,0.22929897904396057,-0.014778384007513523,0.7591496109962463
868,54.190975189208984,73.34524536132812,0.5020750164985657,0.22934657335281372,0.00791669636964798,0.7440298795700073
869,54.841129302978516,75.71599578857422,0.4989500343799591,0.22932249307632446,0.011477870866656303,0.7544094324111938
870,54.72246170043945,75.25110626220703,0.49621254205703735,0.22923564910888672,0.00982353650033474,0.7511223554611206
871,55.25785827636719,76.70853424072266,0.494687557220459,0.2291138619184494,-0.010433037765324116,0.7542729377746582
872,55.549530029296875,79.75723266601562,0.4888875484466553,0.22885926067829132,0.00954336579889059,0.7309637069702148
873,54.75829315185547,77.2224349975586,0.48741254210472107,0.22857119143009186,0.048330117017030716,0.7447410821914673
874,55.266334533691406,78.86263275146484,0.48335000872612,0.228190615773201,-0.0028705960139632225,0.7285062670707703
875,55.291107177734375,77.18539428710938,0.4890875518321991,0.2279416024684906,-0.010593734681606293,0.7353392839431763
876,54.01226806640625,73.58551025390625,0.49108755588531494,0.22773844003677368,0.03291464224457741,0.7319048643112183
877,54.33494567871094,74.19718933105469,0.4923250377178192,0.22756366431713104,0.030762886628508568,0.7302412986755371
878,54.91143798828125,75.52812194824219,0.4950375258922577,0.22745072841644287,0.04413763806223869,0.7358791828155518
879,55.49347686767578,77.86661529541016,0.4961000382900238,0.2273620218038559,0.047922004014253616,0.7550092935562134
880,55.15074157714844,76.10249328613281,0.4980500042438507,0.227317675948143,0.0070412373170256615,0.7334123253822327
881,55.3590087890625,78.36479949951172,0.5003875494003296,0.22732648253440857,0.02632063440978527,0.7166012525558472
882,55.235435485839844,76.0970230102539,0.5041624903678894,0.2274211198091507,0.034591443836688995,0.7445385456085205
883,55.8991584777832,77.38018035888672,0.5039874911308289,0.22751180827617645,0.022015564143657684,0.7343063950538635
884,55.94096755981445,78.69524383544922,0.505299985408783,0.22763238847255707,0.052109766751527786,0.7521740198135376
885,55.594627380371094,77.14192962646484,0.506725013256073,0.22778546810150146,0.01637444458901882,0.7326708436012268
886,55.1236572265625,76.43289947509766,0.5057250261306763,0.22791586816310883,0.024767665192484856,0.7124425172805786
887,55.72346878051758,78.5566177368164,0.5088125467300415,0.2281167060136795,-0.007826381362974644,0.7188239693641663
888,54.01169967651367,73.16474914550781,0.5019375085830688,0.22816090285778046,0.017559075728058815,0.7466961741447449
889,55.64509963989258,78.52462768554688,0.5039125680923462,0.2282501757144928,0.010434672236442566,0.7276672720909119
890,53.9351806640625,72.55677032470703,0.49752503633499146,0.22819368541240692,0.023510253056883812,0.7462913393974304
891,54.677616119384766,75.57907104492188,0.4992750585079193,0.22817714512348175,-0.03127700090408325,0.7554435729980469
892,56.025611877441406,79.60295104980469,0.49847501516342163,0.22814235091209412,0.0656568706035614,0.7726723551750183
893,56.73259353637695,81.78582000732422,0.499812513589859,0.22813807427883148,-0.00866060983389616,0.7336431741714478
894,55.4368896484375,79.34085845947266,0.4945250451564789,0.22801317274570465,-0.010400640778243542,0.7329951524734497
895,55.3040657043457,77.961181640625,0.49771252274513245,0.22796101868152618,0.05189619958400726,0.7113497257232666
896,54.42314910888672,76.18743896484375,0.49578753113746643,0.22786499559879303,0.0005751877324655652,0.7443837523460388
897,55.22508239746094,77.57842254638672,0.49906253814697266,0.22784362733364105,-0.004297094419598579,0.7240272760391235
898,55.34189987182617,78.0938720703125,0.49976253509521484,0.22783821821212769,0.01358806248754263,0.7378392815589905
899,54.7611083984375,76.0418701171875,0.4956875145435333,0.22773995995521545,0.007772909477353096,0.7384716868400574
900,55.48085403442383,77.77445983886719,0.49522504210472107,0.22763121128082275,0.004893608391284943,0.7651566863059998
901,54.860084533691406,75.25365447998047,0.499750018119812,0.2276255190372467,0.032362133264541626,0.7363434433937073
902,54.477508544921875,73.11388397216797,0.5015249848365784,0.22766022384166718,0.02719774655997753,0.7561671733856201
903,55.78749084472656,79.10826110839844,0.5018625259399414,0.22770261764526367,0.03929536044597626,0.732254683971405
904,54.9323844909668,75.9959945678711,0.49863752722740173,0.22767159342765808,0.019806405529379845,0.7392874956130981
905,54.58231735229492,73.9991226196289,0.5033000707626343,0.22774672508239746,-0.005717273335903883,0.7446367740631104
906,55.27742385864258,76.35952758789062,0.49765002727508545,0.22769320011138916,-0.00841477233916521,0.7835842370986938
907,54.38819885253906,75.93924713134766,0.500950038433075,0.22771483659744263,-0.016403546556830406,0.7415470480918884
908,54.938209533691406,76.78523254394531,0.500087559223175,0.2277168184518814,-0.009906775318086147,0.750813364982605
909,54.55622482299805,74.29580688476562,0.4990500211715698,0.22769518196582794,-0.004824123810976744,0.7403033971786499
910,56.34949493408203,79.15103149414062,0.4953250288963318,0.2275887429714203,-0.0159873329102993,0.7283303141593933
911,55.537376403808594,77.48252868652344,0.4981500208377838,0.22754663228988647,0.02379068173468113,0.7326824069023132
912,54.66111373901367,76.5564956665039,0.5012249946594238,0.22757451236248016,0.040022943168878555,0.7327004671096802
913,54.90607833862305,74.97116088867188,0.4999125301837921,0.2275725156068802,0.0358041487634182,0.711785614490509
914,56.95277404785156,81.3960952758789,0.5030125379562378,0.22764107584953308,0.06611540168523788,0.7483934760093689
915,55.62134552001953,75.73792266845703,0.5023375749588013,0.2276942878961563,0.03480246290564537,0.7227131128311157
916,55.00274658203125,75.98308563232422,0.5055249929428101,0.22782009840011597,0.07568193972110748,0.7172548174858093
917,55.972679138183594,77.72289276123047,0.5068875551223755,0.22797702252864838,0.06143432855606079,0.6952236890792847
918,55.045204162597656,75.8932113647461,0.5100374817848206,0.2282058596611023,0.06505708396434784,0.7330513596534729
919,54.28145980834961,72.6227035522461,0.5107750296592712,0.22845175862312317,0.07968617975711823,0.7506730556488037
920,56.1455078125,78.25806427001953,0.5071750283241272,0.2286156713962555,0.04778444766998291,0.7349107265472412
921,55.56675720214844,77.16403198242188,0.5038250088691711,0.22870312631130219,0.014976058155298233,0.7300443053245544
922,53.71029281616211,71.3687744140625,0.4985875189304352,0.22867082059383392,0.01241929642856121,0.7228716015815735
923,56.680057525634766,80.7932357788086,0.49383750557899475,0.2285299003124237,0.044724222272634506,0.7356191277503967
924,55.66768264770508,78.22412872314453,0.493925005197525,0.22839106619358063,0.04172097146511078,0.7452787756919861
925,55.577457427978516,77.19462585449219,0.4938625395298004,0.2282508909702301,-0.013508103787899017,0.7224752902984619
926,54.8184700012207,75.499755859375,0.4943750202655792,0.2281225025653839,0.04609780013561249,0.7219916582107544
927,54.94142150878906,74.896484375,0.49184998869895935,0.22793659567832947,-0.0036187651567161083,0.7307853698730469
928,55.184078216552734,76.11072540283203,0.4937625229358673,0.22779442369937897,-0.051747553050518036,0.7645478248596191
929,55.35082244873047,77.18817901611328,0.49037501215934753,0.2275751680135727,-0.0075671435333788395,0.7261567711830139
930,54.864501953125,76.88008117675781,0.49387502670288086,0.22743578255176544,-0.018684841692447662,0.7213939428329468
931,55.874107360839844,78.88227844238281,0.49617502093315125,0.22734878957271576,0.0045920382253825665,0.7563745379447937
932,55.03179931640625,75.81110382080078,0.4977375566959381,0.2272973507642746,0.03458492457866669,0.7624819874763489
933,54.4107666015625,74.14234924316406,0.5006250143051147,0.22731155157089233,-0.016410494223237038,0.7363126277923584
934,54.69425582885742,73.93694305419922,0.499162495136261,0.2272925227880478,-0.008963164873421192,0.7183741331100464
935,55.28245162963867,76.79438781738281,0.49617502093315125,0.22720558941364288,-0.0006523723714053631,0.7381696701049805
936,56.236576080322266,79.98651123046875,0.49447503685951233,0.2270800620317459,0.016556262969970703,0.7480781078338623
937,55.023284912109375,75.9471206665039,0.49676254391670227,0.22700653970241547,0.01551087200641632,0.7361310124397278
938,55.84416580200195,77.52374267578125,0.49668753147125244,0.2269313484430313,0.07499975711107254,0.7274298667907715
939,55.57399368286133,78.06876373291016,0.48907503485679626,0.22668342292308807,0.03827356919646263,0.7325619459152222
940,54.29021072387695,74.41300201416016,0.4911000430583954,0.22648167610168457,0.0575784370303154,0.7438283562660217
941,55.52202606201172,76.65311431884766,0.49125003814697266,0.2262835055589676,0.050721704959869385,0.7422658801078796
942,55.0384407043457,76.34626770019531,0.48907503485679626,0.22603629529476166,0.033310774713754654,0.7220770716667175
943,55.26105880737305,77.6280746459961,0.48872503638267517,0.22578144073486328,0.024459581822156906,0.7324069738388062
944,55.029335021972656,76.64501953125,0.48758751153945923,0.2255011796951294,0.03077065758407116,0.7176763415336609
945,55.16598129272461,76.96981048583984,0.49477502703666687,0.22538335621356964,0.02127210609614849,0.7013723850250244
946,55.12255096435547,77.51956176757812,0.4935625195503235,0.22523826360702515,0.024966329336166382,0.7460143566131592
947,55.268863677978516,77.757080078125,0.49463751912117004,0.22511747479438782,0.0487070269882679,0.7320058941841125
948,55.69843292236328,78.46839904785156,0.4954000413417816,0.22501392662525177,0.05694098770618439,0.7241731882095337
949,55.36664962768555,76.37283325195312,0.4942000210285187,0.22488342225551605,0.06157197058200836,0.7038822174072266
950,55.218238830566406,75.62269592285156,0.5050125122070312,0.2249961495399475,0.05946474149823189,0.7630569934844971
951,54.442928314208984,72.71135711669922,0.5055750608444214,0.22512158751487732,0.02499314770102501,0.6908891797065735
952,55.86653518676758,77.46272277832031,0.5005000829696655,0.22513285279273987,0.04260801896452904,0.7117579579353333
953,54.78921890258789,75.08349609375,0.5053375363349915,0.22525300085544586,0.025490596890449524,0.7356910109519958
954,55.26161575317383,76.054931640625,0.5082625150680542,0.22543911635875702,0.0492037869989872,0.6956118941307068
955,56.74922561645508,80.39137268066406,0.5036750435829163,0.2255219668149948,0.00021414757065940648,0.727266788482666
956,55.15534973144531,75.9276123046875,0.5033125281333923,0.22559668123722076,0.05790288373827934,0.7241942286491394
957,54.507659912109375,75.03131866455078,0.5045250058174133,0.22569876909255981,0.0291819479316473,0.750441312789917
958,55.75749206542969,77.54896545410156,0.5040750503540039,0.22579073905944824,0.060412753373384476,0.716919481754303
959,55.2125244140625,77.42526245117188,0.5029250383377075,0.22585679590702057,0.022635608911514282,0.6978700160980225
960,55.13853454589844,76.09273529052734,0.5005249977111816,0.22586864233016968,0.008658279664814472,0.7108282446861267
961,54.37042236328125,74.18797302246094,0.4993875324726105,0.2258547991514206,0.05560784786939621,0.7365807890892029
962,55.31220626831055,77.01884460449219,0.49832504987716675,0.22581696510314941,0.02187337353825569,0.755043625831604
963,55.683143615722656,78.13497161865234,0.49537503719329834,0.22571253776550293,0.045584537088871,0.7244952321052551
964,55.44960021972656,76.99630737304688,0.4940125346183777,0.22557739913463593,0.030758483335375786,0.7217430472373962
965,54.89215087890625,76.90135192871094,0.49630001187324524,0.225493922829628,0.013683355413377285,0.7429302334785461
966,54.79541778564453,76.44418334960938,0.49451252818107605,0.22537018358707428,0.036337077617645264,0.7311487793922424
967,55.11228561401367,75.6854476928711,0.49361249804496765,0.2252262383699417,-0.019175086170434952,0.7554972171783447
968,55.37637710571289,77.27751922607422,0.4935125410556793,0.22508013248443604,0.012061801739037037,0.7441431283950806
969,55.1747932434082,78.23226928710938,0.4929875135421753,0.2249222993850708,-0.017902180552482605,0.730347752571106
970,54.387149810791016,74.46778106689453,0.4969625174999237,0.224853977560997,-0.02220935933291912,0.7225440740585327
971,54.36213302612305,73.78104400634766,0.4946250319480896,0.2247331142425537,0.026434235274791718,0.7332320809364319
972,54.43411636352539,74.62712860107422,0.4980875551700592,0.22469012439250946,0.06097204610705376,0.7496429681777954
973,55.26481628417969,76.8707275390625,0.49307504296302795,0.2245345264673233,0.04717748612165451,0.7383431196212769
974,55.163726806640625,77.17448425292969,0.49592500925064087,0.22444301843643188,0.021937351673841476,0.7215214371681213
975,55.453369140625,77.40901184082031,0.5000874996185303,0.22444497048854828,0.020784055814146996,0.7266703844070435
976,55.535823822021484,77.47179412841797,0.49800002574920654,0.2244000881910324,0.02023562788963318,0.7445849180221558
977,56.10791778564453,78.8488540649414,0.49412500858306885,0.22426824271678925,0.03762779384851456,0.7144593000411987
978,54.701934814453125,75.28759765625,0.5005375742912292,0.22428029775619507,0.022887252271175385,0.725384533405304
979,53.8275260925293,70.67555236816406,0.505975067615509,0.22441430389881134,0.012596816755831242,0.7452161312103271
980,54.949676513671875,74.58133697509766,0.502750039100647,0.22447602450847626,0.012485042214393616,0.7188413739204407
981,56.04301452636719,78.31151580810547,0.5004875063896179,0.22448696196079254,3.306961298221722e-05,0.7423648834228516
982,55.68951416015625,77.28739929199219,0.4996500313282013,0.22447910904884338,0.03914962336421013,0.7324138879776001
983,55.718135833740234,77.29720306396484,0.5005000233650208,0.22449031472206116,0.03453570604324341,0.7209660410881042
984,53.876129150390625,72.57862854003906,0.4984750747680664,0.2244560867547989,0.0124135073274374,0.7045921683311462
985,53.682498931884766,71.16847229003906,0.5011375546455383,0.22448161244392395,0.05045958608388901,0.7156664729118347
986,55.268798828125,77.35850524902344,0.49705004692077637,0.2244153916835785,0.04653456434607506,0.7139289975166321
987,55.36371612548828,77.44699096679688,0.49793753027915955,0.2243691086769104,-0.01754164509475231,0.7143186330795288
988,54.295650482177734,73.4293212890625,0.49976253509521484,0.2243637889623642,0.052103687077760696,0.7271531820297241
989,54.84336853027344,75.65636444091797,0.49470004439353943,0.2242448776960373,0.053680937737226486,0.7046438455581665
990,55.652950286865234,77.39588165283203,0.5023375153541565,0.22429729998111725,0.008887873031198978,0.708368718624115
991,53.86214065551758,72.05857849121094,0.5039875507354736,0.22438673675060272,0.020351169630885124,0.7069995999336243
992,55.56626892089844,76.28196716308594,0.498725026845932,0.22435812652111053,0.040883325040340424,0.7265084981918335
993,54.92942428588867,75.62049865722656,0.5011250376701355,0.2243833690881729,0.02828293852508068,0.7318616509437561
994,55.53244400024414,77.86080932617188,0.5012250542640686,0.22441086173057556,0.020120181143283844,0.7235824465751648
995,55.675682067871094,78.74948120117188,0.5015375018119812,0.2244453728199005,0.013691402040421963,0.7021544575691223
996,54.987884521484375,75.56319427490234,0.5047125220298767,0.22455114126205444,0.023685382679104805,0.7246066927909851
997,55.13587951660156,77.13069152832031,0.5030875205993652,0.22462047636508942,0.023375554010272026,0.6960183382034302
998,56.01396179199219,77.77993774414062,0.5056500434875488,0.2247474044561386,0.05112516134977341,0.7243916988372803
999,55.119930267333984,75.3416748046875,0.505887508392334,0.22487972676753998,0.013776320032775402,0.7267738580703735
1000,54.64488220214844,73.969970703125,0.5064250230789185,0.22502422332763672,0.01709938421845436,0.6809553503990173
1001,54.3259391784668,73.00141143798828,0.5125500559806824,0.22530663013458252,-0.00013639831740874797,0.7042033672332764
1002,55.1425666809082,76.2131118774414,0.510437548160553,0.22554180026054382,0.015673363581299782,0.7448707818984985
1003,54.753326416015625,75.15290832519531,0.5128000378608704,0.22583048045635223,0.013596117496490479,0.7167869806289673
1004,54.84086608886719,73.60773468017578,0.5081750154495239,0.226015105843544,0.04374522343277931,0.6996349692344666
1005,55.168800354003906,75.64623260498047,0.5047750473022461,0.22612303495407104,0.012071969918906689,0.7401060461997986
1006,55.00154113769531,74.00827026367188,0.5028125643730164,0.2261866182088852,-0.046461381018161774,0.743218719959259
1007,54.14436340332031,72.9143295288086,0.5011749863624573,0.22621320188045502,-0.0036319110076874495,0.7607768774032593
1008,55.08348846435547,76.7010726928711,0.4981124997138977,0.22617049515247345,-0.008374674245715141,0.742088258266449
1009,56.10502243041992,80.11869812011719,0.49557504057884216,0.22607041895389557,0.015490634366869926,0.7679451107978821
1010,55.28049087524414,77.89926147460938,0.49355000257492065,0.22592461109161377,-0.013402084819972515,0.7248206734657288
1011,55.10879135131836,77.41007995605469,0.482012540102005,0.22551822662353516,-0.0428113117814064,0.7339725494384766
1012,55.459999084472656,78.68042755126953,0.4877750277519226,0.2252425253391266,0.03362144157290459,0.7099500298500061
1013,55.67001724243164,80.68090057373047,0.48867499828338623,0.2249874472618103,-0.01805383339524269,0.7414432764053345
1014,55.844242095947266,81.01347351074219,0.4937625229358673,0.22484710812568665,0.020356617867946625,0.7414847612380981
1015,54.39252471923828,76.11907958984375,0.4933375120162964,0.2246973067522049,0.04664945602416992,0.7424014806747437
1016,53.85414123535156,74.06024932861328,0.49547502398490906,0.22459562122821808,0.008306371979415417,0.7206458449363708
1017,55.14775085449219,78.45774841308594,0.49675002694129944,0.22452262043952942,0.031123656779527664,0.6900286078453064
1018,54.22385787963867,73.7149887084961,0.5037750601768494,0.22460739314556122,0.014603858813643456,0.7264703512191772
1019,54.335594177246094,73.4358901977539,0.5022125244140625,0.2246570885181427,0.011822104454040527,0.7335385084152222
1020,55.0984001159668,76.22152709960938,0.5007125735282898,0.2246731072664261,0.030526792630553246,0.7117690443992615
1021,56.6700439453125,80.10612487792969,0.506262481212616,0.2248138040304184,0.02330971695482731,0.7117035388946533
1022,55.22193145751953,76.83969116210938,0.5063624978065491,0.22495684027671814,0.04210559278726578,0.7119975090026855
1023,54.97880935668945,76.42481231689453,0.50742506980896,0.22512388229370117,0.030124910175800323,0.721765398979187
1024,55.24200439453125,76.22659301757812,0.50923752784729,0.2253318428993225,0.0016264721052721143,0.6938974261283875
1025,54.94486618041992,73.33506774902344,0.5061500668525696,0.2254704236984253,0.025920018553733826,0.7312000393867493
1026,55.06169891357422,75.21871185302734,0.5042375326156616,0.22556596994400024,0.050941817462444305,0.727948784828186
1027,54.92146682739258,73.81074523925781,0.5049625039100647,0.22567790746688843,0.022173302248120308,0.7778759598731995
1028,55.33962631225586,75.86953735351562,0.504925012588501,0.22578904032707214,0.04300270974636078,0.7215772867202759
1029,55.155887603759766,75.15060424804688,0.5041000247001648,0.22588160634040833,0.03408404439687729,0.7203097343444824
1030,55.60426712036133,76.02507019042969,0.5067375302314758,0.2260337918996811,0.04921846091747284,0.7610047459602356
1031,55.457942962646484,76.25715637207031,0.5065625309944153,0.22618213295936584,0.01805511862039566,0.7308372855186462
1032,54.48528289794922,74.17321014404297,0.501300036907196,0.2262115478515625,0.03806822746992111,0.7454447746276855
1033,55.42393112182617,77.41343688964844,0.5006750226020813,0.226226806640625,0.024595744907855988,0.7549806237220764
1034,54.9344367980957,74.09671783447266,0.5006375312805176,0.22624123096466064,0.037123266607522964,0.7317025065422058
1035,55.58806610107422,75.94324493408203,0.49748751521110535,0.2261843979358673,0.03809386491775513,0.7359082102775574
1036,55.787742614746094,76.89840698242188,0.49818751215934753,0.22614340484142303,0.005903109908103943,0.7229975461959839
1037,54.89599609375,74.71173858642578,0.49455001950263977,0.22602015733718872,0.042132019996643066,0.740729570388794
1038,55.65266036987305,76.86002349853516,0.4967125356197357,0.2259458601474762,0.006123870611190796,0.7349056601524353
1039,55.60905075073242,78.69117736816406,0.49608752131462097,0.2258574664592743,0.06674004346132278,0.6912602782249451
1040,54.3051872253418,74.52620697021484,0.49071255326271057,0.2256477028131485,0.001881599542684853,0.7376102805137634
1041,55.178810119628906,76.71073150634766,0.4905625283718109,0.22543475031852722,0.02848396636545658,0.7421301007270813
1042,54.5723762512207,76.27172088623047,0.49307504296302795,0.22527864575386047,0.04099436476826668,0.7093121409416199
1043,55.356361389160156,77.32804870605469,0.49125003814697266,0.22508153319358826,-0.004946059547364712,0.7115927934646606
1044,56.22038650512695,81.34881591796875,0.4914250373840332,0.22488853335380554,0.0203569158911705,0.7029955983161926
1045,55.30973434448242,77.92464447021484,0.4925500154495239,0.22472098469734192,-0.0025721569545567036,0.7337633967399597
1046,55.7231330871582,78.57589721679688,0.49182504415512085,0.22453728318214417,0.020540039986371994,0.7349934577941895
1047,54.39469909667969,73.8357925415039,0.49687501788139343,0.22446711361408234,0.004600273445248604,0.7469662427902222
1048,55.5490837097168,77.06733703613281,0.4992750287055969,0.22445084154605865,0.030279314145445824,0.7118505835533142
1049,54.54176330566406,74.13459014892578,0.502512514591217,0.22450724244117737,0.001229126937687397,0.7194867730140686
1050,55.72272491455078,77.41913604736328,0.5027250647544861,0.2245684266090393,0.03163411468267441,0.7384529113769531
1051,55.03121566772461,74.77046203613281,0.5001500248908997,0.22457179427146912,0.018642393872141838,0.7010852098464966
1052,54.745384216308594,74.68756866455078,0.5010625123977661,0.22459565103054047,0.053104471415281296,0.7231261730194092
1053,54.12976837158203,72.49446868896484,0.5043875575065613,0.22469420731067657,0.05512823536992073,0.7267565727233887
1054,55.12708282470703,74.49125671386719,0.4995500147342682,0.22468408942222595,0.045671246945858,0.7507398724555969
1055,55.24366760253906,75.10423278808594,0.4980500042438507,0.22464026510715485,0.05534607172012329,0.7428429126739502
1056,55.192447662353516,76.47447204589844,0.49500003457069397,0.22452794015407562,0.022487763315439224,0.6872668862342834
1057,55.80970001220703,77.07788848876953,0.500462532043457,0.22453832626342773,0.038667093962430954,0.7236908078193665
1058,55.94895935058594,78.16519165039062,0.491037517786026,0.22433707118034363,0.07423777878284454,0.709034264087677
1059,54.91544723510742,74.5533218383789,0.49621254205703735,0.2242521047592163,0.04551418498158455,0.7079408168792725
1060,54.48837661743164,73.16339111328125,0.49195003509521484,0.22407157719135284,0.039279114454984665,0.7217554450035095
1061,55.57968521118164,77.4927749633789,0.49836254119873047,0.2240348905324936,0.06446344405412674,0.7150158882141113
1062,55.024044036865234,75.86205291748047,0.4972875416278839,0.22397412359714508,0.043100252747535706,0.6990677714347839
1063,55.004085540771484,74.78071594238281,0.49543753266334534,0.22387193143367767,0.027480492368340492,0.7476062178611755
1064,54.56383514404297,74.0650634765625,0.4984875023365021,0.22383806109428406,0.004051834810525179,0.7541734576225281
1065,54.93315887451172,75.19965362548828,0.49550002813339233,0.22373732924461365,0.041916344314813614,0.7273696064949036
1066,54.29278564453125,72.71356201171875,0.4944000542163849,0.22361204028129578,0.0355057530105114,0.7137271165847778
1067,54.14457702636719,72.5162353515625,0.4943000078201294,0.2234845757484436,0.013706075958907604,0.7371976971626282
1068,54.63410186767578,74.76042938232422,0.4940500259399414,0.2233516126871109,0.0713014230132103,0.7394857406616211
1069,54.26656723022461,73.73846435546875,0.49172502756118774,0.2231667935848236,0.021135322749614716,0.6969159245491028
1070,54.55400085449219,74.35604095458984,0.49041250348091125,0.22295282781124115,0.06407447904348373,0.7162797451019287
1071,54.376792907714844,75.0007095336914,0.4874000549316406,0.22267191112041473,0.04847060516476631,0.7008273601531982
1072,54.82021713256836,74.83429718017578,0.49621254205703735,0.22258758544921875,0.030019326135516167,0.7187848687171936
1073,56.92027282714844,81.87062072753906,0.4910374879837036,0.22238808870315552,0.0653584897518158,0.725527822971344
1074,55.07827377319336,75.66921997070312,0.49080005288124084,0.222183495759964,0.04478786140680313,0.7147439122200012
1075,55.479637145996094,76.57286834716797,0.49400001764297485,0.22205018997192383,0.023403264582157135,0.7127310633659363
1076,55.336708068847656,76.53634643554688,0.49765005707740784,0.22199800610542297,0.01299029216170311,0.7173793315887451
1077,55.4094352722168,76.92086791992188,0.49582502245903015,0.22190533578395844,0.053899284452199936,0.7127662897109985
1078,56.47590637207031,79.14634704589844,0.4963500201702118,0.22182433307170868,0.05271613597869873,0.6655988097190857
1079,55.32881546020508,75.51889038085938,0.49646255373954773,0.22174586355686188,0.02858179248869419,0.6914839744567871
1080,54.29706954956055,72.44877624511719,0.49627500772476196,0.22166325151920319,0.07646943628787994,0.7236534953117371
1081,55.00428009033203,74.61841583251953,0.5010625123977661,0.22168679535388947,0.01812124066054821,0.6701627373695374
1082,54.29337692260742,72.65998840332031,0.4980500042438507,0.2216435670852661,0.04767996072769165,0.7170715928077698
1083,55.29536819458008,76.48278045654297,0.4950374960899353,0.22153356671333313,0.052407268434762955,0.7270574569702148
1084,55.70421600341797,77.8888168334961,0.48538753390312195,0.22120985388755798,0.04603976756334305,0.6847569346427917
1085,55.41083526611328,77.83375549316406,0.48522502183914185,0.22088302671909332,0.03173663839697838,0.7078041434288025
1086,54.17790985107422,72.29261016845703,0.4858125150203705,0.2205696403980255,0.06328553706407547,0.6833722591400146
1087,54.82834243774414,74.66816711425781,0.4868125319480896,0.2202787697315216,0.08469943702220917,0.6932744979858398
1088,56.10860061645508,79.08314514160156,0.48967504501342773,0.2200513333082199,0.05500718951225281,0.671623945236206
1089,54.43899154663086,73.51818084716797,0.4915125370025635,0.21986456215381622,0.07712825387716293,0.6763511300086975
1090,57.15336608886719,81.48225402832031,0.48758751153945923,0.2195916473865509,0.06449373066425323,0.7138372659683228
1091,55.354427337646484,76.21625518798828,0.49550002813339233,0.2194928228855133,0.004569290205836296,0.7014610767364502
1092,54.8821907043457,75.0339584350586,0.49492502212524414,0.2193814367055893,0.04893159866333008,0.7336140871047974
1093,54.0931282043457,71.87782287597656,0.49765005707740784,0.21932987868785858,0.09132961183786392,0.7100430727005005
1094,55.69855880737305,76.32001495361328,0.49591249227523804,0.2192402184009552,0.06418459117412567,0.7207797169685364
1095,55.04991912841797,73.87483215332031,0.4979749917984009,0.21919582784175873,0.030979353934526443,0.7242357730865479
1096,55.11054229736328,75.79161071777344,0.49486249685287476,0.21908321976661682,0.09160672128200531,0.7127188444137573
1097,55.482826232910156,76.73153686523438,0.4961250126361847,0.21899832785129547,0.04497932642698288,0.712587296962738
1098,55.27935028076172,76.28229522705078,0.49410003423690796,0.21886911988258362,0.07782008498907089,0.6962111592292786
1099,54.034568786621094,72.34349822998047,0.4965750277042389,0.21879416704177856,0.019692307338118553,0.7098579406738281
1100,54.38955307006836,72.08794403076172,0.5016999840736389,0.2188313603401184,0.013149679638445377,0.7197977304458618
1101,54.31314468383789,74.2077407836914,0.49582502245903015,0.21874000132083893,0.026144735515117645,0.725606381893158
1102,55.813133239746094,77.2925796508789,0.4965125322341919,0.21866372227668762,0.0609641969203949,0.708538830280304
1103,54.629302978515625,72.96475982666016,0.49627500772476196,0.21858225762844086,0.026818949729204178,0.6761719584465027
1104,54.731101989746094,74.03868865966797,0.4956749975681305,0.2184877246618271,0.05792192742228508,0.6900855302810669
1105,55.12268829345703,75.43800354003906,0.49790000915527344,0.21844184398651123,0.06553904712200165,0.6749470233917236
1106,55.64388656616211,76.79248046875,0.49793753027915955,0.21839679777622223,0.06574901193380356,0.6948128342628479
1107,55.31675720214844,75.91815948486328,0.5042000412940979,0.21848851442337036,0.02218732424080372,0.6767599582672119
1108,56.00353240966797,78.06957244873047,0.5024125576019287,0.2185412347316742,0.04547571763396263,0.7041429281234741
1109,54.70082092285156,75.35970306396484,0.5088624954223633,0.21873490512371063,0.057101134210824966,0.7157884836196899
1110,55.68974304199219,75.49202728271484,0.5092000365257263,0.21893616020679474,0.06794475018978119,0.7071226835250854
1111,54.2271842956543,71.58033752441406,0.5142999887466431,0.21924924850463867,0.0441361740231514,0.699026882648468
1112,55.49850082397461,75.43515014648438,0.5142250061035156,0.2195611298084259,0.05974568426609039,0.7105982899665833
1113,54.28641891479492,71.29277801513672,0.5158750414848328,0.2199096828699112,0.050069406628608704,0.6770715713500977
1114,56.01001739501953,76.96929931640625,0.5132874846458435,0.22020187973976135,0.03634657338261604,0.7194540500640869
1115,55.16134262084961,73.90079498291016,0.5035625100135803,0.22028031945228577,0.027915429323911667,0.7058760523796082
1116,55.603633880615234,75.2738265991211,0.5038625597953796,0.22036540508270264,0.0678296834230423,0.6816076040267944
1117,55.02206802368164,73.5815658569336,0.5038250088691711,0.22044970095157623,0.038506098091602325,0.6793730854988098
1118,54.61429977416992,75.9339828491211,0.500450074672699,0.22045964002609253,0.03272252529859543,0.7283086776733398
1119,55.14168930053711,75.71454620361328,0.5016500353813171,0.2204960137605667,0.028243504464626312,0.7025951147079468
1120,55.02504348754883,76.30709075927734,0.4995500445365906,0.2204860895872116,0.027458149939775467,0.6999179124832153
1121,55.00003433227539,75.30485534667969,0.49637502431869507,0.2204061597585678,0.015522285364568233,0.7019721269607544
1122,54.842628479003906,75.50965118408203,0.49505001306533813,0.22029705345630646,0.03466909006237984,0.6739234924316406
1123,54.90558624267578,75.90222930908203,0.49746254086494446,0.22024115920066833,0.06686809659004211,0.7177153825759888
1124,54.026641845703125,72.37854766845703,0.49873751401901245,0.22021335363388062,0.029356634244322777,0.723885715007782
1125,54.8861083984375,73.36032104492188,0.49992501735687256,0.2202116996049881,0.05939922109246254,0.7090190052986145
1126,54.56630325317383,71.79933166503906,0.49925002455711365,0.22019518911838531,0.06812344491481781,0.7042105197906494
1127,55.47976303100586,76.35808563232422,0.4966750144958496,0.22012197971343994,0.03719285875558853,0.6895540952682495
1128,55.276126861572266,74.4568862915039,0.5022500157356262,0.2201714962720871,0.017375590279698372,0.714653491973877
1129,54.51875305175781,73.59188842773438,0.497887521982193,0.2201249897480011,0.03395066782832146,0.7039421796798706
1130,54.60124206542969,73.57333374023438,0.5001375079154968,0.22012801468372345,0.06214834749698639,0.7107056975364685
1131,55.236610412597656,76.41883087158203,0.5003875494003296,0.22013653814792633,0.06459497660398483,0.7050314545631409
1132,55.031044006347656,76.2347640991211,0.5000750422477722,0.22013819217681885,0.03304225951433182,0.6750479936599731
1133,54.68156814575195,73.77914428710938,0.49803754687309265,0.22009499371051788,0.01514253206551075,0.7230451107025146
1134,55.25418472290039,77.49374389648438,0.49662503600120544,0.22002071142196655,0.06335429102182388,0.6856580972671509
1135,55.40321731567383,75.81671142578125,0.4940750300884247,0.21989035606384277,0.06428666412830353,0.7304123044013977
1136,54.34125900268555,74.35779571533203,0.49387502670288086,0.21975567936897278,0.07141850888729095,0.6971583366394043
1137,54.42681121826172,75.58977508544922,0.4919874966144562,0.21957959234714508,0.052261561155319214,0.6922604441642761
1138,55.13921356201172,77.2781982421875,0.4922500252723694,0.21940942108631134,0.04325398430228233,0.6779536008834839
1139,54.988277435302734,74.8780517578125,0.4918375611305237,0.21923033893108368,0.028626585379242897,0.7157750725746155
1140,55.03472137451172,75.9883041381836,0.496862530708313,0.21916155517101288,0.06287765502929688,0.7044153213500977
1141,54.585693359375,73.38130950927734,0.49795001745224,0.21911662817001343,0.07065320014953613,0.6991207599639893
1142,55.07148361206055,73.96574401855469,0.497575044631958,0.21906350553035736,0.04253390431404114,0.7166029214859009
1143,55.80752944946289,76.9560317993164,0.5011250376701355,0.21908815205097198,0.044276632368564606,0.7051305174827576
1144,54.93035888671875,74.00048065185547,0.5004875063896179,0.21909883618354797,0.04410756006836891,0.6836654543876648
1145,55.06617736816406,73.17345428466797,0.5061500072479248,0.21923358738422394,0.07967035472393036,0.696673572063446
1146,54.96943283081055,73.14640808105469,0.501675009727478,0.21927030384540558,0.05106491968035698,0.6821315288543701
1147,54.418373107910156,72.16942596435547,0.5004875063896179,0.21928098797798157,0.04827157035470009,0.7010854482650757
1148,54.66667938232422,72.85787963867188,0.49457502365112305,0.2191620171070099,0.07453171163797379,0.7041026949882507
1149,55.2501335144043,75.83921813964844,0.49941250681877136,0.2191491425037384,0.013418469578027725,0.707395613193512
1150,55.71369934082031,77.07640838623047,0.49627500772476196,0.2190674990415573,0.047200530767440796,0.6841629147529602
1151,54.533878326416016,72.94418334960938,0.4959000051021576,0.2189776748418808,0.053624775260686874,0.7008224129676819
1152,54.861759185791016,73.511474609375,0.5010375380516052,0.21900038421154022,0.08616583794355392,0.6886765360832214
1153,54.38465881347656,72.37828063964844,0.49867501854896545,0.2189713716506958,0.008444910869002342,0.6792851686477661
1154,54.1849365234375,72.23384857177734,0.49615004658699036,0.2188870757818222,0.05042276903986931,0.6936426162719727
1155,54.85625076293945,73.8857192993164,0.49480003118515015,0.2187732607126236,0.07142164558172226,0.653999924659729
1156,54.015907287597656,71.38593292236328,0.49900001287460327,0.21875138580799103,0.010407441295683384,0.6692172884941101
1157,55.57992172241211,75.98945617675781,0.4936375319957733,0.2186122089624405,0.0442013218998909,0.6818079948425293
1158,55.106624603271484,74.58566284179688,0.4925750494003296,0.2184498906135559,0.06097249686717987,0.6968814730644226
1159,54.931793212890625,73.28816986083984,0.4983750283718109,0.21841439604759216,0.0653386265039444,0.6718184947967529
1160,53.869873046875,71.07523345947266,0.4959375262260437,0.2183256596326828,0.08189170807600021,0.6803267598152161
1161,54.39424133300781,72.07171630859375,0.4925750494003296,0.21816354990005493,0.059500884264707565,0.7130264043807983
1162,55.26205062866211,75.1114501953125,0.4891124963760376,0.217926025390625,0.04743947088718414,0.6967456936836243
1163,54.92675018310547,72.7125015258789,0.48901253938674927,0.21768657863140106,0.038430072367191315,0.7182649970054626
1164,54.92487716674805,74.15835571289062,0.490850031375885,0.2174873948097229,0.04667556285858154,0.6764465570449829
1165,55.23726272583008,75.0353775024414,0.49213752150535583,0.2173163890838623,0.06495705246925354,0.7052575945854187
1166,54.807106018066406,73.30458068847656,0.48723751306533813,0.21703903377056122,0.05454198643565178,0.6570440530776978
1167,54.64366912841797,73.74166870117188,0.4922875165939331,0.21687164902687073,0.07300807535648346,0.6781930327415466
1168,53.41742706298828,69.0563735961914,0.4961250126361847,0.21678760647773743,0.08278976380825043,0.6612124443054199
1169,54.285709381103516,73.13844299316406,0.49455001950263977,0.2166694551706314,0.04741629213094711,0.6795725226402283
1170,55.510398864746094,75.92140197753906,0.4997875392436981,0.2166648507118225,0.03446095436811447,0.6679470539093018
1171,55.17311477661133,76.53436279296875,0.49773749709129333,0.21661582589149475,0.04161372408270836,0.6570942997932434
1172,55.299930572509766,75.43702697753906,0.5032250881195068,0.2166856825351715,0.03466290608048439,0.6836472153663635
1173,55.36002731323242,74.86050415039062,0.503350019454956,0.21675826609134674,0.051777176558971405,0.6762501001358032
1174,55.48652648925781,74.24533081054688,0.5039250254631042,0.2168433517217636,0.04714801907539368,0.6698974967002869
1175,54.43940734863281,70.07244110107422,0.5016124844551086,0.21687832474708557,0.05346449092030525,0.6645219922065735
1176,55.11589813232422,73.2959976196289,0.5039374828338623,0.2169637233018875,0.005119401961565018,0.6737495064735413
1177,55.630088806152344,75.15828704833984,0.498600035905838,0.21693333983421326,0.024871202185750008,0.6824790239334106
1178,53.668365478515625,68.42325592041016,0.499625027179718,0.21692520380020142,0.015518317930400372,0.6785523295402527
1179,53.99177551269531,69.53144836425781,0.49671250581741333,0.21685388684272766,0.04482082650065422,0.6675523519515991
1180,54.35762023925781,71.42312622070312,0.48903748393058777,0.21661615371704102,0.06367379426956177,0.6715677976608276
1181,54.712135314941406,71.92280578613281,0.4866250157356262,0.21632643043994904,0.05573972314596176,0.6778767108917236
1182,55.121253967285156,74.7454605102539,0.4868999719619751,0.21604304015636444,0.034042805433273315,0.6812198162078857
1183,54.86460494995117,74.0512466430664,0.4789625108242035,0.2155885398387909,0.07090288400650024,0.6962502598762512
1184,55.425018310546875,76.31794738769531,0.4816250205039978,0.21519239246845245,0.05976618081331253,0.6602874398231506
1185,55.79612731933594,76.72451782226562,0.4819125235080719,0.21480315923690796,0.0850406214594841,0.648329496383667
1186,55.6844596862793,77.65147399902344,0.4834750294685364,0.21444819867610931,0.0612410269677639,0.6643173694610596
1187,54.771583557128906,73.07355499267578,0.4830625355243683,0.21408498287200928,0.06472954154014587,0.6566275358200073
1188,54.15567398071289,70.63423919677734,0.48778751492500305,0.21382352709770203,0.060262858867645264,0.6599439978599548
1189,55.49751281738281,74.3427963256836,0.4856375455856323,0.21351642906665802,0.04970505088567734,0.6489396095275879
1190,55.30094909667969,74.550537109375,0.4924500286579132,0.21335522830486298,0.07091987133026123,0.6458532810211182
1191,54.63897705078125,72.86306762695312,0.48663753271102905,0.21307013928890228,0.06374790519475937,0.6618474125862122
1192,54.96273422241211,72.14830780029297,0.4879375100135803,0.2128131240606308,0.06838585436344147,0.6388429999351501
1193,55.34378433227539,73.77973175048828,0.4897000193595886,0.2125939279794693,0.09449964016675949,0.6488034129142761
1194,54.26606369018555,70.64630126953125,0.49026253819465637,0.21238690614700317,0.0643184557557106,0.6473144888877869
1195,54.52233123779297,71.70096588134766,0.4905500113964081,0.21218620240688324,0.042086467146873474,0.6751707792282104
1196,54.41365051269531,71.57640075683594,0.4917125105857849,0.21201035380363464,0.04575774073600769,0.6229175329208374
1197,54.00684356689453,70.81057739257812,0.48920002579689026,0.21178138256072998,0.08871668577194214,0.6654887199401855
1198,53.281002044677734,67.23745727539062,0.48926252126693726,0.21155399084091187,0.060753632336854935,0.6658577919006348
1199,54.27491760253906,71.55122375488281,0.4925750494003296,0.21139691770076752,0.09722596406936646,0.6395836472511292
1200,54.77853775024414,72.91592407226562,0.4881250262260437,0.21114587783813477,0.06789137423038483,0.6877115964889526
1201,54.7010612487793,70.35033416748047,0.49375003576278687,0.21101391315460205,0.03858594596385956,0.6451594233512878
1202,54.8541374206543,72.29303741455078,0.486237496137619,0.21072350442409515,0.028517642989754677,0.6603229641914368
1203,55.03313446044922,71.24687194824219,0.49217501282691956,0.21055860817432404,0.05253301188349724,0.6488920450210571
1204,55.40269088745117,74.19336700439453,0.49051254987716675,0.21035884320735931,0.06297405064105988,0.6566357016563416
1205,54.78363800048828,71.18914031982422,0.49642500281333923,0.21028363704681396,0.028363225981593132,0.6348766088485718
1206,55.62565231323242,73.95362091064453,0.4888000190258026,0.2100481241941452,0.04551032558083534,0.6296675801277161
1207,55.43403244018555,73.03449249267578,0.4937375485897064,0.20991657674312592,0.07016053050756454,0.6338478922843933
1208,55.48176193237305,72.81594848632812,0.49163752794265747,0.2097410261631012,0.09670115262269974,0.6374210119247437
1209,55.018863677978516,72.5316162109375,0.49121251702308655,0.2095567137002945,0.0832238495349884,0.6042877435684204
1210,54.271156311035156,70.19671630859375,0.49472498893737793,0.20944617688655853,0.04930903762578964,0.6254322528839111
1211,55.638389587402344,73.58163452148438,0.49358755350112915,0.20931187272071838,0.06485524028539658,0.6393188238143921
1212,53.6413688659668,68.11932373046875,0.49268752336502075,0.20915882289409637,0.05704863369464874,0.6449564695358276
1213,54.49716567993164,71.1111068725586,0.4937875270843506,0.20902888476848602,0.11596345901489258,0.6121269464492798
1214,55.22547149658203,73.63702392578125,0.49221253395080566,0.20886610448360443,0.07261331379413605,0.6046983599662781
1215,54.45961380004883,71.07689666748047,0.49278756976127625,0.20871546864509583,0.079435333609581,0.6216543316841125
1216,53.98271179199219,68.48438262939453,0.49208754301071167,0.2085503190755844,0.0827014148235321,0.6327763199806213
1217,54.775230407714844,71.61839294433594,0.4895000159740448,0.20833134651184082,0.1168043464422226,0.5891038775444031
1218,54.27899169921875,69.86795806884766,0.4912000298500061,0.2081480175256729,0.051693663001060486,0.6408042311668396
1219,54.900943756103516,72.62039947509766,0.48528754711151123,0.20784178376197815,0.061553046107292175,0.6133747696876526
1220,54.407188415527344,70.29528045654297,0.48173752427101135,0.20746222138404846,0.07983341068029404,0.6368739604949951
1221,54.706966400146484,70.09014129638672,0.47905001044273376,0.2070275843143463,0.09999270737171173,0.5970406532287598
1222,54.787479400634766,69.77742767333984,0.4784500002861023,0.20658144354820251,0.08365172147750854,0.6241636276245117
1223,54.811649322509766,70.34935760498047,0.4801750183105469,0.2061719000339508,0.06629075855016708,0.6060668230056763
1224,54.554718017578125,71.26618957519531,0.48096251487731934,0.20577938854694366,0.05795679986476898,0.6409306526184082
1225,53.7162971496582,66.04644012451172,0.4869624972343445,0.20551110804080963,0.07006972283124924,0.6329925060272217
1226,54.80735778808594,71.40027618408203,0.4805125296115875,0.2051106095314026,0.05344266816973686,0.6321695446968079
1227,54.77935028076172,71.74823760986328,0.4856625199317932,0.204816535115242,0.06716687232255936,0.6122887134552002
1228,54.265586853027344,68.34322357177734,0.4806750416755676,0.20442073047161102,0.0860842913389206,0.6197465062141418
1229,55.18037033081055,71.84333801269531,0.48153752088546753,0.20404331386089325,0.07367473095655441,0.5588756203651428
1230,54.07208251953125,68.76606750488281,0.48817503452301025,0.20380203425884247,0.06553594022989273,0.5990480184555054
1231,54.671607971191406,69.32119750976562,0.4889250099658966,0.20357632637023926,0.08235321193933487,0.573052704334259
1232,55.197471618652344,73.11528015136719,0.4884500205516815,0.20334118604660034,0.08229580521583557,0.5776259303092957
1233,55.977474212646484,75.05773162841797,0.48704999685287476,0.20307786762714386,0.0912783294916153,0.5864903330802917
1234,54.54196548461914,69.48455047607422,0.49082502722740173,0.202891543507576,0.09364203363656998,0.5777580738067627
1235,54.829551696777344,70.74168395996094,0.48202505707740784,0.20252685248851776,0.0993594229221344,0.5578774213790894
1236,54.81497573852539,71.92083740234375,0.4892500340938568,0.20230914652347565,0.08132772892713547,0.598246693611145
1237,54.275367736816406,67.93592834472656,0.4867125153541565,0.20204032957553864,0.10437560081481934,0.5774849057197571
1238,54.85055923461914,70.3355484008789,0.4851125478744507,0.20173954963684082,0.11118678748607635,0.5659126043319702
1239,55.10055160522461,71.05548858642578,0.48405003547668457,0.20141777396202087,0.10936009883880615,0.5770761370658875
1240,55.67658233642578,72.03678894042969,0.4779500365257263,0.20097364485263824,0.09433435648679733,0.5577373504638672
1241,54.22529983520508,68.44528198242188,0.47671255469322205,0.20050562918186188,0.1086803674697876,0.5457220673561096
1242,54.7241096496582,68.5035400390625,0.4769125282764435,0.2000427097082138,0.11251094937324524,0.5562514662742615
1243,54.34175109863281,68.01852416992188,0.47840002179145813,0.1996106207370758,0.11488926410675049,0.5788727402687073
1244,54.04710006713867,67.8205795288086,0.4756000339984894,0.1991235762834549,0.09249509125947952,0.5640607476234436
1245,54.8211555480957,69.87232971191406,0.4757375121116638,0.19864045083522797,0.1033664271235466,0.5575079321861267
1246,54.55870819091797,70.06561279296875,0.47460001707077026,0.19813591241836548,0.0744127407670021,0.5795191526412964
1247,55.363426208496094,71.58592224121094,0.47847500443458557,0.19770942628383636,0.10220146924257278,0.5905347466468811
1248,55.878299713134766,72.86026763916016,0.48350003361701965,0.19738321006298065,0.11625627428293228,0.568588376045227
1249,54.11819076538086,66.50952911376953,0.47975003719329834,0.19698350131511688,0.09977933764457703,0.5519312024116516
1250,53.991275787353516,65.45036315917969,0.47831252217292786,0.19655628502368927,0.1129504144191742,0.5603231191635132
1251,54.03398132324219,65.77859497070312,0.48176252841949463,0.19619782269001007,0.10747432708740234,0.5605403184890747
1252,54.324867248535156,68.191650390625,0.4803500175476074,0.19581229984760284,0.08891486376523972,0.5441415905952454
1253,54.098663330078125,67.16522979736328,0.48395004868507385,0.1954980194568634,0.1198955625295639,0.5632734298706055
1254,53.83290100097656,66.21278381347656,0.4788750112056732,0.19508503377437592,0.1073007881641388,0.5689997673034668
1255,55.007843017578125,70.42951965332031,0.4792625308036804,0.19468046724796295,0.10292380303144455,0.539371132850647
1256,54.73564147949219,70.61656951904297,0.4771500527858734,0.19423562288284302,0.12187698483467102,0.5498982667922974
1257,53.24283981323242,65.38748931884766,0.4750500023365021,0.1937510073184967,0.11132737249135971,0.5298110842704773
1258,54.992557525634766,70.57212829589844,0.47905001044273376,0.1933450996875763,0.11188754439353943,0.5245295166969299
1259,55.43928527832031,73.44490051269531,0.47808754444122314,0.19292142987251282,0.11610402166843414,0.5208629965782166
1260,54.81623077392578,70.8594970703125,0.47955000400543213,0.1925269067287445,0.1060335710644722,0.5411076545715332
1261,53.80170822143555,67.88107299804688,0.47835004329681396,0.192110076546669,0.10668979585170746,0.5289015769958496
1262,54.247074127197266,67.11167907714844,0.48087501525878906,0.1917426735162735,0.10339105129241943,0.5358735918998718
1263,55.00535202026367,69.29622650146484,0.4876750111579895,0.19150635600090027,0.09908074140548706,0.5403233170509338
1264,54.32249069213867,67.1130142211914,0.48887503147125244,0.19129329919815063,0.10689054429531097,0.5438501238822937
1265,54.27378463745117,64.82776641845703,0.49365001916885376,0.1911718249320984,0.08346594870090485,0.5337904691696167
1266,54.57957458496094,64.41617584228516,0.48862501978874207,0.19095437228679657,0.07702229917049408,0.534751832485199
1267,54.19334411621094,64.43022918701172,0.491750031709671,0.1907968372106552,0.10179709643125534,0.5349111557006836
1268,53.8367919921875,64.18109893798828,0.4896625280380249,0.19059960544109344,0.1127270758152008,0.5596797466278076
1269,54.73991012573242,67.77628326416016,0.48775002360343933,0.19036611914634705,0.10664191097021103,0.5220605134963989
1270,54.32273483276367,66.90864562988281,0.48801252245903015,0.19013790786266327,0.09709341824054718,0.5468236804008484
1271,54.40262985229492,66.66322326660156,0.4805000126361847,0.18976713716983795,0.11498424410820007,0.5358139872550964
1272,53.38013458251953,63.87165069580078,0.47981253266334534,0.18938404321670532,0.10793702304363251,0.5569256544113159
1273,53.85926055908203,65.71289825439453,0.47511252760887146,0.18891271948814392,0.11283908784389496,0.5294354557991028
1274,54.76731872558594,70.38670349121094,0.467537522315979,0.18829946219921112,0.1066415011882782,0.4961893856525421
1275,54.95711898803711,71.33938598632812,0.4711625277996063,0.1877564638853073,0.1090911254286766,0.49486860632896423
1276,53.801109313964844,67.32553100585938,0.47472503781318665,0.18728190660476685,0.12930630147457123,0.5234727263450623
1277,53.73509216308594,67.65865325927734,0.4711500108242035,0.18674160540103912,0.12344557046890259,0.5072511434555054
1278,53.96253204345703,68.14075469970703,0.4678875207901001,0.18614192306995392,0.14144366979599,0.4879673719406128
1279,54.36075973510742,68.80787658691406,0.4750500023365021,0.18567749857902527,0.10580052435398102,0.5222095251083374
1280,53.209228515625,63.19883346557617,0.4777250289916992,0.18526390194892883,0.1196494996547699,0.5125347971916199
1281,54.8564338684082,68.21259307861328,0.47821253538131714,0.1848602592945099,0.11683942377567291,0.5087834000587463
1282,54.54008102416992,66.7870101928711,0.47988754510879517,0.1844884604215622,0.13898834586143494,0.4999159276485443
1283,54.184051513671875,64.677978515625,0.4834125339984894,0.18418243527412415,0.09683608263731003,0.5243810415267944
1284,55.2116584777832,69.0654525756836,0.4903625547885895,0.18400493264198303,0.10577552765607834,0.5373725295066833
1285,55.1009521484375,67.94759368896484,0.48987501859664917,0.18381862342357635,0.10907507687807083,0.5205579400062561
1286,54.4190673828125,65.8861312866211,0.495587557554245,0.18373751640319824,0.09286296367645264,0.5171477794647217
1287,55.0384521484375,67.89768981933594,0.49580004811286926,0.1836603581905365,0.08148553222417831,0.5215175747871399
1288,54.38332748413086,66.89439392089844,0.49125003814697266,0.18349964916706085,0.1025567576289177,0.5257921814918518
1289,55.07707595825195,67.88704681396484,0.490787535905838,0.18333059549331665,0.11130911856889725,0.5099298357963562
1290,54.1416015625,67.918701171875,0.4856000244617462,0.18306660652160645,0.09998863935470581,0.49910515546798706
1291,54.13160705566406,67.47817993164062,0.4854000210762024,0.1827993243932724,0.10898758471012115,0.5073230266571045
1292,54.0882453918457,68.13189697265625,0.48532503843307495,0.18253107368946075,0.09487668424844742,0.4771072268486023
1293,55.22861862182617,70.18801879882812,0.4826250672340393,0.1822139322757721,0.08246228098869324,0.5206655263900757
1294,54.13676071166992,68.30915832519531,0.48052501678466797,0.1818590611219406,0.11289545148611069,0.49672889709472656
1295,53.777774810791016,65.95806121826172,0.47927501797676086,0.18148215115070343,0.08837512880563736,0.47141405940055847
1296,55.34346008300781,70.88703155517578,0.4859125018119812,0.18122649192810059,0.126899853348732,0.4665137231349945
1297,53.924835205078125,66.03231048583984,0.48468753695487976,0.18094898760318756,0.11016613990068436,0.49079060554504395
1298,54.50361633300781,68.04443359375,0.48717501759529114,0.18071691691875458,0.10933925211429596,0.5057582855224609
1299,54.615882873535156,65.47856140136719,0.48616257309913635,0.18046686053276062,0.10239232331514359,0.5001640319824219
1300,53.574398040771484,62.93549728393555,0.4912000298500061,0.1803080439567566,0.10901375114917755,0.5062769055366516
1301,54.09446716308594,64.18775177001953,0.49090003967285156,0.18014396727085114,0.06790657341480255,0.4993533492088318
1302,53.386558532714844,61.69371032714844,0.491412490606308,0.1799892783164978,0.09412775933742523,0.5002791285514832
1303,53.720516204833984,62.26348114013672,0.48785004019737244,0.1797705888748169,0.09210382401943207,0.5020576119422913
1304,53.698516845703125,62.992897033691406,0.48868751525878906,0.17956723272800446,0.09482743591070175,0.5044469833374023
1305,53.41566848754883,64.01022338867188,0.4859500229358673,0.17931494116783142,0.113927461206913,0.5188122391700745
1306,54.771575927734375,69.40660095214844,0.484250009059906,0.17903251945972443,0.12145959585905075,0.4714042842388153
1307,53.37767791748047,65.17093658447266,0.47745004296302795,0.1786288022994995,0.12818527221679688,0.4950818717479706
1308,53.659759521484375,67.79170227050781,0.4798000454902649,0.1782679706811905,0.11299596726894379,0.4964807629585266
1309,54.416648864746094,69.39363098144531,0.4865000247955322,0.17802731692790985,0.104622982442379,0.4992869794368744
1310,55.297271728515625,74.16204833984375,0.4873625338077545,0.17780233919620514,0.10616005212068558,0.499144971370697
1311,54.66130828857422,71.02823638916016,0.49002501368522644,0.17762498557567596,0.11439409106969833,0.4972226917743683
1312,55.553871154785156,72.49981689453125,0.49557504057884216,0.17754638195037842,0.09592396020889282,0.48822566866874695
1313,54.26783752441406,66.1627426147461,0.49493756890296936,0.17745649814605713,0.0990455225110054,0.4954479932785034
1314,53.69976043701172,64.33503723144531,0.5041750073432922,0.17753058671951294,0.09790172427892685,0.48952290415763855
1315,53.88625717163086,64.39276885986328,0.5076250433921814,0.17766594886779785,0.10069763660430908,0.5089654326438904
1316,54.06947326660156,62.95559310913086,0.500337541103363,0.17767193913459778,0.0779520571231842,0.5088546276092529
1317,53.48667526245117,61.85588836669922,0.5060499906539917,0.177779421210289,0.09002133458852768,0.5187178254127502
1318,54.296295166015625,65.93656921386719,0.5052250027656555,0.17787231504917145,0.11014189571142197,0.4859316647052765
1319,54.18370819091797,64.66300964355469,0.49742501974105835,0.17782650887966156,0.0888747125864029,0.5031887292861938
1320,52.96645736694336,61.00896453857422,0.49281251430511475,0.17769868671894073,0.09139903634786606,0.5180249214172363
1321,54.149513244628906,67.24090576171875,0.4933375120162964,0.17758029699325562,0.10984185338020325,0.48702454566955566
1322,54.22071075439453,68.29812622070312,0.4922250509262085,0.17744223773479462,0.11385516822338104,0.4938417077064514
1323,53.841556549072266,67.91645812988281,0.49240002036094666,0.1773073822259903,0.10165034979581833,0.48817548155784607
1324,53.92013931274414,66.7914810180664,0.48885002732276917,0.17710967361927032,0.0907854363322258,0.5032217502593994
1325,54.02617645263672,67.82134246826172,0.4935625195503235,0.1769956648349762,0.09618567675352097,0.46548792719841003
1326,54.06238555908203,66.93570709228516,0.4932125508785248,0.1768755316734314,0.10627578943967819,0.4958866834640503
1327,54.58156204223633,68.62364959716797,0.501924991607666,0.17690958082675934,0.10612702369689941,0.4773525595664978
1328,53.83402633666992,64.25032806396484,0.5000500082969666,0.17691045999526978,0.09502975642681122,0.47010111808776855
1329,54.746822357177734,67.78675079345703,0.49995002150535583,0.17690958082675934,0.10241331160068512,0.504286527633667
1330,55.63506317138672,71.80957794189453,0.5012624859809875,0.17693191766738892,0.10630334913730621,0.5006937384605408
1331,54.384456634521484,65.52588653564453,0.5055000185966492,0.17702923715114594,0.10186576098203659,0.5076813101768494
1332,54.8906135559082,67.42212677001953,0.501537561416626,0.1770564615726471,0.11189651489257812,0.5064487457275391
1333,53.59696960449219,63.18770980834961,0.5045000314712524,0.1771361380815506,0.09340784698724747,0.497994989156723
1334,54.439517974853516,66.64411926269531,0.4990500211715698,0.17711931467056274,0.09342903643846512,0.5054556131362915
1335,54.286441802978516,65.56281280517578,0.5009875297546387,0.17713679373264313,0.08999579399824142,0.51140958070755
1336,53.98433303833008,65.3136215209961,0.49127504229545593,0.17698223888874054,0.08486488461494446,0.4824881851673126
1337,53.823394775390625,63.869564056396484,0.49590003490448,0.1769096702337265,0.09721580147743225,0.5220118761062622
1338,53.64566421508789,66.30302429199219,0.49303752183914185,0.17678649723529816,0.11175774782896042,0.4836464524269104
1339,53.975616455078125,66.22217559814453,0.4836375415325165,0.176497220993042,0.11331804096698761,0.48413747549057007
1340,53.724308013916016,67.9663314819336,0.48923754692077637,0.17630727589130402,0.121182881295681,0.48555707931518555
1341,53.8974494934082,66.5138168334961,0.48573750257492065,0.17605581879615784,0.10217653214931488,0.48198315501213074
1342,54.75109100341797,71.16767883300781,0.4887000322341919,0.17585687339305878,0.10733425617218018,0.48625969886779785
1343,55.09432601928711,70.50460052490234,0.48820003867149353,0.17564935982227325,0.10318028181791306,0.4912816882133484
1344,53.11072540283203,65.10468292236328,0.4857249855995178,0.17539861798286438,0.12450092285871506,0.46505972743034363
1345,53.46824264526367,63.77109146118164,0.48952504992485046,0.17521488666534424,0.1310003399848938,0.465587854385376
1346,54.452579498291016,67.06475830078125,0.4921250343322754,0.1750769019126892,0.08353007584810257,0.4769737124443054
1347,53.53540802001953,63.640167236328125,0.4919250011444092,0.17493551969528198,0.12566670775413513,0.5043082237243652
1348,54.399532318115234,65.69500732421875,0.49400001764297485,0.17483055591583252,0.10582767426967621,0.47915831208229065
1349,54.11402130126953,66.45296478271484,0.4931125044822693,0.17471013963222504,0.12157361209392548,0.5031412243843079
1350,54.1330680847168,64.62616729736328,0.4956125319004059,0.17463348805904388,0.09357259422540665,0.5105832815170288
1351,54.331092834472656,66.05587768554688,0.49400001764297485,0.17452871799468994,0.08919186890125275,0.4852617681026459
1352,53.79623031616211,63.68198776245117,0.49640002846717834,0.17446587979793549,0.07325486838817596,0.5115078687667847
1353,55.1383171081543,69.87652587890625,0.49633750319480896,0.17440198361873627,0.09838006645441055,0.4551182985305786
1354,54.97740173339844,69.70672607421875,0.497512549161911,0.17435860633850098,0.0814053863286972,0.5063449740409851
1355,53.94590377807617,66.6689453125,0.5018875598907471,0.174391508102417,0.11706730723381042,0.4864369332790375
1356,54.922752380371094,71.69824981689453,0.5029000639915466,0.1744420826435089,0.09315881878137589,0.49231675267219543
1357,54.01357650756836,65.83658599853516,0.5021750330924988,0.17448003590106964,0.08523724973201752,0.4850197732448578
1358,54.42399978637695,67.9439697265625,0.5045000314712524,0.17455855011940002,0.09603587538003922,0.45430803298950195
1359,55.250858306884766,69.4723129272461,0.5052250027656555,0.17464976012706757,0.11304356157779694,0.4839962124824524
1360,54.11221694946289,67.65052795410156,0.5026875138282776,0.174696683883667,0.08201233297586441,0.4853447377681732
1361,53.832977294921875,66.08149719238281,0.5031750202178955,0.1747521460056305,0.09303032606840134,0.4779694080352783
1362,53.838401794433594,67.39268493652344,0.5062750577926636,0.17486180365085602,0.0645289197564125,0.48865318298339844
1363,54.33378982543945,67.22652435302734,0.5046000480651855,0.1749422401189804,0.07697278261184692,0.4529557228088379
1364,54.52115249633789,68.70295715332031,0.5028000473976135,0.17499123513698578,0.08341553807258606,0.499080628156662
1365,54.29647445678711,68.2172622680664,0.5000750422477722,0.17499254643917084,0.08992787450551987,0.4774184823036194
1366,54.090457916259766,67.32926177978516,0.4988500475883484,0.17497242987155914,0.08606546372175217,0.5026575922966003
1367,54.26280212402344,67.3579330444336,0.5006875395774841,0.17498447000980377,0.08396455645561218,0.4844198524951935
1368,53.679325103759766,65.31597900390625,0.49687501788139343,0.17492978274822235,0.059206511825323105,0.5009254217147827
1369,54.33829116821289,67.92100524902344,0.4965750277042389,0.1748698651790619,0.09249474108219147,0.4855111837387085
1370,54.73869705200195,69.22665405273438,0.5005125403404236,0.17487883567810059,0.07463978976011276,0.5049217939376831
1371,54.208824157714844,68.38998413085938,0.4990500211715698,0.17486222088336945,0.0915319100022316,0.501643180847168
1372,54.58158493041992,67.83929443359375,0.49466249346733093,0.17476888000965118,0.09268976002931595,0.49970895051956177
1373,53.64480972290039,65.4979476928711,0.49508753418922424,0.17468301951885223,0.07888463139533997,0.5113072991371155
1374,54.853118896484375,68.8453369140625,0.4984625577926636,0.17465616762638092,0.05250823497772217,0.5016953349113464
1375,53.64720153808594,63.14162063598633,0.4967750310897827,0.17459984123706818,0.09124461561441422,0.47973310947418213
1376,53.92741775512695,63.21038818359375,0.493925005197525,0.17449377477169037,0.07915264368057251,0.48369404673576355
1377,53.801883697509766,63.392250061035156,0.5035625100135803,0.1745559275150299,0.08273421227931976,0.5070117712020874
1378,53.24174880981445,61.516170501708984,0.5005500316619873,0.17456552386283875,0.05954541265964508,0.5028473734855652
1379,54.0761604309082,64.1291275024414,0.5028375387191772,0.1746150553226471,0.0939982682466507,0.5088933706283569
1380,54.729129791259766,67.02963256835938,0.5006750226020813,0.17462684214115143,0.07147073745727539,0.4981253147125244
1381,53.968650817871094,64.10247802734375,0.5012500286102295,0.17464867234230042,0.10740844160318375,0.4931618869304657
1382,53.51545715332031,62.406089782714844,0.499099999666214,0.1746329516172409,0.09802479296922684,0.48688793182373047
1383,54.76945495605469,68.14139556884766,0.49720004200935364,0.1745840460062027,0.09131839126348495,0.4861348867416382
1384,54.257442474365234,67.4459457397461,0.5064625144004822,0.17469686269760132,0.0888192281126976,0.4933381974697113
1385,53.627166748046875,64.98960876464844,0.5014874935150146,0.1747228503227234,0.09953751415014267,0.49341630935668945
1386,55.017452239990234,68.26002502441406,0.5008125305175781,0.17473705112934113,0.07115615904331207,0.4784224033355713
1387,54.22349166870117,67.36743927001953,0.49928751587867737,0.17472460865974426,0.07938852161169052,0.49624985456466675
1388,54.59605026245117,68.79304504394531,0.499687522649765,0.17471915483474731,0.07797825336456299,0.4962032735347748
1389,54.900516510009766,69.38951873779297,0.503462553024292,0.17477965354919434,0.09086062014102936,0.4711320996284485
1390,54.15508270263672,67.07791900634766,0.5047875642776489,0.1748633235692978,0.08380795270204544,0.4931569993495941
1391,54.42900085449219,66.64830017089844,0.500712513923645,0.17487579584121704,0.09726759046316147,0.48372882604599
1392,53.87300109863281,66.04729461669922,0.505174994468689,0.17496629059314728,0.06487350910902023,0.5072020292282104
1393,53.84977722167969,65.7667465209961,0.5042999982833862,0.17504152655601501,0.0754840150475502,0.4834040701389313
1394,54.75382614135742,67.77043151855469,0.5000125169754028,0.17504173517227173,0.07716023921966553,0.4919446110725403
1395,54.096282958984375,66.25900268554688,0.4968375265598297,0.17498637735843658,0.07039676606655121,0.48402661085128784
1396,53.187477111816406,64.01581573486328,0.49570003151893616,0.17491114139556885,0.09375357627868652,0.48102709650993347
1397,54.48524475097656,69.10366821289062,0.49742501974105835,0.17486611008644104,0.10684629529714584,0.5120022296905518
1398,53.33401870727539,65.29098510742188,0.49053752422332764,0.17470064759254456,0.09944342821836472,0.45331206917762756
1399,54.25473403930664,68.41938781738281,0.4924125373363495,0.1745680868625641,0.09730225801467896,0.4678248465061188
1400,53.4200439453125,63.82928466796875,0.490012526512146,0.17439374327659607,0.12572847306728363,0.4474901258945465
1401,54.721763610839844,70.20179748535156,0.4887000322341919,0.17419667541980743,0.11240250617265701,0.4449476897716522
1402,54.77913284301758,68.57530975341797,0.49037501215934753,0.17402900755405426,0.11777948588132858,0.46974095702171326
1403,53.852787017822266,65.39996337890625,0.48945003747940063,0.17384541034698486,0.10808543860912323,0.45672348141670227
1404,54.719482421875,66.20931243896484,0.4952374994754791,0.17376261949539185,0.10660875588655472,0.4790760278701782
1405,53.900611877441406,62.72976303100586,0.49332499504089355,0.17364662885665894,0.11498813331127167,0.46947795152664185
1406,53.56123733520508,61.00886917114258,0.49781250953674316,0.17360864579677582,0.10802948474884033,0.4936353266239166
1407,53.03901290893555,61.43695831298828,0.4948500394821167,0.17351923882961273,0.08897170424461365,0.48880642652511597
1408,54.34058380126953,64.46556854248047,0.49511250853538513,0.17343443632125854,0.10092590749263763,0.4722107946872711
1409,54.08637619018555,63.37180709838867,0.49195003509521484,0.1732948124408722,0.09215620905160904,0.4838927686214447
1410,53.2484245300293,61.08256530761719,0.49166253209114075,0.17315033078193665,0.08435791730880737,0.4899892508983612
1411,54.46685028076172,67.51606750488281,0.4860125482082367,0.17290814220905304,0.09517371654510498,0.4757327139377594
1412,53.26899337768555,63.01899719238281,0.4907500147819519,0.17274820804595947,0.1030784472823143,0.49555283784866333
1413,53.47502136230469,65.55754089355469,0.48608753085136414,0.1725078821182251,0.09099972993135452,0.4649807810783386
1414,54.84226608276367,69.7028579711914,0.4846375286579132,0.17224286496639252,0.07081816345453262,0.45534417033195496
1415,53.93440628051758,67.60319519042969,0.49166253209114075,0.1720992624759674,0.09507101774215698,0.46411776542663574
1416,54.88121032714844,71.4546127319336,0.49595004320144653,0.1720295548439026,0.11271099746227264,0.4437594711780548
1417,54.45159912109375,70.48313903808594,0.49861252307891846,0.17200568318367004,0.0990293025970459,0.4657747149467468
1418,53.91364288330078,67.11990356445312,0.50142502784729,0.17203018069267273,0.09145940095186234,0.4634678065776825
1419,54.139400482177734,68.22272491455078,0.5061750411987305,0.17213641107082367,0.13010211288928986,0.44913965463638306
1420,54.588932037353516,68.18415832519531,0.5103124976158142,0.17231392860412598,0.07745962589979172,0.46865901350975037
1421,54.47380065917969,65.50502014160156,0.513700008392334,0.1725499927997589,0.10247056931257248,0.49028483033180237
1422,53.767242431640625,64.02530670166016,0.5142999887466431,0.17279674112796783,0.07029862701892853,0.4737086892127991
1423,54.443843841552734,63.64936447143555,0.5173625946044922,0.17309676110744476,0.10197382420301437,0.4819623529911041
1424,53.96760559082031,62.544708251953125,0.5200625061988831,0.17344404757022858,0.0843408852815628,0.48562800884246826
1425,53.292579650878906,60.72462844848633,0.5144750475883484,0.17369511723518372,0.06681223958730698,0.5129203796386719
1426,53.87958908081055,64.23006439208984,0.5120000243186951,0.17390353977680206,0.08424068242311478,0.49555057287216187
1427,54.44481658935547,67.44357299804688,0.5083125233650208,0.17404809594154358,0.08433588594198227,0.49701422452926636
1428,53.78335189819336,66.46269989013672,0.5055000185966492,0.17414382100105286,0.08016594499349594,0.497832328081131
1429,52.64521026611328,64.8583984375,0.4973500669002533,0.1740976721048355,0.0589575357735157,0.48600754141807556
1430,53.30776596069336,68.18948364257812,0.4967125356197357,0.17404043674468994,0.07274015992879868,0.48064374923706055
1431,54.8556022644043,71.97088623046875,0.493987500667572,0.17393580079078674,0.08578415215015411,0.4766552746295929
1432,54.808082580566406,72.73505401611328,0.4887000322341919,0.1737392544746399,0.08855551481246948,0.47600704431533813
1433,54.43906021118164,71.48833465576172,0.4896875321865082,0.17356009781360626,0.1006966158747673,0.4585292935371399
1434,54.03697204589844,67.72589111328125,0.49403753876686096,0.17345662415027618,0.11869236081838608,0.4539783298969269
1435,54.00703811645508,68.1510009765625,0.49550002813339233,0.1733785718679428,0.10201313346624374,0.4563256502151489
1436,54.061119079589844,65.57811737060547,0.4983750283718109,0.17335039377212524,0.08825361728668213,0.4692670702934265
1437,53.371883392333984,62.66020202636719,0.5006625652313232,0.1733618825674057,0.1025533676147461,0.4469573199748993
1438,53.906776428222656,63.6414794921875,0.4975625276565552,0.17331962287425995,0.12085295468568802,0.4682120978832245
1439,53.91679382324219,64.54399871826172,0.500825047492981,0.17333391308784485,0.10382877290248871,0.4628305733203888
1440,54.160423278808594,64.40544891357422,0.499500036239624,0.17332524061203003,0.1229952722787857,0.4698566496372223
1441,53.80633544921875,63.07339859008789,0.4949500262737274,0.17323771119117737,0.10692475736141205,0.4743134379386902
1442,53.86129379272461,64.1098403930664,0.498075008392334,0.17320436239242554,0.10041902959346771,0.47650691866874695
1443,53.63064956665039,63.7123908996582,0.4912625253200531,0.17305302619934082,0.09513971209526062,0.47446876764297485
1444,53.796653747558594,65.55225372314453,0.4846375286579132,0.17278717458248138,0.100492924451828,0.45399367809295654
1445,53.067649841308594,62.967594146728516,0.48881253600120544,0.1725938767194748,0.11053956300020218,0.4897446930408478
1446,53.08706283569336,63.29172897338867,0.48409998416900635,0.1723194569349289,0.09606917202472687,0.4744817316532135
1447,53.834938049316406,67.18358612060547,0.48493751883506775,0.17205989360809326,0.11393556743860245,0.4821488559246063
1448,54.1154899597168,68.31460571289062,0.48138752579689026,0.1717396378517151,0.12256710231304169,0.4755268692970276
1449,54.034542083740234,68.06752014160156,0.48788753151893616,0.17153161764144897,0.08945212513208389,0.4555617570877075
1450,52.64776611328125,62.54804611206055,0.4874875545501709,0.171316996216774,0.11286088824272156,0.4549451470375061
1451,53.332942962646484,64.98614501953125,0.49361252784729004,0.17120757699012756,0.10169889777898788,0.4674447774887085
1452,53.82732009887695,65.6615982055664,0.4927375018596649,0.1710832417011261,0.10740067809820175,0.47824394702911377
1453,53.25153350830078,65.44489288330078,0.5035000443458557,0.17114311456680298,0.10049814730882645,0.45111846923828125
1454,53.799198150634766,65.9864273071289,0.5090000033378601,0.17129714787006378,0.09776068478822708,0.48443135619163513
1455,54.35272979736328,66.97113037109375,0.5084500312805176,0.17144188284873962,0.09659872949123383,0.47369205951690674
1456,54.945560455322266,68.11819458007812,0.509612500667572,0.17160668969154358,0.07355071604251862,0.4713877737522125
1457,53.89961242675781,64.1894760131836,0.5147125720977783,0.17185917496681213,0.08431705087423325,0.500041127204895
1458,53.62099075317383,63.57784652709961,0.5115750432014465,0.17205810546875,0.07018908858299255,0.4557172358036041
1459,53.61280059814453,63.580204010009766,0.5130875706672668,0.17228329181671143,0.08557707071304321,0.4721585810184479
1460,54.17005157470703,65.33576965332031,0.5124500393867493,0.17249779403209686,0.08982902020215988,0.47322019934654236
1461,53.1312255859375,63.71033477783203,0.5095875263214111,0.17266318202018738,0.08311928063631058,0.4979825019836426
1462,54.129390716552734,67.11674499511719,0.5094625353813171,0.17282657325267792,0.09673213958740234,0.4601510763168335
1463,54.7247428894043,67.98176574707031,0.5055375695228577,0.1729222685098648,0.08471585810184479,0.4708259403705597
1464,54.30192565917969,69.31156921386719,0.5001750588417053,0.17292529344558716,0.08812904357910156,0.49783584475517273
1465,52.839874267578125,64.62657928466797,0.49980002641677856,0.17292183637619019,0.08073082566261292,0.47401881217956543
1466,53.79533386230469,67.50526428222656,0.497575044631958,0.1728799045085907,0.07198183238506317,0.48237231373786926
1467,53.80426025390625,68.46233367919922,0.4940875172615051,0.1727776825428009,0.07485094666481018,0.4703017473220825
1468,54.26148223876953,68.86518859863281,0.49105000495910645,0.17262303829193115,0.09544120728969574,0.4713120460510254
1469,53.94267654418945,65.80953979492188,0.48846250772476196,0.17242386937141418,0.11198790371417999,0.4735606014728546
1470,54.24920654296875,68.58829498291016,0.49182504415512085,0.17228291928768158,0.09729228913784027,0.46596473455429077
1471,54.72927474975586,68.4320297241211,0.4913875460624695,0.17213454842567444,0.07862327992916107,0.46987006068229675
1472,53.00885772705078,63.03815460205078,0.4901375472545624,0.17196477949619293,0.0833427682518959,0.4595474600791931
1473,53.681060791015625,66.33189392089844,0.49310001730918884,0.17184612154960632,0.09610167145729065,0.47466564178466797
1474,52.85637664794922,63.21870803833008,0.49584999680519104,0.17177480459213257,0.0653013065457344,0.46558165550231934
1475,53.772315979003906,64.94377899169922,0.49537503719329834,0.17169536650180817,0.11140864342451096,0.47201094031333923
1476,53.96762466430664,65.69034576416016,0.4971250295639038,0.17164601385593414,0.08489076793193817,0.48580366373062134
1477,53.880577087402344,65.76870727539062,0.49996253848075867,0.1716453731060028,0.05299603193998337,0.4832489788532257
1478,53.547481536865234,64.49050903320312,0.49853751063346863,0.17162026464939117,0.08376527577638626,0.4713599681854248
1479,54.14250564575195,67.43580627441406,0.49648749828338623,0.17155998945236206,0.10711029917001724,0.4619894027709961
1480,53.522125244140625,65.35594940185547,0.49615004658699036,0.17149394750595093,0.09210240095853806,0.47168484330177307
1481,52.29204559326172,60.69457244873047,0.4976750314235687,0.1714540719985962,0.07894468307495117,0.4658846855163574
1482,54.020999908447266,66.70802307128906,0.49758756160736084,0.17141272127628326,0.0818498432636261,0.4735035002231598
1483,53.86790084838867,66.88136291503906,0.49867501854896545,0.17139001190662384,0.107002854347229,0.4856049120426178
1484,52.93366622924805,63.77638244628906,0.4985625147819519,0.17136536538600922,0.11534218490123749,0.46843332052230835
1485,53.564876556396484,65.43698120117188,0.49710002541542053,0.17131567001342773,0.09651453047990799,0.46282869577407837
1486,53.06290817260742,64.47921752929688,0.501787543296814,0.17134630680084229,0.08285769820213318,0.458254337310791
1487,54.3810920715332,67.93699645996094,0.4967000484466553,0.17128977179527283,0.12655404210090637,0.4720754623413086
1488,54.371707916259766,69.23158264160156,0.49796250462532043,0.17125487327575684,0.10412595421075821,0.4753439128398895
1489,54.02885055541992,66.63320922851562,0.5040374994277954,0.1713240146636963,0.1070232018828392,0.4629336893558502
1490,53.118255615234375,64.90885925292969,0.5049375295639038,0.17140860855579376,0.08850868791341782,0.4726567268371582
1491,52.78028106689453,63.316184997558594,0.5036500096321106,0.17147117853164673,0.12599121034145355,0.47533535957336426
1492,54.26508331298828,66.91883087158203,0.5013375282287598,0.17149411141872406,0.10229538381099701,0.45506930351257324
1493,54.259525299072266,66.4698257446289,0.5047625303268433,0.17157578468322754,0.10305516421794891,0.43390607833862305
1494,54.533241271972656,68.78836059570312,0.4992375075817108,0.17156270146369934,0.09774062037467957,0.44620072841644287
1495,54.398658752441406,67.24850463867188,0.5099250078201294,0.17173297703266144,0.08423303067684174,0.48591768741607666
1496,52.98171615600586,62.29823684692383,0.5053625702857971,0.17182506620883942,0.08759050071239471,0.45409685373306274
1497,55.55796813964844,71.08264923095703,0.5078750252723694,0.17196038365364075,0.12209584563970566,0.45441362261772156
1498,53.3712158203125,64.19307708740234,0.5065375566482544,0.17207279801368713,0.10316569358110428,0.447624534368515
1499,53.41553497314453,64.60494995117188,0.4989375174045563,0.17205451428890228,0.09940825402736664,0.4563943147659302
1500,54.95988845825195,69.28002166748047,0.4962875247001648,0.17199064791202545,0.09729382395744324,0.4531458020210266
1501,53.82223892211914,66.46435546875,0.4984625577926636,0.17196421325206757,0.08057994395494461,0.4714297354221344
1502,53.2337646484375,65.38114929199219,0.49412500858306885,0.17186318337917328,0.08720938861370087,0.4741637110710144
1503,53.24324035644531,65.5937271118164,0.49150002002716064,0.1717170923948288,0.09191904217004776,0.4845987856388092
1504,54.19976806640625,68.683837890625,0.4912625253200531,0.17156705260276794,0.07226724922657013,0.4787311553955078
1505,53.16215133666992,64.56179809570312,0.4910625219345093,0.17141370475292206,0.07024558633565903,0.47859975695610046
1506,53.59312438964844,66.07504272460938,0.4888250231742859,0.17122215032577515,0.09785213321447372,0.4606948494911194
1507,53.934600830078125,67.4127197265625,0.4895375370979309,0.1710430085659027,0.08461485803127289,0.4450739026069641
1508,53.65001678466797,65.5222396850586,0.4880875051021576,0.17083925008773804,0.09062954038381577,0.46302738785743713
1509,53.98093032836914,67.53575897216797,0.4923500120639801,0.1707085520029068,0.10525789856910706,0.44955968856811523
1510,54.342315673828125,67.59205627441406,0.4943000376224518,0.17061124742031097,0.09804875403642654,0.458048939704895
1511,53.030582427978516,64.11104583740234,0.49556252360343933,0.17053553462028503,0.08675186336040497,0.43710094690322876
1512,53.079132080078125,63.26414108276367,0.49781250953674316,0.17049823701381683,0.08726323395967484,0.4597909152507782
1513,53.55335235595703,65.08708953857422,0.499562531709671,0.17049077153205872,0.1105189248919487,0.4557477533817291
1514,53.46364212036133,62.850032806396484,0.5022375583648682,0.17052891850471497,0.10668659210205078,0.4635776877403259
1515,52.50032424926758,60.9212532043457,0.4988250434398651,0.17050889134407043,0.11062660068273544,0.4677373468875885
1516,54.2814826965332,67.53063201904297,0.5000750422477722,0.1705101728439331,0.10060670971870422,0.4530540108680725
1517,54.0352668762207,66.52413940429688,0.49861252307891846,0.17048650979995728,0.09196539223194122,0.4473170340061188
1518,54.14121627807617,67.58843994140625,0.4949500262737274,0.17040042579174042,0.10608381032943726,0.45334625244140625
1519,53.9112663269043,66.60235595703125,0.49582502245903015,0.170329287648201,0.11507906764745712,0.4531383216381073
1520,53.820274353027344,65.00399017333984,0.4962875545024872,0.1702660620212555,0.11439251899719238,0.4599750339984894
1521,54.345855712890625,68.10755920410156,0.49963754415512085,0.17025989294052124,0.10772156715393066,0.44228073954582214
1522,53.01798629760742,65.1324462890625,0.4957375228404999,0.1701873242855072,0.08970337361097336,0.4829614758491516
1523,53.4687614440918,65.240478515625,0.49806252121925354,0.17015434801578522,0.10872557759284973,0.46572524309158325
1524,53.81325149536133,65.79829406738281,0.4984000623226166,0.17012712359428406,0.08843645453453064,0.4655452072620392
1525,54.68357849121094,69.00115203857422,0.5016250014305115,0.17015476524829865,0.0667705237865448,0.4891297519207001
1526,53.29930877685547,64.6080322265625,0.5000750422477722,0.17015604674816132,0.10013211518526077,0.48353466391563416
1527,54.116851806640625,66.70130157470703,0.4985250234603882,0.17013093829154968,0.11354214698076248,0.4544907808303833
1528,53.54365158081055,65.27186584472656,0.4961875379085541,0.17006607353687286,0.10376837104558945,0.4733729660511017
1529,53.86616134643555,66.46231842041016,0.49480000138282776,0.16997763514518738,0.10640151798725128,0.4380839169025421
1530,53.434791564941406,66.5555648803711,0.501300036907196,0.16999974846839905,0.10176769644021988,0.44516903162002563
1531,54.173004150390625,67.8935775756836,0.49637502431869507,0.1699381172657013,0.10288897901773453,0.43902668356895447
1532,53.15976333618164,64.44464111328125,0.49426254630088806,0.16984061896800995,0.10956303030252457,0.4679925739765167
1533,53.26982498168945,65.67809295654297,0.49992504715919495,0.16983933746814728,0.10714686661958694,0.4571954309940338
1534,53.31415557861328,65.48969268798828,0.4990500211715698,0.16982319951057434,0.09795384109020233,0.45108097791671753
1535,54.64009094238281,70.89896392822266,0.4984375238418579,0.1697966754436493,0.09297855943441391,0.44592908024787903
1536,53.74008560180664,66.66754913330078,0.5035375356674194,0.16985675692558289,0.09115485101938248,0.4476732909679413
1537,53.79011917114258,66.72940063476562,0.5039375424385071,0.16992363333702087,0.10198494791984558,0.465998113155365
1538,54.1179084777832,67.74530792236328,0.5061125159263611,0.17002750933170319,0.0988515168428421,0.46887320280075073
1539,53.91762924194336,65.46001434326172,0.5054624676704407,0.17012038826942444,0.08539832383394241,0.4458254873752594
1540,53.38100814819336,63.593467712402344,0.5059249997138977,0.17022117972373962,0.09128111600875854,0.4689989387989044
1541,53.5942497253418,64.66600799560547,0.5063125491142273,0.17032863199710846,0.07819288223981857,0.4629599153995514
1542,54.33685302734375,65.90776062011719,0.5086374878883362,0.1704757660627365,0.10858193039894104,0.46676772832870483
1543,53.9383430480957,65.16386413574219,0.5073500275611877,0.17060106992721558,0.11119715124368668,0.4385291039943695
1544,53.557716369628906,63.489749908447266,0.5058500170707703,0.17070086300373077,0.10522281378507614,0.43073147535324097
1545,54.23571014404297,67.43242645263672,0.5054875612258911,0.1707945317029953,0.1069219782948494,0.4532289505004883
1546,54.041446685791016,65.13543701171875,0.5072374939918518,0.17091813683509827,0.10747537761926651,0.4674036204814911
1547,54.24186325073242,65.78804779052734,0.5037625432014465,0.17098243534564972,0.10649106651544571,0.4474795162677765
1548,54.7811164855957,68.33277130126953,0.498537540435791,0.17095743119716644,0.10138700157403946,0.44946834444999695
1549,53.708839416503906,64.7391128540039,0.4953000247478485,0.17087708413600922,0.10998108983039856,0.4403558075428009
1550,53.86541748046875,66.50691223144531,0.4919250011444092,0.1707390993833542,0.11217672377824783,0.45654377341270447
1551,53.460628509521484,63.84461212158203,0.48721253871917725,0.17052076756954193,0.11228007823228836,0.4551933705806732
1552,53.33298110961914,63.29087448120117,0.4886375367641449,0.17032700777053833,0.11148036271333694,0.4325115978717804
1553,52.89757537841797,60.91706848144531,0.4877750277519226,0.1701187789440155,0.09590225666761398,0.4448656141757965
1554,53.998802185058594,66.39082336425781,0.49067503213882446,0.1699601411819458,0.10973871499300003,0.46919867396354675
1555,52.68691635131836,61.7367057800293,0.48686251044273376,0.1697368621826172,0.09647085517644882,0.4522753953933716
1556,55.39153289794922,71.45429229736328,0.48827502131462097,0.16953784227371216,0.1060258150100708,0.46420568227767944
1557,54.264129638671875,68.16674041748047,0.48967501521110535,0.16936279833316803,0.09206067025661469,0.44553470611572266
1558,53.80436706542969,66.14046478271484,0.49842503666877747,0.16933612525463104,0.12248612195253372,0.450964093208313
1559,54.19074630737305,66.20685577392578,0.4961250126361847,0.16927051544189453,0.09495347738265991,0.46259310841560364
1560,53.88077163696289,66.04055786132812,0.5002500414848328,0.16927474737167358,0.10439172387123108,0.4431626796722412
1561,54.21888732910156,66.08651733398438,0.5016124844551086,0.1693020462989807,0.11194778978824615,0.45083382725715637
1562,54.939109802246094,68.41972351074219,0.5054000020027161,0.16939347982406616,0.09273998439311981,0.4544730484485626
1563,54.17566680908203,64.93640899658203,0.5058500170707703,0.16949257254600525,0.09998755156993866,0.4635794460773468
1564,53.92679214477539,64.0886001586914,0.5073250532150269,0.1696167290210724,0.10939779877662659,0.42933860421180725
1565,54.50844955444336,68.08402252197266,0.5108125805854797,0.16980011761188507,0.09123191237449646,0.4674517810344696
1566,53.38220977783203,63.654483795166016,0.5072625279426575,0.16992342472076416,0.08343135565519333,0.47224223613739014
1567,54.726139068603516,67.00867462158203,0.504675030708313,0.17000287771224976,0.10560940951108932,0.45036283135414124
1568,54.443946838378906,66.78697967529297,0.4987625479698181,0.16998183727264404,0.10485000908374786,0.45159587264060974
1569,53.627685546875,64.66217041015625,0.499562531709671,0.1699744015932083,0.07416480779647827,0.4489244520664215
1570,53.863441467285156,66.68669891357422,0.49358755350112915,0.1698654145002365,0.12640149891376495,0.4497809410095215
1571,53.356327056884766,63.54916000366211,0.4910750389099121,0.1697138100862503,0.09436841309070587,0.46121853590011597
1572,53.804725646972656,64.57455444335938,0.4871250092983246,0.16949529945850372,0.11180725693702698,0.4424988031387329
1573,53.9643440246582,65.12702178955078,0.4847625494003296,0.16923703253269196,0.11328531056642532,0.43062713742256165
1574,53.18266677856445,63.90993118286133,0.4856250286102295,0.1689937561750412,0.13361454010009766,0.4354802072048187
1575,54.24352264404297,68.34082794189453,0.4808875322341919,0.16867077350616455,0.11562824249267578,0.4425775110721588
1576,53.68279266357422,65.91581726074219,0.48809999227523804,0.16847005486488342,0.11715243756771088,0.45057448744773865
1577,53.82448959350586,64.5926513671875,0.49003756046295166,0.16830222308635712,0.11344953626394272,0.4445607364177704
1578,54.043678283691406,64.72260284423828,0.49055004119873047,0.16814318299293518,0.11825534701347351,0.4541023075580597
1579,53.52619171142578,62.99378967285156,0.49506253004074097,0.16806015372276306,0.10256479680538177,0.4520767033100128
1580,53.64400863647461,64.82520294189453,0.497700035572052,0.16802150011062622,0.10577431321144104,0.4571353793144226
1581,53.095359802246094,64.53362274169922,0.501787543296814,0.16805154085159302,0.10854683071374893,0.4520091116428375
1582,53.28561782836914,61.752994537353516,0.4984625279903412,0.16802570223808289,0.10158858448266983,0.45093247294425964
1583,54.201416015625,66.01177215576172,0.5041375160217285,0.16809523105621338,0.0959196612238884,0.4483773410320282
1584,53.676570892333984,63.32319641113281,0.5040875673294067,0.1681639403104782,0.10655283182859421,0.44814059138298035
1585,54.39925003051758,65.95861053466797,0.5041500329971313,0.168233722448349,0.10598982870578766,0.4592989683151245
1586,52.881591796875,62.778560638427734,0.5057125687599182,0.16832982003688812,0.11700399965047836,0.45315057039260864
1587,54.06538391113281,65.99151611328125,0.5088375210762024,0.1684785783290863,0.10425994545221329,0.4566199481487274
1588,54.27430725097656,67.17224884033203,0.5073375105857849,0.16860219836235046,0.12128961831331253,0.4417552947998047
1589,54.18034744262695,69.35011291503906,0.5035000443458557,0.1686612069606781,0.09135633707046509,0.45109793543815613
1590,54.17734909057617,69.57518005371094,0.5073875188827515,0.16878581047058105,0.089913509786129,0.43373867869377136
1591,53.64104080200195,65.7797622680664,0.5094000101089478,0.16894446313381195,0.09938817471265793,0.44571658968925476
1592,53.895267486572266,66.45317077636719,0.5077000260353088,0.16907455027103424,0.09693516790866852,0.4343754053115845
1593,54.429691314697266,67.2566909790039,0.5097750425338745,0.1692398190498352,0.09581566601991653,0.4809825122356415
1594,52.75071716308594,62.528629302978516,0.508762538433075,0.16938813030719757,0.09074006974697113,0.44861432909965515
1595,54.03371047973633,66.49555969238281,0.5109875202178955,0.16957424581050873,0.06835093349218369,0.45827582478523254
1596,54.32071304321289,68.30316162109375,0.5099500417709351,0.16974297165870667,0.09104246646165848,0.4584587514400482
1597,53.385440826416016,65.5896987915039,0.506475031375885,0.16985288262367249,0.10917242616415024,0.45194071531295776
1598,54.0155143737793,67.36312866210938,0.5095125436782837,0.17001445591449738,0.1049950122833252,0.45918580889701843
1599,53.70980453491211,66.36032104492188,0.5053125023841858,0.1701047718524933,0.06913957744836807,0.45242494344711304
1600,54.3972282409668,68.72901153564453,0.5031375288963318,0.17015814781188965,0.086062490940094,0.47319698333740234
1601,53.94750213623047,67.97666931152344,0.5029750466346741,0.17020878195762634,0.07021532207727432,0.460649311542511
1602,53.92127990722656,67.12256622314453,0.5022500157356262,0.17024706304073334,0.10704344511032104,0.4437333345413208
1603,53.55101013183594,67.39266967773438,0.5016875267028809,0.17027580738067627,0.08604785799980164,0.45352259278297424
1604,53.53285598754883,65.47444915771484,0.4983625113964081,0.17024792730808258,0.09802667796611786,0.44604745507240295
1605,52.481807708740234,62.426639556884766,0.5000125169754028,0.1702481359243393,0.08821678906679153,0.4302886724472046
1606,53.419654846191406,64.24493408203125,0.499812513589859,0.17024493217468262,0.09783528745174408,0.44604966044425964
1607,54.100460052490234,67.01361083984375,0.500337541103363,0.17025066912174225,0.08818428218364716,0.42361757159233093
1608,53.759185791015625,65.68990325927734,0.49943751096725464,0.1702410876750946,0.09386056661605835,0.4555152356624603
1609,54.54555130004883,70.04839324951172,0.49810007214546204,0.17020873725414276,0.10145069658756256,0.4296802878379822
1610,54.26945877075195,67.4236831665039,0.49652498960494995,0.17014959454536438,0.12134519964456558,0.4412175118923187
1611,53.78668212890625,65.58274841308594,0.49588754773139954,0.17007961869239807,0.11899851262569427,0.43920159339904785
1612,54.01698303222656,64.99819946289062,0.4931250214576721,0.16996268928050995,0.1006643995642662,0.44145897030830383
1613,54.574832916259766,68.19640350341797,0.49636250734329224,0.16990086436271667,0.11841995269060135,0.4469905197620392
1614,53.52179718017578,65.01792907714844,0.49162501096725464,0.16975857317447662,0.1137925237417221,0.4420965313911438
1615,54.380470275878906,65.34170532226562,0.49246254563331604,0.16963061690330505,0.10073021054267883,0.45192578434944153
1616,53.000465393066406,60.62248992919922,0.4926000237464905,0.16950508952140808,0.10492207854986191,0.4690844714641571
1617,53.54425048828125,64.26084899902344,0.4959000051021576,0.16943559050559998,0.11420699208974838,0.45970556139945984
1618,53.65121841430664,64.14251708984375,0.4965250492095947,0.16937671601772308,0.10949110984802246,0.4563997685909271
1619,53.69843292236328,63.52601623535156,0.49467501044273376,0.16928651928901672,0.09914067387580872,0.45084720849990845
1620,52.98836898803711,62.77560043334961,0.49556252360343933,0.16921140253543854,0.102323517203331,0.4565024971961975
1621,53.61673355102539,66.49048614501953,0.49403756856918335,0.1691105216741562,0.11259274929761887,0.4607165455818176
1622,54.15810775756836,66.08235168457031,0.49806252121925354,0.16907775402069092,0.086314857006073,0.4718487858772278
1623,53.34943389892578,64.55810546875,0.497112512588501,0.16902893781661987,0.08678664267063141,0.4554632306098938
1624,53.641571044921875,65.70008087158203,0.5005375146865845,0.16903802752494812,0.09135407209396362,0.44813162088394165
1625,53.1419677734375,63.59962844848633,0.5018375515937805,0.1690690815448761,0.08753856271505356,0.4589270055294037
1626,53.93917465209961,67.12593841552734,0.5016875267028809,0.16909761726856232,0.08087482303380966,0.43940699100494385
1627,53.85999298095703,66.67598724365234,0.5028250217437744,0.1691453903913498,0.08919988572597504,0.4401220381259918
1628,53.97367477416992,65.8405532836914,0.5011250376701355,0.16916441917419434,0.09140846878290176,0.4485986530780792
1629,54.03886795043945,65.53670501708984,0.5042375326156616,0.16923610866069794,0.11211211234331131,0.43630242347717285
1630,53.27992630004883,64.18347930908203,0.5004750490188599,0.16924414038658142,0.09399104118347168,0.4231966435909271
1631,53.779476165771484,65.9401626586914,0.5017750263214111,0.16927418112754822,0.09151656180620193,0.4427977204322815
1632,54.699825286865234,70.39997863769531,0.5041375160217285,0.1693442165851593,0.10966308414936066,0.43868008255958557
1633,54.331932067871094,68.94999694824219,0.5082375407218933,0.1694837063550949,0.07741374522447586,0.45825061202049255
1634,53.845035552978516,66.19071197509766,0.5017375349998474,0.16951316595077515,0.08720258623361588,0.4572408199310303
1635,53.33467483520508,66.56139373779297,0.5060000419616699,0.16961486637592316,0.10886838287115097,0.4457758665084839
1636,54.06143569946289,66.86731719970703,0.5036125183105469,0.16967612504959106,0.0828642025589943,0.45253339409828186
1637,53.89649963378906,67.30480194091797,0.5078375339508057,0.16980911791324615,0.09893064945936203,0.4537700414657593
1638,53.420921325683594,66.10147857666016,0.5045250058174133,0.16988596320152283,0.09658961743116379,0.4570806324481964
1639,53.250282287597656,63.630027770996094,0.5022000074386597,0.1699233502149582,0.09092193841934204,0.44652560353279114
1640,54.380699157714844,68.93951416015625,0.5041500329971313,0.16999386250972748,0.09969951957464218,0.4518784284591675
1641,53.766876220703125,66.00121307373047,0.5026625394821167,0.1700391322374344,0.08423976600170135,0.45216235518455505
1642,53.79890060424805,66.8336410522461,0.5049375295639038,0.17012308537960052,0.08285899460315704,0.45719245076179504
1643,53.5334587097168,64.26173400878906,0.5030375123023987,0.1701747626066208,0.08352324366569519,0.44662198424339294
1644,53.6705207824707,65.72273254394531,0.5042375326156616,0.170246884226799,0.085208959877491,0.42870718240737915
1645,54.0284423828125,66.28913879394531,0.5039125084877014,0.1703134924173355,0.09885922819375992,0.4594995975494385
1646,53.68465805053711,65.17601013183594,0.5009875297546387,0.17033030092716217,0.09666290134191513,0.4644758403301239
1647,53.33916473388672,64.44178009033203,0.49787503480911255,0.17029410600662231,0.0659501776099205,0.46755459904670715
1648,53.96575164794922,67.30720520019531,0.4946250319480896,0.1702025681734085,0.09165500104427338,0.44320160150527954
1649,54.83826446533203,69.37250518798828,0.49422502517700195,0.1701042801141739,0.10654787719249725,0.45899301767349243
1650,54.27256393432617,67.77796936035156,0.4957500100135803,0.17003199458122253,0.07208768278360367,0.4574473202228546
1651,54.303245544433594,69.62442016601562,0.4896375238895416,0.16985580325126648,0.0810023844242096,0.4646369218826294
1652,54.044715881347656,67.5557861328125,0.49018752574920654,0.1696891337633133,0.0728982612490654,0.44739049673080444
1653,53.100399017333984,63.04543685913086,0.48920002579689026,0.16950587928295135,0.09689050167798996,0.4434020519256592
1654,53.015541076660156,63.33207702636719,0.49457502365112305,0.16941392421722412,0.09161996841430664,0.4616413116455078
1655,54.1371955871582,64.82791900634766,0.48916253447532654,0.16923032701015472,0.10868716984987259,0.44775691628456116
1656,53.682716369628906,64.5155258178711,0.4923250377178192,0.16910044848918915,0.1110895425081253,0.43094852566719055
1657,54.03462600708008,67.15064239501953,0.49550002813339233,0.16902434825897217,0.08305241167545319,0.44951215386390686
1658,54.24916076660156,67.098876953125,0.49902504682540894,0.16900786757469177,0.08887002617120743,0.45402538776397705
1659,53.39081573486328,63.43407440185547,0.4971500039100647,0.16895969212055206,0.09748917818069458,0.443100243806839
1660,53.35716247558594,62.22088623046875,0.4983750283718109,0.168932244181633,0.10661700367927551,0.45429667830467224
1661,53.37722396850586,62.903282165527344,0.4990375339984894,0.1689159870147705,0.0861925333738327,0.45198193192481995
1662,53.45598220825195,63.517059326171875,0.49832504987716675,0.1688876897096634,0.0989905297756195,0.4456055462360382
1663,53.191287994384766,62.944602966308594,0.50166255235672,0.1689157783985138,0.10815661400556564,0.4659932851791382
1664,53.42719650268555,63.38973617553711,0.5021500587463379,0.1689521074295044,0.10280081629753113,0.44778695702552795
1665,53.957550048828125,65.1198959350586,0.5039250254631042,0.1690184324979782,0.09217427670955658,0.449008971452713
1666,53.57248306274414,66.56558227539062,0.501787543296814,0.16904865205287933,0.09922833740711212,0.4486835300922394
1667,53.185638427734375,64.03424835205078,0.5044625401496887,0.1691240817308426,0.09540791809558868,0.43730422854423523
1668,54.41282653808594,68.53236389160156,0.5058250427246094,0.16922259330749512,0.07630353420972824,0.46550750732421875
1669,53.965309143066406,67.85456848144531,0.5065875053405762,0.1693340688943863,0.0931081771850586,0.4381183981895447
1670,53.50075912475586,65.0497817993164,0.506012499332428,0.16943588852882385,0.09655193239450455,0.4409509301185608
1671,53.61773681640625,65.09573364257812,0.5018500089645386,0.1694672405719757,0.07371605187654495,0.46681949496269226
1672,54.03594970703125,67.68172454833984,0.5087750554084778,0.1696159541606903,0.06749469041824341,0.4833528399467468
1673,54.21983337402344,66.46478271484375,0.5001499652862549,0.16961850225925446,0.08438799530267715,0.44034653902053833
1674,54.56690216064453,67.95956420898438,0.5037500262260437,0.169682115316391,0.07598967105150223,0.4526921212673187
1675,52.85687255859375,62.21394729614258,0.5055000185966492,0.16977544128894806,0.06724713742733002,0.44941702485084534
1676,53.836910247802734,65.34061431884766,0.5007500052452087,0.1697881668806076,0.08439607918262482,0.4416610598564148
1677,53.420555114746094,63.94184494018555,0.5016875267028809,0.16981682181358337,0.08198634535074234,0.4591827094554901
1678,53.02244186401367,62.712955474853516,0.49758756160736084,0.1697758585214615,0.1026645079255104,0.42186519503593445
1679,53.7043571472168,66.45112609863281,0.5003750324249268,0.16978223621845245,0.09453191608190536,0.4484421908855438
1680,53.94627380371094,67.12815856933594,0.5058250427246094,0.16988112032413483,0.10579497367143631,0.43127480149269104
1681,55.85128402709961,72.44315338134766,0.503350019454956,0.16993802785873413,0.0947732925415039,0.44209614396095276
1682,54.119571685791016,67.1133804321289,0.49906253814697266,0.1699220985174179,0.11507932841777802,0.4387863278388977
1683,54.001129150390625,63.620452880859375,0.502162516117096,0.16995884478092194,0.08470409363508224,0.4640914797782898
1684,54.106468200683594,65.7601547241211,0.5016124844551086,0.16998626291751862,0.08114441484212875,0.4768769443035126
1685,53.599815368652344,64.1468734741211,0.50371253490448,0.17004936933517456,0.06521759182214737,0.4642471671104431
1686,53.9122428894043,65.63558197021484,0.49890002608299255,0.17003066837787628,0.07282153517007828,0.4772638976573944
1687,53.84745788574219,65.91715240478516,0.5016375184059143,0.17005851864814758,0.07410071045160294,0.4694102108478546
1688,52.85246658325195,61.08158874511719,0.4975625276565552,0.1700170785188675,0.057923588901758194,0.4684866964817047
1689,53.4568977355957,63.7912712097168,0.4963875412940979,0.16995565593242645,0.08109981566667557,0.46932274103164673
1690,53.476341247558594,64.36080169677734,0.501300036907196,0.16997775435447693,0.06713429093360901,0.48039695620536804
1691,53.451690673828125,64.47117614746094,0.4939125180244446,0.16987428069114685,0.07206413149833679,0.4770455062389374
1692,53.29985046386719,63.75416946411133,0.4915750324726105,0.16973115503787994,0.10721889138221741,0.4551940858364105
1693,54.04072570800781,67.16606903076172,0.4887250065803528,0.16953977942466736,0.09378558397293091,0.47210824489593506
1694,54.10874557495117,67.93834686279297,0.49211254715919495,0.16940605640411377,0.09490616619586945,0.4462687373161316
1695,53.93391799926758,66.49735260009766,0.4898625314235687,0.16923432052135468,0.08377639949321747,0.44761595129966736
1696,54.36603546142578,68.01185607910156,0.4924750328063965,0.16910697519779205,0.09716402739286423,0.44815757870674133
1697,53.77434539794922,65.69798278808594,0.4940750300884247,0.16900677978992462,0.09033650904893875,0.44203636050224304
1698,53.95835876464844,66.7687759399414,0.49631252884864807,0.16894444823265076,0.10326577723026276,0.42902541160583496
1699,53.70780944824219,64.98668670654297,0.4956125020980835,0.16887032985687256,0.11601702868938446,0.4271664619445801
1700,53.314151763916016,63.700904846191406,0.499500036239624,0.16886188089847565,0.08626759052276611,0.47447502613067627
1701,53.60371780395508,63.39055633544922,0.5001625418663025,0.16886462271213531,0.1183348223567009,0.4417573809623718
1702,53.165367126464844,61.81539535522461,0.5045124888420105,0.16894081234931946,0.11010532826185226,0.4588155448436737
1703,54.05757141113281,64.9390640258789,0.5029250383377075,0.16899023950099945,0.09393063187599182,0.4641690254211426
1704,53.452510833740234,63.53752899169922,0.507312536239624,0.16911381483078003,0.11185793578624725,0.47959575057029724
1705,53.115562438964844,60.41819381713867,0.508650004863739,0.16926009953022003,0.08412684500217438,0.44888707995414734
1706,54.08096694946289,65.35597229003906,0.51152503490448,0.1694551706314087,0.10274237394332886,0.4532952904701233
1707,54.44101333618164,67.41887664794922,0.5146500468254089,0.169703409075737,0.10710325092077255,0.45894137024879456
1708,54.502044677734375,67.66949462890625,0.5094625353813171,0.1698639988899231,0.07751939445734024,0.4649949371814728
1709,54.65045166015625,67.24006652832031,0.50371253490448,0.16992706060409546,0.08868362754583359,0.45645344257354736
1710,53.80107116699219,64.86170959472656,0.5023624897003174,0.16996720433235168,0.07824354618787766,0.4529227912425995
1711,52.48725891113281,61.098541259765625,0.5059375762939453,0.17006812989711761,0.09377572685480118,0.4427317678928375
1712,54.83256912231445,69.23733520507812,0.5005625486373901,0.17007769644260406,0.10646666586399078,0.452084481716156
1713,53.88847732543945,66.48986053466797,0.5029000043869019,0.1701270192861557,0.10610939562320709,0.4731006622314453
1714,54.9564208984375,68.30610656738281,0.49755001068115234,0.1700853407382965,0.08672036975622177,0.44993963837623596
1715,53.27378463745117,63.1153450012207,0.5059625506401062,0.17018675804138184,0.08675441145896912,0.45502543449401855
1716,53.846500396728516,63.596195220947266,0.5046500563621521,0.17026589810848236,0.09322087466716766,0.4573432505130768
1717,53.75881576538086,64.18804931640625,0.5018750429153442,0.17029783129692078,0.09105262160301208,0.45484980940818787
1718,53.204341888427734,62.5778923034668,0.49865004420280457,0.17027483880519867,0.09564265608787537,0.46488359570503235
1719,53.013092041015625,61.279788970947266,0.49621251225471497,0.1702103465795517,0.08240169286727905,0.4526969790458679
1720,52.94875717163086,62.394039154052734,0.49397504329681396,0.17010779678821564,0.07416308671236038,0.4836711287498474
1721,53.88229751586914,67.28353881835938,0.4905000329017639,0.16994619369506836,0.07732425630092621,0.45073002576828003
1722,53.917667388916016,67.04016876220703,0.4909125566482544,0.16979175806045532,0.10883275419473648,0.4686252176761627
1723,52.791324615478516,62.67962646484375,0.4895000159740448,0.16961348056793213,0.11301086843013763,0.45474672317504883
1724,53.74380874633789,67.3481674194336,0.4872875213623047,0.16939786076545715,0.11760851740837097,0.4517846405506134
1725,53.883968353271484,67.47702026367188,0.490012526512146,0.1692286729812622,0.09764236956834793,0.44108372926712036
1726,54.10029220581055,68.98789978027344,0.490012526512146,0.1690596640110016,0.1198040023446083,0.43586909770965576
1727,54.29737854003906,69.6942138671875,0.49438753724098206,0.16896478831768036,0.097988560795784,0.4773860573768616
1728,53.25324630737305,64.13678741455078,0.4973375201225281,0.16891980171203613,0.11880356073379517,0.448282927274704
1729,53.95020294189453,65.66191864013672,0.49970000982284546,0.16891473531723022,0.10267437994480133,0.4429953098297119
1730,53.75469970703125,64.13961791992188,0.4992625415325165,0.16890227794647217,0.10302513837814331,0.4333822429180145
1731,52.98182678222656,62.00807571411133,0.49960002303123474,0.16889552772045135,0.10605563223361969,0.4247390031814575
1732,53.596710205078125,64.5185775756836,0.5042750239372253,0.16896772384643555,0.09215958416461945,0.459709495306015
1733,53.90996551513672,64.14144134521484,0.5018875598907471,0.16899961233139038,0.08257083594799042,0.43370160460472107
1734,52.68622589111328,60.17761993408203,0.5018500089645386,0.16903087496757507,0.09521852433681488,0.42505356669425964
1735,53.20504379272461,62.52532196044922,0.49992501735687256,0.1690296083688736,0.09881314635276794,0.44156625866889954
1736,53.230255126953125,63.25261306762695,0.5012250542640686,0.16905032098293304,0.11472304910421371,0.4412442743778229
1737,52.87886428833008,63.63740921020508,0.5010625123977661,0.16906827688217163,0.1097552627325058,0.46426069736480713
1738,53.151100158691406,64.65807342529297,0.49601253867149353,0.16900086402893066,0.09248488396406174,0.4312192499637604
1739,54.284732818603516,68.82716369628906,0.5004374980926514,0.1690082550048828,0.10062473267316818,0.4267318546772003
1740,53.99033737182617,69.23871612548828,0.4977875053882599,0.16897086799144745,0.09659683704376221,0.4308735728263855
1741,54.1502685546875,67.8880386352539,0.5013124942779541,0.1689930409193039,0.1047898530960083,0.4271577000617981
1742,53.44182586669922,65.95257568359375,0.49720004200935364,0.16894571483135223,0.09530109167098999,0.44062498211860657
1743,53.52377700805664,65.45355987548828,0.5023750066757202,0.16898582875728607,0.09747094660997391,0.458465039730072
1744,53.931888580322266,67.0499267578125,0.5051250457763672,0.16907243430614471,0.10006583482027054,0.4523398280143738
1745,54.62200927734375,69.18611907958984,0.5090374946594238,0.16922523081302643,0.06399299204349518,0.44446322321891785
1746,53.53784942626953,64.96365356445312,0.5107250213623047,0.1694067269563675,0.09381582587957382,0.44737789034843445
1747,54.14836883544922,66.8378677368164,0.5048375129699707,0.16948868334293365,0.08204753696918488,0.4501170516014099
1748,54.24192810058594,66.38204193115234,0.5087750554084778,0.16963741183280945,0.07831187546253204,0.44435322284698486
1749,54.02967071533203,65.55355834960938,0.5030875205993652,0.16968978941440582,0.09466177225112915,0.4675510823726654
1750,54.2338752746582,64.64400482177734,0.5000250339508057,0.16969022154808044,0.08002407848834991,0.4458843469619751
1751,53.35525131225586,63.52688217163086,0.4961250126361847,0.169624462723732,0.11402656883001328,0.4548605978488922
1752,53.22446060180664,63.74053955078125,0.49406251311302185,0.16952374577522278,0.06154118478298187,0.4702250063419342
1753,53.30376052856445,62.74521255493164,0.4883125424385071,0.16932561993598938,0.09318330138921738,0.42844516038894653
1754,53.15277862548828,62.76826095581055,0.489300012588501,0.1691444367170334,0.09915924817323685,0.4545847475528717
1755,52.994625091552734,62.645267486572266,0.4918375313282013,0.1690063774585724,0.0908084288239479,0.4551275670528412
1756,54.123451232910156,67.99857330322266,0.487837553024292,0.16880083084106445,0.10279586911201477,0.44165825843811035
1757,53.90742492675781,66.82633972167969,0.4885750412940979,0.16860798001289368,0.10870642215013504,0.398634135723114
1758,53.45948028564453,64.88676452636719,0.4953250288963318,0.16852915287017822,0.11876171082258224,0.45519697666168213
1759,53.46924591064453,63.94922637939453,0.4926500618457794,0.16840527951717377,0.11868806183338165,0.4465141296386719
1760,53.58118438720703,63.47053527832031,0.49637502431869507,0.16834422945976257,0.11056090146303177,0.4481067657470703
1761,53.99747848510742,65.60938262939453,0.4941125512123108,0.1682451069355011,0.09058203548192978,0.44126588106155396
1762,53.997283935546875,66.48624420166016,0.5008625388145447,0.1682596206665039,0.09337477385997772,0.4423467814922333
1763,53.695926666259766,64.89118194580078,0.49908751249313354,0.16824427247047424,0.09887462109327316,0.4421015977859497
1764,54.08565139770508,65.06292724609375,0.49727505445480347,0.16819842159748077,0.0948561355471611,0.43990233540534973
1765,54.24406051635742,66.72698211669922,0.50142502784729,0.16822238266468048,0.1137838214635849,0.459759384393692
1766,53.509883880615234,65.57951354980469,0.5012875199317932,0.16824403405189514,0.10075755417346954,0.43903985619544983
1767,53.323699951171875,62.81623840332031,0.5023125410079956,0.16828294098377228,0.09395044296979904,0.4384791851043701
1768,53.83366012573242,65.60259246826172,0.5041249990463257,0.16835235059261322,0.08893442153930664,0.4330286383628845
1769,53.64069747924805,65.28289794921875,0.4981750249862671,0.1683216243982315,0.10551798343658447,0.44032883644104004
1770,52.84565734863281,63.57310104370117,0.4991625249385834,0.16830752789974213,0.11037944257259369,0.44277510046958923
1771,52.889591217041016,64.68278503417969,0.49562501907348633,0.16823388636112213,0.09449879080057144,0.4374227523803711
1772,53.78491973876953,67.36676025390625,0.499812513589859,0.16823072731494904,0.06799545139074326,0.45588091015815735
1773,53.545440673828125,66.36609649658203,0.49428752064704895,0.1681346297264099,0.09597740322351456,0.436092346906662
1774,53.412689208984375,66.4543228149414,0.49863749742507935,0.16811172664165497,0.0964563637971878,0.43913960456848145
1775,54.62387466430664,70.96428680419922,0.5005375146865845,0.16812077164649963,0.09714622795581818,0.4623495936393738
1776,55.10691833496094,71.07414245605469,0.5067750215530396,0.1682346612215042,0.06512194126844406,0.4481213688850403
1777,53.2574462890625,63.95602035522461,0.5059750080108643,0.1683351844549179,0.0951203852891922,0.4316460192203522
1778,53.58041000366211,63.34977722167969,0.5070125460624695,0.16845324635505676,0.11719533056020737,0.42291316390037537
1779,54.311126708984375,67.75990295410156,0.5095000267028809,0.1686132699251175,0.09010106325149536,0.4386213719844818
1780,54.6660041809082,69.39183807373047,0.5074875354766846,0.16873951256275177,0.10098373889923096,0.424747109413147
1781,53.86107635498047,65.49288177490234,0.5031500458717346,0.16879265010356903,0.08663894981145859,0.4304378032684326
1782,53.50384521484375,64.19102478027344,0.5035625100135803,0.1688527762889862,0.11690244823694229,0.4445948004722595
1783,53.95931625366211,64.85260772705078,0.5009875297546387,0.16886943578720093,0.1173645630478859,0.45053452253341675
1784,53.73830032348633,65.5323257446289,0.4942000210285187,0.16877149045467377,0.1078217402100563,0.4232790470123291
1785,53.50240707397461,63.559810638427734,0.4909375309944153,0.16861854493618011,0.10108441859483719,0.44354116916656494
1786,54.399044036865234,67.77445220947266,0.4911625385284424,0.16846953332424164,0.08973319083452225,0.45178499817848206
1787,52.939449310302734,61.9666748046875,0.4911625385284424,0.1683206409215927,0.09260658919811249,0.4303974509239197
1788,53.99567413330078,64.69050598144531,0.4927999973297119,0.16819944977760315,0.10525449365377426,0.4386208951473236
1789,53.78748321533203,64.68909454345703,0.4930625259876251,0.16808275878429413,0.0600585862994194,0.4581300914287567
1790,53.504791259765625,62.89076614379883,0.4927625358104706,0.16796112060546875,0.07749000191688538,0.43215295672416687
1791,52.95155715942383,61.15062713623047,0.4963500499725342,0.16789981722831726,0.07545206695795059,0.46186721324920654
1792,53.1602668762207,61.84653091430664,0.49722498655319214,0.1678532212972641,0.09301527589559555,0.44949349761009216
1793,53.86488342285156,64.27765655517578,0.4965875446796417,0.16779594123363495,0.11563108116388321,0.45216652750968933
1794,53.9864501953125,65.55582427978516,0.4980500042438507,0.16776321828365326,0.11169522255659103,0.4632568955421448
1795,53.934593200683594,65.43646240234375,0.4986250102519989,0.16774015128612518,0.11148829013109207,0.44115760922431946
1796,53.02501678466797,63.62430191040039,0.49951252341270447,0.16773197054862976,0.08617221564054489,0.4274715483188629
1797,54.223934173583984,67.42205047607422,0.5051125288009644,0.16781772673130035,0.09067701548337936,0.42844635248184204
1798,53.53392028808594,64.06334686279297,0.5010625123977661,0.1678355485200882,0.11361876130104065,0.4245169758796692
1799,53.95766067504883,66.68976593017578,0.5037875175476074,0.16789911687374115,0.07299530506134033,0.454051673412323
1800,52.98225021362305,61.561729431152344,0.5092250108718872,0.16805399954319,0.08222974091768265,0.4336839020252228
1801,53.63481903076172,65.26983642578125,0.5055875182151794,0.16814789175987244,0.09393639117479324,0.4378839135169983
1802,54.22855758666992,65.91492462158203,0.5097500681877136,0.16831183433532715,0.11553514003753662,0.411904513835907
1803,54.055057525634766,65.48590850830078,0.5099500417709351,0.1684793084859848,0.10914819687604904,0.44038328528404236
1804,54.06924819946289,67.50760650634766,0.5136250257492065,0.16870887577533722,0.08122366666793823,0.4472816288471222
1805,54.11579513549805,66.48278045654297,0.5117500424385071,0.16890712082386017,0.06045374274253845,0.45868152379989624
1806,53.519466400146484,65.1384048461914,0.5083000063896179,0.16904732584953308,0.09216456115245819,0.46332576870918274
1807,53.95592498779297,67.1577377319336,0.5038625001907349,0.16911262273788452,0.07263559103012085,0.440629780292511
1808,54.044193267822266,66.79961395263672,0.5029749870300293,0.16916294395923615,0.08777538686990738,0.4426412284374237
1809,53.37580871582031,64.67790222167969,0.5008875131607056,0.16917794942855835,0.1201532632112503,0.4622012674808502
1810,53.18621826171875,63.15956497192383,0.4933875501155853,0.16906608641147614,0.06670410186052322,0.4615095257759094
1811,53.39138412475586,64.33120727539062,0.49533748626708984,0.16898725926876068,0.09030622988939285,0.46759194135665894
1812,54.290077209472656,68.66371154785156,0.4908125102519989,0.16883200407028198,0.10832206159830093,0.44567883014678955
1813,52.437232971191406,63.232913970947266,0.4874750077724457,0.1686205416917801,0.08527986705303192,0.44804078340530396
1814,53.9938850402832,67.8430404663086,0.48707500100135803,0.16840259730815887,0.12493216246366501,0.43653953075408936
1815,53.32994079589844,64.62963104248047,0.48987501859664917,0.16823208332061768,0.10446244478225708,0.4394075572490692
1816,54.050350189208984,67.60531616210938,0.48798754811286926,0.1680299937725067,0.11991957575082779,0.4430352747440338
1817,53.75157165527344,66.15715789794922,0.48721253871917725,0.16781511902809143,0.12648986279964447,0.41643571853637695
1818,53.12593460083008,63.211341857910156,0.4876125156879425,0.16760723292827606,0.11423874646425247,0.4194050133228302
1819,53.115325927734375,63.88580322265625,0.490012526512146,0.16743983328342438,0.11012051999568939,0.419977068901062
1820,54.347625732421875,65.62785339355469,0.4902375340461731,0.16727636754512787,0.10865023732185364,0.42722493410110474
1821,53.66735076904297,63.97402572631836,0.4896375238895416,0.16710303723812103,0.09917343407869339,0.4305902123451233
1822,53.547515869140625,63.9315185546875,0.4933750331401825,0.16699233651161194,0.11214786022901535,0.43849053978919983
1823,54.06529998779297,65.35074615478516,0.4948125183582306,0.1669057160615921,0.10137967765331268,0.441604346036911
1824,52.492828369140625,59.12757110595703,0.4970250129699707,0.1668560653924942,0.097068190574646,0.4478309750556946
1825,53.570289611816406,63.137725830078125,0.49865004420280457,0.1668335348367691,0.1120307594537735,0.43954789638519287
1826,53.78803634643555,65.79979705810547,0.4997250437736511,0.1668289452791214,0.09291539341211319,0.4564257264137268
1827,54.22425079345703,67.15089416503906,0.5000750422477722,0.16683019697666168,0.10549402236938477,0.4269550144672394
1828,53.66717529296875,64.43677520751953,0.49986255168914795,0.16682790219783783,0.09327710419893265,0.44247889518737793
1829,53.378761291503906,64.49263763427734,0.5002375245094299,0.1668318659067154,0.09526628255844116,0.4370500445365906
1830,53.14925003051758,63.34345626831055,0.500700056552887,0.16684353351593018,0.11584307253360748,0.41588130593299866
1831,52.82634735107422,62.88325500488281,0.49627500772476196,0.16678138077259064,0.09388154000043869,0.43060067296028137
1832,53.7358283996582,66.59868621826172,0.495587557554245,0.16670778393745422,0.09701965749263763,0.42783036828041077
1833,53.135684967041016,65.83011627197266,0.49528753757476807,0.16662922501564026,0.08844643086194992,0.42937609553337097
1834,53.834163665771484,68.38019561767578,0.4989875257015228,0.16661235690116882,0.08507807552814484,0.41580772399902344
1835,53.88949966430664,67.6524658203125,0.5030375123023987,0.16666296124458313,0.07909919321537018,0.43650901317596436
1836,53.22758483886719,64.33643341064453,0.5005625486373901,0.16667233407497406,0.09076477587223053,0.432468056678772
1837,54.34197998046875,68.63314056396484,0.5007500052452087,0.1666848361492157,0.0852493867278099,0.43914905190467834
1838,54.63591766357422,69.17533111572266,0.5051625370979309,0.16677089035511017,0.07922039926052094,0.45511266589164734
1839,53.43031311035156,65.00592041015625,0.5029125213623047,0.16681945323944092,0.11303744465112686,0.4496155381202698
1840,53.47756576538086,63.94484329223633,0.5012250542640686,0.16683989763259888,0.09230043739080429,0.4386196732521057
1841,53.47679138183594,63.78660202026367,0.5029500126838684,0.16688911616802216,0.10089199990034103,0.44414371252059937
1842,53.797725677490234,63.787784576416016,0.5030999779701233,0.166940838098526,0.09796551614999771,0.44443950057029724
1843,52.18085479736328,58.85215377807617,0.50166255235672,0.16696859896183014,0.10744833201169968,0.46230900287628174
1844,53.000953674316406,62.6246337890625,0.5034000277519226,0.1670253723859787,0.10543567687273026,0.4439573287963867
1845,53.031917572021484,62.80759048461914,0.5037250518798828,0.1670875996351242,0.10184537619352341,0.44391971826553345
1846,53.0789909362793,63.2659912109375,0.4962000250816345,0.16702410578727722,0.07631751149892807,0.4223758578300476
1847,53.32179260253906,64.23611450195312,0.4942000210285187,0.16692723333835602,0.09713369607925415,0.41831398010253906
1848,54.57392501831055,70.23255157470703,0.5005124807357788,0.1669357866048813,0.13356994092464447,0.45015349984169006
1849,53.200416564941406,65.34497833251953,0.49451249837875366,0.1668441891670227,0.11203277111053467,0.4565177857875824
1850,53.578521728515625,64.73967742919922,0.4944875240325928,0.16675221920013428,0.10087752342224121,0.4343760013580322
1851,52.446327209472656,61.91522979736328,0.49473750591278076,0.1666644662618637,0.0979648232460022,0.44124117493629456
1852,53.231571197509766,64.83444213867188,0.4952374994754791,0.16658508777618408,0.12041356414556503,0.4308762550354004
1853,52.340240478515625,63.26841354370117,0.4955875277519226,0.16651158034801483,0.10654996335506439,0.4390641450881958
1854,54.62654113769531,68.80668640136719,0.4949125051498413,0.1664268672466278,0.09243800491094589,0.4251747131347656
1855,52.77734375,62.89700698852539,0.49947503209114075,0.1664181351661682,0.0761570855975151,0.4364474415779114
1856,52.990142822265625,64.2467269897461,0.5042000412940979,0.16648802161216736,0.12304195016622543,0.4472760558128357
1857,53.56696701049805,65.67794036865234,0.5013500452041626,0.16651049256324768,0.09800111502408981,0.44814780354499817
1858,53.95915985107422,66.44912719726562,0.5041500329971313,0.16657958924770355,0.1143457442522049,0.43949607014656067
1859,53.82420349121094,67.5912094116211,0.500700056552887,0.16659124195575714,0.11113277077674866,0.41286545991897583
1860,54.487953186035156,68.08031463623047,0.5096375942230225,0.16675180196762085,0.09604129940271378,0.44597017765045166
1861,53.694190979003906,64.54529571533203,0.5118250250816345,0.16694898903369904,0.10402954369783401,0.4394308924674988
1862,53.635501861572266,65.38933563232422,0.5100000500679016,0.1671159416437149,0.10183162242174149,0.4537120759487152
1863,53.203575134277344,63.538368225097656,0.5087375044822693,0.1672619730234146,0.06495559960603714,0.44069141149520874
1864,53.09013366699219,63.812400817871094,0.5070125460624695,0.16737927496433258,0.07759527117013931,0.4361875355243683
1865,54.13100051879883,66.21583557128906,0.5090875625610352,0.16753137111663818,0.08410172164440155,0.4425451457500458
1866,53.35282897949219,64.86238098144531,0.5080875754356384,0.16766685247421265,0.08464861661195755,0.42717599868774414
1867,54.03446578979492,68.19883728027344,0.507550060749054,0.16779343783855438,0.08057478815317154,0.4427281320095062
1868,53.69499969482422,66.45567321777344,0.5013499855995178,0.16781608760356903,0.09019818902015686,0.44975531101226807
1869,53.121334075927734,65.42377471923828,0.5017625093460083,0.16784565150737762,0.08704192191362381,0.44402751326560974
1870,54.48115539550781,70.00164031982422,0.499812513589859,0.16784250736236572,0.11040791124105453,0.44134068489074707
1871,53.941383361816406,68.64144897460938,0.4969000220298767,0.1677904725074768,0.0805726945400238,0.4363778531551361
1872,54.49574279785156,70.05331420898438,0.49570003151893616,0.1677183210849762,0.10583934187889099,0.432446151971817
1873,53.98298263549805,68.73896789550781,0.5004250407218933,0.16772545874118805,0.08911479264497757,0.4412287175655365
1874,53.43673324584961,65.44497680664062,0.4986250102519989,0.16770239174365997,0.09586690366268158,0.44712790846824646
1875,53.416866302490234,64.35588073730469,0.49877500534057617,0.16768184304237366,0.10588624328374863,0.4282298982143402
1876,54.24388885498047,65.91341400146484,0.4996500611305237,0.16767597198486328,0.08854865282773972,0.45008403062820435
1877,53.127201080322266,64.30389404296875,0.5024500489234924,0.16771705448627472,0.07468006014823914,0.4567108154296875
1878,53.39963150024414,63.81093215942383,0.5005250573158264,0.1677258461713791,0.08161835372447968,0.4352405071258545
1879,53.314598083496094,63.289794921875,0.505174994468689,0.16781264543533325,0.09081465750932693,0.4600179195404053
1880,54.34349060058594,66.54349517822266,0.5053125023841858,0.16790178418159485,0.08832849562168121,0.46459338068962097
1881,53.96024703979492,66.35444641113281,0.5057125687599182,0.16799770295619965,0.08878081291913986,0.4543500542640686
1882,53.56380081176758,65.04232788085938,0.5050625205039978,0.16808275878429413,0.09928395599126816,0.44681718945503235
1883,54.37051773071289,66.76631927490234,0.5074250102043152,0.1682075709104538,0.0985231101512909,0.4602004587650299
1884,53.31394958496094,63.83262634277344,0.505850076675415,0.16830596327781677,0.09228937327861786,0.4574618339538574
1885,53.973365783691406,65.15595245361328,0.5075125098228455,0.16843239963054657,0.0879104882478714,0.42443645000457764
1886,54.36717224121094,66.97508239746094,0.5079874992370605,0.16856692731380463,0.09072950482368469,0.4524966776371002
1887,53.86508560180664,66.6644515991211,0.5056000351905823,0.16866132616996765,0.07080167531967163,0.4404517114162445
1888,53.646244049072266,64.05730438232422,0.506100058555603,0.16876420378684998,0.06489569693803787,0.4488806128501892
1889,53.25379180908203,63.80159378051758,0.5060375332832336,0.1688660979270935,0.06706021726131439,0.4606398642063141
1890,53.19833755493164,63.88365936279297,0.49990004301071167,0.1688644140958786,0.08382900059223175,0.4335741400718689
1891,53.115516662597656,62.183719635009766,0.4987625479698181,0.16884352266788483,0.07088350504636765,0.4559266269207001
1892,52.848140716552734,62.02674102783203,0.49880000948905945,0.1688232570886612,0.07921945303678513,0.4272848069667816
1893,53.659828186035156,67.25759887695312,0.499562531709671,0.16881586611270905,0.06657728552818298,0.4516933262348175
1894,52.65641784667969,61.46303939819336,0.49533751606941223,0.16873715817928314,0.07676634937524796,0.45285728573799133
1895,54.13423538208008,68.93265533447266,0.49816253781318665,0.16870614886283875,0.08594813942909241,0.48038941621780396
1896,53.0184326171875,64.2866439819336,0.49761250615119934,0.16866587102413177,0.09235513210296631,0.44564610719680786
1897,53.78535461425781,66.71885681152344,0.4979000389575958,0.168630450963974,0.06633260101079941,0.4429185688495636
1898,54.46915054321289,69.30067443847656,0.49836254119873047,0.1686028391122818,0.09866821765899658,0.45491570234298706
1899,53.77565383911133,67.5068130493164,0.5001625418663025,0.16860556602478027,0.0824480801820755,0.449679434299469
1900,54.331912994384766,67.91620635986328,0.505637526512146,0.16870062053203583,0.08280041813850403,0.4135033190250397
1901,53.37565231323242,64.8884506225586,0.5012750625610352,0.16872213780879974,0.08331579715013504,0.4525451958179474
1902,52.63322448730469,62.31468963623047,0.5029375553131104,0.16877169907093048,0.08179643005132675,0.44929566979408264
1903,53.87563705444336,65.12308502197266,0.5015875101089478,0.16879849135875702,0.09859427064657211,0.4426347315311432
1904,53.67860412597656,64.05626678466797,0.49995002150535583,0.16879764199256897,0.08194641023874283,0.4574430286884308
1905,53.10673141479492,62.727989196777344,0.499224990606308,0.16878455877304077,0.06844684481620789,0.44573521614074707
1906,53.447998046875,61.872127532958984,0.4934000074863434,0.16867315769195557,0.09686156362295151,0.44575420022010803
1907,52.93201446533203,61.65419006347656,0.5002500414848328,0.16867737472057343,0.10490147024393082,0.42475244402885437
1908,53.61484146118164,63.70180892944336,0.4972250163555145,0.16863057017326355,0.09081138670444489,0.4589291214942932
1909,54.04352951049805,65.8398208618164,0.4928625524044037,0.16851021349430084,0.10041996836662292,0.44219180941581726
1910,54.33344650268555,67.21994018554688,0.49397504329681396,0.16840869188308716,0.09224916249513626,0.4561993479728699
1911,52.406009674072266,60.58116912841797,0.49162501096725464,0.1682676523923874,0.10781500488519669,0.43113481998443604
1912,54.05247497558594,67.688232421875,0.49586251378059387,0.16819803416728973,0.10713820159435272,0.4094279110431671
1913,53.38307571411133,66.3506088256836,0.49461254477500916,0.16810742020606995,0.0966482162475586,0.4563155770301819
1914,53.10023880004883,63.598358154296875,0.49633756279945374,0.16804584860801697,0.1017075628042221,0.44079968333244324
1915,53.393157958984375,65.2302017211914,0.4951375424861908,0.1679641306400299,0.08435168862342834,0.45243051648139954
1916,53.53644561767578,64.4367904663086,0.4975000321865082,0.16792213916778564,0.1094931811094284,0.43878671526908875
1917,53.563575744628906,65.28810119628906,0.4984250068664551,0.16789568960666656,0.11905190348625183,0.4530777335166931
1918,53.6231575012207,64.77643585205078,0.4988875389099121,0.16787701845169067,0.09651442617177963,0.43739283084869385
1919,53.76926040649414,65.8689956665039,0.5059625506401062,0.16797712445259094,0.09694436937570572,0.44503137469291687
1920,53.45768737792969,63.704078674316406,0.5053250193595886,0.1680665761232376,0.11183948814868927,0.4401111900806427
1921,53.8534049987793,63.034297943115234,0.5034124851226807,0.16812393069267273,0.11200316250324249,0.42739635705947876
1922,53.92034149169922,65.26693725585938,0.5050625205039978,0.168209046125412,0.07592249661684036,0.44592663645744324
1923,53.506229400634766,64.02568817138672,0.5050750374794006,0.16829441487789154,0.0943211242556572,0.4249546527862549
1924,53.59043502807617,64.95025634765625,0.5050375461578369,0.16837920248508453,0.10601043701171875,0.4326406419277191
1925,54.236900329589844,67.97392272949219,0.5059249997138977,0.16847896575927734,0.09459389001131058,0.4030417501926422
1926,54.258548736572266,67.36119842529297,0.5030750632286072,0.16853077709674835,0.07802475243806839,0.440178245306015
1927,53.42991256713867,64.41759490966797,0.4997375011444092,0.16852635145187378,0.09341088682413101,0.42569369077682495
1928,53.34355545043945,63.66829299926758,0.4970625638961792,0.16847684979438782,0.0974283516407013,0.4621036648750305
1929,52.633384704589844,61.476566314697266,0.49576252698898315,0.1684054583311081,0.11624399572610855,0.4520520865917206
1930,54.06142807006836,67.12590789794922,0.4958500266075134,0.16833557188510895,0.08736777305603027,0.4704531729221344
1931,52.89363479614258,62.83311462402344,0.4970625340938568,0.16828612983226776,0.10691525787115097,0.4458318054676056
1932,53.90188980102539,67.78471374511719,0.4980250298976898,0.16825290024280548,0.10981250554323196,0.4313723146915436
1933,53.95024108886719,67.16976165771484,0.4954875409603119,0.16817697882652283,0.0923081561923027,0.43268704414367676
1934,53.01453399658203,64.57703399658203,0.498287558555603,0.16814817488193512,0.0792970210313797,0.4243728220462799
1935,53.47121047973633,65.34127807617188,0.49781250953674316,0.1681113988161087,0.09160470962524414,0.46112507581710815
1936,53.07101821899414,63.607730865478516,0.49650001525878906,0.1680525541305542,0.0906270369887352,0.4259989261627197
1937,53.08339309692383,63.07330322265625,0.4970875084400177,0.1680036187171936,0.07867179065942764,0.4369332492351532
1938,53.50126647949219,65.3335952758789,0.4971250295639038,0.16795532405376434,0.08900970965623856,0.4352019131183624
1939,52.924007415771484,64.66072845458984,0.49803751707077026,0.16792236268520355,0.09997142851352692,0.44239142537117004
1940,54.41521453857422,69.17803192138672,0.4951750338077545,0.1678413450717926,0.09439790993928909,0.43765780329704285
1941,54.0534782409668,66.85464477539062,0.4945875108242035,0.1677504926919937,0.09415361285209656,0.43261370062828064
1942,53.45314407348633,65.50326538085938,0.499687522649765,0.16774524748325348,0.09399957954883575,0.4597014784812927
1943,53.980533599853516,66.52951049804688,0.4985250234603882,0.1677204966545105,0.08143337815999985,0.4458189010620117
1944,52.70003890991211,62.1407356262207,0.5006500482559204,0.1677313894033432,0.09306599944829941,0.45727255940437317
1945,53.35166549682617,64.9674301147461,0.5022000074386597,0.16776829957962036,0.08905963599681854,0.43264642357826233
1946,53.867149353027344,65.47299194335938,0.4986000657081604,0.16774481534957886,0.098148413002491,0.4738392233848572
1947,53.94172668457031,65.47645568847656,0.5047000646591187,0.1678236573934555,0.09562978148460388,0.4446161389350891
1948,53.49717712402344,65.23872375488281,0.4999375641345978,0.16782261431217194,0.11627054214477539,0.4528465270996094
1949,54.108211517333984,67.243408203125,0.5043125152587891,0.16789498925209045,0.10679692029953003,0.44294801354408264
1950,53.201683044433594,63.99321365356445,0.5031500458717346,0.16794787347316742,0.08699709177017212,0.44692519307136536
1951,54.0208854675293,65.3812255859375,0.5054500102996826,0.16803941130638123,0.0884687751531601,0.4462551176548004
1952,53.886810302734375,66.20960235595703,0.504300057888031,0.1681116670370102,0.10091348737478256,0.4427894651889801
1953,53.71928405761719,65.98030090332031,0.5072375535964966,0.16823333501815796,0.08984872698783875,0.45130807161331177
1954,54.18037414550781,67.00128173828125,0.502750039100647,0.16827960312366486,0.0921013355255127,0.46138080954551697
1955,53.28960037231445,64.4260482788086,0.5010499954223633,0.16829727590084076,0.08727018535137177,0.45999035239219666
1956,53.56644058227539,66.44037628173828,0.500575065612793,0.16830694675445557,0.09449531137943268,0.4320701062679291
1957,52.99407958984375,62.37211608886719,0.4985499978065491,0.16828253865242004,0.09448659420013428,0.45737579464912415
1958,54.191261291503906,66.96334838867188,0.49627503752708435,0.16821986436843872,0.10090828686952591,0.4462035000324249
1959,52.116233825683594,58.929935455322266,0.49403753876686096,0.16811956465244293,0.0890633687376976,0.44382068514823914
1960,52.983673095703125,63.3517951965332,0.4942000210285187,0.1680220514535904,0.09554389119148254,0.4719366729259491
1961,53.43209457397461,64.58911895751953,0.48698750138282776,0.16780342161655426,0.11395187675952911,0.4297550916671753
1962,53.615718841552734,66.5019302368164,0.488800048828125,0.16761548817157745,0.102582186460495,0.4515098035335541
1963,53.66700744628906,65.65116119384766,0.4873000383377075,0.16740261018276215,0.09095900505781174,0.4393918514251709
1964,53.122337341308594,64.75932312011719,0.48951253294944763,0.16722704470157623,0.11605286598205566,0.42404448986053467
1965,52.967552185058594,63.78083038330078,0.49340003728866577,0.1671166718006134,0.10744284838438034,0.44360217452049255
1966,53.55143737792969,66.1614990234375,0.4921000301837921,0.1669846475124359,0.10651697218418121,0.4468279480934143
1967,54.154300689697266,67.86457061767578,0.4971875250339508,0.1669376790523529,0.09940959513187408,0.45425134897232056
1968,53.65724182128906,64.79678344726562,0.5020875334739685,0.16697251796722412,0.11449398845434189,0.4343263506889343
1969,54.57999801635742,67.59607696533203,0.5053500533103943,0.16706185042858124,0.08637021481990814,0.4302389323711395
1970,52.84176254272461,61.60324478149414,0.507550060749054,0.16718797385692596,0.09947076439857483,0.45213228464126587
1971,54.296043395996094,67.67251586914062,0.5079625248908997,0.1673210859298706,0.0804789587855339,0.4629143476486206
1972,52.92292404174805,61.67955017089844,0.5124750137329102,0.16752982139587402,0.07515953481197357,0.4498428404331207
1973,53.49544143676758,64.55899047851562,0.5148000121116638,0.16777776181697845,0.08183537423610687,0.44650715589523315
1974,53.74756622314453,66.67476654052734,0.5125000476837158,0.16798749566078186,0.0745418593287468,0.4603496193885803
1975,54.081626892089844,66.44776916503906,0.5093250274658203,0.1681441366672516,0.08555150032043457,0.45778727531433105
1976,53.57686996459961,66.1941146850586,0.508774995803833,0.16829168796539307,0.08270503580570221,0.44273701310157776
1977,53.487449645996094,66.0343017578125,0.5089375376701355,0.16844208538532257,0.06379673629999161,0.4513421058654785
1978,53.62401580810547,64.9302978515625,0.5059249997138977,0.16854187846183777,0.09384296089410782,0.4377767741680145
1979,53.78170394897461,67.13379669189453,0.5041500329971313,0.1686118245124817,0.06312937289476395,0.441601037979126
1980,53.494728088378906,66.16127014160156,0.5044750571250916,0.16868728399276733,0.0730530396103859,0.46048468351364136
1981,54.15235900878906,67.8006591796875,0.5030875205993652,0.16873936355113983,0.08567072451114655,0.43779903650283813
1982,53.51008987426758,65.5460433959961,0.49906256794929504,0.16872353851795197,0.11005645990371704,0.45736196637153625
1983,54.41417694091797,67.35416412353516,0.49758756160736084,0.16868284344673157,0.09530847519636154,0.430600106716156
1984,53.16952896118164,64.8614273071289,0.49781250953674316,0.1686459481716156,0.08714498579502106,0.4513140916824341
1985,53.30857467651367,63.90439224243164,0.4940500259399414,0.16854560375213623,0.07536802440881729,0.4321093261241913
1986,53.035953521728516,62.765174865722656,0.4958500266075134,0.1684756577014923,0.09053816646337509,0.4512098431587219
1987,52.56205749511719,61.47465515136719,0.49505001306533813,0.16839225590229034,0.08189958333969116,0.44038769602775574
1988,52.99885177612305,64.4245376586914,0.49902504682540894,0.16837583482265472,0.06916500627994537,0.44861483573913574
1989,52.86455154418945,61.588253021240234,0.49687501788139343,0.16832321882247925,0.0973026305437088,0.4286652207374573
1990,54.08883285522461,65.9107437133789,0.4947625398635864,0.16823506355285645,0.10411947965621948,0.4200810492038727
1991,53.497276306152344,65.41295623779297,0.4988750219345093,0.16821613907814026,0.11223648488521576,0.40919747948646545
1992,53.48007583618164,63.13237380981445,0.5002124905586243,0.16821971535682678,0.11113893985748291,0.4353480339050293
1993,53.927268981933594,64.98043060302734,0.504925012588501,0.16830255091190338,0.09203311800956726,0.4324731230735779
1994,52.683746337890625,61.24051284790039,0.5009124875068665,0.16831789910793304,0.07866031676530838,0.4298936724662781
1995,52.94050216674805,62.86528015136719,0.5004125833511353,0.16832484304904938,0.08902857452630997,0.4388377070426941
1996,52.673404693603516,61.22359085083008,0.5031625032424927,0.168378084897995,0.08889467269182205,0.43211108446121216
1997,53.58057403564453,65.57477569580078,0.4992000460624695,0.16836461424827576,0.0880310982465744,0.4357999563217163
1998,54.18845748901367,66.9580078125,0.5008000135421753,0.168378084897995,0.10993393510580063,0.43462038040161133
1999,53.6025505065918,66.37769317626953,0.5037375092506409,0.1684410125017166,0.09416559338569641,0.42425933480262756
2000,54.123477935791016,67.27873229980469,0.5058750510215759,0.16853997111320496,0.08859162032604218,0.43251246213912964
2001,52.710716247558594,63.12174606323242,0.5062875747680664,0.1686459332704544,0.09294980764389038,0.4397684335708618
2002,51.81146240234375,59.519264221191406,0.4988875389099121,0.16862717270851135,0.08336253464221954,0.4323926866054535
2003,54.26115798950195,67.61233520507812,0.5023500323295593,0.1686667948961258,0.07870439440011978,0.46088650822639465
2004,53.568817138671875,66.36164093017578,0.49985000491142273,0.16866426169872284,0.07693607360124588,0.4418927729129791
2005,53.17286682128906,64.7342758178711,0.5025500655174255,0.16870726644992828,0.08591432124376297,0.45891454815864563
2006,53.464786529541016,66.46216583251953,0.49505001306533813,0.16862376034259796,0.07803136110305786,0.44453635811805725
2007,53.306358337402344,65.01773834228516,0.499812513589859,0.16862060129642487,0.07514961808919907,0.48222947120666504
2008,53.221534729003906,64.4969482421875,0.5012375116348267,0.16864146292209625,0.09245678037405014,0.43367767333984375
2009,53.91908264160156,69.22109985351562,0.5030250549316406,0.168692484498024,0.1003587394952774,0.43371492624282837
2010,53.58551025390625,66.8590087890625,0.5017750263214111,0.16872242093086243,0.10587658733129501,0.41644415259361267
2011,53.80840301513672,65.99718475341797,0.5012000203132629,0.16874267160892487,0.09950847178697586,0.43182721734046936
2012,53.738121032714844,66.06538391113281,0.5053499937057495,0.1688329577445984,0.10095923393964767,0.4328901767730713
2013,54.36825180053711,67.71672821044922,0.5012875199317932,0.1688546985387802,0.08833250403404236,0.4387495815753937
2014,53.112674713134766,63.16752624511719,0.5079125761985779,0.16898831725120544,0.10400111973285675,0.4611712694168091
2015,53.65105056762695,64.2564468383789,0.5052500367164612,0.1690770387649536,0.09321034699678421,0.45776134729385376
2016,53.8835334777832,63.61799240112305,0.5027750730514526,0.16912396252155304,0.06781293451786041,0.4336308240890503
2017,53.59219741821289,64.86936950683594,0.5042999982833862,0.16919668018817902,0.0875130370259285,0.446420818567276
2018,53.06282424926758,61.725013732910156,0.5065125226974487,0.16930687427520752,0.05341700464487076,0.4523288607597351
2019,53.70859909057617,63.52928924560547,0.5076375603675842,0.16943618655204773,0.08571268618106842,0.4498283267021179
2020,53.71657180786133,64.25589752197266,0.5056875348091125,0.16953255236148834,0.08994586765766144,0.43963611125946045
2021,54.16379928588867,67.11775970458984,0.5054500102996826,0.1696249544620514,0.09804259240627289,0.4517825245857239
2022,53.87327194213867,66.27545166015625,0.5076500177383423,0.16975471377372742,0.07215000689029694,0.4629364013671875
2023,53.86967468261719,65.5029525756836,0.5033375024795532,0.16981138288974762,0.08755585551261902,0.47845888137817383
2024,53.033782958984375,63.30536651611328,0.5048624873161316,0.16989395022392273,0.08478832244873047,0.45078587532043457
2025,54.71696853637695,69.05181121826172,0.5011000037193298,0.16991263628005981,0.08625557273626328,0.4369010627269745
2026,54.14434051513672,67.5622787475586,0.5038875341415405,0.16997869312763214,0.09312267601490021,0.45392051339149475
2027,53.1817741394043,64.11764526367188,0.5031625032424927,0.17003245651721954,0.09548298269510269,0.4348030984401703
2028,54.3085823059082,69.84532165527344,0.49937501549720764,0.17002183198928833,0.07018167525529861,0.43153202533721924
2029,54.31077194213867,67.96281433105469,0.4976250231266022,0.169981449842453,0.09621035307645798,0.43592342734336853
2030,53.982940673828125,67.56112670898438,0.4923875331878662,0.16985204815864563,0.08285887539386749,0.4527983069419861
2031,53.17951583862305,62.71277618408203,0.4887000322341919,0.16966012120246887,0.08535657078027725,0.4562596380710602
2032,53.680809020996094,65.91451263427734,0.48657503724098206,0.1694323569536209,0.10495584458112717,0.46576327085494995
2033,54.1751823425293,66.9255599975586,0.4895375072956085,0.1692550927400589,0.06024472415447235,0.4448842704296112
2034,53.248374938964844,65.72233581542969,0.489825040102005,0.1690828800201416,0.0900617241859436,0.4307974874973297
2035,52.889991760253906,61.9841194152832,0.4911750257015228,0.1689336597919464,0.07704054564237595,0.475809782743454
2036,53.184051513671875,62.97012710571289,0.49116256833076477,0.16878436505794525,0.09270153939723969,0.44497987627983093
2037,52.321720123291016,60.44828796386719,0.4923125207424164,0.16865462064743042,0.09365897625684738,0.4526960551738739
2038,53.97925567626953,65.22766876220703,0.49573755264282227,0.1685827374458313,0.07864437997341156,0.4354691505432129
2039,52.86145782470703,61.656654357910156,0.4961625337600708,0.1685180515050888,0.058752160519361496,0.43571043014526367
2040,53.46689224243164,62.33815002441406,0.49982500076293945,0.16851510107517242,0.08539734035730362,0.4543079733848572
2041,53.228660583496094,63.69511795043945,0.499562531709671,0.16850772500038147,0.09592793136835098,0.44031962752342224
2042,54.31496047973633,66.13105773925781,0.4984250068664551,0.16848118603229523,0.0881938561797142,0.4415394365787506
2043,53.357234954833984,62.53159713745117,0.5051125288009644,0.16856732964515686,0.08790867775678635,0.43806031346321106
2044,53.95089340209961,66.43167877197266,0.5036875009536743,0.1686294823884964,0.0928184911608696,0.43323177099227905
2045,54.352378845214844,67.7865982055664,0.5056500434875488,0.16872476041316986,0.08668619394302368,0.447400838136673
2046,53.51814651489258,64.50223541259766,0.5046000480651855,0.1688023805618286,0.09485955536365509,0.43807244300842285
2047,53.741519927978516,65.42857360839844,0.5005249977111816,0.16881123185157776,0.07609473913908005,0.43865785002708435
2048,53.427696228027344,64.42030334472656,0.5047500133514404,0.16889142990112305,0.09265820682048798,0.43948784470558167
2049,54.01814651489258,66.24372100830078,0.5092250108718872,0.16904722154140472,0.0930716022849083,0.43898797035217285
2050,54.21118927001953,68.15174102783203,0.5071250200271606,0.1691676676273346,0.07985350489616394,0.42213696241378784
2051,52.90755844116211,63.09917449951172,0.502875030040741,0.1692163050174713,0.07241950929164886,0.4422720670700073
2052,53.293643951416016,65.59371948242188,0.5032250285148621,0.16927087306976318,0.07709579169750214,0.4503120481967926
2053,53.84371566772461,68.2562255859375,0.5029875040054321,0.1693214476108551,0.07109939306974411,0.43005672097206116
2054,53.1474494934082,65.38430786132812,0.5001749992370605,0.16932441294193268,0.08029704540967941,0.4614657163619995
2055,53.66288375854492,67.50544738769531,0.49869999289512634,0.16930240392684937,0.07041298598051071,0.4591442346572876
2056,53.29164505004883,66.83384704589844,0.49963754415512085,0.1692962646484375,0.08664734661579132,0.4525538384914398
2057,53.531822204589844,66.76243591308594,0.4991750419139862,0.16928230226039886,0.08549624681472778,0.4455014765262604
2058,52.94032287597656,64.32565307617188,0.4984375238418579,0.16925585269927979,0.07702922075986862,0.4346207082271576
2059,53.60831832885742,65.4172592163086,0.493025004863739,0.16913779079914093,0.09218483418226242,0.4322870969772339
2060,54.74736785888672,69.65234375,0.5001125335693359,0.16913968324661255,0.07688136398792267,0.44938206672668457
2061,53.28828430175781,63.750186920166016,0.49678748846054077,0.1690853387117386,0.08963100612163544,0.44858163595199585
2062,53.773990631103516,65.60966491699219,0.49383750557899475,0.16898113489151,0.0898125171661377,0.4397120773792267
2063,53.12750244140625,61.86323547363281,0.490975022315979,0.16882863640785217,0.08806914836168289,0.44924309849739075
2064,53.503883361816406,63.84452438354492,0.49428752064704895,0.1687321960926056,0.10153590142726898,0.4343055784702301
2065,53.769081115722656,63.65153121948242,0.4926375448703766,0.16860796511173248,0.09343361109495163,0.43743789196014404
2066,52.83430862426758,60.78060531616211,0.49375003576278687,0.1685025840997696,0.10126045346260071,0.41065075993537903
2067,53.72997283935547,63.86436462402344,0.4961625337600708,0.1684379279613495,0.12973977625370026,0.41172921657562256
2068,53.712501525878906,63.03573989868164,0.49508753418922424,0.16835518181324005,0.11097049713134766,0.4164690673351288
2069,54.99918746948242,69.36624908447266,0.4931749999523163,0.1682402789592743,0.11018654704093933,0.42840269207954407
2070,53.47441864013672,63.524314880371094,0.49822500348091125,0.16821041703224182,0.09214890003204346,0.4428834915161133
2071,53.11048889160156,62.20037841796875,0.4947875440120697,0.16812273859977722,0.10138130933046341,0.4356549084186554
2072,53.27606964111328,62.078006744384766,0.49441254138946533,0.1680288016796112,0.09811913222074509,0.41146108508110046
2073,53.22391891479492,61.92490005493164,0.49377501010894775,0.1679241955280304,0.1068425327539444,0.4233732521533966
2074,53.00270462036133,60.46675109863281,0.49073752760887146,0.167768657207489,0.109482042491436,0.43408846855163574
2075,53.57655715942383,64.2819595336914,0.49252504110336304,0.1676432490348816,0.09459306299686432,0.4485570192337036
2076,53.315608978271484,63.29200744628906,0.4949500262737274,0.16755859553813934,0.09514185041189194,0.46133729815483093
2077,53.05479049682617,63.11138153076172,0.4906125068664551,0.1674012988805771,0.06508923321962357,0.48005861043930054
2078,53.277732849121094,64.6396255493164,0.49541252851486206,0.1673245131969452,0.09416935592889786,0.46128928661346436
2079,54.751468658447266,69.32051849365234,0.5001500248908997,0.16732703149318695,0.0792664960026741,0.442839652299881
2080,53.39113235473633,65.3827133178711,0.4994250237941742,0.16731740534305573,0.10186326503753662,0.43786248564720154
2081,53.887367248535156,67.50166320800781,0.49709999561309814,0.16726888716220856,0.083511583507061,0.42711108922958374
2082,53.341583251953125,64.00907135009766,0.5012875199317932,0.16729041934013367,0.13036946952342987,0.43736571073532104
2083,52.783897399902344,63.38947296142578,0.4997875392436981,0.16728687286376953,0.10075827687978745,0.4308488368988037
2084,53.596778869628906,64.41021728515625,0.5000750422477722,0.16728812456130981,0.1033841148018837,0.4350241720676422
2085,53.241065979003906,63.627315521240234,0.5047125220298767,0.16736695170402527,0.10732308775186539,0.4448745846748352
2086,52.98589324951172,63.25574493408203,0.5075125098228455,0.16749268770217896,0.11640750616788864,0.43600594997406006
2087,53.555599212646484,63.98372268676758,0.5078125,0.16762354969978333,0.11028475314378738,0.45427078008651733
2088,54.0577507019043,66.36907196044922,0.5126500725746155,0.16783560812473297,0.12060485035181046,0.4373401999473572
2089,53.42940139770508,63.03302764892578,0.5085625052452087,0.16797932982444763,0.08189105242490768,0.44705894589424133
2090,54.54942321777344,69.08283233642578,0.50923752784729,0.16813449561595917,0.08011720329523087,0.42980167269706726
2091,53.75553512573242,67.14237976074219,0.508887529373169,0.16828392446041107,0.10142814368009567,0.42746058106422424
2092,53.84967041015625,66.3386001586914,0.506100058555603,0.1683865785598755,0.08704939484596252,0.4308442771434784
2093,53.01001739501953,62.88854217529297,0.5131000876426697,0.16860716044902802,0.09411253780126572,0.41978326439857483
2094,53.954742431640625,66.49787139892578,0.5044375061988831,0.16868196427822113,0.07571446895599365,0.4373660087585449
2095,53.267940521240234,63.19133758544922,0.5067999958992004,0.16879665851593018,0.0931272804737091,0.4380016624927521
2096,54.0227165222168,68.9960708618164,0.5077375173568726,0.16892726719379425,0.07844236493110657,0.4497270882129669
2097,53.17805099487305,65.1014404296875,0.5028125047683716,0.16897477209568024,0.07676892727613449,0.432417631149292
2098,52.304168701171875,60.186119079589844,0.5020375847816467,0.16900919377803802,0.08188275992870331,0.4472121298313141
2099,53.938602447509766,67.09835815429688,0.49822500348091125,0.1689791977405548,0.08785142749547958,0.4515780508518219
2100,53.59916305541992,66.22566223144531,0.5012125372886658,0.16899968683719635,0.07635879516601562,0.4416102468967438
2101,52.78364944458008,63.00666427612305,0.49592500925064087,0.1689308136701584,0.09150859713554382,0.4510672688484192
2102,53.904972076416016,67.24633026123047,0.4965250492095947,0.16887211799621582,0.08864530175924301,0.43996745347976685
2103,53.953460693359375,67.59720611572266,0.4911750257015228,0.16872309148311615,0.10520578920841217,0.44033941626548767
2104,53.83891677856445,66.73258209228516,0.4967000484466553,0.16866742074489594,0.09881534427404404,0.44514375925064087
2105,53.875850677490234,65.58708190917969,0.4949125051498413,0.16858161985874176,0.10748052597045898,0.4364524483680725
2106,53.165279388427734,62.79726028442383,0.4936625361442566,0.16847479343414307,0.07828091830015182,0.4373629689216614
2107,53.900081634521484,66.4073257446289,0.49506253004074097,0.16839160025119781,0.08842401206493378,0.4384556710720062
2108,53.39996337890625,63.80548858642578,0.500212550163269,0.16839517652988434,0.09582702815532684,0.4435090720653534
2109,53.401973724365234,63.949867248535156,0.500950038433075,0.16841118037700653,0.08911596983671188,0.45224615931510925
2110,53.2824821472168,61.777915954589844,0.49572503566741943,0.16833919286727905,0.11658132076263428,0.4437391459941864
2111,53.414207458496094,62.15672302246094,0.4993875324726105,0.1683288812637329,0.1004008799791336,0.4463062584400177
2112,52.936241149902344,60.237369537353516,0.5033000111579895,0.16838441789150238,0.08768266439437866,0.4489687979221344
2113,52.83922576904297,61.80986022949219,0.49768751859664917,0.16834548115730286,0.12844721972942352,0.45860567688941956
2114,53.79620361328125,64.4001693725586,0.5002750754356384,0.16835011541843414,0.07410137355327606,0.46171462535858154
2115,53.02260971069336,62.910377502441406,0.49832504987716675,0.16832192242145538,0.10004545748233795,0.44799140095710754
2116,53.958526611328125,66.55616760253906,0.5009625554084778,0.1683381199836731,0.10999690741300583,0.434845507144928
2117,53.95181655883789,65.81604766845703,0.5016124844551086,0.1683652698993683,0.08710629492998123,0.434579074382782
2118,53.10886001586914,64.22135162353516,0.497887521982193,0.16832970082759857,0.10716649889945984,0.420719176530838
2119,53.53363037109375,64.80754852294922,0.5017874836921692,0.16835978627204895,0.0994233787059784,0.4335755407810211
2120,53.233734130859375,64.92703247070312,0.502037525177002,0.1683940887451172,0.10083465278148651,0.4135526120662689
2121,53.58497619628906,64.95123291015625,0.4999000132083893,0.16839240491390228,0.08903034031391144,0.4473448097705841
2122,54.238441467285156,69.87181091308594,0.5002500414848328,0.16839662194252014,0.09969744831323624,0.4447520971298218
2123,53.481178283691406,66.35064697265625,0.49732500314712524,0.16835157573223114,0.09896131604909897,0.44115549325942993
2124,52.88670349121094,62.78676986694336,0.4985000193119049,0.16832631826400757,0.09320035576820374,0.4349185526371002
2125,53.79204177856445,66.98200988769531,0.500712513923645,0.16833831369876862,0.09314855188131332,0.44301074743270874
2126,54.14973449707031,67.82913970947266,0.4988125264644623,0.16831833124160767,0.08356694132089615,0.45565804839134216
2127,53.63652801513672,65.24961853027344,0.498787522315979,0.1682979315519333,0.1005358174443245,0.4627273380756378
2128,53.93290710449219,67.57798767089844,0.4975625276565552,0.16825690865516663,0.12297187745571136,0.43809688091278076
2129,53.21231460571289,64.84810638427734,0.4984625577926636,0.1682310402393341,0.0867423266172409,0.45474278926849365
2130,54.261661529541016,65.87486267089844,0.4973500072956085,0.16818645596504211,0.08669831603765488,0.45250949263572693
2131,53.24435806274414,63.03629684448242,0.4990125298500061,0.16816984117031097,0.09894449263811111,0.44956350326538086
2132,52.496482849121094,59.67607498168945,0.49566254019737244,0.1680968999862671,0.10576439648866653,0.4539972245693207
2133,52.95650863647461,60.50005340576172,0.49732500314712524,0.16805192828178406,0.10816004127264023,0.4200127124786377
2134,52.44340133666992,60.7274169921875,0.4964250326156616,0.16799184679985046,0.10373516380786896,0.4529866874217987
2135,52.44318389892578,59.6537971496582,0.49656251072883606,0.1679341048002243,0.1182892918586731,0.41509512066841125
2136,53.59458923339844,66.14447021484375,0.4979875087738037,0.16790030896663666,0.07333272695541382,0.4445495307445526
2137,53.410797119140625,65.436279296875,0.502262532711029,0.16793829202651978,0.12034913897514343,0.42185911536216736
2138,53.56002426147461,66.16027069091797,0.4928875267505646,0.1678188443183899,0.11396365612745285,0.45495983958244324
2139,53.771728515625,68.25878143310547,0.49563753604888916,0.16774563491344452,0.11184661090373993,0.4364689588546753
2140,52.755821228027344,64.36858367919922,0.4954375624656677,0.16766910254955292,0.12999841570854187,0.4497356116771698
2141,53.02659225463867,64.70720672607422,0.4949750304222107,0.1675848513841629,0.09564148634672165,0.42603176832199097
2142,53.328033447265625,64.33068084716797,0.4922000467777252,0.16745413839817047,0.11368762701749802,0.43853843212127686
2143,52.94933319091797,63.58744430541992,0.49676254391670227,0.16739992797374725,0.09216959029436111,0.4349043071269989
2144,53.195274353027344,64.40530395507812,0.4956875145435333,0.16732773184776306,0.08971046656370163,0.4280436038970947
2145,52.91807556152344,65.78604888916016,0.4970250129699707,0.16727794706821442,0.0850723460316658,0.4254872500896454
2146,53.36186218261719,64.46202850341797,0.4943125247955322,0.1671828031539917,0.10086683928966522,0.4314679503440857
2147,53.13199996948242,63.78404998779297,0.498262494802475,0.1671537607908249,0.11333718150854111,0.42211413383483887
2148,52.5730094909668,62.8758544921875,0.5007625222206116,0.16716651618480682,0.09620974212884903,0.4314407706260681
2149,53.390968322753906,65.37601470947266,0.5017750263214111,0.16719618439674377,0.08835139870643616,0.429183691740036
2150,53.819087982177734,67.43318939208984,0.5048875212669373,0.16727790236473083,0.10162364691495895,0.4436910152435303
2151,54.50597381591797,70.30433654785156,0.5055250525474548,0.16737033426761627,0.11830151081085205,0.46261757612228394
2152,52.806880950927734,63.79862976074219,0.5020624995231628,0.16740484535694122,0.09635097533464432,0.441683828830719
2153,53.66830062866211,66.87602996826172,0.5053625106811523,0.16749460995197296,0.10112529247999191,0.4213319718837738
2154,53.84820556640625,66.29076385498047,0.5025250315666199,0.1675368994474411,0.09638461470603943,0.45366019010543823
2155,53.3741340637207,64.1290512084961,0.5072500109672546,0.16765837371349335,0.08161992579698563,0.44529497623443604
2156,53.85987091064453,64.52088165283203,0.508887529373169,0.16780737042427063,0.10043897479772568,0.4461311995983124
2157,53.27103042602539,61.51620101928711,0.5062000155448914,0.16791141033172607,0.06845330446958542,0.4322565197944641
2158,54.267982482910156,65.9890365600586,0.5133875608444214,0.16813619434833527,0.10685613006353378,0.4539181888103485
2159,52.9285774230957,62.17128372192383,0.5072500109672546,0.16825810074806213,0.09789667278528214,0.45740586519241333
2160,53.89832305908203,65.13258361816406,0.5057874917984009,0.16835547983646393,0.08065754920244217,0.4447263181209564
2161,53.36468505859375,62.122093200683594,0.5019500255584717,0.16838830709457397,0.0911567285656929,0.44596534967422485
2162,52.67971420288086,62.72219467163086,0.5059500336647034,0.1684884876012802,0.08173301070928574,0.46369484066963196
2163,53.256935119628906,64.97361755371094,0.497175008058548,0.16844087839126587,0.07556477934122086,0.4607226550579071
2164,53.49677276611328,66.4983901977539,0.497637540102005,0.1684010773897171,0.09730175137519836,0.42591676115989685
2165,54.20680236816406,69.02342987060547,0.5013999938964844,0.16842465102672577,0.09587658196687698,0.4448794424533844
2166,54.53866958618164,69.88423919677734,0.5008500218391418,0.16843897104263306,0.08980058878660202,0.44495588541030884
2167,54.1021728515625,68.57523345947266,0.49941253662109375,0.16842907667160034,0.08193998038768768,0.45870113372802734
2168,54.2814826965332,68.4989013671875,0.5024125576019287,0.16846971213817596,0.08429684489965439,0.4320113956928253
2169,53.91065979003906,67.37833404541016,0.5016250014305115,0.16849708557128906,0.10752778500318527,0.4210912585258484
2170,54.21089553833008,68.12751007080078,0.5039250254631042,0.16856323182582855,0.0825662761926651,0.42704179883003235
2171,53.65991973876953,64.8469009399414,0.5018374919891357,0.16859419643878937,0.0956161692738533,0.4394160211086273
2172,53.797489166259766,66.09063720703125,0.5067000389099121,0.16870714724063873,0.08336424827575684,0.4418632686138153
2173,53.4322624206543,61.96580505371094,0.506225049495697,0.16881217062473297,0.09267590939998627,0.44149884581565857
2174,53.747493743896484,62.984230041503906,0.5009750127792358,0.16882863640785217,0.09531855583190918,0.44382503628730774
2175,53.38792037963867,62.77249526977539,0.5051500201225281,0.16891558468341827,0.065506212413311,0.45850375294685364
2176,53.485107421875,62.88286209106445,0.5029000639915466,0.16896457970142365,0.10642055422067642,0.43791699409484863
2177,52.26578903198242,60.482460021972656,0.49570000171661377,0.16889192163944244,0.07412722706794739,0.44845226407051086
2178,53.47896957397461,62.12316131591797,0.4905250072479248,0.1687318980693817,0.10601723939180374,0.4254928529262543
2179,52.266990661621094,59.98004150390625,0.49060001969337463,0.1685732901096344,0.09330713003873825,0.43946221470832825
2180,52.72367477416992,63.04165267944336,0.4879750609397888,0.1683705896139145,0.07533589005470276,0.445818692445755
2181,53.7608642578125,67.96361541748047,0.48762503266334534,0.16816222667694092,0.09936189651489258,0.4403730630874634
2182,53.28368377685547,65.68910217285156,0.4923500418663025,0.16803358495235443,0.09779711067676544,0.4367067217826843
2183,53.46430969238281,65.31732940673828,0.48875004053115845,0.16784454882144928,0.11469997465610504,0.4359041154384613
2184,52.99136734008789,64.25970458984375,0.49455001950263977,0.16775307059288025,0.10994037985801697,0.4582250416278839
2185,54.30246353149414,68.91903686523438,0.4961875379085541,0.16768911480903625,0.0852755457162857,0.4298103153705597
2186,53.41151809692383,65.47512817382812,0.4998375475406647,0.16768638789653778,0.09576427191495895,0.4513108432292938
2187,52.98441696166992,63.253631591796875,0.49957504868507385,0.16767926514148712,0.10123874247074127,0.4496166706085205
2188,53.17344665527344,63.977081298828125,0.5044375061988831,0.167753666639328,0.10237482190132141,0.44901710748672485
2189,53.16944122314453,63.98744201660156,0.5057750344276428,0.1678505390882492,0.09438907355070114,0.42975810170173645
2190,53.21812438964844,62.887725830078125,0.5083125233650208,0.1679900586605072,0.07940104603767395,0.44144412875175476
2191,52.313533782958984,61.07316589355469,0.5051500201225281,0.16807657480239868,0.10039344429969788,0.43022119998931885
2192,53.68212127685547,66.1256332397461,0.50576251745224,0.1681734323501587,0.10260038077831268,0.4446007311344147
2193,53.614707946777344,65.30522155761719,0.5050625205039978,0.16825857758522034,0.07618792355060577,0.43485698103904724
2194,53.43154525756836,66.02735900878906,0.5059000253677368,0.16835784912109375,0.11159002035856247,0.4311855435371399
2195,54.038700103759766,67.5317611694336,0.5019875168800354,0.16839130222797394,0.07599292695522308,0.4433106482028961
2196,53.109867095947266,65.14427947998047,0.5003125071525574,0.16839656233787537,0.0887691006064415,0.4394444525241852
2197,54.5543327331543,70.42210388183594,0.5042625069618225,0.16846834123134613,0.10351962596178055,0.4416195750236511
2198,53.60147476196289,65.36042022705078,0.5039750337600708,0.1685352921485901,0.09315347671508789,0.45170316100120544
2199,54.423648834228516,68.91985321044922,0.5017375349998474,0.1685645878314972,0.0884489044547081,0.4491136074066162
2200,53.488460540771484,63.99845504760742,0.5012625455856323,0.168585866689682,0.06835664808750153,0.44557562470436096
2201,52.89029312133789,63.053401947021484,0.5080125331878662,0.16872094571590424,0.0643157809972763,0.46019554138183594
2202,53.777198791503906,65.16366577148438,0.5054875016212463,0.1688135266304016,0.0620720311999321,0.44581055641174316
2203,52.99961471557617,62.86656951904297,0.5042125582695007,0.16888464987277985,0.10315566509962082,0.44053107500076294
2204,53.03859329223633,65.24746704101562,0.5085625648498535,0.16902926564216614,0.07042347639799118,0.46252351999282837
2205,52.72091293334961,62.326011657714844,0.5059625506401062,0.16913005709648132,0.060449764132499695,0.46720772981643677
2206,53.40816879272461,63.424720764160156,0.5044375061988831,0.16920509934425354,0.0786115750670433,0.46157917380332947
2207,53.445865631103516,63.98100280761719,0.504675030708313,0.16928420960903168,0.0848255380988121,0.45260128378868103
2208,53.59099197387695,64.92437744140625,0.4996125102043152,0.16927765309810638,0.09754633158445358,0.4485282003879547
2209,52.27668380737305,61.31612014770508,0.4974375367164612,0.1692342758178711,0.10521896928548813,0.43400654196739197
2210,53.66423416137695,67.33760833740234,0.4943750202655792,0.1691390872001648,0.10586261004209518,0.45328882336616516
2211,53.23943328857422,66.23812103271484,0.4951375424861908,0.16905684769153595,0.10355852544307709,0.42529910802841187
2212,53.947998046875,69.94865417480469,0.4940500259399414,0.16895626485347748,0.08016737550497055,0.43274134397506714
2213,53.21255874633789,65.74717712402344,0.49250003695487976,0.168829545378685,0.08676178753376007,0.4461706876754761
2214,53.13098907470703,63.94705581665039,0.49077504873275757,0.1686737984418869,0.08667923510074615,0.4242974817752838
2215,53.40426254272461,67.06648254394531,0.49483755230903625,0.16858671605587006,0.10587161779403687,0.4452938139438629
2216,53.48344039916992,66.60304260253906,0.49768751859664917,0.16854773461818695,0.07819275557994843,0.4273333251476288
2217,53.25833511352539,64.19715118408203,0.5010875463485718,0.16856606304645538,0.08545967936515808,0.44118231534957886
2218,53.14411544799805,62.94679641723633,0.5029624700546265,0.16861599683761597,0.10989440977573395,0.4337756633758545
2219,54.0171012878418,65.1009521484375,0.5029750466346741,0.16866616904735565,0.10562697798013687,0.44431358575820923
2220,53.34414291381836,62.3367919921875,0.5050249695777893,0.16875091195106506,0.09980519115924835,0.4555181860923767
2221,52.8314323425293,61.797706604003906,0.5073750019073486,0.16887536644935608,0.06878619641065598,0.455681711435318
2222,53.34852981567383,62.46183776855469,0.5079250335693359,0.16900919377803802,0.10873689502477646,0.45176613330841064
2223,54.132041931152344,65.69180297851562,0.511775016784668,0.16920821368694305,0.08218730986118317,0.45441922545433044
2224,54.145668029785156,64.84496307373047,0.5152125358581543,0.16946561634540558,0.09187911450862885,0.44564688205718994
2225,53.15104675292969,64.14263916015625,0.5102500319480896,0.16963931918144226,0.07722733914852142,0.43844088912010193
2226,53.59880828857422,64.75618743896484,0.5073375105857849,0.16976378858089447,0.0711885541677475,0.4490823745727539
2227,53.472774505615234,65.18408203125,0.5034624934196472,0.1698225736618042,0.07830598950386047,0.4393094778060913
2228,52.49486541748047,62.70102310180664,0.4989875257015228,0.1698053777217865,0.06803010404109955,0.46132323145866394
2229,54.049110412597656,68.95553588867188,0.5010000467300415,0.16982236504554749,0.08059968799352646,0.44979625940322876
2230,53.21573257446289,67.99330139160156,0.4946250319480896,0.16973108053207397,0.07872246950864792,0.43088462948799133
2231,53.860084533691406,68.08414459228516,0.4975874722003937,0.16969013214111328,0.0731237530708313,0.42278140783309937
2232,54.1949462890625,69.64185333251953,0.49842506647109985,0.1696634143590927,0.1087140217423439,0.43667176365852356
2233,53.892032623291016,68.06133270263672,0.4970875084400177,0.1696140021085739,0.08692073822021484,0.439870148897171
2234,52.69496154785156,62.24611282348633,0.4956000745296478,0.16953937709331512,0.11199042946100235,0.4620741009712219
2235,53.09284973144531,63.87510299682617,0.49428752064704895,0.1694425344467163,0.12108445912599564,0.4171895980834961
2236,52.88956069946289,61.70692443847656,0.49853751063346863,0.16941775381565094,0.09851757436990738,0.46903133392333984
2237,53.105682373046875,62.82094192504883,0.4988499879837036,0.16939827799797058,0.10519833117723465,0.4540655016899109
2238,53.572208404541016,65.33055114746094,0.4959750175476074,0.16933009028434753,0.10223336517810822,0.4290066063404083
2239,53.53055191040039,64.31963348388672,0.4946000277996063,0.1692386418581009,0.08466778695583344,0.4225403964519501
2240,54.172367095947266,66.57249450683594,0.4949125349521637,0.16915254294872284,0.10610473901033401,0.43162328004837036
2241,53.47591781616211,64.87261199951172,0.4915125370025635,0.16900897026062012,0.12139249593019485,0.4243071377277374
2242,53.30772399902344,65.24559020996094,0.4939000606536865,0.16890586912631989,0.1042420044541359,0.45346799492836
2243,53.163658142089844,63.627418518066406,0.4882875084877014,0.16870804131031036,0.0997871607542038,0.44066768884658813
2244,53.676692962646484,65.4290771484375,0.49381253123283386,0.16860365867614746,0.10543693602085114,0.44734811782836914
2245,52.33785629272461,62.54847717285156,0.49656251072883606,0.1685457080602646,0.11583349853754044,0.44349390268325806
2246,53.513511657714844,64.63046264648438,0.49355000257492065,0.16843700408935547,0.0928349494934082,0.4480527937412262
2247,53.307701110839844,65.91472625732422,0.49391254782676697,0.1683344691991806,0.08757489174604416,0.4418429136276245
2248,53.750732421875,65.13865661621094,0.4895250201225281,0.1681581437587738,0.09551145881414413,0.44484490156173706
2249,53.415382385253906,66.14374542236328,0.49556252360343933,0.16808351874351501,0.06608729809522629,0.431810587644577
2250,53.453426361083984,65.57025146484375,0.49812501668930054,0.16805200278759003,0.0944497212767601,0.43769240379333496
2251,53.6645622253418,64.90139770507812,0.49943751096725464,0.16804254055023193,0.11899363994598389,0.39806893467903137
2252,53.27183532714844,63.59290313720703,0.502750039100647,0.16808874905109406,0.10628462582826614,0.4212205410003662
2253,53.579017639160156,64.59913635253906,0.504925012588501,0.16817152500152588,0.1082112044095993,0.41947242617607117
2254,54.41508102416992,67.30236053466797,0.5056500434875488,0.16826654970645905,0.1081216037273407,0.45329052209854126
2255,53.258033752441406,63.1995964050293,0.5045750141143799,0.16834352910518646,0.1212458461523056,0.4328441023826599
2256,53.78756332397461,66.01028442382812,0.49877503514289856,0.16832290589809418,0.09406163543462753,0.44216886162757874
2257,53.562259674072266,64.05412292480469,0.4990125298500061,0.16830627620220184,0.08890674263238907,0.4075305461883545
2258,53.27203369140625,63.58387756347656,0.5015875101089478,0.1683329939842224,0.13323800265789032,0.4369213283061981
2259,52.605037689208984,60.90925216674805,0.4999125301837921,0.16833151876926422,0.10343606770038605,0.43382102251052856
2260,53.362892150878906,65.266845703125,0.49705004692077637,0.16828186810016632,0.09531521797180176,0.42116066813468933
2261,53.424476623535156,65.87364196777344,0.4965375065803528,0.16822360455989838,0.08946844935417175,0.4482264518737793
2262,53.53995895385742,64.99142456054688,0.4930500388145447,0.16810669004917145,0.11253272742033005,0.45402953028678894
2263,53.36140823364258,65.07649230957031,0.49096253514289856,0.16795477271080017,0.09108379483222961,0.44496122002601624
2264,52.6776008605957,63.29923629760742,0.49336251616477966,0.167843297123909,0.09459361433982849,0.44271811842918396
2265,53.26175308227539,65.04839324951172,0.48920002579689026,0.16766202449798584,0.10720428824424744,0.4471820294857025
2266,53.065757751464844,64.0601577758789,0.4934125244617462,0.16755157709121704,0.08691111952066422,0.42555928230285645
2267,53.64150619506836,63.61094665527344,0.48951253294944763,0.1673758625984192,0.11051378399133682,0.42186281085014343
2268,53.761199951171875,66.05168914794922,0.4981500208377838,0.16734489798545837,0.0814984068274498,0.4165363907814026
2269,53.10238265991211,63.02787780761719,0.4969625473022461,0.16729407012462616,0.10116462409496307,0.43567654490470886
2270,53.32090759277344,63.273109436035156,0.4995250403881073,0.16728612780570984,0.1097240224480629,0.45096129179000854
2271,53.88154983520508,64.95475769042969,0.5003250241279602,0.1672915667295456,0.10640639811754227,0.4360188841819763
2272,53.79909133911133,65.47539520263672,0.5010375380516052,0.16730891168117523,0.08557815104722977,0.4102388620376587
2273,53.45267868041992,63.81792068481445,0.5041250586509705,0.16737791895866394,0.09359883517026901,0.4512650668621063
2274,52.904258728027344,61.1505241394043,0.5001250505447388,0.16738002002239227,0.09852896630764008,0.44674721360206604
2275,53.777217864990234,65.648681640625,0.5041625499725342,0.1674496978521347,0.09036152809858322,0.4524822235107422
2276,53.019744873046875,63.48834991455078,0.5012875199317932,0.1674712598323822,0.08211444318294525,0.45047521591186523
2277,53.00897216796875,63.909034729003906,0.5057750344276428,0.16756796836853027,0.10648029297590256,0.45385900139808655
2278,53.65415954589844,66.24039459228516,0.5037875771522522,0.16763143241405487,0.10913588106632233,0.44885197281837463
2279,54.0762939453125,69.2490234375,0.5077125430107117,0.1677607297897339,0.12292351573705673,0.4413735270500183
2280,53.18887710571289,65.03125762939453,0.5046250224113464,0.16783832013607025,0.08017737418413162,0.4428424537181854
2281,53.11162567138672,64.27949523925781,0.5072875022888184,0.16796062886714935,0.1014031246304512,0.4359079599380493
2282,54.236976623535156,67.80184936523438,0.5086500644683838,0.16810591518878937,0.08693921566009521,0.44336605072021484
2283,53.39716720581055,64.7326889038086,0.5084250569343567,0.1682475358247757,0.10534019768238068,0.4444839060306549
2284,52.580074310302734,61.79069519042969,0.5092250108718872,0.16840273141860962,0.10142442584037781,0.43593353033065796
2285,54.56586837768555,69.27043151855469,0.5089125037193298,0.16855281591415405,0.08243603259325027,0.43425726890563965
2286,53.87710189819336,66.332275390625,0.5070750117301941,0.16867206990718842,0.08723317831754684,0.4412798583507538
2287,52.981685638427734,63.364166259765625,0.5079749822616577,0.16880658268928528,0.08502575010061264,0.4318535327911377
2288,54.53923034667969,70.34783935546875,0.5047500133514404,0.16888678073883057,0.08460794389247894,0.44775524735450745
2289,53.950592041015625,66.97301483154297,0.5058500170707703,0.16898557543754578,0.06321604549884796,0.44802674651145935
2290,53.6925163269043,66.68560791015625,0.5012000203132629,0.1690058559179306,0.07282954454421997,0.44665437936782837
2291,52.91800308227539,61.3692741394043,0.5000500082969666,0.16900670528411865,0.06101669743657112,0.45662981271743774
2292,53.59096908569336,66.17930603027344,0.499500036239624,0.16899825632572174,0.06317497789859772,0.4463784694671631
2293,53.49031066894531,64.76949310302734,0.49666252732276917,0.16894185543060303,0.09179620444774628,0.45700475573539734
2294,53.15803527832031,63.75899124145508,0.4945625364780426,0.16884998977184296,0.08497249335050583,0.44291001558303833
2295,53.381927490234375,65.10411834716797,0.4951000213623047,0.16876725852489471,0.10439939051866531,0.45957693457603455
2296,54.16366958618164,67.50189971923828,0.4956750273704529,0.16869427263736725,0.08235035836696625,0.44804397225379944
2297,52.9286994934082,61.99283981323242,0.4930500090122223,0.16857703030109406,0.10674144327640533,0.44529977440834045
2298,53.293426513671875,63.93874740600586,0.4904250502586365,0.1684156209230423,0.07929860055446625,0.44087451696395874
2299,53.597450256347656,65.23665618896484,0.4899875521659851,0.16824699938297272,0.08614198863506317,0.4237978756427765
2300,53.73576736450195,65.7144546508789,0.49060001969337463,0.16808883845806122,0.10302755236625671,0.4401775896549225
2301,53.710533142089844,64.3473892211914,0.4938500225543976,0.1679854691028595,0.07617735862731934,0.4431733191013336
2302,52.77280044555664,61.748531341552734,0.49506253004074097,0.16790252923965454,0.0719536766409874,0.4381330907344818
2303,54.680233001708984,68.55742645263672,0.4976250231266022,0.1678626537322998,0.08750785887241364,0.41781142354011536
2304,53.45564270019531,62.70985412597656,0.4907125234603882,0.16770674288272858,0.10653737187385559,0.417180597782135
2305,52.97562789916992,60.40217208862305,0.49396252632141113,0.16760548949241638,0.12373685091733932,0.42850974202156067
2306,53.05747604370117,62.7528190612793,0.49543753266334534,0.16752901673316956,0.0786518007516861,0.4322790205478668
2307,53.498817443847656,63.27488327026367,0.49550002813339233,0.16745363175868988,0.07455256581306458,0.42259538173675537
2308,52.52240753173828,61.612754821777344,0.49528753757476807,0.16737471520900726,0.11344368755817413,0.429202139377594
2309,53.87507247924805,65.64614868164062,0.4990375339984894,0.1673586070537567,0.1112552136182785,0.4501552879810333
2310,52.886924743652344,62.375789642333984,0.49227502942085266,0.1672293245792389,0.09123937040567398,0.44350969791412354
2311,54.70274353027344,70.45582580566406,0.49835002422332764,0.16720172762870789,0.10701542347669601,0.4335215091705322
2312,53.87012481689453,68.21784973144531,0.4992000162601471,0.1671883463859558,0.1085687205195427,0.4320618212223053
2313,52.79744338989258,62.912078857421875,0.49537503719329834,0.16711102426052094,0.09179936349391937,0.4584638774394989
2314,53.02621841430664,61.86896896362305,0.4927250146865845,0.16698946058750153,0.1008649617433548,0.45002883672714233
2315,53.727149963378906,64.44750213623047,0.5021375417709351,0.1670251488685608,0.08661007881164551,0.4286225736141205
2316,52.67753219604492,62.287269592285156,0.5037875175476074,0.16708840429782867,0.08256710320711136,0.435538113117218
2317,52.372310638427734,61.454200744628906,0.5016000270843506,0.16711513698101044,0.10342119634151459,0.4325977563858032
2318,53.39149475097656,65.53631591796875,0.4992125332355499,0.16710197925567627,0.09939353168010712,0.4324142336845398
2319,53.29990005493164,64.8049087524414,0.4994875192642212,0.1670934110879898,0.1050606444478035,0.4153757691383362
2320,52.943851470947266,63.55229187011719,0.5038750171661377,0.16715817153453827,0.07359567284584045,0.4393124580383301
2321,53.350433349609375,64.52597045898438,0.49908754229545593,0.16714291274547577,0.11314995586872101,0.42202305793762207
2322,53.287559509277344,65.09315490722656,0.5017625093460083,0.1671723574399948,0.08789929747581482,0.45370107889175415
2323,53.42489242553711,65.88246154785156,0.5059624910354614,0.16727204620838165,0.13532374799251556,0.43289896845817566
2324,53.27525329589844,65.26422882080078,0.5016124844551086,0.1672990322113037,0.11797752976417542,0.4231443703174591
2325,53.53773498535156,66.31343841552734,0.5021375417709351,0.16733479499816895,0.11930856853723526,0.415114164352417
2326,53.609806060791016,66.33464813232422,0.5038999915122986,0.167400062084198,0.11418648064136505,0.42842328548431396
2327,53.708885192871094,67.27486419677734,0.5046625137329102,0.16747811436653137,0.10371463745832443,0.4154360592365265
2328,53.413055419921875,66.00956726074219,0.5092999935150146,0.16763386130332947,0.1243741363286972,0.44519656896591187
2329,54.69487380981445,69.95106506347656,0.5049500465393066,0.1677168309688568,0.11224641650915146,0.4219658672809601
2330,54.179874420166016,67.66622161865234,0.5055000185966492,0.16780908405780792,0.07256654649972916,0.4332079589366913
2331,52.87792205810547,63.58171081542969,0.5061250329017639,0.16791187226772308,0.09467457979917526,0.43211010098457336
2332,53.69582748413086,65.0884780883789,0.5033750534057617,0.1679685413837433,0.08217848092317581,0.43460431694984436
2333,53.4500846862793,65.0186767578125,0.499037504196167,0.16795237362384796,0.0707414373755455,0.426204651594162
2334,54.00319290161133,65.95012664794922,0.4988875389099121,0.16793368756771088,0.10928802937269211,0.44660666584968567
2335,52.93601989746094,61.734188079833984,0.49953755736351013,0.16792592406272888,0.09559348970651627,0.4302409589290619
2336,52.865726470947266,60.78251266479492,0.49787503480911255,0.16789023578166962,0.06654009222984314,0.4384475648403168
2337,53.21257019042969,62.131614685058594,0.49861252307891846,0.16786694526672363,0.11186688393354416,0.44399574398994446
2338,52.58736038208008,59.847618103027344,0.4954000413417816,0.16778972744941711,0.10236268490552902,0.4369179904460907
2339,53.371246337890625,63.131309509277344,0.493987500667572,0.16768884658813477,0.09970627725124359,0.4374235272407532
2340,53.581817626953125,63.605533599853516,0.4925125241279602,0.1675632894039154,0.12562870979309082,0.4163636267185211
2341,53.68928527832031,64.68329620361328,0.4915250539779663,0.16742128133773804,0.11403875052928925,0.420751690864563
2342,53.617103576660156,65.12278747558594,0.4909125566482544,0.16726914048194885,0.12452775239944458,0.3924344480037689
2343,53.919063568115234,65.49665069580078,0.49473753571510315,0.1671811193227768,0.12785129249095917,0.42453134059906006
2344,53.36975860595703,64.45667266845703,0.4963499903678894,0.167120099067688,0.11125575006008148,0.41300728917121887
2345,53.286407470703125,63.46114730834961,0.49163752794265747,0.1669803410768509,0.0829685628414154,0.4191399812698364
2346,53.95420837402344,65.979248046875,0.4912000298500061,0.16683340072631836,0.10484568029642105,0.4200146496295929
2347,53.545249938964844,64.58345794677734,0.49397504329681396,0.16673289239406586,0.10548239946365356,0.42434391379356384
2348,53.69137191772461,63.71775817871094,0.49500003457069397,0.16664952039718628,0.12082404643297195,0.4276689291000366
2349,53.273681640625,63.84529113769531,0.4916500449180603,0.16651037335395813,0.11060062050819397,0.4022590219974518
2350,52.72042465209961,61.26274108886719,0.49685001373291016,0.1664579212665558,0.11845637857913971,0.45090460777282715
2351,51.83002853393555,56.246299743652344,0.4961625337600708,0.16639403998851776,0.10993027687072754,0.43550634384155273
2352,53.146175384521484,62.52653884887695,0.49303749203681946,0.1662781834602356,0.1091994196176529,0.4391384720802307
2353,53.20931625366211,62.754310607910156,0.4915499985218048,0.1661376804113388,0.092875175178051,0.42670732736587524
2354,53.03253936767578,63.88369369506836,0.4979124963283539,0.16610300540924072,0.09611672163009644,0.43736010789871216
2355,54.01581954956055,66.7348861694336,0.4995500147342682,0.1660955250263214,0.09562047570943832,0.4288160800933838
2356,53.430660247802734,66.14483642578125,0.5038750171661377,0.16615989804267883,0.10199468582868576,0.4212917387485504
2357,54.04237747192383,68.09081268310547,0.5025375485420227,0.16620206832885742,0.10709679871797562,0.4255141615867615
2358,53.83610534667969,66.54714965820312,0.5033125281333923,0.1662571281194687,0.10216023772954941,0.4259203374385834
2359,53.39277648925781,65.42606353759766,0.5055249929428101,0.16634899377822876,0.10966591536998749,0.43473440408706665
2360,52.81002426147461,62.859458923339844,0.5034124851226807,0.16640576720237732,0.09690515697002411,0.4437802731990814
2361,53.77640151977539,67.39862823486328,0.5095250010490417,0.16656427085399628,0.11053552478551865,0.4301232397556305
2362,53.552894592285156,64.06344604492188,0.5095250606536865,0.16672292351722717,0.09036531299352646,0.40515372157096863
2363,54.272727966308594,66.227294921875,0.5070624947547913,0.16684065759181976,0.08443587273359299,0.4234432578086853
2364,53.31169891357422,64.3902816772461,0.5098749995231628,0.16700541973114014,0.08356519043445587,0.4527125060558319
2365,53.327674865722656,64.6201400756836,0.5087375640869141,0.1671513468027115,0.08905202150344849,0.4359840154647827
2366,52.907230377197266,63.203086853027344,0.5056124925613403,0.16724516451358795,0.04906395077705383,0.43778789043426514
2367,53.76434326171875,66.49921417236328,0.5059625506401062,0.16734488308429718,0.07894948869943619,0.4721367359161377
2368,52.94535827636719,64.51160430908203,0.5024250149726868,0.16738545894622803,0.06781560182571411,0.4545009434223175
2369,53.236507415771484,63.8736686706543,0.5040000081062317,0.16745240986347198,0.08270061016082764,0.425484836101532
2370,54.01120376586914,66.81685638427734,0.49746251106262207,0.16740992665290833,0.08729260414838791,0.42339080572128296
2371,52.568260192871094,61.68709182739258,0.49858754873275757,0.1673862785100937,0.08804147690534592,0.44554412364959717
2372,52.7951545715332,63.04775619506836,0.49906253814697266,0.16737058758735657,0.10367918014526367,0.4468766450881958
2373,53.37059783935547,66.43507385253906,0.49601253867149353,0.16730384528636932,0.08004952222108841,0.4483341872692108
2374,53.328678131103516,64.55281829833984,0.4997250437736511,0.16729924082756042,0.07470841705799103,0.45622366666793823
2375,52.31502914428711,61.702110290527344,0.5003875494003296,0.16730572283267975,0.08768106251955032,0.42824283242225647
2376,53.416465759277344,64.63081359863281,0.5053000450134277,0.16739439964294434,0.10040134936571121,0.46232476830482483
2377,54.59303283691406,68.77694702148438,0.5052125453948975,0.1674816608428955,0.08492457121610641,0.44124725461006165
2378,53.51693344116211,66.69953155517578,0.507775068283081,0.16761188209056854,0.06807733327150345,0.43588271737098694
2379,54.44065856933594,68.69178009033203,0.5080625414848328,0.16774700582027435,0.0719912126660347,0.4380304515361786
2380,52.90553283691406,64.2016372680664,0.5007875561714172,0.1677602231502533,0.07763870805501938,0.4354221224784851
2381,53.06095886230469,63.76742172241211,0.5031125545501709,0.16781243681907654,0.08680286258459091,0.4474501609802246
2382,52.97877502441406,64.08804321289062,0.49943751096725464,0.16780298948287964,0.08184874057769775,0.44243037700653076
2383,52.27691650390625,60.12998580932617,0.500575065612793,0.16781263053417206,0.08779311925172806,0.4746553897857666
2384,52.6987419128418,62.293338775634766,0.5001000165939331,0.16781431436538696,0.09932471066713333,0.43474555015563965
2385,53.27019119262695,63.76239776611328,0.49902501702308655,0.16779795289039612,0.10105909407138824,0.4322086274623871
2386,52.33894348144531,62.502891540527344,0.4932250380516052,0.16768427193164825,0.09104415774345398,0.43079814314842224
2387,54.0103759765625,68.31517028808594,0.49803751707077026,0.16765137016773224,0.08832231909036636,0.4294648766517639
2388,53.829063415527344,67.63507843017578,0.49393752217292786,0.167549729347229,0.09104298055171967,0.4566556513309479
2389,51.85092544555664,61.065860748291016,0.4945375323295593,0.1674582064151764,0.09149055927991867,0.4256761372089386
2390,53.455142974853516,66.22431182861328,0.49701249599456787,0.16740818321704865,0.10338280349969864,0.442068487405777
2391,53.64361572265625,67.385009765625,0.49748754501342773,0.1673661172389984,0.08595187216997147,0.4456733167171478
2392,53.22315216064453,64.6888656616211,0.5007250308990479,0.1673782467842102,0.11604651063680649,0.4276677966117859
2393,53.4599494934082,63.83781051635742,0.505887508392334,0.16747678816318512,0.09473331272602081,0.45358118414878845
2394,52.32455062866211,60.37691879272461,0.5043125152587891,0.1675490140914917,0.11041980236768723,0.4160766303539276
2395,52.05039978027344,59.290618896484375,0.5063250064849854,0.16765499114990234,0.07478964328765869,0.43409794569015503
2396,53.55722427368164,64.7275619506836,0.5090125203132629,0.16780608892440796,0.08641012758016586,0.43509602546691895
2397,53.14707946777344,64.1982192993164,0.5066125392913818,0.16791705787181854,0.0847792997956276,0.4250789284706116
2398,53.10894775390625,64.68280792236328,0.5029125809669495,0.16796596348285675,0.09070498496294022,0.43946561217308044
2399,53.058624267578125,63.52425765991211,0.505850076675415,0.16806422173976898,0.0828438475728035,0.4625008702278137
2400,53.07546615600586,65.64922332763672,0.5022749900817871,0.1681024432182312,0.07594838738441467,0.4564748704433441
2401,54.126399993896484,68.17986297607422,0.5009125471115112,0.16811779141426086,0.06519562751054764,0.45816314220428467
2402,53.302452087402344,66.80713653564453,0.5030875205993652,0.16816969215869904,0.06796403974294662,0.45657411217689514
2403,53.17675018310547,65.38700103759766,0.4963250458240509,0.16810788214206696,0.08865540474653244,0.42716163396835327
2404,53.45920181274414,66.87057495117188,0.5013750195503235,0.1681309938430786,0.07697948068380356,0.44303247332572937
2405,53.43008041381836,65.3250503540039,0.4974375367164612,0.1680879145860672,0.05688232555985451,0.46172216534614563
2406,53.72997283935547,67.73966217041016,0.49845001101493835,0.16806186735630035,0.10671067237854004,0.45756253600120544
2407,53.19160079956055,63.575382232666016,0.500337541103363,0.16806752979755402,0.08581062406301498,0.4479908049106598
2408,52.522769927978516,63.435707092285156,0.4994875192642212,0.16805891692638397,0.08243844658136368,0.463730126619339
2409,53.570491790771484,64.73697662353516,0.5037875175476074,0.1681225597858429,0.111235611140728,0.43127498030662537
2410,53.9368896484375,67.90016174316406,0.5059249997138977,0.16822217404842377,0.07557368278503418,0.45463237166404724
2411,53.19611358642578,63.9608154296875,0.5070124864578247,0.16834013164043427,0.08590525388717651,0.43756675720214844
2412,54.01237869262695,66.27228546142578,0.5049500465393066,0.16842345893383026,0.09354282915592194,0.4444187581539154
2413,53.030357360839844,62.609901428222656,0.508525013923645,0.16856703162193298,0.07818777859210968,0.450280100107193
2414,53.27716827392578,62.057029724121094,0.5028500556945801,0.16861507296562195,0.10782426595687866,0.4375089108943939
2415,53.11491012573242,62.53500747680664,0.5073750019073486,0.1687394380569458,0.0699160099029541,0.44109907746315
2416,54.085628509521484,67.25552368164062,0.5042250156402588,0.16881072521209717,0.0741763487458229,0.4812520742416382
2417,52.272361755371094,61.19597625732422,0.5059125423431396,0.16891053318977356,0.10118699073791504,0.45589640736579895
2418,53.919368743896484,67.81790924072266,0.5045375227928162,0.16898716986179352,0.06457240134477615,0.45311370491981506
2419,52.75571060180664,63.11202621459961,0.5044750571250916,0.1690627932548523,0.07812537252902985,0.4577904939651489
2420,52.900630950927734,63.15363693237305,0.49768751859664917,0.16902369260787964,0.06845808774232864,0.47312676906585693
2421,53.94277572631836,68.27108001708984,0.49556252360343933,0.1689486801624298,0.0637979581952095,0.4486677944660187
2422,53.16295623779297,64.87635040283203,0.4993624985218048,0.16893790662288666,0.05985310301184654,0.44806206226348877
2423,52.76434326171875,62.27512741088867,0.49506253004074097,0.1688544899225235,0.07863915711641312,0.4610027074813843
2424,53.34160232543945,64.12751770019531,0.4978000223636627,0.16881734132766724,0.07940198481082916,0.4441598653793335
2425,52.847042083740234,63.04496383666992,0.4997125267982483,0.16881249845027924,0.07464943081140518,0.44401854276657104
2426,52.703857421875,63.59970474243164,0.5003875494003296,0.16881904006004333,0.09174394607543945,0.46937841176986694
2427,53.4832878112793,65.2724838256836,0.4954625070095062,0.16874243319034576,0.08567827194929123,0.4544623792171478
2428,52.40461730957031,62.11665725708008,0.4964875280857086,0.16868315637111664,0.08346746861934662,0.44815272092819214
2429,52.81620407104492,63.51836395263672,0.5002250075340271,0.16868695616722107,0.10463713109493256,0.43760770559310913
2430,53.78038024902344,67.62409210205078,0.5004875659942627,0.16869518160820007,0.09364909678697586,0.44301411509513855
2431,52.98891830444336,64.70924377441406,0.5043375492095947,0.16876836121082306,0.1029169037938118,0.4341467022895813
2432,54.16603469848633,67.84020233154297,0.500462532043457,0.16877616941928864,0.07797671109437943,0.438701868057251
2433,53.42327880859375,64.5424575805664,0.5018625259399414,0.16880759596824646,0.12302038818597794,0.4161006808280945
2434,53.13861846923828,64.15902709960938,0.5024750232696533,0.168849378824234,0.09049637615680695,0.432577908039093
2435,53.42987060546875,64.754638671875,0.5030875205993652,0.16890151798725128,0.11002176254987717,0.434381365776062
2436,53.56873321533203,64.7466049194336,0.5027000308036804,0.16894711554050446,0.11694388836622238,0.440311998128891
2437,52.86144256591797,61.323760986328125,0.5012500286102295,0.16896824538707733,0.11140866577625275,0.44675198197364807
2438,53.3597412109375,63.32802200317383,0.499562531709671,0.16896085441112518,0.10000452399253845,0.4344216287136078
2439,54.10139465332031,65.96472930908203,0.4985000193119049,0.16893550753593445,0.09882130473852158,0.43626999855041504
2440,52.37764358520508,59.01902389526367,0.49902501702308655,0.16891902685165405,0.08708356320858002,0.44116416573524475
2441,53.61713409423828,64.61072540283203,0.49883756041526794,0.16889938712120056,0.07607387006282806,0.44720888137817383
2442,53.56742858886719,65.10160064697266,0.49637502431869507,0.16883815824985504,0.09779465198516846,0.45327383279800415
2443,52.68617630004883,63.14614486694336,0.49646255373954773,0.1687784343957901,0.08334417641162872,0.4532507061958313
2444,53.1414680480957,63.33399963378906,0.4895625114440918,0.16860227286815643,0.0812138244509697,0.4615207612514496
2445,52.508975982666016,62.36890411376953,0.4926750063896179,0.16847877204418182,0.08219746500253677,0.4410153031349182
2446,53.62493133544922,67.00418090820312,0.48836255073547363,0.16828270256519318,0.09109701961278915,0.48002564907073975
2447,53.094093322753906,64.03519439697266,0.4910625219345093,0.16813229024410248,0.08439429849386215,0.4404204785823822
2448,52.954071044921875,63.744171142578125,0.4939125180244446,0.16802993416786194,0.10227323323488235,0.4493434727191925
2449,52.29006576538086,62.52971649169922,0.4938250184059143,0.16792617738246918,0.07820047438144684,0.42119717597961426
2450,54.189701080322266,67.5431137084961,0.4940875470638275,0.16782689094543457,0.09993178397417068,0.4358004331588745
2451,54.65036392211914,69.74922943115234,0.4948500394821167,0.16774046421051025,0.10626339167356491,0.4492350220680237
2452,52.44503402709961,60.82720184326172,0.49537503719329834,0.16766288876533508,0.09118811786174774,0.442823588848114
2453,53.12601852416992,63.50193405151367,0.4993624985218048,0.1676521897315979,0.10370633751153946,0.43198591470718384
2454,54.07075881958008,66.73077392578125,0.49631252884864807,0.16759036481380463,0.11558591574430466,0.42922115325927734
2455,53.05772018432617,63.84213638305664,0.5017375349998474,0.1676194965839386,0.10098016262054443,0.43155303597450256
2456,54.12464904785156,65.80757904052734,0.5033750534057617,0.16767606139183044,0.09836038947105408,0.432146817445755
2457,53.16229248046875,63.44108963012695,0.5079125165939331,0.16780874133110046,0.08295560628175735,0.44595786929130554
2458,53.819007873535156,64.4849853515625,0.5079375505447388,0.16794192790985107,0.08807174861431122,0.42323654890060425
2459,52.964752197265625,62.39429473876953,0.507562518119812,0.16806893050670624,0.10266055166721344,0.458721786737442
2460,53.7722053527832,64.79228210449219,0.5074750781059265,0.16819457709789276,0.10951350629329681,0.43057963252067566
2461,52.9427604675293,63.736839294433594,0.507312536239624,0.16831757128238678,0.051255181431770325,0.4475392997264862
2462,52.479610443115234,61.05519104003906,0.5040375590324402,0.16838553547859192,0.07988979667425156,0.46458661556243896
2463,52.745784759521484,61.67474365234375,0.5039875507354736,0.1684526801109314,0.08659184724092484,0.4432665705680847
2464,52.899993896484375,64.51461029052734,0.5,0.1684526801109314,0.07225017994642258,0.45766550302505493
2465,52.654300689697266,64.19255065917969,0.497887521982193,0.1684170961380005,0.06793961673974991,0.44706884026527405
2466,53.711849212646484,67.91377258300781,0.50347501039505,0.16847561299800873,0.05512455478310585,0.4486615061759949
2467,53.680076599121094,69.71803283691406,0.501675009727478,0.16850383579730988,0.08094681799411774,0.42610350251197815
2468,54.0532341003418,70.05229187011719,0.5011375546455383,0.16852299869060516,0.08323080837726593,0.43975141644477844
2469,53.383338928222656,66.91206359863281,0.49863752722740173,0.16850003600120544,0.08226136863231659,0.4459364712238312
2470,53.532535552978516,66.62178802490234,0.5081375241279602,0.16863714158535004,0.07796908915042877,0.45099639892578125
2471,53.668907165527344,66.34764099121094,0.504550039768219,0.16871388256549835,0.1066056564450264,0.4362148940563202
2472,53.52461242675781,64.13727569580078,0.5058125257492065,0.16881194710731506,0.1001601591706276,0.45264944434165955
2473,53.02888488769531,61.75600051879883,0.5095000267028809,0.16897231340408325,0.08154306560754776,0.4649210572242737
2474,54.66770553588867,65.926025390625,0.506600022315979,0.16908381879329681,0.09115851670503616,0.4200514853000641
2475,52.97665023803711,61.01170349121094,0.5055000185966492,0.16917681694030762,0.08284938335418701,0.44383278489112854
2476,52.74212646484375,60.466583251953125,0.5088625550270081,0.16932673752307892,0.08776237070560455,0.4353141486644745
2477,53.91427230834961,64.44046020507812,0.5060875415802002,0.16942982375621796,0.0892283245921135,0.45618098974227905
2478,52.76824951171875,60.64292907714844,0.5046625137329102,0.16950881481170654,0.09746439009904861,0.46379122138023376
2479,53.426570892333984,62.95240783691406,0.509112536907196,0.16966328024864197,0.07932990044355392,0.43219003081321716
2480,53.60044479370117,64.19497680664062,0.5059250593185425,0.16976380348205566,0.09230673313140869,0.42846983671188354
2481,53.293392181396484,64.01945495605469,0.5015875697135925,0.16979075968265533,0.06299974024295807,0.4516852796077728
2482,53.38230895996094,63.484291076660156,0.49822506308555603,0.16976061463356018,0.0827324241399765,0.4797803461551666
2483,52.99602127075195,64.2153549194336,0.4977875351905823,0.1697230488061905,0.08162204176187515,0.4633578658103943
2484,53.87788391113281,69.4841537475586,0.49240002036094666,0.16959404945373535,0.08455908298492432,0.46130838990211487
2485,53.57775115966797,66.61023712158203,0.49467504024505615,0.16950373351573944,0.08690837025642395,0.45630961656570435
2486,53.63249969482422,66.17683410644531,0.48690006136894226,0.16928169131278992,0.09457210451364517,0.4319086968898773
2487,53.473968505859375,67.37671661376953,0.49016252160072327,0.16911515593528748,0.07598360627889633,0.44954124093055725
2488,53.944190979003906,67.76396179199219,0.4901375472545624,0.16894836723804474,0.09781235456466675,0.43918031454086304
2489,52.58957290649414,62.17981719970703,0.4923750162124634,0.16881954669952393,0.11038628220558167,0.42938530445098877
2490,54.10249710083008,68.07005310058594,0.4932750463485718,0.168706014752388,0.08852080255746841,0.4606081545352936
2491,53.400875091552734,63.46623611450195,0.4992625415325165,0.16869357228279114,0.07916882634162903,0.44977912306785583
2492,53.23347473144531,63.22820281982422,0.5019625425338745,0.16872666776180267,0.08038405328989029,0.429239958524704
2493,53.19536590576172,64.11930084228516,0.5028500556945801,0.16877475380897522,0.09183955937623978,0.437841534614563
2494,52.74412536621094,61.39822006225586,0.5002375245094299,0.16877876222133636,0.08607221394777298,0.42905378341674805
2495,54.03179931640625,65.61282348632812,0.5020624995231628,0.1688135713338852,0.0921945571899414,0.43806710839271545
2496,53.17476272583008,63.34589767456055,0.507224977016449,0.16893553733825684,0.08161444216966629,0.4446392357349396
2497,53.73076629638672,64.99800872802734,0.5086125135421753,0.16908103227615356,0.09958278387784958,0.4502323567867279
2498,54.308692932128906,67.00422668457031,0.5101000070571899,0.16925179958343506,0.0792044997215271,0.424761027097702
2499,54.00458526611328,66.8550796508789,0.5019875168800354,0.16928543150424957,0.09277965873479843,0.442436546087265
2500,53.652957916259766,65.29116821289062,0.5031750202178955,0.1693391650915146,0.07501238584518433,0.4319588541984558
2501,53.10883712768555,64.09264373779297,0.5008375644683838,0.16935335099697113,0.08292597532272339,0.43159982562065125
2502,53.95927810668945,67.02748107910156,0.49500003457069397,0.1692686676979065,0.07873192429542542,0.44549718499183655
2503,53.47914123535156,65.0401611328125,0.49775001406669617,0.16923058032989502,0.08316486328840256,0.4399765729904175
2504,52.862632751464844,63.62376403808594,0.4974500238895416,0.16918742656707764,0.09120994806289673,0.46745768189430237
2505,53.495384216308594,65.47832489013672,0.49457502365112305,0.16909563541412354,0.079792819917202,0.4645059406757355
2506,53.04550552368164,66.38323974609375,0.4960375428199768,0.1690286248922348,0.08983901888132095,0.4589894413948059
2507,53.54404830932617,64.15540313720703,0.497887521982193,0.16899292171001434,0.08458638936281204,0.422154039144516
2508,53.67213439941406,65.9577407836914,0.4942750036716461,0.1688961684703827,0.08198504149913788,0.4494759738445282
2509,53.229705810546875,62.72667694091797,0.49681252241134644,0.16884233057498932,0.08645331114530563,0.42768338322639465
2510,53.14328384399414,62.465572357177734,0.4996750056743622,0.16883684694766998,0.10529784113168716,0.4365882873535156
2511,53.16836166381836,63.271053314208984,0.5005375742912292,0.16884592175483704,0.10746901482343674,0.41781800985336304
2512,52.48042678833008,61.26983642578125,0.5030625462532043,0.1688976287841797,0.09256474673748016,0.4287513792514801
2513,53.86639404296875,65.38725280761719,0.5026125311851501,0.16894176602363586,0.09238669276237488,0.396604984998703
2514,53.288143157958984,62.85349655151367,0.4963500201702118,0.16888010501861572,0.10607091337442398,0.44089433550834656
2515,54.072166442871094,65.41559600830078,0.4982750117778778,0.16885097324848175,0.10143556445837021,0.4170110523700714
2516,54.20286560058594,67.2450942993164,0.497700035572052,0.16881214082241058,0.0825996920466423,0.45828232169151306
2517,52.97871017456055,62.35984420776367,0.49522504210472107,0.16873154044151306,0.06880155205726624,0.4512620270252228
2518,53.02389907836914,64.04401397705078,0.4918000102043152,0.16859318315982819,0.0958150252699852,0.44313326478004456
2519,52.295284271240234,60.682640075683594,0.49012503027915955,0.16842670738697052,0.11014790832996368,0.4214635193347931
2520,52.47359085083008,62.53300094604492,0.48836252093315125,0.16823071241378784,0.08041729032993317,0.43449440598487854
2521,53.2799186706543,64.56706237792969,0.4861500561237335,0.16799771785736084,0.08672252297401428,0.4654237627983093
2522,52.52737045288086,62.17011260986328,0.4837625324726105,0.16772493720054626,0.07890476286411285,0.4308403730392456
2523,52.67718505859375,64.18698120117188,0.48493751883506775,0.16747230291366577,0.09896682947874069,0.4475758969783783
2524,53.463523864746094,68.2453384399414,0.48426252603530884,0.1672087460756302,0.10161023586988449,0.436405211687088
2525,52.71982955932617,63.60696029663086,0.4862625300884247,0.16697904467582703,0.12468811869621277,0.42074811458587646
2526,53.018863677978516,64.3917007446289,0.49418753385543823,0.1668819785118103,0.09175615012645721,0.42047736048698425
2527,53.88438415527344,67.22438049316406,0.5026625394821167,0.16692642867565155,0.10118597745895386,0.4483899772167206
2528,53.477516174316406,66.18334197998047,0.4989750385284424,0.166909322142601,0.09629928320646286,0.42354682087898254
2529,54.025962829589844,68.51661682128906,0.500087559223175,0.16691076755523682,0.0964474007487297,0.41935715079307556
2530,53.188926696777344,64.31771850585938,0.5047000646591187,0.16698922216892242,0.09006525576114655,0.4205166697502136
2531,53.527015686035156,63.89368438720703,0.503962516784668,0.1670553982257843,0.1122206375002861,0.43031516671180725
2532,52.98253631591797,62.6199836730957,0.5001875162124634,0.167058527469635,0.08074469864368439,0.4414617121219635
2533,53.279083251953125,64.56354522705078,0.4985499978065491,0.1670342981815338,0.07916052639484406,0.4328407049179077
2534,53.691200256347656,64.85247802734375,0.503849983215332,0.16709861159324646,0.0828280821442604,0.4446113705635071
2535,53.487911224365234,63.78313446044922,0.49892500042915344,0.16708064079284668,0.07283084094524384,0.42969441413879395
2536,53.123512268066406,64.0881576538086,0.498787522315979,0.16706039011478424,0.09380898624658585,0.45908161997795105
2537,53.196598052978516,65.35768127441406,0.49832504987716675,0.1670324057340622,0.07966866344213486,0.4480495750904083
2538,53.17706298828125,64.65035247802734,0.49845004081726074,0.16700652241706848,0.10795503854751587,0.448029100894928
2539,53.41887664794922,66.2353744506836,0.4988875389099121,0.16698794066905975,0.09783262759447098,0.451401025056839
2540,53.7463493347168,67.77046966552734,0.49498751759529114,0.1669042408466339,0.08448506146669388,0.46652573347091675
2541,52.84703063964844,64.0462875366211,0.4951750338077545,0.16682371497154236,0.1027044877409935,0.4552128314971924
2542,52.3210563659668,62.40787887573242,0.49275001883506775,0.1667027771472931,0.09636043012142181,0.43626660108566284
2543,52.70786666870117,64.53624725341797,0.4931250214576721,0.1665881723165512,0.08930640667676926,0.41188743710517883
2544,54.10417556762695,67.30743408203125,0.49201253056526184,0.16645510494709015,0.10556729137897491,0.4381428062915802
2545,53.18533706665039,67.0345230102539,0.4970250129699707,0.166405588388443,0.0846131294965744,0.4441853165626526
2546,53.940914154052734,67.19805908203125,0.4967125356197357,0.16635088622570038,0.08632559329271317,0.4169239401817322
2547,53.6412353515625,67.13803100585938,0.4937250316143036,0.16624650359153748,0.09611260890960693,0.4232040345668793
2548,52.43095779418945,61.84939193725586,0.4986250102519989,0.1662236452102661,0.09657599776983261,0.43779754638671875
2549,54.1817512512207,66.15538024902344,0.5027375221252441,0.16626913845539093,0.11471929401159286,0.43042129278182983
2550,53.72427749633789,64.62145233154297,0.5038875341415405,0.16633377969264984,0.080600805580616,0.4275055527687073
2551,53.32027816772461,62.91809844970703,0.4978000223636627,0.16629718244075775,0.09900505095720291,0.41497400403022766
2552,53.813453674316406,63.46370315551758,0.5020250082015991,0.16633085906505585,0.07762875407934189,0.45438870787620544
2553,53.44914245605469,62.2222785949707,0.506475031375885,0.16643856465816498,0.08334147930145264,0.43479040265083313
2554,53.25658416748047,62.143497467041016,0.5047249794006348,0.1665172129869461,0.09808622300624847,0.426146537065506
2555,52.9539909362793,60.32126998901367,0.5043625235557556,0.1665898710489273,0.07928658276796341,0.4420467019081116
2556,53.45764923095703,63.62588882446289,0.5007750391960144,0.16660277545452118,0.07976371794939041,0.4404805302619934
2557,52.787391662597656,62.13488006591797,0.5048624873161316,0.16668379306793213,0.08113130927085876,0.4472822844982147
2558,53.16522216796875,64.3184814453125,0.5047125220298767,0.1667623370885849,0.08512895554304123,0.43695923686027527
2559,52.816104888916016,62.96427917480469,0.4992625415325165,0.16675004363059998,0.10487326234579086,0.42948827147483826
2560,52.89287185668945,64.01734924316406,0.5009250044822693,0.1667654663324356,0.10916313529014587,0.41749435663223267
2561,53.43672180175781,65.11141967773438,0.49758756160736084,0.16672523319721222,0.11069919914007187,0.4365652799606323
2562,53.529441833496094,67.49285888671875,0.4987500309944153,0.16670440137386322,0.09892390668392181,0.4132837653160095
2563,52.848201751708984,66.34602355957031,0.4947250187397003,0.16661646962165833,0.09936097264289856,0.4291723966598511
2564,53.78995895385742,68.38700103759766,0.493787556886673,0.16651295125484467,0.09500015527009964,0.42487767338752747
2565,53.57774353027344,68.54481506347656,0.4950375258922577,0.1664303094148636,0.07940584421157837,0.401451975107193
2566,53.352901458740234,66.22682189941406,0.4981500506401062,0.1663995236158371,0.10981152951717377,0.4470658302307129
2567,53.24974822998047,64.3735122680664,0.49761253595352173,0.1663597971200943,0.10042932629585266,0.417890727519989
2568,52.763301849365234,62.458072662353516,0.5011625289916992,0.1663791388273239,0.11131823062896729,0.44498711824417114
2569,53.49165725708008,65.51490020751953,0.501912534236908,0.16641095280647278,0.09210660308599472,0.4261794984340668
2570,53.132415771484375,63.64995574951172,0.5015625357627869,0.16643695533275604,0.08595933765172958,0.44082069396972656
2571,53.45601272583008,64.76993560791016,0.49918752908706665,0.16642343997955322,0.11492336541414261,0.42100989818573
2572,52.809295654296875,63.30299377441406,0.5017750263214111,0.16645297408103943,0.11141964793205261,0.44248461723327637
2573,53.293392181396484,63.35637664794922,0.50204998254776,0.16648709774017334,0.10134097933769226,0.43291038274765015
2574,52.98869705200195,62.08802795410156,0.5021499991416931,0.16652290523052216,0.07643129676580429,0.42966607213020325
2575,53.98473358154297,68.23294067382812,0.502262532711029,0.1665605753660202,0.11568839848041534,0.44225674867630005
2576,54.36871337890625,67.64936065673828,0.5026375651359558,0.16660451889038086,0.07042639702558517,0.46215906739234924
2577,53.31416320800781,63.902530670166016,0.4971875250339508,0.1665576547384262,0.09050793200731277,0.4163561463356018
2578,53.09004211425781,63.149070739746094,0.5003750324249268,0.16656391322612762,0.08822288364171982,0.4217211604118347
2579,52.53996276855469,62.77602005004883,0.49752500653266907,0.16652269661426544,0.09542089700698853,0.43746981024742126
2580,54.19683837890625,67.42350006103516,0.4973750114440918,0.1664789915084839,0.12556344270706177,0.4288894236087799
2581,53.31475067138672,64.6144790649414,0.49832504987716675,0.1664511114358902,0.10071548819541931,0.43780869245529175
2582,53.04534149169922,64.26042175292969,0.49830004572868347,0.16642281413078308,0.11903432756662369,0.4362409710884094
2583,53.461151123046875,64.23210906982422,0.4996625483036041,0.166417196393013,0.11874879896640778,0.4308031499385834
2584,53.24528503417969,64.29740142822266,0.5008375644683838,0.16643114387989044,0.10934703797101974,0.43623408675193787
2585,53.78675842285156,64.44641876220703,0.5060125589370728,0.16653122007846832,0.1083238422870636,0.4241160750389099
2586,52.95268249511719,63.69365692138672,0.5021875500679016,0.16656765341758728,0.11246506124734879,0.40752145648002625
2587,53.23146438598633,65.2202377319336,0.5081125497817993,0.1667027771472931,0.08465009182691574,0.4345864951610565
2588,53.85726547241211,64.68563842773438,0.5052250027656555,0.16678987443447113,0.1060430184006691,0.43811434507369995
2589,52.65749740600586,61.8588752746582,0.5079500079154968,0.16692247986793518,0.0845382884144783,0.44354721903800964
2590,53.326499938964844,63.7183723449707,0.5047750473022461,0.16700220108032227,0.08649089187383652,0.4100947976112366
2591,53.05669403076172,62.5970458984375,0.5060874819755554,0.1671038717031479,0.0800526887178421,0.4470660984516144
2592,52.812278747558594,61.48661422729492,0.509975016117096,0.16727057099342346,0.07256505638360977,0.4344271123409271
2593,54.143978118896484,67.3173599243164,0.5088750123977661,0.16741903126239777,0.06613067537546158,0.45166492462158203
2594,53.05989074707031,63.17408752441406,0.5100250244140625,0.16758687794208527,0.07324931770563126,0.46623387932777405
2595,53.187965393066406,63.66560745239258,0.508275032043457,0.1677255630493164,0.06316322088241577,0.45745161175727844
2596,53.412166595458984,66.7204360961914,0.5088750123977661,0.16787442564964294,0.05970021337270737,0.46302205324172974
2597,52.63371658325195,63.1207389831543,0.5109249949455261,0.16805784404277802,0.08590666949748993,0.452054500579834
2598,53.46573257446289,66.46141815185547,0.5030750632286072,0.16810953617095947,0.0855199471116066,0.4615285396575928
2599,53.47427749633789,65.32337951660156,0.5027125477790833,0.16815513372421265,0.09758953750133514,0.45738640427589417
2600,53.25304412841797,65.38439178466797,0.5054250359535217,0.16824635863304138,0.07875647395849228,0.4676411747932434
2601,53.920841217041016,67.78544616699219,0.499562531709671,0.16823899745941162,0.0716063529253006,0.4267125129699707
2602,53.237632751464844,65.05831146240234,0.4969000518321991,0.16818684339523315,0.08968184143304825,0.4563584327697754
2603,53.98365020751953,66.79283905029297,0.49713754653930664,0.16813869774341583,0.09725561738014221,0.42448580265045166
2604,52.64265060424805,62.188533782958984,0.4940500259399414,0.16803866624832153,0.10353617370128632,0.430220365524292
2605,53.48211669921875,65.43655395507812,0.4932750463485718,0.1679256558418274,0.08538541942834854,0.4384181499481201
2606,53.1318244934082,62.97369384765625,0.4954625368118286,0.16784945130348206,0.08228151500225067,0.4360600411891937
2607,52.42886734008789,60.836238861083984,0.4959375262260437,0.167781263589859,0.0834885761141777,0.424005389213562
2608,52.44416427612305,61.17039108276367,0.4929250180721283,0.16766256093978882,0.11354519426822662,0.4459809958934784
2609,53.24547576904297,62.04602813720703,0.4893750250339508,0.16748441755771637,0.0901649072766304,0.4158778786659241
2610,53.77851867675781,65.23332214355469,0.4983750283718109,0.1674572080373764,0.10776054859161377,0.44268786907196045
2611,53.93039321899414,65.55352783203125,0.4965250492095947,0.16739901900291443,0.13067758083343506,0.44006630778312683
2612,53.066593170166016,61.47062683105469,0.5018500685691833,0.16742998361587524,0.08590013533830643,0.4287663996219635
2613,53.68282699584961,62.35511779785156,0.5028125047683716,0.1674770712852478,0.0919807180762291,0.4443613588809967
2614,53.880699157714844,63.73271560668945,0.5000874996185303,0.1674785315990448,0.11422775685787201,0.4135786294937134
2615,54.36585998535156,66.18681335449219,0.5059625506401062,0.16757839918136597,0.12416358292102814,0.4130435585975647
2616,52.85877227783203,59.399356842041016,0.5024875402450562,0.16762009263038635,0.10829560458660126,0.43404847383499146
2617,53.461490631103516,63.697147369384766,0.5054749846458435,0.16771186888217926,0.10579436272382736,0.4460415542125702
2618,53.576194763183594,64.78705596923828,0.5077750086784363,0.16784226894378662,0.10782400518655777,0.4221749007701874
2619,53.1477165222168,62.25773239135742,0.5029749870300293,0.1678922027349472,0.10304009169340134,0.4618629515171051
2620,52.876792907714844,63.413185119628906,0.4989500343799591,0.16787457466125488,0.09015320241451263,0.44433847069740295
2621,53.303558349609375,64.14401245117188,0.5027375221252441,0.1679205298423767,0.08567254990339279,0.45223963260650635
2622,53.576534271240234,65.01045989990234,0.4978500008583069,0.16788442432880402,0.08204200863838196,0.4209755063056946
2623,52.98134994506836,65.25589752197266,0.4982500672340393,0.16785503923892975,0.09019043296575546,0.42436280846595764
2624,53.67740249633789,66.76504516601562,0.4977250397205353,0.16781684756278992,0.09635689854621887,0.4374004602432251
2625,53.13119888305664,65.55827331542969,0.4948250353336334,0.16773000359535217,0.09555363655090332,0.43939995765686035
2626,52.666015625,63.90583801269531,0.49746251106262207,0.16768744587898254,0.07825999706983566,0.44253116846084595
2627,52.492462158203125,62.96466064453125,0.49601253867149353,0.16762058436870575,0.0815371721982956,0.47090989351272583
2628,53.30559158325195,65.61865234375,0.5002250075340271,0.1676243543624878,0.1009741723537445,0.4706932008266449
2629,53.1384162902832,63.88532257080078,0.4993624985218048,0.1676136702299118,0.09308981895446777,0.46378815174102783
2630,52.95146560668945,64.28829956054688,0.501212477684021,0.1676339954137802,0.08172624558210373,0.43689367175102234
2631,53.404022216796875,64.63310241699219,0.5013999938964844,0.16765744984149933,0.08447325229644775,0.41252824664115906
2632,53.772254943847656,65.07167053222656,0.5053874850273132,0.16774776577949524,0.09273720532655716,0.4502210319042206
2633,53.75364303588867,64.21385955810547,0.5063250064849854,0.16785387694835663,0.10336452722549438,0.4392502009868622
2634,53.718841552734375,64.17898559570312,0.5053250193595886,0.16794325411319733,0.09329646080732346,0.43251490592956543
2635,53.68698501586914,63.31228256225586,0.5080125331878662,0.16807781159877777,0.09339167922735214,0.4553210735321045
2636,53.84943389892578,63.66582489013672,0.5078250169754028,0.16820932924747467,0.10372621566057205,0.43520158529281616
2637,53.26850128173828,62.39614486694336,0.5043750405311584,0.16828292608261108,0.07693329453468323,0.4422261714935303
2638,53.034393310546875,61.20106887817383,0.4998500347137451,0.16828039288520813,0.1008775606751442,0.44839075207710266
2639,52.24254608154297,59.691001892089844,0.5028875470161438,0.16832898557186127,0.07765306532382965,0.4501097798347473
2640,53.42036056518555,63.76054000854492,0.49486249685287476,0.16824251413345337,0.10586711764335632,0.44792476296424866
2641,53.858184814453125,66.06184387207031,0.4906250238418579,0.1680847853422165,0.08801484853029251,0.43661218881607056
2642,53.28070831298828,65.59257507324219,0.49182504415512085,0.16794738173484802,0.10977345705032349,0.4350282847881317
2643,52.81679916381836,63.63593292236328,0.49090003967285156,0.16779455542564392,0.08636969327926636,0.44277986884117126
2644,52.076499938964844,61.34006118774414,0.4897875189781189,0.16762319207191467,0.08035600930452347,0.43996918201446533
2645,53.22046661376953,65.13045501708984,0.48571255803108215,0.16738370060920715,0.10152970999479294,0.43414145708084106
2646,53.54949188232422,65.41665649414062,0.49018752574920654,0.16721944510936737,0.1056535392999649,0.44769689440727234
2647,52.30337905883789,62.28802490234375,0.4898125231266022,0.1670490950345993,0.08816099911928177,0.4530753791332245
2648,53.144535064697266,63.44389724731445,0.49022501707077026,0.16688580811023712,0.11696014553308487,0.4441131055355072
2649,53.563167572021484,66.08555603027344,0.4950750470161438,0.16680361330509186,0.11539828032255173,0.45496493577957153
2650,53.00708770751953,63.73931121826172,0.4993625283241272,0.16679297387599945,0.12320087850093842,0.42227649688720703
2651,54.29831314086914,66.7489013671875,0.5037500262260437,0.16685552895069122,0.11397096514701843,0.43120214343070984
2652,52.541927337646484,60.68865966796875,0.5078625082969666,0.16698673367500305,0.09564049541950226,0.4309159219264984
2653,52.99811553955078,61.568389892578125,0.5111125111579895,0.16717229783535004,0.09468835592269897,0.42171376943588257
2654,52.75227737426758,61.78278350830078,0.5137249827384949,0.1674017310142517,0.11105329543352127,0.42660894989967346
2655,53.24116897583008,64.07324981689453,0.5163000226020813,0.16767458617687225,0.08169610798358917,0.4643241763114929
2656,53.525672912597656,65.15611267089844,0.5160000324249268,0.1679428666830063,0.08423445373773575,0.440032958984375
2657,53.53230285644531,65.79267883300781,0.5155250430107117,0.16820359230041504,0.08718420565128326,0.4583228826522827
2658,53.26736068725586,64.23717498779297,0.5208249688148499,0.16855387389659882,0.08146637678146362,0.4520440697669983
2659,53.268070220947266,65.38197326660156,0.515037477016449,0.16880732774734497,0.07572238147258759,0.43157559633255005
2660,52.81489181518555,64.82295227050781,0.5117250084877014,0.16900525987148285,0.07650391757488251,0.47600698471069336
2661,53.31523513793945,64.78610229492188,0.5110125541687012,0.169191375374794,0.0817570760846138,0.42546847462654114
2662,53.254024505615234,65.85299682617188,0.511400043964386,0.16938425600528717,0.07499182969331741,0.4394721984863281
2663,53.21560287475586,66.85481262207031,0.5043500065803528,0.16945794224739075,0.05841218680143356,0.43614745140075684
2664,53.083133697509766,64.61193084716797,0.5069375038146973,0.1695755124092102,0.05687566474080086,0.470846027135849
2665,53.8604850769043,65.03682708740234,0.5027125477790833,0.16962149739265442,0.06209025904536247,0.4733659029006958
2666,52.96061706542969,63.72132873535156,0.5004000067710876,0.1696282923221588,0.08145178109407425,0.44841745495796204
2667,52.661766052246094,62.76791000366211,0.5007375478744507,0.16964080929756165,0.06170995533466339,0.44415536522865295
2668,53.79120635986328,66.28515625,0.49738752841949463,0.16959649324417114,0.06158754974603653,0.4472099542617798
2669,53.09830856323242,65.34007263183594,0.49777501821517944,0.16955876350402832,0.0903584435582161,0.4645039141178131
2670,53.64023971557617,65.29487609863281,0.4982500374317169,0.16952909529209137,0.0870216116309166,0.43712905049324036
2671,52.68587875366211,62.20631408691406,0.4930000305175781,0.16941042244434357,0.09749863296747208,0.4524112641811371
2672,54.00626754760742,65.98381805419922,0.49531251192092896,0.16933101415634155,0.08542140573263168,0.4626697301864624
2673,53.437896728515625,63.65345764160156,0.49447503685951233,0.16923746466636658,0.08633878082036972,0.45736250281333923
2674,53.558380126953125,64.82840728759766,0.4922000467777252,0.16910545527935028,0.08081402629613876,0.45541009306907654
2675,53.3890495300293,63.26206588745117,0.4915875494480133,0.16896319389343262,0.09894149005413055,0.4288504123687744
2676,53.13875961303711,64.01265716552734,0.4981750547885895,0.16893236339092255,0.06829173117876053,0.44957485795021057
2677,52.866756439208984,62.660194396972656,0.49471256136894226,0.16884304583072662,0.08304410427808762,0.45749467611312866
2678,52.774051666259766,61.76492691040039,0.4950750470161438,0.16875988245010376,0.08171793073415756,0.46120861172676086
2679,53.69702911376953,64.28495025634766,0.4927750527858734,0.1686379611492157,0.0728992447257042,0.44728535413742065
2680,52.96709060668945,63.764217376708984,0.49406251311302185,0.16853784024715424,0.0915716290473938,0.4702273905277252
2681,53.908084869384766,66.55845642089844,0.49403753876686096,0.16843734681606293,0.12284582853317261,0.4398612380027771
2682,53.26339340209961,65.70623016357422,0.49675002694129944,0.16838259994983673,0.07905623316764832,0.4640788435935974
2683,53.54853439331055,66.35482788085938,0.4963250458240509,0.16832071542739868,0.10092423111200333,0.46816325187683105
2684,53.677879333496094,66.55907440185547,0.5007374882698059,0.16833314299583435,0.10186707973480225,0.4570372998714447
2685,53.00730895996094,63.6044921875,0.5075875520706177,0.168460875749588,0.08620820194482803,0.45983919501304626
2686,53.834842681884766,67.11260223388672,0.5090625286102295,0.16861353814601898,0.09000269323587418,0.440225213766098
2687,52.792198181152344,62.16717529296875,0.5074250102043152,0.1687387377023697,0.08462438732385635,0.431858628988266
2688,52.99894332885742,62.55797576904297,0.507687509059906,0.16886846721172333,0.08615300059318542,0.42695143818855286
2689,52.84447479248047,63.259639739990234,0.510200023651123,0.169040709733963,0.09273578226566315,0.42377185821533203
2690,52.946144104003906,64.78093719482422,0.5090000033378601,0.1691928505897522,0.08180857449769974,0.45774126052856445
2691,53.3226432800293,66.55418395996094,0.5111375451087952,0.1693812906742096,0.07428383827209473,0.45773959159851074
2692,53.497314453125,65.05756378173828,0.5077500343322754,0.1695125550031662,0.0824122354388237,0.45908620953559875
2693,54.55495834350586,69.44841003417969,0.5085000991821289,0.1696566343307495,0.09606403112411499,0.44962242245674133
2694,54.05733108520508,67.94618225097656,0.5051250457763672,0.1697435826063156,0.051563162356615067,0.44164711236953735
2695,53.92461013793945,68.3377456665039,0.5028375387191772,0.16979174315929413,0.08012616634368896,0.4540749192237854
2696,54.150840759277344,68.62796783447266,0.5039750337600708,0.16985923051834106,0.08012721687555313,0.4554925262928009
2697,53.66374206542969,65.93038940429688,0.5014375448226929,0.16988365352153778,0.09827887266874313,0.45086580514907837
2698,52.19883346557617,60.318302154541016,0.4985625147819519,0.16985923051834106,0.08521763980388641,0.4599120318889618
2699,53.068111419677734,63.623260498046875,0.4967000484466553,0.169803187251091,0.07735011726617813,0.4567791819572449
2700,53.3350830078125,64.1683349609375,0.4936625361442566,0.16969558596611023,0.09626370668411255,0.43061116337776184
2701,53.07372283935547,63.03938293457031,0.48922502994537354,0.16951274871826172,0.08768042176961899,0.44126635789871216
2702,53.475364685058594,63.61185073852539,0.49387502670288086,0.169408917427063,0.08835095912218094,0.4265085458755493
2703,53.20793151855469,62.77333068847656,0.4906500279903412,0.1692505180835724,0.09114685654640198,0.4439251720905304
2704,52.762325286865234,61.752952575683594,0.4940750300884247,0.169150248169899,0.09057807922363281,0.42497193813323975
2705,53.55815505981445,65.35606384277344,0.4908375144004822,0.16899526119232178,0.09110165387392044,0.44523781538009644
2706,52.90606689453125,62.42010498046875,0.5008749961853027,0.16901004314422607,0.11724898219108582,0.4349634349346161
2707,53.08689880371094,62.676204681396484,0.49912503361701965,0.16899526119232178,0.09823142737150192,0.44435134530067444
2708,53.0902099609375,64.30904388427734,0.5013625025749207,0.16901828348636627,0.11465801298618317,0.43739616870880127
2709,53.25247573852539,64.60903930664062,0.5063125491142273,0.16912497580051422,0.10725071281194687,0.43790146708488464
2710,52.81791305541992,63.211700439453125,0.5094875693321228,0.16928544640541077,0.09373413771390915,0.4611090123653412
2711,53.27052307128906,63.73869323730469,0.5078499913215637,0.1694183349609375,0.10563558340072632,0.41453394293785095
2712,53.173160552978516,64.1131591796875,0.5132125616073608,0.16964219510555267,0.10037282854318619,0.44574853777885437
2713,54.04452896118164,67.5169448852539,0.5064250230789185,0.16975119709968567,0.05604873225092888,0.44513261318206787
2714,53.067909240722656,63.84228515625,0.5105000138282776,0.16992942988872528,0.11102885752916336,0.4422057867050171
2715,54.014434814453125,67.21741485595703,0.5072500109672546,0.170052632689476,0.057959120720624924,0.45171597599983215
2716,53.870277404785156,66.20513916015625,0.5014375448226929,0.17007708549499512,0.08276297152042389,0.46984750032424927
2717,54.18512725830078,68.85665893554688,0.4994875490665436,0.17006836831569672,0.10412720590829849,0.4634449779987335
2718,52.552101135253906,61.860809326171875,0.4985000193119049,0.17004285752773285,0.07459820061922073,0.4603479206562042
2719,52.863243103027344,62.5235710144043,0.4954875111579895,0.16996611654758453,0.09325504302978516,0.44560539722442627
2720,52.4240608215332,61.74500274658203,0.4930500090122223,0.1698479950428009,0.08048611879348755,0.44735464453697205
2721,52.85358810424805,64.20339965820312,0.487712562084198,0.16963928937911987,0.09123658388853073,0.44764018058776855
2722,53.31956481933594,65.6321029663086,0.4885374903678894,0.16944484412670135,0.08221881091594696,0.45313340425491333
2723,53.08952713012695,64.11615753173828,0.48686251044273376,0.16922223567962646,0.08354514092206955,0.4464069902896881
2724,52.52764892578125,63.81906509399414,0.4849874973297119,0.16896818578243256,0.07411064952611923,0.43562257289886475
2725,53.51146697998047,66.29837799072266,0.4927625060081482,0.16884590685367584,0.10325033962726593,0.44145095348358154
2726,53.00486755371094,63.80192565917969,0.4858625531196594,0.1686072051525116,0.09717301279306412,0.42846906185150146
2727,53.81816864013672,66.01998901367188,0.4911625385284424,0.16845819354057312,0.09539000689983368,0.42034557461738586
2728,53.7171630859375,65.33234405517578,0.49375003576278687,0.1683529019355774,0.10834745317697525,0.4584161937236786
2729,53.339149475097656,63.30193328857422,0.49562501907348633,0.1682792454957962,0.1072477400302887,0.41957008838653564
2730,53.524410247802734,63.95252227783203,0.5010125637054443,0.16829627752304077,0.10637042671442032,0.4427810311317444
2731,53.41974639892578,62.983360290527344,0.5041125416755676,0.1683654934167862,0.09962855279445648,0.44852712750434875
2732,53.40009307861328,63.005672454833984,0.5033875107765198,0.16842253506183624,0.10182850807905197,0.4566952884197235
2733,54.41627502441406,65.74740600585938,0.5027999877929688,0.16846969723701477,0.08776015043258667,0.4052277207374573
2734,52.79376983642578,59.91797637939453,0.5008125305175781,0.16848339140415192,0.10259729623794556,0.4362216591835022
2735,53.858707427978516,64.6623764038086,0.5018750429153442,0.16851498186588287,0.10292736440896988,0.413480669260025
2736,52.96371078491211,62.0112419128418,0.49957504868507385,0.16850781440734863,0.09893181174993515,0.46418169140815735
2737,52.5384407043457,61.155879974365234,0.4984875023365021,0.16848231852054596,0.07902786135673523,0.4356253743171692
2738,53.1258544921875,62.86944580078125,0.49752503633499146,0.16844062507152557,0.09393912553787231,0.4363645613193512
2739,52.58534240722656,62.789710998535156,0.49828752875328064,0.16841177642345428,0.09501709043979645,0.446773886680603
2740,52.93075942993164,62.846248626708984,0.4932125508785248,0.16829746961593628,0.09609086811542511,0.45694801211357117
2741,52.85109329223633,63.98339080810547,0.4965500235557556,0.16823941469192505,0.09781470149755478,0.44034045934677124
2742,53.240360260009766,65.71138763427734,0.5009125471115112,0.1682547777891159,0.1204162985086441,0.4382041394710541
2743,54.20811462402344,68.51698303222656,0.5017000436782837,0.1682833731174469,0.08951294422149658,0.4398588538169861
2744,54.17741012573242,68.29928588867188,0.5006375312805176,0.16829410195350647,0.10408861190080643,0.4315113127231598
2745,53.23493576049805,65.2690200805664,0.5011375546455383,0.16831323504447937,0.07390056550502777,0.4380985498428345
2746,53.9336051940918,66.45093536376953,0.5099625587463379,0.16848091781139374,0.09140927344560623,0.424976646900177
2747,53.212467193603516,64.08837127685547,0.5061250329017639,0.16858410835266113,0.10321543365716934,0.4273851215839386
2748,52.94868469238281,62.072853088378906,0.5024124979972839,0.16862478852272034,0.0880620926618576,0.4300720691680908
2749,54.3706169128418,66.78008270263672,0.5047750473022461,0.1687053143978119,0.10572478175163269,0.4429946839809418
2750,53.187416076660156,62.755279541015625,0.5066750049591064,0.1688179224729538,0.09043373167514801,0.45954400300979614
2751,54.08059310913086,65.79435729980469,0.49783754348754883,0.16878141462802887,0.09116415679454803,0.4403342604637146
2752,53.13604736328125,62.173927307128906,0.49807503819465637,0.1687489151954651,0.1002453938126564,0.4501933753490448
2753,53.04872131347656,62.771202087402344,0.4990375339984894,0.1687326729297638,0.08538893610239029,0.4422754645347595
2754,53.02581024169922,62.015464782714844,0.4932250380516052,0.1686183661222458,0.10970717668533325,0.4314063787460327
2755,53.08040237426758,62.042564392089844,0.49278753995895386,0.1684967577457428,0.09332426637411118,0.43236517906188965
2756,53.47599411010742,63.713722229003906,0.4921625256538391,0.16836470365524292,0.09026799350976944,0.4476240575313568
2757,53.593353271484375,64.02205657958984,0.49077504873275757,0.16820938885211945,0.0982237160205841,0.43291395902633667
2758,53.736724853515625,65.36027526855469,0.4907875061035156,0.16805443167686462,0.082455113530159,0.43325501680374146
2759,53.370548248291016,63.841064453125,0.48897498846054077,0.16786915063858032,0.12209644168615341,0.442506343126297
2760,52.863216400146484,63.062835693359375,0.48926252126693726,0.16768890619277954,0.08961352705955505,0.42921024560928345
2761,53.001644134521484,62.49311828613281,0.4925750494003296,0.16756439208984375,0.11454946547746658,0.4164925515651703
2762,53.96218490600586,66.17599487304688,0.4937625229358673,0.1674598753452301,0.09963011741638184,0.43153372406959534
2763,53.464054107666016,64.60105895996094,0.4978500306606293,0.16742387413978577,0.08913417160511017,0.4432239830493927
2764,54.24333572387695,66.70684051513672,0.4982125461101532,0.16739395260810852,0.11663074046373367,0.420025110244751
2765,52.3843994140625,59.127445220947266,0.5050375461578369,0.1674782782793045,0.10097082704305649,0.42950811982154846
2766,53.79075241088867,64.13726806640625,0.5065625309944153,0.16758818924427032,0.10356059670448303,0.44963711500167847
2767,53.48450469970703,64.09574127197266,0.5044125318527222,0.1676621437072754,0.0801045149564743,0.4354020953178406
2768,54.480445861816406,68.8895034790039,0.5049000382423401,0.16774429380893707,0.09766750782728195,0.4393983483314514
2769,53.378963470458984,63.45885467529297,0.5017375349998474,0.16777345538139343,0.09619829058647156,0.439645379781723
2770,53.75627899169922,66.69279479980469,0.5045375227928162,0.1678495705127716,0.06886626034975052,0.45247694849967957
2771,54.073143005371094,66.64532470703125,0.5004374980926514,0.16785691678524017,0.10897509008646011,0.4453161358833313
2772,53.014469146728516,63.68194580078125,0.5001875162124634,0.16786006093025208,0.10025407373905182,0.4287961721420288
2773,53.56877136230469,65.66259765625,0.4972875416278839,0.16781452298164368,0.08427201211452484,0.43217548727989197
2774,53.43318557739258,64.99976348876953,0.49806252121925354,0.1677820086479187,0.08068151772022247,0.4257214069366455
2775,53.75104904174805,66.24969482421875,0.49598750472068787,0.1677146852016449,0.1053728237748146,0.45804014801979065
2776,53.28151321411133,63.66736602783203,0.49720004200935364,0.1676677167415619,0.07912934571504593,0.4600926637649536
2777,53.11674118041992,63.76255416870117,0.49925002455711365,0.16765514016151428,0.08264433592557907,0.4258798062801361
2778,53.57518005371094,65.28449249267578,0.49995002150535583,0.16765430569648743,0.070763498544693,0.44455623626708984
2779,53.59934997558594,66.14446258544922,0.5062500238418579,0.16775909066200256,0.06291720271110535,0.47401583194732666
2780,53.60367202758789,65.05663299560547,0.5057750344276428,0.16785596311092377,0.046789709478616714,0.46277308464050293
2781,53.990108489990234,65.89115142822266,0.5063999891281128,0.1679634004831314,0.08325841277837753,0.4571817219257355
2782,53.2586555480957,63.497344970703125,0.5076375603675842,0.16809168457984924,0.09399428963661194,0.4358118176460266
2783,53.815101623535156,64.97713470458984,0.5061750411987305,0.16819548606872559,0.08815384656190872,0.4599246382713318
2784,53.66663360595703,65.2088394165039,0.5066249966621399,0.16830690205097198,0.08955278247594833,0.4152315855026245
2785,53.42082595825195,65.6238784790039,0.5042750239372253,0.16837884485721588,0.08451113849878311,0.4267745316028595
2786,52.901668548583984,62.161949157714844,0.506475031375885,0.16848787665367126,0.09394994378089905,0.43117058277130127
2787,52.82844161987305,62.80483627319336,0.506100058555603,0.16859064996242523,0.0787331610918045,0.4293990731239319
2788,54.18316650390625,67.68588256835938,0.5019625425338745,0.16862373054027557,0.08480020612478256,0.44962799549102783
2789,52.51869201660156,62.65920639038086,0.5029000639915466,0.16867263615131378,0.10190083831548691,0.44163039326667786
2790,51.93953323364258,60.362831115722656,0.5038750767707825,0.1687380075454712,0.08492033928632736,0.43427199125289917
2791,52.799583435058594,64.6324462890625,0.5038250088691711,0.16880255937576294,0.07455213367938995,0.44285082817077637
2792,52.765045166015625,64.17752075195312,0.5020125508308411,0.1688365340232849,0.08233875036239624,0.4169134199619293
2793,54.01820373535156,69.73796081542969,0.5009000301361084,0.16885173320770264,0.09853055328130722,0.4476355314254761
2794,53.29610061645508,66.23372650146484,0.5003625154495239,0.1688578575849533,0.07971076667308807,0.45129916071891785
2795,53.42831802368164,64.58930969238281,0.5004125237464905,0.16886481642723083,0.07201080769300461,0.4315912127494812
2796,53.894935607910156,67.63568878173828,0.4921625554561615,0.16873246431350708,0.07156068831682205,0.45009151101112366
2797,52.55830764770508,61.272926330566406,0.495775043964386,0.1686611771583557,0.09457899630069733,0.44493651390075684
2798,52.80586624145508,63.320167541503906,0.5003750324249268,0.1686675101518631,0.09771927446126938,0.4564094841480255
2799,53.1148796081543,63.29513931274414,0.4984875023365021,0.16864199936389923,0.08238325268030167,0.4464120864868164
2800,52.523921966552734,60.319881439208984,0.4992000460624695,0.1686285138130188,0.10710252076387405,0.4525705873966217
2801,53.43714141845703,62.54513931274414,0.4973375201225281,0.16858361661434174,0.08428932726383209,0.43888333439826965
2802,53.09654998779297,61.81373977661133,0.4991750419139862,0.16856971383094788,0.11260560899972916,0.450325071811676
2803,52.97636795043945,62.65976333618164,0.500825047492981,0.16858361661434174,0.1155313178896904,0.4133058786392212
2804,53.06039047241211,62.51930236816406,0.49886250495910645,0.16856443881988525,0.11060093343257904,0.42284348607063293
2805,52.67430114746094,62.094390869140625,0.5029250383377075,0.1686137467622757,0.10213560611009598,0.43216487765312195
2806,54.025115966796875,67.44061279296875,0.5002750754356384,0.16861839592456818,0.112704336643219,0.43382561206817627
2807,53.644535064697266,65.1222915649414,0.49915000796318054,0.1686040610074997,0.0935552641749382,0.4579762816429138
2808,53.38294219970703,66.22806549072266,0.5007500052452087,0.16861669719219208,0.11541061103343964,0.4387606382369995
2809,53.17055892944336,65.09566497802734,0.5029125213623047,0.1686657965183258,0.09724236279726028,0.43678584694862366
2810,53.17021560668945,65.5930404663086,0.5022249817848206,0.16870331764221191,0.10282029211521149,0.44425782561302185
2811,53.28435516357422,65.81827545166016,0.5044125318527222,0.16877776384353638,0.08911433070898056,0.4538850784301758
2812,52.49079895019531,60.26461410522461,0.5035625100135803,0.16883787512779236,0.08613844960927963,0.4413335621356964
2813,53.25341033935547,64.33230590820312,0.5045124888420105,0.1689140498638153,0.09290431439876556,0.4586409330368042
2814,54.09389114379883,67.55952453613281,0.5057875514030457,0.16901181638240814,0.07768069952726364,0.44939202070236206
2815,53.6470832824707,65.92269897460938,0.50347501039505,0.1690705418586731,0.09013068675994873,0.44865092635154724
2816,52.77445983886719,63.17872619628906,0.500962495803833,0.16908681392669678,0.07564985007047653,0.4340319335460663
2817,53.08846664428711,64.65655517578125,0.49563753604888916,0.16901305317878723,0.08596951514482498,0.4535439610481262
2818,53.391380310058594,66.30398559570312,0.49931252002716064,0.16900144517421722,0.0820079818367958,0.4499635100364685
2819,53.49757385253906,66.0088882446289,0.4953375458717346,0.16892264783382416,0.07967979460954666,0.4298233091831207
2820,53.62165832519531,66.76465606689453,0.4914250373840332,0.16877780854701996,0.0841914713382721,0.4548521041870117
2821,54.010555267333984,66.98217010498047,0.4934000074863434,0.16866640746593475,0.0838259905576706,0.4329988360404968
2822,52.680519104003906,63.77415466308594,0.4953625202178955,0.16858819127082825,0.08441310375928879,0.45032843947410583
2823,53.93727493286133,65.78644561767578,0.4979875087738037,0.16855426132678986,0.07985758781433105,0.4487532079219818
2824,52.864112854003906,62.37293243408203,0.497762531042099,0.16851654648780823,0.08280014991760254,0.46064361929893494
2825,52.58208465576172,60.181636810302734,0.4996125102043152,0.16851001977920532,0.09818817675113678,0.419340044260025
2826,54.011775970458984,64.16001892089844,0.5019875168800354,0.1685435026884079,0.0992155373096466,0.44145968556404114
2827,53.33497619628906,64.34703063964844,0.505262553691864,0.16863220930099487,0.07393701374530792,0.4427344799041748
2828,52.79860305786133,61.69774627685547,0.5006875395774841,0.1686438024044037,0.07701925933361053,0.4346204102039337
2829,53.6799430847168,65.01323699951172,0.5029250383377075,0.16869314014911652,0.08496172726154327,0.4508323073387146
2830,53.214569091796875,61.64289855957031,0.5008625388145447,0.1687076985836029,0.08422613888978958,0.4357950687408447
2831,53.315120697021484,63.363521575927734,0.49826252460479736,0.1686783879995346,0.09367125481367111,0.44314950704574585
2832,53.27545166015625,64.9991455078125,0.4999125301837921,0.16867691278457642,0.11118623614311218,0.43020570278167725
2833,53.71260070800781,65.59305572509766,0.4981500506401062,0.1686457097530365,0.07937230914831161,0.4485643804073334
2834,52.90837860107422,61.58841323852539,0.49406251311302185,0.16854557394981384,0.07988590002059937,0.4488355219364166
2835,52.57075119018555,63.526485443115234,0.4988750219345093,0.16852661967277527,0.06346917897462845,0.435235857963562
2836,53.91487121582031,66.14434814453125,0.4911375343799591,0.16837726533412933,0.08305340260267258,0.4463391602039337
2837,52.672908782958984,61.70691680908203,0.4950374960899353,0.16829369962215424,0.10087794810533524,0.4256024658679962
2838,53.37211608886719,62.92971420288086,0.4975374937057495,0.16825225949287415,0.08328050374984741,0.4423151910305023
2839,53.737064361572266,64.5932388305664,0.4981500208377838,0.1682211309671402,0.09351827949285507,0.4477244019508362
2840,52.407554626464844,60.04426956176758,0.49727505445480347,0.16817529499530792,0.09046181291341782,0.462227463722229
2841,53.662078857421875,64.79994201660156,0.499875009059906,0.1681731939315796,0.10715697705745697,0.4573625326156616
2842,52.72850799560547,62.50809097290039,0.5038124918937683,0.16823731362819672,0.08859996497631073,0.4464512765407562
2843,53.65011215209961,64.07244110107422,0.5030999779701233,0.168289452791214,0.11476486921310425,0.45120948553085327
2844,53.46432876586914,63.62981414794922,0.5022750496864319,0.16832773387432098,0.09463737905025482,0.4980115294456482
2845,54.88362503051758,69.79765319824219,0.5033750534057617,0.16838453710079193,0.09062149375677109,0.45253413915634155
2846,53.52225112915039,63.781070709228516,0.5052250027656555,0.1684725135564804,0.08218983560800552,0.4653041958808899
2847,53.02450180053711,61.7636604309082,0.509112536907196,0.16862602531909943,0.08915239572525024,0.44338417053222656
2848,53.39335632324219,65.02922058105469,0.5114625692367554,0.16881932318210602,0.09244560450315475,0.4571664035320282
2849,53.661643981933594,66.11498260498047,0.514412522315979,0.16906262934207916,0.07239875942468643,0.4561459720134735
2850,53.30972671508789,64.31673431396484,0.5147250294685364,0.16931156814098358,0.0819513350725174,0.44250011444091797
2851,53.701393127441406,66.52385711669922,0.5131999850273132,0.1695350557565689,0.07030484080314636,0.47847405076026917
2852,53.863250732421875,67.85699462890625,0.5125875473022461,0.169748455286026,0.0761750116944313,0.4567964971065521
2853,53.54220199584961,66.09063720703125,0.5080249905586243,0.16988468170166016,0.08103089779615402,0.4392871558666229
2854,53.6130256652832,67.45265197753906,0.5047000646591187,0.16996453702449799,0.060830458998680115,0.46775856614112854
2855,53.77305603027344,64.66085815429688,0.5001375079154968,0.16996686160564423,0.05822283402085304,0.4485744833946228
2856,53.47898864746094,65.6219711303711,0.4943375587463379,0.16987061500549316,0.08441263437271118,0.43384239077568054
2857,53.95355224609375,64.7266845703125,0.49230000376701355,0.16973981261253357,0.07649172842502594,0.47021734714508057
2858,53.146366119384766,63.61098098754883,0.4894625246524811,0.16956095397472382,0.09042386710643768,0.44524669647216797
2859,53.66178512573242,63.90330123901367,0.4867250323295593,0.16933585703372955,0.07292825728654861,0.4486391246318817
2860,52.36623001098633,59.35188674926758,0.4867500364780426,0.1691114902496338,0.10099335014820099,0.4409049153327942
2861,52.718299865722656,60.45343780517578,0.49150002002716064,0.16896773874759674,0.08166251331567764,0.46131497621536255
2862,53.22549057006836,61.07140350341797,0.4919874966144562,0.16883234679698944,0.09027521312236786,0.4523161053657532
2863,52.240787506103516,59.72315979003906,0.4948875308036804,0.16874603927135468,0.08212224394083023,0.4517423212528229
2864,52.46540832519531,60.47843551635742,0.4956125020980835,0.16867199540138245,0.07977336645126343,0.4551553726196289
2865,53.71184158325195,66.91864013671875,0.5015875101089478,0.1686987727880478,0.07964681833982468,0.43775466084480286
2866,53.591209411621094,65.03715515136719,0.4992375373840332,0.1686859130859375,0.08329957723617554,0.43607091903686523
2867,53.44209289550781,66.75214385986328,0.49617502093315125,0.16862139105796814,0.07925327122211456,0.45102182030677795
2868,53.06747817993164,63.43699264526367,0.49768751859664917,0.16858239471912384,0.0938529521226883,0.4249170422554016
2869,53.688026428222656,67.35310363769531,0.5004500150680542,0.1685899943113327,0.08168496191501617,0.43178364634513855
2870,53.08439254760742,64.54948425292969,0.4992000162601471,0.16857650876045227,0.09386470913887024,0.4483146071434021
2871,54.020774841308594,69.65463256835938,0.5055375099182129,0.16866984963417053,0.0782274380326271,0.4355165660381317
2872,52.838157653808594,63.8468132019043,0.5000125169754028,0.16867004334926605,0.10075139999389648,0.4381788969039917
2873,53.82780075073242,67.27983093261719,0.49922502040863037,0.16865697503089905,0.1062709167599678,0.4412868618965149
2874,53.32411193847656,66.26261901855469,0.5016375184059143,0.16868460178375244,0.07740256190299988,0.4299919307231903
2875,53.631309509277344,65.85707092285156,0.4964750409126282,0.168625146150589,0.08088193088769913,0.44694381952285767
2876,53.55815124511719,65.41397857666016,0.5029625296592712,0.16867509484291077,0.08628059923648834,0.4318603575229645
2877,52.83232498168945,63.54707717895508,0.4996750056743622,0.16866961121559143,0.10185414552688599,0.44472989439964294
2878,53.04127502441406,63.10652160644531,0.5009375214576721,0.1686854213476181,0.05485106259584427,0.45055755972862244
2879,53.04573440551758,64.44258880615234,0.5024124979972839,0.1687261164188385,0.09555137157440186,0.4338728189468384
2880,52.73137664794922,62.19049835205078,0.5032000541687012,0.1687801033258438,0.08303239941596985,0.4398583769798279
2881,52.71803283691406,61.34270095825195,0.5061375498771667,0.16888369619846344,0.07885770499706268,0.4283909201622009
2882,52.59674072265625,60.596858978271484,0.5086250305175781,0.1690293550491333,0.07958684116601944,0.4356149435043335
2883,54.27861022949219,68.04998779296875,0.5036375522613525,0.16909083724021912,0.0895167887210846,0.4351271986961365
2884,53.866676330566406,65.70233917236328,0.5064375400543213,0.16919969022274017,0.08974246680736542,0.46726903319358826
2885,53.7209358215332,67.12246704101562,0.5080375075340271,0.16933567821979523,0.06785870343446732,0.4555012881755829
2886,52.895626068115234,63.48588180541992,0.505512535572052,0.1694290190935135,0.07315242290496826,0.44515085220336914
2887,53.04500198364258,64.74120330810547,0.5073000192642212,0.16955271363258362,0.07447943836450577,0.4488469064235687
2888,53.58992385864258,65.65240478515625,0.5056750178337097,0.1696489453315735,0.055219512432813644,0.43930870294570923
2889,52.72224044799805,62.348594665527344,0.5024999976158142,0.16969135403633118,0.08257488161325455,0.42145445942878723
2890,52.9366340637207,63.03074645996094,0.5017000436782837,0.16972020268440247,0.10059982538223267,0.432326078414917
2891,53.955467224121094,65.63751220703125,0.5008625388145447,0.16973485052585602,0.08021947741508484,0.44521135091781616
2892,52.818885803222656,63.3853874206543,0.49736252427101135,0.1696900874376297,0.07134037464857101,0.44442519545555115
2893,54.58887481689453,69.02345275878906,0.497050017118454,0.16964003443717957,0.07918552309274673,0.46690046787261963
2894,52.56887435913086,61.302391052246094,0.49320003390312195,0.169524684548378,0.06722301989793777,0.43988487124443054
2895,53.507118225097656,63.86408615112305,0.49835005402565,0.16949671506881714,0.0658629834651947,0.4592808187007904
2896,52.735225677490234,61.30698776245117,0.49320003390312195,0.16938146948814392,0.0627463161945343,0.46631696820259094
2897,53.480567932128906,65.48871612548828,0.5014749765396118,0.1694064438343048,0.08533680438995361,0.46568763256073
2898,52.9680061340332,61.79796600341797,0.4969000518321991,0.1693539321422577,0.08016066253185272,0.45687249302864075
2899,53.29417419433594,62.91433334350586,0.49875006079673767,0.16933275759220123,0.08197788149118423,0.4540872871875763
2900,53.559200286865234,63.2701416015625,0.4972125291824341,0.16928555071353912,0.08617754280567169,0.4291110038757324
2901,52.73611068725586,61.684600830078125,0.496987521648407,0.16923455893993378,0.0995543897151947,0.45537683367729187
2902,53.7529411315918,66.05696868896484,0.49522504210472107,0.16915374994277954,0.10923922061920166,0.4380113482475281
2903,53.12822723388672,62.92608642578125,0.4984875023365021,0.1691281646490097,0.0874188095331192,0.4488963782787323
2904,54.37250900268555,67.34603118896484,0.4983125329017639,0.1690996289253235,0.11250265687704086,0.43033310770988464
2905,53.25393295288086,63.82590866088867,0.49693751335144043,0.16904784739017487,0.09080897271633148,0.4458882808685303
2906,53.76344299316406,65.07251739501953,0.5004500150680542,0.16905546188354492,0.10978002846240997,0.43509724736213684
2907,53.109832763671875,64.17509460449219,0.49886250495910645,0.16903623938560486,0.09248387068510056,0.4300428628921509
2908,53.44340133666992,63.9857292175293,0.49818751215934753,0.1690056025981903,0.0708693414926529,0.4342637062072754
2909,52.5174560546875,60.312713623046875,0.49777498841285706,0.16896799206733704,0.08473721891641617,0.44461169838905334
2910,52.24467086791992,60.471466064453125,0.49871253967285156,0.16894623637199402,0.08884048461914062,0.43632811307907104
2911,53.25490188598633,64.2772445678711,0.4990125298500061,0.1689295470714569,0.0888824537396431,0.44451963901519775
2912,53.17041015625,65.67140197753906,0.502037525177002,0.1689639687538147,0.08726416528224945,0.4549250900745392
2913,53.4871826171875,65.49730682373047,0.5015875101089478,0.16899079084396362,0.09157665073871613,0.4380813539028168
2914,53.199485778808594,64.49900817871094,0.49976253509521484,0.16898678243160248,0.09451358765363693,0.4546228051185608
2915,54.210174560546875,68.38545989990234,0.4988875091075897,0.16896799206733704,0.08907770365476608,0.4377478063106537
2916,53.242576599121094,64.84306335449219,0.5005999803543091,0.16897812485694885,0.10390279442071915,0.4500443637371063
2917,53.84677505493164,65.8719482421875,0.5031750202178955,0.1690317690372467,0.08128418028354645,0.4487399458885193
2918,53.132232666015625,63.761329650878906,0.5039125084877014,0.169097900390625,0.06809790432453156,0.42857974767684937
2919,52.595428466796875,60.58510971069336,0.5021750330924988,0.1691346913576126,0.1023002341389656,0.46598803997039795
2920,53.46125030517578,64.3317642211914,0.49947503209114075,0.16912581026554108,0.0866607278585434,0.43102526664733887
2921,52.826168060302734,63.10737991333008,0.4978500306606293,0.1690894514322281,0.09037507325410843,0.44790783524513245
2922,53.0643424987793,64.31492614746094,0.4980250597000122,0.16905605792999268,0.08702362328767776,0.45515549182891846
2923,53.442893981933594,65.356689453125,0.4981500208377838,0.1690247803926468,0.08265107125043869,0.4367434084415436
2924,53.5295524597168,64.22066497802734,0.4961875379085541,0.1689603477716446,0.09535843133926392,0.4358932673931122
2925,53.49471664428711,63.29597091674805,0.5012000203132629,0.16898062825202942,0.0955677255988121,0.43904390931129456
2926,53.01766586303711,62.72140121459961,0.5035499930381775,0.16904062032699585,0.07789260894060135,0.4326205849647522
2927,53.54487228393555,65.13912963867188,0.5034124851226807,0.16909831762313843,0.09905008971691132,0.4228380620479584
2928,53.30723571777344,63.18082046508789,0.5046625137329102,0.16917715966701508,0.09669023007154465,0.42497241497039795
2929,53.314090728759766,63.73554992675781,0.5034999847412109,0.16923637688159943,0.09143485873937607,0.4287130832672119
2930,52.91309356689453,63.900577545166016,0.5024375319480896,0.1692776381969452,0.09231273084878922,0.4445871412754059
2931,53.3193244934082,63.496604919433594,0.504675030708313,0.16935677826404572,0.10377984493970871,0.4558488130569458
2932,54.26485824584961,67.6395034790039,0.5050875544548035,0.16944295167922974,0.11914415657520294,0.4395650625228882
2933,54.27994155883789,68.3101806640625,0.5047249794006348,0.16952301561832428,0.09169463068246841,0.4441101551055908
2934,53.515201568603516,65.26103973388672,0.5047375559806824,0.16960331797599792,0.10265477746725082,0.4467792212963104
2935,52.87382507324219,63.04271697998047,0.5052250027656555,0.16969193518161774,0.10385818034410477,0.43974927067756653
2936,54.21329879760742,66.04704284667969,0.5052875280380249,0.1697816699743271,0.09859012067317963,0.4362870454788208
2937,53.948883056640625,64.75108337402344,0.5054625272750854,0.1698744148015976,0.11110293865203857,0.44573652744293213
2938,53.22648620605469,63.18323516845703,0.5040625333786011,0.1699434220790863,0.08681409060955048,0.43301451206207275
2939,53.8661994934082,64.879638671875,0.5029750466346741,0.16999398171901703,0.08157027512788773,0.4460269808769226
2940,53.2292366027832,61.64781951904297,0.5027874708175659,0.17004136741161346,0.09801191836595535,0.4261288344860077
2941,53.2934684753418,62.57076644897461,0.49820002913475037,0.1700107604265213,0.08703724294900894,0.45581358671188354
2942,54.95027160644531,70.31912231445312,0.5024500489234924,0.1700524091720581,0.09127995371818542,0.42943277955055237
2943,53.38916015625,64.24057006835938,0.4921000301837921,0.16991807520389557,0.08301116526126862,0.4275273382663727
2944,53.382896423339844,63.742225646972656,0.4968000054359436,0.16986370086669922,0.07677853852510452,0.4337327778339386
2945,53.28965759277344,63.748592376708984,0.4965250492095947,0.1698046773672104,0.0919748917222023,0.44179317355155945
2946,52.909400939941406,64.39808654785156,0.49602505564689636,0.16973717510700226,0.08806874603033066,0.4441255033016205
2947,52.940155029296875,60.40631103515625,0.48772501945495605,0.16952882707118988,0.08846162259578705,0.41738027334213257
2948,52.46074295043945,60.91981506347656,0.4923250377178192,0.1693987250328064,0.08484324812889099,0.4426673650741577
2949,52.62578201293945,61.45632553100586,0.48801252245903015,0.16919565200805664,0.08167876303195953,0.4552825689315796
2950,53.45862579345703,65.12428283691406,0.4928375482559204,0.16907446086406708,0.06987851858139038,0.4371737241744995
2951,52.161476135253906,58.440216064453125,0.4889875054359436,0.16888827085494995,0.10461654514074326,0.43685904145240784
2952,53.39971160888672,64.55244445800781,0.49240005016326904,0.16875991225242615,0.09608304500579834,0.44765517115592957
2953,52.42525863647461,60.34269332885742,0.49500003457069397,0.1686755269765854,0.08618217706680298,0.43084433674812317
2954,53.226417541503906,65.5545883178711,0.4949750602245331,0.16859076917171478,0.08057177811861038,0.4161922335624695
2955,53.15473556518555,63.753501892089844,0.4972875118255615,0.16854503750801086,0.07621680200099945,0.4139896333217621
2956,52.98188400268555,63.18707275390625,0.4993875324726105,0.16853471100330353,0.09184511005878448,0.43916046619415283
2957,52.937904357910156,62.16823959350586,0.5029750466346741,0.16858485341072083,0.10048487037420273,0.4338638186454773
2958,53.93757629394531,65.88763427734375,0.5051875114440918,0.16867230832576752,0.08714375644922256,0.44191858172416687
2959,53.26499938964844,63.13300704956055,0.5055500268936157,0.16876593232154846,0.09605461359024048,0.423379123210907
2960,54.053829193115234,66.91400909423828,0.5052125453948975,0.16885390877723694,0.09854108095169067,0.4315005838871002
2961,53.75545883178711,66.44050598144531,0.508525013923645,0.1689978539943695,0.07193078845739365,0.42597058415412903
2962,53.53220748901367,66.68588256835938,0.5038500428199768,0.16906292736530304,0.11048770695924759,0.4281199276447296
2963,53.86323547363281,65.92008209228516,0.5055125951766968,0.16915611922740936,0.11001285910606384,0.417097270488739
2964,53.244720458984375,64.00806427001953,0.5090125203132629,0.16930857300758362,0.06887278705835342,0.42832285165786743
2965,53.7916259765625,66.2274169921875,0.5009875297546387,0.16932527720928192,0.072271429002285,0.44583314657211304
2966,53.2181510925293,62.02067184448242,0.5010250210762024,0.16934263706207275,0.08245062828063965,0.4086899757385254
2967,53.25446701049805,63.61019515991211,0.5036500096321106,0.16940444707870483,0.08910257369279861,0.45458826422691345
2968,53.24530029296875,62.85477066040039,0.5016875267028809,0.16943304240703583,0.08538452535867691,0.4329962134361267
2969,54.21438217163086,66.39533996582031,0.5008500218391418,0.16944743692874908,0.0741761177778244,0.4352683126926422
2970,53.10030746459961,62.42961883544922,0.5007875561714172,0.16946078836917877,0.07056820392608643,0.4304784834384918
2971,52.89468765258789,60.828453063964844,0.49691253900527954,0.16940847039222717,0.09935782849788666,0.4432160258293152
2972,53.14747619628906,62.62541580200195,0.49681252241134644,0.16935446858406067,0.09706950187683105,0.43361377716064453
2973,52.8519172668457,61.97492980957031,0.49518752098083496,0.16927297413349152,0.0592430904507637,0.43108069896698
2974,52.93498992919922,61.77609634399414,0.49242502450942993,0.16914474964141846,0.09108287841081619,0.4238751530647278
2975,53.214569091796875,63.622684478759766,0.4909500479698181,0.16899168491363525,0.10330479592084885,0.4546144902706146
2976,52.4501838684082,63.334266662597656,0.4972875416278839,0.16894584894180298,0.0936460793018341,0.4297593832015991
2977,52.686485290527344,63.45805740356445,0.4922875165939331,0.16881555318832397,0.0850372388958931,0.41582635045051575
2978,52.472816467285156,61.66204833984375,0.4927000403404236,0.16869232058525085,0.08183903992176056,0.41811156272888184
2979,52.960723876953125,63.78876876831055,0.49156251549720764,0.16854998469352722,0.09743984788656235,0.446316659450531
2980,54.37600326538086,69.55790710449219,0.4987249970436096,0.1685284972190857,0.08541063219308853,0.42702579498291016
2981,52.80643081665039,63.4011116027832,0.4936625063419342,0.1684216856956482,0.09874113649129868,0.43989989161491394
2982,54.285587310791016,68.82354736328125,0.4983750283718109,0.1683943271636963,0.11141186952590942,0.42721256613731384
2983,52.36439895629883,61.33424758911133,0.4983125329017639,0.16836591064929962,0.09534963965415955,0.434920996427536
2984,52.860618591308594,62.936153411865234,0.4933500289916992,0.16825394332408905,0.0998195931315422,0.4419374465942383
2985,53.81443405151367,67.32691192626953,0.49912503361701965,0.16823922097682953,0.1124943420290947,0.41820183396339417
2986,53.02308654785156,63.604461669921875,0.4989500045776367,0.16822154819965363,0.12885946035385132,0.4478644132614136
2987,53.215972900390625,63.213497161865234,0.5027999877929688,0.16826865077018738,0.07057122886180878,0.45501789450645447
2988,53.12775802612305,63.00969314575195,0.49855002760887146,0.16824424266815186,0.08128592371940613,0.4399247169494629
2989,53.161834716796875,64.56237030029297,0.5025875568389893,0.16828778386116028,0.06219576671719551,0.4457074701786041
2990,53.481842041015625,66.41858673095703,0.503962516784668,0.16835446655750275,0.0732511505484581,0.47617241740226746
2991,53.424503326416016,63.9904670715332,0.4998500347137451,0.1683519333600998,0.08528288453817368,0.4376235008239746
2992,53.187076568603516,63.44338607788086,0.5052500367164612,0.1684403121471405,0.08506978303194046,0.4498535096645355
2993,53.987091064453125,67.62149810791016,0.5024999976158142,0.16848242282867432,0.07684794813394547,0.45707911252975464
2994,53.613250732421875,65.5778579711914,0.5055500268936157,0.1685759425163269,0.09304842352867126,0.4530617296695709
2995,54.06958770751953,67.25418090820312,0.5079500079154968,0.16870996356010437,0.07730256766080856,0.4438939690589905
2996,53.923362731933594,67.49539184570312,0.5095500349998474,0.16887107491493225,0.08519799262285233,0.4311945140361786
2997,52.89763259887695,62.89824676513672,0.5090125203132629,0.16902326047420502,0.08243901282548904,0.4469420611858368
2998,53.14651870727539,63.152217864990234,0.5044625401496887,0.16909867525100708,0.08236632496118546,0.43749481439590454
2999,53.103553771972656,64.02696228027344,0.5032125115394592,0.16915300488471985,0.08751342445611954,0.44698211550712585
3000,53.4896125793457,65.17489624023438,0.5037375688552856,0.16921621561050415,0.07579398155212402,0.4398268163204193
3001,53.97061538696289,67.5169906616211,0.5060750246047974,0.1693190187215805,0.07174362242221832,0.4539998173713684
3002,53.683658599853516,66.03787994384766,0.4999375343322754,0.16931796073913574,0.06816884130239487,0.46456626057624817
3003,53.7615852355957,63.795928955078125,0.4982500374317169,0.16928833723068237,0.08261130005121231,0.4513741135597229
3004,53.40234375,65.58402252197266,0.5002000331878662,0.16929173469543457,0.058719515800476074,0.4778945744037628
3005,52.60703659057617,60.83583068847656,0.49671250581741333,0.16923607885837555,0.06539302319288254,0.4426659047603607
3006,53.347808837890625,62.9123649597168,0.4976000487804413,0.16919547319412231,0.08963603526353836,0.4363792836666107
3007,52.68838882446289,61.720977783203125,0.49521252512931824,0.16911447048187256,0.07439301162958145,0.4571582078933716
3008,52.4349250793457,60.80986404418945,0.4928875267505646,0.16899418830871582,0.07596876472234726,0.44758108258247375
3009,52.72441864013672,63.59949493408203,0.48940005898475647,0.16881504654884338,0.08335472643375397,0.44423073530197144
3010,53.6048583984375,65.75739288330078,0.4926375448703766,0.1686907559633255,0.08728261291980743,0.46149471402168274
3011,52.659446716308594,63.384605407714844,0.49066251516342163,0.16853323578834534,0.08859994262456894,0.4286791682243347
3012,53.50983810424805,65.94918060302734,0.495712548494339,0.16846098005771637,0.09687023609876633,0.4576958119869232
3013,54.00697708129883,68.80960083007812,0.49213752150535583,0.16832852363586426,0.09680379182100296,0.42105698585510254
3014,53.46572494506836,65.7628173828125,0.49515005946159363,0.16824688017368317,0.09676758199930191,0.44446346163749695
3015,51.70575714111328,57.75342559814453,0.4971500337123871,0.16819892823696136,0.10285081714391708,0.42465296387672424
3016,53.58268356323242,67.04302215576172,0.497575044631958,0.1681581437587738,0.09658079594373703,0.4370054304599762
3017,52.72687530517578,63.58150863647461,0.5041125416755676,0.16822730004787445,0.07501843571662903,0.4391699433326721
3018,53.6823844909668,66.35547637939453,0.5064375400543213,0.16833558678627014,0.09825132042169571,0.45027604699134827
3019,53.760520935058594,65.85865020751953,0.509975016117096,0.1685035079717636,0.09165574610233307,0.46085402369499207
3020,52.760467529296875,60.94590377807617,0.5135499835014343,0.16873183846473694,0.08162196725606918,0.44150686264038086
3021,53.54106903076172,63.002750396728516,0.508275032043457,0.16887147724628448,0.09207858890295029,0.45234447717666626
3022,52.90497970581055,62.3105583190918,0.5148125290870667,0.1691216230392456,0.07588835060596466,0.4256230592727661
3023,53.973907470703125,66.6214370727539,0.5166250467300415,0.16940279304981232,0.09838146716356277,0.4544573128223419
3024,53.72144317626953,64.44935607910156,0.5091625452041626,0.16955800354480743,0.06916961818933487,0.43515634536743164
3025,53.91868209838867,65.041015625,0.5070250034332275,0.16967712342739105,0.0745285376906395,0.4709495007991791
3026,53.862125396728516,65.10997009277344,0.5077499747276306,0.16980862617492676,0.07835587859153748,0.44947537779808044
3027,53.19950485229492,63.75627517700195,0.5035000443458557,0.16986805200576782,0.07630103081464767,0.4517044126987457
3028,52.90324401855469,64.06303405761719,0.503125011920929,0.1699211299419403,0.06166519969701767,0.4547358453273773
3029,53.21652603149414,63.98751449584961,0.5018375515937805,0.16995234787464142,0.07506221532821655,0.43956276774406433
3030,53.401817321777344,65.90452575683594,0.5026625394821167,0.16999760270118713,0.07647485285997391,0.45789915323257446
3031,52.870460510253906,63.163700103759766,0.4993000030517578,0.16998571157455444,0.07398086786270142,0.44616028666496277
3032,53.53490447998047,66.15895080566406,0.5026875734329224,0.1700313836336136,0.06081126630306244,0.46290817856788635
3033,52.47610855102539,63.20850372314453,0.49676254391670227,0.1699763387441635,0.09503203630447388,0.44827017188072205
3034,52.803199768066406,63.79517364501953,0.5037375688552856,0.17003986239433289,0.05845175310969353,0.45646902918815613
3035,53.345184326171875,65.54266357421875,0.5066875219345093,0.17015357315540314,0.09529107809066772,0.4597347676753998
3036,52.94658279418945,64.38761138916016,0.5051750540733337,0.17024162411689758,0.07593576610088348,0.440193235874176
3037,53.3454704284668,65.88870239257812,0.5008125305175781,0.17025546729564667,0.07826309651136398,0.44548285007476807
3038,53.61886978149414,68.34732818603516,0.5030500292778015,0.17030739784240723,0.07363636791706085,0.455179363489151
3039,53.93782043457031,67.77730560302734,0.5070750117301941,0.17042788863182068,0.07493283599615097,0.43470683693885803
3040,53.642093658447266,65.50918579101562,0.5086125135421753,0.17057467997074127,0.0607348307967186,0.4650964140892029
3041,53.508636474609375,64.87063598632812,0.5042500495910645,0.17064717411994934,0.08826851099729538,0.4620932340621948
3042,53.06309127807617,64.38479614257812,0.5010875463485718,0.17066572606563568,0.08876930922269821,0.44615107774734497
3043,52.66240310668945,61.43024444580078,0.500837504863739,0.17068003118038177,0.06469590961933136,0.4420529901981354
3044,52.82597732543945,61.470401763916016,0.5035125613212585,0.17073999345302582,0.08999074995517731,0.44152626395225525
3045,53.3354606628418,63.033966064453125,0.5069124698638916,0.17085802555084229,0.08997957408428192,0.4641018211841583
3046,54.59501647949219,68.01238250732422,0.5060375332832336,0.1709611862897873,0.08603650331497192,0.4701688587665558
3047,53.70328140258789,65.1419677734375,0.5043750405311584,0.1710359752178192,0.06353630125522614,0.4380374252796173
3048,53.271575927734375,63.06689453125,0.5046625137329102,0.1711157113313675,0.07016922533512115,0.44119301438331604
3049,53.22391128540039,62.49924087524414,0.4996500611305237,0.17110972106456757,0.07643131911754608,0.4769059121608734
3050,53.4694938659668,64.79048919677734,0.5016875267028809,0.17113859951496124,0.09227069467306137,0.4464264214038849
3051,53.16379165649414,61.284812927246094,0.5010375380516052,0.17115634679794312,0.037483781576156616,0.48681777715682983
3052,53.2963752746582,63.06724166870117,0.4971500039100647,0.17110756039619446,0.07964029163122177,0.4768350124359131
3053,54.08374786376953,67.3621826171875,0.4967750608921051,0.17105238139629364,0.08190128952264786,0.4639955759048462
3054,53.41739273071289,63.99452209472656,0.4921000301837921,0.17091724276542664,0.07986494153738022,0.46151435375213623
3055,52.242794036865234,61.36298370361328,0.49002501368522644,0.17074675858020782,0.08124566078186035,0.47858184576034546
3056,51.90739059448242,60.24761199951172,0.4872000217437744,0.17052820324897766,0.08082683384418488,0.4517291784286499
3057,52.91688537597656,64.95285034179688,0.4886000156402588,0.17033380270004272,0.0924270823597908,0.452404648065567
3058,53.325103759765625,63.930503845214844,0.48776254057884216,0.17012536525726318,0.08738671988248825,0.4424222707748413
3059,52.55046463012695,63.48995590209961,0.4928625226020813,0.17000393569469452,0.08253125846385956,0.44849663972854614
3060,52.68061065673828,64.50495147705078,0.4923250377178192,0.1698734611272812,0.0774049460887909,0.4508674144744873
3061,53.23357391357422,65.75911712646484,0.49463754892349243,0.1697823703289032,0.07633668929338455,0.45262688398361206
3062,53.81060028076172,67.40599060058594,0.49692502617836,0.16973015666007996,0.08926569670438766,0.4539470374584198
3063,52.443016052246094,60.850189208984375,0.5002124905586243,0.16973376274108887,0.0987158715724945,0.4374648928642273
3064,52.12126541137695,58.3984375,0.5069375038146973,0.16985152661800385,0.08438435196876526,0.4571804106235504
3065,53.547611236572266,63.56517028808594,0.5020124912261963,0.16988570988178253,0.08170679956674576,0.44769078493118286
3066,53.550575256347656,64.04762268066406,0.5043874979019165,0.16996023058891296,0.08909010142087936,0.44583529233932495
3067,53.090301513671875,62.6612548828125,0.5016000866889954,0.16998742520809174,0.08816678076982498,0.4450637996196747
3068,53.59871292114258,63.82548904418945,0.5027750730514526,0.17003460228443146,0.09186292439699173,0.4459493160247803
3069,53.24577331542969,63.32646942138672,0.49972501397132874,0.1700299233198166,0.1210639700293541,0.42917880415916443
3070,53.57810592651367,65.11830139160156,0.5015125274658203,0.17005564272403717,0.09068994224071503,0.4409218728542328
3071,53.807411193847656,65.63939666748047,0.4998749792575836,0.17005351185798645,0.10219844430685043,0.4583836793899536
3072,52.996299743652344,62.84575271606445,0.49447503685951233,0.16995956003665924,0.0908857136964798,0.4713177978992462
3073,52.63380813598633,61.81209945678711,0.48958754539489746,0.1697825938463211,0.08412536233663559,0.4385242164134979
3074,51.76020812988281,59.900489807128906,0.49371254444122314,0.16967584192752838,0.07811003178358078,0.43778449296951294
3075,53.43396759033203,66.3481216430664,0.4915750324726105,0.1695328950881958,0.08289280533790588,0.4473089873790741
3076,53.0164680480957,64.79924011230469,0.49828752875328064,0.16950386762619019,0.07743362337350845,0.4413115978240967
3077,53.10806655883789,64.96963500976562,0.4958375096321106,0.16943331062793732,0.09152238816022873,0.4294462203979492
3078,53.802276611328125,68.91328430175781,0.4939250349998474,0.1693303883075714,0.10847346484661102,0.4331386387348175
3079,53.46729278564453,67.120361328125,0.49498751759529114,0.16924551129341125,0.08854379504919052,0.4304063618183136
3080,53.105247497558594,65.5760269165039,0.4978500306606293,0.16920912265777588,0.11587616801261902,0.43047887086868286
3081,53.47172546386719,65.52215576171875,0.49918752908706665,0.16919536888599396,0.07787561416625977,0.4248557388782501
3082,53.69514083862305,67.68616485595703,0.5053250193595886,0.16928546130657196,0.0890778973698616,0.43626195192337036
3083,54.25361251831055,67.94515991210938,0.5100125074386597,0.16945496201515198,0.06708842515945435,0.42343705892562866
3084,53.818424224853516,65.93540954589844,0.509937584400177,0.16962336003780365,0.10389083623886108,0.4324922263622284
3085,52.996376037597656,61.45674133300781,0.5082250237464905,0.16976287961006165,0.0843886137008667,0.44951122999191284
3086,53.103824615478516,61.28758239746094,0.5074875354766846,0.16988998651504517,0.09069425612688065,0.43965038657188416
3087,53.68564224243164,63.874935150146484,0.5079125165939331,0.17002442479133606,0.07390114665031433,0.44065237045288086
3088,53.26930236816406,62.88516616821289,0.5105000138282776,0.17020295560359955,0.07755869626998901,0.45853719115257263
3089,52.96611404418945,61.967201232910156,0.5034250617027283,0.17026124894618988,0.07899703830480576,0.4526514410972595
3090,53.82923126220703,65.46366882324219,0.5003125071525574,0.17026656866073608,0.08110852539539337,0.4617557227611542
3091,53.316707611083984,62.66193389892578,0.49890002608299255,0.17024783790111542,0.07777762413024902,0.4499376714229584
3092,52.657249450683594,62.780311584472656,0.5008749961853027,0.17026273906230927,0.07776672393083572,0.4532177448272705
3093,52.77854537963867,63.40422821044922,0.498912513256073,0.1702442318201065,0.058034658432006836,0.4716419279575348
3094,53.68634796142578,66.02423095703125,0.4923750162124634,0.1701144129037857,0.09047935903072357,0.4225943088531494
3095,53.78705978393555,66.35105895996094,0.49275001883506775,0.16999109089374542,0.08736949414014816,0.46390873193740845
3096,52.941810607910156,63.59800720214844,0.49346256256103516,0.1698799580335617,0.0980808362364769,0.41170409321784973
3097,52.55596160888672,62.45444107055664,0.4999625086784363,0.16987931728363037,0.09726866334676743,0.44136038422584534
3098,53.12800598144531,63.764137268066406,0.50347501039505,0.1699383556842804,0.0778198093175888,0.4569362998008728
3099,53.1619758605957,63.40799331665039,0.5035500526428223,0.16999869048595428,0.08157742768526077,0.44808194041252136
3100,53.3328971862793,64.50360870361328,0.49771255254745483,0.16995979845523834,0.09050223976373672,0.43733301758766174
3101,52.98404312133789,63.50146484375,0.5047750473022461,0.17004096508026123,0.0734427198767662,0.4305354952812195
3102,53.00099182128906,62.163978576660156,0.50204998254776,0.17007583379745483,0.08517204970121384,0.45461466908454895
3103,54.053646087646484,66.462158203125,0.4973750114440918,0.17003118991851807,0.08617787808179855,0.45076316595077515
3104,53.05876541137695,63.97467041015625,0.49758753180503845,0.1699901819229126,0.08834962546825409,0.4680759906768799
3105,53.962677001953125,67.52649688720703,0.4952000379562378,0.1699085831642151,0.10569234937429428,0.4176340699195862
3106,53.25261688232422,62.97514343261719,0.4932125210762024,0.1697932481765747,0.07795392721891403,0.4249224364757538
3107,53.03337478637695,62.302894592285156,0.48893752694129944,0.16960541903972626,0.08900460600852966,0.41897302865982056
3108,53.07077407836914,63.007904052734375,0.49332502484321594,0.1694922000169754,0.09860996901988983,0.4348471462726593
3109,53.28435516357422,63.86996078491211,0.49125003814697266,0.16934388875961304,0.10214383155107498,0.4502108097076416
3110,53.46712875366211,63.584938049316406,0.49102506041526794,0.16919191181659698,0.11526810377836227,0.4363160729408264
3111,52.66697692871094,61.57604217529297,0.4935000240802765,0.1690819412469864,0.09032385796308517,0.44686266779899597
3112,53.236751556396484,64.5124740600586,0.49221253395080566,0.16895027458667755,0.09039151668548584,0.43905922770500183
3113,53.04214096069336,64.78551483154297,0.49522504210472107,0.16886959969997406,0.07418223470449448,0.4231576919555664
3114,54.09103775024414,66.46048736572266,0.4925375282764435,0.1687435805797577,0.10535132139921188,0.42013558745384216
3115,53.19111251831055,64.43569946289062,0.500700056552887,0.16875538229942322,0.07336322963237762,0.43133166432380676
3116,53.18880844116211,64.2735824584961,0.4951375424861908,0.1686733216047287,0.08929761499166489,0.4435216188430786
3117,52.873592376708984,65.70083618164062,0.5012875199317932,0.16869503259658813,0.074156254529953,0.41718050837516785
3118,53.59737014770508,65.27490997314453,0.4966750144958496,0.1686389446258545,0.07041122764348984,0.43188565969467163
3119,53.47871780395508,65.50746154785156,0.5040500164031982,0.1687072366476059,0.0601322315633297,0.44061335921287537
3120,53.31984329223633,63.99308776855469,0.5013999938964844,0.16873084008693695,0.06746417284011841,0.438433438539505
3121,53.80828857421875,67.08345031738281,0.5067500472068787,0.16884472966194153,0.08734554052352905,0.4299541413784027
3122,52.35075759887695,60.20490264892578,0.5030750036239624,0.1688966602087021,0.08809517323970795,0.4614611864089966
3123,54.337867736816406,67.75823211669922,0.5059875249862671,0.16899779438972473,0.06786201894283295,0.44092461466789246
3124,53.12183380126953,62.701271057128906,0.5066750049591064,0.16911059617996216,0.08521777391433716,0.44315096735954285
3125,53.46238708496094,64.03642272949219,0.5038000345230103,0.16917486488819122,0.10610716044902802,0.4336003363132477
3126,53.286354064941406,63.94730758666992,0.5023125410079956,0.16921399533748627,0.07847625762224197,0.43002787232398987
3127,53.332210540771484,63.915000915527344,0.5029625296592712,0.16926412284374237,0.08310288190841675,0.44005969166755676
3128,53.520198822021484,65.07862854003906,0.504212498664856,0.16933542490005493,0.06712738424539566,0.4417092800140381
3129,53.24736404418945,64.73033142089844,0.4965125322341919,0.1692763715982437,0.07654251158237457,0.43795129656791687
3130,52.62729263305664,61.000526428222656,0.4940250515937805,0.16917523741722107,0.09365521371364594,0.4197758734226227
3131,53.25859832763672,65.00123596191406,0.49473750591278076,0.16908620297908783,0.08063233643770218,0.4202733039855957
3132,53.759483337402344,65.63948822021484,0.489300012588501,0.16890527307987213,0.08841900527477264,0.4459215998649597
3133,52.43714904785156,61.66461944580078,0.4875750243663788,0.16869540512561798,0.09042938798666,0.4257723093032837
3134,52.74797439575195,61.56715393066406,0.489300012588501,0.1685148924589157,0.09743969142436981,0.41919440031051636
3135,52.3869514465332,61.93383026123047,0.48731252551078796,0.16830109059810638,0.08579448610544205,0.4394714832305908
3136,53.85247802734375,65.48633575439453,0.49147501587867737,0.16815760731697083,0.08613927662372589,0.431886225938797
3137,52.7189826965332,62.54899978637695,0.4963500201702118,0.16809622943401337,0.10164821147918701,0.4273901879787445
3138,52.7588996887207,63.66730880737305,0.5019375085830688,0.16812878847122192,0.07827345281839371,0.44239455461502075
3139,53.94160079956055,67.35327911376953,0.5036375522613525,0.16818994283676147,0.08640952408313751,0.4359705150127411
3140,53.20112228393555,63.54728317260742,0.5056750178337097,0.16828539967536926,0.10249185562133789,0.4211570620536804
3141,53.644874572753906,65.46235656738281,0.5047125220298767,0.16836470365524292,0.09792589396238327,0.45139697194099426
3142,53.616817474365234,64.29885864257812,0.5049000382423401,0.16844719648361206,0.1105101928114891,0.4140581786632538
3143,53.4468994140625,64.2230453491211,0.5044249892234802,0.1685217320919037,0.08660419285297394,0.44405993819236755
3144,53.29475402832031,61.56211853027344,0.5045375227928162,0.16859818994998932,0.09706854820251465,0.43641844391822815
3145,53.07600402832031,61.3187255859375,0.5024250149726868,0.16863906383514404,0.1031968891620636,0.43535661697387695
3146,53.08211135864258,62.486541748046875,0.5052499771118164,0.1687275916337967,0.09643623977899551,0.4345194101333618
3147,54.083805084228516,65.97111511230469,0.5012000203132629,0.16874784231185913,0.10877594351768494,0.43498921394348145
3148,52.50029754638672,60.73542785644531,0.5027875304222107,0.16879487037658691,0.09930942952632904,0.4187864065170288
3149,53.085052490234375,62.74676513671875,0.4981750547885895,0.16876406967639923,0.08543428778648376,0.4267433285713196
3150,53.65059280395508,66.69853210449219,0.5025375485420227,0.16880689561367035,0.08037787675857544,0.4400244951248169
3151,53.61615753173828,66.48198699951172,0.4961000084877014,0.16874106228351593,0.08539162576198578,0.45134371519088745
3152,54.00371170043945,67.47254180908203,0.4979000389575958,0.16870562732219696,0.074307881295681,0.4333633780479431
3153,53.86916732788086,65.7255630493164,0.499625027179718,0.16869930922985077,0.08333032578229904,0.4490196704864502
3154,53.09147644042969,64.22931671142578,0.5018125176429749,0.16872987151145935,0.08730495721101761,0.4568321406841278
3155,53.657649993896484,65.65106964111328,0.504212498664856,0.168800950050354,0.06904052942991257,0.4475152790546417
3156,52.59590148925781,60.02946853637695,0.5020999908447266,0.16883639991283417,0.09284654259681702,0.4423644542694092
3157,53.987342834472656,65.8290786743164,0.503212571144104,0.16889064013957977,0.0826498419046402,0.4422317147254944
3158,53.67477035522461,65.21636199951172,0.5061874985694885,0.16899512708187103,0.08242342621088028,0.43937358260154724
3159,53.0997428894043,63.91984939575195,0.5015625357627869,0.16902153193950653,0.09208299964666367,0.45993131399154663
3160,53.08638381958008,64.75880432128906,0.5005125403404236,0.16903018951416016,0.05871741846203804,0.41328296065330505
3161,53.689334869384766,66.1454849243164,0.49953755736351013,0.1690223664045334,0.07605499029159546,0.4535098075866699
3162,53.23759078979492,64.42733764648438,0.49636250734329224,0.16896088421344757,0.09684640914201736,0.4324650764465332
3163,52.94679260253906,62.38557052612305,0.4963500201702118,0.16889920830726624,0.09144020825624466,0.4316861629486084
3164,54.10016632080078,66.69261932373047,0.4943625330924988,0.16880398988723755,0.08358585834503174,0.42679113149642944
3165,53.35371398925781,64.3274917602539,0.4948875308036804,0.16871769726276398,0.08576961606740952,0.4313514828681946
3166,53.348899841308594,62.897544860839844,0.49201253056526184,0.16858293116092682,0.09774980694055557,0.4369657039642334
3167,54.2178955078125,65.90811157226562,0.4947874844074249,0.1684950590133667,0.07606574147939682,0.40789204835891724
3168,53.3045768737793,63.18238067626953,0.501287579536438,0.16851675510406494,0.10867524892091751,0.4240247905254364
3169,53.68795394897461,64.78260803222656,0.49590003490448,0.16844765841960907,0.07699084281921387,0.4414874017238617
3170,52.818634033203125,61.37654495239258,0.49807503819465637,0.16841523349285126,0.09421055763959885,0.4277995228767395
3171,52.85566711425781,62.42829132080078,0.4974375367164612,0.16837207973003387,0.08504273742437363,0.42008504271507263
3172,53.62833786010742,64.85417175292969,0.49828752875328064,0.16834324598312378,0.0985172763466835,0.4367615282535553
3173,52.630802154541016,62.3626594543457,0.4970875382423401,0.16829422116279602,0.09260817617177963,0.4425753057003021
3174,53.3272590637207,65.28999328613281,0.49592503905296326,0.16822563111782074,0.1222221702337265,0.4200122356414795
3175,52.361793518066406,60.75632095336914,0.49937501549720764,0.16821511089801788,0.09267174452543259,0.4409187138080597
3176,53.74692916870117,66.6316146850586,0.49773749709129333,0.1681770533323288,0.11177447438240051,0.4244222342967987
3177,53.441463470458984,66.77690887451172,0.5026125907897949,0.16822099685668945,0.08949065208435059,0.4339825510978699
3178,53.32162857055664,65.94891357421875,0.5050375461578369,0.16830573976039886,0.10860557854175568,0.43326258659362793
3179,52.98734664916992,62.58521270751953,0.5024750232696533,0.16834738850593567,0.09061312675476074,0.429929256439209
3180,53.188873291015625,63.28071212768555,0.5037000179290771,0.16840967535972595,0.08155554533004761,0.43898293375968933
3181,53.422481536865234,65.61797332763672,0.5068375468254089,0.168524831533432,0.10032190382480621,0.45836204290390015
3182,53.43365478515625,64.19654083251953,0.5044249892234802,0.16859941184520721,0.11369667947292328,0.4398488998413086
3183,53.01557540893555,62.3466796875,0.5027625560760498,0.168645977973938,0.07806456089019775,0.4274977743625641
3184,52.92045974731445,60.1783561706543,0.5031750202178955,0.16869951784610748,0.08870141953229904,0.45165660977363586
3185,53.01629638671875,62.562835693359375,0.5014375448226929,0.16872377693653107,0.08190476149320602,0.4514157474040985
3186,53.656002044677734,65.06331634521484,0.5015375018119812,0.16874971985816956,0.10267209261655807,0.43368953466415405
3187,53.083927154541016,62.29999542236328,0.499625027179718,0.16874338686466217,0.07482615113258362,0.4323264956474304
3188,53.250118255615234,63.00033187866211,0.4992625415325165,0.1687309443950653,0.08318867534399033,0.4085148274898529
3189,52.756141662597656,62.275577545166016,0.4992625415325165,0.16871850192546844,0.09359533339738846,0.45066478848457336
3190,52.92132568359375,63.00763702392578,0.4979250133037567,0.1686834990978241,0.08410855382680893,0.4318816363811493
3191,52.881858825683594,63.10129165649414,0.496025025844574,0.16861644387245178,0.08030790835618973,0.44835904240608215
3192,53.85868453979492,65.58817291259766,0.49461251497268677,0.1685256063938141,0.10033458471298218,0.4385324716567993
3193,52.96426773071289,63.462257385253906,0.4916750192642212,0.168385311961174,0.08743426948785782,0.4383598268032074
3194,52.639591217041016,62.30131530761719,0.4930250346660614,0.1682678610086441,0.1046740785241127,0.44608163833618164
3195,52.41842269897461,60.80072021484375,0.49806252121925354,0.16823525726795197,0.11108415573835373,0.4464879035949707
3196,53.61545181274414,66.35442352294922,0.49506253004074097,0.16815218329429626,0.10438188910484314,0.4405824542045593
3197,52.7717399597168,63.543426513671875,0.49922502040863037,0.16813915967941284,0.09198622405529022,0.44159936904907227
3198,53.512935638427734,64.08790588378906,0.5013124942779541,0.16816122829914093,0.0938732922077179,0.42343956232070923
3199,54.311946868896484,67.57470703125,0.502262532711029,0.16819927096366882,0.0841989815235138,0.45863351225852966
3200,51.9425163269043,60.783992767333984,0.5003875494003296,0.16820578277111053,0.10590752959251404,0.4353027939796448
3201,53.1907844543457,64.2828140258789,0.5012375116348267,0.16822659969329834,0.09444959461688995,0.46617549657821655
3202,53.6632080078125,65.19562530517578,0.5018625259399414,0.1682579219341278,0.10002035647630692,0.44296038150787354
3203,53.7655143737793,65.9747314453125,0.49957504868507385,0.16825076937675476,0.0996047705411911,0.44021791219711304
3204,53.298675537109375,63.54094314575195,0.49630001187324524,0.16818851232528687,0.10183573514223099,0.4511057436466217
3205,52.95024108886719,62.40400695800781,0.5005999803543091,0.1681986004114151,0.09937465190887451,0.45253416895866394
3206,53.31964111328125,63.95356369018555,0.49787503480911255,0.16816285252571106,0.1170964166522026,0.4456782042980194
3207,53.49787902832031,65.17151641845703,0.49883756041526794,0.16814330220222473,0.11664804071187973,0.42724311351776123
3208,53.49650192260742,66.52252197265625,0.5016124844551086,0.16817042231559753,0.10971850156784058,0.43981194496154785
3209,52.89274215698242,61.8621826171875,0.4972875416278839,0.16812480986118317,0.0946405753493309,0.4235788583755493
3210,53.37895202636719,64.78604125976562,0.49676254391670227,0.16807037591934204,0.11307063698768616,0.41677719354629517
3211,53.41769790649414,65.93482208251953,0.497887521982193,0.1680348664522171,0.10316886007785797,0.445770800113678
3212,53.483951568603516,64.01886749267578,0.498850017786026,0.16801553964614868,0.10711868107318878,0.4312770664691925
3213,52.82622146606445,62.87671661376953,0.4996500313282013,0.1680096536874771,0.10101313143968582,0.43339866399765015
3214,53.131568908691406,62.809024810791016,0.4982750117778778,0.16798067092895508,0.08291357755661011,0.4296828508377075
3215,52.28464126586914,59.761592864990234,0.5039500594139099,0.16804704070091248,0.0883706733584404,0.43292462825775146
3216,53.53263854980469,64.61292266845703,0.5032375454902649,0.1681014448404312,0.09527885913848877,0.43825244903564453
3217,53.12032699584961,63.35674285888672,0.5055249929428101,0.16819432377815247,0.09059959650039673,0.4349723756313324
3218,53.82310104370117,66.19293212890625,0.5065625309944153,0.1683046966791153,0.10539594292640686,0.4312543272972107
3219,53.28818893432617,64.4289321899414,0.5021875500679016,0.1683415174484253,0.08503109961748123,0.43540889024734497
3220,53.73830032348633,67.18285369873047,0.5097625255584717,0.16850584745407104,0.10129692405462265,0.42130881547927856
3221,52.48988342285156,62.589359283447266,0.502875030040741,0.16855429112911224,0.10030532628297806,0.4246157109737396
3222,53.41050720214844,65.35249328613281,0.506137490272522,0.16865773499011993,0.05769871920347214,0.4175810217857361
3223,53.0762825012207,64.75897216796875,0.5103374719619751,0.16883209347724915,0.07467827200889587,0.4412580728530884
3224,52.80758285522461,63.22176742553711,0.5100374817848206,0.16900156438350677,0.05172637477517128,0.4560880661010742
3225,52.97560501098633,64.06883239746094,0.5161125063896179,0.16927386820316315,0.05886052921414375,0.45920440554618835
3226,53.36148452758789,64.6663589477539,0.5110750198364258,0.16946132481098175,0.06282482296228409,0.43207836151123047
3227,52.96812438964844,63.29253387451172,0.5092500448226929,0.16961808502674103,0.06560974568128586,0.42726221680641174
3228,53.3537483215332,64.51673889160156,0.5091875195503235,0.1697739213705063,0.07873605191707611,0.4437331259250641
3229,53.065101623535156,63.69667434692383,0.5090625286102295,0.16992777585983276,0.0681031346321106,0.45878610014915466
3230,53.846317291259766,66.81317901611328,0.510075032711029,0.17009899020195007,0.08057461678981781,0.4565984010696411
3231,54.436676025390625,69.19464111328125,0.501912534236908,0.17013151943683624,0.07418312877416611,0.4661298990249634
3232,54.08096694946289,67.00147247314453,0.5032250285148621,0.170186385512352,0.06931871175765991,0.44677281379699707
3233,53.702816009521484,65.24269104003906,0.5017125010490417,0.17021553218364716,0.06600470840930939,0.44325169920921326
3234,53.24536895751953,63.922767639160156,0.5007750391960144,0.1702287197113037,0.08939360827207565,0.45560166239738464
3235,53.27931213378906,62.44322967529297,0.49361249804496765,0.1701199859380722,0.0627109631896019,0.4600546956062317
3236,52.476783752441406,59.760108947753906,0.4973500370979309,0.17007490992546082,0.0909661129117012,0.4295760989189148
3237,53.251708984375,63.338768005371094,0.4927250146865845,0.1699511855840683,0.06752818077802658,0.4445646107196808
3238,53.40434265136719,61.58443832397461,0.48922502994537354,0.1697680652141571,0.08211347460746765,0.44371795654296875
3239,52.38022232055664,61.39012908935547,0.49182504415512085,0.1696292906999588,0.11027941107749939,0.4123477339744568
3240,53.53656768798828,64.43376159667969,0.4927999973297119,0.16950716078281403,0.10650303214788437,0.4432770311832428
3241,52.55317687988281,61.26939392089844,0.4930875599384308,0.1693899929523468,0.09747597575187683,0.451328307390213
3242,53.545509338378906,64.19247436523438,0.4936250150203705,0.169282004237175,0.08868896216154099,0.43660181760787964
3243,52.90618896484375,62.92634963989258,0.49496254324913025,0.1691967397928238,0.09695524722337723,0.44262123107910156
3244,53.623573303222656,66.30094146728516,0.500212550163269,0.1692003309726715,0.09237781912088394,0.4497918486595154
3245,53.280517578125,64.20134735107422,0.49816250801086426,0.16916923224925995,0.09644182026386261,0.44852888584136963
3246,53.42095184326172,68.32179260253906,0.5027250051498413,0.1692153364419937,0.12462961673736572,0.43359729647636414
3247,54.15546417236328,68.06454467773438,0.5058625340461731,0.16931454837322235,0.10911857336759567,0.45607441663742065
3248,53.127349853515625,63.81544494628906,0.5105500221252441,0.169493168592453,0.09458921104669571,0.4487650692462921
3249,53.627567291259766,66.29724884033203,0.5070750117301941,0.1696130931377411,0.09965046495199203,0.43395835161209106
3250,53.316280364990234,64.91075897216797,0.5091625452041626,0.16976849734783173,0.07446581870317459,0.4439783990383148
3251,53.173851013183594,63.286075592041016,0.5106500387191772,0.16994930803775787,0.08843836188316345,0.44020676612854004
3252,53.21461868286133,64.3522720336914,0.515500009059906,0.17021271586418152,0.07416852563619614,0.4160415828227997
3253,54.763877868652344,67.86204528808594,0.5112250447273254,0.17040377855300903,0.06444549560546875,0.45799127221107483
3254,54.2961540222168,65.47491455078125,0.5076249837875366,0.1705337017774582,0.09627339988946915,0.45830458402633667
3255,53.20290756225586,62.98915481567383,0.5078500509262085,0.17066757380962372,0.07548187673091888,0.4488484263420105
3256,52.651763916015625,62.145538330078125,0.5023500323295593,0.17070767283439636,0.08117092400789261,0.47872334718704224
3257,52.71391296386719,63.660884857177734,0.5092750191688538,0.170865997672081,0.07171311229467392,0.4508654773235321
3258,53.78525924682617,66.31027221679688,0.49931252002716064,0.17085425555706024,0.08303655683994293,0.44453737139701843
3259,52.7004508972168,62.852657318115234,0.49832504987716675,0.17082564532756805,0.07357808202505112,0.4470675587654114
3260,52.855369567871094,63.324703216552734,0.49313753843307495,0.17070841789245605,0.10385289788246155,0.4317903518676758
3261,54.66245651245117,70.10845947265625,0.49240002036094666,0.17057867348194122,0.06913433969020844,0.44584208726882935
3262,53.39778518676758,64.8975601196289,0.492062509059906,0.17044328153133392,0.08096303045749664,0.4691956639289856
3263,52.87537384033203,62.3477668762207,0.4931125044822693,0.1703258901834488,0.09600688517093658,0.4322575330734253
3264,53.34083938598633,64.03657531738281,0.4937250316143036,0.17021900415420532,0.0935857817530632,0.4240609109401703
3265,52.736595153808594,61.045249938964844,0.4966500401496887,0.17016197741031647,0.07731647789478302,0.4337611198425293
3266,52.461002349853516,60.23249435424805,0.4983125329017639,0.17013326287269592,0.08112476766109467,0.44684234261512756
3267,52.4642333984375,60.77275848388672,0.49506253004074097,0.170049250125885,0.0875403955578804,0.4496341347694397
3268,52.99061584472656,63.44659423828125,0.49908754229545593,0.17003373801708221,0.06877530366182327,0.45558634400367737
3269,52.966285705566406,63.70436096191406,0.5048750042915344,0.1701166182756424,0.09287901967763901,0.45575371384620667
3270,53.33552551269531,65.35633850097656,0.507550060749054,0.17024505138397217,0.10977524518966675,0.45500651001930237
3271,53.35585021972656,66.30211639404297,0.5075875520706177,0.17037422955036163,0.09951507300138474,0.434676855802536
3272,53.58409118652344,65.26974487304688,0.507437527179718,0.1705009490251541,0.10168927162885666,0.4543709456920624
3273,53.51689910888672,66.22039031982422,0.511650025844574,0.1706995815038681,0.09190218150615692,0.44537967443466187
3274,52.64677429199219,64.10066986083984,0.509362518787384,0.17085939645767212,0.07885606586933136,0.459357887506485
3275,53.72341537475586,68.8099594116211,0.510687530040741,0.17104199528694153,0.09469354152679443,0.45793694257736206
3276,53.63775634765625,68.1504898071289,0.5082125663757324,0.17118245363235474,0.07029608637094498,0.46003687381744385
3277,53.89459228515625,67.82087707519531,0.50513756275177,0.17127040028572083,0.07649880647659302,0.471254825592041
3278,53.043495178222656,65.06160736083984,0.5087000131607056,0.1714193969964981,0.09251212328672409,0.4574836194515228
3279,54.591583251953125,70.59117126464844,0.5070000290870667,0.17153939604759216,0.054055072367191315,0.4478675127029419
3280,54.203643798828125,66.80811309814453,0.5100375413894653,0.17171157896518707,0.0757603719830513,0.4821154773235321
3281,53.91284942626953,66.64078521728516,0.5094375014305115,0.17187364399433136,0.0796542838215828,0.43870192766189575
3282,53.629066467285156,62.87502670288086,0.5093125700950623,0.17203369736671448,0.07741131633520126,0.4710328280925751
3283,52.9649658203125,61.6724853515625,0.5053000450134277,0.17212487757205963,0.0665033683180809,0.4484262764453888
3284,53.41880798339844,63.10914993286133,0.504925012588501,0.17220963537693024,0.08778762817382812,0.44588541984558105
3285,52.87696075439453,61.84543991088867,0.5046250224113464,0.17228928208351135,0.05672171339392662,0.4625973105430603
3286,53.406742095947266,64.08403778076172,0.4947625398635864,0.1721990406513214,0.09229850769042969,0.4547411799430847
3287,53.42353820800781,64.223876953125,0.4954625368118286,0.17212089896202087,0.08707454055547714,0.4560602605342865
3288,53.72737503051758,66.10999298095703,0.49000000953674316,0.17194877564907074,0.09829236567020416,0.4426238238811493
3289,53.13121795654297,63.016822814941406,0.4869375228881836,0.17172417044639587,0.07856003195047379,0.4599286615848541
3290,54.00564956665039,67.8299789428711,0.4905000329017639,0.17156103253364563,0.07605455070734024,0.4581091105937958
3291,54.071285247802734,66.7558822631836,0.4863000512123108,0.17132599651813507,0.07852708548307419,0.4411679804325104
3292,52.9643440246582,64.03627014160156,0.4874875247478485,0.17111162841320038,0.08744554221630096,0.4461109936237335
3293,52.7709846496582,63.916404724121094,0.4866875112056732,0.17088383436203003,0.08324608206748962,0.4492453634738922
3294,53.08015823364258,66.14636993408203,0.48456254601478577,0.17062002420425415,0.0766107365489006,0.41748183965682983
3295,52.17415237426758,59.193912506103516,0.4883500337600708,0.17042125761508942,0.08945303410291672,0.4420071840286255
3296,52.94811248779297,63.1308708190918,0.49166253209114075,0.17027917504310608,0.08802739530801773,0.43561798334121704
3297,52.50630187988281,62.14535903930664,0.4919250011444092,0.17014166712760925,0.10356365889310837,0.4328047037124634
3298,52.49368667602539,61.30609130859375,0.4989125430583954,0.1701231747865677,0.08825309574604034,0.4397009015083313
3299,52.84126663208008,61.82410430908203,0.4979500472545624,0.17008830606937408,0.11428575217723846,0.4498337507247925
3300,52.69484329223633,60.30775833129883,0.4994625449180603,0.17007915675640106,0.09154928475618362,0.410013347864151
3301,53.27021026611328,63.49305725097656,0.5020250678062439,0.17011360824108124,0.10492587834596634,0.4183729588985443
3302,54.0623893737793,65.54901885986328,0.5037375092506409,0.1701771765947342,0.11153700947761536,0.4060884118080139
3303,52.93574905395508,63.415584564208984,0.508400022983551,0.17032012343406677,0.09678331762552261,0.4093676507472992
3304,53.381752014160156,63.97016525268555,0.5045250654220581,0.17039719223976135,0.09658139944076538,0.4327884614467621
3305,52.70899200439453,61.535987854003906,0.5031750202178955,0.17045128345489502,0.10122163593769073,0.45515039563179016
3306,53.69194412231445,65.37628173828125,0.5039000511169434,0.17051777243614197,0.09607353806495667,0.4302520155906677
3307,53.00819778442383,62.814857482910156,0.498537540435791,0.17049282789230347,0.09808050096035004,0.44465041160583496
3308,52.446380615234375,60.32582092285156,0.497700035572052,0.17045360803604126,0.08521945774555206,0.43400272727012634
3309,52.52054977416992,61.28239822387695,0.49953752756118774,0.17044572532176971,0.0918436199426651,0.4230712354183197
3310,53.0452766418457,61.86447525024414,0.5021875500679016,0.17048300802707672,0.07356084138154984,0.4571174681186676
3311,52.62025451660156,63.65400695800781,0.5001750588417053,0.1704859882593155,0.09432043135166168,0.45771923661231995
3312,53.1912727355957,65.00251770019531,0.4990375339984894,0.17046958208084106,0.09733784198760986,0.4556630551815033
3313,52.49233627319336,64.4065170288086,0.49896255135536194,0.17045189440250397,0.09759309142827988,0.4570062756538391
3314,54.31764221191406,68.71263122558594,0.49912503361701965,0.17043697834014893,0.0917825847864151,0.43672066926956177
3315,53.13740158081055,65.39253234863281,0.5010250210762024,0.1704544574022293,0.09695710986852646,0.453876793384552
3316,53.16212844848633,66.2033462524414,0.49727505445480347,0.17040801048278809,0.08440019935369492,0.4525993764400482
3317,52.83015060424805,63.85916519165039,0.4984625577926636,0.1703818142414093,0.09334154427051544,0.4280947148799896
3318,53.524845123291016,66.45166015625,0.4973125159740448,0.1703360229730606,0.08565857261419296,0.4647398293018341
3319,53.136497497558594,64.38706970214844,0.5036875009536743,0.17039883136749268,0.0985822007060051,0.4442957937717438
3320,52.754783630371094,61.2799072265625,0.5023125410079956,0.1704382449388504,0.08928557485342026,0.428794801235199
3321,54.448509216308594,66.9665298461914,0.5032874941825867,0.17049428820610046,0.0739055648446083,0.451894074678421
3322,53.22661590576172,63.43057632446289,0.5030500292778015,0.170546293258667,0.11910299956798553,0.4406782388687134
3323,53.6317253112793,64.18994903564453,0.49988752603530884,0.17054437100887299,0.07995640486478806,0.43553033471107483
3324,53.296600341796875,62.69377899169922,0.5034500956535339,0.1706032007932663,0.09037075936794281,0.4565472900867462
3325,52.36920928955078,60.39228820800781,0.5071874856948853,0.17072582244873047,0.10127509385347366,0.43842944502830505
3326,53.13200759887695,61.8985481262207,0.5105000138282776,0.17090508341789246,0.10186558961868286,0.47018107771873474
3327,53.24052429199219,64.54388427734375,0.5059875249862671,0.1710074245929718,0.09601175785064697,0.44519633054733276
3328,53.60810852050781,66.06287384033203,0.5077000260353088,0.17113909125328064,0.06369941681623459,0.4507477283477783
3329,53.4371223449707,64.73243713378906,0.5093375444412231,0.17129889130592346,0.08368004113435745,0.4580886662006378
3330,53.04286193847656,64.58782958984375,0.5056250095367432,0.17139525711536407,0.0861983522772789,0.4349982440471649
3331,52.977542877197266,64.37125396728516,0.5056000351905823,0.17149125039577484,0.07109907269477844,0.45138484239578247
3332,53.121707916259766,63.3947639465332,0.5046500563621521,0.17157100141048431,0.05999455228447914,0.47528785467147827
3333,52.536529541015625,62.2412223815918,0.5030750632286072,0.17162376642227173,0.07354351878166199,0.44304168224334717
3334,54.10524368286133,68.37340545654297,0.5017625093460083,0.17165400087833405,0.07906658202409744,0.4554120600223541
3335,51.94881057739258,61.26494598388672,0.5003875494003296,0.1716606467962265,0.07597066462039948,0.4409825801849365
3336,53.14934158325195,65.03252410888672,0.49608752131462097,0.17159348726272583,0.0774620994925499,0.4727253019809723
3337,52.76885986328125,62.2723274230957,0.4929000437259674,0.17147165536880493,0.0786627009510994,0.4514811038970947
3338,53.11444091796875,64.12474060058594,0.4933125376701355,0.17135697603225708,0.08163820207118988,0.45816147327423096
3339,54.06238555908203,68.5623550415039,0.499500036239624,0.17134840786457062,0.07033543288707733,0.4769689440727234
3340,53.33894348144531,63.94080352783203,0.4989500045776367,0.17133040726184845,0.06958958506584167,0.4508860111236572
3341,53.550846099853516,66.44007873535156,0.4962874948978424,0.17126679420471191,0.07666061073541641,0.4635690152645111
3342,52.399330139160156,62.366764068603516,0.4946499764919281,0.17117516696453094,0.07963316887617111,0.46267664432525635
3343,53.588985443115234,65.06400299072266,0.4940125346183777,0.17107267677783966,0.0795142650604248,0.42779678106307983
3344,53.20714569091797,65.05106353759766,0.49852505326271057,0.17104743421077728,0.09106041491031647,0.4601368010044098
3345,52.27610397338867,61.10222625732422,0.49605000019073486,0.17097987234592438,0.09076567739248276,0.44253984093666077
3346,53.39087677001953,64.57551574707031,0.5024250149726868,0.17102132737636566,0.09538377821445465,0.46208399534225464
3347,52.923789978027344,62.34931182861328,0.5036250352859497,0.17108333110809326,0.07982590049505234,0.4552745223045349
3348,53.622657775878906,66.18330383300781,0.5015250444412231,0.1711094230413437,0.0828743651509285,0.4412514567375183
3349,53.36803436279297,65.89450073242188,0.501924991607666,0.1711423695087433,0.08605262637138367,0.43209096789360046
3350,53.04124069213867,64.21229553222656,0.4937000274658203,0.1710345447063446,0.06856352835893631,0.4514008164405823
3351,53.21240997314453,64.72125244140625,0.4965875446796417,0.1709761768579483,0.11060933768749237,0.43978479504585266
3352,53.940650939941406,67.29642486572266,0.49562501907348633,0.1709013730287552,0.1115909144282341,0.44200456142425537
3353,52.92081832885742,64.98995208740234,0.49108755588531494,0.17074905335903168,0.07534193992614746,0.44574689865112305
3354,52.811153411865234,62.636573791503906,0.4887125492095947,0.17055632174015045,0.08619504421949387,0.4499332308769226
3355,52.710105895996094,62.91624450683594,0.4905250370502472,0.17039471864700317,0.09719555079936981,0.45146775245666504
3356,53.45277786254883,64.88134765625,0.49140000343322754,0.17024818062782288,0.07257289439439774,0.4383784234523773
3357,53.026790618896484,62.64624786376953,0.4889875054359436,0.17006069421768188,0.08747809380292892,0.43309012055397034
3358,53.33998107910156,63.596412658691406,0.4904000461101532,0.1698974370956421,0.09109941869974136,0.45023608207702637
3359,52.80144119262695,61.83995819091797,0.49352505803108215,0.1697874367237091,0.10247792303562164,0.43034225702285767
3360,53.164310455322266,62.880550384521484,0.4929500222206116,0.16966773569583893,0.09372710436582565,0.46263983845710754
3361,53.4136962890625,64.9253158569336,0.49742501974105835,0.16962404549121857,0.09725546836853027,0.43719029426574707
3362,52.21481704711914,59.98969268798828,0.5022125244140625,0.16966158151626587,0.09266077727079391,0.4619492292404175
3363,52.39756393432617,59.60857009887695,0.5021750330924988,0.16969849169254303,0.10011563450098038,0.4555031359195709
3364,53.368003845214844,65.41130828857422,0.5002999901771545,0.16970358788967133,0.07595265656709671,0.44290271401405334
3365,52.99988555908203,64.58006286621094,0.5012000203132629,0.16972395777702332,0.08170584589242935,0.4284910559654236
3366,53.58153533935547,66.90038299560547,0.5056750178337097,0.16982027888298035,0.0893438309431076,0.43967556953430176
3367,54.124935150146484,68.61559295654297,0.5021750330924988,0.1698572188615799,0.08411635458469391,0.4294394850730896
3368,53.2342414855957,66.79276275634766,0.5054250359535217,0.16994936764240265,0.07124834507703781,0.43380606174468994
3369,53.37898635864258,67.52117156982422,0.5069125294685364,0.17006684839725494,0.06172565743327141,0.45107564330101013
3370,53.23244094848633,65.9237289428711,0.5031499862670898,0.17012041807174683,0.07408041507005692,0.44819286465644836
3371,53.88785934448242,67.55449676513672,0.505512535572052,0.1702141910791397,0.05989626422524452,0.442066490650177
3372,53.53705978393555,65.89678955078125,0.5026000142097473,0.17025844752788544,0.07846486568450928,0.4354577660560608
3373,52.933109283447266,63.94312286376953,0.49681252241134644,0.17020417749881744,0.07708685845136642,0.4293084740638733
3374,52.6003303527832,62.17571258544922,0.497112512588501,0.17015503346920013,0.0889173373579979,0.45796725153923035
3375,53.22861862182617,65.62277221679688,0.4961000382900238,0.17008867859840393,0.08286327868700027,0.4497423470020294
3376,54.137691497802734,68.33409118652344,0.4958000183105469,0.17001724243164062,0.08622701466083527,0.44080236554145813
3377,53.32979965209961,64.59172058105469,0.4895000159740448,0.16983872652053833,0.10140389204025269,0.42824414372444153
3378,52.38484191894531,60.20222473144531,0.4933375418186188,0.16972556710243225,0.0886816754937172,0.44501498341560364
3379,54.286312103271484,67.4663314819336,0.4920250475406647,0.16959020495414734,0.07738025486469269,0.4397513270378113
3380,53.214500427246094,61.61943435668945,0.48903754353523254,0.1694042980670929,0.10323797911405563,0.42834576964378357
3381,53.026126861572266,62.475093841552734,0.4951375424861908,0.1693219244480133,0.09145808964967728,0.43215879797935486
3382,52.79572677612305,62.36383056640625,0.5014500617980957,0.16934646666049957,0.08700381219387054,0.45264652371406555
3383,52.595001220703125,60.61858367919922,0.5009875297546387,0.16936318576335907,0.0912495031952858,0.45468494296073914
3384,52.848751068115234,62.208106994628906,0.4998375177383423,0.1693604290485382,0.08333288878202438,0.42970308661460876
3385,53.30459976196289,64.60919189453125,0.506587564945221,0.16947199404239655,0.08826185017824173,0.44644293189048767
3386,52.41847229003906,63.281463623046875,0.5031625032424927,0.16952559351921082,0.08688541501760483,0.4247848391532898
3387,53.90700912475586,66.70063018798828,0.5047250390052795,0.16960570216178894,0.08599896728992462,0.4099310338497162
3388,53.994300842285156,66.86641693115234,0.5044500231742859,0.16968117654323578,0.08051034808158875,0.4250801205635071
3389,54.1719970703125,68.51583099365234,0.5110000371932983,0.1698678433895111,0.10621292889118195,0.4378252327442169
3390,53.22005081176758,64.44425964355469,0.5085374712944031,0.17001287639141083,0.10098091512918472,0.45103195309638977
3391,53.539100646972656,65.26029205322266,0.5083000659942627,0.17015399038791656,0.11271300166845322,0.4375916123390198
3392,53.24055862426758,63.81935119628906,0.5066249966621399,0.17026670277118683,0.08905613422393799,0.4388727843761444
3393,52.97388458251953,62.67335891723633,0.5078250169754028,0.17039993405342102,0.09335819631814957,0.4589570164680481
3394,53.79694366455078,65.81929016113281,0.5078250765800476,0.17053326964378357,0.07208509743213654,0.43618443608283997
3395,52.97163391113281,63.47810745239258,0.505887508392334,0.17063367366790771,0.09099333733320236,0.4319525957107544
3396,53.49303436279297,64.7599105834961,0.4999375343322754,0.17063260078430176,0.08933111280202866,0.4397043287754059
3397,52.50764083862305,61.6541633605957,0.5037625432014465,0.17069679498672485,0.08589949458837509,0.44359493255615234
3398,53.73353958129883,65.07026672363281,0.4960000216960907,0.17062851786613464,0.06183474138379097,0.4231787621974945
3399,52.41888427734375,60.85717010498047,0.4924500286579132,0.17049969732761383,0.07070602476596832,0.4435972273349762
3400,53.013118743896484,63.1177864074707,0.4956500232219696,0.17042553424835205,0.07580114901065826,0.45104891061782837
3401,52.629825592041016,63.39560317993164,0.49342504143714905,0.17031347751617432,0.08420092612504959,0.44720733165740967
3402,52.43468475341797,64.2746353149414,0.49918752908706665,0.17029963433742523,0.08541961759328842,0.4789952039718628
3403,53.60652542114258,67.26744079589844,0.4943125247955322,0.17020277678966522,0.057076022028923035,0.4407355487346649
3404,53.265953063964844,66.20719909667969,0.49732503294944763,0.17015725374221802,0.06750067323446274,0.4438801109790802
3405,52.81611633300781,62.937774658203125,0.49870002269744873,0.17013514041900635,0.07133794575929642,0.42829492688179016
3406,53.29264831542969,66.71595001220703,0.5051625370979309,0.17022298276424408,0.07089211791753769,0.45842117071151733
3407,53.962257385253906,68.47830200195312,0.5086750388145447,0.1703706532716751,0.10208946466445923,0.43191754817962646
3408,53.70193862915039,64.92765808105469,0.5069000720977783,0.17048820853233337,0.07214981317520142,0.4199203550815582
3409,53.720218658447266,65.93164825439453,0.5105125904083252,0.17066743969917297,0.0958908200263977,0.46025294065475464
3410,53.60841369628906,64.85842895507812,0.5039125084877014,0.1707342118024826,0.09586980193853378,0.4319556653499603
3411,53.72351837158203,65.9070053100586,0.5061125159263611,0.17083857953548431,0.0837421864271164,0.4454227387905121
3412,53.57704162597656,64.06246185302734,0.5040625333786011,0.17090798914432526,0.09840201586484909,0.4574366807937622
3413,53.50718688964844,64.34003448486328,0.5020999908447266,0.17094388604164124,0.07371292263269424,0.4509485363960266
3414,53.40410232543945,63.47774124145508,0.493987500667572,0.17084111273288727,0.09757161140441895,0.4253278970718384
3415,52.50374984741211,58.62423324584961,0.4920250475406647,0.17070487141609192,0.0945580005645752,0.42155030369758606
3416,53.0028076171875,61.34033203125,0.48772498965263367,0.17049533128738403,0.08390205353498459,0.4275035560131073
3417,52.064083099365234,58.205299377441406,0.49252504110336304,0.17036788165569305,0.09381747990846634,0.4225022792816162
3418,51.951683044433594,58.74200439453125,0.4861000180244446,0.17013107240200043,0.1045469269156456,0.425701767206192
3419,52.43175506591797,61.594871520996094,0.4847625494003296,0.16987183690071106,0.11301685124635696,0.439849853515625
3420,52.96166229248047,62.10639572143555,0.49022501707077026,0.16970577836036682,0.12004950642585754,0.43041250109672546
3421,52.873077392578125,63.615638732910156,0.48881253600120544,0.169515922665596,0.09325717389583588,0.4397960305213928
3422,52.198734283447266,59.93124771118164,0.49242502450942993,0.16938750445842743,0.10493352264165878,0.44011521339416504
3423,53.21670150756836,65.68694305419922,0.4965250492095947,0.16932864487171173,0.12351316213607788,0.44013091921806335
3424,53.16032791137695,65.02664184570312,0.5051000118255615,0.16941499710083008,0.11115473508834839,0.43425801396369934
3425,53.21763229370117,66.71265411376953,0.5046500563621521,0.16949377954006195,0.09421548992395401,0.4368915259838104
3426,52.883541107177734,63.629364013671875,0.5106250047683716,0.1696738749742508,0.08855382353067398,0.43583109974861145
3427,53.7200927734375,67.29867553710938,0.511162519454956,0.1698632836341858,0.09090480953454971,0.4495478868484497
3428,54.072776794433594,69.27037811279297,0.5141000151634216,0.1701027899980545,0.049219973385334015,0.46844545006752014
3429,54.84387969970703,69.62969207763672,0.5157500505447388,0.1703706979751587,0.06813521683216095,0.47336018085479736
3430,53.217735290527344,64.79061126708984,0.5162875652313232,0.17064818739891052,0.07741466909646988,0.4509616494178772
3431,54.43152618408203,67.54869842529297,0.515587568283081,0.1709141880273819,0.05363873392343521,0.46632471680641174
3432,53.170772552490234,63.52465057373047,0.5133000016212463,0.17114150524139404,0.08275789767503738,0.4487640857696533
3433,53.04525375366211,62.37083435058594,0.511400043964386,0.1713366061449051,0.07091403752565384,0.4519837498664856
3434,53.000308990478516,63.57124328613281,0.5072000622749329,0.17145997285842896,0.09645041078329086,0.45872530341148376
3435,52.78575134277344,62.716182708740234,0.5064375400543213,0.17157034575939178,0.08750753104686737,0.4454965889453888
3436,52.82212448120117,61.812171936035156,0.5020125508308411,0.17160487174987793,0.08331279456615448,0.4409946799278259
3437,53.87504959106445,65.5107650756836,0.5020750164985657,0.17164048552513123,0.07444606721401215,0.4308129549026489
3438,53.16619873046875,63.770320892333984,0.4978000223636627,0.17160272598266602,0.078946553170681,0.42363473773002625
3439,53.60865020751953,65.94254302978516,0.4926375448703766,0.17147637903690338,0.08893578499555588,0.44245094060897827
3440,53.52820587158203,66.38665771484375,0.49256253242492676,0.17134883999824524,0.09021831303834915,0.41787663102149963
3441,53.442298889160156,66.68379211425781,0.4890250265598297,0.17116078734397888,0.0873967632651329,0.4661562144756317
3442,52.39930725097656,62.5620002746582,0.4951625168323517,0.17107798159122467,0.0757143422961235,0.4501660466194153
3443,52.486915588378906,62.555057525634766,0.4955500066280365,0.1710018515586853,0.09438326954841614,0.4557146728038788
3444,53.475982666015625,65.75066375732422,0.4932750463485718,0.1708868443965912,0.08254746347665787,0.43326401710510254
3445,53.660255432128906,66.36537170410156,0.4947125315666199,0.1707964837551117,0.060483112931251526,0.4232965409755707
3446,52.59975814819336,63.01060104370117,0.4951375126838684,0.17071343958377838,0.09080582112073898,0.45035305619239807
3447,53.34394073486328,65.10453033447266,0.4945875108242035,0.17062103748321533,0.10097649693489075,0.4381963908672333
3448,52.87417221069336,61.570106506347656,0.4962625503540039,0.17055727541446686,0.09053350985050201,0.4685975909233093
3449,53.86028289794922,66.7741928100586,0.4962250292301178,0.17049288749694824,0.08662099391222,0.4294946789741516
3450,52.98284149169922,63.44200134277344,0.49832504987716675,0.17046433687210083,0.08266346901655197,0.4517652690410614
3451,52.51384353637695,61.96104049682617,0.4871375262737274,0.17024508118629456,0.08990636467933655,0.4133723974227905
3452,52.49691390991211,62.410099029541016,0.49461251497268677,0.17015336453914642,0.09945615381002426,0.4648035168647766
3453,53.31135940551758,65.33413696289062,0.49252501130104065,0.17002616822719574,0.08599963784217834,0.4319501519203186
3454,52.57904052734375,61.3968620300293,0.4960375428199768,0.16995880007743835,0.094428651034832,0.43190592527389526
3455,52.62499237060547,61.537349700927734,0.49127504229545593,0.16981051862239838,0.1027238667011261,0.4368670880794525
3456,52.48295974731445,61.08522033691406,0.495587557554245,0.1697355955839157,0.09453056007623672,0.4303934574127197
3457,52.498779296875,62.263702392578125,0.49783754348754883,0.16969889402389526,0.0933566465973854,0.4160768985748291
3458,53.72738265991211,66.32697296142578,0.49773749709129333,0.16966049373149872,0.10500498861074448,0.44466432929039
3459,52.283782958984375,62.620628356933594,0.5003125071525574,0.16966579854488373,0.0896623283624649,0.4462839961051941
3460,53.584068298339844,66.51677703857422,0.5056625008583069,0.16976186633110046,0.09586505591869354,0.4351448118686676
3461,52.6263313293457,63.05611801147461,0.5049000382423401,0.16984504461288452,0.09724754095077515,0.43415313959121704
3462,53.030643463134766,63.101078033447266,0.5070375204086304,0.16996458172798157,0.08226935565471649,0.43446940183639526
3463,53.30492401123047,63.55073165893555,0.5114500522613525,0.17015919089317322,0.10134325921535492,0.4638304114341736
3464,53.319950103759766,64.6790771484375,0.5130625367164612,0.17038147151470184,0.09200943261384964,0.44421517848968506
3465,53.809104919433594,65.87834167480469,0.5114500522613525,0.1705765575170517,0.06943384557962418,0.4628567695617676
3466,53.385398864746094,64.69525146484375,0.5124625563621521,0.17078913748264313,0.07393492758274078,0.44452914595603943
3467,52.969608306884766,61.83858108520508,0.5068750381469727,0.17090655863285065,0.0828142911195755,0.42477500438690186
3468,53.12518310546875,64.88385772705078,0.5002625584602356,0.17091104388237,0.09619827568531036,0.43695104122161865
3469,52.59211730957031,63.315547943115234,0.5038125514984131,0.1709762066602707,0.07252231240272522,0.44456273317337036
3470,53.15035629272461,64.96463775634766,0.5035125613212585,0.1710362732410431,0.07138165831565857,0.4534795880317688
3471,53.622920989990234,66.38046264648438,0.5010875463485718,0.171054869890213,0.0974724292755127,0.4566611349582672
3472,53.6010856628418,66.66561889648438,0.49695003032684326,0.17100270092487335,0.08617926388978958,0.44915494322776794
3473,52.86013412475586,63.414730072021484,0.49957504868507385,0.17099542915821075,0.06890083849430084,0.43867242336273193
3474,53.87779235839844,68.0811538696289,0.49550002813339233,0.17091847956180573,0.08865992724895477,0.43468210101127625
3475,53.300907135009766,64.57891082763672,0.49761250615119934,0.17087766528129578,0.08240260928869247,0.4365260899066925
3476,53.53281784057617,64.17961883544922,0.4939000606536865,0.1707734316587448,0.08708394318819046,0.4389617145061493
3477,52.856895446777344,60.72695541381836,0.49912503361701965,0.17075848579406738,0.09202602505683899,0.45783233642578125
3478,53.445556640625,61.708824157714844,0.5006000399589539,0.17076872289180756,0.08935462683439255,0.4276212751865387
3479,53.02490234375,61.53656005859375,0.5014375448226929,0.17079328000545502,0.07678155601024628,0.44621920585632324
3480,52.878543853759766,59.55292510986328,0.49771252274513245,0.17075420916080475,0.09445562958717346,0.4421389102935791
3481,52.804168701171875,62.26538848876953,0.497050017118454,0.17070384323596954,0.09749426692724228,0.43224674463272095
3482,53.30522537231445,63.52900695800781,0.49287500977516174,0.17058221995830536,0.07860476523637772,0.43834081292152405
3483,53.46519088745117,64.16558074951172,0.49307501316070557,0.17046409845352173,0.07960841804742813,0.442461758852005
3484,53.01975631713867,64.43366241455078,0.49847501516342163,0.17043811082839966,0.08239497989416122,0.42149075865745544
3485,53.64201736450195,66.41094207763672,0.490075021982193,0.1702689528465271,0.07312464714050293,0.4555191993713379
3486,51.66972732543945,61.62267303466797,0.49412500858306885,0.1701689213514328,0.10147608816623688,0.44963258504867554
3487,53.4670295715332,67.76251220703125,0.4991000294685364,0.17015360295772552,0.07846223562955856,0.4693235754966736
3488,52.75513458251953,64.45369720458984,0.5018000602722168,0.17018422484397888,0.08755098283290863,0.46531838178634644
3489,52.759666442871094,64.14503479003906,0.5037250518798828,0.1702476292848587,0.0715329572558403,0.46222150325775146
3490,53.35413360595703,65.67638397216797,0.5046250224113464,0.170326367020607,0.06933716684579849,0.4752868413925171
3491,53.54536056518555,67.30830383300781,0.5096250772476196,0.1704903095960617,0.08879154175519943,0.4408114552497864
3492,53.20465850830078,65.89995574951172,0.5129250884056091,0.17071066796779633,0.07426594942808151,0.4504649341106415
3493,52.60244369506836,62.373226165771484,0.5143500566482544,0.17095564305782318,0.08510571718215942,0.46680834889411926
3494,53.79432678222656,66.7437515258789,0.5158000588417053,0.17122575640678406,0.08129598200321198,0.4544585645198822
3495,53.05198287963867,63.08645248413086,0.5144250392913818,0.17147275805473328,0.05777237191796303,0.45041900873184204
3496,53.505950927734375,65.131591796875,0.516575038433075,0.17175696790218353,0.06956996023654938,0.4418744146823883
3497,53.532875061035156,64.76143646240234,0.5111375451087952,0.17194826900959015,0.06314406543970108,0.4535861611366272
3498,54.19927978515625,66.72205352783203,0.5092625021934509,0.17210753262043,0.08519252389669418,0.46033111214637756
3499,53.969974517822266,65.53298950195312,0.508025050163269,0.17224565148353577,0.0903640016913414,0.44653111696243286
3500,54.08304977416992,67.83246612548828,0.5084125399589539,0.17239055037498474,0.047885648906230927,0.46363550424575806
3501,52.97745132446289,62.552921295166016,0.504212498664856,0.17246317863464355,0.07524599134922028,0.44679710268974304
3502,52.96657943725586,63.80307388305664,0.49953752756118774,0.17245520651340485,0.06692440062761307,0.42582768201828003
3503,54.106292724609375,66.96932983398438,0.4958375096321106,0.1723834127187729,0.08359543234109879,0.45376259088516235
3504,52.53745651245117,62.12080001831055,0.4942000210285187,0.17228342592716217,0.0824408307671547,0.4674547612667084
3505,52.51571273803711,61.04512023925781,0.4884125292301178,0.1720837950706482,0.07691836357116699,0.4457325339317322
3506,53.45966720581055,63.430633544921875,0.4857875406742096,0.17183922231197357,0.09122054278850555,0.4524163603782654
3507,52.31368637084961,61.46886444091797,0.4865625202655792,0.1716083139181137,0.0976797491312027,0.44048699736595154
3508,53.689029693603516,65.27938079833984,0.48298752307891846,0.17131637036800385,0.11983662843704224,0.4553040564060211
3509,53.20365524291992,63.79747009277344,0.4877375364303589,0.17110629379749298,0.08898114413022995,0.43898701667785645
3510,52.855560302734375,62.75093460083008,0.48510006070137024,0.17085134983062744,0.09230979532003403,0.4317513704299927
3511,52.440757751464844,61.524932861328125,0.4931875467300415,0.1707349568605423,0.09659598767757416,0.45231255888938904
3512,53.360782623291016,65.1958236694336,0.4882625341415405,0.17053456604480743,0.11757516860961914,0.4139283299446106
3513,52.98386001586914,62.40339660644531,0.49195003509521484,0.17039728164672852,0.09976467490196228,0.45407193899154663
3514,53.60322189331055,64.61214447021484,0.4931500554084778,0.1702805608510971,0.12896102666854858,0.4486813545227051
3515,53.8158073425293,65.93673706054688,0.49441254138946533,0.1701854169368744,0.1029619351029396,0.44356295466423035
3516,53.12273406982422,63.47471237182617,0.49912503361701965,0.17017053067684174,0.08938766270875931,0.4576537013053894
3517,52.768619537353516,60.733360290527344,0.497762531042099,0.17013245820999146,0.10522697865962982,0.44335517287254333
3518,52.723365783691406,61.99182891845703,0.5004250407218933,0.17013970017433167,0.10865850001573563,0.43323519825935364
3519,53.260616302490234,63.46517562866211,0.4976625442504883,0.17009992897510529,0.11403888463973999,0.41733118891716003
3520,53.139469146728516,64.52691650390625,0.5032375454902649,0.17015500366687775,0.07138906419277191,0.4473225772380829
3521,53.077301025390625,64.12520599365234,0.5006000399589539,0.17016521096229553,0.08475644886493683,0.43486490845680237
3522,53.681640625,65.7949447631836,0.49836254119873047,0.17013734579086304,0.12043935805559158,0.4496944844722748
3523,53.19976043701172,63.99176788330078,0.5011125206947327,0.17015627026557922,0.09506072849035263,0.4487730860710144
3524,53.672576904296875,66.15673065185547,0.49976253509521484,0.1701522320508957,0.10294032841920853,0.45644882321357727
3525,53.77537536621094,69.07100677490234,0.49956250190734863,0.17014478147029877,0.10009174048900604,0.4408198893070221
3526,52.772125244140625,63.89042282104492,0.4990375339984894,0.17012840509414673,0.09704628586769104,0.4505120515823364
3527,53.54780960083008,65.43395233154297,0.49480000138282776,0.17003993690013885,0.09186339378356934,0.4344719648361206
3528,52.289546966552734,62.342472076416016,0.5017125010490417,0.17006906867027283,0.1301289051771164,0.4495435953140259
3529,53.36565017700195,63.65826416015625,0.502262532711029,0.17010754346847534,0.10043036192655563,0.42815572023391724
3530,52.309226989746094,60.391510009765625,0.4997375011444092,0.17010308802127838,0.08880284428596497,0.4387661814689636
3531,53.8475227355957,66.11539459228516,0.5009250044822693,0.17011882364749908,0.11246408522129059,0.4184681475162506
3532,53.868892669677734,65.82919311523438,0.49796250462532043,0.1700841635465622,0.11963837593793869,0.4198296368122101
3533,52.50731658935547,60.30030059814453,0.5032374858856201,0.17013923823833466,0.09995526820421219,0.46094584465026855
3534,52.917869567871094,63.794490814208984,0.5017750263214111,0.17016944289207458,0.08131093531847,0.4467019736766815
3535,53.73035430908203,65.39908599853516,0.49761253595352173,0.17012880742549896,0.08294504135847092,0.4521369934082031
3536,53.51942443847656,65.97811126708984,0.4980500042438507,0.17009562253952026,0.0844394862651825,0.4282219111919403
3537,52.75057601928711,61.6317253112793,0.5025749802589417,0.17013941705226898,0.06092875078320503,0.4403038024902344
3538,52.796791076660156,63.804378509521484,0.49982503056526184,0.1701364368200302,0.07681410014629364,0.4496358036994934
3539,52.66518783569336,63.00529479980469,0.49396252632141113,0.17003372311592102,0.07430924475193024,0.45615288615226746
3540,52.73357009887695,64.68477630615234,0.49693751335144043,0.16998164355754852,0.04959286004304886,0.4275306463241577
3541,53.7476921081543,66.80903625488281,0.497637540102005,0.1699414849281311,0.07148750126361847,0.44143998622894287
3542,53.57803726196289,66.61093139648438,0.49828749895095825,0.16991238296031952,0.08796704560518265,0.4312974512577057
3543,54.049251556396484,67.14176177978516,0.49783751368522644,0.1698756366968155,0.07649793475866318,0.4426872432231903
3544,53.5709342956543,65.4325180053711,0.49998751282691956,0.16987542808055878,0.08580275624990463,0.42636922001838684
3545,53.24018478393555,63.331356048583984,0.5009625554084778,0.16989177465438843,0.09498763084411621,0.42721936106681824
3546,52.93490219116211,64.2697525024414,0.502162516117096,0.16992850601673126,0.10009255260229111,0.43936043977737427
3547,52.719905853271484,61.644046783447266,0.5003625154495239,0.16993466019630432,0.09388090670108795,0.43950966000556946
3548,53.11490249633789,62.09639358520508,0.5013875365257263,0.169958233833313,0.06943859905004501,0.42844057083129883
3549,53.391334533691406,63.329803466796875,0.5011375546455383,0.1699775606393814,0.11478646844625473,0.42319929599761963
3550,53.0965576171875,62.481781005859375,0.5025250315666199,0.1700204759836197,0.09189551323652267,0.4154209494590759
3551,52.97501754760742,62.96459197998047,0.5013250112533569,0.17004302144050598,0.07689255475997925,0.4229762852191925
3552,53.096351623535156,62.90411376953125,0.5001125335693359,0.1700449287891388,0.08242975920438766,0.4194714426994324
3553,52.676979064941406,61.93961715698242,0.4981500506401062,0.17001347243785858,0.09771698713302612,0.4243507981300354
3554,53.08218765258789,62.17710876464844,0.4933375418186188,0.16990019381046295,0.10399380326271057,0.4369369149208069
3555,52.760196685791016,62.178627014160156,0.49313750863075256,0.1697836071252823,0.08311944454908371,0.4262748658657074
3556,52.88140869140625,63.200103759765625,0.4944249987602234,0.16968895494937897,0.088203065097332,0.46359002590179443
3557,53.474308013916016,66.600830078125,0.4942000210285187,0.1695905327796936,0.07757317274808884,0.4207651615142822
3558,52.53276824951172,61.83018112182617,0.4936375021934509,0.16948263347148895,0.08343872427940369,0.4257966876029968
3559,52.08385467529297,61.74885940551758,0.5003000497817993,0.16948772966861725,0.08696681261062622,0.4323374032974243
3560,53.076690673828125,64.92933654785156,0.49467501044273376,0.1693974733352661,0.08498035371303558,0.4175363779067993
3561,53.266292572021484,66.39183807373047,0.4965125322341919,0.1693383902311325,0.08088785409927368,0.4365166127681732
3562,54.249732971191406,69.2629623413086,0.49707502126693726,0.16928885877132416,0.09500735998153687,0.42751482129096985
3563,52.769405364990234,64.24834442138672,0.5000750422477722,0.16929012537002563,0.08484108746051788,0.4462577998638153
3564,53.2440185546875,65.01810455322266,0.5014874935150146,0.16931530833244324,0.1178339347243309,0.44234398007392883
3565,52.8442497253418,61.83810043334961,0.5048125386238098,0.1693967878818512,0.09733425080776215,0.4413142502307892
3566,52.65375900268555,60.62045669555664,0.5040750503540039,0.1694658100605011,0.10450656712055206,0.4632170796394348
3567,53.34794235229492,63.820159912109375,0.5060999989509583,0.16956917941570282,0.12163128703832626,0.41938236355781555
3568,53.32161331176758,64.77781677246094,0.5083250403404236,0.16971035301685333,0.08631842583417892,0.4303761422634125
3569,52.94120407104492,61.98603057861328,0.5074250102043152,0.1698363721370697,0.09744783490896225,0.45250943303108215
3570,53.19697952270508,63.615562438964844,0.507562518119812,0.16996482014656067,0.0851120799779892,0.42347609996795654
3571,53.87606430053711,66.20478820800781,0.5024750232696533,0.1700068861246109,0.08506123721599579,0.4143194854259491
3572,53.16413497924805,63.69995880126953,0.5002375245094299,0.17001092433929443,0.08848949521780014,0.42691200971603394
3573,53.59665298461914,64.8699722290039,0.5020124912261963,0.1700451374053955,0.09419412910938263,0.42137232422828674
3574,52.863582611083984,64.41442108154297,0.5045250058174133,0.17012208700180054,0.07788243889808655,0.44347840547561646
3575,53.71465301513672,66.15357971191406,0.5025375485420227,0.1701652705669403,0.105279341340065,0.46144816279411316
3576,53.279632568359375,64.40077209472656,0.5017750263214111,0.17019547522068024,0.0916801318526268,0.41871377825737
3577,53.45663833618164,65.17155456542969,0.49941253662109375,0.17018547654151917,0.074539415538311,0.410371869802475
3578,53.21186828613281,63.45189666748047,0.49307504296302795,0.17006762325763702,0.10589204728603363,0.4249972105026245
3579,53.91925048828125,66.23902130126953,0.4965750277042389,0.17000937461853027,0.08999072760343552,0.4300396144390106
3580,53.42099380493164,65.17521667480469,0.49355000257492065,0.16989971697330475,0.07987184077501297,0.44863611459732056
3581,53.78538513183594,65.12454986572266,0.48903754353523254,0.16971346735954285,0.10686090588569641,0.42133021354675293
3582,52.993316650390625,63.66585159301758,0.4897250235080719,0.16953907907009125,0.07831592112779617,0.4423287510871887
3583,52.4739875793457,61.36919403076172,0.48776254057884216,0.1693316102027893,0.09174373000860214,0.44620874524116516
3584,52.5631217956543,61.724586486816406,0.48903754353523254,0.16914598643779755,0.0666000172495842,0.44060054421424866
3585,53.393558502197266,64.75497436523438,0.48868751525878906,0.16895464062690735,0.07301715761423111,0.40430137515068054
3586,52.75098419189453,64.13103485107422,0.4910125434398651,0.16880279779434204,0.07378114014863968,0.4403732120990753
3587,53.1085205078125,64.61004638671875,0.4945249855518341,0.1687103807926178,0.08225565403699875,0.4378005564212799
3588,53.85087585449219,67.39058685302734,0.49768751859664917,0.1686713695526123,0.08671818673610687,0.4352453947067261
3589,54.32291030883789,67.52958679199219,0.49498751759529114,0.1685868203639984,0.098025843501091,0.4211362898349762
3590,53.04773712158203,63.793670654296875,0.5034250020980835,0.16864456236362457,0.1048174649477005,0.44903939962387085
3591,54.12250900268555,67.19371032714844,0.5030375123023987,0.16869579255580902,0.09293860197067261,0.42858612537384033
3592,53.518943786621094,63.702884674072266,0.5063000321388245,0.16880206763744354,0.07425275444984436,0.4332050383090973
3593,53.45609664916992,62.96261978149414,0.5089750289916992,0.1689535677433014,0.10226062685251236,0.4455108344554901
3594,53.037479400634766,62.18793487548828,0.5071125030517578,0.16907373070716858,0.08261498063802719,0.43918997049331665
3595,53.5042839050293,64.23892974853516,0.5064125061035156,0.16918215155601501,0.09293258935213089,0.43698129057884216
3596,53.993961334228516,66.9002456665039,0.506850004196167,0.16929803788661957,0.08856753259897232,0.43715301156044006
3597,53.019657135009766,63.17042922973633,0.5020125508308411,0.1693321019411087,0.08557427674531937,0.43696916103363037
3598,53.12129211425781,63.554073333740234,0.49691253900527954,0.1692798137664795,0.10067280381917953,0.44590330123901367
3599,52.502418518066406,62.546085357666016,0.4990375339984894,0.16926351189613342,0.11307343095541,0.43218299746513367
3600,53.223697662353516,64.41094970703125,0.4940750300884247,0.16916322708129883,0.08715471625328064,0.4222472906112671
3601,53.38454055786133,64.7386245727539,0.4982750117778778,0.16913405060768127,0.09463998675346375,0.43674808740615845
3602,53.60610580444336,64.63163757324219,0.4921250343322754,0.16900086402893066,0.09454718977212906,0.43801790475845337
3603,51.652992248535156,60.80215072631836,0.4930625259876251,0.16888362169265747,0.07773340493440628,0.4502009153366089
3604,53.42300033569336,64.47547912597656,0.4907125234603882,0.16872677206993103,0.08234085142612457,0.418659508228302
3605,53.629573822021484,64.90129852294922,0.49178749322891235,0.16858820617198944,0.08410246670246124,0.4275871515274048
3606,52.85539245605469,62.4095458984375,0.4926625192165375,0.1684645116329193,0.10352591425180435,0.43777433037757874
3607,52.680938720703125,62.67862319946289,0.4968375563621521,0.1684112399816513,0.10625171661376953,0.4244612455368042
3608,53.033416748046875,63.69546890258789,0.49217501282691956,0.16827945411205292,0.09479303658008575,0.4344833195209503
3609,53.00552749633789,63.25658416748047,0.49522504210472107,0.1681991070508957,0.09055449068546295,0.44829094409942627
3610,53.720176696777344,67.39864349365234,0.4966500401496887,0.16814276576042175,0.10125672072172165,0.4255322515964508
3611,52.646915435791016,63.69305419921875,0.5005000233650208,0.16815117001533508,0.10736490041017532,0.4446811378002167
3612,53.78631591796875,65.95509338378906,0.4917750060558319,0.16801287233829498,0.08515091240406036,0.4115694761276245
3613,53.82291030883789,66.51612091064453,0.4994250237941742,0.16800320148468018,0.1128455102443695,0.42777949571609497
3614,52.698699951171875,62.61349105834961,0.492000013589859,0.16786879301071167,0.08864539116621017,0.43452903628349304
3615,53.57228469848633,64.02439880371094,0.4960625171661377,0.16780269145965576,0.11006034165620804,0.4287247359752655
3616,53.04403305053711,62.758548736572266,0.4964250326156616,0.16774269938468933,0.11460321396589279,0.4260682463645935
3617,52.38142395019531,60.83479309082031,0.49896255135536194,0.16772529482841492,0.09925205260515213,0.4411047697067261
3618,52.695289611816406,60.41322326660156,0.498787522315979,0.16770495474338531,0.10216803103685379,0.4340389370918274
3619,52.94611358642578,63.24379348754883,0.4972250461578369,0.16765841841697693,0.07945754379034042,0.4301442503929138
3620,52.89879608154297,62.45397186279297,0.4958500266075134,0.16758884489536285,0.10364555567502975,0.45310574769973755
3621,53.89473342895508,66.68211364746094,0.498600035905838,0.16756537556648254,0.09641855210065842,0.440864622592926
3622,53.618072509765625,64.55286407470703,0.500087559223175,0.16756683588027954,0.08349786698818207,0.4314655363559723
3623,53.38496398925781,63.52952194213867,0.5036250352859497,0.16762758791446686,0.08076947927474976,0.4259491264820099
3624,52.85348129272461,62.87668991088867,0.5067625641822815,0.16774095594882965,0.10222548246383667,0.44694066047668457
3625,53.070377349853516,63.26149368286133,0.509600043296814,0.16790199279785156,0.08371947705745697,0.4358412027359009
3626,53.11271667480469,63.7172966003418,0.5087125301361084,0.16804829239845276,0.08463434129953384,0.4479275345802307
3627,52.34138107299805,59.907562255859375,0.5084875226020813,0.16819092631340027,0.10431287437677383,0.405756413936615
3628,52.64611053466797,60.9994010925293,0.5085250735282898,0.16833430528640747,0.10382239520549774,0.43861106038093567
3629,53.524349212646484,65.20487213134766,0.5067874789237976,0.1684485673904419,0.09971852600574493,0.42114022374153137
3630,53.11139678955078,63.44422149658203,0.5070125460624695,0.16856670379638672,0.08829493820667267,0.4145292341709137
3631,53.3248405456543,64.98775482177734,0.5050125122070312,0.16865120828151703,0.08484780043363571,0.4409448504447937
3632,52.36122131347656,62.08561706542969,0.5032375454902649,0.1687058061361313,0.10419526696205139,0.42133191227912903
3633,54.06413650512695,68.1623764038086,0.503600001335144,0.1687665432691574,0.09488608688116074,0.45789337158203125
3634,52.925392150878906,65.52569580078125,0.5102500319480896,0.1689395159482956,0.07650566101074219,0.4364440143108368
3635,53.267539978027344,65.94293212890625,0.5088499784469604,0.16908903419971466,0.07482637465000153,0.444831907749176
3636,53.51814270019531,66.01768493652344,0.5051000118255615,0.16917526721954346,0.0688583105802536,0.4285754859447479
3637,52.30005645751953,60.9793586730957,0.5077250599861145,0.1693059504032135,0.09732019156217575,0.42616307735443115
3638,53.711795806884766,66.14801788330078,0.5078250169754028,0.169438436627388,0.05766148492693901,0.45933881402015686
3639,54.284767150878906,66.29755401611328,0.5046500563621521,0.16951723396778107,0.0619703084230423,0.44807320833206177
3640,53.65024948120117,65.61607360839844,0.5040749907493591,0.16958630084991455,0.07576538622379303,0.45363834500312805
3641,52.78936767578125,62.27788162231445,0.5031750202178955,0.16964013874530792,0.06398611515760422,0.43948662281036377
3642,53.21217727661133,65.4630126953125,0.5037499666213989,0.16970376670360565,0.0822637677192688,0.45401832461357117
3643,52.698974609375,62.40994644165039,0.5025500059127808,0.16974703967571259,0.07408490031957626,0.43196699023246765
3644,53.42189407348633,63.55610275268555,0.5015250444412231,0.1697729229927063,0.08991526067256927,0.4294082224369049
3645,52.86935806274414,63.211605072021484,0.498600035905838,0.1697491556406021,0.08687392622232437,0.420741468667984
3646,52.66025161743164,63.302024841308594,0.5012750625610352,0.16977080702781677,0.10810869187116623,0.4413894712924957
3647,53.31264877319336,64.9310531616211,0.5029250383377075,0.16982047259807587,0.10195290297269821,0.43001243472099304
3648,54.2428092956543,67.84693908691406,0.4970249831676483,0.16976995766162872,0.11734328418970108,0.4337693154811859
3649,53.12175750732422,62.716880798339844,0.49371254444122314,0.169663205742836,0.0928988829255104,0.429669588804245
3650,53.40467071533203,64.92723083496094,0.49826252460479736,0.16963373124599457,0.0871887132525444,0.4226032793521881
3651,53.64079284667969,66.7239761352539,0.5020000338554382,0.16966766119003296,0.09915247559547424,0.41108793020248413
3652,53.994075775146484,65.82569885253906,0.49832504987716675,0.1696392446756363,0.10517363250255585,0.421584814786911
3653,52.88102722167969,61.7354850769043,0.4965749979019165,0.16958114504814148,0.10810026526451111,0.43163859844207764
3654,53.24567794799805,62.416831970214844,0.4943125545978546,0.1694846898317337,0.08653178811073303,0.4260435402393341
3655,53.43635940551758,65.39444732666016,0.4999375343322754,0.16948363184928894,0.1043732687830925,0.4493404030799866
3656,53.164100646972656,63.19290542602539,0.49906253814697266,0.1694677472114563,0.08330412954092026,0.44531628489494324
3657,53.58240509033203,64.13034057617188,0.5013375282287598,0.16949041187763214,0.09223411977291107,0.42601603269577026
3658,52.16440963745117,60.006813049316406,0.5014500021934509,0.1695149838924408,0.08349046111106873,0.4309241473674774
3659,53.23215103149414,62.435482025146484,0.49668753147125244,0.16945883631706238,0.07371152192354202,0.42598313093185425
3660,52.897056579589844,63.231346130371094,0.5020875334739685,0.16949421167373657,0.08966748416423798,0.4285798668861389
3661,53.28013229370117,64.20104217529297,0.5037000179290771,0.16955693066120148,0.08775559812784195,0.42636945843696594
3662,53.349578857421875,65.99999237060547,0.49896255135536194,0.16953933238983154,0.07536926865577698,0.44504889845848083
3663,53.37688064575195,65.61356353759766,0.49707502126693726,0.16948974132537842,0.09258730709552765,0.44764450192451477
3664,52.77555847167969,64.0042724609375,0.4973125159740448,0.16944418847560883,0.0836867243051529,0.4328932762145996
3665,53.30069351196289,66.66387939453125,0.4985625147819519,0.16941982507705688,0.0740044116973877,0.4395063519477844
3666,53.48889923095703,66.81241607666016,0.49601253867149353,0.16935226321220398,0.08192043006420135,0.41907620429992676
3667,53.56535720825195,66.53726959228516,0.49960002303123474,0.16934548318386078,0.08468671143054962,0.438385009765625
3668,53.517234802246094,64.94239807128906,0.5006625056266785,0.16935670375823975,0.09619400650262833,0.4291386604309082
3669,53.36870574951172,63.69163131713867,0.5007500052452087,0.1693693995475769,0.08289952576160431,0.41581085324287415
3670,52.615840911865234,61.050846099853516,0.500587522983551,0.1693793535232544,0.07502875477075577,0.45033231377601624
3671,52.85144805908203,61.411624908447266,0.5027250051498413,0.16942551732063293,0.0522720068693161,0.43013718724250793
3672,52.73217010498047,61.82072830200195,0.5007250308990479,0.16943779587745667,0.06002402678132057,0.44359099864959717
3673,52.573509216308594,61.101375579833984,0.5032874941825867,0.16949349641799927,0.09650582075119019,0.44200757145881653
3674,53.09687805175781,63.31223678588867,0.5024625062942505,0.16953523457050323,0.09214043617248535,0.45203113555908203
3675,53.48175048828125,65.16129302978516,0.499687522649765,0.16952994465827942,0.09961377084255219,0.4503287374973297
3676,52.668758392333984,60.42334747314453,0.49627500772476196,0.1694667935371399,0.09789229184389114,0.42923083901405334
3677,52.44197082519531,60.287845611572266,0.49592503905296326,0.1693977266550064,0.09920705109834671,0.4402938783168793
3678,53.44184875488281,64.93110656738281,0.4939000606536865,0.16929440200328827,0.09309709817171097,0.429006427526474
3679,52.4389762878418,62.01744842529297,0.4984625577926636,0.1692683845758438,0.08381986618041992,0.4473610520362854
3680,53.24589538574219,64.06864166259766,0.4918000102043152,0.16912958025932312,0.10607542842626572,0.4334131181240082
3681,53.047515869140625,63.51054382324219,0.49557504057884216,0.16905474662780762,0.09335747361183167,0.434589147567749
3682,53.281982421875,64.9088363647461,0.49777501821517944,0.16901713609695435,0.08287476748228073,0.43799296021461487
3683,52.58210754394531,62.03268051147461,0.49576249718666077,0.1689455211162567,0.08939968794584274,0.42203447222709656
3684,53.35548400878906,64.87024688720703,0.49332502484321594,0.16883274912834167,0.08045142889022827,0.4348400831222534
3685,53.026493072509766,64.56710815429688,0.49586251378059387,0.16876289248466492,0.09300298243761063,0.43850404024124146
3686,52.691009521484375,64.0517349243164,0.49512502551078796,0.16868062317371368,0.11183308809995651,0.42804768681526184
3687,52.8162841796875,62.5916633605957,0.4972875416278839,0.16863486170768738,0.09891290962696075,0.46535617113113403
3688,53.81866455078125,66.51891326904297,0.49687501788139343,0.16858215630054474,0.07554060965776443,0.46016448736190796
3689,51.963748931884766,60.344722747802734,0.49988752603530884,0.16858026385307312,0.07635488361120224,0.44970232248306274
3690,53.70841598510742,65.49469757080078,0.4991125166416168,0.1685653030872345,0.06810290366411209,0.4456997215747833
3691,52.898685455322266,63.811424255371094,0.5010375380516052,0.16858278214931488,0.07044301927089691,0.4533567428588867
3692,53.297916412353516,64.86170959472656,0.5018750429153442,0.16861438751220703,0.07401905208826065,0.4413549602031708
3693,53.59296417236328,64.76708984375,0.5070499777793884,0.16873325407505035,0.08732979744672775,0.45830002427101135
3694,54.399288177490234,68.06417846679688,0.5021250247955322,0.16876912117004395,0.08345767855644226,0.42632219195365906
3695,52.83982467651367,63.09794235229492,0.5042125582695007,0.1688402146100998,0.08997060358524323,0.43633314967155457
3696,52.395084381103516,63.05381393432617,0.5053125023841858,0.16892990469932556,0.09532565623521805,0.4497480094432831
3697,53.75678253173828,67.54039764404297,0.5021125078201294,0.16896559298038483,0.08726419508457184,0.4273129999637604
3698,53.70550537109375,65.28907012939453,0.5000000596046448,0.16896559298038483,0.08266796916723251,0.4212682247161865
3699,53.89617156982422,68.02631378173828,0.5012375116348267,0.1689864993095398,0.07316481322050095,0.44228410720825195
3700,53.649539947509766,65.48751831054688,0.4984375238418579,0.1689600944519043,0.08930683135986328,0.44288915395736694
3701,53.110923767089844,62.66056442260742,0.5020624995231628,0.1689949333667755,0.0724545493721962,0.45489612221717834
3702,52.17530059814453,58.59941482543945,0.4993624985218048,0.16898415982723236,0.08631382137537003,0.44298255443573
3703,52.874324798583984,60.72954177856445,0.503837525844574,0.16904900968074799,0.07325774431228638,0.43320411443710327
3704,53.291500091552734,63.256900787353516,0.5016000866889954,0.16907605528831482,0.06195579096674919,0.42825010418891907
3705,53.70380783081055,64.6474380493164,0.5028125643730164,0.1691236048936844,0.07000762224197388,0.4204568564891815
3706,52.31155014038086,60.45889663696289,0.5013124942779541,0.16914580762386322,0.07254292815923691,0.42265141010284424
3707,52.58465576171875,62.0135383605957,0.5004125237464905,0.16915278136730194,0.06855440139770508,0.45823588967323303
3708,53.168251037597656,63.811424255371094,0.5024750232696533,0.16919463872909546,0.06582535803318024,0.44765785336494446
3709,53.537376403808594,66.57078552246094,0.5071375370025635,0.1693153977394104,0.07682652771472931,0.4560859799385071
3710,53.597049713134766,66.30171966552734,0.5068375468254089,0.1694311797618866,0.08290433138608932,0.4339538812637329
3711,53.272220611572266,65.77550506591797,0.5067000389099121,0.16954469680786133,0.07995312660932541,0.4251464009284973
3712,52.952857971191406,63.794803619384766,0.5075125098228455,0.16967207193374634,0.0763600617647171,0.43361374735832214
3713,53.432891845703125,66.49654388427734,0.5099875330924988,0.16984152793884277,0.06773508340120316,0.4367484450340271
3714,53.644142150878906,66.19428253173828,0.5078999996185303,0.16997569799423218,0.08036497980356216,0.44376176595687866
3715,53.023616790771484,63.16806411743164,0.5123125314712524,0.17018496990203857,0.07887107133865356,0.42993760108947754
3716,54.407615661621094,68.0533447265625,0.5120875239372253,0.17039068043231964,0.0801626518368721,0.4493764638900757
3717,53.4277458190918,64.9640884399414,0.5144374966621399,0.17063668370246887,0.06783409416675568,0.45565885305404663
3718,53.22209167480469,63.25267028808594,0.5101625323295593,0.17081008851528168,0.09191738814115524,0.43329665064811707
3719,53.39895248413086,63.78287124633789,0.5078625679016113,0.17094439268112183,0.0720406249165535,0.44376182556152344
3720,53.186092376708984,64.95275115966797,0.5082125067710876,0.17108477652072906,0.0670730397105217,0.4524131417274475
3721,53.20573806762695,63.10102462768555,0.5055124759674072,0.17117908596992493,0.09655141085386276,0.4571768343448639
3722,53.454917907714844,63.89903259277344,0.5004749894142151,0.17118720710277557,0.07265250384807587,0.4436194896697998
3723,53.817848205566406,64.8813247680664,0.4980250597000122,0.17115339636802673,0.08390215039253235,0.45040321350097656
3724,53.97571563720703,66.65347290039062,0.4996500611305237,0.1711474061012268,0.07144992053508759,0.44240814447402954
3725,53.55907440185547,64.45689392089844,0.4976625442504883,0.17110739648342133,0.0715777650475502,0.43820658326148987
3726,53.58266067504883,64.07286071777344,0.49137502908706665,0.17095981538295746,0.09551622718572617,0.44455859065055847
3727,52.85859298706055,62.41219711303711,0.4858250319957733,0.17071747779846191,0.09461180120706558,0.4320639669895172
3728,53.43842697143555,63.611473083496094,0.49016252160072327,0.17054952681064606,0.11027025431394577,0.4472581744194031
3729,52.32961654663086,60.528873443603516,0.4885750412940979,0.1703546792268753,0.09296707063913345,0.44486290216445923
3730,53.62864303588867,64.9217300415039,0.4883250296115875,0.17015579342842102,0.10194870084524155,0.44774049520492554
3731,52.61428451538086,60.73212814331055,0.49642500281333923,0.17009496688842773,0.11578862369060516,0.44342684745788574
3732,52.5235595703125,62.55906295776367,0.4935000240802765,0.16998440027236938,0.10892244428396225,0.4333423674106598
3733,53.48088455200195,64.68263244628906,0.493862509727478,0.16988007724285126,0.11177144199609756,0.42475438117980957
3734,52.797019958496094,62.192779541015625,0.4979625344276428,0.16984546184539795,0.10811974108219147,0.4208104610443115
3735,53.2950325012207,63.388248443603516,0.5005125403404236,0.16985416412353516,0.08984588831663132,0.4316982328891754
3736,52.83718490600586,63.75858688354492,0.5020000338554382,0.16988813877105713,0.06862806528806686,0.4286031126976013
3737,53.735599517822266,64.76771545410156,0.4995500147342682,0.16988049447536469,0.10051289200782776,0.4412890374660492
3738,53.211666107177734,62.81322479248047,0.5027125477790833,0.16992656886577606,0.0994296446442604,0.4242240786552429
3739,54.309844970703125,68.86029052734375,0.5052125453948975,0.1700151562690735,0.07274550199508667,0.4407925009727478
3740,53.62873458862305,65.3003921508789,0.5024750232696533,0.1700572371482849,0.0745052695274353,0.44407644867897034
3741,53.2864990234375,64.9388198852539,0.5029250383377075,0.17010699212551117,0.07833952456712723,0.44627663493156433
3742,53.40398406982422,66.26991271972656,0.5029250383377075,0.17015676200389862,0.07672140747308731,0.4266672730445862
3743,53.746726989746094,67.31958770751953,0.504550039768219,0.17023418843746185,0.06295796483755112,0.4554423391819
3744,53.59898376464844,65.02123260498047,0.5024375319480896,0.17027568817138672,0.059067633002996445,0.43568816781044006
3745,53.422874450683594,65.15924072265625,0.5042375326156616,0.17034785449504852,0.08132978528738022,0.44179853796958923
3746,53.1220588684082,64.15806579589844,0.5044124722480774,0.1704230159521103,0.07399629801511765,0.4416217505931854
3747,53.43708419799805,65.47665405273438,0.5065125226974487,0.17053399980068207,0.07917696237564087,0.44974708557128906
3748,52.592315673828125,61.702964782714844,0.5002999901771545,0.17053912580013275,0.07055425643920898,0.44245609641075134
3749,52.1535758972168,61.46609878540039,0.4985625147819519,0.17051461338996887,0.07590194046497345,0.45347994565963745
3750,53.78651809692383,67.75630187988281,0.49697500467300415,0.17046304047107697,0.05952497199177742,0.4539436101913452
3751,53.40353012084961,66.15489196777344,0.49457502365112305,0.17037056386470795,0.06659238785505295,0.44612956047058105
3752,53.684879302978516,66.86621856689453,0.49822500348091125,0.17034032940864563,0.046004846692085266,0.4488728940486908
3753,53.643558502197266,67.27027130126953,0.49650001525878906,0.17028070986270905,0.07844122499227524,0.4353353679180145
3754,53.437355041503906,64.05105590820312,0.49205002188682556,0.17014533281326294,0.11239629238843918,0.44633156061172485
3755,53.313385009765625,64.27241516113281,0.4964500069618225,0.17008492350578308,0.0887751653790474,0.4373842179775238
3756,53.621883392333984,63.793006896972656,0.5002874732017517,0.17008981108665466,0.10186372697353363,0.4478643536567688
3757,53.4556884765625,62.48880386352539,0.4991375505924225,0.17007514834403992,0.09527284651994705,0.4390338659286499
3758,53.78732681274414,63.70945358276367,0.5018125176429749,0.1701059639453888,0.09733275324106216,0.4486846625804901
3759,53.02083206176758,60.26608657836914,0.4994625151157379,0.17009681463241577,0.08966529369354248,0.46577173471450806
3760,53.756229400634766,63.8026008605957,0.4934000074863434,0.16998454928398132,0.0926315039396286,0.44368937611579895
3761,52.8064079284668,60.13738250732422,0.49060001969337463,0.1698247641324997,0.07845491170883179,0.42721378803253174
3762,52.97561264038086,61.388423919677734,0.48903754353523254,0.16963858902454376,0.10990511626005173,0.4484235942363739
3763,51.87834930419922,58.181312561035156,0.4914500415325165,0.16949355602264404,0.0984879657626152,0.43880099058151245
3764,53.744606018066406,65.25981140136719,0.4903125464916229,0.16932936012744904,0.09835975617170334,0.44131267070770264
3765,52.6753044128418,64.0547866821289,0.49207502603530884,0.16919516026973724,0.10013627260923386,0.44761332869529724
3766,52.699066162109375,61.969512939453125,0.4930000305175781,0.16907672584056854,0.10488154739141464,0.42575010657310486
3767,53.02488708496094,64.99771118164062,0.49470004439353943,0.16898711025714874,0.10701993852853775,0.4105375409126282
3768,53.253055572509766,65.3615493774414,0.5000749826431274,0.16898837685585022,0.09418592602014542,0.4236009120941162
3769,53.215797424316406,65.38410186767578,0.5074625611305237,0.16911448538303375,0.0953737422823906,0.44028282165527344
3770,52.859493255615234,64.01387023925781,0.506012499332428,0.16921617090702057,0.08078315854072571,0.44172486662864685
3771,53.741058349609375,66.35031127929688,0.5044750571250916,0.1692918986082077,0.08314540237188339,0.41858595609664917
3772,53.73870849609375,67.84972381591797,0.5034375786781311,0.16935010254383087,0.08165370672941208,0.42836394906044006
3773,53.71666717529297,66.85299682617188,0.5061375498771667,0.16945405304431915,0.09650151431560516,0.43563777208328247
3774,53.365055084228516,63.6375732421875,0.5010125041007996,0.16947120428085327,0.08752582222223282,0.43831929564476013
3775,53.344058990478516,63.185550689697266,0.49957504868507385,0.16946400701999664,0.09566733986139297,0.4425506591796875
3776,53.854915618896484,65.8416748046875,0.5041375160217285,0.1695341318845749,0.07389840483665466,0.44417452812194824
3777,53.875850677490234,65.79631042480469,0.4990125298500061,0.169517382979393,0.10393188893795013,0.43459591269493103
3778,53.18032455444336,63.94898223876953,0.49467501044273376,0.16942711174488068,0.06410931050777435,0.45223772525787354
3779,52.20731735229492,60.70452880859375,0.493987500667572,0.16932524740695953,0.0725945383310318,0.4523693323135376
3780,52.90774154663086,63.56756591796875,0.4962500333786011,0.16926175355911255,0.08169707655906677,0.4434078633785248
3781,53.316253662109375,65.42603302001953,0.4962000250816345,0.1691974401473999,0.08505786210298538,0.4235198199748993
3782,53.28630828857422,64.42957305908203,0.49912503361701965,0.16918262839317322,0.07177580893039703,0.4406284689903259
3783,53.93569564819336,66.68570709228516,0.498725026845932,0.16916105151176453,0.09326082468032837,0.4292517304420471
3784,52.44499969482422,61.73115539550781,0.5022375583648682,0.1691989004611969,0.07482562214136124,0.45730456709861755
3785,53.18988800048828,64.2385025024414,0.5011250376701355,0.16921794414520264,0.07839885354042053,0.42106619477272034
3786,53.48561477661133,64.74982452392578,0.5051875114440918,0.1693057268857956,0.07183846086263657,0.42899301648139954
3787,53.44017791748047,65.00255584716797,0.5058500170707703,0.1694047600030899,0.09834310412406921,0.43124979734420776
3788,53.980384826660156,65.98461151123047,0.5045000314712524,0.16948099434375763,0.07367689162492752,0.44186073541641235
3789,53.453250885009766,64.76473236083984,0.5039500594139099,0.1695479452610016,0.09720391780138016,0.47056689858436584
3790,53.31401824951172,64.76859283447266,0.5023625493049622,0.16958799958229065,0.06816475838422775,0.4394344091415405
3791,53.25117492675781,64.6436538696289,0.5070250034332275,0.16970713436603546,0.078850656747818,0.4295664429664612
3792,53.39521026611328,63.36338806152344,0.5000874996185303,0.16970860958099365,0.05585832521319389,0.46316325664520264
3793,53.07029724121094,62.67871856689453,0.503849983215332,0.16977395117282867,0.06522991508245468,0.4561011791229248
3794,53.73152160644531,65.48236846923828,0.5033750534057617,0.16983124613761902,0.06394662708044052,0.4295318126678467
3795,53.211151123046875,63.22429656982422,0.5036125183105469,0.1698925942182541,0.07156204432249069,0.41922512650489807
3796,53.1063346862793,63.777591705322266,0.5067125558853149,0.1700066328048706,0.08068776875734329,0.47652530670166016
3797,54.23945236206055,66.53034973144531,0.5017874836921692,0.17003701627254486,0.08405084908008575,0.4440106451511383
3798,53.472381591796875,66.1224136352539,0.5068750381469727,0.1701539158821106,0.05087824538350105,0.4477173686027527
3799,53.20320129394531,65.13192749023438,0.49996253848075867,0.17015327513217926,0.0751253142952919,0.44990891218185425
3800,53.42845916748047,65.43840789794922,0.5052125453948975,0.17024198174476624,0.04833868518471718,0.4421396851539612
3801,53.00204086303711,64.40689086914062,0.5013375282287598,0.17026475071907043,0.05792881175875664,0.4600639045238495
3802,53.61056900024414,66.67115020751953,0.49967503547668457,0.17025922238826752,0.08733095228672028,0.43904536962509155
3803,52.58562469482422,63.26486587524414,0.49951252341270447,0.17025092244148254,0.06923430413007736,0.42943477630615234
3804,53.51445770263672,65.53166961669922,0.499562531709671,0.17024347186088562,0.08209826797246933,0.4295476973056793
3805,53.95922088623047,66.47488403320312,0.5000375509262085,0.17024412751197815,0.08310788124799728,0.4423827528953552
3806,53.7997932434082,66.12641906738281,0.5065625309944153,0.17035585641860962,0.10116796940565109,0.4392772316932678
3807,53.03793716430664,62.89510726928711,0.5062375068664551,0.17046210169792175,0.06771771609783173,0.4277370274066925
3808,53.475120544433594,64.12665557861328,0.5059125423431396,0.17056289315223694,0.09014973789453506,0.4511662721633911
3809,53.57140350341797,64.86132049560547,0.5102624893188477,0.17073793709278107,0.09546450525522232,0.4388900101184845
3810,53.969608306884766,65.79071044921875,0.5032000541687012,0.1707925647497177,0.10173965245485306,0.44816508889198303
3811,54.336551666259766,66.47549438476562,0.5049375295639038,0.1708768904209137,0.08479271084070206,0.44549044966697693
3812,53.00680923461914,61.578128814697266,0.5014000535011292,0.17090080678462982,0.08256702125072479,0.42937853932380676
3813,53.67459487915039,62.766849517822266,0.5020250082015991,0.17093542218208313,0.06332133710384369,0.46981823444366455
3814,53.10919952392578,61.453453063964844,0.49650001525878906,0.17087559401988983,0.08865473419427872,0.45682695508003235
3815,54.09780502319336,64.45943450927734,0.4943625032901764,0.1707792580127716,0.075416699051857,0.4553905725479126
3816,53.38158416748047,61.350460052490234,0.49586251378059387,0.17070859670639038,0.0835992768406868,0.43980205059051514
3817,52.552696228027344,60.082542419433594,0.48733755946159363,0.17049244046211243,0.0862189307808876,0.4412100911140442
3818,52.7777214050293,61.32764434814453,0.491875022649765,0.17035391926765442,0.07719948887825012,0.4439108371734619
3819,52.145538330078125,59.71373748779297,0.49025002121925354,0.1701878160238266,0.07694820314645767,0.4298764169216156
3820,53.29833221435547,64.81883239746094,0.49406254291534424,0.17008677124977112,0.08925095200538635,0.4411591589450836
3821,53.58555603027344,65.94953918457031,0.4911000430583954,0.16993539035320282,0.10337568074464798,0.44799813628196716
3822,53.505489349365234,67.04967498779297,0.4927375018596649,0.16981197893619537,0.08448312431573868,0.43689462542533875
3823,53.84543991088867,66.83013153076172,0.49365001916885376,0.1697041392326355,0.10706495493650436,0.4281262755393982
3824,53.572940826416016,65.39907836914062,0.4947875440120697,0.16961568593978882,0.10913699865341187,0.4262220561504364
3825,54.125450134277344,66.98553466796875,0.4942375123500824,0.16951794922351837,0.08515122532844543,0.4296991229057312
3826,52.456565856933594,60.548892974853516,0.49383753538131714,0.1694134771823883,0.0843275636434555,0.42814695835113525
3827,53.10551071166992,62.564449310302734,0.500462532043457,0.16942131519317627,0.07578095048666,0.4241623282432556
3828,53.50601577758789,63.8691291809082,0.5000375509262085,0.1694219559431076,0.0780828595161438,0.44072046875953674
3829,53.490318298339844,64.62271118164062,0.5096125602722168,0.16958482563495636,0.08903089165687561,0.44027653336524963
3830,52.931007385253906,61.13029861450195,0.5087375640869141,0.16973300278186798,0.08589042723178864,0.43862226605415344
3831,53.74150848388672,63.336368560791016,0.5054500102996826,0.1698255091905594,0.08397030085325241,0.44880494475364685
3832,53.11628723144531,61.461570739746094,0.5069625377655029,0.16994376480579376,0.06357452273368835,0.44603949785232544
3833,53.62388229370117,64.27362060546875,0.5054000020027161,0.17003554105758667,0.0978841632604599,0.4521174430847168
3834,52.7763671875,62.41185760498047,0.4983125329017639,0.1700068563222885,0.08982214331626892,0.4414779245853424
3835,52.39462661743164,61.1746940612793,0.49873751401901245,0.16998539865016937,0.08200220763683319,0.4195183515548706
3836,53.0662841796875,64.268310546875,0.49906253814697266,0.16996945440769196,0.08066394180059433,0.42319780588150024
3837,53.19492721557617,65.37845611572266,0.49326252937316895,0.16985493898391724,0.07883623242378235,0.4244493544101715
3838,53.45037841796875,66.8924560546875,0.49348750710487366,0.1697443276643753,0.08301689475774765,0.4310304820537567
3839,53.44376754760742,65.61017608642578,0.49592500925064087,0.16967515647411346,0.07741662859916687,0.45004916191101074
3840,52.78691864013672,63.8131217956543,0.4976000189781189,0.16963444650173187,0.05547485128045082,0.43137410283088684
3841,53.503509521484375,66.76321411132812,0.5031000375747681,0.16968701779842377,0.11174885928630829,0.4459924101829529
3842,53.739715576171875,67.0687026977539,0.5082000494003296,0.16982616484165192,0.08762698620557785,0.42262396216392517
3843,53.040855407714844,63.82373046875,0.5054375529289246,0.1699185073375702,0.10173811763525009,0.4243082106113434
3844,54.121116638183594,65.93218994140625,0.508275032043457,0.17005912959575653,0.07163798063993454,0.45104819536209106
3845,52.8699836730957,62.48788833618164,0.5071750283241272,0.17018115520477295,0.07482653856277466,0.4548168182373047
3846,53.8878173828125,65.42584228515625,0.506587564945221,0.17029325664043427,0.0819142684340477,0.44407105445861816
3847,54.0702018737793,65.09518432617188,0.5062000155448914,0.17039884626865387,0.06004741042852402,0.45117995142936707
3848,53.13456344604492,62.93094253540039,0.5046000480651855,0.1704772412776947,0.06472917646169662,0.4567621946334839
3849,52.67383575439453,61.57002639770508,0.5018375515937805,0.17050856351852417,0.05530087649822235,0.4408577084541321
3850,53.44746017456055,64.76768493652344,0.5014750361442566,0.1705337017774582,0.06763055920600891,0.424154132604599
3851,53.29692459106445,64.77154541015625,0.49943751096725464,0.17052410542964935,0.07929898798465729,0.42310282588005066
3852,53.28900909423828,64.53317260742188,0.49963754415512085,0.1705179214477539,0.0801549106836319,0.4292282164096832
3853,53.99528884887695,67.4911880493164,0.4988125264644623,0.17049767076969147,0.0899563878774643,0.43326684832572937
3854,53.22963333129883,65.23401641845703,0.4939124882221222,0.17039388418197632,0.0812656432390213,0.4315222203731537
3855,53.24570846557617,64.6319808959961,0.49540001153945923,0.17031550407409668,0.07195616513490677,0.4245416522026062
3856,54.553409576416016,68.59831237792969,0.4945875108242035,0.17022331058979034,0.09062274545431137,0.39765411615371704
3857,53.62471389770508,65.35858154296875,0.4972250163555145,0.17017607390880585,0.1188945397734642,0.46252623200416565
3858,53.4588737487793,64.81925964355469,0.49441254138946533,0.1700809895992279,0.08636179566383362,0.44332095980644226
3859,53.23063278198242,61.73566436767578,0.49580004811286926,0.1700095534324646,0.09348375350236893,0.430290549993515
3860,52.94163513183594,61.43701934814453,0.4963499903678894,0.16994749009609222,0.0937238335609436,0.4241008162498474
3861,53.247291564941406,61.30024337768555,0.4956875145435333,0.16987420618534088,0.11413966119289398,0.4534018635749817
3862,52.95655822753906,62.09691619873047,0.4968375563621521,0.16982048749923706,0.09249765425920486,0.44347718358039856
3863,52.707847595214844,61.68981170654297,0.49301254749298096,0.16970182955265045,0.09659181535243988,0.42303594946861267
3864,52.27742385864258,60.14206314086914,0.4907374978065491,0.16954463720321655,0.07432737946510315,0.43947842717170715
3865,53.14900207519531,63.469024658203125,0.49377503991127014,0.16943909227848053,0.09934427589178085,0.43626925349235535
3866,52.90088653564453,62.46965026855469,0.49588754773139954,0.1693693995475769,0.10378122329711914,0.4429941177368164
3867,53.81376647949219,68.44879150390625,0.4921624958515167,0.1692366600036621,0.088898204267025,0.42443156242370605
3868,52.85549545288086,63.95974349975586,0.4931875169277191,0.1691213697195053,0.1051129400730133,0.4346731901168823
3869,53.27714157104492,66.12728881835938,0.4958750307559967,0.16905160248279572,0.09186700731515884,0.4289475977420807
3870,54.000667572021484,68.61787414550781,0.49970003962516785,0.1690465360879898,0.0842425599694252,0.45707714557647705
3871,53.112483978271484,64.06452941894531,0.500950038433075,0.16906259953975677,0.08249177038669586,0.4572191536426544
3872,52.4954833984375,61.17410659790039,0.5010375380516052,0.16908013820648193,0.10311346501111984,0.430570513010025
3873,53.02461242675781,63.32360076904297,0.5004250407218933,0.16908733546733856,0.0881526991724968,0.4340757727622986
3874,53.406734466552734,64.16986846923828,0.5054000616073608,0.16917864978313446,0.09219372272491455,0.42810481786727905
3875,52.4783935546875,60.16752624511719,0.5048625469207764,0.1692609190940857,0.09193390607833862,0.44067469239234924
3876,54.34865951538086,67.1316909790039,0.5105250477790833,0.16943906247615814,0.07152820378541946,0.4377635419368744
3877,53.33465576171875,63.04555130004883,0.5063875317573547,0.16954728960990906,0.09027503430843353,0.44286102056503296
3878,52.78651428222656,62.45268249511719,0.5039250254631042,0.16961385309696198,0.08496115356683731,0.4453749656677246
3879,52.46222686767578,61.77323913574219,0.5055249929428101,0.16970756649971008,0.0730942115187645,0.42364680767059326
3880,52.88538360595703,62.846195220947266,0.5045375227928162,0.1697845607995987,0.08599869161844254,0.43160200119018555
3881,53.069480895996094,64.04479217529297,0.4999750256538391,0.16978412866592407,0.10301151871681213,0.42743709683418274
3882,53.69655990600586,66.58035278320312,0.5066750049591064,0.16989745199680328,0.043173257261514664,0.45265865325927734
3883,53.39009094238281,66.41434478759766,0.5022375583648682,0.1699354648590088,0.05563587322831154,0.43834102153778076
3884,53.104408264160156,64.72288513183594,0.5011250376701355,0.1699545830488205,0.05906786769628525,0.43412020802497864
3885,53.585540771484375,65.89680480957031,0.49966251850128174,0.16994884610176086,0.07622651755809784,0.437928706407547
3886,53.433692932128906,65.06149291992188,0.5003125071525574,0.16995415091514587,0.05699385702610016,0.4448223114013672
3887,53.807987213134766,65.90684509277344,0.5020500421524048,0.16998900473117828,0.08089891076087952,0.4451000392436981
3888,52.71581268310547,61.90188980102539,0.5026624798774719,0.170034259557724,0.06690897047519684,0.42956089973449707
3889,53.80220031738281,66.26142883300781,0.5067375302314758,0.1701488196849823,0.08361263573169708,0.4315938949584961
3890,53.285152435302734,63.5912971496582,0.5051375031471252,0.1702362447977066,0.05137287452816963,0.3976046144962311
3891,53.34789276123047,63.62690734863281,0.5082125663757324,0.17037604749202728,0.0705530047416687,0.4421132802963257
3892,52.815799713134766,60.63615798950195,0.5010875463485718,0.17039456963539124,0.07998829334974289,0.40682506561279297
3893,53.00885009765625,61.82807922363281,0.49892500042915344,0.1703762412071228,0.0856940969824791,0.4192351698875427
3894,52.73001480102539,62.11410140991211,0.49767500162124634,0.17033661901950836,0.10131274163722992,0.4424149990081787
3895,53.194332122802734,63.53685760498047,0.4972500205039978,0.1702897697687149,0.07901035249233246,0.4394392967224121
3896,53.44160079956055,63.384700775146484,0.49055004119873047,0.17012885212898254,0.09906782954931259,0.40554162859916687
3897,52.87382125854492,61.34024429321289,0.4867875277996063,0.16990406811237335,0.05869017913937569,0.4376753866672516
3898,52.263973236083984,58.75349807739258,0.4876125156879425,0.16969360411167145,0.07415267080068588,0.42500388622283936
3899,52.65361022949219,60.19438552856445,0.4864000380039215,0.16946281492710114,0.07840025424957275,0.43152669072151184
3900,53.31370162963867,63.111087799072266,0.4905625283718109,0.16930289566516876,0.06472156941890717,0.4381812810897827
3901,52.82271194458008,63.55400466918945,0.49055004119873047,0.16914290189743042,0.06897493451833725,0.44819122552871704
3902,52.83820724487305,60.65732192993164,0.490012526512146,0.16897396743297577,0.06530299782752991,0.4256238043308258
3903,53.1976432800293,63.249061584472656,0.49227505922317505,0.16884343326091766,0.08531372249126434,0.40524551272392273
3904,53.22407531738281,64.53861999511719,0.4929000437259674,0.16872355341911316,0.08406800031661987,0.42107364535331726
3905,53.00410079956055,64.15042877197266,0.49595004320144653,0.16865521669387817,0.07834866642951965,0.4261314570903778
3906,53.00364303588867,63.91585159301758,0.5035625696182251,0.16871529817581177,0.0738876461982727,0.42289385199546814
3907,53.24079132080078,65.12882232666016,0.5039375424385071,0.16878172755241394,0.0791577696800232,0.40951213240623474
3908,52.423500061035156,62.469966888427734,0.5037375092506409,0.1688448041677475,0.08389300853013992,0.4335077702999115
3909,53.832801818847656,67.9292221069336,0.5099624991416931,0.16901300847530365,0.07587265223264694,0.42226096987724304
3910,53.266727447509766,65.24899291992188,0.5065000057220459,0.1691228747367859,0.08484279364347458,0.41822871565818787
3911,52.673866271972656,62.98310852050781,0.509725034236908,0.16928735375404358,0.08339662849903107,0.4101128578186035
3912,53.55771255493164,66.59947967529297,0.5080749988555908,0.16942405700683594,0.07183334231376648,0.4106646776199341
3913,53.92390823364258,67.39524841308594,0.5114375352859497,0.16961783170700073,0.0750182718038559,0.4361783266067505
3914,53.816585540771484,65.0893783569336,0.5101000666618347,0.1697891503572464,0.06642314046621323,0.442351758480072
3915,53.23566818237305,63.272579193115234,0.5044249892234802,0.16986428201198578,0.07881230860948563,0.43619391322135925
3916,53.52043151855469,63.80458068847656,0.5059124827384949,0.1699647158384323,0.08814313262701035,0.43651676177978516
3917,53.850799560546875,63.96449661254883,0.5034875273704529,0.17002400755882263,0.07777433842420578,0.4350735545158386
3918,53.169410705566406,60.29463195800781,0.502750039100647,0.17007076740264893,0.06712915003299713,0.43281954526901245
3919,54.11333465576172,64.96125030517578,0.4992375075817108,0.17005780339241028,0.10996472090482712,0.4315760135650635
3920,51.973670959472656,58.570072174072266,0.4996500313282013,0.17005185782909393,0.10136014223098755,0.4358776807785034
3921,53.45200729370117,63.567832946777344,0.4973750114440918,0.17000721395015717,0.07273461669683456,0.44586560130119324
3922,53.887115478515625,66.91895294189453,0.4947125315666199,0.16991731524467468,0.09958602488040924,0.43250182271003723
3923,52.1324577331543,60.59270095825195,0.4883875250816345,0.16972000896930695,0.0726502388715744,0.45615819096565247
3924,52.06380844116211,60.971778869628906,0.4891500174999237,0.16953586041927338,0.062283169478178024,0.45760825276374817
3925,53.093971252441406,63.78648376464844,0.4891124963760376,0.16935127973556519,0.08220987021923065,0.4573313295841217
3926,53.801185607910156,67.77176666259766,0.4941125214099884,0.16925157606601715,0.0724298283457756,0.4561723470687866
3927,52.562217712402344,64.1043472290039,0.4981125295162201,0.16921962797641754,0.05268550664186478,0.45860838890075684
3928,52.7651252746582,65.19843292236328,0.49573755264282227,0.16914750635623932,0.06008526682853699,0.42262378334999084
3929,53.28310775756836,67.08396911621094,0.4973125159740448,0.1691020429134369,0.06247660517692566,0.4492463767528534
3930,53.81177520751953,68.0884780883789,0.5044249892234802,0.1691768765449524,0.06856732070446014,0.4598405063152313
3931,53.01905822753906,64.73380279541016,0.5017625093460083,0.1692066788673401,0.07045310735702515,0.43554818630218506
3932,53.38569259643555,64.649169921875,0.5060000419616699,0.16930820047855377,0.06788313388824463,0.4415874183177948
3933,53.40815734863281,63.61063003540039,0.5043250322341919,0.16938142478466034,0.06533273309469223,0.45402440428733826
3934,53.060516357421875,62.76419448852539,0.5114375352859497,0.16957513988018036,0.0525832399725914,0.433842271566391
3935,54.0720100402832,67.05989837646484,0.5085250735282898,0.16971969604492188,0.059700582176446915,0.45321667194366455
3936,52.615966796875,61.02230453491211,0.5070250630378723,0.16983892023563385,0.058232445269823074,0.4422960877418518
3937,52.751224517822266,61.68038558959961,0.508275032043457,0.16997946798801422,0.05527736619114876,0.4486544728279114
3938,53.62137222290039,63.604408264160156,0.5031500458717346,0.17003300786018372,0.0864848792552948,0.44169121980667114
3939,53.57462692260742,63.091373443603516,0.5048499703407288,0.17011547088623047,0.09471053630113602,0.4282035529613495
3940,52.6687126159668,61.19241714477539,0.49807503819465637,0.1700827181339264,0.08916580677032471,0.44090527296066284
3941,53.06178283691406,62.48055648803711,0.500587522983551,0.17009271681308746,0.08962857723236084,0.44042298197746277
3942,52.714630126953125,62.275184631347656,0.4960000216960907,0.17002467811107635,0.11077859997749329,0.4219200909137726
3943,52.82086181640625,63.958709716796875,0.4948500692844391,0.1699371188879013,0.08891217410564423,0.43668270111083984
3944,53.207035064697266,64.90523529052734,0.4967249929904938,0.16988146305084229,0.09343484789133072,0.43608081340789795
3945,53.60792541503906,67.7247085571289,0.4991750419139862,0.16986745595932007,0.10668338090181351,0.4328751564025879
3946,54.09523391723633,68.17101287841797,0.5007750391960144,0.16988061368465424,0.06921471655368805,0.4425313174724579
3947,53.02339172363281,64.89488220214844,0.49586251378059387,0.16981032490730286,0.08268062025308609,0.4417063295841217
3948,52.168914794921875,62.64421844482422,0.5005625486373901,0.1698198765516281,0.09014146775007248,0.4172321557998657
3949,52.93748092651367,61.75701904296875,0.4969750642776489,0.16976851224899292,0.08439081162214279,0.4352077841758728
3950,54.35634231567383,65.88581848144531,0.5009750723838806,0.16978506743907928,0.08825615048408508,0.4423072338104248
3951,52.49443435668945,60.449398040771484,0.4997125267982483,0.1697801947593689,0.07234027236700058,0.44933465123176575
3952,52.922550201416016,61.23735046386719,0.5075125098228455,0.16990774869918823,0.08340111374855042,0.46012255549430847
3953,52.73722457885742,61.52482986450195,0.5065000653266907,0.17001819610595703,0.0813908576965332,0.47149235010147095
3954,54.28376007080078,66.20298767089844,0.5042625069618225,0.1700906753540039,0.09878060221672058,0.4256880581378937
3955,53.412628173828125,64.4462890625,0.5,0.1700906753540039,0.07199946790933609,0.449031263589859
3956,52.692901611328125,61.0794677734375,0.5019750595092773,0.17012427747249603,0.1143202856183052,0.4299651086330414
3957,53.71997833251953,66.92129516601562,0.500575065612793,0.1701340526342392,0.07603286951780319,0.43125060200691223
3958,53.748924255371094,65.89635467529297,0.49650001525878906,0.17007450759410858,0.08277197927236557,0.43633773922920227
3959,52.955299377441406,63.726200103759766,0.4995875358581543,0.17006748914718628,0.09777704626321793,0.4154660403728485
3960,53.21929931640625,65.71463012695312,0.49630001187324524,0.17000456154346466,0.10643050074577332,0.44322457909584045
3961,53.99343490600586,68.27125549316406,0.49807503819465637,0.16997183859348297,0.09252322465181351,0.42787906527519226
3962,53.5297966003418,66.96204376220703,0.4973500669002533,0.16992679238319397,0.09002721309661865,0.41860660910606384
3963,52.28767395019531,62.093231201171875,0.4991375505924225,0.16991212964057922,0.10531019419431686,0.42742717266082764
3964,52.267784118652344,61.01070022583008,0.49726253747940063,0.16986560821533203,0.1092463880777359,0.42314767837524414
3965,53.57844924926758,66.8546371459961,0.5012125372886658,0.16988620162010193,0.09936203807592392,0.4166615307331085
3966,53.847251892089844,65.91991424560547,0.49873751401901245,0.16986475884914398,0.10621505975723267,0.4227447211742401
3967,53.26167297363281,64.9439926147461,0.4976250231266022,0.16982440650463104,0.09597908705472946,0.43393081426620483
3968,52.978145599365234,62.56641387939453,0.5019625425338745,0.16985772550106049,0.10126494616270065,0.4362204074859619
3969,52.976539611816406,61.418636322021484,0.5008875131607056,0.16987279057502747,0.08615092933177948,0.42092612385749817
3970,53.180908203125,62.58303451538086,0.5037250518798828,0.16993607580661774,0.08452104777097702,0.4281255602836609
3971,52.40664291381836,60.384735107421875,0.502875030040741,0.16998493671417236,0.07709479331970215,0.4342864453792572
3972,52.57572555541992,60.734092712402344,0.5049500465393066,0.17006906867027283,0.09918305277824402,0.44957104325294495
3973,52.82896041870117,61.84973907470703,0.5070000290870667,0.17018811404705048,0.07342156022787094,0.4325888156890869
3974,53.495994567871094,65.15921020507812,0.5044625401496887,0.17026405036449432,0.06620173901319504,0.43510839343070984
3975,52.86838912963867,64.85028076171875,0.5062625408172607,0.1703706681728363,0.08394351601600647,0.4483000934123993
3976,53.24274826049805,64.23871612548828,0.5003250241279602,0.17037621140480042,0.09897594898939133,0.4357103109359741
3977,53.77445983886719,67.83219146728516,0.4960625171661377,0.1703091263771057,0.0967315286397934,0.42662513256073
3978,53.57624816894531,67.3691635131836,0.49726253747940063,0.17026250064373016,0.08703801780939102,0.41225698590278625
3979,53.319915771484375,66.88667297363281,0.49943751096725464,0.17025291919708252,0.07101093977689743,0.41074344515800476
3980,53.15150833129883,66.1084213256836,0.4989500343799591,0.1702350378036499,0.10606624186038971,0.42446810007095337
3981,52.28424072265625,61.86210250854492,0.4982750415802002,0.17020566761493683,0.09793206304311752,0.41921907663345337
3982,53.65396499633789,66.53080749511719,0.4999375343322754,0.17020460963249207,0.1007738709449768,0.4334881603717804
3983,54.23630905151367,67.86786651611328,0.4945375323295593,0.17011164128780365,0.09773453325033188,0.393574595451355
3984,51.80274963378906,60.6507453918457,0.4980500340461731,0.17007847130298615,0.08705160766839981,0.4268532991409302
3985,52.21873474121094,60.68699645996094,0.4979000389575958,0.1700427532196045,0.09808126091957092,0.4365207552909851
3986,53.66448211669922,65.10227966308594,0.49688753485679626,0.16998982429504395,0.09361334890127182,0.4285099506378174
3987,53.529903411865234,64.53638458251953,0.49713754653930664,0.16994117200374603,0.10650882124900818,0.42839252948760986
3988,52.802268981933594,60.71221923828125,0.4993000030517578,0.16992928087711334,0.10807628929615021,0.4265282154083252
3989,53.04827880859375,61.34884262084961,0.49691253900527954,0.1698768138885498,0.09085593372583389,0.41870617866516113
3990,53.983245849609375,66.58316802978516,0.5001000165939331,0.1698785126209259,0.1127171516418457,0.44169938564300537
3991,53.72164535522461,64.22268676757812,0.49511250853538513,0.16979548335075378,0.10801481455564499,0.4488809108734131
3992,53.180625915527344,62.72385787963867,0.4896375238895416,0.16961953043937683,0.10198282450437546,0.4350742697715759
3993,52.61005401611328,62.56474304199219,0.49582502245903015,0.16954872012138367,0.09131841361522675,0.41532468795776367
3994,53.263668060302734,63.68996810913086,0.4967750608921051,0.16949403285980225,0.0753941610455513,0.4453250467777252
3995,52.80141067504883,62.68943786621094,0.4966624975204468,0.1694374680519104,0.10363579541444778,0.44319191575050354
3996,52.94895935058594,62.78078079223633,0.49278753995895386,0.16931526362895966,0.09342968463897705,0.42418190836906433
3997,53.674713134765625,67.92804718017578,0.49313753843307495,0.16919907927513123,0.09802202880382538,0.4012235105037689
3998,52.330810546875,60.419403076171875,0.497887521982193,0.16916333138942719,0.08526235073804855,0.4216378331184387
3999,53.95427322387695,67.3082275390625,0.4958500266075134,0.16909313201904297,0.08805519342422485,0.4464144706726074
4000,53.40809631347656,66.00596618652344,0.5045250058174133,0.16916964948177338,0.09076143056154251,0.436358779668808
4001,53.033897399902344,63.132904052734375,0.4980500340461731,0.1691366583108902,0.08870238810777664,0.42744964361190796
4002,52.85084915161133,62.919979095458984,0.5055875778198242,0.16923116147518158,0.07021792978048325,0.4302860498428345
4003,53.754947662353516,67.31117248535156,0.5004125237464905,0.1692381352186203,0.07785556465387344,0.4210916757583618
4004,53.57175064086914,65.68001556396484,0.5049750208854675,0.16932232677936554,0.07550342381000519,0.4582807123661041
4005,53.805816650390625,67.17403411865234,0.5054375529289246,0.16941438615322113,0.07179085910320282,0.4220286011695862
4006,54.07974624633789,67.09280395507812,0.510937511920929,0.16959968209266663,0.07679739594459534,0.4580165445804596
4007,53.44529342651367,65.3126449584961,0.5092750191688538,0.16975697875022888,0.09967581927776337,0.4224313497543335
4008,53.02665710449219,64.7389907836914,0.510574996471405,0.16993649303913116,0.08751814812421799,0.4377315938472748
4009,53.927467346191406,67.39680480957031,0.5096875429153442,0.1701011061668396,0.08097460865974426,0.4422825872898102
4010,53.82149124145508,66.12887573242188,0.5109250545501709,0.17028695344924927,0.08498875796794891,0.4433624744415283
4011,53.1837272644043,65.3147964477539,0.5069125294685364,0.17040467262268066,0.07834984362125397,0.4560965597629547
4012,53.92303466796875,66.79595947265625,0.5066500306129456,0.17051798105239868,0.07066979259252548,0.4239588975906372
4013,53.65745162963867,66.46302032470703,0.5048500299453735,0.17060066759586334,0.0739319697022438,0.4310495853424072
4014,53.371891021728516,63.59387969970703,0.5024750232696533,0.1706428825855255,0.07799987494945526,0.43923771381378174
4015,52.92509078979492,62.12427520751953,0.5041375160217285,0.17071348428726196,0.058219391852617264,0.44995445013046265
4016,52.7171516418457,61.55763244628906,0.49957504868507385,0.17070622742176056,0.07789656519889832,0.44942179322242737
4017,53.504783630371094,64.16798400878906,0.4965500235557556,0.17064733803272247,0.06781411170959473,0.4033816158771515
4018,53.76490020751953,66.53364562988281,0.4974000155925751,0.1706029772758484,0.07506900280714035,0.43187540769577026
4019,53.5888557434082,66.7176513671875,0.4932125508785248,0.170487180352211,0.07058194279670715,0.44702526926994324
4020,53.179622650146484,65.8322982788086,0.4936875104904175,0.17037954926490784,0.0771833285689354,0.4312468469142914
4021,53.262821197509766,66.14695739746094,0.48567500710487366,0.1701354831457138,0.08789987862110138,0.42699915170669556
4022,53.1338005065918,65.05132293701172,0.4917375445365906,0.16999490559101105,0.09844426065683365,0.4151677191257477
4023,53.26829147338867,65.25533294677734,0.49121254682540894,0.16984552145004272,0.08496440201997757,0.39282315969467163
4024,53.94596862792969,66.91315460205078,0.4925750494003296,0.1697194129228592,0.10169573128223419,0.4183749258518219
4025,52.96967697143555,63.160675048828125,0.4957125186920166,0.16964665055274963,0.09145858883857727,0.4169836640357971
4026,53.29148483276367,62.79014587402344,0.4981750547885895,0.16961568593978882,0.08763503283262253,0.4228286147117615
4027,53.11820983886719,62.658416748046875,0.5007625222206116,0.16962862014770508,0.09435439109802246,0.4330979585647583
4028,52.70330810546875,62.603511810302734,0.49838754534721375,0.16960127651691437,0.06935682147741318,0.44961783289909363
4029,52.862274169921875,61.522708892822266,0.500337541103363,0.1696069985628128,0.10013049840927124,0.43404123187065125
4030,53.13100051879883,62.481319427490234,0.5007500052452087,0.16961970925331116,0.09844737499952316,0.4434588849544525
4031,52.883277893066406,61.08340072631836,0.5038750767707825,0.16968543827533722,0.09687501937150955,0.42680180072784424
4032,53.216556549072266,62.987266540527344,0.4999375343322754,0.16968438029289246,0.11013562977313995,0.43638932704925537
4033,52.97682571411133,62.27052307128906,0.4996125102043152,0.16967780888080597,0.10592812299728394,0.41936159133911133
4034,53.78232192993164,66.88761138916016,0.4992625415325165,0.16966529190540314,0.0963386818766594,0.41527488827705383
4035,52.83000946044922,64.53584289550781,0.49803751707077026,0.16963200271129608,0.0905403345823288,0.43198907375335693
4036,53.00446701049805,63.5441780090332,0.49455001950263977,0.16953955590724945,0.07110952585935593,0.43111899495124817
4037,53.36240768432617,64.53870391845703,0.49406251311302185,0.169438898563385,0.1271103173494339,0.4206535518169403
4038,52.74523162841797,63.1336784362793,0.49387502670288086,0.16933511197566986,0.11931389570236206,0.4525623619556427
4039,52.5851936340332,61.87659454345703,0.49471256136894226,0.16924557089805603,0.11094371974468231,0.43787050247192383
4040,52.953948974609375,63.083587646484375,0.4950999915599823,0.16916264593601227,0.07660888135433197,0.4396497905254364
4041,53.34014129638672,64.14533233642578,0.49912503361701965,0.16914784908294678,0.09652248024940491,0.44766858220100403
4042,52.90529251098633,63.91706085205078,0.49982503056526184,0.1691448837518692,0.08647897094488144,0.42227593064308167
4043,53.1945686340332,63.87459945678711,0.5020000338554382,0.16917872428894043,0.10120418667793274,0.4479749798774719
4044,52.81492233276367,61.88368606567383,0.5035625696182251,0.16923898458480835,0.07883535325527191,0.43679705262184143
4045,52.38047409057617,61.26841354370117,0.5014875531196594,0.16926416754722595,0.08149998635053635,0.41145017743110657
4046,53.426700592041016,65.48323059082031,0.5049000382423401,0.16934709250926971,0.08700358122587204,0.4040133059024811
4047,54.34502410888672,68.69754791259766,0.5026125311851501,0.16939134895801544,0.08410737663507462,0.43573781847953796
4048,53.394309997558594,64.21400451660156,0.5040500164031982,0.16945993900299072,0.09068597108125687,0.42235416173934937
4049,53.48536682128906,66.5584716796875,0.5055249929428101,0.16955357789993286,0.08025013655424118,0.4320876896381378
4050,53.4526252746582,64.89511108398438,0.5054000020027161,0.16964514553546906,0.06631560623645782,0.4341137707233429
4051,53.64824295043945,65.92469787597656,0.502512514591217,0.16968777775764465,0.0919741690158844,0.43037253618240356
4052,53.73004913330078,64.42070007324219,0.4994625151157379,0.16967865824699402,0.06791513413190842,0.42300018668174744
4053,52.652069091796875,61.832645416259766,0.4951375424861908,0.16959615051746368,0.09096487611532211,0.4381333589553833
4054,53.26161575317383,62.38223648071289,0.4959375262260437,0.16952724754810333,0.07891373336315155,0.42656219005584717
4055,53.03739929199219,62.456787109375,0.4957875609397888,0.16945584118366241,0.09348294138908386,0.44935816526412964
4056,52.960391998291016,63.47171401977539,0.4936000406742096,0.1693473905324936,0.09825165569782257,0.45508503913879395
4057,52.731807708740234,62.15333938598633,0.48887503147125244,0.16915899515151978,0.09734697639942169,0.4200015068054199
4058,52.92057418823242,63.468544006347656,0.4923500120639801,0.1690295785665512,0.08298306912183762,0.4489349126815796
4059,52.85489273071289,63.18207931518555,0.49418753385543823,0.16893132030963898,0.093335822224617,0.43019741773605347
4060,53.5118408203125,65.34833526611328,0.5009250044822693,0.16894695162773132,0.08614477515220642,0.4219639003276825
4061,53.13081359863281,64.57266998291016,0.5046250820159912,0.16902509331703186,0.08785894513130188,0.43775317072868347
4062,53.55382537841797,65.10618591308594,0.5041000843048096,0.16909438371658325,0.09349531680345535,0.4310733377933502
4063,53.004581451416016,63.25021743774414,0.5050375461578369,0.16917957365512848,0.08796264231204987,0.4276830852031708
4064,53.90475082397461,66.95619201660156,0.5077875852584839,0.16931132972240448,0.09240777790546417,0.41405415534973145
4065,53.34405517578125,64.3737564086914,0.50371253490448,0.16937418282032013,0.09382648020982742,0.42801594734191895
4066,54.09389877319336,67.94905853271484,0.5097874999046326,0.1695399433374405,0.08598597347736359,0.4325730800628662
4067,52.916439056396484,63.082298278808594,0.507687509059906,0.16967028379440308,0.07464157044887543,0.435085654258728
4068,53.077945709228516,62.395957946777344,0.5027875304222107,0.16971758008003235,0.07357925176620483,0.44164639711380005
4069,53.11289596557617,63.5282096862793,0.5032750368118286,0.1697731614112854,0.06694789230823517,0.442935973405838
4070,53.318843841552734,64.08650207519531,0.4979625344276428,0.16973857581615448,0.07494206726551056,0.43129444122314453
4071,53.36018371582031,64.6571044921875,0.49883756041526794,0.16971884667873383,0.06623168289661407,0.4542511999607086
4072,52.12091064453125,58.92914962768555,0.4998375475406647,0.16971608996391296,0.06462667882442474,0.44453880190849304
4073,53.07098388671875,62.91286087036133,0.49522504210472107,0.16963505744934082,0.052029967308044434,0.43514350056648254
4074,54.05762481689453,67.81999969482422,0.49707502126693726,0.1695854365825653,0.07374086230993271,0.43351438641548157
4075,53.20335388183594,64.648681640625,0.49506253004074097,0.16950170695781708,0.0619640126824379,0.42272916436195374
4076,53.53957748413086,65.97338104248047,0.5028000473976135,0.16954916715621948,0.041292764246463776,0.45396649837493896
4077,52.991966247558594,63.4054069519043,0.4996750056743622,0.16954365372657776,0.0676996037364006,0.47042569518089294
4078,52.34163284301758,61.655479431152344,0.504562497138977,0.16962100565433502,0.0678606852889061,0.42760396003723145
4079,53.200008392333984,64.305908203125,0.5072875022888184,0.169744610786438,0.08229988813400269,0.434113472700119
4080,52.9431266784668,63.31538772583008,0.5027250647544861,0.1697908639907837,0.0883239358663559,0.4441662132740021
4081,53.671607971191406,66.039306640625,0.5078875422477722,0.169924795627594,0.0926884263753891,0.43506836891174316
4082,53.02698516845703,62.53047180175781,0.5085750222206116,0.17007049918174744,0.0669008195400238,0.45862334966659546
4083,52.97715377807617,62.912654876708984,0.5133125185966492,0.17029689252376556,0.06826188415288925,0.44638317823410034
4084,52.974266052246094,62.522186279296875,0.506475031375885,0.17040716111660004,0.07137418538331985,0.44802966713905334
4085,53.01011657714844,64.4884262084961,0.5100125074386597,0.1705777794122696,0.08509418368339539,0.45220527052879333
4086,53.39995193481445,64.17276763916016,0.5107000470161438,0.17076030373573303,0.051233790814876556,0.4491233825683594
4087,52.89666748046875,62.1660041809082,0.5024999976158142,0.1708029955625534,0.05821719020605087,0.4440070390701294
4088,53.14065933227539,63.70627212524414,0.504800021648407,0.17088499665260315,0.08010438829660416,0.4280526041984558
4089,52.71129608154297,61.767127990722656,0.4934125542640686,0.17077243328094482,0.07053056359291077,0.42927542328834534
4090,52.720882415771484,62.51637268066406,0.4888625144958496,0.17058223485946655,0.06367860734462738,0.44392281770706177
4091,53.3187255859375,63.00959396362305,0.4887000322341919,0.17038947343826294,0.08802640438079834,0.44295310974121094
4092,52.499114990234375,61.25337219238281,0.4871375262737274,0.17017030715942383,0.09179220348596573,0.44224658608436584
4093,52.594425201416016,60.75102615356445,0.48512503504753113,0.16991718113422394,0.10745738446712494,0.4130469858646393
4094,53.94772720336914,64.97576141357422,0.4799875020980835,0.16957713663578033,0.0962262898683548,0.43594056367874146
4095,53.029178619384766,62.36402130126953,0.48598751425743103,0.16933952271938324,0.10587313771247864,0.4203059673309326
4096,53.370567321777344,65.37999725341797,0.4859250485897064,0.16910117864608765,0.08736244589090347,0.4043845236301422
4097,53.52527618408203,63.54541015625,0.48423752188682556,0.1688346266746521,0.11059476435184479,0.42744091153144836
4098,52.9105339050293,61.4391975402832,0.4895375370979309,0.16865798830986023,0.11855650693178177,0.4148184657096863
4099,53.191646575927734,62.954833984375,0.4911750257015228,0.16850914061069489,0.10383720695972443,0.4262758791446686
4100,53.31636047363281,63.221702575683594,0.4908125102519989,0.1683543175458908,0.12489605695009232,0.40520355105400085
4101,53.54844284057617,63.9213981628418,0.49490001797676086,0.16826845705509186,0.12200425565242767,0.39150071144104004
4102,53.603607177734375,63.45320129394531,0.4949875473976135,0.1681841015815735,0.11253201961517334,0.4079127013683319
4103,53.246307373046875,62.83454513549805,0.49906256794929504,0.1681683361530304,0.11434856057167053,0.4279448688030243
4104,53.14659118652344,62.01506805419922,0.49900001287460327,0.16815151274204254,0.1427876055240631,0.4029207229614258
4105,52.17377471923828,58.27959442138672,0.49738752841949463,0.16810758411884308,0.10662543028593063,0.41087839007377625
4106,52.76626968383789,61.07347869873047,0.50371253490448,0.1681699901819229,0.12145430594682693,0.4276633858680725
4107,52.089576721191406,59.594173431396484,0.4997375011444092,0.16816557943820953,0.09766438603401184,0.41355574131011963
4108,53.731143951416016,67.3286361694336,0.49797502160072327,0.1681315302848816,0.09875214099884033,0.42939990758895874
4109,52.88235855102539,63.73003387451172,0.4970250129699707,0.16808150708675385,0.10552874952554703,0.4272000789642334
4110,52.64421081542969,64.78794860839844,0.5007500052452087,0.16809411346912384,0.10051176697015762,0.4231466054916382
4111,53.474239349365234,65.07626342773438,0.4937250316143036,0.1679886281490326,0.08847689628601074,0.41732487082481384
4112,53.20463943481445,65.24137115478516,0.49746254086494446,0.167945995926857,0.08097343891859055,0.41460707783699036
4113,53.62024688720703,65.61965942382812,0.497700035572052,0.16790737211704254,0.10015609115362167,0.4349301755428314
4114,53.14204788208008,63.511600494384766,0.5011000037193298,0.1679258495569229,0.10010828077793121,0.4388332962989807
4115,53.739601135253906,65.32488250732422,0.5028875470161438,0.1679743379354477,0.06472086906433105,0.42047491669654846
4116,52.91862487792969,60.42466354370117,0.5045375227928162,0.16805054247379303,0.10882532596588135,0.42954307794570923
4117,53.36305236816406,62.69233322143555,0.5092500448226929,0.16820600628852844,0.08834639191627502,0.4397274851799011
4118,52.65830993652344,61.1241455078125,0.506600022315979,0.1683170199394226,0.09316793084144592,0.4365726709365845
4119,53.159786224365234,63.686458587646484,0.5119125247001648,0.16851752996444702,0.09672380238771439,0.42881330847740173
4120,53.61290740966797,64.7960433959961,0.5077375173568726,0.16864793002605438,0.07911594212055206,0.4143596291542053
4121,53.32244110107422,64.03511047363281,0.5073875188827515,0.16877251863479614,0.09332917630672455,0.42191585898399353
4122,53.27289581298828,65.69482421875,0.5033875107765198,0.16882969439029694,0.061892520636320114,0.4376104474067688
4123,54.1515998840332,67.80872344970703,0.5037500262260437,0.1688930094242096,0.07196132838726044,0.44715023040771484
4124,53.37898635864258,65.10057067871094,0.504925012588501,0.16897618770599365,0.07853591442108154,0.4273660182952881
4125,53.60992431640625,66.21114349365234,0.5074000358581543,0.16910123825073242,0.06702302396297455,0.41728675365448
4126,53.762664794921875,66.58552551269531,0.5088125467300415,0.1692502498626709,0.08092649281024933,0.4439378082752228
4127,53.34104919433594,65.8288803100586,0.5092874765396118,0.1694074422121048,0.07007838785648346,0.441483736038208
4128,52.812137603759766,62.84954833984375,0.5117375254631042,0.1696062833070755,0.07846782356500626,0.4227292835712433
4129,53.33133316040039,65.16567993164062,0.507687509059906,0.16973666846752167,0.08135303109884262,0.41150522232055664
4130,53.462345123291016,64.1439208984375,0.505262553691864,0.16982600092887878,0.09629083424806595,0.4395270347595215
4131,52.731632232666016,61.72938537597656,0.5034124851226807,0.16988396644592285,0.049947887659072876,0.4076612591743469
4132,53.66925048828125,64.39881134033203,0.5007374882698059,0.16989649832248688,0.06743025779724121,0.42583927512168884
4133,53.268760681152344,62.81491470336914,0.49742501974105835,0.16985274851322174,0.05694802105426788,0.4170176386833191
4134,53.22281265258789,63.44413375854492,0.4980250597000122,0.1698192059993744,0.04570631682872772,0.43058931827545166
4135,52.857120513916016,63.451045989990234,0.49845004081726074,0.16979289054870605,0.05836748331785202,0.4250433146953583
4136,52.22127151489258,61.78474044799805,0.49505001306533813,0.16970883309841156,0.09335080534219742,0.4282476603984833
4137,53.582576751708984,65.49464416503906,0.4941999912261963,0.169610396027565,0.07573851943016052,0.4320579767227173
4138,53.304710388183594,65.15975952148438,0.48750004172325134,0.16939838230609894,0.0859774649143219,0.44816842675209045
4139,53.17716598510742,64.01271057128906,0.48987501859664917,0.16922686994075775,0.08440213650465012,0.4331763684749603
4140,53.342559814453125,64.99903869628906,0.4953875243663788,0.16914881765842438,0.09740369766950607,0.43075844645500183
4141,53.33943557739258,64.63401794433594,0.49281251430511475,0.16902723908424377,0.07856624573469162,0.4240991771221161
4142,52.82790756225586,61.89931106567383,0.4983750283718109,0.1689997762441635,0.09437613189220428,0.42939695715904236
4143,53.24412155151367,64.41703796386719,0.5013625621795654,0.169022798538208,0.06679713726043701,0.4503733813762665
4144,52.65888214111328,60.80477523803711,0.503125011920929,0.169075608253479,0.09767919033765793,0.4378039836883545
4145,52.900367736816406,61.8410758972168,0.5009250640869141,0.16909125447273254,0.06682635098695755,0.41552451252937317
4146,51.96910095214844,59.596004486083984,0.5067000389099121,0.16920453310012817,0.08368996530771255,0.44838133454322815
4147,52.855865478515625,61.88871765136719,0.5087000131607056,0.1693517416715622,0.06412900239229202,0.44251754879951477
4148,53.61785125732422,66.54763793945312,0.5077250599861145,0.16948255896568298,0.08188554644584656,0.4553295075893402
4149,53.101192474365234,62.77848434448242,0.5091250538825989,0.16963721811771393,0.08275212347507477,0.44087648391723633
4150,52.978458404541016,64.53883361816406,0.5071250200271606,0.16975808143615723,0.07857231795787811,0.44100916385650635
4151,54.14701461791992,68.61325073242188,0.508774995803833,0.16990704834461212,0.08699256181716919,0.45086467266082764
4152,53.91556167602539,66.47698974609375,0.5077375173568726,0.17003852128982544,0.0696604922413826,0.43578892946243286
4153,53.34600830078125,65.16336822509766,0.5065250396728516,0.17014947533607483,0.07866610586643219,0.4613516926765442
4154,52.82038497924805,62.926212310791016,0.5077250599861145,0.17028091847896576,0.08493278175592422,0.4297234117984772
4155,52.87904357910156,62.5678596496582,0.5097750425338745,0.17044736444950104,0.08285748213529587,0.4265426993370056
4156,53.346290588378906,64.27574920654297,0.5101749897003174,0.17062078416347504,0.09099572896957397,0.43812882900238037
4157,52.913936614990234,63.629615783691406,0.5085500478744507,0.1707666665315628,0.06693834811449051,0.41540566086769104
4158,53.47792053222656,63.5594482421875,0.5028000473976135,0.17081448435783386,0.09501240402460098,0.41401660442352295
4159,52.95371627807617,63.16897201538086,0.5006499886512756,0.17082558572292328,0.07642985880374908,0.4134872257709503
4160,53.561492919921875,64.79632568359375,0.4966375231742859,0.170768141746521,0.12010131776332855,0.43716883659362793
4161,53.28070068359375,63.119686126708984,0.49822503328323364,0.1707378327846527,0.08500467240810394,0.46398231387138367
4162,52.89543914794922,61.74600601196289,0.49695003032684326,0.1706857532262802,0.05817096307873726,0.44322851300239563
4163,53.40650939941406,64.29359436035156,0.4997250437736511,0.17068105936050415,0.09079108387231827,0.44121789932250977
4164,53.13911056518555,62.2814826965332,0.49960002303123474,0.17067423462867737,0.06259924918413162,0.4414597451686859
4165,52.56629180908203,59.829166412353516,0.4974000155925751,0.1706298589706421,0.03387608751654625,0.4485323429107666
4166,53.52207565307617,63.59196853637695,0.4991125166416168,0.17061471939086914,0.07614259421825409,0.46355968713760376
4167,52.677677154541016,61.0007209777832,0.49982503056526184,0.17061172425746918,0.08032700419425964,0.43548691272735596
4168,52.67306900024414,60.786643981933594,0.49467501044273376,0.1705208718776703,0.06688813865184784,0.42597082257270813
4169,52.67053985595703,62.68695831298828,0.4938250482082367,0.17041558027267456,0.07639360427856445,0.41219979524612427
4170,53.104427337646484,64.30879974365234,0.4964500367641449,0.17035508155822754,0.06736252456903458,0.4383600652217865
4171,52.89528274536133,63.32442855834961,0.495712548494339,0.1702820509672165,0.057523082941770554,0.40650954842567444
4172,53.23283386230469,64.47647857666016,0.49627500772476196,0.17021861672401428,0.07616236060857773,0.446438729763031
4173,53.92461013793945,67.36453247070312,0.4984000623226166,0.17019139230251312,0.0793754830956459,0.4367212951183319
4174,52.25469970703125,61.208072662353516,0.5000500679016113,0.17019224166870117,0.07935608178377151,0.45256057381629944
4175,53.55440139770508,64.94945526123047,0.5017250180244446,0.17022159695625305,0.06162678822875023,0.4396716356277466
4176,52.68286895751953,63.319488525390625,0.5016250014305115,0.17024925351142883,0.0715942233800888,0.4266752600669861
4177,53.63652420043945,66.39092254638672,0.5039500594139099,0.17031651735305786,0.07674960792064667,0.42175954580307007
4178,52.37710952758789,61.795780181884766,0.5024125576019287,0.1703576147556305,0.06169966980814934,0.4493129849433899
4179,53.849178314208984,65.31295776367188,0.49982503056526184,0.17035463452339172,0.06590312719345093,0.44235238432884216
4180,53.503143310546875,63.70478820800781,0.5024750232696533,0.17039678990840912,0.09390342980623245,0.40140053629875183
4181,52.896244049072266,60.71992111206055,0.5032000541687012,0.1704513132572174,0.0781928300857544,0.4274062514305115
4182,53.5345458984375,64.87140655517578,0.5006250143051147,0.170461967587471,0.06735894829034805,0.4454078674316406
4183,52.639617919921875,59.58968734741211,0.5002625584602356,0.17046643793582916,0.08995067328214645,0.4344196021556854
4184,53.16751480102539,64.01876068115234,0.49271252751350403,0.17034222185611725,0.08358277380466461,0.42755454778671265
4185,53.41613006591797,65.16856384277344,0.4925124943256378,0.1702146828174591,0.09065663814544678,0.44958412647247314
4186,53.268592834472656,64.3307876586914,0.4915250539779663,0.17007042467594147,0.09813041239976883,0.41558390855789185
4187,53.56009292602539,65.9591293334961,0.4931875169277191,0.1699545681476593,0.08939757198095322,0.4093080759048462
4188,53.0751838684082,63.63422393798828,0.49045002460479736,0.1697922646999359,0.09249626845121384,0.40516987442970276
4189,53.26587677001953,63.63969802856445,0.48567500710487366,0.16954904794692993,0.0989372730255127,0.40364471077919006
4190,53.49591827392578,65.26968383789062,0.48645004630088806,0.16931931674480438,0.08642088621854782,0.38235923647880554
4191,53.207366943359375,63.96894836425781,0.48551252484321594,0.16907401382923126,0.09465295076370239,0.4110313355922699
4192,52.405208587646484,61.25967025756836,0.48618751764297485,0.16884048283100128,0.08919913321733475,0.3880113363265991
4193,53.26811981201172,64.92098999023438,0.4905625283718109,0.16868114471435547,0.07799974083900452,0.42795678973197937
4194,54.03708267211914,68.90939331054688,0.4930875599384308,0.1685645431280136,0.09490827471017838,0.41674745082855225
4195,52.62653732299805,62.3340950012207,0.4969625473022461,0.16851334273815155,0.08722398430109024,0.4149477481842041
4196,52.69270706176758,63.2273063659668,0.5030500292778015,0.16856475174427032,0.09366220235824585,0.4234272241592407
4197,52.78178405761719,63.89422607421875,0.5010375380516052,0.1685822308063507,0.0698440745472908,0.42473703622817993
4198,52.95185852050781,63.43775177001953,0.5025625824928284,0.16862544417381287,0.059184733778238297,0.4198243021965027
4199,53.87080764770508,67.28227996826172,0.5081875324249268,0.16876350343227386,0.07508224248886108,0.42021918296813965
4200,53.454124450683594,66.33218383789062,0.5062500238418579,0.1688689887523651,0.08380068093538284,0.4262189269065857
4201,53.63792419433594,67.6654281616211,0.5074000358581543,0.1689939647912979,0.08131340146064758,0.41698312759399414
4202,52.26725387573242,62.46517562866211,0.5101250410079956,0.16916507482528687,0.06159493699669838,0.42888498306274414
4203,54.77972412109375,69.61064910888672,0.5104750394821167,0.1693422794342041,0.08455216884613037,0.42505979537963867
4204,53.63592529296875,65.3426513671875,0.504550039768219,0.1694193333387375,0.05739838257431984,0.43535369634628296
4205,54.08159255981445,67.3254623413086,0.5089250206947327,0.16957055032253265,0.07974420487880707,0.44183579087257385
4206,52.95268630981445,61.78702926635742,0.5043125152587891,0.16964368522167206,0.08650609850883484,0.42142024636268616
4207,53.21352005004883,62.912559509277344,0.5060499906539917,0.16974632441997528,0.06410311907529831,0.4231036901473999
4208,53.17464828491211,62.40080642700195,0.5092250108718872,0.16990290582180023,0.06075679883360863,0.44260647892951965
4209,52.62807083129883,60.880409240722656,0.5006375312805176,0.16991373896598816,0.06111069396138191,0.4264974892139435
4210,52.98115158081055,63.52390670776367,0.501175045967102,0.16993370652198792,0.06501977890729904,0.4279133677482605
4211,53.53294372558594,66.05787658691406,0.4972250163555145,0.1698865443468094,0.04902266338467598,0.44454529881477356
4212,53.20503234863281,64.20051574707031,0.49213752150535583,0.16975297033786774,0.07359947264194489,0.4166339337825775
4213,52.627689361572266,63.99176025390625,0.4979250133037567,0.16971774399280548,0.07747717946767807,0.43208542466163635
4214,51.763397216796875,60.093624114990234,0.4956750273704529,0.1696443408727646,0.05911752209067345,0.44347524642944336
4215,52.8719596862793,65.29425811767578,0.4945625364780426,0.16955208778381348,0.08658374100923538,0.42291945219039917
4216,53.21128463745117,64.6557388305664,0.49080005288124084,0.16939610242843628,0.07424391806125641,0.4210399091243744
4217,52.75152587890625,62.86719512939453,0.4958125352859497,0.16932517290115356,0.04929208755493164,0.44795581698417664
4218,52.84319305419922,62.06345748901367,0.4941125214099884,0.16922548413276672,0.091078020632267,0.44901567697525024
4219,54.151432037353516,69.66272735595703,0.4994875192642212,0.1692168116569519,0.07459648698568344,0.4449443221092224
4220,53.31011962890625,64.1156234741211,0.5012000203132629,0.16923712193965912,0.07110447436571121,0.4296312630176544
4221,53.40830993652344,64.68706512451172,0.5003125071525574,0.16924241185188293,0.0773920789361,0.43044188618659973
4222,52.95540237426758,61.465118408203125,0.5028625130653381,0.16929085552692413,0.09651042520999908,0.43943357467651367
4223,53.58106994628906,64.00682067871094,0.4991375505924225,0.16927625238895416,0.07276356220245361,0.44347047805786133
4224,52.980892181396484,61.463253021240234,0.5010625123977661,0.16929423809051514,0.08845344930887222,0.4281120300292969
4225,52.839725494384766,62.382137298583984,0.5009125471115112,0.16930969059467316,0.07433582097291946,0.430771142244339
4226,52.938602447509766,60.97114944458008,0.49813753366470337,0.16927815973758698,0.08395993709564209,0.41345521807670593
4227,52.71159744262695,61.93229675292969,0.5012000203132629,0.16929848492145538,0.07979587465524673,0.42475834488868713
4228,52.95058822631836,62.16816711425781,0.49998751282691956,0.16929827630519867,0.07553467154502869,0.43093565106391907
4229,52.46989059448242,61.48236846923828,0.4928625226020813,0.16917744278907776,0.09510169178247452,0.40505242347717285
4230,53.25773239135742,64.86254119873047,0.4945625364780426,0.16908544301986694,0.1035778746008873,0.42383477091789246
4231,53.263771057128906,65.6520004272461,0.49701252579689026,0.1690349280834198,0.09592502564191818,0.4228062331676483
4232,54.47213363647461,69.51530456542969,0.5039625763893127,0.16910190880298615,0.10767250508069992,0.41878658533096313
4233,54.247406005859375,70.5260238647461,0.5069625377655029,0.16921965777873993,0.08312898874282837,0.42958012223243713
4234,53.08841323852539,64.80184173583984,0.5053625106811523,0.16931039094924927,0.10520735383033752,0.4480632543563843
4235,53.34041213989258,63.83446502685547,0.5054125785827637,0.16940201818943024,0.09244411438703537,0.42241692543029785
4236,53.36075210571289,64.42117309570312,0.5110750198364258,0.16958962380886078,0.04290129244327545,0.43177732825279236
4237,53.63666915893555,64.81434631347656,0.5104750394821167,0.16976726055145264,0.08237072080373764,0.4381997585296631
4238,54.44857406616211,66.75140380859375,0.5103625059127808,0.1699431836605072,0.0800013616681099,0.43476369976997375
4239,53.193824768066406,63.02661895751953,0.5133750438690186,0.17017048597335815,0.08001827448606491,0.4712173044681549
4240,52.82451629638672,61.444313049316406,0.5101625323295593,0.17034342885017395,0.058407481759786606,0.4283161759376526
4241,53.34433364868164,63.957881927490234,0.5098875164985657,0.170511856675148,0.07857497036457062,0.4464138448238373
4242,53.131568908691406,62.48038864135742,0.5040125250816345,0.17058028280735016,0.081248939037323,0.4436771273612976
4243,52.45979309082031,60.68452453613281,0.503250002861023,0.17063571512699127,0.09467143565416336,0.42932260036468506
4244,52.85014343261719,63.041412353515625,0.503337562084198,0.17069266736507416,0.0697796568274498,0.4481777250766754
4245,53.496822357177734,64.87300872802734,0.49813753366470337,0.1706608682870865,0.06857551634311676,0.4364694058895111
4246,52.90971755981445,64.00597381591797,0.49963754415512085,0.17065468430519104,0.09071379154920578,0.4189244508743286
4247,53.3445930480957,64.54324340820312,0.49342501163482666,0.17054247856140137,0.08008650690317154,0.40908536314964294
4248,53.58802032470703,68.31241607666016,0.49441254138946533,0.1704471856355667,0.07025494426488876,0.4406357705593109
4249,53.42571258544922,67.44597625732422,0.49348750710487366,0.17033618688583374,0.09290335327386856,0.4119175374507904
4250,53.34043502807617,68.04899597167969,0.4934375286102295,0.1702243983745575,0.10218372941017151,0.4347847104072571
4251,53.87823486328125,67.58473205566406,0.4965125024318695,0.1701650321483612,0.06274968385696411,0.4281611740589142
4252,52.485137939453125,60.94743728637695,0.4920000433921814,0.1700288951396942,0.07520142197608948,0.4356793165206909
4253,52.97922134399414,61.354312896728516,0.4982125461101532,0.16999849677085876,0.07764460891485214,0.4446994662284851
4254,53.06924819946289,61.64122772216797,0.49605000019073486,0.1699313521385193,0.08426710963249207,0.435313880443573
4255,53.833343505859375,62.9958610534668,0.497700035572052,0.16989226639270782,0.06841317564249039,0.4617502689361572
4256,52.84495544433594,60.905330657958984,0.500575065612793,0.1699020266532898,0.09467003494501114,0.4380168616771698
4257,52.99785232543945,61.21827697753906,0.49845004081726074,0.16987569630146027,0.06961002200841904,0.4362149238586426
4258,53.13067626953125,61.63923645019531,0.5002500414848328,0.1698799431324005,0.1057414561510086,0.4393353760242462
4259,53.50300216674805,64.95540618896484,0.49796250462532043,0.1698453277349472,0.0794251561164856,0.42768988013267517
4260,53.16645050048828,63.30127716064453,0.5019625425338745,0.16987866163253784,0.07677005231380463,0.44272881746292114
4261,53.3912239074707,63.88967514038086,0.502500057220459,0.1699211299419403,0.0673195943236351,0.4359840452671051
4262,53.501853942871094,67.02236938476562,0.49797502160072327,0.1698867231607437,0.07491374760866165,0.44085270166397095
4263,53.5576171875,67.08120727539062,0.4981500506401062,0.1698552966117859,0.08645645529031754,0.42379501461982727
4264,52.92850875854492,65.10905456542969,0.5015875101089478,0.16988226771354675,0.09604527801275253,0.428809255361557
4265,53.993900299072266,67.98223876953125,0.5011375546455383,0.16990159451961517,0.09560471773147583,0.41798779368400574
4266,52.98316955566406,64.54823303222656,0.5071375370025635,0.1700228601694107,0.09222444891929626,0.4195956289768219
4267,53.40688705444336,64.31488800048828,0.5067500472068787,0.17013761401176453,0.058237697929143906,0.42276832461357117
4268,53.530208587646484,64.47750091552734,0.5042000412940979,0.17020906507968903,0.0624733604490757,0.40865516662597656
4269,52.89360809326172,62.44773864746094,0.504800021648407,0.1702907681465149,0.0882364958524704,0.42121779918670654
4270,53.663124084472656,65.34672546386719,0.5011625289916992,0.17031055688858032,0.08143866807222366,0.4379841387271881
4271,53.62554168701172,65.48780822753906,0.49691253900527954,0.17025797069072723,0.07147060334682465,0.4223015308380127
4272,52.79083251953125,61.05131149291992,0.4953249990940094,0.1701783835887909,0.06858190149068832,0.4197612404823303
4273,53.28681564331055,63.58031463623047,0.4946625530719757,0.1700875461101532,0.06724997609853745,0.4505488872528076
4274,52.89487838745117,64.15113830566406,0.4887625277042389,0.16989640891551971,0.04221269488334656,0.4411543905735016
4275,53.234214782714844,63.7300910949707,0.4879000186920166,0.1696908324956894,0.07772525399923325,0.4271349310874939
4276,53.14999771118164,63.66138458251953,0.4840500056743622,0.16942016780376434,0.08052296936511993,0.42621904611587524
4277,53.04323959350586,64.85294342041016,0.4793250262737274,0.16906988620758057,0.07105093449354172,0.42422473430633545
4278,53.00968551635742,65.00752258300781,0.4816875159740448,0.168760284781456,0.0756644457578659,0.41424092650413513
4279,53.213226318359375,64.18373107910156,0.48186251521110535,0.16845418512821198,0.09412015974521637,0.4114796221256256
4280,53.969783782958984,65.78192138671875,0.49390003085136414,0.1683514267206192,0.08991007506847382,0.39947330951690674
4281,53.059967041015625,62.39885711669922,0.4943750500679016,0.1682567298412323,0.1008991003036499,0.3957933187484741
4282,53.49693298339844,65.31527709960938,0.49500003457069397,0.16817259788513184,0.08475460857152939,0.4157131016254425
4283,52.968727111816406,63.32764434814453,0.499037504196167,0.16815641522407532,0.07723231613636017,0.4332495629787445
4284,52.970794677734375,62.77417755126953,0.5021000504493713,0.16819173097610474,0.10638967156410217,0.3840140402317047
4285,52.68714141845703,61.285762786865234,0.501550018787384,0.16821779310703278,0.10266771912574768,0.42716750502586365
4286,53.07646560668945,61.853816986083984,0.5032250285148621,0.16827203333377838,0.07716255635023117,0.431184321641922
4287,53.22921371459961,63.78103256225586,0.5044375061988831,0.16834668815135956,0.07833731174468994,0.40867653489112854
4288,52.97605895996094,62.930416107177734,0.5015125274658203,0.16837215423583984,0.10025441646575928,0.4067864716053009
4289,53.31801986694336,63.63402557373047,0.5013750791549683,0.16839531064033508,0.10225705802440643,0.4227127730846405
4290,52.879844665527344,63.7265739440918,0.4979500472545624,0.16836079955101013,0.12834198772907257,0.4103046953678131
4291,53.16852951049805,64.11035919189453,0.4988750219345093,0.16834186017513275,0.08676126599311829,0.3960888385772705
4292,53.94806671142578,67.3147964477539,0.5003750324249268,0.16834817826747894,0.07425568252801895,0.4215643107891083
4293,53.15999984741211,65.21128845214844,0.4941999912261963,0.16825053095817566,0.094123475253582,0.42166414856910706
4294,53.73478317260742,66.2726058959961,0.49758753180503845,0.16820994019508362,0.08630996942520142,0.40608254075050354
4295,53.77051544189453,64.78265380859375,0.495587557554245,0.16813571751117706,0.10857535153627396,0.44733962416648865
4296,53.60670471191406,65.43741607666016,0.4944875240325928,0.16804303228855133,0.08832050114870071,0.436874657869339
4297,52.35506820678711,59.96751403808594,0.49506253004074097,0.167960062623024,0.07800223678350449,0.4002395570278168
4298,53.47650146484375,64.72589874267578,0.4952374994754791,0.1678800731897354,0.08882791548967361,0.40865087509155273
4299,52.48564147949219,59.869747161865234,0.49980005621910095,0.1678767204284668,0.0829741358757019,0.4227920174598694
4300,53.1812744140625,63.80988311767578,0.4991125464439392,0.16786181926727295,0.09288109093904495,0.4100193381309509
4301,53.38279342651367,64.55936431884766,0.4961250126361847,0.1677967756986618,0.0955457091331482,0.4122507572174072
4302,52.3510856628418,61.11248779296875,0.49658751487731934,0.16773951053619385,0.08987796306610107,0.423956036567688
4303,53.436527252197266,64.31771087646484,0.49973753094673157,0.16773511469364166,0.07855937629938126,0.41661232709884644
4304,53.307743072509766,63.92447280883789,0.4968000054359436,0.16768144071102142,0.07360442727804184,0.40114736557006836
4305,52.930458068847656,62.207096099853516,0.49761253595352173,0.16764140129089355,0.10525500774383545,0.4349527657032013
4306,53.79344177246094,65.84213256835938,0.4975375235080719,0.1676001250743866,0.08205342292785645,0.40456539392471313
4307,53.530059814453125,65.71406555175781,0.5036749839782715,0.16766172647476196,0.08736652135848999,0.40658995509147644
4308,53.636070251464844,66.8508071899414,0.49986255168914795,0.16765941679477692,0.08237305283546448,0.4257102310657501
4309,53.29289245605469,63.79587936401367,0.49858754873275757,0.1676357388496399,0.09641823172569275,0.4085416793823242
4310,53.124725341796875,62.3590087890625,0.500462532043457,0.1676434874534607,0.0784013420343399,0.42697441577911377
4311,53.25740051269531,64.414306640625,0.49688753485679626,0.16759130358695984,0.07511831820011139,0.39924415946006775
4312,53.0587158203125,64.39866638183594,0.4990500211715698,0.16757537424564362,0.06621338427066803,0.4250508248806
4313,53.057151794433594,64.3563003540039,0.4968000054359436,0.16752174496650696,0.0689602643251419,0.4251824915409088
4314,52.89580154418945,62.8792610168457,0.49896255135536194,0.16750435531139374,0.08422364294528961,0.4284130334854126
4315,53.00872802734375,62.0743293762207,0.4986500144004822,0.16748173534870148,0.05888337269425392,0.4262482225894928
4316,52.67509078979492,60.19980239868164,0.5012500286102295,0.16750268638134003,0.08309774100780487,0.43550556898117065
4317,52.83357620239258,61.045204162597656,0.5007250308990479,0.167514830827713,0.08267604559659958,0.4248789846897125
4318,53.289798736572266,63.37224197387695,0.5068375468254089,0.16762937605381012,0.0898856669664383,0.4393424093723297
4319,53.72837448120117,64.67605590820312,0.5026125311851501,0.16767318546772003,0.08709914237260818,0.4173036217689514
4320,53.839027404785156,66.1690444946289,0.50347501039505,0.16773144900798798,0.06927090883255005,0.4099913537502289
4321,53.774017333984375,65.87113189697266,0.5077375173568726,0.1678612381219864,0.08085239678621292,0.40960296988487244
4322,53.50564956665039,65.17436218261719,0.5030625462532043,0.16791264712810516,0.07872343808412552,0.41909661889076233
4323,52.896812438964844,63.77302551269531,0.5036374926567078,0.16797371208667755,0.076569102704525,0.41301265358924866
4324,52.880226135253906,61.890926361083984,0.5061125159263611,0.16807639598846436,0.08838798105716705,0.41476374864578247
4325,53.791534423828125,65.91967010498047,0.500212550163269,0.16807995736598969,0.0798836275935173,0.39867445826530457
4326,53.12063217163086,64.2098617553711,0.5054375529289246,0.16817134618759155,0.08453074842691422,0.40225955843925476
4327,53.25178146362305,63.70890808105469,0.5033250451087952,0.16822725534439087,0.08012925088405609,0.4231906533241272
4328,54.014381408691406,67.77983093261719,0.501550018787384,0.1682533323764801,0.07367512583732605,0.4213472306728363
4329,54.10715103149414,68.10877227783203,0.5060750246047974,0.1683555394411087,0.09875965118408203,0.4248740077018738
4330,53.09196472167969,64.80787658691406,0.5001875758171082,0.1683586835861206,0.06771665811538696,0.43258753418922424
4331,53.62588882446289,64.38134765625,0.5038750171661377,0.16842393577098846,0.09755799174308777,0.42345187067985535
4332,53.05440139770508,62.76850128173828,0.5039500594139099,0.168490469455719,0.09126365929841995,0.42529603838920593
4333,53.600643157958984,64.33998107910156,0.4977875053882599,0.168453186750412,0.0752238780260086,0.4333184063434601
4334,53.66386795043945,65.54066467285156,0.5021375417709351,0.16848918795585632,0.09003044664859772,0.42894765734672546
4335,52.51749801635742,59.77070617675781,0.5004374980926514,0.16849656403064728,0.09306009113788605,0.4157283306121826
4336,52.61725997924805,61.61086654663086,0.49570003151893616,0.1684241145849228,0.07125627994537354,0.4055202603340149
4337,52.98836898803711,61.31966018676758,0.49547505378723145,0.16834789514541626,0.10154013335704803,0.4112776517868042
4338,52.88548278808594,62.190162658691406,0.49912503361701965,0.16833315789699554,0.10323850065469742,0.40751364827156067
4339,52.90901565551758,62.42890548706055,0.496025025844574,0.16826625168323517,0.0756969302892685,0.40988919138908386
4340,54.05055236816406,66.85523986816406,0.4991750121116638,0.1682523638010025,0.10861034691333771,0.4291189908981323
4341,53.897193908691406,65.2824935913086,0.5012375116348267,0.1682731807231903,0.10319855064153671,0.4287926256656647
4342,54.17227554321289,67.43688201904297,0.49912506341934204,0.1682584583759308,0.1032576635479927,0.4123959541320801
4343,52.92366027832031,62.73080062866211,0.49830004572868347,0.1682298630475998,0.09884054958820343,0.4055878818035126
4344,52.984649658203125,61.86064529418945,0.4919125437736511,0.16809381544589996,0.10840015858411789,0.42404499650001526
4345,52.91484069824219,62.40420913696289,0.4945875108242035,0.16800282895565033,0.08474331349134445,0.42143410444259644
4346,52.92675018310547,64.07513427734375,0.493025004863739,0.1678856462240219,0.08997435122728348,0.4023914337158203
4347,52.76567459106445,62.73008346557617,0.488737553358078,0.16769656538963318,0.07606589049100876,0.4097399115562439
4348,52.442909240722656,61.36930847167969,0.48987501859664917,0.16752676665782928,0.06563690304756165,0.40189382433891296
4349,54.178466796875,68.51948547363281,0.4925125241279602,0.16740132868289948,0.08540886640548706,0.4215424060821533
4350,52.93806838989258,63.798580169677734,0.49371254444122314,0.16729606688022614,0.08613655716180801,0.4249707758426666
4351,53.700286865234375,66.51355743408203,0.49230000376701355,0.16716724634170532,0.09113745391368866,0.4212498366832733
4352,53.27783966064453,66.90258026123047,0.4976375102996826,0.16712774336338043,0.09856199473142624,0.4187901020050049
4353,52.930145263671875,64.47473907470703,0.4985625147819519,0.16710372269153595,0.07837823778390884,0.40573129057884216
4354,52.412845611572266,62.68268585205078,0.5015000700950623,0.167128786444664,0.07332483679056168,0.4141346216201782
4355,53.57789611816406,64.94169616699219,0.49915000796318054,0.16711458563804626,0.09904584288597107,0.43332111835479736
4356,53.21994400024414,64.84558868408203,0.5076375603675842,0.16724222898483276,0.06420797109603882,0.4332062900066376
4357,52.892860412597656,63.45686721801758,0.5081124901771545,0.16737790405750275,0.08942954242229462,0.43558964133262634
4358,54.15684127807617,66.5779800415039,0.5060125589370728,0.167478546500206,0.0948646068572998,0.42103102803230286
4359,52.880184173583984,62.576663970947266,0.5041500329971313,0.1675480455160141,0.07809052616357803,0.42444685101509094
4360,52.94791030883789,62.60101318359375,0.5080375671386719,0.1676827073097229,0.08160534501075745,0.4242873787879944
4361,53.13922882080078,63.584678649902344,0.5064875483512878,0.167791485786438,0.07352995872497559,0.4103199243545532
4362,54.10684585571289,67.64295959472656,0.50347501039505,0.16784979403018951,0.07305555790662766,0.42026954889297485
4363,53.02324676513672,63.863033294677734,0.50433748960495,0.16792260110378265,0.09392186254262924,0.41351938247680664
4364,54.04119110107422,67.31075286865234,0.5000125169754028,0.16792279481887817,0.08663132041692734,0.4185777008533478
4365,52.87553405761719,63.17842483520508,0.4944625198841095,0.16782981157302856,0.09289124608039856,0.4224725365638733
4366,52.46520233154297,60.751529693603516,0.499224990606308,0.16781680285930634,0.09834564477205276,0.39934834837913513
4367,52.5179328918457,63.31924819946289,0.4960375130176544,0.1677502989768982,0.0868857279419899,0.43199893832206726
4368,53.400535583496094,65.3020248413086,0.49293753504753113,0.1676318198442459,0.09299225360155106,0.41624537110328674
4369,53.363868713378906,64.6430892944336,0.5001500248908997,0.16763433814048767,0.07539374381303787,0.40572917461395264
4370,52.91816711425781,63.75693130493164,0.4981124997138977,0.16760268807411194,0.06767743080854416,0.4323360323905945
4371,54.46013641357422,68.12191009521484,0.4949375092983246,0.16751784086227417,0.06648325175046921,0.40508654713630676
4372,52.8168830871582,62.30451965332031,0.4990750253200531,0.16750234365463257,0.07961481809616089,0.42009446024894714
4373,52.664363861083984,60.82010269165039,0.4999625086784363,0.16750171780586243,0.06954427063465118,0.426011323928833
4374,52.22107696533203,60.82217025756836,0.5066750049591064,0.16761352121829987,0.05494176596403122,0.4172864556312561
4375,52.44102096557617,61.48977279663086,0.5071750283241272,0.1677337884902954,0.07722284644842148,0.43073660135269165
4376,53.4217414855957,64.30074310302734,0.5046625137329102,0.16781198978424072,0.08283630013465881,0.4245533347129822
4377,53.6312255859375,65.9621810913086,0.5061250329017639,0.16791477799415588,0.09374549239873886,0.4168541133403778
4378,52.542625427246094,61.70446014404297,0.5086124539375305,0.16805939376354218,0.049847230315208435,0.4304235279560089
4379,53.3338508605957,65.37850952148438,0.5111750364303589,0.16824719309806824,0.06244038790464401,0.42419353127479553
4380,53.33792495727539,65.18196105957031,0.5051125288009644,0.16833321750164032,0.07242920994758606,0.4417180120944977
4381,53.447349548339844,65.67062377929688,0.5074625015258789,0.16845883429050446,0.06631134450435638,0.41865018010139465
4382,53.39724349975586,66.68631744384766,0.5100625157356262,0.16862834990024567,0.06878948956727982,0.4206002950668335
4383,53.80107498168945,66.59148406982422,0.5051750540733337,0.16871561110019684,0.07431244850158691,0.4043390452861786
4384,53.98017501831055,67.889404296875,0.5001250505447388,0.16871772706508636,0.0792388841509819,0.4336160719394684
4385,52.638458251953125,62.415462493896484,0.4972500205039978,0.16867132484912872,0.08377748727798462,0.42057934403419495
4386,54.03748321533203,67.68185424804688,0.4980500042438507,0.1686384230852127,0.0738794133067131,0.4247700572013855
4387,52.375877380371094,60.37382507324219,0.4961625337600708,0.16857370734214783,0.0743689313530922,0.41379570960998535
4388,53.42160415649414,65.5062026977539,0.4972500205039978,0.16852734982967377,0.08927340805530548,0.437512069940567
4389,53.949886322021484,66.20453643798828,0.49853751063346863,0.16850270330905914,0.07659345120191574,0.4219568371772766
4390,53.09519958496094,62.79180908203125,0.5001000165939331,0.16850438714027405,0.0684334859251976,0.43361300230026245
4391,53.65817642211914,64.80156707763672,0.4962875545024872,0.16844183206558228,0.10101084411144257,0.40241748094558716
4392,53.77394485473633,64.14176177978516,0.4915875494480133,0.16830012202262878,0.08372574299573898,0.42264071106910706
4393,52.2326774597168,58.35286331176758,0.49543753266334534,0.1682233363389969,0.07602059096097946,0.4315384030342102
4394,53.100685119628906,62.612430572509766,0.4927375018596649,0.16810116171836853,0.09386146813631058,0.4278861880302429
4395,53.13422393798828,62.90739059448242,0.49141252040863037,0.16795681416988373,0.09312672168016434,0.43065324425697327
4396,53.17836380004883,62.11777114868164,0.4974375367164612,0.1679137796163559,0.09779639542102814,0.4155643880367279
4397,52.55253219604492,60.01268005371094,0.4955125153064728,0.1678384244441986,0.10775395482778549,0.40832844376564026
4398,53.570350646972656,65.21078491210938,0.49721255898475647,0.16779163479804993,0.09839559346437454,0.425121933221817
4399,53.13504409790039,65.79264831542969,0.5013500452041626,0.16781428456306458,0.09492857754230499,0.4243447482585907
4400,53.193695068359375,64.32656860351562,0.4990500509738922,0.16779834032058716,0.11560063809156418,0.43500441312789917
4401,53.25601577758789,65.3277587890625,0.5028125047683716,0.16784553229808807,0.08792364597320557,0.415923148393631
4402,52.378509521484375,61.200462341308594,0.5000375509262085,0.1678461730480194,0.1001889631152153,0.3998963534832001
4403,53.91825866699219,67.0902328491211,0.49863752722740173,0.16782329976558685,0.07930053770542145,0.3991153836250305
4404,54.0507926940918,66.42231750488281,0.5000250339508057,0.16782371699810028,0.0864512249827385,0.4426022171974182
4405,53.26707077026367,64.31243896484375,0.5025625228881836,0.16786673665046692,0.09875688701868057,0.42819729447364807
4406,52.44979476928711,60.98452377319336,0.5010125041007996,0.1678837239742279,0.05237922817468643,0.4397137463092804
4407,52.342166900634766,58.756526947021484,0.5002000331878662,0.16788709163665771,0.08752495050430298,0.43062764406204224
4408,53.44449996948242,64.33209991455078,0.5014500617980957,0.16791142523288727,0.0762953832745552,0.4240306615829468
4409,53.37127685546875,63.931640625,0.5049125552177429,0.1679939180612564,0.08801545202732086,0.44515326619148254
4410,54.112911224365234,67.34130096435547,0.5047750473022461,0.16807414591312408,0.05464990437030792,0.42229723930358887
4411,52.634151458740234,62.0698127746582,0.5051250457763672,0.16816027462482452,0.07603419572114944,0.41620758175849915
4412,53.696746826171875,65.21435546875,0.5036500096321106,0.16822165250778198,0.08044382184743881,0.42264991998672485
4413,53.19285202026367,63.907833099365234,0.5035625100135803,0.16828157007694244,0.07028181850910187,0.4256276488304138
4414,52.89822006225586,63.746421813964844,0.5090000033378601,0.1684330254793167,0.07711845636367798,0.443702757358551
4415,54.31522750854492,68.51992797851562,0.5021750330924988,0.16846966743469238,0.08762378245592117,0.4077798128128052
4416,53.26839828491211,65.32843017578125,0.5063624978065491,0.16857685148715973,0.09696367383003235,0.41144031286239624
4417,53.86370849609375,66.32894134521484,0.5074625611305237,0.1687026470899582,0.06560960412025452,0.4165477454662323
4418,53.586368560791016,66.62297821044922,0.5131999850273132,0.16892533004283905,0.062049273401498795,0.42512014508247375
4419,53.560813903808594,65.60900115966797,0.5038250088691711,0.16898995637893677,0.07864760607481003,0.4109572172164917
4420,54.04650115966797,66.53802490234375,0.506350040435791,0.16909727454185486,0.04506956413388252,0.43588510155677795
4421,53.8031005859375,65.14759826660156,0.500700056552887,0.16910910606384277,0.04099815711379051,0.4532000720500946
4422,53.48783493041992,65.46735382080078,0.4995500147342682,0.16910149157047272,0.05880339816212654,0.40975767374038696
4423,52.73151779174805,61.99745559692383,0.5007875561714172,0.16911481320858002,0.053422898054122925,0.42719215154647827
4424,53.034217834472656,63.404396057128906,0.5008625388145447,0.16912941634655,0.0563698448240757,0.41402944922447205
4425,52.89714050292969,64.29051971435547,0.49807503819465637,0.16909685730934143,0.06164988875389099,0.4305232763290405
4426,53.460693359375,64.80679321289062,0.49682503938674927,0.16904316842556,0.0489434152841568,0.41820651292800903
4427,53.20296859741211,65.15507507324219,0.49627500772476196,0.1689801961183548,0.07092248648405075,0.42228755354881287
4428,52.97846221923828,63.81536102294922,0.4982500374317169,0.168950617313385,0.08218580484390259,0.42285075783729553
4429,52.8028678894043,64.57923126220703,0.4975375235080719,0.1689090132713318,0.06092033535242081,0.4398793876171112
4430,53.588321685791016,66.42924499511719,0.4981750547885895,0.16887818276882172,0.08017013967037201,0.4118669331073761
4431,53.235137939453125,65.7815170288086,0.5003499984741211,0.16888409852981567,0.07833229750394821,0.43217992782592773
4432,52.80310821533203,63.95706558227539,0.49660006165504456,0.16882668435573578,0.07138330489397049,0.4179593026638031
4433,52.56418991088867,63.505855560302734,0.5005125403404236,0.1688353419303894,0.07184619456529617,0.42864519357681274
4434,53.06062698364258,64.98930358886719,0.49633750319480896,0.16877350211143494,0.07553758472204208,0.44030773639678955
4435,52.501094818115234,63.926212310791016,0.5022875070571899,0.1688121110200882,0.06333073228597641,0.433768093585968
4436,53.202999114990234,64.66226959228516,0.5013625621795654,0.1688351184129715,0.08353389799594879,0.425052672624588
4437,52.09049606323242,60.626041412353516,0.5005625486373901,0.16884462535381317,0.07684364914894104,0.4361748993396759
4438,53.313743591308594,65.04557037353516,0.5048125386238098,0.16892588138580322,0.10287709534168243,0.4150741994380951
4439,52.94411849975586,62.894344329833984,0.5100500583648682,0.16909566521644592,0.08099806308746338,0.4293152093887329
4440,52.69218444824219,61.007137298583984,0.5145875215530396,0.16934233903884888,0.10688678920269012,0.42733654379844666
4441,53.88105010986328,66.7486343383789,0.5116625428199768,0.16953982412815094,0.09285428375005722,0.42562365531921387
4442,53.25808334350586,62.850257873535156,0.5091625452041626,0.1696951687335968,0.09523679316043854,0.40360361337661743
4443,52.897037506103516,61.38241195678711,0.5043125152587891,0.16976836323738098,0.08938103169202805,0.408940851688385
4444,52.52076721191406,63.033077239990234,0.506974995136261,0.1698867827653885,0.08763451874256134,0.4323890805244446
4445,52.72999572753906,63.71825408935547,0.5024500489234924,0.1699284017086029,0.09562678635120392,0.41925716400146484
4446,53.28865432739258,64.85716247558594,0.5019250512123108,0.1699611097574234,0.08684669435024261,0.4446987211704254
4447,52.80234146118164,63.90518569946289,0.4965375065803528,0.1699022650718689,0.08111189305782318,0.42523959279060364
4448,53.077964782714844,64.92877960205078,0.4919874966144562,0.1697661280632019,0.07780703902244568,0.41879943013191223
4449,52.69233703613281,63.63951873779297,0.4897250235080719,0.16959169507026672,0.09027685970067978,0.4145786166191101
4450,53.324951171875,65.58260345458984,0.4907125234603882,0.16943418979644775,0.06725487858057022,0.4202803075313568
4451,53.9774169921875,67.72367095947266,0.4923875331878662,0.1693052053451538,0.08527170866727829,0.4103386104106903
4452,53.29653549194336,64.0326919555664,0.4956125319004059,0.16923092305660248,0.09045735746622086,0.42051398754119873
4453,52.981788635253906,62.00822448730469,0.4962250590324402,0.16916704177856445,0.08367712050676346,0.42138195037841797
4454,52.96969985961914,60.822471618652344,0.4982125163078308,0.16913680732250214,0.08859018236398697,0.4107949137687683
4455,53.633399963378906,63.02907180786133,0.49813753366470337,0.16910530626773834,0.08666589111089706,0.41955384612083435
4456,53.0330696105957,62.553558349609375,0.500825047492981,0.16911925375461578,0.0747956782579422,0.4184136986732483
4457,52.605918884277344,60.979087829589844,0.499625027179718,0.1691129058599472,0.09679310768842697,0.45093727111816406
4458,53.10231018066406,62.456912994384766,0.4993375539779663,0.16910170018672943,0.0859440490603447,0.4220513701438904
4459,53.43858337402344,64.21102905273438,0.49515002965927124,0.1690196841955185,0.06382527947425842,0.41504934430122375
4460,53.073814392089844,64.15935516357422,0.4929875433444977,0.16890116035938263,0.08972128480672836,0.40789422392845154
4461,53.54541015625,66.3237533569336,0.49463754892349243,0.16881059110164642,0.09692317992448807,0.4034770429134369
4462,53.300926208496094,65.12218475341797,0.493925005197525,0.16870804131031036,0.08486656844615936,0.4373488426208496
4463,52.80455780029297,63.86091613769531,0.4926125407218933,0.16858340799808502,0.05740019679069519,0.4080311059951782
4464,52.87214279174805,63.13694763183594,0.49240002036094666,0.16845528781414032,0.0820637121796608,0.4075321853160858
4465,52.961265563964844,63.8583869934082,0.4966750144958496,0.16839927434921265,0.0710466206073761,0.4341373145580292
4466,53.28165054321289,65.89636993408203,0.4983125329017639,0.16837085783481598,0.04713163152337074,0.42830291390419006
4467,53.653541564941406,67.40033721923828,0.4998375475406647,0.1683681160211563,0.11687002331018448,0.4313507378101349
4468,53.1906623840332,64.01349639892578,0.49578753113746643,0.1682972013950348,0.0879674032330513,0.4169011116027832
4469,53.241397857666016,63.525447845458984,0.49851253628730774,0.16827216744422913,0.055773165076971054,0.4276143014431
4470,53.60440444946289,64.50003814697266,0.4998500645160675,0.16826963424682617,0.07449071109294891,0.4403688311576843
4471,53.417884826660156,63.505069732666016,0.4989500343799591,0.16825196146965027,0.06264267861843109,0.4273126721382141
4472,52.96428680419922,62.18695068359375,0.5000125169754028,0.1682521551847458,0.0858345702290535,0.42984700202941895
4473,53.07698059082031,61.99483871459961,0.5013875365257263,0.16827550530433655,0.062493450939655304,0.4275677800178528
4474,52.70672607421875,61.150325775146484,0.5026749968528748,0.16832052171230316,0.0863911360502243,0.4161926805973053
4475,53.034915924072266,63.27029037475586,0.500837504863739,0.16833463311195374,0.09405452758073807,0.41635385155677795
4476,52.67775344848633,62.030128479003906,0.5001875162124634,0.16833777725696564,0.09130886942148209,0.4245750904083252
4477,52.6419563293457,61.721641540527344,0.5035000443458557,0.1683966964483261,0.09920906275510788,0.42761704325675964
4478,53.58343505859375,66.4964370727539,0.506974995136261,0.16851414740085602,0.08810637146234512,0.4020610451698303
4479,53.09547424316406,65.35167694091797,0.5075250267982483,0.16864094138145447,0.08721714466810226,0.4364243745803833
4480,53.8853759765625,67.79219818115234,0.5062125325202942,0.16874569654464722,0.08152800053358078,0.43237900733947754
4481,53.74108123779297,65.94486236572266,0.5098875164985657,0.16891254484653473,0.053029902279376984,0.43222156167030334
4482,54.986019134521484,68.93312072753906,0.5061375498771667,0.16901622712612152,0.07034509629011154,0.399241179227829
4483,52.53015899658203,61.416568756103516,0.5090875029563904,0.1691698133945465,0.0650365874171257,0.4366406202316284
4484,53.01748275756836,62.866424560546875,0.5042375326156616,0.1692415028810501,0.08071572333574295,0.4403577446937561
4485,53.41334915161133,62.66195297241211,0.5083625316619873,0.16938303411006927,0.07212240248918533,0.4536970257759094
4486,53.32681655883789,62.988380432128906,0.5055000185966492,0.1694761961698532,0.037313006818294525,0.4572977125644684
4487,53.57902526855469,63.082855224609375,0.49921250343322754,0.16946284472942352,0.05901862680912018,0.44231167435646057
4488,52.47222137451172,59.27553176879883,0.4941500425338745,0.16936370730400085,0.056394062936306,0.44639071822166443
4489,52.95579147338867,61.050025939941406,0.49342501163482666,0.16925235092639923,0.06677696853876114,0.45414984226226807
4490,52.692176818847656,60.48967361450195,0.4930000305175781,0.16913387179374695,0.06944262236356735,0.42371827363967896
4491,53.43006896972656,65.39009857177734,0.49771252274513245,0.16909517347812653,0.08171147108078003,0.4733680188655853
4492,53.11124801635742,63.88521194458008,0.4942375123500824,0.16899773478507996,0.06319449096918106,0.43489938974380493
4493,53.81381607055664,65.81388092041016,0.4975000321865082,0.1689554899930954,0.0512629970908165,0.43122294545173645
4494,53.20226287841797,64.733154296875,0.49658751487731934,0.1688978374004364,0.05720391497015953,0.4336044192314148
4495,52.78913497924805,62.388790130615234,0.5010875463485718,0.16891619563102722,0.08859865367412567,0.41364842653274536
4496,53.796749114990234,66.26884460449219,0.5028500556945801,0.16896434128284454,0.07101036608219147,0.42506906390190125
4497,53.65273666381836,65.66100311279297,0.5115000009536743,0.16915865242481232,0.062340158969163895,0.4515265226364136
4498,53.18017578125,64.38311004638672,0.5113125443458557,0.1693500280380249,0.050370533019304276,0.4246312081813812
4499,53.890167236328125,67.19503784179688,0.5100250244140625,0.1695198118686676,0.08618457615375519,0.4247905910015106
4500,53.459632873535156,65.72561645507812,0.5094000101089478,0.16967914998531342,0.06335453689098358,0.4131128191947937
4501,53.523826599121094,64.82823944091797,0.5132500529289246,0.1699039787054062,0.067752905189991,0.42710748314857483
4502,53.677677154541016,65.9029312133789,0.5100625157356262,0.1700749397277832,0.05624772980809212,0.4260413348674774
4503,53.360504150390625,65.25289916992188,0.5037000179290771,0.17013786733150482,0.053467463701963425,0.42445123195648193
4504,53.47855758666992,65.35125732421875,0.504675030708313,0.17021740972995758,0.07554112374782562,0.4244743585586548
4505,52.703678131103516,60.91462707519531,0.504550039768219,0.1702948659658432,0.07292651385068893,0.43661773204803467
4506,53.27618408203125,62.3950309753418,0.5029625296592712,0.17034530639648438,0.06986787170171738,0.4186376631259918
4507,53.45145034790039,64.35909271240234,0.504087507724762,0.17041493952274323,0.07816567271947861,0.42854931950569153
4508,53.193267822265625,63.44204330444336,0.5017375349998474,0.1704445630311966,0.06540507078170776,0.42053553462028503
4509,53.5002326965332,63.55726623535156,0.4932500123977661,0.1703295111656189,0.07023683190345764,0.4174712002277374
4510,53.23933410644531,63.19055938720703,0.49653753638267517,0.17027053236961365,0.06624208390712738,0.4233892261981964
4511,53.300140380859375,63.355281829833984,0.491225004196167,0.17012111842632294,0.09019722044467926,0.42789533734321594
4512,52.33308410644531,60.03218078613281,0.48836252093315125,0.16992314159870148,0.07068521529436111,0.4170231819152832
4513,52.75717544555664,63.54367446899414,0.4880375266075134,0.1697198748588562,0.08147890120744705,0.4353703260421753
4514,53.54795455932617,66.31827545166016,0.48862501978874207,0.1695268154144287,0.08113010227680206,0.4301370680332184
4515,52.8686637878418,64.31385040283203,0.4866125285625458,0.1692998707294464,0.07346046715974808,0.415602445602417
4516,54.4254264831543,68.71849060058594,0.49047502875328064,0.1691386103630066,0.08735650777816772,0.4269278049468994
4517,53.51482391357422,66.9935073852539,0.49192503094673157,0.16900202631950378,0.08075214177370071,0.40378284454345703
4518,53.45335006713867,65.34627532958984,0.4941125214099884,0.16890251636505127,0.083119697868824,0.43039706349372864
4519,53.047611236572266,62.962806701660156,0.5010875463485718,0.1689208745956421,0.07378359138965607,0.43442606925964355
4520,52.72306823730469,62.21685028076172,0.5062875151634216,0.16902707517147064,0.08818899840116501,0.4177006185054779
4521,54.21670913696289,66.54725646972656,0.5038625001907349,0.1690923571586609,0.08447426557540894,0.4198763072490692
4522,53.23674774169922,64.20929718017578,0.5078999996185303,0.16922594606876373,0.10515768826007843,0.426376610994339
4523,53.083709716796875,62.92499542236328,0.5086874961853027,0.16937297582626343,0.08369943499565125,0.41840457916259766
4524,52.811275482177734,60.881675720214844,0.5057250261306763,0.1694699376821518,0.06038559973239899,0.398349791765213
4525,52.96757125854492,63.18424606323242,0.505262553691864,0.16955913603305817,0.06686455011367798,0.4290317893028259
4526,54.28642654418945,68.50982666015625,0.5035125613212585,0.16961871087551117,0.06958172470331192,0.4167693555355072
4527,52.75216293334961,63.174583435058594,0.5032000541687012,0.16967298090457916,0.07366234064102173,0.4044016897678375
4528,53.304893493652344,65.10896301269531,0.4991375505924225,0.1696583479642868,0.07783421128988266,0.44482067227363586
4529,54.01225662231445,65.63858795166016,0.4940375089645386,0.16955719888210297,0.07755561918020248,0.46132922172546387
4530,53.40857696533203,65.30062103271484,0.500337541103363,0.1695629209280014,0.06753572076559067,0.4311741590499878
4531,52.97530746459961,62.67729568481445,0.49976253509521484,0.16955889761447906,0.0677313283085823,0.42080962657928467
4532,52.52388381958008,60.59698486328125,0.5031750202178955,0.16961272060871124,0.051433779299259186,0.43683019280433655
4533,53.25357437133789,63.10808563232422,0.5047250390052795,0.16969287395477295,0.07044551521539688,0.42764797806739807
4534,52.75958251953125,61.4873046875,0.5042250156402588,0.16976456344127655,0.05617624893784523,0.4302385747432709
4535,53.05162811279297,62.03242111206055,0.5044375061988831,0.16983988881111145,0.07562163472175598,0.41881120204925537
4536,53.1064338684082,62.04113006591797,0.5014000535011292,0.16986365616321564,0.06472199410200119,0.42057445645332336
4537,53.203826904296875,64.82964324951172,0.5008749961853027,0.1698785126209259,0.06805388629436493,0.4179310202598572
4538,52.88667678833008,63.6544075012207,0.49438753724098206,0.16978317499160767,0.07244881242513657,0.42202869057655334
4539,53.246063232421875,66.73301696777344,0.4919125735759735,0.16964587569236755,0.08575611561536789,0.3955778479576111
4540,53.178550720214844,65.59676361083984,0.49153751134872437,0.16950230300426483,0.07982610911130905,0.4234132766723633
4541,53.45784378051758,64.98194885253906,0.4920375347137451,0.16936732828617096,0.09334594011306763,0.4066632091999054
4542,53.16086959838867,64.28335571289062,0.4950375258922577,0.16928327083587646,0.07308006286621094,0.41200509667396545
4543,52.98740768432617,62.91961669921875,0.49560001492500305,0.16920877993106842,0.09160199016332626,0.4218616783618927
4544,53.37608337402344,64.6380386352539,0.4957250654697418,0.16913644969463348,0.08783258497714996,0.41235020756721497
4545,53.06047439575195,63.113250732421875,0.492000013589859,0.16900113224983215,0.08099538087844849,0.4264531135559082
4546,52.6633415222168,62.369449615478516,0.49502503871917725,0.16891704499721527,0.11328332871198654,0.4340706467628479
4547,54.002593994140625,65.77715301513672,0.5016125440597534,0.16894428431987762,0.08480051904916763,0.41145768761634827
4548,53.22972869873047,62.98232650756836,0.498199999332428,0.16891387104988098,0.08577220886945724,0.43301132321357727
4549,52.5184440612793,59.90156173706055,0.49496254324913025,0.1688287854194641,0.08397980034351349,0.4271444082260132
4550,53.46037292480469,63.12894821166992,0.4999000132083893,0.1688271015882492,0.09503702074289322,0.41316771507263184
4551,52.80291748046875,61.24479675292969,0.5010375380516052,0.16884461045265198,0.08523300290107727,0.42282506823539734
4552,53.22309875488281,63.53116989135742,0.4962000250816345,0.16878044605255127,0.06827499717473984,0.418062299489975
4553,53.423133850097656,65.95160675048828,0.4989750385284424,0.1687631458044052,0.08144693076610565,0.41645967960357666
4554,53.03071594238281,63.961605072021484,0.49871253967285156,0.16874141991138458,0.07210101932287216,0.4113720953464508
4555,52.64439392089844,62.11513900756836,0.4986500144004822,0.1687186360359192,0.07739248871803284,0.4065127372741699
4556,53.91447830200195,67.547119140625,0.49642500281333923,0.1686583161354065,0.06596413254737854,0.42075303196907043
4557,53.17637634277344,64.39013671875,0.49381253123283386,0.16855396330356598,0.07114493101835251,0.41196322441101074
4558,52.98286056518555,64.8662109375,0.4965875446796417,0.16849644482135773,0.07012110948562622,0.4076203405857086
4559,53.717830657958984,67.0184097290039,0.49496254324913025,0.16841156780719757,0.0801687091588974,0.4232243299484253
4560,53.96270751953125,68.47007751464844,0.5040500164031982,0.1684797704219818,0.07676701247692108,0.4247119128704071
4561,53.530025482177734,65.70191192626953,0.5021499991416931,0.16851601004600525,0.0781438797712326,0.4050097167491913
4562,52.50174331665039,61.3234977722168,0.5076375603675842,0.1686447113752365,0.07932179421186447,0.42509013414382935
4563,53.042449951171875,63.740020751953125,0.5090875625610352,0.16879796981811523,0.08350533246994019,0.41973990201950073
4564,52.569820404052734,61.04673767089844,0.5136125087738037,0.16902774572372437,0.06774546951055527,0.43108952045440674
4565,53.03675079345703,62.58633041381836,0.5074250102043152,0.16915325820446014,0.08376036584377289,0.41673991084098816
4566,52.766109466552734,61.821807861328125,0.5067250728607178,0.16926701366901398,0.0646563246846199,0.42286941409111023
4567,53.01833724975586,63.05665969848633,0.5054250359535217,0.16935884952545166,0.09044064581394196,0.42876747250556946
4568,52.68550491333008,62.56853485107422,0.5038000345230103,0.1694232076406479,0.06870010495185852,0.4210689663887024
4569,54.014495849609375,67.70533752441406,0.49556252360343933,0.16934803128242493,0.08263054490089417,0.4080108106136322
4570,53.41905975341797,65.78191375732422,0.4981750547885895,0.1693171262741089,0.09085472673177719,0.41061800718307495
4571,53.05385208129883,64.90370178222656,0.4958375096321106,0.169246643781662,0.09154503047466278,0.4100038409233093
4572,52.536048889160156,63.325870513916016,0.4893750250339508,0.16906681656837463,0.06455017626285553,0.40942758321762085
4573,52.643653869628906,63.65721130371094,0.4871250092983246,0.1688491404056549,0.09412941336631775,0.4036262333393097
4574,52.534908294677734,62.866050720214844,0.4896000027656555,0.1686735451221466,0.08737285435199738,0.41213300824165344
4575,53.23705291748047,64.27544403076172,0.49032503366470337,0.1685103476047516,0.08095771819353104,0.4039364755153656
4576,52.86334228515625,62.93321990966797,0.49213752150535583,0.1683778613805771,0.08140476047992706,0.40472307801246643
4577,52.922584533691406,62.26411437988281,0.4945625364780426,0.1682863086462021,0.06226729601621628,0.42438754439353943
4578,53.68743133544922,66.09529876708984,0.49873754382133484,0.16826505959033966,0.06078990921378136,0.4223805367946625
4579,52.453704833984375,60.671875,0.4991000294685364,0.1682499200105667,0.07100532948970795,0.40230435132980347
4580,53.039859771728516,64.56771850585938,0.49990004301071167,0.1682482361793518,0.07194889336824417,0.4138150215148926
4581,53.68125534057617,65.98886108398438,0.4985000193119049,0.16822299361228943,0.07344187796115875,0.39812687039375305
4582,54.099124908447266,66.972900390625,0.503250002861023,0.16827766597270966,0.07504664361476898,0.4140264689922333
4583,53.96102523803711,65.02470397949219,0.5015625357627869,0.1683039665222168,0.08271019160747528,0.4256117641925812
4584,53.05424880981445,63.997520446777344,0.5066125392913818,0.16841526329517365,0.08644162863492966,0.4306805729866028
4585,54.454017639160156,67.98401641845703,0.5044750571250916,0.16849063336849213,0.07842880487442017,0.4091411530971527
4586,53.162071228027344,63.46636199951172,0.5040374994277954,0.16855865716934204,0.06768715381622314,0.4138309359550476
4587,53.11410903930664,62.68027114868164,0.5022374987602234,0.16859637200832367,0.07004814594984055,0.4110868573188782
4588,53.59845733642578,64.56179809570312,0.49858754873275757,0.1685725599527359,0.061176203191280365,0.4148975610733032
4589,53.92433547973633,65.75038146972656,0.49633750319480896,0.1685108095407486,0.06923376023769379,0.42622196674346924
4590,53.21170425415039,64.64500427246094,0.49541252851486206,0.1684335172176361,0.07426756620407104,0.41851550340652466
4591,53.558074951171875,64.17619323730469,0.49000000953674316,0.16826508939266205,0.05355445668101311,0.43968281149864197
4592,53.30067825317383,64.95690155029297,0.49268752336502075,0.16814205050468445,0.0713535025715828,0.4227491319179535
4593,53.05561828613281,63.18058776855469,0.4915875494480133,0.16800059378147125,0.08189406245946884,0.43373480439186096
4594,53.17055892944336,64.4696273803711,0.4957500100135803,0.16792920231819153,0.06179220229387283,0.43321049213409424
4595,53.053955078125,62.8992805480957,0.4969625174999237,0.167878195643425,0.07693338394165039,0.41471752524375916
4596,52.55591583251953,60.62347412109375,0.4975374937057495,0.16783685982227325,0.0994953066110611,0.4075760543346405
4597,53.106475830078125,62.48070526123047,0.4997125566005707,0.16783203184604645,0.07903820276260376,0.39720427989959717
4598,53.43033218383789,64.55786895751953,0.5025250315666199,0.16787441074848175,0.06945221871137619,0.3924208879470825
4599,53.48826599121094,63.8950080871582,0.5017250776290894,0.1679033637046814,0.0911412239074707,0.4072204828262329
4600,53.57231903076172,63.46002960205078,0.5045375227928162,0.16797953844070435,0.0795779675245285,0.41587352752685547
4601,53.81391143798828,65.04769897460938,0.5082499980926514,0.16811813414096832,0.07190018147230148,0.4292621910572052
4602,53.470523834228516,64.47964477539062,0.5069375038146973,0.16823478043079376,0.07893005013465881,0.41099822521209717
4603,54.26493835449219,69.0324935913086,0.5059249997138977,0.1683344542980194,0.08721092343330383,0.41611698269844055
4604,52.71278381347656,61.44493103027344,0.5033625364303589,0.16839106380939484,0.07477212697267532,0.430875301361084
4605,53.916893005371094,66.83003997802734,0.5033000111579895,0.1684466302394867,0.07832277566194534,0.42483603954315186
4606,52.623268127441406,61.86008071899414,0.5003750324249268,0.16845294833183289,0.0816817656159401,0.4292603135108948
4607,53.35588455200195,63.18894577026367,0.49461251497268677,0.16836218535900116,0.08692622929811478,0.41385334730148315
4608,52.83888244628906,62.83007049560547,0.4932125508785248,0.16824790835380554,0.06729357689619064,0.42543715238571167
4609,52.12261199951172,59.99284362792969,0.4932250380516052,0.1681339293718338,0.08107787370681763,0.4160718023777008
4610,53.53897476196289,63.79022979736328,0.4925124943256378,0.16800804436206818,0.07615470141172409,0.3994714021682739
4611,53.62931823730469,65.41497039794922,0.48861250281333923,0.16781672835350037,0.07782277464866638,0.41055044531822205
4612,53.60743713378906,66.59679412841797,0.4952750504016876,0.1677374392747879,0.09127556532621384,0.39969462156295776
4613,52.92988967895508,61.627193450927734,0.4897874891757965,0.16756613552570343,0.10074540227651596,0.4014279544353485
4614,54.00859069824219,66.01370239257812,0.4923875331878662,0.1674385666847229,0.11089307069778442,0.42095494270324707
4615,53.758487701416016,65.21039581298828,0.4986250400543213,0.1674155443906784,0.10165905952453613,0.3966715633869171
4616,53.47417449951172,65.15226745605469,0.49695003032684326,0.1673644781112671,0.08318059891462326,0.3982369303703308
4617,53.625980377197266,64.99800109863281,0.5031124949455261,0.16741657257080078,0.08433210104703903,0.40961432456970215
4618,53.699623107910156,65.15242004394531,0.502875030040741,0.1674647033214569,0.09910089522600174,0.40043044090270996
4619,53.67610549926758,65.22073364257812,0.4981500208377838,0.1674337238073349,0.09765039384365082,0.4003123939037323
4620,54.04530334472656,66.46861267089844,0.506850004196167,0.16754841804504395,0.08813914656639099,0.4038781225681305
4621,53.3734130859375,63.05692672729492,0.49970003962516785,0.16754339635372162,0.08868695050477982,0.41104981303215027
4622,53.25181579589844,61.96644592285156,0.5053250193595886,0.16763260960578918,0.09781079739332199,0.41456833481788635
4623,53.004356384277344,60.96893310546875,0.4988875389099121,0.16761396825313568,0.07277880609035492,0.42724311351776123
4624,53.884822845458984,65.1976547241211,0.5015625357627869,0.16764016449451447,0.08450545370578766,0.42938217520713806
4625,52.488800048828125,59.44835662841797,0.5031875371932983,0.1676936000585556,0.07742021232843399,0.438350111246109
4626,53.305118560791016,63.058807373046875,0.5001250505447388,0.16769570112228394,0.07899061590433121,0.42161110043525696
4627,53.480831146240234,64.44766235351562,0.49623754620552063,0.16763260960578918,0.08750832080841064,0.40483883023262024
4628,52.54426956176758,62.918861389160156,0.4984875023365021,0.16760724782943726,0.05366192013025284,0.4356701374053955
4629,52.185874938964844,61.713470458984375,0.49691253900527954,0.16755549609661102,0.07982224225997925,0.40801161527633667
4630,52.93662643432617,64.8704605102539,0.4920375347137451,0.1674220860004425,0.09127887338399887,0.40055108070373535
4631,53.43647003173828,67.77973175048828,0.49576252698898315,0.1673511415719986,0.05896943062543869,0.4043969511985779
4632,53.99031066894531,69.5623779296875,0.4978874921798706,0.1673157960176468,0.07060743123292923,0.4011353850364685
4633,53.60948944091797,67.93150329589844,0.5005625486373901,0.1673252135515213,0.08075045794248581,0.3920784294605255
4634,53.86835479736328,66.37997436523438,0.5005249977111816,0.16733399033546448,0.08628296107053757,0.4074360728263855
4635,53.787593841552734,65.90180206298828,0.5009000301361084,0.16734905540943146,0.06915283203125,0.4087669551372528
4636,53.04484939575195,63.88521957397461,0.5042750239372253,0.16742059588432312,0.057400137186050415,0.40611958503723145
4637,53.416812896728516,63.186431884765625,0.5060250163078308,0.16752146184444427,0.05254470929503441,0.42660489678382874
4638,53.865570068359375,65.30851745605469,0.5010625123977661,0.16753925383090973,0.08110068738460541,0.40613752603530884
4639,52.670467376708984,60.25893020629883,0.5044749975204468,0.16761423647403717,0.08551570773124695,0.43041956424713135
4640,52.84636688232422,61.08745193481445,0.500587522983551,0.1676240861415863,0.06030314043164253,0.43172013759613037
4641,52.96123504638672,62.736724853515625,0.4996125102043152,0.1676175892353058,0.07261369377374649,0.4321063458919525
4642,53.07403564453125,62.39485549926758,0.4979124963283539,0.16758260130882263,0.068369559943676,0.41031792759895325
4643,54.41255187988281,66.5082778930664,0.5007750391960144,0.16759558022022247,0.07637454569339752,0.4127277433872223
4644,52.18447494506836,61.680992126464844,0.4989125728607178,0.1675773561000824,0.06912237405776978,0.4222556948661804
4645,54.18003463745117,67.93228149414062,0.5014874935150146,0.1676022857427597,0.05630805343389511,0.39265158772468567
4646,53.37804412841797,64.56449127197266,0.504562497138977,0.16767874360084534,0.08785740286111832,0.4201740622520447
4647,53.51150131225586,64.86042785644531,0.5027999877929688,0.16772569715976715,0.07638858258724213,0.4038722813129425
4648,53.73371887207031,66.42710876464844,0.500825047492981,0.16773954033851624,0.07430372387170792,0.4160931706428528
4649,53.513057708740234,65.65552520751953,0.5028125643730164,0.16778671741485596,0.06844957172870636,0.4046359062194824
4650,52.68171691894531,62.16035461425781,0.49608755111694336,0.16772107779979706,0.04825875908136368,0.4097798764705658
4651,53.34490966796875,63.998924255371094,0.49156251549720764,0.1675795614719391,0.09302516281604767,0.4016249477863312
4652,53.353633880615234,65.03878784179688,0.4979875087738037,0.1675458401441574,0.05698435381054878,0.4086820185184479
4653,53.183258056640625,62.839473724365234,0.49445003271102905,0.1674528568983078,0.08609242737293243,0.3923620581626892
4654,54.052146911621094,68.02006530761719,0.4936000406742096,0.16734568774700165,0.08798921853303909,0.3952656090259552
4655,52.67438888549805,61.36081314086914,0.4961375296115875,0.16728104650974274,0.09342823922634125,0.4087594449520111
4656,53.09446716308594,62.232872009277344,0.4949750006198883,0.16719698905944824,0.08789902180433273,0.39919227361679077
4657,53.193145751953125,63.14216232299805,0.4954625070095062,0.16712112724781036,0.08113980293273926,0.4096607565879822
4658,54.07746887207031,64.76752471923828,0.4980125427246094,0.16708791255950928,0.08449071645736694,0.39767974615097046
4659,53.18259048461914,62.38486099243164,0.4964750409126282,0.16702900826931,0.07849950343370438,0.3974807858467102
4660,52.84782409667969,62.453590393066406,0.5005125403404236,0.16703757643699646,0.06426641345024109,0.4067164957523346
4661,53.64900207519531,65.10432434082031,0.5030625462532043,0.16708873212337494,0.0852544903755188,0.40665003657341003
4662,53.29458236694336,63.61404800415039,0.5050374865531921,0.16717290878295898,0.0715792179107666,0.42434969544410706
4663,53.36951446533203,63.08942794799805,0.5030125379562378,0.1672232747077942,0.059003397822380066,0.4344833195209503
4664,53.107547760009766,63.68429946899414,0.5076749920845032,0.1673516184091568,0.0614926815032959,0.42057082056999207
4665,53.06610107421875,63.931602478027344,0.5145750641822815,0.1675955206155777,0.05158621072769165,0.42069241404533386
4666,53.43960952758789,65.11619567871094,0.5079874992370605,0.16772937774658203,0.07309527695178986,0.4013117253780365
4667,53.1568603515625,65.4990234375,0.5123500823974609,0.1679365187883377,0.040366388857364655,0.4347364902496338
4668,54.619564056396484,69.38298797607422,0.5104625225067139,0.16811223328113556,0.06060965359210968,0.4233563244342804
4669,53.66194534301758,66.08015441894531,0.5114750266075134,0.1683051437139511,0.049405787140131,0.40985578298568726
4670,53.91941833496094,67.15398406982422,0.5174375176429749,0.16859863698482513,0.04876122623682022,0.4479362666606903
4671,53.39790725708008,64.59796905517578,0.515487551689148,0.16885975003242493,0.03460363671183586,0.43915998935699463
4672,53.829227447509766,65.0416030883789,0.5139124989509583,0.16909468173980713,0.06980162113904953,0.41796159744262695
4673,52.77260971069336,60.979522705078125,0.5111875534057617,0.16928386688232422,0.045054513961076736,0.43708688020706177
4674,53.18400573730469,64.3404541015625,0.5124375224113464,0.1694944053888321,0.05154355242848396,0.42166683077812195
4675,52.98033905029297,63.34494400024414,0.503600001335144,0.1695554256439209,0.04936635121703148,0.4171925485134125
4676,53.22842025756836,62.68256378173828,0.5026375651359558,0.16960015892982483,0.03852049261331558,0.42467549443244934
4677,53.60417938232422,66.56430053710938,0.49947500228881836,0.1695912480354309,0.06651678681373596,0.42353132367134094
4678,52.78675842285156,62.7761344909668,0.49307504296302795,0.1694738119840622,0.05144546926021576,0.43152204155921936
4679,53.65882110595703,65.6387710571289,0.48987501859664917,0.16930222511291504,0.058529384434223175,0.4152732789516449
4680,52.94930648803711,63.082889556884766,0.4942750334739685,0.16920529305934906,0.035044245421886444,0.4262218773365021
4681,53.34188461303711,65.22535705566406,0.489762544631958,0.16903206706047058,0.051164839416742325,0.4105406403541565
4682,53.3962516784668,64.61361694335938,0.4873500466346741,0.16881825029850006,0.04792024567723274,0.41180700063705444
4683,53.734596252441406,65.6696548461914,0.48867499828338623,0.168627068400383,0.053657304495573044,0.4307847321033478
4684,52.04316329956055,59.834476470947266,0.49045002460479736,0.16846603155136108,0.07643788307905197,0.42015621066093445
4685,53.1352424621582,64.36235809326172,0.5026000142097473,0.1685098260641098,0.06888597458600998,0.42980629205703735
4686,52.954769134521484,63.67695999145508,0.49710002541542053,0.16846096515655518,0.07820428162813187,0.4008195102214813
4687,52.307579040527344,59.63660430908203,0.4947875440120697,0.16837315261363983,0.07817230373620987,0.4299086630344391
4688,53.589908599853516,64.00965881347656,0.4976000189781189,0.1683327555656433,0.09488143771886826,0.4257427453994751
4689,53.144935607910156,61.769676208496094,0.5019000768661499,0.1683647483587265,0.08296214789152145,0.4204016625881195
4690,53.651611328125,64.82368469238281,0.5096375346183777,0.1685270220041275,0.0824962854385376,0.4215652644634247
4691,53.37501907348633,63.21419143676758,0.5059124827384949,0.16862666606903076,0.07696914672851562,0.4034947156906128
4692,54.825035095214844,69.2284164428711,0.5081875324249268,0.16876472532749176,0.07981806248426437,0.43040746450424194
4693,53.457645416259766,63.26462936401367,0.5058750510215759,0.16886386275291443,0.09075509756803513,0.40835991501808167
4694,53.35227584838867,64.29629516601562,0.5080375075340271,0.168999582529068,0.05956228822469711,0.4158191382884979
4695,53.01015090942383,63.99725341796875,0.5062125325202942,0.16910456120967865,0.08464027941226959,0.4063114523887634
4696,53.00806427001953,63.09889221191406,0.5028375387191772,0.16915254294872284,0.06739568710327148,0.4291200339794159
4697,52.93623352050781,64.37620544433594,0.4972250461578369,0.16910560429096222,0.07138235867023468,0.42691662907600403
4698,53.2496337890625,65.9094467163086,0.5008125305175781,0.16911935806274414,0.06897574663162231,0.4258861839771271
4699,53.02759552001953,64.58979034423828,0.498537540435791,0.16909462213516235,0.054656803607940674,0.4330051839351654
4700,53.05938720703125,64.27416229248047,0.4957375228404999,0.1690225452184677,0.06987934559583664,0.40339595079421997
4701,53.06404495239258,65.8597183227539,0.4954000413417816,0.1689448058605194,0.04869722202420235,0.4101405143737793
4702,54.16046905517578,67.7270278930664,0.49880000948905945,0.16892454028129578,0.0642906203866005,0.3994300067424774
4703,52.876373291015625,63.375885009765625,0.5025750398635864,0.16896803677082062,0.07608604431152344,0.41125252842903137
4704,53.108497619628906,64.8028564453125,0.5009125471115112,0.16898345947265625,0.05141370743513107,0.4120140075683594
4705,53.136619567871094,63.722328186035156,0.5040500164031982,0.1690518856048584,0.07189245522022247,0.42654457688331604
4706,53.251502990722656,62.956787109375,0.5069875121116638,0.16917002201080322,0.06707684695720673,0.42433807253837585
4707,53.46856689453125,64.36288452148438,0.504675030708313,0.16924911737442017,0.06509259343147278,0.4114420413970947
4708,53.59382629394531,64.43241119384766,0.502387523651123,0.16928952932357788,0.056272853165864944,0.4340819716453552
4709,52.90652084350586,61.54094314575195,0.5010499954223633,0.16930730640888214,0.0868597999215126,0.42614462971687317
4710,53.46833801269531,62.58815002441406,0.4942375421524048,0.16920974850654602,0.055888306349515915,0.42295047640800476
4711,54.123233795166016,65.38166809082031,0.49195003509521484,0.16907353699207306,0.06006728485226631,0.40754052996635437
4712,53.100067138671875,61.411285400390625,0.48571255803108215,0.1688319742679596,0.06367669999599457,0.40133780241012573
4713,53.11389923095703,61.19087600708008,0.48532503843307495,0.1685842126607895,0.07004130631685257,0.42227232456207275
4714,54.17827606201172,66.63948059082031,0.4816500246524811,0.1682748645544052,0.07277853041887283,0.4221070408821106
4715,53.508968353271484,65.62228393554688,0.4820000231266022,0.16797196865081787,0.06984356045722961,0.42179569602012634
4716,52.536251068115234,60.79024887084961,0.47905001044273376,0.16762006282806396,0.045425187796354294,0.4225586950778961
4717,52.14274597167969,58.84311294555664,0.4868750274181366,0.167400062084198,0.0684971809387207,0.42169612646102905
4718,53.81023025512695,65.22496032714844,0.4875125288963318,0.1671910285949707,0.08405204862356186,0.41766557097435
4719,54.2342529296875,66.79349517822266,0.49051254987716675,0.1670324057340622,0.07478903234004974,0.4260096549987793
4720,53.19805145263672,63.81417465209961,0.4934375286102295,0.16692279279232025,0.07656741887331009,0.40271323919296265
4721,52.88629150390625,64.51446533203125,0.493987500667572,0.1668224334716797,0.06586047261953354,0.4036482572555542
4722,53.049991607666016,63.207305908203125,0.4887000322341919,0.16663393378257751,0.07663164287805557,0.408536821603775
4723,52.49280548095703,62.28753662109375,0.4974624812602997,0.16659165918827057,0.08741544932126999,0.38566091656684875
4724,53.70732498168945,67.0988998413086,0.4982750415802002,0.16656292974948883,0.09410617500543594,0.4036363959312439
4725,52.51675033569336,62.35091781616211,0.49582502245903015,0.16649340093135834,0.09229385852813721,0.38363564014434814
4726,53.113224029541016,63.11764907836914,0.5009625554084778,0.16650941967964172,0.08202552050352097,0.42605507373809814
4727,53.573001861572266,64.47925567626953,0.5028749704360962,0.16655729711055756,0.07236310094594955,0.40965643525123596
4728,53.84414291381836,67.66908264160156,0.5023750066757202,0.16659684479236603,0.05646795406937599,0.42307329177856445
4729,52.389347076416016,60.14112091064453,0.505725085735321,0.16669222712516785,0.05665697902441025,0.3973427712917328
4730,53.89557647705078,66.1512451171875,0.5058250427246094,0.16678932309150696,0.06122344732284546,0.4105662703514099
4731,54.01694107055664,67.31573486328125,0.5083250403404236,0.16692818701267242,0.07345277070999146,0.4197002947330475
4732,53.54274368286133,64.0829849243164,0.5054500102996826,0.16701917350292206,0.07712467014789581,0.40062201023101807
4733,53.19439697265625,63.065765380859375,0.5081625580787659,0.16715550422668457,0.05503812059760094,0.4116826057434082
4734,53.51261901855469,64.1013412475586,0.5095124840736389,0.16731451451778412,0.06058090180158615,0.43715357780456543
4735,53.03464126586914,61.82036590576172,0.503974974155426,0.16738101840019226,0.0931641161441803,0.4044269323348999
4736,53.728271484375,64.66533660888672,0.4978500306606293,0.16734503209590912,0.04850549250841141,0.4007030725479126
4737,52.55681610107422,60.27607727050781,0.4987250566482544,0.16732369363307953,0.06910965591669083,0.4048152267932892
4738,53.39756774902344,64.26126098632812,0.4992750287055969,0.16731156408786774,0.05277489870786667,0.39584600925445557
4739,51.96133041381836,58.24187469482422,0.4956125020980835,0.16723816096782684,0.0708642452955246,0.4134534001350403
4740,53.280799865722656,64.44538879394531,0.49455004930496216,0.16714701056480408,0.08297012001276016,0.4114843010902405
4741,53.226932525634766,64.56578826904297,0.4965750277042389,0.16708976030349731,0.0714552029967308,0.41121336817741394
4742,52.73536682128906,63.0819206237793,0.49498751759529114,0.1670060008764267,0.05108434706926346,0.3870922327041626
4743,53.281890869140625,64.5931396484375,0.49505001306533813,0.16692332923412323,0.05695400387048721,0.4073305130004883
4744,52.44969940185547,63.10495376586914,0.501162588596344,0.16694273054599762,0.07076849043369293,0.41530200839042664
4745,53.38327407836914,65.25147247314453,0.4965875446796417,0.16688576340675354,0.08022527396678925,0.40957242250442505
4746,53.22287368774414,65.36331939697266,0.4957125186920166,0.16681420803070068,0.08462035655975342,0.44504985213279724
4747,53.59393310546875,65.127685546875,0.49701252579689026,0.16676437854766846,0.0732061117887497,0.4019703269004822
4748,54.14218521118164,67.73986053466797,0.4972500205039978,0.1667185127735138,0.06582202762365341,0.40028154850006104
4749,53.176326751708984,64.5290298461914,0.5001125335693359,0.16672037541866302,0.08431658893823624,0.4164606034755707
4750,53.05540084838867,62.79872512817383,0.4980250597000122,0.16668745875358582,0.07580678164958954,0.41726887226104736
4751,54.18316650390625,66.54662322998047,0.5031124949455261,0.1667393445968628,0.07177010178565979,0.4160526990890503
4752,53.27201461791992,62.813621520996094,0.507687509059906,0.16686752438545227,0.07557041943073273,0.43068772554397583
4753,52.54320526123047,57.82831954956055,0.5103000402450562,0.1670393943786621,0.07108913362026215,0.4153907001018524
4754,53.321083068847656,62.01251220703125,0.5084500312805176,0.16718053817749023,0.06659093499183655,0.40579870343208313
4755,54.20146560668945,64.41063690185547,0.5136125683784485,0.16740810871124268,0.0740637555718422,0.4217684864997864
4756,52.973243713378906,62.968048095703125,0.5087875127792358,0.16755522787570953,0.08440680056810379,0.4081118404865265
4757,54.124568939208984,65.01427459716797,0.5067375302314758,0.16766811907291412,0.06689774245023727,0.42570146918296814
4758,52.720699310302734,62.38864517211914,0.5068875551223755,0.16778360307216644,0.038904305547475815,0.40506723523139954
4759,52.98390579223633,62.051918029785156,0.5054749846458435,0.1678754687309265,0.07023325562477112,0.4123826324939728
4760,52.99750900268555,62.542396545410156,0.5043749809265137,0.167948916554451,0.06292746216058731,0.41219988465309143
4761,53.27811813354492,64.83671569824219,0.5045875310897827,0.16802595555782318,0.06343049556016922,0.4208921790122986
4762,54.09077453613281,67.29598236083984,0.5020250082015991,0.16805998980998993,0.05769604071974754,0.4214193820953369
4763,53.3990592956543,65.45926666259766,0.49826252460479736,0.16803078353405,0.07265647500753403,0.4237602651119232
4764,53.539730072021484,65.27410888671875,0.49301254749298096,0.16791337728500366,0.06226436793804169,0.4183005392551422
4765,52.83226013183594,64.14479064941406,0.4921625256538391,0.1677817702293396,0.06706412136554718,0.4332394599914551
4766,52.97071838378906,63.74169158935547,0.4890875518321991,0.1675986796617508,0.057923417538404465,0.4233369529247284
4767,52.526527404785156,63.27558135986328,0.4890500009059906,0.16741515696048737,0.05724382773041725,0.4163462221622467
4768,52.89329528808594,63.67674255371094,0.49010002613067627,0.1672494262456894,0.05278695002198219,0.3756588399410248
4769,53.2872428894043,62.93695068359375,0.4910625219345093,0.1670999377965927,0.09390002489089966,0.41093313694000244
4770,53.62498474121094,65.77506256103516,0.495837539434433,0.16703039407730103,0.10477994382381439,0.4063745439052582
4771,52.49238967895508,58.982032775878906,0.49371254444122314,0.1669253706932068,0.07495202869176865,0.38910141587257385
4772,53.33732986450195,62.40198516845703,0.5019875168800354,0.1669585406780243,0.07400072365999222,0.41135480999946594
4773,52.98036575317383,60.85232162475586,0.5018125176429749,0.1669887900352478,0.08245377242565155,0.41619354486465454
4774,52.94639587402344,63.20829391479492,0.507562518119812,0.16711507737636566,0.08341377973556519,0.4140389561653137
4775,53.8336181640625,63.354400634765625,0.5023000240325928,0.1671535074710846,0.07725204527378082,0.39589419960975647
4776,53.17844772338867,63.3470458984375,0.5053625106811523,0.1672431379556656,0.0754787027835846,0.4216606616973877
4777,53.39337921142578,63.7480354309082,0.501924991607666,0.1672753393650055,0.07319805026054382,0.39682409167289734
4778,53.380558013916016,64.5127944946289,0.5012625455856323,0.16729645431041718,0.08650016039609909,0.3891246020793915
4779,53.947513580322266,65.98027801513672,0.5006499886512756,0.1673073172569275,0.08079841732978821,0.4213470220565796
4780,53.453285217285156,65.16592407226562,0.5002250075340271,0.16731108725070953,0.06881304085254669,0.40266531705856323
4781,53.47547912597656,64.58235931396484,0.500700056552887,0.1673227995634079,0.06848446279764175,0.4104524254798889
4782,52.80421829223633,64.19022369384766,0.49826252460479736,0.1672937273979187,0.0559772290289402,0.39561909437179565
4783,52.89213562011719,63.64357376098633,0.5024500489234924,0.16733470559120178,0.046240612864494324,0.42348718643188477
4784,53.308528900146484,65.35990905761719,0.4999375641345978,0.1673336625099182,0.039178308099508286,0.41960272192955017
4785,52.93966293334961,62.72655487060547,0.4962249994277954,0.1672704964876175,0.032604508101940155,0.4285772442817688
4786,53.617767333984375,65.90218353271484,0.5047000646591187,0.16734911501407623,0.027058279141783714,0.4429216980934143
4787,53.846649169921875,66.47702026367188,0.49738752841949463,0.16730539500713348,0.043695542961359024,0.4035423994064331
4788,52.919490814208984,62.94403839111328,0.49681252241134644,0.1672520637512207,0.03573407977819443,0.422353059053421
4789,53.027748107910156,62.177101135253906,0.49215003848075867,0.1671207696199417,0.05797277390956879,0.40720534324645996
4790,53.80458450317383,65.24996948242188,0.4981499910354614,0.16708984971046448,0.046273570507764816,0.4449089765548706
4791,53.19302749633789,62.78232192993164,0.49348750710487366,0.166981041431427,0.040952783077955246,0.40408968925476074
4792,53.48346710205078,63.79620361328125,0.4987625479698181,0.16696037352085114,0.040766339749097824,0.4312310516834259
4793,53.352542877197266,64.07054138183594,0.49890002608299255,0.16694201529026031,0.047211382538080215,0.4159835875034332
4794,52.68901824951172,60.91636657714844,0.4992375075817108,0.16692928969860077,0.04185302183032036,0.4252147674560547
4795,52.91404342651367,62.05430603027344,0.49873751401901245,0.16690821945667267,0.07938354462385178,0.4132794439792633
4796,52.81441879272461,62.46568298339844,0.49813753366470337,0.1668771356344223,0.06481046974658966,0.401747465133667
4797,53.820167541503906,66.32836151123047,0.49890005588531494,0.16685877740383148,0.08678203821182251,0.40362969040870667
4798,53.08295440673828,64.16616821289062,0.4997250735759735,0.16685418784618378,0.055949728935956955,0.3974451720714569
4799,52.6712532043457,61.97767639160156,0.4999375641345978,0.1668531447649002,0.09160242229700089,0.39662131667137146
4800,52.901527404785156,62.09844207763672,0.49816253781318665,0.16682247817516327,0.07720340043306351,0.4106854200363159
4801,54.081233978271484,66.78266143798828,0.4967000186443329,0.1667674332857132,0.08644302934408188,0.3835401237010956
4802,53.37675857543945,64.34940338134766,0.49678751826286316,0.16671384871006012,0.0921376422047615,0.4182111918926239
4803,53.10991668701172,63.67911911010742,0.5025375485420227,0.16675615310668945,0.07926422357559204,0.4051620066165924
4804,53.53675842285156,65.12092590332031,0.500950038433075,0.1667719930410385,0.08354552090167999,0.42567312717437744
4805,53.21809768676758,63.70114517211914,0.4980250298976898,0.1667390614748001,0.07543733716011047,0.3913460373878479
4806,53.4332389831543,64.48562622070312,0.49697500467300415,0.16668862104415894,0.0839175134897232,0.39416852593421936
4807,53.85920715332031,64.94990539550781,0.501787543296814,0.16671842336654663,0.05721370875835419,0.41351884603500366
4808,52.83341979980469,61.542274475097656,0.499562531709671,0.16671113669872284,0.062032997608184814,0.4192909598350525
4809,52.597190856933594,60.096500396728516,0.49596256017684937,0.16664382815361023,0.05597424507141113,0.41741469502449036
4810,53.031341552734375,60.84804916381836,0.4995625615119934,0.16663654148578644,0.07769670337438583,0.41512128710746765
4811,53.73735809326172,64.73665618896484,0.4979500472545624,0.16660238802433014,0.06384235620498657,0.40043050050735474
4812,53.460693359375,63.3392333984375,0.4986250102519989,0.1665794849395752,0.08746011555194855,0.41940662264823914
4813,53.898223876953125,66.29053497314453,0.4995500147342682,0.1665719896554947,0.0679541826248169,0.4171227216720581
4814,52.89653778076172,62.82685089111328,0.4899125397205353,0.16640396416187286,0.06699147075414658,0.3597797751426697
4815,53.268585205078125,64.62635803222656,0.4909124970436096,0.1662527471780777,0.067038893699646,0.4010739028453827
4816,53.243751525878906,64.7546615600586,0.49041253328323364,0.1660933494567871,0.09560035914182663,0.39653217792510986
4817,52.216835021972656,62.00171661376953,0.4934375286102295,0.1659843474626541,0.07178814709186554,0.37630710005760193
4818,53.94691848754883,68.24658966064453,0.4904250502586365,0.16582542657852173,0.07915283739566803,0.38903456926345825
4819,53.27067565917969,65.6518325805664,0.48770004510879517,0.16562145948410034,0.09772512316703796,0.38838642835617065
4820,53.678741455078125,65.65103149414062,0.4946625232696533,0.16553305089473724,0.07872721552848816,0.40603914856910706
4821,53.320926666259766,64.12528991699219,0.4968000054359436,0.16548007726669312,0.09330914914608002,0.40753665566444397
4822,52.735347747802734,62.673065185546875,0.5010875463485718,0.1654980629682541,0.08038143813610077,0.40896016359329224
4823,54.142513275146484,65.50482177734375,0.5085625052452087,0.16563977301120758,0.08271950483322144,0.4168533682823181
4824,53.76294708251953,62.01983642578125,0.5094500184059143,0.16579629480838776,0.08290625363588333,0.41501304507255554
4825,52.97259521484375,59.99360656738281,0.5133500099182129,0.16601763665676117,0.05871838703751564,0.42229872941970825
4826,54.03007888793945,63.76716613769531,0.510437548160553,0.16619092226028442,0.07869479805231094,0.4028078317642212
4827,53.14274215698242,60.05782699584961,0.5077999830245972,0.1663205474615097,0.06673330813646317,0.40722566843032837
4828,52.91209411621094,61.139957427978516,0.5089625716209412,0.16646960377693176,0.037771910429000854,0.40982529520988464
4829,52.737998962402344,60.849979400634766,0.5060750246047974,0.1665707379579544,0.055461037904024124,0.3963656723499298
4830,53.35601043701172,63.68426513671875,0.49705004692077637,0.1665216088294983,0.04508175700902939,0.41095826029777527
4831,53.319217681884766,64.53178405761719,0.5013500452041626,0.1665440797805786,0.04553860053420067,0.40440502762794495
4832,53.027408599853516,64.0566635131836,0.49982500076293945,0.16654115915298462,0.04507693648338318,0.42503470182418823
4833,53.75468063354492,67.88925170898438,0.4942750334739685,0.1664458066225052,0.05770464614033699,0.401214599609375
4834,54.204769134521484,68.06842041015625,0.49330002069473267,0.16633428633213043,0.06191479414701462,0.39592501521110535
4835,52.89702606201172,64.33751678466797,0.49455001950263977,0.16624362766742706,0.05572377145290375,0.413516104221344
4836,54.38606643676758,69.1407241821289,0.5001125335693359,0.1662454903125763,0.06668471544981003,0.4067845940589905
4837,52.72218322753906,62.808753967285156,0.5031875371932983,0.16629847884178162,0.05944106727838516,0.38246193528175354
4838,53.515708923339844,64.24568939208984,0.502262532711029,0.16633610427379608,0.06445261090993881,0.3918609023094177
4839,52.334590911865234,60.775482177734375,0.5050250291824341,0.16641968488693237,0.0649142861366272,0.37167027592658997
4840,53.21678161621094,63.302650451660156,0.5052500367164612,0.1665070503950119,0.08440590649843216,0.3952912390232086
4841,53.9345588684082,65.54463958740234,0.5031500458717346,0.16655948758125305,0.0539550818502903,0.41528138518333435
4842,53.28572463989258,63.95024490356445,0.5035500526428223,0.16661861538887024,0.057542018592357635,0.4028340280056
4843,53.79399490356445,64.5706787109375,0.49918752908706665,0.16660508513450623,0.06116583198308945,0.4406058192253113
4844,53.53062438964844,64.4029769897461,0.4984625577926636,0.166579470038414,0.06671684235334396,0.43607813119888306
4845,53.33843231201172,63.51840591430664,0.4929500222206116,0.1664620339870453,0.06319569051265717,0.4251859188079834
4846,53.70563888549805,63.733943939208984,0.4949750602245331,0.16637839376926422,0.05687762796878815,0.40540632605552673
4847,53.38673400878906,64.87274169921875,0.49695003032684326,0.16632765531539917,0.062494371086359024,0.43044599890708923
4848,52.644142150878906,61.96812057495117,0.499562531709671,0.16632038354873657,0.068585105240345,0.4270208775997162
4849,53.462039947509766,64.56578826904297,0.49865004420280457,0.16629792749881744,0.05820829048752785,0.41320815682411194
4850,52.8173828125,62.19005584716797,0.5032250285148621,0.1663515567779541,0.06212734431028366,0.4266153573989868
4851,53.61316680908203,64.81304168701172,0.5085875391960144,0.16649441421031952,0.023176560178399086,0.4036151170730591
4852,53.509395599365234,63.985958099365234,0.5068625211715698,0.16660867631435394,0.06326548755168915,0.44163599610328674
4853,53.711307525634766,63.47224044799805,0.511900007724762,0.16680693626403809,0.05220268666744232,0.41614940762519836
4854,53.783348083496094,63.878604888916016,0.511650025844574,0.16700127720832825,0.042347900569438934,0.3952346444129944
4855,53.92820358276367,64.3171615600586,0.5067999958992004,0.16711483895778656,0.044014524668455124,0.38583365082740784
4856,53.199459075927734,61.91616439819336,0.5027250647544861,0.16716037690639496,0.051175761967897415,0.41067901253700256
4857,52.98115921020508,62.233009338378906,0.5049125552177429,0.16724249720573425,0.05982783064246178,0.4210001230239868
4858,53.60554885864258,64.09278106689453,0.49976250529289246,0.1672385334968567,0.06826969981193542,0.4244556128978729
4859,52.87691879272461,61.293277740478516,0.4989375174045563,0.16722075641155243,0.06388544291257858,0.40826699137687683
4860,53.80437469482422,64.21853637695312,0.49281251430511475,0.16710056364536285,0.07283171266317368,0.3926207423210144
4861,52.43109130859375,59.60234451293945,0.495587557554245,0.1670268326997757,0.06574328988790512,0.41299739480018616
4862,53.42422103881836,63.09621810913086,0.49092501401901245,0.16687525808811188,0.05743759870529175,0.4233991801738739
4863,52.7977409362793,61.80160140991211,0.4897250235080719,0.16670379042625427,0.07457275688648224,0.39330437779426575
4864,52.80384826660156,62.73002624511719,0.4946875274181366,0.16661523282527924,0.05464780703186989,0.4029017686843872
4865,51.887054443359375,58.237083435058594,0.49367502331733704,0.16650985181331635,0.06502087414264679,0.41603606939315796
4866,52.96525955200195,63.40637969970703,0.49480000138282776,0.1664232611656189,0.0739220455288887,0.41533640027046204
4867,53.338497161865234,65.63280487060547,0.49723750352859497,0.16637729108333588,0.07202889025211334,0.42466649413108826
4868,52.85151290893555,62.88319396972656,0.4996750056743622,0.1663718819618225,0.07678813487291336,0.39728036522865295
4869,53.8709602355957,65.9267349243164,0.4946000277996063,0.1662820428609848,0.06341598182916641,0.3922084867954254
4870,53.893863677978516,65.17097473144531,0.49768751859664917,0.16624358296394348,0.08113911747932434,0.4194040298461914
4871,53.21916580200195,64.4773941040039,0.4942000210285187,0.1661471575498581,0.07550565153360367,0.3954245448112488
4872,52.73735809326172,62.45680236816406,0.49441254138946533,0.16605432331562042,0.0769667774438858,0.39248302578926086
4873,52.50265121459961,61.418243408203125,0.49506253004074097,0.16597233712673187,0.09202995151281357,0.38944536447525024
4874,53.08024597167969,63.93503189086914,0.49438753724098206,0.16587918996810913,0.08754290640354156,0.3861752450466156
4875,53.40585708618164,65.19632720947266,0.4943000376224518,0.16578464210033417,0.06132608279585838,0.4016956090927124
4876,53.14481735229492,64.04730224609375,0.4953875243663788,0.16570818424224854,0.07176617532968521,0.4051451086997986
4877,53.739437103271484,65.01969146728516,0.4951625168323517,0.16562801599502563,0.07169894129037857,0.3831748366355896
4878,52.96663284301758,62.23067092895508,0.4986625015735626,0.16560585796833038,0.06708664447069168,0.4023318588733673
4879,53.630741119384766,65.06324005126953,0.5041124820709229,0.16567397117614746,0.09185173362493515,0.39665213227272034
4880,53.79802703857422,64.77814483642578,0.5113500356674194,0.16586200892925262,0.04742284491658211,0.4203512370586395
4881,53.824729919433594,63.67239761352539,0.5091875195503235,0.1660143882036209,0.06817670166492462,0.38141265511512756
4882,53.117530822753906,63.514373779296875,0.5103375315666199,0.16618600487709045,0.047140661627054214,0.4086793065071106
4883,52.75947952270508,60.78732681274414,0.5109000205993652,0.16636715829372406,0.03339649364352226,0.4289705157279968
4884,52.711734771728516,61.982391357421875,0.5102375149726868,0.16653747856616974,0.06679076701402664,0.4258470833301544
4885,53.84038162231445,65.03907775878906,0.503350019454956,0.1665932685136795,0.05825546011328697,0.4225180745124817
4886,53.3848991394043,65.74785614013672,0.5085999965667725,0.16673652827739716,0.05017327144742012,0.40308669209480286
4887,53.22431564331055,66.00672149658203,0.5076250433921814,0.16686366498470306,0.037041131407022476,0.4306502342224121
4888,53.36542510986328,65.61946105957031,0.5022500157356262,0.16690120100975037,0.04044906795024872,0.41870343685150146
4889,53.40603256225586,67.507080078125,0.5001250505447388,0.1669032871723175,0.048701394349336624,0.4126774072647095
4890,52.9972038269043,64.03117370605469,0.5010000467300415,0.16691997647285461,0.07410270720720291,0.3978855311870575
4891,52.914146423339844,63.628814697265625,0.504175066947937,0.16698965430259705,0.059458937495946884,0.42023134231567383
4892,53.25811767578125,64.20433807373047,0.49877503514289856,0.1669691950082779,0.06730136275291443,0.4205445647239685
4893,52.472537994384766,60.84709548950195,0.5008749961853027,0.16698379814624786,0.0814761072397232,0.40374863147735596
4894,53.52256774902344,64.77721405029297,0.4999125301837921,0.16698233783245087,0.09847256541252136,0.4164362847805023
4895,52.838443756103516,62.11540985107422,0.49668753147125244,0.1669270247220993,0.07144561409950256,0.41572970151901245
4896,53.35001754760742,64.29276275634766,0.49842503666877747,0.16690073907375336,0.06743016093969345,0.4167138934135437
4897,53.41249465942383,63.14122772216797,0.49682503938674927,0.16684775054454803,0.053241148591041565,0.417243093252182
4898,53.29575729370117,63.791954040527344,0.5012000203132629,0.16686777770519257,0.049836285412311554,0.41476309299468994
4899,53.37233352661133,63.70076370239258,0.49550002813339233,0.16679269075393677,0.07092408835887909,0.40134096145629883
4900,53.60611343383789,64.56153869628906,0.4973375201225281,0.1667482852935791,0.04853874444961548,0.4072398841381073
4901,53.49960708618164,63.68975067138672,0.49746254086494446,0.16670598089694977,0.050320692360401154,0.42569658160209656
4902,52.91533279418945,62.4461784362793,0.4931250214576721,0.16659137606620789,0.06958364695310593,0.40769582986831665
4903,53.6876335144043,66.03111267089844,0.49681252241134644,0.166538268327713,0.06068792566657066,0.398250013589859
4904,53.380123138427734,63.965003967285156,0.4960000216960907,0.16647164523601532,0.06188815459609032,0.41814884543418884
4905,53.28537368774414,64.65513610839844,0.49902504682540894,0.16645541787147522,0.06174119561910629,0.44360706210136414
4906,53.2037467956543,63.20475387573242,0.49418753385543823,0.16635866463184357,0.061091888695955276,0.4021745026111603
4907,54.25917434692383,68.13241577148438,0.49691256880760193,0.16630730032920837,0.06193183362483978,0.4100034236907959
4908,54.23015213012695,68.78024291992188,0.4997875392436981,0.16630376875400543,0.04548731818795204,0.3897215723991394
4909,53.531307220458984,64.15180206298828,0.5003625154495239,0.16630978882312775,0.06315727531909943,0.40151771903038025
4910,53.11800003051758,63.215728759765625,0.5008625388145447,0.16632413864135742,0.04697546735405922,0.41274017095565796
4911,53.733699798583984,65.0461196899414,0.5000750422477722,0.1663253903388977,0.0671396255493164,0.40697646141052246
4912,53.87665939331055,64.7685317993164,0.49841251969337463,0.1662989854812622,0.06241431459784508,0.3775356113910675
4913,53.09031677246094,60.63274383544922,0.5012875199317932,0.16632039844989777,0.059001922607421875,0.38931161165237427
4914,52.681400299072266,59.96665573120117,0.49768751859664917,0.16628193855285645,0.07615063339471817,0.390001505613327
4915,53.04738235473633,59.56122970581055,0.5000250339508057,0.16628235578536987,0.08041410148143768,0.4046618342399597
4916,53.27009201049805,61.204288482666016,0.5030250549316406,0.1663326621055603,0.077611044049263,0.3980681598186493
4917,53.545047760009766,64.76686096191406,0.5012250542640686,0.1663530468940735,0.057835597544908524,0.40812110900878906
4918,53.54792404174805,62.8925666809082,0.49592500925064087,0.16628526151180267,0.07549671083688736,0.38729479908943176
4919,53.12055969238281,62.576744079589844,0.49518752098083496,0.1662052422761917,0.09982165694236755,0.41273900866508484
4920,53.094608306884766,62.95368957519531,0.49438753724098206,0.16611196100711823,0.07564350962638855,0.4250270128250122
4921,53.33112716674805,64.37139892578125,0.49211251735687256,0.16598093509674072,0.06339164823293686,0.39834633469581604
4922,53.342376708984375,64.81036376953125,0.4886625409126282,0.16579276323318481,0.07188978791236877,0.3851740062236786
4923,53.472679138183594,64.27680969238281,0.4926125109195709,0.16567029058933258,0.06965379416942596,0.3884708881378174
4924,53.873443603515625,65.65555572509766,0.4888499975204468,0.16548556089401245,0.08218195289373398,0.40497931838035583
4925,53.56780242919922,65.19892120361328,0.4946875274181366,0.16539764404296875,0.06689370423555374,0.39924386143684387
4926,53.863704681396484,67.56758117675781,0.48958754539489746,0.16522543132305145,0.08021712303161621,0.4128308892250061
4927,52.71603775024414,61.0754280090332,0.49096250534057617,0.1650761067867279,0.07644178718328476,0.39607641100883484
4928,53.7396354675293,64.68603515625,0.4949375092983246,0.1649925410747528,0.07854774594306946,0.3919532001018524
4929,52.50025939941406,58.96736526489258,0.4933875501155853,0.16488343477249146,0.0654398500919342,0.3960496187210083
4930,53.107635498046875,60.48710250854492,0.4922000467777252,0.16475482285022736,0.05251448601484299,0.38350164890289307
4931,52.863407135009766,61.43516159057617,0.5009875893592834,0.16477108001708984,0.06416567414999008,0.4088436961174011
4932,52.61483383178711,59.71261978149414,0.5021375417709351,0.1648062914609909,0.06756393611431122,0.38825884461402893
4933,53.40603256225586,62.490535736083984,0.5017500519752502,0.164835125207901,0.06343960762023926,0.40697672963142395
4934,52.74184036254883,60.55233383178711,0.5033875107765198,0.16489097476005554,0.06407205760478973,0.400998055934906
4935,53.064697265625,60.907501220703125,0.49870002269744873,0.1648695319890976,0.0346241369843483,0.3915086090564728
4936,53.15154266357422,62.16323471069336,0.49897500872612,0.16485263407230377,0.08582504093647003,0.3893168568611145
4937,53.20125198364258,63.473140716552734,0.5023125410079956,0.16489076614379883,0.05184290185570717,0.4038001000881195
4938,52.857017517089844,62.16825866699219,0.4976000487804413,0.16485120356082916,0.0621715784072876,0.40005993843078613
4939,52.50228500366211,61.013858795166016,0.5027000308036804,0.16489571332931519,0.05296448990702629,0.40618228912353516
4940,52.39082717895508,60.87154769897461,0.4993375539779663,0.1648847907781601,0.05724481865763664,0.39460834860801697
4941,53.10653305053711,63.61964797973633,0.49883753061294556,0.1648656278848648,0.07933487743139267,0.3994109034538269
4942,52.95225524902344,64.48805236816406,0.4985875189304352,0.16484233736991882,0.06677510589361191,0.3875903785228729
4943,52.92753219604492,62.80121612548828,0.499750018119812,0.16483822464942932,0.06460908055305481,0.4112149775028229
4944,53.499168395996094,67.3449478149414,0.4985000193119049,0.16481348872184753,0.04826945438981056,0.37203550338745117
4945,53.09136962890625,64.30243682861328,0.5008625388145447,0.16482771933078766,0.0646495670080185,0.38740015029907227
4946,53.29840850830078,64.9122085571289,0.5036750435829163,0.16488829255104065,0.07009026408195496,0.40080633759498596
4947,52.84495162963867,63.19715881347656,0.5041124820709229,0.16495610773563385,0.07273909449577332,0.40133726596832275
4948,53.25014877319336,65.56134033203125,0.5059500336647034,0.16505424678325653,0.06817339360713959,0.42819875478744507
4949,52.66120147705078,61.6312370300293,0.5029500126838684,0.16510294377803802,0.0665317177772522,0.3914037346839905
4950,52.528770446777344,60.25456619262695,0.5024750232696533,0.16514380276203156,0.04379534348845482,0.4069017171859741
4951,53.225215911865234,62.14854049682617,0.5043250322341919,0.16521522402763367,0.06213147193193436,0.41297489404678345
4952,53.269290924072266,62.56265640258789,0.4967375099658966,0.16516131162643433,0.048198334872722626,0.40113362669944763
4953,53.129573822021484,63.38791275024414,0.49873751401901245,0.16514046490192413,0.051534488797187805,0.39962342381477356
4954,53.83185958862305,64.71483612060547,0.4945875406265259,0.16505107283592224,0.0633339211344719,0.42057469487190247
4955,54.106468200683594,67.2350845336914,0.4985625147819519,0.16502735018730164,0.04295463114976883,0.3955424129962921
4956,53.186546325683594,63.67700958251953,0.49588754773139954,0.16495947539806366,0.0726722702383995,0.40925344824790955
4957,53.95745849609375,63.81939697265625,0.4963000416755676,0.16489844024181366,0.05437416583299637,0.404253751039505
4958,52.83653259277344,62.272308349609375,0.4956750273704529,0.1648271232843399,0.042631834745407104,0.4138169586658478
4959,53.23490905761719,63.464656829833984,0.5031000375747681,0.16487820446491241,0.037924766540527344,0.4058443605899811
4960,53.553035736083984,64.10462951660156,0.4984750747680664,0.1648530662059784,0.02332695946097374,0.39664512872695923
4961,53.370574951171875,63.37532424926758,0.503962516784668,0.16491839289665222,0.0566316619515419,0.4190761148929596
4962,52.9463996887207,61.993919372558594,0.49857503175735474,0.16489489376544952,0.07516758888959885,0.41496577858924866
4963,53.39197540283203,64.30516052246094,0.4996125102043152,0.16488850116729736,0.049312036484479904,0.40094777941703796
4964,52.92924118041992,62.138832092285156,0.5006500482559204,0.16489921510219574,0.07206567376852036,0.41040927171707153
4965,53.501220703125,64.98554992675781,0.5007750391960144,0.16491198539733887,0.06071088835597038,0.41074657440185547
4966,53.88551712036133,65.16665649414062,0.4991625249385834,0.16489817202091217,0.06646588444709778,0.39416807889938354
4967,53.766658782958984,64.32624816894531,0.5030625462532043,0.16494867205619812,0.07499941438436508,0.3929404020309448
4968,53.21947479248047,61.60285568237305,0.49995002150535583,0.16494785249233246,0.057475727051496506,0.3891659677028656
4969,53.86982727050781,64.2770767211914,0.5027999877929688,0.1649940460920334,0.07725785672664642,0.39410412311553955
4970,53.15147018432617,61.75965118408203,0.4990375339984894,0.16497816145420074,0.07009495794773102,0.4089321494102478
4971,53.59420394897461,61.419952392578125,0.49902498722076416,0.1649620682001114,0.06950848549604416,0.392123281955719
4972,52.25857925415039,56.544883728027344,0.49156251549720764,0.16482287645339966,0.06806614995002747,0.3927156627178192
4973,52.72679901123047,59.91776657104492,0.4899125397205353,0.1646566092967987,0.06210174039006233,0.3929057717323303
4974,53.13444137573242,61.84941864013672,0.493925005197525,0.1645565778017044,0.07698051631450653,0.4061116576194763
4975,53.962059020996094,65.04076385498047,0.49297502636909485,0.16444097459316254,0.06044275313615799,0.37944576144218445
4976,52.33551788330078,58.528236389160156,0.4887625277042389,0.16425618529319763,0.06701779365539551,0.3930629789829254
4977,52.916900634765625,61.878929138183594,0.4926625192165375,0.1641356647014618,0.07801339030265808,0.415724515914917
4978,52.722938537597656,61.121578216552734,0.49976253509521484,0.1641317754983902,0.05974244326353073,0.3931034803390503
4979,53.20054244995117,64.64472198486328,0.49617502093315125,0.16406899690628052,0.05222651734948158,0.40183910727500916
4980,53.279239654541016,63.55156326293945,0.5019250512123108,0.16410058736801147,0.06471291929483414,0.41203078627586365
4981,52.914276123046875,63.517276763916016,0.5014874935150146,0.164124995470047,0.051809657365083694,0.39452582597732544
4982,53.68125915527344,65.65141296386719,0.5058375000953674,0.16422080993652344,0.03742391988635063,0.41824206709861755
4983,53.18038558959961,62.747127532958984,0.5067250728607178,0.16433124244213104,0.04476305469870567,0.4236396849155426
4984,52.45119094848633,61.14486312866211,0.5106625556945801,0.1645064502954483,0.04627852886915207,0.42067059874534607
4985,53.040924072265625,64.32904052734375,0.5120125412940979,0.1647040694952011,0.06213647872209549,0.41280853748321533
4986,53.03921127319336,63.31726837158203,0.5098749995231628,0.16486671566963196,0.047408707439899445,0.4025174677371979
4987,53.097076416015625,65.4977035522461,0.5042749643325806,0.16493719816207886,0.03843513876199722,0.4185827076435089
4988,53.29154968261719,64.26700592041016,0.5067750215530396,0.16504894196987152,0.06689853221178055,0.4203126132488251
4989,53.405269622802734,65.87987518310547,0.5060750246047974,0.16514921188354492,0.06065922975540161,0.41290780901908875
4990,53.70826721191406,66.46485137939453,0.5033375024795532,0.16520433127880096,0.05213223397731781,0.4360571801662445
4991,53.844966888427734,65.682861328125,0.5026749968528748,0.16524852812290192,0.047640081495046616,0.39423730969429016
4992,53.201175689697266,63.653724670410156,0.5062000155448914,0.1653509885072708,0.06435942649841309,0.40460366010665894
4993,53.4401741027832,62.48701095581055,0.5041000247001648,0.16541877388954163,0.07074300199747086,0.39779654145240784
4994,53.65105438232422,63.954254150390625,0.5045250058174133,0.16549362242221832,0.06660551577806473,0.41992780566215515
4995,53.04462432861328,61.546470642089844,0.5001750588417053,0.16549652814865112,0.04708234593272209,0.40397289395332336
4996,53.04052734375,60.34971618652344,0.5002000331878662,0.16549983620643616,0.07349909842014313,0.4032782018184662
4997,53.147926330566406,62.40972900390625,0.4998375475406647,0.16549713909626007,0.0519963800907135,0.40260016918182373
4998,53.60487747192383,64.08902740478516,0.5012000203132629,0.16551700234413147,0.05504801869392395,0.3960842490196228
4999,53.444828033447266,63.254940032958984,0.5012750625610352,0.16553811728954315,0.06116606667637825,0.3973516821861267
