step,energy,std,acceptance_rate,step_size,cm_mean,cm_std
0,50.173431396484375,17.717418670654297,0.9793501496315002,0.3143805265426636,-0.025144385173916817,1.407123327255249
1,49.9369010925293,17.564756393432617,0.9849501252174377,0.3296264410018921,-0.026666982099413872,1.3708144426345825
2,50.329490661621094,17.714162826538086,0.9885001182556152,0.34572872519493103,-0.02226661704480648,1.4406126737594604
3,50.15758514404297,17.797285079956055,0.9870250821113586,0.3625665605068207,4.7250749048544094e-05,1.5436664819717407
4,50.01795959472656,17.72076988220215,0.9830375909805298,0.38007986545562744,0.03769712895154953,1.6030874252319336
5,50.081443786621094,17.796993255615234,0.9768750667572021,0.3982049226760864,-0.0011766377137973905,1.6244288682937622
6,50.043724060058594,17.873369216918945,0.9701625108718872,0.4169270396232605,-0.02361360751092434,1.7798136472702026
7,49.922080993652344,17.82330322265625,0.9631250500679016,0.4362359642982483,0.059589602053165436,1.8585988283157349
8,50.030330657958984,17.69792366027832,0.9569625854492188,0.45617032051086426,0.016858169808983803,1.8614428043365479
9,49.930912017822266,17.848064422607422,0.9499250650405884,0.4766945540904999,-0.001668972079642117,1.9762669801712036
10,50.185543060302734,17.69554328918457,0.948775053024292,0.49808743596076965,-0.061932872980833054,2.078806161880493
11,50.026283264160156,17.6461181640625,0.9456875324249268,0.5202865600585938,-0.0005405731499195099,2.144604206085205
12,50.071807861328125,17.61389923095703,0.941100001335144,0.5432364344596863,-0.0316656120121479,2.1687088012695312
13,50.074607849121094,17.64898109436035,0.9380500316619873,0.5670329332351685,0.025128575041890144,2.3280162811279297
14,50.10091018676758,17.681900024414062,0.9371875524520874,0.5918229222297668,-0.16121068596839905,2.3346848487854004
15,50.10070037841797,17.75630760192871,0.9322750568389893,0.6174059510231018,-0.011607873253524303,2.5790984630584717
16,49.832401275634766,17.693201065063477,0.9270749688148499,0.6437737941741943,-0.030748456716537476,2.591212034225464
17,50.00746536254883,17.630828857421875,0.9257375597953796,0.6711816787719727,0.06321455538272858,2.734309196472168
18,50.048648834228516,17.661766052246094,0.924875020980835,0.6996985077857971,0.09155576676130295,2.8242170810699463
19,49.95469665527344,17.71257209777832,0.9231875538825989,0.7293088436126709,-0.014088871888816357,2.9507505893707275
20,49.92525100708008,17.565914154052734,0.923412561416626,0.7601886987686157,-0.09564786404371262,3.101959228515625
21,50.05389404296875,17.577787399291992,0.9218125343322754,0.7922543883323669,0.01699735037982464,3.2355575561523438
22,50.07611846923828,17.595657348632812,0.9246000051498413,0.8258934617042542,-0.0066243670880794525,3.3146305084228516
23,49.87314987182617,17.649860382080078,0.9227875471115112,0.8608112335205078,0.017779026180505753,3.482591152191162
24,49.92662048339844,17.59276580810547,0.926425039768219,0.8975183367729187,-0.12924307584762573,3.7998313903808594
25,49.90248489379883,17.64444351196289,0.9270874857902527,0.935850203037262,-0.03616505488753319,3.902585744857788
26,49.84664535522461,17.45290756225586,0.9291500449180603,0.9760122299194336,-0.016066284850239754,3.982771635055542
27,49.908573150634766,17.553354263305664,0.9257125854492188,1.0175623893737793,-0.07291311770677567,4.0733232498168945
28,49.77367401123047,17.63876724243164,0.9251000285148621,1.0608190298080444,0.1263408213853836,4.210272789001465
29,49.89947509765625,17.58077049255371,0.9246000051498413,1.1058614253997803,-0.13613907992839813,4.475829124450684
30,49.72726058959961,17.42194175720215,0.9232750535011292,1.1526697874069214,-0.13294444978237152,4.954404830932617
31,49.55653381347656,17.397663116455078,0.9212750792503357,1.2012288570404053,0.05673247203230858,4.848999977111816
32,49.645668029785156,17.4008846282959,0.9195125102996826,1.251621961593628,0.06486580520868301,5.49748420715332
33,49.454933166503906,17.527873992919922,0.9103750586509705,1.302985429763794,-0.4093778133392334,5.516770839691162
34,49.554527282714844,17.37810707092285,0.9020125269889832,1.3553671836853027,-0.04602903500199318,5.465799331665039
35,49.68929672241211,17.36550521850586,0.8946126103401184,1.4088516235351562,-0.1308630406856537,5.664645671844482
36,49.501827239990234,17.402366638183594,0.8845500349998474,1.4630290269851685,-0.030821336433291435,6.02146577835083
37,49.57893371582031,17.31511688232422,0.8776000738143921,1.5182729959487915,0.03430301696062088,6.082431316375732
38,49.40828323364258,17.321163177490234,0.871112585067749,1.5746181011199951,0.023129455745220184,6.395925521850586
39,49.30291748046875,17.295291900634766,0.8624876141548157,1.631696105003357,0.2947469651699066,6.593140125274658
40,49.26395034790039,17.096834182739258,0.8528250455856323,1.6892664432525635,0.22306115925312042,6.795377254486084
41,49.05766677856445,17.183332443237305,0.8419250249862671,1.747026801109314,0.08012355118989944,7.19521951675415
42,48.87422561645508,17.095081329345703,0.8269749879837036,1.804150104522705,-0.05141172558069229,7.330214023590088
43,48.87107467651367,17.047435760498047,0.8191875219345093,1.8617362976074219,-0.22404862940311432,7.457665920257568
44,48.82329177856445,17.006614685058594,0.8073000311851501,1.918947458267212,-0.14203311502933502,7.581479072570801
45,48.80251693725586,16.989933013916016,0.8037875294685364,1.9772425889968872,0.2267828732728958,7.6077470779418945
46,48.4495964050293,16.860904693603516,0.7938750386238098,2.035348653793335,-0.22960461676120758,8.039085388183594
47,48.451759338378906,16.802967071533203,0.7846999764442444,2.093295097351074,0.13374599814414978,8.2822265625
48,48.45997619628906,16.820199966430664,0.77691251039505,2.1512610912323,0.21711678802967072,8.118905067443848
49,48.190914154052734,16.58688735961914,0.7727125883102417,2.2099287509918213,0.24756936728954315,8.326831817626953
50,48.37431335449219,16.43124771118164,0.7689750790596008,2.2693703174591064,0.003600425785407424,8.92502498626709
51,47.86780548095703,16.54930305480957,0.7573750615119934,2.3277783393859863,0.10154613107442856,8.951964378356934
52,47.99324035644531,16.23695182800293,0.7488250732421875,2.385699510574341,0.17137107253074646,8.804774284362793
53,47.48672103881836,16.14531898498535,0.7408625483512878,2.443161964416504,-0.49293509125709534,9.120492935180664
54,47.397850036621094,16.054561614990234,0.7314625382423401,2.4997119903564453,-0.014822830446064472,9.316437721252441
55,47.38249206542969,16.001312255859375,0.7178375720977783,2.5541648864746094,0.15159955620765686,9.538957595825195
56,47.05891036987305,15.748509407043457,0.7044000625610352,2.6063718795776367,-0.1198248639702797,9.616365432739258
57,46.75494384765625,15.734131813049316,0.682762622833252,2.6540064811706543,-0.24674364924430847,9.660704612731934
58,46.40986251831055,15.455162048339844,0.6673250198364258,2.6984145641326904,-0.0898456871509552,9.55947494506836
59,46.373939514160156,15.23630428314209,0.6514750123023987,2.739288568496704,-0.34614646434783936,9.639021873474121
60,46.14408874511719,15.043827056884766,0.6334000825881958,2.7758307456970215,-0.009940063580870628,9.862808227539062
61,46.02913284301758,14.86012077331543,0.6220875382423401,2.809720039367676,-0.1263752579689026,10.253849983215332
62,45.47701644897461,14.758974075317383,0.6092875003814697,2.8404266834259033,-0.5327960252761841,9.943074226379395
63,45.319740295410156,14.54931354522705,0.5997125506401062,2.8687493801116943,0.667223334312439,10.103365898132324
64,45.09749984741211,14.27217960357666,0.5881250500679016,2.8940303325653076,0.16859132051467896,10.110193252563477
65,44.83222961425781,14.061949729919434,0.574287474155426,2.915529489517212,-0.32872718572616577,10.486258506774902
66,44.637901306152344,13.950968742370605,0.5589125752449036,2.9327054023742676,0.2554139196872711,9.880167007446289
67,44.31585693359375,13.645962715148926,0.5480000376701355,2.946782350540161,0.4734397232532501,9.870981216430664
68,43.873016357421875,13.253318786621094,0.5302750468254089,2.9557039737701416,0.06935489922761917,9.564811706542969
69,43.692256927490234,12.988640785217285,0.5077624917030334,2.957998514175415,-0.05491459742188454,9.783268928527832
70,43.22772979736328,12.8767671585083,0.48717501759529114,2.954204797744751,-0.045752014964818954,9.342439651489258
71,42.98885726928711,12.45063304901123,0.4661000370979309,2.94419002532959,-0.035394564270973206,8.801572799682617
72,42.58869171142578,12.133170127868652,0.43857502937316895,2.926105260848999,0.10499884188175201,8.692018508911133
73,42.156883239746094,11.8517427444458,0.4144750237464905,2.9010796546936035,0.2148609161376953,8.556063652038574
74,42.22408676147461,11.465216636657715,0.3999125063419342,2.8720433712005615,0.3269791305065155,8.44289493560791
75,41.68707275390625,11.153836250305176,0.3852500319480896,2.8390867710113525,-0.10051179677248001,7.742995262145996
76,41.527732849121094,10.826679229736328,0.3802625238895416,2.8050923347473145,0.8409161567687988,7.859706401824951
77,41.18038558959961,10.615936279296875,0.36000001430511475,2.7658209800720215,0.07658953964710236,7.782003402709961
78,40.94499969482422,10.40937328338623,0.3507000207901001,2.724527359008789,-0.10453401505947113,7.423832893371582
79,40.666099548339844,9.924506187438965,0.34227505326271057,2.6815547943115234,0.3936391770839691,6.994162559509277
80,40.542667388916016,9.858880043029785,0.32932502031326294,2.6357874870300293,0.09781253337860107,6.803452491760254
81,40.3320198059082,9.574981689453125,0.32155001163482666,2.588752031326294,-0.07502294331789017,6.782069206237793
82,39.96598815917969,9.487621307373047,0.3061250150203705,2.538562536239624,-0.03673001378774643,6.411892890930176
83,39.91526794433594,9.202939987182617,0.2944500148296356,2.486382246017456,-0.04142801836133003,6.219394683837891
84,39.673274993896484,9.13502025604248,0.2943125069141388,2.4352405071258545,-0.1315118670463562,6.121492862701416
85,39.44393539428711,9.06505012512207,0.2833375036716461,2.3824779987335205,-0.03507557511329651,5.6037774085998535
86,39.283233642578125,8.927488327026367,0.278425008058548,2.329688310623169,0.06321948766708374,5.7687458992004395
87,39.20111846923828,8.937211036682129,0.27785003185272217,2.2779343128204346,-0.22014325857162476,5.521385192871094
88,38.99644470214844,8.85407543182373,0.27297502756118774,2.226219415664673,-0.27961623668670654,5.2556562423706055
89,38.88344192504883,8.706279754638672,0.27031251788139343,2.1750857830047607,-0.009549912065267563,5.037458419799805
90,38.570491790771484,8.856477737426758,0.2747250199317932,2.126086473464966,0.14594003558158875,5.062041759490967
91,38.645103454589844,8.664934158325195,0.25911250710487366,2.074871778488159,-0.033383164554834366,4.750451564788818
92,38.66156005859375,8.745916366577148,0.2679375112056732,2.026721715927124,0.1587419956922531,4.442667484283447
93,38.47844696044922,8.696675300598145,0.2649625241756439,1.97908616065979,0.20283819735050201,4.660242080688477
94,38.29388427734375,8.714802742004395,0.2626875042915344,1.9321199655532837,0.20625251531600952,4.5434160232543945
95,38.31446838378906,8.490168571472168,0.26721253991127014,1.887142539024353,0.10201088339090347,4.520327568054199
96,38.21000289916992,8.438470840454102,0.25635001063346863,1.8411623239517212,0.0661301389336586,4.3581366539001465
97,38.01784896850586,8.204998016357422,0.26817503571510315,1.7984795570373535,0.09809262305498123,4.190371513366699
98,37.99969482421875,8.080551147460938,0.2736625075340271,1.7577732801437378,0.32088905572891235,4.012853622436523
99,37.895301818847656,8.009037017822266,0.27695003151893616,1.7185661792755127,-0.11665912717580795,4.087106227874756
100,37.981075286865234,8.017680168151855,0.2759125232696533,1.6800552606582642,-0.0017486268188804388,3.89648175239563
101,37.90436553955078,7.797029495239258,0.27646249532699585,1.6424996852874756,-0.30488690733909607,3.9680445194244385
102,37.891151428222656,7.693142414093018,0.2862500250339508,1.6073912382125854,-0.06288326531648636,3.9540295600891113
103,37.87510299682617,7.526920318603516,0.2824750244617462,1.572426438331604,-0.07783383131027222,3.7688486576080322
104,37.82194137573242,7.505053520202637,0.2785375118255615,1.5376031398773193,0.006365249864757061,3.788785457611084
105,37.7083740234375,7.28298282623291,0.28745001554489136,1.504921317100525,0.05935848876833916,3.6291511058807373
106,37.6693229675293,7.200442790985107,0.28673750162124634,1.4728269577026367,0.05698482692241669,3.739635705947876
107,37.80812454223633,7.2937541007995605,0.292650043964386,1.442287802696228,0.12061804533004761,3.508443593978882
108,37.859500885009766,7.1649861335754395,0.2852250337600708,1.4113110303878784,0.07732398808002472,3.3127050399780273
109,37.64224624633789,6.8715500831604,0.2930625081062317,1.3821057081222534,-0.0063460636883974075,3.3150312900543213
110,37.62333679199219,6.771440029144287,0.28753751516342163,1.3527411222457886,-0.002652923809364438,3.350961923599243
111,37.60319137573242,6.854238510131836,0.2936750054359436,1.3248306512832642,-0.1407710462808609,3.3760695457458496
112,37.6929931640625,6.810214042663574,0.2863750159740448,1.296528935432434,0.01569269225001335,3.2121944427490234
113,37.39397048950195,6.556118488311768,0.2892875075340271,1.269209384918213,-0.017056085169315338,3.060208559036255
114,37.58474349975586,6.79750394821167,0.28863751888275146,1.2423831224441528,0.019752459600567818,3.0948574542999268
115,37.46046829223633,6.461115837097168,0.2945125102996826,1.2168537378311157,-0.024021180346608162,2.8845877647399902
116,37.64311599731445,6.720208168029785,0.28286251425743103,1.1904313564300537,-0.25641438364982605,2.9008851051330566
117,37.72063064575195,6.594770431518555,0.2852875292301178,1.164871335029602,-0.06700107455253601,2.8817739486694336
118,37.452056884765625,6.326356410980225,0.28206250071525574,1.1394844055175781,0.039515186101198196,2.656879425048828
119,37.52878952026367,6.452490329742432,0.2824999988079071,1.1147006750106812,0.08054054528474808,2.5269548892974854
120,37.46865463256836,6.298199653625488,0.27996253967285156,1.0901730060577393,-0.16507385671138763,2.609626293182373
121,37.37228775024414,6.071853160858154,0.27615004777908325,1.0657694339752197,0.020762184634804726,2.414273500442505
122,37.457149505615234,6.087947845458984,0.2774375081062317,1.0420494079589844,-0.07377267628908157,2.6222715377807617
123,37.53775405883789,5.986274242401123,0.278887540102005,1.0190083980560303,0.09671928733587265,2.426034688949585
124,37.3739128112793,5.918271064758301,0.2801375389099121,0.9966042041778564,-0.03238699585199356,2.3988921642303467
125,37.39910888671875,5.956066608428955,0.28929999470710754,0.9756057262420654,0.04189520701766014,2.334580659866333
126,37.529624938964844,5.909911155700684,0.2842625379562378,0.954558253288269,-0.0056503452360630035,2.378566265106201
127,37.36071014404297,5.944371700286865,0.2876500189304352,0.9342882037162781,-0.08702599257230759,2.170138120651245
128,37.45591354370117,5.952184200286865,0.29590001702308655,0.9152193665504456,0.03992491215467453,2.1454265117645264
129,37.31877517700195,5.657221794128418,0.2910875380039215,0.8960992693901062,-0.03004726581275463,2.1301774978637695
130,37.52484130859375,5.916330814361572,0.28978753089904785,0.8772621750831604,-0.13363151252269745,2.115394353866577
131,37.38002395629883,5.836197853088379,0.2936500310897827,0.8591598868370056,-0.005787830799818039,2.0701935291290283
132,37.39744186401367,5.704376697540283,0.2944500148296356,0.8414998650550842,0.03222951292991638,1.9614659547805786
133,37.52121353149414,5.675993919372559,0.28981250524520874,0.8238126039505005,0.0026779596228152514,2.017239570617676
134,37.368186950683594,5.654150009155273,0.30102500319480896,0.8074207901954651,-0.09322192519903183,1.8866804838180542
135,37.54909133911133,5.709017753601074,0.2976750433444977,0.7910846471786499,0.043930988758802414,1.9385963678359985
136,37.2784423828125,5.424264907836914,0.2965874969959259,0.7749930024147034,0.03328561782836914,1.8527748584747314
137,37.49899673461914,5.7258524894714355,0.30377504229545593,0.7597857117652893,-0.0032402202486991882,1.9574884176254272
138,37.38560485839844,5.5223798751831055,0.3089125156402588,0.7452671527862549,-0.09223416447639465,1.8310703039169312
139,37.29865646362305,5.608003616333008,0.3039250075817108,0.7306543588638306,-0.1024145856499672,1.8326754570007324
140,37.38482666015625,5.578066825866699,0.3094750642776489,0.7167335748672485,-0.00021131039829924703,1.7212634086608887
141,37.348567962646484,5.5036749839782715,0.30528751015663147,0.7027778625488281,0.027684159576892853,1.7424496412277222
142,37.230350494384766,5.362369537353516,0.29971250891685486,0.6887021064758301,0.04683266580104828,1.6903706789016724
143,37.44857406616211,5.458881855010986,0.30666249990463257,0.675386905670166,8.91704621608369e-05,1.664373517036438
144,37.21720886230469,5.381348609924316,0.3085625171661377,0.6624574661254883,-0.1029217541217804,1.6494425535202026
145,37.28816604614258,5.471263408660889,0.3098125159740448,0.6498583555221558,0.01795758493244648,1.58779776096344
146,37.38286590576172,5.527462482452393,0.30882498621940613,0.637434720993042,0.027108466252684593,1.632750391960144
147,37.261009216308594,5.153398036956787,0.30492502450942993,0.6249999403953552,-0.049462754279375076,1.493058443069458
148,37.376834869384766,5.383656978607178,0.3078624904155731,0.6129913330078125,0.03389379382133484,1.4781337976455688
149,37.395408630371094,5.438724040985107,0.30790001153945923,0.6012157797813416,-0.06798359751701355,1.4818246364593506
150,37.38892364501953,5.3341240882873535,0.30723750591278076,0.5896266102790833,-0.021866710856556892,1.4771231412887573
151,37.26605224609375,5.280365467071533,0.308462530374527,0.5783330202102661,0.015539981424808502,1.3817744255065918
152,37.33247375488281,5.307906150817871,0.30947500467300415,0.5673143267631531,0.062051136046648026,1.3550080060958862
153,37.27830123901367,5.315024375915527,0.3118875324726105,0.556642472743988,0.0309919361025095,1.415069818496704
154,37.23889923095703,5.140641689300537,0.31630000472068787,0.5464169383049011,0.016335686668753624,1.3482627868652344
155,37.365325927734375,5.419221878051758,0.3093000054359436,0.5359967350959778,-0.025566553696990013,1.3283358812332153
156,37.26399230957031,5.202847957611084,0.31070002913475037,0.5258502960205078,0.01512108277529478,1.2480984926223755
157,37.360984802246094,5.359797954559326,0.31382501125335693,0.5160602927207947,0.0034443598706275225,1.2868127822875977
158,37.293907165527344,5.209454536437988,0.31640002131462097,0.506585419178009,0.02566692605614662,1.2757643461227417
159,37.23832702636719,5.15031623840332,0.31257501244544983,0.49709072709083557,-0.0029171076603233814,1.2674874067306519
160,37.17007827758789,5.010200500488281,0.31485000252723694,0.48788708448410034,-0.02567155845463276,1.2029691934585571
161,37.20122528076172,5.127645015716553,0.31466248631477356,0.47884470224380493,0.018198078498244286,1.2221920490264893
162,37.27131271362305,5.266205310821533,0.3235125243663788,0.47039368748664856,0.045034896582365036,1.1976782083511353
163,37.3289680480957,5.280686378479004,0.32203754782676697,0.46202245354652405,0.06565019488334656,1.1697269678115845
164,37.2452278137207,5.245071887969971,0.32417500019073486,0.45389896631240845,0.0015014696400612593,1.145169973373413
165,37.26333236694336,5.160601615905762,0.3273625075817108,0.44606295228004456,-0.0010820904280990362,1.1424510478973389
166,37.282508850097656,5.262064456939697,0.336650013923645,0.43877652287483215,0.0018775883363559842,1.2215673923492432
167,37.179359436035156,5.041209697723389,0.3300750255584717,0.4313206076622009,-0.022156884893774986,1.057620644569397
168,37.18731689453125,5.137265205383301,0.3283750116825104,0.42391806840896606,-0.025701606646180153,1.0993642807006836
169,37.28299331665039,5.2365922927856445,0.33219999074935913,0.416804701089859,-0.021644428372383118,1.0729883909225464
170,37.265750885009766,5.122563362121582,0.33832502365112305,0.41006600856781006,0.035915177315473557,1.0984362363815308
171,37.215126037597656,5.068614959716797,0.3389124870300293,0.4034603536128998,0.0017955104121938348,1.0844340324401855
172,37.174808502197266,5.134375095367432,0.3363000154495239,0.3968557119369507,-0.025625545531511307,1.0288079977035522
173,37.24138259887695,5.128218650817871,0.3432374894618988,0.3906345069408417,-0.026984436437487602,1.0229681730270386
174,37.207984924316406,5.247058391571045,0.34275001287460327,0.38449177145957947,-0.011816673912107944,0.9735009670257568
175,37.15725326538086,5.000316619873047,0.34255000948905945,0.37843796610832214,-0.0034729510080069304,0.9877034425735474
176,37.35099792480469,5.136936664581299,0.3533625304698944,0.3728886544704437,-0.0669102817773819,0.9939744472503662
177,37.20391845703125,5.12302827835083,0.35081252455711365,0.36732563376426697,0.05019615590572357,0.9724518060684204
178,37.14874267578125,5.107701778411865,0.35356250405311584,0.36194661259651184,-0.03068881295621395,0.9882537126541138
179,37.19845962524414,5.06807804107666,0.34720003604888916,0.35641607642173767,-0.03343147784471512,0.9168856143951416
180,37.235652923583984,5.077775001525879,0.3533500134944916,0.3511892259120941,-0.0191111508756876,0.9616295695304871
181,37.167930603027344,5.114504814147949,0.3616125285625458,0.3463292121887207,-0.07556930184364319,0.9309731721878052
182,37.20442581176758,5.040531158447266,0.3599749803543091,0.34147974848747253,-0.01562574878334999,0.9217023253440857
183,37.25349044799805,4.967790603637695,0.36100003123283386,0.3367331922054291,-0.0675211250782013,0.881106972694397
184,37.25716018676758,5.10000467300415,0.36350002884864807,0.33213678002357483,-0.012578485533595085,0.87690269947052
185,37.142459869384766,4.995187759399414,0.3672250211238861,0.3277268409729004,-0.019195886328816414,0.9120689630508423
186,37.247501373291016,5.06374979019165,0.36592501401901245,0.32333284616470337,-0.07129787653684616,0.8838526010513306
187,37.22004699707031,5.004270553588867,0.3636624813079834,0.31892460584640503,-0.0018235569586977363,0.869385302066803
188,37.177974700927734,5.091310024261475,0.371025025844574,0.3148112893104553,-0.04636366292834282,0.8266102075576782
189,37.15640640258789,4.8816962242126465,0.37470003962516785,0.31086671352386475,0.005574259907007217,0.8628328442573547
190,37.1771125793457,4.875620365142822,0.37505003809928894,0.3069824278354645,0.01765584573149681,0.8373337388038635
191,37.18400955200195,4.963531017303467,0.37751248478889465,0.30322226881980896,-0.05417284741997719,0.8272894620895386
192,37.149688720703125,4.840884208679199,0.38023754954338074,0.2995907962322235,-0.009780204854905605,0.8245978951454163
193,37.2073860168457,4.996518135070801,0.3812750279903412,0.29603391885757446,-0.014478320255875587,0.8119673132896423
194,37.207733154296875,5.013245582580566,0.3849000036716461,0.2926265597343445,0.007396311964839697,0.7806218862533569
195,37.1640739440918,5.041900157928467,0.3834875226020813,0.289217084646225,0.004692957270890474,0.7724649310112
196,37.258384704589844,5.061760902404785,0.3859875202178955,0.2859196662902832,-0.0322607159614563,0.8157852292060852
197,37.250457763671875,5.0511698722839355,0.3903500437736511,0.2827845513820648,-0.00880220253020525,0.791541337966919
198,37.07393264770508,4.883781433105469,0.3960625231266022,0.27984535694122314,-0.044355086982250214,0.7446053624153137
199,37.205833435058594,5.0204596519470215,0.39877504110336304,0.2770126163959503,-0.01487552747130394,0.791382908821106
200,37.15874481201172,4.966128826141357,0.39922502636909485,0.2742210328578949,-0.020028091967105865,0.7923402190208435
201,37.13077163696289,4.822798252105713,0.40172499418258667,0.27152612805366516,-0.05478130653500557,0.7656192779541016
202,37.12038040161133,4.914669513702393,0.4059250056743622,0.2689717411994934,-0.002064105123281479,0.7753788828849792
203,37.20462417602539,4.922195911407471,0.403300017118454,0.2663707733154297,-0.0299614816904068,0.7606992721557617
204,37.09764862060547,4.772670269012451,0.40915003418922424,0.26395079493522644,-0.007409308571368456,0.7350896596908569
205,37.15019226074219,4.832923889160156,0.40966251492500305,0.2615663409233093,-0.033532459288835526,0.7296782732009888
206,37.100364685058594,4.880319595336914,0.41088753938674927,0.2592354714870453,-0.029596062377095222,0.712399959564209
207,37.2041015625,5.059330463409424,0.41181251406669617,0.2569493353366852,-0.10176441818475723,0.7172530293464661
208,37.10854721069336,4.801952838897705,0.41852501034736633,0.25485584139823914,-0.035775937139987946,0.7114485502243042
209,37.150901794433594,4.944129943847656,0.41546255350112915,0.25270137190818787,-0.07020635157823563,0.6766510605812073
210,37.18206787109375,4.8557047843933105,0.42128750681877136,0.2507123053073883,-0.05165669694542885,0.7160099148750305
211,37.163848876953125,4.922569274902344,0.4254250228404999,0.24884262681007385,-0.03613285347819328,0.7447371482849121
212,37.130924224853516,4.828186988830566,0.42432501912117004,0.24695950746536255,-0.03689545765519142,0.6725097894668579
213,37.158817291259766,4.908071994781494,0.42438751459121704,0.24509218335151672,-0.0007490458665415645,0.6965465545654297
214,37.107757568359375,4.665655136108398,0.4263874888420105,0.24328799545764923,-0.017001839354634285,0.7127751111984253
215,37.15956115722656,4.93494987487793,0.428537517786026,0.24154940247535706,-0.05926985293626785,0.6925356388092041
216,37.0734748840332,4.79657506942749,0.4277125298976898,0.23980329930782318,-0.03653132915496826,0.6692721247673035
217,37.19668960571289,5.054955005645752,0.43398749828338623,0.23822028934955597,-0.026212353259325027,0.6917971968650818
218,37.12932205200195,4.779202938079834,0.437187522649765,0.23672395944595337,-0.052734408527612686,0.7036013007164001
219,37.15940856933594,4.91107177734375,0.4344500005245209,0.23517222702503204,-0.05327736958861351,0.6730701327323914
220,37.0382080078125,4.709515571594238,0.44197502732276917,0.23380763828754425,-0.0410035103559494,0.6788792610168457
221,37.203346252441406,4.867129325866699,0.4399625062942505,0.2324039191007614,-0.0368107333779335,0.6507770419120789
222,37.07265853881836,4.685330867767334,0.44040000438690186,0.2310187965631485,-0.0537068136036396,0.6483721733093262
223,37.167686462402344,4.775132179260254,0.44942501187324524,0.2298504114151001,-0.02351636253297329,0.6599639654159546
224,37.14851760864258,4.776401519775391,0.44402503967285156,0.2285638302564621,-0.06097465008497238,0.6510536074638367
225,37.10115051269531,4.720211505889893,0.44850000739097595,0.2273867279291153,-0.008225732482969761,0.6578807234764099
226,37.07736587524414,4.629751205444336,0.4488750100135803,0.22622421383857727,-0.019285863265395164,0.6893184781074524
227,37.08962631225586,4.6910719871521,0.4504375159740448,0.2251029908657074,0.01382952556014061,0.685015857219696
228,37.082340240478516,4.688209056854248,0.44921252131462097,0.2239597588777542,-0.02088114619255066,0.6618059873580933
229,37.145408630371094,4.752623081207275,0.4488625228404999,0.22281448543071747,-0.06825848668813705,0.666065514087677
230,37.13167953491211,4.762094020843506,0.4574125409126282,0.22186557948589325,-0.02893650159239769,0.6681283116340637
231,37.116668701171875,4.700257778167725,0.4538875222206116,0.22084249556064606,-0.04072298854589462,0.6355190277099609
232,37.18604278564453,4.8204803466796875,0.4556250274181366,0.21986250579357147,0.00921727530658245,0.6033185720443726
233,37.146026611328125,4.686489105224609,0.45977503061294556,0.21897810697555542,-0.04701751470565796,0.6374245285987854
234,37.04755401611328,4.551244735717773,0.4620000123977661,0.21814599633216858,-0.014945861883461475,0.6185781955718994
235,37.189449310302734,4.79438591003418,0.45688754320144653,0.21720550954341888,-0.00527903251349926,0.656359851360321
236,37.120296478271484,4.712087631225586,0.4603375196456909,0.21634401381015778,-0.032989587634801865,0.628398597240448
237,37.06397247314453,4.6797261238098145,0.4604250192642212,0.21548782289028168,-0.05457464978098869,0.645421028137207
238,37.042808532714844,4.561203956604004,0.45881253480911255,0.21460027992725372,-0.039797645062208176,0.6533864736557007
239,37.107784271240234,4.655035018920898,0.46143752336502075,0.2137727290391922,-0.029767422005534172,0.6308542490005493
240,37.09159851074219,4.663323879241943,0.4666750133037567,0.21306033432483673,-0.021031109616160393,0.6340228319168091
241,37.04730987548828,4.5786566734313965,0.4615125358104706,0.2122403234243393,-0.04291059076786041,0.6200299859046936
242,37.0760612487793,4.588759899139404,0.46508750319480896,0.21149934828281403,-0.02786337584257126,0.6185424327850342
243,37.2259521484375,4.844048976898193,0.4636875092983246,0.21073134243488312,-0.04329296201467514,0.6331583261489868
244,37.152462005615234,4.677130699157715,0.4670875370502472,0.21003776788711548,-0.020673537626862526,0.614576518535614
245,37.05625915527344,4.624357223510742,0.4706750214099884,0.20942182838916779,-0.020300764590501785,0.6245128512382507
246,37.02040100097656,4.494814395904541,0.4696750044822693,0.2087867558002472,-0.0497046522796154,0.5934849381446838
247,37.10471725463867,4.619677543640137,0.4691750109195709,0.2081431746482849,-0.01184330228716135,0.6163004040718079
248,37.088600158691406,4.5109171867370605,0.47372502088546753,0.2075962871313095,-0.05073763057589531,0.6132125854492188
249,37.079010009765625,4.5874552726745605,0.473675012588501,0.20704978704452515,-0.04824554920196533,0.6142192482948303
250,37.11845016479492,4.617231845855713,0.47433754801750183,0.20651845633983612,-0.038484711199998856,0.6102286577224731
251,37.03190231323242,4.498430252075195,0.4753125309944153,0.20600861310958862,-0.025087175890803337,0.64424729347229
252,37.114967346191406,4.632741451263428,0.4784500300884247,0.20556466281414032,-0.03945944830775261,0.6354551315307617
253,36.984466552734375,4.326899528503418,0.4783499836921692,0.20511960983276367,-0.03155961632728577,0.606988251209259
254,37.08242416381836,4.55244255065918,0.48086249828338623,0.20472706854343414,-0.0242626816034317,0.6130596995353699
255,37.03299331665039,4.4410858154296875,0.4767250120639801,0.20425055921077728,-0.030083486810326576,0.6119869351387024
256,37.0528564453125,4.555661678314209,0.4749000072479248,0.20373788475990295,-0.055745676159858704,0.5947223901748657
257,37.008392333984375,4.417042255401611,0.4801875352859497,0.20333422720432281,-0.02863212861120701,0.6261669993400574
258,37.052146911621094,4.550434589385986,0.4813000559806824,0.2029539942741394,-0.003358145011588931,0.5973840951919556
259,37.13164138793945,4.576699256896973,0.4765625298023224,0.2024783194065094,-0.01673917844891548,0.5944531559944153
260,37.09514236450195,4.5626020431518555,0.4816875159740448,0.2021075338125229,-0.05038749799132347,0.6351256370544434
261,36.93684768676758,4.333134651184082,0.4815250337123871,0.20173414051532745,-0.04390452057123184,0.6024898886680603
262,36.98112869262695,4.414708137512207,0.47878754138946533,0.20130620896816254,-0.05452726408839226,0.5921850800514221
263,37.04545593261719,4.502538204193115,0.4809500277042389,0.20092271268367767,-0.07042389363050461,0.5995399355888367
264,37.103641510009766,4.525224685668945,0.48068752884864807,0.20053468644618988,-0.03201456367969513,0.6001076102256775
265,37.059383392333984,4.5008721351623535,0.4819750189781189,0.20017322897911072,0.00876922719180584,0.5984256863594055
266,37.11228561401367,4.532913684844971,0.48368752002716064,0.19984669983386993,-0.03194348141551018,0.5800526142120361
267,37.11282730102539,4.469111919403076,0.484000027179718,0.19952693581581116,-0.03941766545176506,0.6056198477745056
268,37.087398529052734,4.429246425628662,0.48020002245903015,0.19913187623023987,-0.08124008029699326,0.5899952054023743
269,37.08940887451172,4.485381126403809,0.4872625470161438,0.1988782286643982,-0.029668549075722694,0.5838904976844788
270,37.00387954711914,4.391828536987305,0.49092504382133484,0.1986977458000183,-0.05115493759512901,0.580769419670105
271,37.05428695678711,4.412712097167969,0.48704999685287476,0.19844043254852295,-0.04164324328303337,0.5909996628761292
272,36.999446868896484,4.372198581695557,0.4883500337600708,0.1982092559337616,-0.020968392491340637,0.6218255758285522
273,37.06783676147461,4.429799556732178,0.4900375008583069,0.19801180064678192,-0.027157582342624664,0.6079110503196716
274,37.125553131103516,4.506261825561523,0.48541250824928284,0.19772294163703918,-0.056909434497356415,0.5661501884460449
275,37.12554931640625,4.5361738204956055,0.48935002088546753,0.19751235842704773,-0.03251979872584343,0.6074556708335876
276,37.100318908691406,4.452186584472656,0.48622503876686096,0.19724027812480927,-0.003573010675609112,0.5824103355407715
277,37.09819030761719,4.479267120361328,0.48573750257492065,0.1969589740037918,-0.04212713986635208,0.587676465511322
278,37.03785705566406,4.455508708953857,0.48483750224113464,0.1966603398323059,-0.012052402831614017,0.5820088982582092
279,37.12065124511719,4.609577655792236,0.48573753237724304,0.1963798552751541,-0.014575260691344738,0.6045475006103516
280,37.050724029541016,4.603753566741943,0.48763754963874817,0.19613708555698395,-0.02750166691839695,0.5952276587486267
281,37.03479766845703,4.498466491699219,0.4895625114440918,0.19593237340450287,-0.04203647002577782,0.5814530253410339
282,37.08250045776367,4.425324440002441,0.48615002632141113,0.1956610083580017,-0.05727813020348549,0.5946348905563354
283,37.09955978393555,4.479615688323975,0.4839000105857849,0.19534599781036377,-0.04287910833954811,0.5843092203140259
284,37.08300018310547,4.412259101867676,0.49176254868507385,0.1951850801706314,-0.04664675518870354,0.5918490290641785
285,37.10335922241211,4.474444389343262,0.49172502756118774,0.1950235664844513,-0.051642898470163345,0.59412682056427
286,37.089420318603516,4.437257289886475,0.4922500252723694,0.1948724240064621,-0.020528318360447884,0.5725664496421814
287,37.07455825805664,4.381649971008301,0.49466249346733093,0.19476841390132904,-0.02340196631848812,0.5671654939651489
288,37.071922302246094,4.382499694824219,0.49115005135536194,0.1945960372686386,-0.03736124932765961,0.5636367201805115
289,37.08660888671875,4.491742134094238,0.49373751878738403,0.19447417557239532,-0.06368666887283325,0.5804274678230286
290,37.0411262512207,4.5170817375183105,0.48811253905296326,0.19424299895763397,-0.06078020855784416,0.5881388187408447
291,37.029693603515625,4.335756301879883,0.4955500066280365,0.19415655732154846,-0.033958226442337036,0.5963850617408752
292,37.10593795776367,4.515855312347412,0.4884875416755676,0.19393302500247955,-0.061158012598752975,0.6056443452835083
293,37.03329086303711,4.442569255828857,0.49375003576278687,0.1938118189573288,-0.031333014369010925,0.5978715419769287
294,37.069091796875,4.426606178283691,0.4924125373363495,0.1936647593975067,-0.03210695832967758,0.5936625599861145
295,36.994773864746094,4.281525135040283,0.4911625385284424,0.19349360466003418,-0.058810193091630936,0.6038950681686401
296,37.0507698059082,4.433794021606445,0.49406251311302185,0.19337871670722961,-0.02287183329463005,0.5896738171577454
297,36.99850845336914,4.368012428283691,0.49143752455711365,0.19321313500404358,-0.0775536522269249,0.5948043465614319
298,37.118370056152344,4.502741813659668,0.492000013589859,0.1930585652589798,-0.0036482964642345905,0.5956388115882874
299,37.024566650390625,4.364676475524902,0.49358752369880676,0.1929347664117813,-0.030788999050855637,0.5727603435516357
300,37.015533447265625,4.295151233673096,0.4938875436782837,0.1928168386220932,-0.04624905064702034,0.6003055572509766
301,37.06349182128906,4.572371959686279,0.4983000159263611,0.19278405606746674,-0.027316469699144363,0.583504319190979
302,37.0975341796875,4.422677516937256,0.48980003595352173,0.19258742034435272,-0.02691347524523735,0.5808574557304382
303,37.16400146484375,4.607907295227051,0.4943125247955322,0.19247788190841675,-0.02152560092508793,0.5879798531532288
304,37.007259368896484,4.320594310760498,0.49500003457069397,0.19238163530826569,-0.050897084176540375,0.5915337204933167
305,37.017845153808594,4.325447082519531,0.49275001883506775,0.19224216043949127,-0.07976365089416504,0.5944973826408386
306,36.92576599121094,4.170726776123047,0.4999750256538391,0.19224168360233307,-0.05231941491365433,0.5964677929878235
307,37.00994110107422,4.345122814178467,0.49521252512931824,0.19214965403079987,-0.020119309425354004,0.5906920433044434
308,36.992679595947266,4.3248467445373535,0.4922625422477722,0.19200098514556885,-0.05373181402683258,0.5434285402297974
309,37.01109313964844,4.324618339538574,0.49560001492500305,0.19191651046276093,-0.029894597828388214,0.556033194065094
310,37.07848358154297,4.352624416351318,0.4938625395298004,0.19179871678352356,-0.011521190404891968,0.5790331363677979
311,37.06121826171875,4.42216682434082,0.4945625364780426,0.19169442355632782,-0.018129762262105942,0.5633970499038696
312,37.04692459106445,4.408515453338623,0.49182504415512085,0.19153772294521332,-0.01666990853846073,0.586990475654602
313,36.999507904052734,4.385465621948242,0.49733754992485046,0.19148673117160797,-0.040214281529188156,0.5896217823028564
314,37.027931213378906,4.459907054901123,0.49545004963874817,0.19139960408210754,-0.06134697422385216,0.5927860736846924
315,37.02511215209961,4.348637104034424,0.497050017118454,0.19134314358234406,-0.05341411381959915,0.5976250767707825
316,36.96989059448242,4.256937026977539,0.4979625344276428,0.19130416214466095,-0.07519583404064178,0.5874672532081604
317,37.05462646484375,4.369582176208496,0.49250003695487976,0.1911606788635254,-0.024761585518717766,0.5917631983757019
318,37.02806854248047,4.351187229156494,0.49623754620552063,0.19108876585960388,-0.03870174288749695,0.5867606997489929
319,37.05635452270508,4.348593711853027,0.4887375235557556,0.19087356328964233,-0.01685289666056633,0.586097002029419
320,36.999603271484375,4.266979694366455,0.4942750334739685,0.19076429307460785,-0.05430597811937332,0.5727686882019043
321,37.02705764770508,4.347812652587891,0.4997375011444092,0.19075928628444672,-0.019406303763389587,0.5786116719245911
322,36.9907112121582,4.273429870605469,0.4980250298976898,0.19072161614894867,-0.031409852206707,0.5742921829223633
323,37.005767822265625,4.299454212188721,0.4942000210285187,0.19061098992824554,-0.044133398681879044,0.5844274163246155
324,37.02032470703125,4.296151161193848,0.49432504177093506,0.1905028223991394,-0.03833962604403496,0.5995084643363953
325,37.045291900634766,4.338428974151611,0.49643751978874207,0.19043494760990143,-0.037082403898239136,0.5785343647003174
326,37.037960052490234,4.327720642089844,0.4967750310897827,0.1903735250234604,-0.06050095707178116,0.585798442363739
327,36.96616744995117,4.359446048736572,0.4971875250339508,0.1903199851512909,-0.03130382299423218,0.595251739025116
328,36.96003723144531,4.2890543937683105,0.4960750341415405,0.19024528563022614,-0.0458478219807148,0.6065487861633301
329,37.002235412597656,4.365697383880615,0.4894000291824341,0.1900436282157898,-0.05106906592845917,0.5716268420219421
330,37.094032287597656,4.445639610290527,0.500337541103363,0.19005003571510315,-0.04851934686303139,0.5743317008018494
331,37.06592559814453,4.397294521331787,0.4989500343799591,0.1900300830602646,-0.018994232639670372,0.5950424671173096
332,36.9671516418457,4.2258148193359375,0.49457502365112305,0.18992698192596436,-0.024872172623872757,0.5682024359703064
333,37.028743743896484,4.303311347961426,0.4979124963283539,0.18988734483718872,-0.0768032893538475,0.5789369940757751
334,37.07954025268555,4.356825351715088,0.49687501788139343,0.18982800841331482,-0.062230292707681656,0.59661465883255
335,37.02081298828125,4.294247627258301,0.5010499954223633,0.1898479461669922,-0.05337144806981087,0.5800580978393555
336,37.00165557861328,4.350860118865967,0.49765005707740784,0.1898033320903778,-0.07809631526470184,0.5743284225463867
337,37.047874450683594,4.323536396026611,0.5018375515937805,0.1898382008075714,-0.05885811895132065,0.5750977396965027
338,36.95035171508789,4.152431011199951,0.49953752756118774,0.18982942402362823,-0.026710771024227142,0.5923053622245789
339,37.022769927978516,4.202597141265869,0.49535003304481506,0.18974116444587708,-0.005300269462168217,0.5742283463478088
340,37.050479888916016,4.350976467132568,0.49943751096725464,0.18973049521446228,-0.035684362053871155,0.6066354513168335
341,37.10884094238281,4.461665153503418,0.4946250319480896,0.1896285116672516,-0.03939389809966087,0.5698444247245789
342,37.00112533569336,4.31500244140625,0.49562501907348633,0.18954555690288544,-0.03844025358557701,0.5707620978355408
343,37.024845123291016,4.271146774291992,0.49693751335144043,0.1894875019788742,-0.014584625139832497,0.5753712058067322
344,37.00757598876953,4.3086090087890625,0.4936250150203705,0.18936671316623688,-0.01308824960142374,0.5874272584915161
345,37.023834228515625,4.363214492797852,0.4982500374317169,0.18933357298374176,-0.03699502348899841,0.5800344944000244
346,36.95199203491211,4.29380464553833,0.49865004420280457,0.1893080174922943,-0.07682239264249802,0.5762006640434265
347,37.079288482666016,4.383891582489014,0.4990125000476837,0.18928931653499603,-0.030639026314020157,0.5722119808197021
348,36.998233795166016,4.35890531539917,0.4949125647544861,0.1891930252313614,-0.03864253684878349,0.5440127849578857
349,36.992393493652344,4.219857692718506,0.5033875107765198,0.18925711512565613,-0.0337006151676178,0.5561428070068359
350,37.07313537597656,4.376124858856201,0.4996125102043152,0.18924978375434875,-0.013082396239042282,0.5772131681442261
351,37.06777572631836,4.377935409545898,0.49685004353523254,0.18919016420841217,-0.023915553465485573,0.5647660493850708
352,37.072959899902344,4.338778972625732,0.5011500120162964,0.18921193480491638,-0.015071474947035313,0.5713328719139099
353,36.982486724853516,4.2108235359191895,0.4982500374317169,0.18917882442474365,-0.05232556164264679,0.576556384563446
354,36.981109619140625,4.21811580657959,0.49916255474090576,0.1891629844903946,-0.04286777600646019,0.5682690143585205
355,36.97895812988281,4.1497955322265625,0.50142502784729,0.18918992578983307,-0.037557847797870636,0.554710865020752
356,36.98434066772461,4.264637470245361,0.4970875382423401,0.18913482129573822,-0.03020099177956581,0.5709846615791321
357,36.986534118652344,4.291728496551514,0.49806252121925354,0.18909816443920135,-0.046607378870248795,0.5984673500061035
358,37.02278137207031,4.2877278327941895,0.4958375096321106,0.18901944160461426,-0.05804068222641945,0.5691108107566833
359,36.95783233642578,4.30640172958374,0.5001875162124634,0.1890229731798172,-0.02975143864750862,0.5764531493186951
360,36.92515563964844,4.10725736618042,0.4991125166416168,0.18900619447231293,-0.06814614683389664,0.5888765454292297
361,36.99862289428711,4.283851623535156,0.49890005588531494,0.1889854073524475,-0.04111862555146217,0.5744396448135376
362,37.040077209472656,4.329370498657227,0.49597498774528503,0.18890933692455292,-0.017619557678699493,0.5861835479736328
363,36.96384048461914,4.248299598693848,0.49740004539489746,0.188860222697258,-0.024619275704026222,0.58697909116745
364,37.00699996948242,4.28416633605957,0.4941500425338745,0.18874973058700562,-0.03474370762705803,0.5724878311157227
365,37.04081344604492,4.330354690551758,0.5010625123977661,0.18876977264881134,-0.057975079864263535,0.5805037021636963
366,37.00091552734375,4.19012975692749,0.5019625425338745,0.18880681693553925,-0.026739411056041718,0.5743781328201294
367,36.998470306396484,4.233983039855957,0.5020624995231628,0.18884575366973877,0.0006395133095793426,0.5689914226531982
368,36.953643798828125,4.187904357910156,0.49820002913475037,0.1888117641210556,-0.005173023324459791,0.5750585794448853
369,37.026180267333984,4.3027448654174805,0.4990750253200531,0.1887942999601364,-0.028248189017176628,0.5732081532478333
370,37.0147590637207,4.260453224182129,0.502037525177002,0.18883275985717773,-0.043553676456213,0.5626068115234375
371,36.94940948486328,4.139651775360107,0.49720004200935364,0.18877987563610077,-0.01979503035545349,0.5821845531463623
372,37.03026580810547,4.3755202293396,0.4985875189304352,0.18875320255756378,-0.0346878319978714,0.5733024477958679
373,36.98359298706055,4.233462810516357,0.5018875002861023,0.18878881633281708,-0.10336361080408096,0.5789501667022705
374,36.9827995300293,4.247265338897705,0.5010374784469604,0.1888083964586258,-0.07844693213701248,0.5655519366264343
375,36.95240783691406,4.2452802658081055,0.5013499855995178,0.18883387744426727,-0.05485875904560089,0.5610812306404114
376,36.9637336730957,4.249571323394775,0.498537540435791,0.18880625069141388,-0.03955812379717827,0.6155259609222412
377,37.01148223876953,4.341572284698486,0.5017375349998474,0.18883906304836273,-0.053441371768713,0.5713986754417419
378,37.018028259277344,4.263769149780273,0.49426254630088806,0.18873071670532227,-0.03434666618704796,0.5603169202804565
379,36.93272399902344,4.160069942474365,0.49713754653930664,0.18867669999599457,-0.043762192130088806,0.5590839385986328
380,37.01129150390625,4.20842170715332,0.5008000135421753,0.18869179487228394,-0.016169041395187378,0.5381675958633423
381,37.03873062133789,4.33512544631958,0.4984000623226166,0.1886616051197052,-0.0626348927617073,0.5717973709106445
382,37.01499938964844,4.2505598068237305,0.5025250315666199,0.18870924413204193,-0.008839791640639305,0.5577395558357239
383,37.06856155395508,4.394798278808594,0.49908751249313354,0.18869201838970184,-0.026941470801830292,0.5693199634552002
384,36.93825149536133,4.227541923522949,0.4959000051021576,0.1886146515607834,-0.02830693870782852,0.609795868396759
385,37.06389236450195,4.392545700073242,0.49681252241134644,0.1885545253753662,-0.0213007815182209,0.5621737241744995
386,36.99678421020508,4.412255764007568,0.49676254391670227,0.18849347531795502,-0.02249796874821186,0.5901440978050232
387,37.004364013671875,4.3095293045043945,0.49960005283355713,0.18848593533039093,-0.05917371064424515,0.5780685544013977
388,37.0382080078125,4.3322978019714355,0.5011500120162964,0.18850761651992798,-0.03399888798594475,0.5857378840446472
389,37.04155349731445,4.318414688110352,0.499500036239624,0.18849818408489227,-0.029158882796764374,0.5755227208137512
390,36.994808197021484,4.1704607009887695,0.4987125098705292,0.1884739100933075,-0.014534922316670418,0.5725281834602356
391,36.95426940917969,4.1813554763793945,0.501675009727478,0.18850547075271606,-0.05238693580031395,0.5848261117935181
392,36.97245788574219,4.215864658355713,0.5028875470161438,0.188559889793396,-0.059027787297964096,0.580845296382904
393,37.007774353027344,4.233669757843018,0.5001375079154968,0.18856246769428253,-0.06269822269678116,0.5741245746612549
394,37.031185150146484,4.235291481018066,0.4961000382900238,0.1884889304637909,-0.031018616631627083,0.5825715661048889
395,36.982826232910156,4.305159091949463,0.49615004658699036,0.18841636180877686,-0.06827390193939209,0.5692275166511536
396,36.9261360168457,4.126038074493408,0.5038500428199768,0.1884889155626297,-0.02130022458732128,0.5688962340354919
397,36.9397087097168,4.128416061401367,0.49963754415512085,0.18848209083080292,-0.05405730381608009,0.5707032680511475
398,37.00865936279297,4.212182521820068,0.49791252613067627,0.18844275176525116,-0.005883951671421528,0.5771163702011108
399,37.03895568847656,4.310453414916992,0.5022125244140625,0.18848444521427155,-0.004954058676958084,0.5826696753501892
400,37.04087829589844,4.312609672546387,0.4959375262260437,0.18840786814689636,-0.02616155706346035,0.5509968400001526
401,36.95988082885742,4.248885631561279,0.49973753094673157,0.18840292096138,-0.05966590344905853,0.5855823159217834
402,36.947059631347656,4.135725975036621,0.49656251072883606,0.18833816051483154,-0.016154229640960693,0.5719061493873596
403,36.97587585449219,4.257769584655762,0.49988752603530884,0.18833604454994202,-0.06658654659986496,0.5619992613792419
404,36.9486083984375,4.127229690551758,0.49906253814697266,0.1883183866739273,-0.06102095916867256,0.5547335743904114
405,37.030311584472656,4.241433620452881,0.4966125190258026,0.18825459480285645,-0.06855208426713943,0.5746086239814758
406,37.01624298095703,4.255321502685547,0.5013375282287598,0.18827977776527405,-0.0584852397441864,0.5456995964050293
407,37.00248336791992,4.274540901184082,0.5015875697135925,0.1883096694946289,-0.03921186178922653,0.5571322441101074
408,36.99847412109375,4.256235122680664,0.5012750625610352,0.1883336901664734,-0.022936226800084114,0.5570889115333557
409,36.99367141723633,4.2608160972595215,0.5017000436782837,0.18836571276187897,-0.05800193175673485,0.5809788107872009
410,36.94517517089844,4.165701866149902,0.5009000301361084,0.18838267028331757,-0.04037592187523842,0.5715618133544922
411,36.99482727050781,4.243812561035156,0.49870002269744873,0.18835818767547607,-0.045513659715652466,0.57622891664505
412,36.990684509277344,4.239833354949951,0.501912534236908,0.1883942037820816,-0.024563664570450783,0.5576118230819702
413,36.98123550415039,4.27089262008667,0.5003500580787659,0.18840080499649048,-0.024402139708399773,0.5596054792404175
414,37.009151458740234,4.304973125457764,0.5027750134468079,0.1884530931711197,-0.004256791435182095,0.5671727061271667
415,37.0579833984375,4.367175579071045,0.495525062084198,0.1883687525987625,-0.02358885668218136,0.5551292896270752
416,37.03618240356445,4.2374749183654785,0.4994625449180603,0.1883586198091507,-0.031019948422908783,0.5738617777824402
417,37.0656852722168,4.360233783721924,0.5013875365257263,0.1883847564458847,-0.05841729789972305,0.5581145882606506
418,37.03877639770508,4.266536235809326,0.4980500340461731,0.18834801018238068,-0.03855091705918312,0.57841956615448
419,36.99712371826172,4.198653697967529,0.5000750422477722,0.1883494257926941,-0.041886866092681885,0.5521474480628967
420,37.009613037109375,4.328311443328857,0.49381253123283386,0.188232883810997,-0.03323740139603615,0.5472131967544556
421,36.97701644897461,4.242043972015381,0.49665001034736633,0.18816983699798584,-0.04075099155306816,0.5456820130348206
422,37.02907943725586,4.272757053375244,0.5049000382423401,0.18826203048229218,-0.04472929611802101,0.5873495936393738
423,36.99300765991211,4.2772722244262695,0.4996500313282013,0.1882554441690445,-0.028151603415608406,0.5718610286712646
424,36.93185806274414,4.174921035766602,0.5014625191688538,0.18828298151493073,-0.04747501015663147,0.5396960377693176
425,37.05903625488281,4.353437423706055,0.5004374980926514,0.18829122185707092,-0.07167582958936691,0.5657607316970825
426,37.044342041015625,4.34288215637207,0.5026625394821167,0.18834136426448822,-0.06102195754647255,0.5876967906951904
427,37.01240921020508,4.224073886871338,0.49586251378059387,0.1882634311914444,-0.04787279665470123,0.5670111179351807
428,37.01628494262695,4.1879754066467285,0.5007500648498535,0.18827754259109497,-0.039987996220588684,0.5737987756729126
429,37.01591873168945,4.2578277587890625,0.5006250143051147,0.18828929960727692,-0.06876975297927856,0.5725319981575012
430,37.016807556152344,4.232926368713379,0.5031750202178955,0.18834906816482544,-0.06922037154436111,0.5953450798988342
431,36.95988845825195,4.276822090148926,0.49851253628730774,0.188321053981781,-0.05789759382605553,0.5874834656715393
432,36.94193649291992,4.087681770324707,0.5001875162124634,0.18832458555698395,-0.043011706322431564,0.5852086544036865
433,37.04353332519531,4.278493404388428,0.5020250082015991,0.1883627325296402,-0.042697109282016754,0.5704537630081177
434,36.98799133300781,4.207333564758301,0.5024375319480896,0.18840865790843964,-0.039082229137420654,0.5771440267562866
435,36.96748352050781,4.224629878997803,0.5027375221252441,0.18846023082733154,-0.04192791134119034,0.5699693560600281
436,37.0093994140625,4.191636562347412,0.5004750490188599,0.18846917152404785,-0.036725349724292755,0.5610897541046143
437,37.002784729003906,4.217041492462158,0.49790000915527344,0.188429594039917,-0.020472748205065727,0.5773671269416809
438,37.02695083618164,4.214101791381836,0.4985499978065491,0.18840226531028748,-0.04482007771730423,0.561465859413147
439,37.05842208862305,4.315464019775391,0.4973125159740448,0.18835163116455078,-0.02415377087891102,0.5752124786376953
440,36.98112106323242,4.211081504821777,0.4978249967098236,0.1883106678724289,-0.051539309322834015,0.5466956496238708
441,36.99509048461914,4.2508039474487305,0.5018250346183777,0.1883450299501419,-0.07055769860744476,0.5798733234405518
442,37.019676208496094,4.196537494659424,0.5007750391960144,0.18835961818695068,-0.012745133601129055,0.5655534267425537
443,37.02898406982422,4.310556411743164,0.5023499727249146,0.1884038746356964,-0.018109479919075966,0.5647460222244263
444,36.99664306640625,4.182165145874023,0.4980875253677368,0.1883678436279297,-0.04425578564405441,0.5496658682823181
445,37.02421569824219,4.182828426361084,0.5010000467300415,0.1883866786956787,-0.04715770110487938,0.5588387250900269
446,37.02763748168945,4.209046363830566,0.4958000183105469,0.18830756843090057,-0.061021238565444946,0.5646636486053467
447,36.966766357421875,4.094862937927246,0.4974750280380249,0.188260018825531,-0.01884588412940502,0.5722547173500061
448,37.02445983886719,4.271951198577881,0.49957504868507385,0.1882520169019699,-0.03269977122545242,0.5619087219238281
449,36.97156524658203,4.0986809730529785,0.5047250390052795,0.18834097683429718,-0.022774681448936462,0.5660206079483032
450,37.02961730957031,4.206292629241943,0.49820002913475037,0.18830707669258118,-0.03308960795402527,0.540841817855835
451,37.011165618896484,4.130275249481201,0.4959125518798828,0.18823009729385376,-0.017826179042458534,0.573305070400238
452,36.986141204833984,4.121863842010498,0.49803751707077026,0.1881931573152542,-0.0343523807823658,0.5725916028022766
453,37.00196838378906,4.199728012084961,0.49915003776550293,0.1881771683692932,-0.061813995242118835,0.529807448387146
454,37.0455322265625,4.239272594451904,0.49434998631477356,0.1880708485841751,-0.054794762283563614,0.5647172331809998
455,37.0189208984375,4.155229091644287,0.501087486743927,0.18809129297733307,-0.061931077390909195,0.5900303721427917
456,36.930660247802734,4.181082725524902,0.4982500374317169,0.18805837631225586,-0.028428170830011368,0.5523675680160522
457,37.0767936706543,4.3333821296691895,0.5021000504493713,0.18809787929058075,-0.030808955430984497,0.5712960958480835
458,37.012760162353516,4.174832344055176,0.5013250112533569,0.18812280893325806,-0.014602549374103546,0.5928632616996765
459,37.03034210205078,4.178173065185547,0.5022250413894653,0.18816465139389038,-0.03154135122895241,0.5939067006111145
460,37.00505447387695,4.30537748336792,0.49748751521110535,0.1881173849105835,-0.03198523446917534,0.5641219019889832
461,36.96378707885742,4.105196475982666,0.499687522649765,0.18811151385307312,-0.039468057453632355,0.5739724040031433
462,36.98713684082031,4.2094550132751465,0.5007125735282898,0.18812492489814758,-0.04946222901344299,0.578241765499115
463,36.96554183959961,4.13873291015625,0.5027874708175659,0.18817736208438873,-0.021581711247563362,0.5747959613800049
464,36.95670700073242,4.111379146575928,0.5013500452041626,0.18820275366306305,-0.016840863972902298,0.5857565999031067
465,36.99931335449219,4.175973415374756,0.49775001406669617,0.18816040456295013,-0.04794769734144211,0.5618121027946472
466,37.047325134277344,4.268721103668213,0.5008375644683838,0.18817616999149323,-0.026403259485960007,0.571670413017273
467,36.96733856201172,4.0575971603393555,0.49525001645088196,0.18808679282665253,-0.03233477473258972,0.5682803988456726
468,37.02301788330078,4.213623523712158,0.49332502484321594,0.18796123564243317,-0.04200614243745804,0.5846068859100342
469,37.02728271484375,4.199426651000977,0.500700056552887,0.18797439336776733,-0.05855629965662956,0.5587501525878906
470,37.000511169433594,4.190956115722656,0.49623754620552063,0.18790367245674133,-0.04905616492033005,0.5637437701225281
471,36.96596145629883,4.1782145500183105,0.5020500421524048,0.18794220685958862,-0.05594475939869881,0.5639463663101196
472,37.01318359375,4.270778179168701,0.4980250597000122,0.18790508806705475,-0.059772033244371414,0.576528787612915
473,37.02239990234375,4.228879928588867,0.5010500550270081,0.1879248172044754,-0.06249632686376572,0.5840691328048706
474,37.02090072631836,4.23034143447876,0.500950038433075,0.18794266879558563,-0.05179089680314064,0.5855560898780823
475,36.99559020996094,4.197866439819336,0.502887487411499,0.18799693882465363,-0.05733872577548027,0.5901601314544678
476,37.01487350463867,4.188055038452148,0.4988125264644623,0.18797461688518524,-0.021566158160567284,0.5658251047134399
477,36.99831008911133,4.137011528015137,0.4991625249385834,0.18795888125896454,-0.053165536373853683,0.5846268534660339
478,37.05423355102539,4.156904697418213,0.4988250434398651,0.18793679773807526,-0.0342121496796608,0.5372216105461121
479,37.04749298095703,4.286388874053955,0.495837539434433,0.18785858154296875,-0.049255263060331345,0.551662802696228
480,37.05454635620117,4.291707992553711,0.4989750385284424,0.1878393292427063,-0.024410195648670197,0.5835486054420471
481,36.98155975341797,4.185275554656982,0.49857503175735474,0.18781256675720215,-0.048323024064302444,0.5743546485900879
482,36.9883918762207,4.224935531616211,0.49845001101493835,0.18778346478939056,-0.0616871677339077,0.5639371871948242
483,37.0380744934082,4.298939228057861,0.49877503514289856,0.18776045739650726,-0.031935010105371475,0.5673674941062927
484,36.97101593017578,4.271186351776123,0.4975999891757965,0.18771539628505707,-0.020270364359021187,0.5657209157943726
485,36.94472885131836,4.225035190582275,0.49812501668930054,0.1876801997423172,-0.02385040558874607,0.5539332628250122
486,37.0311164855957,4.315886497497559,0.5001749992370605,0.18768349289894104,-0.02562863379716873,0.558282196521759
487,36.99208450317383,4.134006977081299,0.49921247363090515,0.18766871094703674,-0.05405125766992569,0.5527169108390808
488,37.000022888183594,4.127566337585449,0.5000500679016113,0.18766964972019196,-0.01313373725861311,0.5500924587249756
489,36.977054595947266,4.088168144226074,0.5005250573158264,0.1876794993877411,-0.016991373151540756,0.5681199431419373
490,37.038368225097656,4.273436069488525,0.49617502093315125,0.18760772049427032,-0.02066509984433651,0.5683256387710571
491,36.99492645263672,4.222531318664551,0.5008500218391418,0.18762366473674774,-0.02402537688612938,0.5626424551010132
492,36.899932861328125,4.140900135040283,0.4979250133037567,0.1875847429037094,-0.04707879200577736,0.5549952983856201
493,36.9435920715332,4.159483432769775,0.5032500624656677,0.18764570355415344,-0.06100087985396385,0.5699687004089355
494,36.974857330322266,4.132453441619873,0.5013875365257263,0.1876717358827591,-0.04068581387400627,0.546796441078186
495,36.95635986328125,4.097054481506348,0.5008749961853027,0.18768815696239471,-0.06118931248784065,0.5713093280792236
496,36.9581184387207,4.108560085296631,0.496675044298172,0.18762575089931488,-0.02352200448513031,0.5609346032142639
497,37.0297737121582,4.216640472412109,0.5020750164985657,0.1876646876335144,-0.04917838051915169,0.5429790616035461
498,36.98786544799805,4.192497253417969,0.5001125335693359,0.18766678869724274,-0.0329265370965004,0.6000990271568298
499,36.9935417175293,4.114391326904297,0.5001000761985779,0.18766866624355316,-0.0540778674185276,0.5694318413734436
500,36.9969596862793,4.182158946990967,0.501412570476532,0.18769517540931702,-0.06856213510036469,0.5694707036018372
501,36.96870040893555,4.137136936187744,0.500337541103363,0.1877015084028244,-0.00040290120523422956,0.5747017860412598
502,36.980674743652344,4.229111194610596,0.5000125169754028,0.1877017319202423,-0.03287705034017563,0.5530155301094055
503,36.950862884521484,4.068884372711182,0.5005000233650208,0.18771110475063324,-0.04961995780467987,0.5811728239059448
504,37.01686477661133,4.124334335327148,0.4951750338077545,0.18762053549289703,-0.011914214119315147,0.5728098750114441
505,36.980899810791016,4.188202857971191,0.5012500286102295,0.18764400482177734,-0.055800020694732666,0.567562997341156
506,36.97444152832031,4.14866828918457,0.49807503819465637,0.18760788440704346,-0.04833671823143959,0.5518413782119751
507,36.98396682739258,4.143861293792725,0.4962500333786011,0.1875375360250473,-0.04920430853962898,0.5774352550506592
508,36.96611022949219,4.206592559814453,0.4996125102043152,0.1875302642583847,-0.056977108120918274,0.5524894595146179
509,36.99679946899414,4.182347297668457,0.5022750496864319,0.1875729113817215,-0.04201075807213783,0.5672023296356201
510,36.9511833190918,4.051608085632324,0.4997750222682953,0.18756869435310364,-0.027572305873036385,0.5866695046424866
511,37.01394271850586,4.205722332000732,0.49807503819465637,0.18753258883953094,-0.05675751343369484,0.5706238746643066
512,37.02194595336914,4.272478103637695,0.4991750121116638,0.18751712143421173,-0.06924948841333389,0.5879518389701843
513,36.994659423828125,4.241347789764404,0.5005500316619873,0.18752743303775787,0.007465633098036051,0.5748414993286133
514,36.98846435546875,4.137196063995361,0.501287579536438,0.1875515729188919,-0.0667194277048111,0.544708788394928
515,37.02839660644531,4.2650885581970215,0.4977250397205353,0.18750889599323273,-0.034644901752471924,0.5493027567863464
516,36.98881530761719,4.023438453674316,0.4973750114440918,0.18745967745780945,-0.0548308901488781,0.5482130646705627
517,36.959442138671875,4.041837692260742,0.499625027179718,0.18745264410972595,-0.03613843023777008,0.5690200328826904
518,36.915775299072266,4.013657569885254,0.5005500316619873,0.1874629408121109,-0.05035848915576935,0.5749260187149048
519,36.95589065551758,4.08323860168457,0.49797505140304565,0.18742498755455017,-0.05479796975851059,0.5672218799591064
520,36.96671676635742,4.140655994415283,0.49592500925064087,0.1873486042022705,-0.02917950414121151,0.5535520315170288
521,36.95144271850586,4.056636810302734,0.4985000491142273,0.1873205155134201,-0.031816158443689346,0.5606620907783508
522,36.94548416137695,4.019763946533203,0.5020624995231628,0.18735915422439575,-0.03573521226644516,0.5798994898796082
523,36.966819763183594,4.092694282531738,0.502625048160553,0.18740834295749664,-0.061097368597984314,0.5870187878608704
524,36.988990783691406,4.139270305633545,0.49947503209114075,0.1873985081911087,-0.04115304723381996,0.5646504163742065
525,37.017417907714844,4.175346851348877,0.5002375245094299,0.18740294873714447,-0.02463560923933983,0.5576165914535522
526,37.040382385253906,4.245284557342529,0.5012625455856323,0.1874266117811203,-0.03644423931837082,0.5457332730293274
527,36.95072555541992,3.987478256225586,0.5030750632286072,0.1874842494726181,-0.03362993896007538,0.5400468707084656
528,36.997867584228516,4.196301460266113,0.503350019454956,0.18754705786705017,-0.04886540770530701,0.568062424659729
529,37.06990432739258,4.3317551612854,0.49845001101493835,0.18751800060272217,-0.050818733870983124,0.5699337124824524
530,36.96796798706055,4.0922346115112305,0.5006124973297119,0.18752948939800262,-0.04019657149910927,0.5609428286552429
531,37.01564025878906,4.058139801025391,0.5021500587463379,0.18756981194019318,-0.005295188166201115,0.5723412036895752
532,37.043907165527344,4.149142265319824,0.4980500042438507,0.18753322958946228,-0.020727602764964104,0.5351387858390808
533,36.93001174926758,4.008455276489258,0.49863752722740173,0.18750767409801483,-0.010362975299358368,0.567838191986084
534,36.98369216918945,4.05038595199585,0.5016125440597534,0.18753792345523834,-0.04269379749894142,0.5761621594429016
535,36.93595886230469,4.033411502838135,0.49925002455711365,0.18752385675907135,-0.039475876837968826,0.5333203673362732
536,37.01381301879883,4.240426063537598,0.4980250597000122,0.18748682737350464,-0.04760207608342171,0.567364513874054
537,37.01581573486328,4.20458984375,0.5010875463485718,0.18750721216201782,-0.0345885343849659,0.5446176528930664
538,37.030479431152344,4.205513000488281,0.5010250210762024,0.18752643465995789,-0.027310943230986595,0.566267728805542
539,37.00947570800781,4.226555347442627,0.4967125356197357,0.18746478855609894,-0.020665379241108894,0.5655257701873779
540,37.00461959838867,4.168355941772461,0.4974125325679779,0.18741628527641296,-0.04066101089119911,0.5827251076698303
541,36.972450256347656,4.09782600402832,0.5034875273704529,0.18748165667057037,-0.05385701358318329,0.5580959320068359
542,36.933101654052734,4.010653018951416,0.497512549161911,0.18743503093719482,-0.02879428304731846,0.5696204900741577
543,36.96257781982422,3.9976603984832764,0.5004250407218933,0.18744300305843353,-0.013662006705999374,0.5620870590209961
544,36.995601654052734,4.127139091491699,0.5029000639915466,0.1874973624944687,-0.017698490992188454,0.557399570941925
545,36.95804977416992,4.055501937866211,0.5007375478744507,0.18751119077205658,-0.0037977963220328093,0.5454900860786438
546,36.983306884765625,4.084444999694824,0.5039500594139099,0.1875852644443512,-0.019471539184451103,0.5471622347831726
547,37.021385192871094,4.255703926086426,0.49943751096725464,0.18757471442222595,-0.013344796374440193,0.5647714734077454
548,37.04690170288086,4.2357940673828125,0.49537503719329834,0.18748795986175537,-0.039945755153894424,0.5704832673072815
549,36.92457580566406,4.00567626953125,0.49777504801750183,0.1874462366104126,-0.04924881458282471,0.5774325132369995
550,36.944358825683594,4.043413162231445,0.5002999901771545,0.18745186924934387,-0.062967449426651,0.5705886483192444
551,37.005924224853516,4.250766754150391,0.5014750361442566,0.18747951090335846,-0.03958798199892044,0.5741742849349976
552,37.0401611328125,4.196204662322998,0.5025500655174255,0.18752731382846832,-0.03304458037018776,0.5811182260513306
553,36.973243713378906,4.052352428436279,0.4991125464439392,0.1875106692314148,-0.01633337512612343,0.5673443675041199
554,36.964630126953125,4.060396671295166,0.5050875544548035,0.1876060664653778,-0.07492436468601227,0.5660533905029297
555,36.98597717285156,4.1472086906433105,0.5018375515937805,0.18764053285121918,-0.05714010074734688,0.5446686744689941
556,36.92204284667969,4.001587390899658,0.5013499855995178,0.18766584992408752,-0.034656789153814316,0.5479210615158081
557,37.005802154541016,4.123149394989014,0.499037504196167,0.18764778971672058,-0.04614870250225067,0.5617997050285339
558,36.97692108154297,4.120819091796875,0.5015750527381897,0.18767733871936798,-0.03202660009264946,0.5633735060691833
559,37.0265998840332,4.2149658203125,0.4978000223636627,0.18763604760169983,-0.01642671227455139,0.5681523680686951
560,36.98345947265625,4.144294738769531,0.5009750723838806,0.18765434622764587,-0.02412748709321022,0.5765897631645203
561,36.95109176635742,4.119568347930908,0.4994875192642212,0.18764472007751465,0.011309142224490643,0.5550608038902283
562,36.989166259765625,4.101546287536621,0.49483755230903625,0.18754784762859344,-0.032991353422403336,0.5554680228233337
563,37.007022857666016,4.193098545074463,0.5036625266075134,0.1876165270805359,-0.07118216156959534,0.5758478045463562
564,37.051517486572266,4.088287353515625,0.5001500248908997,0.18761934340000153,-0.026524057611823082,0.5739998817443848
565,36.95872497558594,3.9981744289398193,0.503012478351593,0.1876758635044098,-0.05425173416733742,0.5423886179924011
566,37.003868103027344,4.1192121505737305,0.5000625252723694,0.1876770257949829,-0.09323979914188385,0.5593027472496033
567,36.98509216308594,4.213057518005371,0.5009750127792358,0.18769532442092896,-0.029728738591074944,0.5512297749519348
568,36.90618133544922,3.9816906452178955,0.5023124814033508,0.18773873150348663,-0.07086754590272903,0.5648769736289978
569,36.95421600341797,4.0417985916137695,0.5011125206947327,0.1877596080303192,-0.032996177673339844,0.5729413628578186
570,37.03450393676758,4.194218635559082,0.5010625123977661,0.18777954578399658,-0.04975283518433571,0.5716866254806519
571,36.93134689331055,4.0299601554870605,0.49826252460479736,0.18774691224098206,-0.059732288122177124,0.5705221891403198
572,36.939208984375,4.03001594543457,0.4987250566482544,0.18772298097610474,-0.02129628323018551,0.5708376169204712
573,36.984432220458984,4.199714660644531,0.4976250231266022,0.18767839670181274,-0.024234512820839882,0.5583502054214478
574,36.946434020996094,3.99880051612854,0.49842503666877747,0.18764884769916534,-0.031999144703149796,0.5662263631820679
575,36.9341926574707,3.989281177520752,0.4981500506401062,0.18761412799358368,-0.04510403051972389,0.5520221590995789
576,36.915283203125,4.061781883239746,0.5034124851226807,0.18767815828323364,-0.014011024497449398,0.571662187576294
577,36.97938537597656,4.164307594299316,0.5014874935150146,0.1877060830593109,-0.05739230662584305,0.5794391632080078
578,36.945491790771484,4.13416862487793,0.5008125305175781,0.1877213418483734,-0.0585598349571228,0.5611212253570557
579,36.959327697753906,4.099132061004639,0.5038250088691711,0.18779315054416656,-0.03087020106613636,0.5589252710342407
580,36.92624282836914,4.022912502288818,0.5022875070571899,0.18783611059188843,-0.04385760799050331,0.5786525011062622
581,36.977378845214844,4.063931465148926,0.503125011920929,0.187894806265831,-0.04240503907203674,0.5773029327392578
582,36.95108413696289,4.035252571105957,0.4979000389575958,0.18785534799098969,-0.022703759372234344,0.5561971664428711
583,36.942283630371094,4.073703289031982,0.5002750754356384,0.18786051869392395,-0.0643795058131218,0.5511484742164612
584,37.015357971191406,4.06473970413208,0.5001750588417053,0.1878638118505478,-0.03898666426539421,0.5566482543945312
585,37.00042724609375,4.22635555267334,0.5019750595092773,0.18790091574192047,-0.025023922324180603,0.5852199196815491
586,37.00075149536133,4.134799003601074,0.4996750056743622,0.187894806265831,-0.032065197825431824,0.556370735168457
587,36.885658264160156,3.9962685108184814,0.5016000866889954,0.18792486190795898,0.004759940318763256,0.548821747303009
588,37.014320373535156,4.151881694793701,0.4994000494480133,0.18791358172893524,-0.05651165172457695,0.5773978233337402
589,37.0213737487793,4.102866172790527,0.4954000413417816,0.18782714009284973,-0.05134519562125206,0.5786253809928894
590,37.0004768371582,4.043027400970459,0.5030875205993652,0.1878851354122162,-0.033984772861003876,0.5522772669792175
591,36.99530029296875,4.095949172973633,0.4974000155925751,0.18783628940582275,-0.0182272307574749,0.5680462121963501
592,37.012474060058594,4.16525936126709,0.4982375204563141,0.18780317902565002,-0.024652468040585518,0.5513558983802795
593,36.94499969482422,4.0702805519104,0.4953000247478485,0.18771491944789886,-0.06317707896232605,0.5881456732749939
594,37.061580657958984,4.205044269561768,0.5040625333786011,0.18779118359088898,0.0009815121302381158,0.5713642835617065
595,37.00265884399414,4.124048233032227,0.49858754873275757,0.18776465952396393,-0.04000455513596535,0.5659911036491394
596,36.98075866699219,3.983668327331543,0.5002999901771545,0.1877703070640564,-0.04573803022503853,0.5603857636451721
597,36.913124084472656,3.997354507446289,0.5004000067710876,0.1877778321504593,-0.014924384653568268,0.5645737648010254
598,37.00007629394531,4.108636379241943,0.4984250068664551,0.1877482682466507,-0.010354935191571712,0.5672224164009094
599,37.051368713378906,4.184303283691406,0.4956125319004059,0.1876658946275711,-0.05236920341849327,0.5480936765670776
600,37.0745849609375,4.313000679016113,0.4986250102519989,0.18764008581638336,-0.037056323140859604,0.5560848116874695
601,37.041996002197266,4.15242862701416,0.5027750730514526,0.18769216537475586,-0.052726853638887405,0.5601687431335449
602,36.936466217041016,4.060523509979248,0.49834999442100525,0.18766120076179504,-0.05871805176138878,0.543514609336853
603,36.98442459106445,4.140769004821777,0.499687522649765,0.18765534460544586,-0.03855309635400772,0.5706948041915894
604,37.00345993041992,4.187430381774902,0.5023750066757202,0.18769989907741547,-0.0481601282954216,0.5606839060783386
605,36.92417907714844,3.923159122467041,0.49890002608299255,0.187679260969162,-0.010505522601306438,0.584461510181427
606,37.024444580078125,4.289527416229248,0.5006375312805176,0.18769122660160065,-0.03927420824766159,0.5527969598770142
607,36.98331832885742,4.070595741271973,0.4990375339984894,0.1876731663942337,-0.04087253287434578,0.5691059827804565
608,37.007633209228516,4.2289652824401855,0.4993875324726105,0.18766166269779205,-0.05847691372036934,0.5574244856834412
609,36.933143615722656,3.994899272918701,0.49826252460479736,0.18762905895709991,-0.038931954652071,0.5540751218795776
610,36.99908447265625,4.262081146240234,0.49922505021095276,0.18761451542377472,-0.026153625920414925,0.5689138770103455
611,36.98643493652344,4.016308307647705,0.4991375505924225,0.1875983327627182,-0.004727507010102272,0.5586866736412048
612,37.00214385986328,4.0478835105896,0.5020875334739685,0.18763749301433563,-0.029403112828731537,0.5643470287322998
613,36.9974250793457,4.130105972290039,0.49918752908706665,0.18762224912643433,-0.021681729704141617,0.5487176775932312
614,36.97465896606445,4.101309776306152,0.5028500556945801,0.18767572939395905,-0.06211136654019356,0.577765941619873
615,36.9830436706543,4.138614177703857,0.5023000240325928,0.18771888315677643,-0.04879125580191612,0.5923227667808533
616,36.932716369628906,3.979416608810425,0.50166255235672,0.18775010108947754,-0.045840222388505936,0.5639528632164001
617,36.950294494628906,4.109554290771484,0.5006875395774841,0.1877630203962326,-0.04664970934391022,0.5832822322845459
618,36.958534240722656,4.094029426574707,0.502637505531311,0.18781253695487976,-0.062127016484737396,0.5873444676399231
619,36.946998596191406,4.027065753936768,0.5030750632286072,0.18787029385566711,-0.06719696521759033,0.5637152791023254
620,37.005523681640625,4.074919700622559,0.5018875002861023,0.18790574371814728,-0.027172965928912163,0.5519656538963318
621,36.94026184082031,4.001118183135986,0.5019124746322632,0.18794167041778564,-0.04589162766933441,0.5679842829704285
622,36.98296356201172,4.111781597137451,0.4974125027656555,0.18789304792881012,-0.02909540943801403,0.5876685380935669
623,36.99208450317383,4.151271343231201,0.4974749982357025,0.1878456026315689,-0.03589686006307602,0.5751426815986633
624,37.031150817871094,4.141686916351318,0.49810004234313965,0.18780991435050964,-0.017007295042276382,0.5655918121337891
625,36.98273849487305,4.154068470001221,0.5032625198364258,0.18787118792533875,-0.046528108417987823,0.5757116675376892
626,36.955291748046875,3.9872658252716064,0.5008124709129333,0.18788646161556244,-0.04859688878059387,0.5517746806144714
627,36.94158935546875,4.043467998504639,0.4986875355243683,0.18786180019378662,-0.013717705383896828,0.5806734561920166
628,37.0028076171875,4.158504962921143,0.5006000399589539,0.18787306547164917,-0.07182501256465912,0.5751160979270935
629,36.972225189208984,4.19155740737915,0.5037000179290771,0.18794257938861847,-0.04102230444550514,0.5754173398017883
630,36.9284782409668,3.959932565689087,0.5035125613212585,0.1880086064338684,-0.023152217268943787,0.5669930577278137
631,36.940208435058594,4.047673225402832,0.5046875476837158,0.18809673190116882,-0.06288754940032959,0.5620025396347046
632,37.016815185546875,4.086601734161377,0.5026125311851501,0.18814587593078613,-0.050292398780584335,0.5684241652488708
633,36.951080322265625,3.9875235557556152,0.4993000328540802,0.18813270330429077,-0.04428351670503616,0.5391973257064819
634,37.016151428222656,4.052448749542236,0.4991750121116638,0.18811717629432678,-0.04986102879047394,0.5775308609008789
635,37.00374221801758,4.031380653381348,0.49698755145072937,0.18806050717830658,-0.033867210149765015,0.5538493990898132
636,36.9747200012207,4.010522842407227,0.49852505326271057,0.18803276121616364,-0.02354186400771141,0.5696414113044739
637,37.03313064575195,4.113572120666504,0.5006875395774841,0.1880456954240799,-0.04373898357152939,0.5606088638305664
638,36.93068313598633,4.017523288726807,0.5007374882698059,0.18805956840515137,-0.04574064537882805,0.5748902559280396
639,36.93489456176758,4.076138973236084,0.4967375695705414,0.1879982203245163,-0.04409529268741608,0.5606895685195923
640,36.95051193237305,4.047941207885742,0.5004000067710876,0.1880057454109192,-0.06812065839767456,0.5536891222000122
641,36.91341781616211,4.026554107666016,0.5030125379562378,0.188062384724617,-0.030463291332125664,0.5830663442611694
642,37.02092361450195,4.221196174621582,0.4971875250339508,0.18800948560237885,-0.02195592038333416,0.5463145971298218
643,37.0012092590332,4.133309841156006,0.49668753147125244,0.18794721364974976,0.0002309179399162531,0.5657173991203308
644,36.95082473754883,3.9562158584594727,0.49720001220703125,0.18789458274841309,-0.017208576202392578,0.5458008050918579
645,36.9891242980957,4.0546875,0.4990125596523285,0.18787603080272675,-0.009518197737634182,0.5489690899848938
646,36.97610092163086,4.027623176574707,0.49806252121925354,0.18783962726593018,-0.037182312458753586,0.5789722204208374
647,36.98357009887695,4.124660015106201,0.498537540435791,0.18781214952468872,-0.009765935130417347,0.5882127285003662
648,36.938926696777344,4.036547660827637,0.4982500374317169,0.1877792775630951,-0.02974146045744419,0.5787804126739502
649,36.90009307861328,3.881263017654419,0.5013625025749207,0.18780486285686493,-0.03937648981809616,0.5509608387947083
650,36.984127044677734,4.088768482208252,0.4999375343322754,0.18780368566513062,-0.05422822758555412,0.5540854334831238
651,37.003273010253906,4.11824369430542,0.49646255373954773,0.18773725628852844,-0.014965005218982697,0.5651050806045532
652,37.02366256713867,4.137293815612793,0.501412570476532,0.1877637803554535,-0.010027864016592503,0.5637885928153992
653,36.928558349609375,3.9969584941864014,0.4990500211715698,0.18774594366550446,-0.038448914885520935,0.5590239763259888
654,36.995758056640625,4.0792012214660645,0.5002250075340271,0.1877501755952835,-0.04699122533202171,0.5743593573570251
655,36.963966369628906,3.9591355323791504,0.5023499727249146,0.1877942830324173,-0.04480062797665596,0.5576282143592834
656,36.948143005371094,4.0954179763793945,0.5008249878883362,0.1878097802400589,-0.04310372471809387,0.5959041714668274
657,36.9665641784668,4.075022220611572,0.5013625621795654,0.18783536553382874,-0.05910138040781021,0.5511398911476135
658,36.918495178222656,3.9184415340423584,0.5004374980926514,0.18784357607364655,-0.04073115065693855,0.5407363772392273
659,36.94974136352539,4.025717735290527,0.4984250068664551,0.18781399726867676,-0.04054972901940346,0.5518225431442261
660,36.920570373535156,4.038703441619873,0.49886253476142883,0.18779264390468597,-0.06917010992765427,0.5822415947914124
661,36.94009017944336,3.9922115802764893,0.4995250403881073,0.18778371810913086,-0.020463526248931885,0.5544896721839905
662,36.93391418457031,3.9717912673950195,0.49710002541542053,0.18772926926612854,-0.025535447522997856,0.5723936557769775
663,36.95328903198242,4.059935569763184,0.49781250953674316,0.1876882016658783,-0.07631710916757584,0.564156174659729
664,37.02631759643555,4.250614643096924,0.4978625178337097,0.18764808773994446,-0.04126953333616257,0.5442048907279968
665,36.930885314941406,4.000459671020508,0.4986250102519989,0.1876222789287567,-0.06079590693116188,0.5676848292350769
666,36.95375442504883,3.9957804679870605,0.49890005588531494,0.18760164082050323,-0.05508764088153839,0.5496848225593567
667,36.96757507324219,4.067936897277832,0.49723750352859497,0.18754981458187103,-0.050035975873470306,0.5450030565261841
668,36.9395866394043,3.9916415214538574,0.5067999958992004,0.18767733871936798,-0.029647525399923325,0.5827333331108093
669,36.97431182861328,4.047389030456543,0.5008125305175781,0.18769259750843048,-0.0500558502972126,0.5838064551353455
670,36.94969177246094,3.994910478591919,0.49963751435279846,0.1876858025789261,-0.03056345134973526,0.5734717845916748
671,36.93756103515625,3.9461700916290283,0.4989375174045563,0.18766584992408752,-0.05084969103336334,0.5627739429473877
672,36.94944763183594,4.032949447631836,0.4946250319480896,0.18756498396396637,-0.028363507241010666,0.5812122821807861
673,36.941871643066406,4.084409236907959,0.5018250346183777,0.18759921193122864,-0.047303784638643265,0.5793551206588745
674,36.97993469238281,4.066766738891602,0.4985250234603882,0.18757154047489166,-0.04583948850631714,0.5583553910255432
675,36.931915283203125,4.009705066680908,0.4992000460624695,0.18755653500556946,-0.053080301731824875,0.5545333623886108
676,36.97385025024414,4.074985980987549,0.500837504863739,0.18757225573062897,-0.03186042979359627,0.5421629548072815
677,36.91130065917969,3.893885850906372,0.5007624626159668,0.18758656084537506,-0.06320053339004517,0.576200008392334
678,37.056583404541016,4.0635786056518555,0.5045125484466553,0.18767119944095612,0.010252770967781544,0.5621672868728638
679,36.9511833190918,3.991316795349121,0.5005000233650208,0.18768057227134705,-0.04443792253732681,0.5694215297698975
680,36.934200286865234,3.931873321533203,0.49990004301071167,0.18767869472503662,-0.06288914382457733,0.5586935877799988
681,36.967559814453125,4.151611804962158,0.5000249743461609,0.18767917156219482,-0.03158453851938248,0.5532140135765076
682,36.9542350769043,4.095348358154297,0.5007250308990479,0.1876927763223648,-0.05263354256749153,0.573934018611908
683,36.93933868408203,3.993304967880249,0.49812501668930054,0.18765757977962494,-0.047326792031526566,0.5509359240531921
684,36.993675231933594,4.166314125061035,0.500575065612793,0.18766836822032928,-0.03671783208847046,0.5554091930389404
685,36.93870162963867,3.8955695629119873,0.4945250451564789,0.1875656247138977,-0.045857809484004974,0.5519757270812988
686,36.93214797973633,3.99076509475708,0.49813753366470337,0.18753068149089813,-0.03160121664404869,0.5441518425941467
687,36.97693634033203,4.061868190765381,0.5002250075340271,0.18753491342067719,-0.04136430844664574,0.5808791518211365
688,36.974891662597656,4.057314395904541,0.49633756279945374,0.18746621906757355,-0.02967635542154312,0.5639400482177734
689,36.96944808959961,4.00341796875,0.498287558555603,0.187434121966362,-0.07778393477201462,0.5515034198760986
690,37.00039291381836,4.16875696182251,0.5033625364303589,0.18749715387821198,-0.05387245491147041,0.5744714140892029
691,36.95668411254883,3.9964475631713867,0.5005125403404236,0.187506765127182,-0.020547635853290558,0.5463568568229675
692,36.96295928955078,4.082629680633545,0.4993000030517578,0.18749363720417023,-0.021757908165454865,0.5503417253494263
693,37.0201416015625,4.1680097579956055,0.49986252188682556,0.1874910593032837,-0.04064367339015007,0.5792964696884155
694,36.90358352661133,3.897322654724121,0.5001250505447388,0.18749339878559113,-0.025467876344919205,0.5580770969390869
695,36.96484375,4.008671760559082,0.500825047492981,0.18750886619091034,-0.030146870762109756,0.5822334885597229
696,36.983848571777344,4.059850692749023,0.4992000460624695,0.18749386072158813,-0.0413522906601429,0.5548975467681885
697,36.95304870605469,4.03663444519043,0.500462532043457,0.18750253319740295,-0.06825647503137589,0.5498402118682861
698,36.97934341430664,4.136142253875732,0.500825047492981,0.18751800060272217,-0.058575861155986786,0.5531448721885681
699,36.9338264465332,3.9832518100738525,0.4958750307559967,0.1874406486749649,-0.04350602999329567,0.5648446679115295
700,36.968196868896484,3.9941201210021973,0.49570003151893616,0.18736004829406738,-0.02833683229982853,0.5638687014579773
701,36.97496795654297,4.03784704208374,0.5003625154495239,0.18736684322357178,-0.024393776431679726,0.554335355758667
702,36.93880844116211,3.9623920917510986,0.500462532043457,0.1873755156993866,-0.005956009961664677,0.5765064358711243
703,36.97344207763672,3.9919040203094482,0.500700056552887,0.18738862872123718,-0.015253230929374695,0.5708499550819397
704,37.03328323364258,4.162492275238037,0.5033875107765198,0.18745210766792297,-0.0348464772105217,0.5621243119239807
705,36.99371337890625,4.089214324951172,0.5012875199317932,0.187476247549057,-0.04252289980649948,0.5670850276947021
706,36.906593322753906,3.887042760848999,0.501287579536438,0.18750038743019104,-0.025014596059918404,0.5852600336074829
707,37.01080322265625,4.1473469734191895,0.5025749802589417,0.1875486671924591,-0.04873047024011612,0.5596747994422913
708,36.969215393066406,4.068362712860107,0.49816253781318665,0.18751420080661774,-0.06716693192720413,0.5635648965835571
709,37.012386322021484,4.142237186431885,0.49858754873275757,0.18748770654201508,-0.046954989433288574,0.5530735850334167
710,36.94456100463867,4.06394624710083,0.5001500248908997,0.1874905228614807,-0.03874203562736511,0.5572309494018555
711,37.01337432861328,4.119360446929932,0.5008500814437866,0.18750645220279694,0.00047109604929573834,0.5656947493553162
712,36.98456573486328,4.1227216720581055,0.4970000088214874,0.18745020031929016,-0.028099892660975456,0.5409672260284424
713,37.034358978271484,4.09874963760376,0.5041250586509705,0.18752752244472504,-0.03445710986852646,0.5491728186607361
714,37.00400161743164,4.126402854919434,0.4994875192642212,0.187517911195755,-0.05117493122816086,0.558700442314148
715,36.888526916503906,3.8981544971466064,0.5019500255584717,0.1875544786453247,-0.04462628439068794,0.5681681036949158
716,36.9966926574707,4.0788702964782715,0.5042250752449036,0.1876337230205536,-0.05449885129928589,0.5590494871139526
717,36.944602966308594,4.018233776092529,0.5010250210762024,0.18765296041965485,-0.021075036376714706,0.5666431188583374
718,37.02274703979492,4.100212574005127,0.49608755111694336,0.18757954239845276,-0.051708512008190155,0.5646069645881653
719,36.92874526977539,3.9872775077819824,0.5035750269889832,0.18764659762382507,-0.0040218764916062355,0.5504490733146667
720,36.94126892089844,4.032512664794922,0.4986250102519989,0.18762078881263733,-0.06020863726735115,0.5504410862922668
721,36.97885513305664,4.064266681671143,0.49810004234313965,0.18758513033390045,-0.00909141730517149,0.5642369389533997
722,37.040077209472656,4.0759077072143555,0.49861252307891846,0.1875590980052948,-0.02583458460867405,0.5651204586029053
723,36.958824157714844,3.945298433303833,0.4987625479698181,0.18753589689731598,-0.03951592370867729,0.554277241230011
724,37.028263092041016,4.095853328704834,0.5022250413894653,0.18757762014865875,-0.03018750436604023,0.5507707595825195
725,36.97700119018555,4.09251070022583,0.4949125051498413,0.18748219311237335,-0.029776912182569504,0.5650478601455688
726,37.01844787597656,4.099249839782715,0.4977250397205353,0.18743954598903656,-0.05340687185525894,0.5726159811019897
727,37.01774978637695,4.170934677124023,0.49777504801750183,0.18739783763885498,-0.03694521635770798,0.5504141449928284
728,36.93169021606445,3.9276368618011475,0.5019375085830688,0.1874341368675232,-0.02263844758272171,0.560075044631958
729,36.97140884399414,3.978114366531372,0.5011000037193298,0.18745476007461548,-0.03616208955645561,0.5488360524177551
730,36.97871780395508,4.011231899261475,0.49852505326271057,0.1874271035194397,-0.04059097543358803,0.5726565718650818
731,37.058982849121094,4.175517559051514,0.49925002455711365,0.1874130517244339,-0.07146026194095612,0.5180508494377136
732,37.01209259033203,4.065844535827637,0.49908751249313354,0.18739594519138336,-0.050842128694057465,0.5508476495742798
733,36.96242904663086,4.039909839630127,0.4996500313282013,0.18738938868045807,-0.037735238671302795,0.5539227724075317
734,36.92036056518555,3.917867660522461,0.5013124942779541,0.1874139904975891,-0.03114655800163746,0.5695096254348755
735,36.977230072021484,4.021735191345215,0.499750018119812,0.18740931153297424,-0.07025239616632462,0.5488958358764648
736,36.914276123046875,3.963271141052246,0.5012249946594238,0.18743227422237396,-0.02697158232331276,0.556419312953949
737,36.951847076416016,3.973647356033325,0.499875009059906,0.18742993474006653,-0.014494957402348518,0.5426580905914307
738,36.97421646118164,4.086837291717529,0.49781250953674316,0.18738894164562225,-0.03636322170495987,0.5577335953712463
739,37.003761291503906,4.113714694976807,0.49845004081726074,0.18735989928245544,-0.06479667872190475,0.5524704456329346
740,36.916664123535156,3.865163564682007,0.5009125471115112,0.18737700581550598,-0.03610529378056526,0.5700013041496277
741,36.989830017089844,4.0784912109375,0.5011749863624573,0.1873990297317505,-0.027997706085443497,0.5696418881416321
742,37.002525329589844,4.053692817687988,0.5019500255584717,0.187435582280159,-0.05790499225258827,0.5643841624259949
743,37.05699920654297,4.1963887214660645,0.5044125318527222,0.18751829862594604,-0.04306483641266823,0.5815752148628235
744,36.975921630859375,3.955146551132202,0.5029250383377075,0.1875731498003006,-0.05760851502418518,0.5652130246162415
745,36.94295120239258,3.8667845726013184,0.4986249804496765,0.18754735589027405,-0.0405675508081913,0.5782866477966309
746,37.041500091552734,4.0903215408325195,0.500575065612793,0.1875581294298172,-0.0030534188263118267,0.5547000765800476
747,37.044925689697266,4.174739837646484,0.5021250247955322,0.18759799003601074,-0.010497769340872765,0.564451277256012
748,37.027103424072266,4.1031060218811035,0.5017000436782837,0.18762987852096558,-0.023841900750994682,0.5681528449058533
749,36.918060302734375,3.901620864868164,0.49748751521110535,0.18758274614810944,-0.03220655769109726,0.5587131977081299
750,36.953857421875,4.013742446899414,0.5042875409126282,0.18766318261623383,-0.061118993908166885,0.5734570026397705
751,36.97721862792969,3.9968576431274414,0.4973500072956085,0.18761345744132996,-0.02442498877644539,0.5423956513404846
752,36.94568634033203,3.9302451610565186,0.496025025844574,0.18753887712955475,-0.04122551530599594,0.5589388608932495
753,37.03111267089844,4.017279148101807,0.5016375184059143,0.18756958842277527,-0.026591714471578598,0.5530120134353638
754,36.97174072265625,3.9760169982910156,0.4987875521183014,0.18754684925079346,-0.011687999591231346,0.5774336457252502
755,37.031803131103516,4.162454128265381,0.500700056552887,0.18755997717380524,-0.017826156690716743,0.5598646998405457
756,36.99005889892578,4.091272354125977,0.5004125833511353,0.18756771087646484,-0.04287669062614441,0.5523762106895447
757,36.927337646484375,3.95161509513855,0.5008749961853027,0.18758411705493927,-0.0399913489818573,0.5699392557144165
758,36.98777389526367,4.077588081359863,0.5024625062942505,0.1876303106546402,-0.03879014402627945,0.5663052201271057
759,36.97923278808594,4.063877582550049,0.499562531709671,0.1876221001148224,-0.05075933411717415,0.5552800297737122
760,36.93632888793945,3.9897632598876953,0.49742504954338074,0.18757379055023193,-0.05877811089158058,0.56162428855896
761,37.02436828613281,4.031219959259033,0.4994625449180603,0.1875637024641037,-0.00577056547626853,0.5467910766601562
762,37.05678939819336,4.14343786239624,0.5019500255584717,0.1876002848148346,-0.034303102642297745,0.5586057901382446
763,37.01019287109375,4.011929988861084,0.5000250339508057,0.1876007616519928,-0.01097052451223135,0.5509876608848572
764,36.98164749145508,4.058311462402344,0.5042375326156616,0.18768025934696198,-0.054229170083999634,0.5628077387809753
765,36.90524673461914,3.953263998031616,0.49807503819465637,0.1876441240310669,-0.036713697016239166,0.5802537798881531
766,36.92711639404297,3.952860116958618,0.5018625259399414,0.18767906725406647,-0.0526060126721859,0.5737610459327698
767,36.934444427490234,3.988895893096924,0.49925002455711365,0.18766500055789948,-0.04131925106048584,0.5489504337310791
768,36.963924407958984,4.003467559814453,0.5006000399589539,0.18767625093460083,-0.03365116938948631,0.5625430941581726
769,36.98617935180664,4.043758869171143,0.5011000037193298,0.1876969039440155,-0.04433842748403549,0.5702435970306396
770,36.9867057800293,4.067368984222412,0.5018750429153442,0.18773210048675537,-0.04827864468097687,0.5500403642654419
771,36.98255920410156,3.993724822998047,0.4963875412940979,0.18766428530216217,-0.04033780097961426,0.5623210668563843
772,37.010066986083984,4.151413440704346,0.5018000602722168,0.18769806623458862,-0.05276789516210556,0.5835304260253906
773,36.954139709472656,4.048457145690918,0.5001875162124634,0.18770158290863037,-0.028612744063138962,0.5527052879333496
774,36.93994140625,4.017014026641846,0.5018625259399414,0.18773654103279114,-0.0456538125872612,0.5774981379508972
775,36.97370529174805,4.029679775238037,0.4980250597000122,0.18769946694374084,-0.04641008377075195,0.5700533986091614
776,36.92836380004883,3.9028801918029785,0.49547505378723145,0.1876145303249359,-0.0436035692691803,0.5666087865829468
777,36.966896057128906,3.968728542327881,0.49787506461143494,0.18757466971874237,0.01822481118142605,0.5601168870925903
778,37.022705078125,4.056351184844971,0.502512514591217,0.1876218020915985,-0.03215881809592247,0.5553624033927917
779,36.91994094848633,3.873279571533203,0.501287579536438,0.18764595687389374,-0.03202120214700699,0.5701076984405518
780,36.9919548034668,4.0573859214782715,0.49931252002716064,0.18763306736946106,-0.059490855783224106,0.5636885762214661
781,37.00590896606445,3.9788942337036133,0.49857503175735474,0.1876063197851181,-0.013022017665207386,0.5529425144195557
782,36.98839569091797,3.9477715492248535,0.49761250615119934,0.1875615268945694,-0.02664215676486492,0.5355406999588013
783,37.04560089111328,4.083842754364014,0.49822503328323364,0.18752823770046234,-0.018970467150211334,0.5484126806259155
784,37.01799392700195,4.107417583465576,0.502037525177002,0.18756644427776337,-0.037373773753643036,0.5473436713218689
785,36.98481750488281,4.087780475616455,0.49746251106262207,0.18751884996891022,-0.03973113372921944,0.5554360747337341
786,36.99238967895508,3.9637768268585205,0.5000500679016113,0.18751978874206543,-0.06554953008890152,0.5683803558349609
787,36.952857971191406,4.064179420471191,0.5004125237464905,0.18752752244472504,-0.03615909069776535,0.5588184595108032
788,36.97478103637695,4.013957977294922,0.4988750219345093,0.18750643730163574,-0.029149280861020088,0.5863822102546692
789,36.980934143066406,4.0185322761535645,0.5001625418663025,0.1875094771385193,-0.01530903484672308,0.5476921200752258
790,37.0666389465332,4.189016819000244,0.4990125298500061,0.18749095499515533,-0.03014606237411499,0.5777295231819153
791,37.01187515258789,4.099764347076416,0.5,0.18749095499515533,-0.015797743573784828,0.5743536353111267
792,37.065982818603516,4.211748123168945,0.4958500564098358,0.18741315603256226,-0.01635890267789364,0.5521472096443176
793,36.97770309448242,3.981734275817871,0.5021250247955322,0.1874529868364334,-0.050277501344680786,0.5851101875305176
794,37.00514221191406,4.143247127532959,0.49972501397132874,0.18744783103466034,-0.010749617591500282,0.5445451736450195
795,36.95159149169922,3.917842149734497,0.5016875267028809,0.18747946619987488,-0.06844101846218109,0.557171642780304
796,36.89042663574219,3.8715920448303223,0.5060125589370728,0.18759219348430634,-0.027683230116963387,0.5823416709899902
797,36.95259475708008,3.9389960765838623,0.4992125332355499,0.18757742643356323,-0.03637460619211197,0.5617458820343018
798,37.02899932861328,4.100005149841309,0.502625048160553,0.1876266598701477,-0.049548808485269547,0.5479854941368103
799,36.889835357666016,3.948453664779663,0.4997750520706177,0.18762244284152985,-0.042121291160583496,0.5473976135253906
800,36.89940643310547,4.033139705657959,0.5038999915122986,0.18769562244415283,-0.03627459704875946,0.552570104598999
801,36.93354034423828,4.009858131408691,0.5016124844551086,0.18772590160369873,-0.05556565523147583,0.563130795955658
802,36.94974136352539,3.9916491508483887,0.5031500458717346,0.18778502941131592,-0.07413224130868912,0.5809957981109619
803,36.95075988769531,4.00765323638916,0.5004374980926514,0.18779323995113373,-0.024156751111149788,0.5618112683296204
804,36.91819381713867,3.949369430541992,0.5001250505447388,0.18779559433460236,-0.04572536051273346,0.5690842866897583
805,37.031124114990234,4.143773555755615,0.4972875416278839,0.1877446472644806,-0.07158075273036957,0.5610687136650085
806,36.94537353515625,3.98343825340271,0.5041875243186951,0.18782326579093933,-0.03915431350469589,0.5729849934577942
807,36.97292709350586,3.972069263458252,0.49601253867149353,0.18774837255477905,-0.03573999181389809,0.5458064079284668
808,37.02483367919922,4.060172080993652,0.49746251106262207,0.18770073354244232,-0.01545215118676424,0.5572299957275391
809,36.96830749511719,3.9769554138183594,0.4938250482082367,0.18758483231067657,-0.0169141236692667,0.5780133605003357
810,36.98782730102539,4.084400177001953,0.4975375235080719,0.18753863871097565,-0.04455241933465004,0.5602332949638367
811,36.971981048583984,3.9426772594451904,0.4980875551700592,0.18750277161598206,-0.011405372992157936,0.5576558709144592
812,36.98591995239258,3.9525747299194336,0.49358755350112915,0.1873825341463089,-0.04899390786886215,0.5470902919769287
813,36.96348190307617,4.023931980133057,0.4940500557422638,0.18727104365825653,-0.035856153815984726,0.5468424558639526
814,37.02750778198242,4.118996620178223,0.4986875355243683,0.18724647164344788,-0.05513809621334076,0.5419813394546509
815,36.96770477294922,3.9995086193084717,0.49740004539489746,0.18719778954982758,-0.05428091064095497,0.5462409853935242
816,37.02879333496094,4.139720916748047,0.49990004301071167,0.18719591200351715,-0.03133213520050049,0.5634257197380066
817,37.002559661865234,4.072850227355957,0.5011500716209412,0.18721744418144226,-0.05296145752072334,0.5610067248344421
818,36.93862533569336,3.876744508743286,0.496550053358078,0.18715286254882812,-0.025176526978611946,0.5459390878677368
819,36.995967864990234,3.962867021560669,0.4986625015735626,0.18712782859802246,-0.0014609156642109156,0.5470259785652161
820,36.957740783691406,4.014895439147949,0.49521252512931824,0.18703824281692505,-0.057641174644231796,0.5455724000930786
821,36.945003509521484,4.0049519538879395,0.5026375651359558,0.18708758056163788,-0.029815737158060074,0.5802919268608093
822,36.97367477416992,4.073211669921875,0.4992750287055969,0.18707402050495148,-0.05132311210036278,0.5556626319885254
823,36.9870491027832,4.114987373352051,0.4996625483036041,0.18706770241260529,-0.057180993258953094,0.5720983147621155
824,36.94810104370117,3.9875545501708984,0.5050875544548035,0.1871628761291504,-0.06444481760263443,0.5428208708763123
825,36.941810607910156,3.9463131427764893,0.50166255235672,0.18719400465488434,-0.05094072222709656,0.5676981210708618
826,36.95105743408203,3.9589829444885254,0.5048375725746155,0.18728455901145935,-0.03304903209209442,0.5753976106643677
827,36.98265075683594,4.027920246124268,0.5021250247955322,0.18732436001300812,-0.037120409309864044,0.5414837598800659
828,36.98704147338867,4.071865081787109,0.505262553691864,0.1874229460954666,-0.016026023775339127,0.5753554105758667
829,36.995567321777344,3.9898412227630615,0.49685004353523254,0.1873639076948166,-0.05341591313481331,0.5680009126663208
830,36.906986236572266,3.9356606006622314,0.5020750164985657,0.18740279972553253,-0.048117417842149734,0.5416088104248047
831,36.99164581298828,4.060298442840576,0.50166255235672,0.18743395805358887,-0.026611367240548134,0.5605027675628662
832,36.970550537109375,3.927462339401245,0.5032750368118286,0.18749533593654633,-0.0606267973780632,0.5703381896018982
833,36.95796585083008,4.0071282386779785,0.49480000138282776,0.18739783763885498,-0.027307836338877678,0.5436508655548096
834,36.990718841552734,4.040555953979492,0.49755001068115234,0.18735192716121674,-0.024209121242165565,0.5532439947128296
835,36.983516693115234,3.923888921737671,0.49631252884864807,0.18728283047676086,-0.018317418172955513,0.5586355924606323
836,36.94541549682617,3.9269964694976807,0.5001000165939331,0.1872847080230713,-0.02322763204574585,0.5723166465759277
837,36.93046188354492,3.9638402462005615,0.5013750195503235,0.18731045722961426,-0.026153113692998886,0.548204243183136
838,36.99361801147461,4.071764945983887,0.49580004811286926,0.18723179399967194,-0.05718082934617996,0.555050253868103
839,36.98332595825195,4.099298000335693,0.49701252579689026,0.18717585504055023,-0.04823144152760506,0.5596982836723328
840,37.03203201293945,4.097621440887451,0.5001875758171082,0.1871793568134308,-0.03197167068719864,0.5545573234558105
841,37.01414489746094,4.015024185180664,0.4981124997138977,0.18714402616024017,0.003037485294044018,0.5553944110870361
842,37.014156341552734,3.9603068828582764,0.5015625357627869,0.1871732771396637,-0.014052135869860649,0.5726953148841858
843,36.98663330078125,3.9146456718444824,0.5039000511169434,0.18724627792835236,0.011543619446456432,0.5470661520957947
844,36.966468811035156,3.95845627784729,0.4950750470161438,0.18715405464172363,-0.07013178616762161,0.5563643574714661
845,36.94843292236328,3.9366204738616943,0.5013625025749207,0.1871795505285263,-0.04534456878900528,0.5462082624435425
846,37.027130126953125,4.164259433746338,0.5004125237464905,0.18718726933002472,-0.06955622881650925,0.57840895652771
847,36.99128723144531,4.115070819854736,0.499750018119812,0.18718259036540985,-0.052968353033065796,0.5538436770439148
848,36.943443298339844,3.941713809967041,0.4976000189781189,0.1871376782655716,-0.0633617639541626,0.5380845069885254
849,37.01541519165039,4.0256218910217285,0.49976253509521484,0.18713323771953583,-0.020601026713848114,0.5635771751403809
850,36.98411560058594,3.9555702209472656,0.5037375092506409,0.18720316886901855,-0.027898333966732025,0.5527598857879639
851,37.02121353149414,4.062763214111328,0.5014500617980957,0.18723030388355255,-0.04707668349146843,0.553766667842865
852,37.00343322753906,4.061907768249512,0.5041000247001648,0.18730705976486206,-0.014929967001080513,0.5577417016029358
853,37.01966857910156,4.078309535980225,0.5023249983787537,0.18735060095787048,-0.013816804625093937,0.5539083480834961
854,36.96302795410156,4.061880111694336,0.5014000535011292,0.18737682700157166,-0.04466972500085831,0.5725980401039124
855,36.949310302734375,4.005789279937744,0.5001749992370605,0.1873801052570343,-0.06735914945602417,0.5920809507369995
856,36.910125732421875,3.977058172225952,0.5024875402450562,0.18742671608924866,-0.056502677500247955,0.5589669346809387
857,36.98091125488281,4.086333274841309,0.4993375539779663,0.18741430342197418,-0.04386017471551895,0.5800102949142456
858,37.0372428894043,4.111881256103516,0.505050003528595,0.1875089406967163,-0.007190941832959652,0.5714290738105774
859,36.97150802612305,3.904695749282837,0.5017000436782837,0.18754081428050995,-0.01658945344388485,0.5497472882270813
860,36.97755432128906,3.9223670959472656,0.49947503209114075,0.18753096461296082,-0.017142919823527336,0.553424596786499
861,36.968997955322266,3.9890694618225098,0.499625027179718,0.18752393126487732,-0.031513649970293045,0.5726748108863831
862,36.889442443847656,3.874084949493408,0.4986250102519989,0.18749815225601196,-0.0019547368865460157,0.5591779947280884
863,36.88969039916992,3.929927349090576,0.49500003457069397,0.18740439414978027,-0.03204357251524925,0.5644999146461487
864,36.99213409423828,4.042133331298828,0.49650001525878906,0.18733879923820496,-0.03978636860847473,0.554012656211853
865,36.93251037597656,3.964738368988037,0.497700035572052,0.18729570508003235,-0.04663220793008804,0.5501440763473511
866,36.99482727050781,4.048696994781494,0.49598753452301025,0.18722055852413177,-0.034244947135448456,0.5379664897918701
867,36.98509979248047,3.9800851345062256,0.4945875108242035,0.18711921572685242,-0.023311924189329147,0.5471869111061096
868,37.06705856323242,4.077495098114014,0.5035625100135803,0.1871858686208725,-0.018940579146146774,0.5570618510246277
869,37.03392791748047,4.0740132331848145,0.5015375018119812,0.187214657664299,-0.022287214174866676,0.5517394542694092
870,36.99174118041992,4.011037349700928,0.4997875392436981,0.18721067905426025,-0.0299494918435812,0.5741896629333496
871,36.9810676574707,4.024008274078369,0.5003875494003296,0.18721793591976166,-0.036617059260606766,0.5639344453811646
872,36.872825622558594,3.8500640392303467,0.5021500587463379,0.18725819885730743,-0.013527428731322289,0.5476699471473694
873,36.94184112548828,3.9523634910583496,0.49943751096725464,0.18724766373634338,-0.05113254114985466,0.566660463809967
874,36.94792938232422,3.9691457748413086,0.4968375563621521,0.18718844652175903,-0.05571753904223442,0.5673381686210632
875,37.01692581176758,4.136282920837402,0.4972125291824341,0.18713626265525818,-0.04472094774246216,0.579663097858429
876,37.00583267211914,3.9983909130096436,0.5020750164985657,0.18717509508132935,-0.034475862979888916,0.5652095675468445
877,36.98659896850586,3.916135549545288,0.5008749961853027,0.18719147145748138,-0.05369307100772858,0.5380872488021851
878,37.00895309448242,4.062290668487549,0.5003499984741211,0.18719802796840668,-0.05266271531581879,0.5621733069419861
879,37.03279113769531,4.14227819442749,0.5026375651359558,0.1872474104166031,-0.04089268669486046,0.5743077993392944
880,36.95673370361328,3.9418179988861084,0.5012624859809875,0.18727104365825653,-0.03791021555662155,0.5421949028968811
881,36.99699020385742,4.084657192230225,0.4974375367164612,0.18722306191921234,-0.01674741879105568,0.5448632836341858
882,36.983482360839844,4.107795715332031,0.5004374980926514,0.18723125755786896,-0.03068704716861248,0.540766716003418
883,36.955596923828125,3.9935808181762695,0.49947503209114075,0.18722142279148102,-0.040190279483795166,0.5604624152183533
884,36.94615173339844,4.0197930335998535,0.49666252732276917,0.18715894222259521,-0.029035275802016258,0.5756343007087708
885,36.97183609008789,4.014990329742432,0.5005500912666321,0.18716922402381897,-0.043686967343091965,0.535636305809021
886,36.93882369995117,3.8760664463043213,0.5021750330924988,0.18720994889736176,-0.03480169177055359,0.565406858921051
887,36.9940185546875,3.9686360359191895,0.5028875470161438,0.18726399540901184,-0.0655454769730568,0.5541414618492126
888,36.945743560791016,3.9371678829193115,0.4968625009059906,0.1872052401304245,-0.05157449468970299,0.5645708441734314
889,36.971248626708984,4.008740425109863,0.5000375509262085,0.1872059553861618,-0.04553498327732086,0.5209448933601379
890,36.95826721191406,3.9486582279205322,0.49736255407333374,0.1871565729379654,-0.04053541645407677,0.5415833592414856
891,37.00215148925781,4.097235679626465,0.5003000497817993,0.18716219067573547,-0.06699205935001373,0.5537258386611938
892,36.9503173828125,4.010503768920898,0.5022250413894653,0.18720382452011108,-0.03053482621908188,0.5638377666473389
893,36.934383392333984,3.9928908348083496,0.5024625658988953,0.18724992871284485,-0.05404963344335556,0.5478348731994629
894,37.02415084838867,4.009088039398193,0.49951252341270447,0.18724079430103302,-0.03384988382458687,0.5724421143531799
895,36.962703704833984,4.00687837600708,0.5018625259399414,0.18727566301822662,-0.019738126546144485,0.5712810754776001
896,37.04594802856445,4.170844078063965,0.4998375475406647,0.18727260828018188,-0.05405762791633606,0.556651771068573
897,36.907833099365234,3.8633334636688232,0.49412500858306885,0.1871625781059265,-0.02419252134859562,0.5510851740837097
898,36.97343444824219,4.011383056640625,0.5001750588417053,0.18716585636138916,-0.012149031274020672,0.5433269143104553
899,37.00949478149414,4.012455940246582,0.5002500414848328,0.18717053532600403,-0.021055441349744797,0.548842191696167
900,36.94723129272461,3.892971992492676,0.4994000196456909,0.18715929985046387,-0.04965033009648323,0.553692102432251
901,37.0468864440918,4.048892974853516,0.5015625357627869,0.1871885508298874,-0.04129862040281296,0.5700857043266296
902,36.96406936645508,4.026784896850586,0.5024250149726868,0.18723393976688385,-0.035707369446754456,0.5790716409683228
903,36.97645950317383,3.967449903488159,0.5032875537872314,0.18729549646377563,-0.030894512310624123,0.5476806163787842
904,36.91138458251953,3.8950564861297607,0.4999749958515167,0.18729503452777863,-0.017029494047164917,0.5436739325523376
905,36.9965705871582,4.071576118469238,0.4953000247478485,0.18720701336860657,-0.04779383912682533,0.555688738822937
906,36.93904495239258,3.899371862411499,0.49771255254745483,0.18716418743133545,-0.03138548880815506,0.5542382001876831
907,36.97494125366211,3.951258897781372,0.4975125193595886,0.18711763620376587,-0.029634226113557816,0.565880537033081
908,36.93620300292969,3.877847909927368,0.4960750341415405,0.1870441883802414,-0.05672571435570717,0.5779303908348083
909,36.997718811035156,4.023691177368164,0.5008000135421753,0.18705914914608002,-0.0512835793197155,0.5745232105255127
910,36.953094482421875,3.904254198074341,0.5030500292778015,0.18711620569229126,-0.052148040384054184,0.5550069808959961
911,36.946353912353516,3.855881690979004,0.49448755383491516,0.18701305985450745,-0.023594852536916733,0.5502408146858215
912,36.972267150878906,3.9391191005706787,0.5005249977111816,0.187022864818573,-0.053920235484838486,0.5419451594352722
913,37.01206588745117,4.028992652893066,0.4984375238418579,0.18699364364147186,-0.06451669335365295,0.5529250502586365
914,36.99432373046875,4.056115627288818,0.503462553024292,0.18705840408802032,-0.06442998349666595,0.5693619251251221
915,36.95557403564453,3.9897000789642334,0.5007500052452087,0.18707242608070374,-0.03689317777752876,0.5657621026039124
916,36.957740783691406,3.9321467876434326,0.4992625415325165,0.18705862760543823,-0.025755440816283226,0.5490979552268982
917,36.985618591308594,3.952876329421997,0.4988750219345093,0.18703758716583252,-0.039982449263334274,0.5570632219314575
918,36.958553314208984,3.9020862579345703,0.5000750422477722,0.18703898787498474,-0.0438193641602993,0.5725703239440918
919,36.90999221801758,3.923962116241455,0.4963250458240509,0.18697024881839752,-0.015110750682651997,0.5800955891609192
920,37.0501823425293,4.11958646774292,0.4961000084877014,0.18689733743667603,-0.06352293491363525,0.5563514828681946
921,36.94795227050781,3.990131139755249,0.49902504682540894,0.18687911331653595,-0.03166622668504715,0.556003987789154
922,37.010799407958984,4.049556255340576,0.5038750171661377,0.18695153295993805,-0.03957662358880043,0.549148440361023
923,36.98782730102539,4.012242317199707,0.5037375092506409,0.187021404504776,-0.02911674976348877,0.5733733773231506
924,36.96732711791992,3.9352176189422607,0.5005000233650208,0.18703074753284454,-0.018244020640850067,0.5577843189239502
925,36.97942352294922,3.946298599243164,0.4996750056743622,0.18702466785907745,-0.04605966433882713,0.5555374622344971
926,36.965980529785156,3.927638530731201,0.5024250149726868,0.18707001209259033,-0.030528191477060318,0.5453399419784546
927,36.911964416503906,3.8988678455352783,0.49796250462532043,0.18703189492225647,-0.05196857079863548,0.5440425276756287
928,37.02068328857422,4.166991710662842,0.49992501735687256,0.18703049421310425,-0.06024566665291786,0.5647408962249756
929,36.935482025146484,3.9553298950195312,0.49572503566741943,0.18695053458213806,-0.048298005014657974,0.5560677647590637
930,37.01972198486328,4.088733196258545,0.49915003776550293,0.18693464994430542,-0.05398150160908699,0.553645133972168
931,36.9581413269043,3.930368423461914,0.5019375085830688,0.18697085976600647,-0.03214526176452637,0.5367226004600525
932,37.029640197753906,4.05548620223999,0.4991625249385834,0.18695519864559174,-0.048586729913949966,0.5616165995597839
933,36.98567199707031,3.94389009475708,0.5033250451087952,0.18701735138893127,-0.046107303351163864,0.567888081073761
934,36.94919967651367,3.874342203140259,0.5034875869750977,0.18708258867263794,-0.027537178248167038,0.5501365065574646
935,36.9476432800293,3.9312703609466553,0.4988125264644623,0.1870603710412979,-0.038322217762470245,0.5604363679885864
936,36.99174118041992,4.0469560623168945,0.4968375265598297,0.18700121343135834,-0.02959013544023037,0.538367509841919
937,36.94519805908203,3.937218427658081,0.4990125298500061,0.18698275089263916,-0.03515493869781494,0.5327216386795044
938,36.95014953613281,4.02241325378418,0.5045750141143799,0.18706829845905304,-0.01998557336628437,0.5700809955596924
939,36.99330520629883,4.021178722381592,0.49771252274513245,0.1870255023241043,-0.028493398800492287,0.576187252998352
940,36.94742202758789,3.9443581104278564,0.5043250322341919,0.18710638582706451,-0.029020439833402634,0.5640886425971985
941,36.962093353271484,3.976480007171631,0.500950038433075,0.18712416291236877,0.010130509734153748,0.5517253875732422
942,36.94463348388672,3.9334423542022705,0.49928751587867737,0.18711084127426147,-0.043193891644477844,0.5573965311050415
943,36.96663284301758,4.064794540405273,0.5007750391960144,0.1871253401041031,-0.0742337703704834,0.541020393371582
944,37.0070915222168,4.09191370010376,0.4979250133037567,0.18708650767803192,0.0019152841996401548,0.5463768839836121
945,36.983062744140625,3.895594358444214,0.5001625418663025,0.18708954751491547,-0.052884798496961594,0.5316563248634338
946,36.91420364379883,3.890533685684204,0.5001500248908997,0.1870923638343811,-0.01281984243541956,0.5700394511222839
947,36.939334869384766,3.986814022064209,0.5019000768661499,0.18712791800498962,-0.022351354360580444,0.5402407646179199
948,36.94346618652344,3.9720773696899414,0.49572503566741943,0.18704792857170105,-0.02551780827343464,0.5697110295295715
949,36.97184371948242,3.970043420791626,0.49951252341270447,0.18703880906105042,-0.03723422437906265,0.5414456725120544
950,37.0081672668457,4.1349968910217285,0.5013750195503235,0.1870645135641098,-0.0039193956181406975,0.5802430510520935
951,36.998680114746094,4.055787563323975,0.500587522983551,0.18707551062107086,-0.02918579988181591,0.5649267435073853
952,36.96923828125,3.9408109188079834,0.49845004081726074,0.18704651296138763,-0.012933775782585144,0.5360684990882874
953,36.931888580322266,3.8607962131500244,0.5005250573158264,0.18705631792545319,-0.03294266760349274,0.5852034091949463
954,37.020477294921875,4.025052070617676,0.5009250044822693,0.18707361817359924,-0.02152060717344284,0.5414218902587891
955,36.97538757324219,4.021235942840576,0.49705004692077637,0.18701843917369843,-0.022296248003840446,0.548987865447998
956,36.956390380859375,4.048070430755615,0.5029750466346741,0.18707408010959625,-0.038070857524871826,0.5821864604949951
957,37.00419998168945,4.117300987243652,0.5001375079154968,0.1870766431093216,-0.05473145470023155,0.5855951905250549
958,36.885658264160156,3.8183841705322266,0.5049500465393066,0.18716923892498016,-0.015434788540005684,0.5475847721099854
959,36.94881057739258,3.9610819816589355,0.5029624700546265,0.18722468614578247,-0.01607336662709713,0.5475005507469177
960,36.94937515258789,3.917632818222046,0.499562531709671,0.18721649050712585,-0.03147529810667038,0.5659268498420715
961,36.957725524902344,4.000723361968994,0.5003750324249268,0.18722352385520935,-0.042234037071466446,0.5706573724746704
962,36.925025939941406,3.8431038856506348,0.5023000240325928,0.18726657330989838,-0.04733949154615402,0.5948657393455505
963,36.97544860839844,4.0104217529296875,0.4989750385284424,0.1872473806142807,-0.020441653206944466,0.5532662868499756
964,36.93667984008789,3.9520087242126465,0.49835002422332764,0.18721649050712585,-0.02931191772222519,0.5939293503761292
965,36.958126068115234,3.8793394565582275,0.4977250397205353,0.18717390298843384,-0.06063035503029823,0.5667139887809753
966,36.94203186035156,3.9402916431427,0.498012512922287,0.187136709690094,-0.044920071959495544,0.565441906452179
967,36.98429870605469,4.00328254699707,0.4988750219345093,0.1871156543493271,-0.04513995721936226,0.5530779361724854
968,36.98189926147461,3.9504966735839844,0.498287558555603,0.18708361685276031,-0.03767595440149307,0.5683367848396301
969,36.98003005981445,3.934563636779785,0.5011000037193298,0.18710419535636902,-0.05544349178671837,0.5438347458839417
970,36.94588851928711,3.926974058151245,0.5001000165939331,0.18710607290267944,-0.07035116851329803,0.5475921630859375
971,36.92562484741211,3.8163692951202393,0.49707499146461487,0.18705134093761444,-0.033429935574531555,0.5638878345489502
972,36.96052551269531,3.93709659576416,0.49697503447532654,0.1869947612285614,-0.046378735452890396,0.5666053891181946
973,36.93667984008789,3.873263359069824,0.4992625117301941,0.1869809776544571,-0.03161425143480301,0.5537024140357971
974,36.963558197021484,3.98162579536438,0.5023499727249146,0.18702490627765656,-0.04045918956398964,0.561371386051178
975,36.95991897583008,3.9985015392303467,0.5022374987602234,0.18706674873828888,-0.03047306463122368,0.5665245056152344
976,36.984832763671875,3.950404405593872,0.49835002422332764,0.18703588843345642,-0.03263390436768532,0.5634426474571228
977,36.98709487915039,3.931098222732544,0.5001000761985779,0.18703776597976685,-0.0033308942802250385,0.5552355051040649
978,36.96993637084961,4.031439781188965,0.4997875392436981,0.18703380227088928,-0.0237893033772707,0.5639826655387878
979,37.04774856567383,4.113886833190918,0.49761253595352173,0.18698914349079132,-0.08084512501955032,0.5604044198989868
980,36.97989273071289,3.9577484130859375,0.5024124979972839,0.1870342642068863,-0.06263335794210434,0.5531662702560425
981,36.90835189819336,3.8544223308563232,0.49710002541542053,0.18698002398014069,-0.01951702870428562,0.5356369614601135
982,36.99284362792969,3.959064483642578,0.5010625123977661,0.18699988722801208,-0.03540646657347679,0.5435818433761597
983,36.955631256103516,3.9096500873565674,0.5014625191688538,0.187027245759964,-0.04387541487812996,0.5258622169494629
984,36.955345153808594,3.9291014671325684,0.498850017786026,0.18700574338436127,-0.027360783889889717,0.5673303604125977
985,36.9873161315918,3.897160530090332,0.4987500011920929,0.18698236346244812,-0.007995479740202427,0.5240407586097717
986,37.01945114135742,4.0409464836120605,0.4985249936580658,0.1869547814130783,-0.0050517902709543705,0.5494439601898193
987,36.942626953125,3.929694652557373,0.5007750391960144,0.18696926534175873,-0.06183641031384468,0.5694445371627808
988,36.9874267578125,3.93013858795166,0.5019875168800354,0.187006413936615,-0.06095467880368233,0.57334965467453
989,37.023799896240234,4.191948890686035,0.5006750226020813,0.18701903522014618,-0.044698286801576614,0.5700777769088745
990,36.964515686035156,3.9688878059387207,0.5013500452041626,0.18704427778720856,-0.06667652726173401,0.5503924489021301
991,36.90443801879883,3.886319875717163,0.5033375024795532,0.18710671365261078,-0.029797924682497978,0.572286069393158
992,36.96724319458008,3.8989760875701904,0.5061500072479248,0.18722178041934967,-0.06549248844385147,0.5481266975402832
993,36.966766357421875,3.9435882568359375,0.5029625296592712,0.18727724254131317,-0.04010983556509018,0.5546476244926453
994,36.98088455200195,4.040410041809082,0.4975000321865082,0.1872304230928421,-0.042064301669597626,0.5600191950798035
995,36.95512390136719,4.034649848937988,0.500950038433075,0.18724821507930756,-0.06353577971458435,0.5397989749908447
996,37.02699279785156,4.081219673156738,0.49486249685287476,0.18715201318264008,-0.07242748141288757,0.566739559173584
997,36.981292724609375,3.9911580085754395,0.4999749958515167,0.18715155124664307,-0.061381708830595016,0.5623243451118469
998,36.94160842895508,3.895379066467285,0.5000625252723694,0.1871527135372162,-0.019210290163755417,0.5594083070755005
999,36.94312286376953,3.9445412158966064,0.5027875304222107,0.18720488250255585,-0.03663742169737816,0.5508145093917847
1000,36.99850845336914,3.9864723682403564,0.5007749795913696,0.18721938133239746,-0.026082295924425125,0.5572015047073364
1001,36.95659255981445,3.9178316593170166,0.5055124759674072,0.18732258677482605,-0.014950031414628029,0.5684937834739685
1002,36.965240478515625,3.8875114917755127,0.5031500458717346,0.1873815804719925,-0.025123795494437218,0.559052586555481
1003,36.961326599121094,3.8989498615264893,0.4975999891757965,0.18733660876750946,-0.04924686625599861,0.5464539527893066
1004,37.016380310058594,4.160984992980957,0.49813753366470337,0.18730171024799347,-0.05543886125087738,0.5535761713981628
1005,37.016639709472656,4.000280857086182,0.49857503175735474,0.1872750222682953,-0.029547307640314102,0.5400999188423157
1006,37.02814483642578,4.0632147789001465,0.499287486076355,0.1872616857290268,-0.0547320730984211,0.5701749324798584
1007,36.91526794433594,3.865070104598999,0.4944125711917877,0.1871570497751236,-0.019516855478286743,0.5551769137382507
1008,36.981101989746094,3.9367082118988037,0.49865004420280457,0.18713177740573883,-0.04555788263678551,0.5688929557800293
1009,36.90221405029297,3.865985155105591,0.502162516117096,0.18717224895954132,-0.014872916042804718,0.5631251931190491
1010,37.03339385986328,4.062072277069092,0.4993875324726105,0.18716077506542206,-0.036056872457265854,0.5493133664131165
1011,36.97459030151367,3.9654128551483154,0.4982750415802002,0.187128484249115,-0.06874106079339981,0.5642094612121582
1012,37.02510452270508,4.121272087097168,0.5036500096321106,0.1871967911720276,-0.02020411379635334,0.5427926182746887
1013,36.958656311035156,3.9109482765197754,0.5040000677108765,0.18727168440818787,-0.0355900302529335,0.5656039714813232
1014,36.947696685791016,3.8899974822998047,0.49921250343322754,0.18725693225860596,-0.009429787285625935,0.5660377740859985
1015,36.99787521362305,3.9143569469451904,0.5064125061035156,0.18737700581550598,-0.016418054699897766,0.5554605722427368
1016,36.958282470703125,3.91076922416687,0.5026875138282776,0.18742735683918,-0.047705188393592834,0.5494979619979858
1017,36.9832878112793,3.9917140007019043,0.4932500123977661,0.18730084598064423,-0.0435677208006382,0.5507899522781372
1018,36.95712661743164,3.9506936073303223,0.4976000189781189,0.18725590407848358,-0.023694956675171852,0.5655133724212646
1019,36.983970642089844,4.032817840576172,0.495525062084198,0.18717209994792938,-0.02444002591073513,0.540985643863678
1020,37.0114860534668,3.93133544921875,0.499224990606308,0.18715760111808777,-0.04075729101896286,0.5615643262863159
1021,36.92280197143555,3.8623929023742676,0.49896252155303955,0.18713818490505219,-0.045849915593862534,0.5499480366706848
1022,36.966773986816406,4.009045600891113,0.4988125264644623,0.18711596727371216,-0.045813679695129395,0.5623804926872253
1023,36.94975280761719,3.9851431846618652,0.5050249695777893,0.18720999360084534,-0.0526481494307518,0.5620524883270264
1024,36.911624908447266,3.8494882583618164,0.49928751587867737,0.18719665706157684,-0.023679040372371674,0.575687050819397
1025,36.991050720214844,4.029250621795654,0.5010875463485718,0.18721701204776764,-0.03007681481540203,0.5470112562179565
1026,37.001136779785156,3.8769874572753906,0.4980500042438507,0.1871805042028427,-0.04213176295161247,0.5312726497650146
1027,37.03495788574219,4.024749279022217,0.4975625276565552,0.18713487684726715,-0.02428566850721836,0.571292519569397
1028,36.919342041015625,3.927795886993408,0.4926625192165375,0.18699756264686584,-0.04028650000691414,0.5509850978851318
1029,36.98776626586914,4.07690954208374,0.4973500370979309,0.1869480013847351,-0.04996829479932785,0.5695086717605591
1030,36.951236724853516,3.945502519607544,0.4993624985218048,0.18693608045578003,-0.06256714463233948,0.5738730430603027
1031,36.967735290527344,4.034966468811035,0.5022749900817871,0.18697859346866608,-0.05779317766427994,0.5700626969337463
1032,37.01545333862305,4.075251579284668,0.4988125264644623,0.18695639073848724,-0.05286850780248642,0.5551536679267883
1033,37.03236770629883,4.016756534576416,0.5010625123977661,0.18697625398635864,-0.026248076930642128,0.5398927330970764
1034,36.96751022338867,3.9453680515289307,0.50371253490448,0.18704566359519958,-0.05706828460097313,0.5557907223701477
1035,37.0185432434082,4.099836349487305,0.4989875555038452,0.1870267242193222,-0.01806088723242283,0.5383368134498596
1036,36.976043701171875,3.938760280609131,0.5043750405311584,0.18710854649543762,-0.029559258371591568,0.5622090697288513
1037,36.96147537231445,3.97398042678833,0.49681252241134644,0.18704889714717865,-0.038044728338718414,0.5766592621803284
1038,36.929874420166016,4.036997318267822,0.495650053024292,0.18696753680706024,-0.042500611394643784,0.5761452317237854
1039,36.96199035644531,4.041075706481934,0.5003125071525574,0.18697337806224823,-0.0514080747961998,0.5638020038604736
1040,36.935367584228516,3.947397470474243,0.5014750361442566,0.18700094521045685,-0.03736661747097969,0.569963276386261
1041,36.98619079589844,3.9776852130889893,0.49902504682540894,0.18698270618915558,-0.03191067650914192,0.5749937295913696
1042,36.915611267089844,3.8214988708496094,0.5018125176429749,0.1870165914297104,-0.027281487360596657,0.5374622344970703
1043,37.015411376953125,4.008671760559082,0.502387523651123,0.18706125020980835,-0.047386668622493744,0.5710276365280151
1044,36.97904968261719,3.8926618099212646,0.5032125115394592,0.18712134659290314,-0.026506666094064713,0.5401453971862793
1045,37.00302505493164,4.011575222015381,0.5022250413894653,0.18716296553611755,-0.0599634125828743,0.5582196712493896
1046,36.961883544921875,3.9733693599700928,0.5010875463485718,0.18718332052230835,-0.03537987172603607,0.5795000791549683
1047,36.96255111694336,3.9970486164093018,0.503600001335144,0.18725070357322693,-0.06621306389570236,0.5445381999015808
1048,36.952903747558594,3.8996222019195557,0.5018000602722168,0.1872844099998474,-0.045617587864398956,0.5478698015213013
1049,36.99314880371094,3.9791183471679688,0.49910005927085876,0.18726755678653717,-0.05226825922727585,0.5402302742004395
1050,36.98318862915039,3.9386978149414062,0.4989875257015228,0.1872485876083374,0.0035084288101643324,0.5452291369438171
1051,36.99118423461914,3.945924997329712,0.4962000250816345,0.18717743456363678,-0.039755623787641525,0.5501754879951477
1052,36.99727249145508,3.9665567874908447,0.4969250559806824,0.18711987137794495,-0.0057392180897295475,0.5616508722305298
1053,36.95742416381836,3.9491279125213623,0.4993000328540802,0.18710677325725555,-0.03450659662485123,0.538465678691864
1054,37.00687789916992,3.994347095489502,0.4968375265598297,0.18704760074615479,-0.040717385709285736,0.5662936568260193
1055,36.98291778564453,3.982576370239258,0.5001625418663025,0.18705064058303833,-0.0416935533285141,0.5685157179832458
1056,36.9751091003418,4.06496524810791,0.5004000067710876,0.18705813586711884,-0.04004218056797981,0.5477233529090881
1057,36.96153259277344,3.937697410583496,0.4998375177383423,0.1870550960302353,-0.033616915345191956,0.5415518283843994
1058,37.006675720214844,4.035125732421875,0.5000250339508057,0.1870555579662323,-0.04461941123008728,0.5554279685020447
1059,36.91920471191406,3.912043809890747,0.4994000196456909,0.18704433739185333,-0.04732216149568558,0.5518482327461243
1060,37.049217224121094,4.0609893798828125,0.5014750361442566,0.18707191944122314,-0.030440444126725197,0.5508534908294678
1061,36.95173263549805,3.9444808959960938,0.4977875351905823,0.18703052401542664,-0.028659122064709663,0.5568130016326904
1062,37.028282165527344,4.094489574432373,0.5028625130653381,0.18708404898643494,-0.0643477812409401,0.5527558922767639
1063,36.93323516845703,3.872864246368408,0.4978500306606293,0.18704383075237274,-0.058301568031311035,0.5708869695663452
1064,36.923728942871094,3.868184804916382,0.5033875107765198,0.18710720539093018,-0.03528261184692383,0.5815072655677795
1065,36.91432189941406,3.9393186569213867,0.5000375509262085,0.18710792064666748,-0.05402810126543045,0.5703713893890381
1066,36.93891525268555,3.9244613647460938,0.5018000602722168,0.18714159727096558,-0.06392454355955124,0.5724474191665649
1067,36.9623908996582,3.907109260559082,0.5024625658988953,0.18718768656253815,-0.03337853401899338,0.5716959238052368
1068,36.98309326171875,3.9470865726470947,0.504175066947937,0.18726582825183868,-0.039368800818920135,0.5720480680465698
1069,36.98679733276367,3.918304204940796,0.5039000511169434,0.18733887374401093,-0.04893907904624939,0.5408551692962646
1070,36.969825744628906,3.8989274501800537,0.497175008058548,0.18728594481945038,-0.011195087805390358,0.561457633972168
1071,36.97245788574219,3.8946681022644043,0.49812501668930054,0.18725082278251648,-0.0410468764603138,0.5468165874481201
1072,37.0351448059082,4.064577579498291,0.4987500309944153,0.18722741305828094,-0.03182156756520271,0.5655442476272583
1073,37.02598190307617,3.989926815032959,0.5005375146865845,0.18723748624324799,-0.029477925971150398,0.5715698003768921
1074,36.98286056518555,3.9759531021118164,0.499812513589859,0.18723396956920624,-0.0540614016354084,0.5609449148178101
1075,36.961666107177734,3.9576704502105713,0.4983750283718109,0.1872035413980484,-0.045347265899181366,0.5500585436820984
1076,37.03388214111328,3.9830808639526367,0.5005874633789062,0.18721453845500946,-0.06774847954511642,0.5375128984451294
1077,36.99522399902344,3.955104351043701,0.49861252307891846,0.18718856573104858,-0.02763081155717373,0.5674246549606323
1078,37.02315902709961,4.005274772644043,0.5047750473022461,0.18727795779705048,-0.025395860895514488,0.5566717982292175
1079,36.947235107421875,3.947394609451294,0.4978500306606293,0.1872376948595047,-0.018590955063700676,0.5556063652038574
1080,37.00932693481445,3.971080780029297,0.4987625479698181,0.18721452355384827,-0.01564071699976921,0.5456268191337585
1081,36.982765197753906,3.9387149810791016,0.5014875531196594,0.18724237382411957,-0.053044360131025314,0.5347576141357422
1082,37.024658203125,3.954860210418701,0.49867507815361023,0.1872175633907318,-0.023191556334495544,0.5474347472190857
1083,36.94469451904297,3.8680636882781982,0.49723750352859497,0.18716584146022797,-0.02108912728726864,0.5676912665367126
1084,36.95644760131836,3.976057291030884,0.4947874844074249,0.18706828355789185,-0.04430873319506645,0.5647053122520447
1085,36.94670104980469,3.8586413860321045,0.4965250492095947,0.18700328469276428,-0.03340699151158333,0.5694758296012878
1086,36.89951705932617,3.8047187328338623,0.49773749709129333,0.18696098029613495,-0.06622260808944702,0.5318212509155273
1087,36.97399139404297,4.009307384490967,0.5013375282287598,0.18698598444461823,-0.02342166192829609,0.5733475685119629
1088,36.97818374633789,3.961590528488159,0.501787543296814,0.18701942265033722,-0.06197905167937279,0.5622663497924805
1089,36.95230484008789,3.8754043579101562,0.5070500373840332,0.18715126812458038,-0.025385668501257896,0.5568633675575256
1090,36.897499084472656,3.7973384857177734,0.4972750246524811,0.18710026144981384,-0.037943385541439056,0.5651140809059143
1091,36.94294357299805,3.879155158996582,0.5004125237464905,0.18710798025131226,-0.046636905521154404,0.5538766384124756
1092,36.974117279052734,3.9665029048919678,0.5007750391960144,0.18712247908115387,-0.04213881865143776,0.538646399974823
1093,36.956390380859375,3.8550872802734375,0.49642500281333923,0.1870555877685547,-0.005728598218411207,0.5555964708328247
1094,36.94768524169922,4.006833076477051,0.4982750117778778,0.18702332675457,-0.05822363868355751,0.5396636724472046
1095,36.924842834472656,3.878725051879883,0.4995500147342682,0.18701490759849548,-0.004582535941153765,0.5666659474372864
1096,36.961151123046875,4.0038323402404785,0.499812513589859,0.18701139092445374,0.005479720886796713,0.5616651177406311
1097,36.97718048095703,4.113004207611084,0.4996125102043152,0.18700414896011353,-0.034681834280490875,0.5436373353004456
1098,36.93680191040039,3.872950315475464,0.5024500489234924,0.1870499551296234,-0.039699405431747437,0.5352808833122253
1099,36.94996643066406,4.00895357131958,0.5,0.1870499551296234,-0.0384487546980381,0.5688668489456177
1100,36.92305374145508,3.743004560470581,0.5039500594139099,0.1871238499879837,-0.07939089089632034,0.5414591431617737
1101,37.01514434814453,4.107018947601318,0.49865004420280457,0.18709859251976013,-0.043062273412942886,0.5866133570671082
1102,36.95742416381836,3.9167020320892334,0.4976625442504883,0.1870548576116562,-0.03011850081384182,0.5409603118896484
1103,36.974300384521484,3.9969592094421387,0.4994000196456909,0.18704363703727722,-0.030934715643525124,0.5490966439247131
1104,36.97856521606445,3.9546234607696533,0.4930875301361084,0.1869143396615982,-0.04418715462088585,0.5543798804283142
1105,36.99911880493164,3.9953413009643555,0.49775001406669617,0.18687228858470917,-0.045407094061374664,0.5382390022277832
1106,36.94595718383789,3.890549659729004,0.4949750304222107,0.18677839636802673,-0.047124575823545456,0.534979522228241
1107,36.994842529296875,4.048547744750977,0.5033625364303589,0.1868412047624588,-0.06839576363563538,0.5385578870773315
1108,37.054866790771484,4.085111141204834,0.5037250518798828,0.18691080808639526,-0.02514837309718132,0.5861461162567139
1109,37.03351974487305,4.00532341003418,0.5029125213623047,0.1869652420282364,-0.013401953503489494,0.5710588693618774
1110,36.97551345825195,3.8312606811523438,0.5038125514984131,0.18703651428222656,-0.03324488177895546,0.5644380450248718
1111,36.967716217041016,3.9366378784179688,0.5042875409126282,0.18711671233177185,-0.045197777450084686,0.5543657541275024
1112,36.93355178833008,3.811408519744873,0.5004250407218933,0.18712466955184937,-0.01997274160385132,0.5522414445877075
1113,36.960960388183594,3.932000160217285,0.4952374994754791,0.18703554570674896,-0.041522324085235596,0.5495683550834656
1114,36.9116096496582,3.8926920890808105,0.4980500042438507,0.18699906766414642,-0.03769683092832565,0.5735154747962952
1115,36.95272445678711,3.9278945922851562,0.4930875301361084,0.1868698000907898,-0.0633983239531517,0.5541601777076721
1116,36.873252868652344,3.799086332321167,0.5012750625610352,0.18689364194869995,-0.034545186907052994,0.5657272338867188
1117,36.911582946777344,3.9238991737365723,0.4951375424861908,0.18680275976657867,-0.0631181076169014,0.5361045598983765
1118,37.03976821899414,4.106237411499023,0.500337541103363,0.18680906295776367,-0.03115764446556568,0.5491036772727966
1119,36.96633529663086,3.8701999187469482,0.5043125152587891,0.1868896335363388,-0.043319735676050186,0.5612841248512268
1120,36.9924430847168,3.9879534244537354,0.4999375343322754,0.18688847124576569,-0.059752222150564194,0.5783776044845581
1121,36.940025329589844,3.930842161178589,0.5006500482559204,0.18690061569213867,-0.07021564245223999,0.5414330959320068
1122,36.91474914550781,3.8482303619384766,0.5003000497817993,0.18690623342990875,-0.05507733300328255,0.5527929067611694
1123,36.9425048828125,3.9275689125061035,0.4966750144958496,0.1868440955877304,-0.03825952485203743,0.5698177218437195
1124,36.99720001220703,3.9931254386901855,0.4964250326156616,0.1867772936820984,-0.03975190594792366,0.5602043271064758
1125,36.9375,3.878972053527832,0.5007375478744507,0.1867910772562027,-0.027513474225997925,0.5688022971153259
1126,37.008209228515625,4.082937240600586,0.4994875192642212,0.18678149580955505,-0.018942933529615402,0.5573322176933289
1127,36.98891830444336,3.964466094970703,0.501075029373169,0.18680158257484436,-0.037536121904850006,0.5551384091377258
1128,37.00755310058594,3.94443678855896,0.5037750601768494,0.18687210977077484,-0.04128015786409378,0.5767929553985596
1129,36.9394645690918,3.7958590984344482,0.5041750073432922,0.18695011734962463,-0.035536013543605804,0.5651578307151794
1130,36.96403884887695,3.8463451862335205,0.504562497138977,0.18703541159629822,-0.048811838030815125,0.5779320597648621
1131,36.97766876220703,3.919161796569824,0.4995250105857849,0.18702653050422668,-0.04190727323293686,0.5430495142936707
1132,36.99526596069336,4.038776397705078,0.5023250579833984,0.18707001209259033,-0.05177852883934975,0.5657116174697876
1133,36.96677780151367,3.965381383895874,0.4983625113964081,0.18703937530517578,-0.056797243654727936,0.5752783417701721
1134,36.958492279052734,3.8686623573303223,0.49713754653930664,0.1869858354330063,-0.020144149661064148,0.5437650084495544
1135,36.96474075317383,3.988297939300537,0.49826252460479736,0.1869533509016037,-0.04503956064581871,0.5666003823280334
1136,36.95691680908203,3.8738956451416016,0.498912513256073,0.1869330257177353,0.026181835681200027,0.5603616237640381
1137,36.958499908447266,3.920003652572632,0.5001875162124634,0.18693652749061584,-0.007122267037630081,0.5647002458572388
1138,36.95450210571289,3.864988327026367,0.4992375373840332,0.18692228198051453,-0.05383780226111412,0.5414019227027893
1139,37.001216888427734,3.995072841644287,0.49666252732276917,0.18685990571975708,-0.057868655771017075,0.5634093284606934
1140,36.87664031982422,3.7219040393829346,0.5021375417709351,0.1868998408317566,-0.03719543665647507,0.5377078652381897
1141,36.949424743652344,3.867690086364746,0.5032125115394592,0.1869598925113678,-0.03124067559838295,0.5593941807746887
1142,36.97040939331055,3.9259724617004395,0.4975999891757965,0.18691501021385193,-0.06288472563028336,0.5820690393447876
1143,36.947357177734375,4.0377726554870605,0.4968625009059906,0.18685635924339294,-0.0687694102525711,0.5655331015586853
1144,36.99623489379883,3.9670045375823975,0.497112512588501,0.18680240213871002,-0.03681977838277817,0.5465675592422485
1145,36.99908447265625,4.0089802742004395,0.502162516117096,0.18684279918670654,-0.013765704818069935,0.5551012754440308
1146,36.9166374206543,3.8109045028686523,0.500587522983551,0.1868537813425064,-0.03634308651089668,0.5519054532051086
1147,36.971317291259766,3.924562931060791,0.5008875131607056,0.18687035143375397,-0.03540894761681557,0.5676180720329285
1148,36.97584533691406,3.9255073070526123,0.5013750195503235,0.18689604103565216,-0.013484377413988113,0.5695887207984924
1149,36.954715728759766,3.942488431930542,0.5019749999046326,0.18693295121192932,-0.05863097682595253,0.569892406463623
1150,36.95520782470703,3.8803985118865967,0.5007625222206116,0.18694721162319183,-0.013761530630290508,0.5707767009735107
1151,36.96426010131836,3.8787105083465576,0.49687501788139343,0.18688878417015076,-0.033373959362506866,0.5605891346931458
1152,37.01851272583008,4.027435302734375,0.4994625151157379,0.1868787407875061,-0.030502764508128166,0.5629051327705383
1153,36.94462585449219,3.8614628314971924,0.4971875250339508,0.1868261694908142,-0.04615608975291252,0.5205941796302795
1154,36.967124938964844,3.941905975341797,0.49828749895095825,0.18679417669773102,-0.050721604377031326,0.5558047890663147
1155,36.959434509277344,3.942511796951294,0.49648749828338623,0.1867285668849945,-0.03346673399209976,0.527587354183197
1156,36.96232223510742,3.8972036838531494,0.4964125156402588,0.18666157126426697,-0.04182294383645058,0.5373920202255249
1157,37.02888870239258,4.068371295928955,0.5007750391960144,0.1866760402917862,-0.023301057517528534,0.5753549933433533
1158,36.97532653808594,3.9556965827941895,0.5010499954223633,0.1866956502199173,-0.03490746393799782,0.5457048416137695
1159,36.938907623291016,3.8933138847351074,0.5010499954223633,0.1867152601480484,-0.051949642598629,0.5506628751754761
1160,37.009761810302734,4.081130027770996,0.5024875402450562,0.18676170706748962,-0.010249380022287369,0.5602847933769226
1161,36.970767974853516,3.9553589820861816,0.5027750134468079,0.18681353330612183,-0.039825327694416046,0.5707923173904419
1162,36.91951370239258,3.8947880268096924,0.4988875389099121,0.1867927610874176,-0.03463244438171387,0.5454822778701782
1163,36.9383430480957,3.804522752761841,0.5011125206947327,0.18681353330612183,-0.06049833074212074,0.5706953406333923
1164,36.97164535522461,3.937105655670166,0.49870002269744873,0.18678924441337585,-0.06586439907550812,0.5471152067184448
1165,36.90435791015625,3.7857468128204346,0.5020500421524048,0.18682754039764404,-0.01937781646847725,0.5656494498252869
1166,36.970542907714844,3.9330151081085205,0.4987125098705292,0.18680348992347717,-0.06960582733154297,0.5561031699180603
1167,36.957393646240234,3.9560670852661133,0.5013750195503235,0.18682916462421417,-0.010665228590369225,0.5625263452529907
1168,36.99605941772461,4.043299198150635,0.5010250210762024,0.18684831261634827,-0.017397480085492134,0.5538601875305176
1169,36.99420166015625,3.9951813220977783,0.49736252427101135,0.1867990344762802,-0.07666918635368347,0.5521166920661926
1170,36.97494125366211,3.920147180557251,0.5059250593185425,0.18690970540046692,-0.04181823879480362,0.5446035861968994
1171,36.97090530395508,3.938438892364502,0.4963500201702118,0.1868414729833603,-0.06714559346437454,0.5524531006813049
1172,37.02854919433594,4.062751293182373,0.501924991607666,0.18687744438648224,-0.03258981183171272,0.5591750144958496
1173,36.952362060546875,3.900158643722534,0.49813753366470337,0.1868426352739334,-0.02012019418179989,0.548346996307373
1174,37.01724624633789,3.942328691482544,0.5000125169754028,0.18684285879135132,-0.022188883274793625,0.5359141826629639
1175,36.975704193115234,4.015851020812988,0.500087559223175,0.18684448301792145,-0.022629715502262115,0.5431239008903503
1176,37.011451721191406,4.004516124725342,0.4994625449180603,0.1868344396352768,-0.05868779867887497,0.5325448513031006
1177,37.06134033203125,4.103275775909424,0.49733754992485046,0.18678469955921173,-0.029825937002897263,0.5491918921470642
1178,36.95587921142578,3.9827942848205566,0.500825047492981,0.18680010735988617,-0.06933830678462982,0.5597653985023499
1179,36.92768859863281,3.8269600868225098,0.5043250322341919,0.1868809014558792,-0.006433716043829918,0.5387547612190247
1180,36.973297119140625,3.9501376152038574,0.49816253781318665,0.1868465542793274,-0.046916089951992035,0.5667446255683899
1181,36.910491943359375,3.7834627628326416,0.49697503447532654,0.18679003417491913,-0.03838961198925972,0.5632619261741638
1182,36.92351531982422,3.8450827598571777,0.4997250437736511,0.18678490817546844,-0.05913741886615753,0.5639192461967468
1183,36.969520568847656,3.9985597133636475,0.4981500208377838,0.1867503523826599,-0.01925407163798809,0.5757480263710022
1184,36.999168395996094,3.9741811752319336,0.500712513923645,0.18676365911960602,-0.05028828606009483,0.5494509935379028
1185,36.98811340332031,3.983003854751587,0.5057374835014343,0.18687081336975098,-0.035095248371362686,0.5597232580184937
1186,37.009708404541016,4.00446081161499,0.503962516784668,0.1869448572397232,-0.034229669719934464,0.5507051944732666
1187,36.992374420166016,4.0617547035217285,0.5003625154495239,0.1869516372680664,-0.07165028154850006,0.5558916330337524
1188,36.914886474609375,3.8102474212646484,0.5052500367164612,0.18704979121685028,-0.061945222318172455,0.5658039450645447
1189,36.9937744140625,3.882112741470337,0.502375066280365,0.18709421157836914,-0.049202609807252884,0.5690306425094604
1190,36.9719352722168,3.864034414291382,0.4984250068664551,0.1870647519826889,-0.05674656108021736,0.5178548693656921
1191,36.96955108642578,3.9666037559509277,0.4975375235080719,0.18701869249343872,-0.029208719730377197,0.5513148307800293
1192,36.980098724365234,3.908050298690796,0.49730002880096436,0.18696819245815277,-0.012462856248021126,0.5492714643478394
1193,37.053550720214844,4.16288423538208,0.49791255593299866,0.18692916631698608,-0.03982757776975632,0.5668742060661316
1194,36.96864318847656,3.992708921432495,0.49998751282691956,0.18692892789840698,-0.02656709775328636,0.5662211775779724
1195,36.982032775878906,3.954150438308716,0.5005000233650208,0.18693827092647552,-0.030914556235074997,0.5771969556808472
1196,36.936485290527344,3.869936943054199,0.49889999628067017,0.18691770732402802,-0.045656993985176086,0.5656582713127136
1197,36.94580841064453,3.9462218284606934,0.5009375810623169,0.1869352161884308,-0.019098008051514626,0.5570005178451538
1198,36.981327056884766,3.8979058265686035,0.5015375018119812,0.18696396052837372,-0.04680789262056351,0.5460717082023621
1199,36.94356155395508,3.872394561767578,0.5025500059127808,0.18701162934303284,-0.021853337064385414,0.5358355045318604
1200,37.0048828125,3.9597737789154053,0.49890005588531494,0.18699106574058533,-0.0361427403986454,0.5675047039985657
1201,36.98830032348633,3.959073066711426,0.501300036907196,0.1870153844356537,-0.036728113889694214,0.5679342150688171
1202,37.03520202636719,4.059004783630371,0.4962000250816345,0.18694432079792023,-0.049925290048122406,0.547935426235199
1203,36.98179244995117,3.9400811195373535,0.4976000189781189,0.18689945340156555,-0.044979341328144073,0.5582875609397888
1204,36.91965103149414,3.908092975616455,0.5009750127792358,0.18691767752170563,-0.05307905748486519,0.5834423899650574
1205,36.98149108886719,3.874149799346924,0.5054000020027161,0.18701861798763275,-0.04931708425283432,0.5544798970222473
1206,36.936065673828125,3.9575862884521484,0.5046625137329102,0.18710580468177795,-0.04632174223661423,0.5695911049842834
1207,36.95542907714844,3.84535813331604,0.5041375160217285,0.1871832311153412,-0.04262083023786545,0.5552800893783569
1208,37.017181396484375,3.967895269393921,0.4987625181674957,0.18716007471084595,-0.005704433191567659,0.5657732486724854
1209,36.95267105102539,3.892812728881836,0.5018374919891357,0.18719445168972015,-0.030512085184454918,0.5576850175857544
1210,37.0059700012207,3.960688591003418,0.5008875131607056,0.1872110515832901,-0.03687514737248421,0.5730345249176025
1211,37.00811004638672,3.991915225982666,0.4943625032901764,0.18710550665855408,-0.030751515179872513,0.5673882961273193
1212,36.967559814453125,3.9231059551239014,0.4974125325679779,0.18705709278583527,-0.039963945746421814,0.5596643090248108
1213,36.98491668701172,3.898024082183838,0.4994250535964966,0.1870463341474533,-0.012794882990419865,0.5739315152168274
1214,36.95744323730469,3.9107072353363037,0.4953750669956207,0.18695983290672302,-0.05712927132844925,0.5699829459190369
1215,36.958797454833984,3.8981494903564453,0.4960625171661377,0.18688622117042542,-0.05732286721467972,0.5611006617546082
1216,37.0267448425293,4.096468925476074,0.5024625062942505,0.1869322508573532,-0.04357152432203293,0.5681169629096985
1217,36.923397064208984,3.912365436553955,0.4985625147819519,0.1869053691625595,-0.03753410652279854,0.5365215539932251
1218,36.962642669677734,3.9074299335479736,0.5034500360488892,0.1869698464870453,-0.06790630519390106,0.5749582648277283
1219,36.901634216308594,3.8713178634643555,0.4992375075817108,0.18695558607578278,-0.04572363570332527,0.5550369620323181
1220,36.985740661621094,3.9692134857177734,0.5019375085830688,0.18699179589748383,-0.04185449704527855,0.5662119388580322
1221,36.96210861206055,3.9095046520233154,0.5013750195503235,0.1870175004005432,-0.041291311383247375,0.5561243295669556
1222,36.975887298583984,3.9111807346343994,0.4983750283718109,0.18698711693286896,-0.028215618804097176,0.5517712831497192
1223,37.02851104736328,3.990051746368408,0.4999125599861145,0.18698547780513763,-0.04588080942630768,0.5365404486656189
1224,36.94525909423828,3.7774009704589844,0.5019875168800354,0.1870226413011551,-0.012526923790574074,0.5380194783210754
1225,36.9547004699707,3.8732404708862305,0.503125011920929,0.18708106875419617,-0.042606547474861145,0.5563637018203735
1226,36.995941162109375,3.8834316730499268,0.4991625249385834,0.18706540763378143,-0.040880266577005386,0.5823712348937988
1227,37.00635528564453,4.048119068145752,0.5030249953269958,0.18712200224399567,-0.08206897228956223,0.5653115510940552
1228,36.90138244628906,3.9087812900543213,0.49545004963874817,0.18703685700893402,-0.05841140076518059,0.5595561265945435
1229,36.9578742980957,3.9083948135375977,0.4991125166416168,0.18702025711536407,-0.05606090649962425,0.5570374727249146
1230,37.05313491821289,4.046962261199951,0.5015750527381897,0.18704970180988312,-0.02691565826535225,0.5468730330467224
1231,36.98210144042969,3.873272657394409,0.5000874996185303,0.18705132603645325,-0.023916423320770264,0.5684459805488586
1232,37.031700134277344,3.995281934738159,0.503212571144104,0.18711142241954803,-0.0273007620126009,0.5603715181350708
1233,36.958465576171875,3.9763479232788086,0.497887521982193,0.18707190454006195,-0.022882742807269096,0.5412662625312805
1234,36.96533203125,3.9130747318267822,0.5008500218391418,0.1870878040790558,-0.026982467621564865,0.5873594284057617
1235,36.90309143066406,3.9100489616394043,0.4973125159740448,0.18703752756118774,-0.053187575191259384,0.5573577880859375
1236,36.953521728515625,3.943512439727783,0.4973500370979309,0.186987966299057,-0.039451707154512405,0.5655377507209778
1237,36.97940444946289,4.0847368240356445,0.498600035905838,0.18696178495883942,-0.026467764750123024,0.5449272990226746
1238,36.96894073486328,4.019047260284424,0.49678751826286316,0.18690171837806702,-0.03361036255955696,0.5442904233932495
1239,37.022926330566406,4.045190811157227,0.49870002269744873,0.18687741458415985,-0.044995881617069244,0.5421426892280579
1240,36.98807907104492,4.009767055511475,0.5027875900268555,0.18692949414253235,-0.040247462689876556,0.5624892115592957
1241,36.924537658691406,3.825533628463745,0.501924991607666,0.1869654804468155,-0.01946917362511158,0.548436164855957
1242,36.975460052490234,3.9931557178497314,0.4966500401496887,0.18690285086631775,-0.018845615908503532,0.5273810029029846
1243,36.95441818237305,3.9510574340820312,0.49959999322891235,0.18689537048339844,-0.0142997857183218,0.5545854568481445
1244,37.05297088623047,4.059672832489014,0.5007875561714172,0.18691009283065796,-0.05693216994404793,0.5685530304908752
1245,37.00864028930664,4.059281826019287,0.5047500729560852,0.1869988888502121,-0.01882505789399147,0.5543767213821411
1246,37.02680587768555,4.035807132720947,0.502875030040741,0.1870526522397995,-0.0643983781337738,0.5420701503753662
1247,36.90736770629883,3.84136962890625,0.5009250640869141,0.18706995248794556,-0.06657134741544724,0.547411322593689
1248,36.97473907470703,3.9863970279693604,0.5074125528335571,0.1872086226940155,-0.05818212404847145,0.5703385472297668
1249,36.9453239440918,3.931523084640503,0.49748754501342773,0.18716159462928772,-0.04129016771912575,0.5852770209312439
1250,36.99016571044922,4.072226047515869,0.49765005707740784,0.18711760640144348,-0.04008020460605621,0.5684900283813477
1251,36.990989685058594,3.952510118484497,0.499875009059906,0.18711526691913605,-0.019159531220793724,0.5519581437110901
1252,36.97533416748047,3.9764018058776855,0.501550018787384,0.18714426457881927,-0.03162768855690956,0.5472235083580017
1253,36.972084045410156,3.9185397624969482,0.498725026845932,0.18712040781974792,-0.01971336454153061,0.5533748269081116
1254,36.94568634033203,3.893495798110962,0.497700035572052,0.1870773732662201,-0.03548126295208931,0.5314934253692627
1255,36.97732162475586,3.9331886768341064,0.5002750158309937,0.18708252906799316,-0.045772869139909744,0.5490821003913879
1256,36.954193115234375,3.9750657081604004,0.4982375502586365,0.18704955279827118,-0.04683605208992958,0.572475016117096
1257,36.91645050048828,3.7975826263427734,0.5005000233650208,0.18705889582633972,-0.05003110691905022,0.5600103735923767
1258,36.988792419433594,3.9365551471710205,0.49941253662109375,0.18704789876937866,-0.03881584852933884,0.5706736445426941
1259,37.00830078125,4.0712151527404785,0.49812501668930054,0.18701282143592834,-0.03374353423714638,0.5536600947380066
1260,36.989402770996094,3.9668240547180176,0.5007625222206116,0.18702709674835205,-0.054087623953819275,0.5500677824020386
1261,36.98933410644531,3.9613356590270996,0.5001749992370605,0.1870303750038147,-0.04693244770169258,0.546908974647522
1262,36.989280700683594,3.9906320571899414,0.5012500286102295,0.18705376982688904,-0.06518446654081345,0.5473468899726868
1263,36.951507568359375,3.9592630863189697,0.5019875764846802,0.1870909482240677,-0.06427234411239624,0.533298134803772
1264,36.9827766418457,3.951965093612671,0.5012375116348267,0.18711410462856293,-0.028578415513038635,0.5550899505615234
1265,37.00151062011719,3.913966178894043,0.4971250295639038,0.18706031143665314,-0.040659304708242416,0.5500155687332153
1266,36.965824127197266,3.94871187210083,0.5012375116348267,0.18708345293998718,-0.07113535702228546,0.5527173280715942
1267,36.96382522583008,3.892648458480835,0.49787503480911255,0.187043696641922,-0.0200244951993227,0.5434141755104065
1268,36.98313522338867,4.045698642730713,0.49685001373291016,0.18698477745056152,-0.010804103687405586,0.5493600964546204
1269,37.015228271484375,4.106400489807129,0.49890005588531494,0.186964213848114,-0.04302405193448067,0.5809846520423889
1270,36.90864944458008,3.856618642807007,0.5001000165939331,0.18696609139442444,-0.04881824925541878,0.5428218841552734
1271,36.92281723022461,3.9553472995758057,0.5030249953269958,0.18702265620231628,-0.05044235289096832,0.5764831304550171
1272,36.93374252319336,3.8435566425323486,0.5036375522613525,0.1870906800031662,-0.04243108630180359,0.5599799752235413
1273,36.94940185546875,3.9375030994415283,0.49912503361701965,0.18707430362701416,-0.036499541252851486,0.5489237308502197
1274,36.952674865722656,3.8953561782836914,0.4984000027179718,0.18704438209533691,-0.03166938200592995,0.577883780002594
1275,36.93979263305664,3.89967942237854,0.501075029373169,0.1870644986629486,-0.03996993601322174,0.5633663535118103
1276,37.0008659362793,4.027540683746338,0.4989500343799591,0.18704485893249512,-0.052385199815034866,0.5757349133491516
1277,36.939701080322266,3.981055974960327,0.5009125471115112,0.18706193566322327,-0.056583795696496964,0.5597426295280457
1278,36.93596649169922,3.8800528049468994,0.4962500333786011,0.18699179589748383,-0.035822100937366486,0.5747862458229065
1279,36.9476203918457,3.8598713874816895,0.5016250014305115,0.18702217936515808,-0.04115423560142517,0.5455546379089355
1280,36.96010208129883,3.9554295539855957,0.497575044631958,0.1869768351316452,-0.020033884793519974,0.5542182922363281
1281,36.964149475097656,3.896512508392334,0.5019000768661499,0.18701235949993134,-0.003360284026712179,0.5627842545509338
1282,36.98247528076172,3.905763864517212,0.499562531709671,0.1870041787624359,-0.022480126470327377,0.5498135685920715
1283,36.999534606933594,3.900563955307007,0.5014874935150146,0.18703199923038483,-0.04208637773990631,0.5472183227539062
1284,36.961700439453125,3.893883466720581,0.5019250512123108,0.18706800043582916,-0.05062404274940491,0.5666182041168213
1285,36.937477111816406,3.863325595855713,0.49947503209114075,0.18705818057060242,-0.024829411879181862,0.5674408078193665
1286,37.02901840209961,3.9757275581359863,0.500337541103363,0.18706448376178741,-0.03722132369875908,0.5447313189506531
1287,37.01787567138672,4.004199504852295,0.5011500716209412,0.18708600103855133,-0.05153743177652359,0.551472544670105
1288,36.94099044799805,3.9182701110839844,0.5002750754356384,0.1870911568403244,-0.03445885330438614,0.5551812648773193
1289,36.95335006713867,3.9563374519348145,0.5019875168800354,0.18712833523750305,-0.0380154587328434,0.5334272384643555
1290,36.90410614013672,3.7505736351013184,0.4987500309944153,0.1871049404144287,-0.012104927562177181,0.5484907627105713
1291,36.92185974121094,3.8311023712158203,0.4993875324726105,0.18709348142147064,-0.01920822449028492,0.5634108781814575
1292,36.98150634765625,3.907153606414795,0.4987125098705292,0.18706940114498138,-0.05427507311105728,0.5677409172058105
1293,36.94470977783203,3.891993522644043,0.5009375214576721,0.18708692491054535,-0.05232756584882736,0.561442494392395
1294,36.96546936035156,3.8903486728668213,0.4989875853061676,0.18706798553466797,-0.0675496831536293,0.5703009366989136
1295,36.88249206542969,3.712287187576294,0.4989375174045563,0.18704810738563538,-0.04559585452079773,0.5656139254570007
1296,36.99208450317383,3.995655059814453,0.5017125010490417,0.18708014488220215,-0.03479141369462013,0.5602578520774841
1297,36.94202423095703,3.9158127307891846,0.5029625296592712,0.18713556230068207,-0.04862254485487938,0.5743119120597839
1298,36.96736526489258,3.8779869079589844,0.4989875555038452,0.1871166080236435,-0.030752522870898247,0.5711911916732788
1299,36.99409103393555,3.9894235134124756,0.49841251969337463,0.18708691000938416,-0.04947317764163017,0.5491146445274353
1300,36.941558837890625,3.8947842121124268,0.49816253781318665,0.18705253303050995,-0.05581628158688545,0.5479271411895752
1301,36.973167419433594,3.9906368255615234,0.49457502365112305,0.18695105612277985,-0.06631674617528915,0.5658674836158752
1302,36.937557220458984,3.9601166248321533,0.496675044298172,0.1868889033794403,-0.05210034176707268,0.5591175556182861
1303,37.02456283569336,3.9641692638397217,0.4950375258922577,0.1867961585521698,-0.03466491028666496,0.5530058145523071
1304,36.974327087402344,3.8402633666992188,0.5013625025749207,0.1868216097354889,-0.045094605535268784,0.5657799243927002
1305,37.03285217285156,3.9961659908294678,0.49873751401901245,0.18679802119731903,-0.023619573563337326,0.5347543954849243
1306,37.06731414794922,4.083510398864746,0.4979875087738037,0.18676042556762695,-0.007477485109120607,0.5639970302581787
1307,36.94131851196289,3.8139147758483887,0.49761253595352173,0.18671582639217377,0.011785122565925121,0.5484690070152283
1308,36.994441986083984,4.028758525848389,0.499500036239624,0.18670648336410522,-0.061190295964479446,0.5703150629997253
1309,36.98018264770508,3.962442636489868,0.49835005402565,0.18667568266391754,-0.04612657427787781,0.5501129627227783
1310,36.95078659057617,3.886268138885498,0.5038999915122986,0.18674848973751068,-0.03439731150865555,0.5626102685928345
1311,37.02790069580078,4.011361598968506,0.5037875175476074,0.18681921064853668,-0.03813131898641586,0.5453752875328064
1312,36.97846603393555,3.9151298999786377,0.5008125305175781,0.1868343949317932,-0.06482507288455963,0.5615134835243225
1313,37.00605773925781,3.9875118732452393,0.49931252002716064,0.18682155013084412,-0.022059589624404907,0.5368943214416504
1314,36.99250411987305,3.873462677001953,0.5030625462532043,0.1868787705898285,-0.008851943537592888,0.5419367551803589
1315,36.90260314941406,3.7343294620513916,0.49601253867149353,0.18680424988269806,-0.04365828260779381,0.5624957084655762
1316,36.92788314819336,3.8232343196868896,0.496987521648407,0.1867479830980301,-0.0502595528960228,0.5517963767051697
1317,36.958213806152344,3.954202890396118,0.49777501821517944,0.18670642375946045,-0.030107542872428894,0.5670389533042908
1318,36.96908187866211,3.9337880611419678,0.4990125000476837,0.18668799102306366,-0.05210202559828758,0.5437021255493164
1319,36.967533111572266,3.908029556274414,0.5046625137329102,0.18677502870559692,-0.03907238319516182,0.567742645740509
1320,36.89833450317383,3.833928108215332,0.5002375245094299,0.1867794543504715,-0.03870502859354019,0.5455799102783203
1321,36.986568450927734,3.9073545932769775,0.5072875022888184,0.1869155615568161,-0.037677157670259476,0.5510151982307434
1322,36.962501525878906,4.055727481842041,0.49998754262924194,0.186915323138237,-0.04345037415623665,0.552864670753479
1323,36.986751556396484,3.9436962604522705,0.5034250617027283,0.18697933852672577,-0.03906878083944321,0.5389094352722168
1324,36.890350341796875,3.8314778804779053,0.5039125084877014,0.18705248832702637,-0.04163778945803642,0.5673393607139587
1325,36.93710708618164,3.957408905029297,0.5000125169754028,0.18705271184444427,-0.037958238273859024,0.5638594627380371
1326,36.990779876708984,4.019996166229248,0.5005500316619873,0.18706299364566803,-0.01815916784107685,0.5618461966514587
1327,36.993770599365234,3.9783501625061035,0.5016375184059143,0.18709363043308258,-0.03100062906742096,0.5516026020050049
1328,36.97712707519531,3.959028720855713,0.4958750307559967,0.18701644241809845,-0.024467572569847107,0.5520936846733093
1329,36.934757232666016,3.891979217529297,0.4991375505924225,0.1870003193616867,-0.02606644481420517,0.559692919254303
1330,37.03640365600586,4.022905349731445,0.49518752098083496,0.18691033124923706,-0.021329468116164207,0.5331699252128601
1331,37.019893646240234,4.008862495422363,0.49998754262924194,0.18691009283065796,-0.023067543283104897,0.5305804014205933
1332,36.9481086730957,3.899301052093506,0.4997125267982483,0.18690472841262817,-0.028605306521058083,0.542844831943512
1333,36.96871566772461,3.847470998764038,0.5013250112533569,0.18692950904369354,-0.038933176547288895,0.5617244839668274
1334,36.934688568115234,3.8637540340423584,0.5002500414848328,0.1869341880083084,-0.013945717364549637,0.5537117123603821
1335,37.01511764526367,4.0545878410339355,0.5007625222206116,0.18694844841957092,-0.014236698858439922,0.5498433709144592
1336,36.95344543457031,3.967926025390625,0.49803754687309265,0.18691176176071167,-0.02597014233469963,0.5302193760871887
1337,37.069217681884766,4.083494186401367,0.5005249977111816,0.18692156672477722,-0.030922014266252518,0.5589035153388977
1338,36.99435043334961,4.041258335113525,0.4984875023365021,0.1868932843208313,-0.04366306588053703,0.5511003136634827
1339,36.954708099365234,3.9387080669403076,0.4961250126361847,0.1868208646774292,-0.028319871053099632,0.5514565110206604
1340,36.920509338378906,3.87015438079834,0.499500036239624,0.18681152164936066,-0.06072770804166794,0.5596920251846313
1341,36.968292236328125,3.9496026039123535,0.49902504682540894,0.18679331243038177,-0.057278525084257126,0.5434334874153137
1342,37.01010513305664,3.9793496131896973,0.5021375417709351,0.1868332326412201,-0.04375280812382698,0.5417143702507019
1343,37.015892028808594,3.965578556060791,0.5043250322341919,0.18691404163837433,-0.05167611315846443,0.5696606636047363
1344,36.9226188659668,3.8074898719787598,0.50513756275177,0.18701007962226868,-0.029591873288154602,0.5853251218795776
1345,36.95640182495117,3.868431568145752,0.5015375018119812,0.1870388388633728,-0.010540764778852463,0.5707817673683167
1346,36.99209213256836,3.9782156944274902,0.4983125329017639,0.18700727820396423,-0.023625504225492477,0.5676693916320801
1347,36.96938705444336,3.884981632232666,0.4963875412940979,0.18693971633911133,-0.04969344660639763,0.5544893741607666
1348,36.9893913269043,3.9538280963897705,0.49557504057884216,0.18685699999332428,-0.00027020121342502534,0.5765767097473145
1349,36.945167541503906,3.8021044731140137,0.4950750470161438,0.18676497042179108,-0.018502581864595413,0.5399243831634521
1350,37.05381774902344,4.173730373382568,0.4998500347137451,0.18676216900348663,-0.034249451011419296,0.554808497428894
1351,37.01975631713867,4.033536911010742,0.5008625388145447,0.18677829205989838,-0.06788060069084167,0.5662715435028076
1352,36.97626876831055,3.913828134536743,0.49781250953674316,0.18673743307590485,-0.04592374339699745,0.5839126706123352
1353,36.95235824584961,3.8627119064331055,0.5025874972343445,0.1867857575416565,-0.05390021950006485,0.5447632670402527
1354,36.96656036376953,3.8324592113494873,0.5007750391960144,0.18680022656917572,-0.04996158927679062,0.5484648942947388
1355,37.032474517822266,3.996961832046509,0.5021250247955322,0.18683993816375732,-0.011171692050993443,0.549156129360199
1356,37.02109909057617,3.9773664474487305,0.5005625486373901,0.18685045838356018,-0.018794694915413857,0.565070390701294
1357,37.00720977783203,3.961831569671631,0.49570003151893616,0.18677011132240295,-0.02630305103957653,0.5737649202346802
1358,36.913875579833984,3.8402929306030273,0.4974125325679779,0.1867217868566513,-0.061638399958610535,0.553220272064209
1359,36.915374755859375,3.926332950592041,0.496987521648407,0.18666553497314453,-0.03520452231168747,0.5658530592918396
1360,36.92587661743164,3.9473466873168945,0.5023750066757202,0.18670986592769623,-0.048776257783174515,0.5653210878372192
1361,36.88887405395508,3.7915496826171875,0.5005500316619873,0.1867201328277588,-0.04277116805315018,0.5493332147598267
1362,36.961517333984375,3.8982739448547363,0.5034000277519226,0.18678361177444458,-0.061414655297994614,0.5125782489776611
1363,36.97981643676758,3.882476806640625,0.503462553024292,0.18684829771518707,-0.02506633847951889,0.5312713980674744
1364,36.9821662902832,3.8572986125946045,0.5032125115394592,0.1869083195924759,-0.012896646745502949,0.5667309761047363
1365,36.981475830078125,3.8423476219177246,0.5041750073432922,0.18698634207248688,-0.02589717134833336,0.5432883501052856
1366,37.028831481933594,4.1040520668029785,0.4998999834060669,0.18698446452617645,-0.06543947756290436,0.5542454719543457
1367,36.97665023803711,4.033375263214111,0.4963499903678894,0.18691621720790863,-0.040051281452178955,0.5813575387001038
1368,36.99359893798828,4.018648147583008,0.4967750310897827,0.18685592710971832,-0.0529932901263237,0.5696586966514587
1369,36.954490661621094,3.881898880004883,0.4933500587940216,0.18673166632652283,-0.012959587387740612,0.5689598917961121
1370,36.87342071533203,3.7727065086364746,0.49773749709129333,0.18668942153453827,-0.03425640985369682,0.5684126615524292
1371,36.97069549560547,3.8903207778930664,0.4986625611782074,0.18666444718837738,-0.057060182094573975,0.545295774936676
1372,36.94661331176758,3.8261516094207764,0.5040125250816345,0.18673935532569885,-0.027072105556726456,0.5490975975990295
1373,36.94753646850586,3.8706605434417725,0.501075029373169,0.18675944209098816,-0.023292701691389084,0.5629261136054993
1374,36.96331024169922,3.806633710861206,0.5036125183105469,0.1868268996477127,-0.0334811769425869,0.568742036819458
1375,37.01238250732422,4.013027667999268,0.49586254358291626,0.18674959242343903,-0.05672351270914078,0.5620657205581665
1376,36.9289436340332,3.8663041591644287,0.498537540435791,0.1867222785949707,-0.041367411613464355,0.5814339518547058
1377,36.982337951660156,3.919534683227539,0.5055625438690186,0.18682613968849182,-0.03604729473590851,0.5506924986839294
1378,37.004432678222656,3.913106918334961,0.49783754348754883,0.1867857426404953,-0.05330536887049675,0.5612533092498779
1379,36.98469924926758,3.888058662414551,0.5001375079154968,0.18678830564022064,-0.0488315150141716,0.5344145894050598
1380,36.96889877319336,3.8535315990448,0.4961375296115875,0.18671615421772003,-0.07054675370454788,0.5310655832290649
1381,37.01387405395508,3.901473045349121,0.5025625228881836,0.18676401674747467,-0.03263707086443901,0.5623393058776855
1382,36.951629638671875,3.889322519302368,0.4994000494480133,0.1867528110742569,-0.0239445548504591,0.5473198890686035
1383,36.952293395996094,3.8264687061309814,0.4981750249862671,0.18671873211860657,-0.07081020623445511,0.5749610662460327
1384,36.931148529052734,3.8925960063934326,0.5019000768661499,0.18675421178340912,-0.04870641976594925,0.5686736106872559
1385,36.987857818603516,4.052608966827393,0.49910005927085876,0.18673740327358246,-0.005720809102058411,0.5536232590675354
1386,36.991092681884766,3.942194700241089,0.498787522315979,0.186714768409729,-0.04277826100587845,0.5704430937767029
1387,36.95304870605469,3.834953546524048,0.4995000660419464,0.18670542538166046,-0.020585354417562485,0.5443174242973328
1388,36.95950698852539,3.8449349403381348,0.5008500814437866,0.1867212951183319,-0.008887678384780884,0.563216507434845
1389,36.95256805419922,3.887824296951294,0.5002375245094299,0.18672572076320648,-0.04212009534239769,0.5372744798660278
1390,37.001708984375,3.9595844745635986,0.5005375146865845,0.18673576414585114,-0.04611147567629814,0.5566620826721191
1391,37.00490951538086,3.957552433013916,0.4968625009059906,0.18667717278003693,-0.03295233100652695,0.5226680040359497
1392,36.99978256225586,3.9760074615478516,0.5013625621795654,0.18670260906219482,-0.041039951145648956,0.5454909801483154
1393,37.01825714111328,3.8969979286193848,0.49960002303123474,0.1866951435804367,0.006961144972592592,0.544193685054779
1394,37.013954162597656,3.9126603603363037,0.5001375079154968,0.18669770658016205,-0.035203635692596436,0.5701228380203247
1395,36.96189880371094,3.8484232425689697,0.5003625154495239,0.18670447170734406,-0.013992423191666603,0.5431672930717468
1396,36.97377014160156,3.9255096912384033,0.49793753027915955,0.18666596710681915,-0.03462980315089226,0.5370675921440125
1397,36.995357513427734,3.9083986282348633,0.5013999938964844,0.18669208884239197,-0.034294258803129196,0.5396007895469666
1398,36.945030212402344,3.7927608489990234,0.5002375245094299,0.18669651448726654,-0.04568358510732651,0.5432518124580383
1399,36.987335205078125,3.974529266357422,0.4972500503063202,0.18664516508579254,-0.04521705210208893,0.5664234757423401
1400,36.98942947387695,4.028928279876709,0.49765002727508545,0.18660129606723785,-0.01661415584385395,0.5541560053825378
1401,36.949462890625,3.866940975189209,0.5031375288963318,0.18665984272956848,-0.026784533634781837,0.5493482351303101
1402,36.968990325927734,3.943787097930908,0.5013250112533569,0.18668459355831146,-0.051579296588897705,0.573720395565033
1403,36.963768005371094,3.851294755935669,0.5005000233650208,0.1866939216852188,-0.047193191945552826,0.5478057861328125
1404,36.93907165527344,3.809238910675049,0.4991750419139862,0.18667851388454437,-0.044195279479026794,0.5575997829437256
1405,36.9539680480957,3.8956737518310547,0.5044375061988831,0.18676134943962097,-0.04268474131822586,0.5805374383926392
1406,36.969520568847656,3.924618721008301,0.49900004267692566,0.1867426633834839,-0.04214705526828766,0.5506531596183777
1407,36.94658279418945,3.8670573234558105,0.5008000135421753,0.18675759434700012,-0.07420727610588074,0.572712242603302
1408,36.950992584228516,3.859384059906006,0.5027375221252441,0.18680870532989502,-0.03750660642981529,0.5644040107727051
1409,36.92656707763672,4.048182964324951,0.4986250102519989,0.18678301572799683,-0.06954741477966309,0.5398820042610168
1410,36.94063186645508,3.81870698928833,0.5035375356674194,0.18684910237789154,-0.05384518951177597,0.5712661743164062
1411,36.98760986328125,3.9704434871673584,0.5005750060081482,0.1868598312139511,-0.043348345905542374,0.5497620105743408
1412,36.97795104980469,4.01481294631958,0.5009000301361084,0.18687665462493896,-0.06354715675115585,0.5817950367927551
1413,36.89004898071289,3.720738649368286,0.49801257252693176,0.1868395209312439,-0.06594362109899521,0.5786181092262268
1414,36.95936965942383,3.9326977729797363,0.504087507724762,0.18691588938236237,-0.05512228608131409,0.5559556484222412
1415,36.93751525878906,3.7593166828155518,0.49980002641677856,0.1869121491909027,-0.03458085656166077,0.5697913765907288
1416,36.91743469238281,3.7747080326080322,0.49826252460479736,0.18687967956066132,-0.02305997908115387,0.56061190366745
1417,36.959415435791016,3.897034168243408,0.4941125512123108,0.18676964938640594,-0.025782784447073936,0.5643315315246582
1418,36.992218017578125,4.017237663269043,0.49560001492500305,0.18668746948242188,-0.046669863164424896,0.5619686245918274
1419,36.91725158691406,3.853168487548828,0.49807503819465637,0.18665152788162231,-0.032501086592674255,0.5553014278411865
1420,37.0004768371582,4.012609481811523,0.49972501397132874,0.18664640188217163,-0.042263515293598175,0.5465143918991089
1421,36.986209869384766,3.954897403717041,0.5038125514984131,0.18671755492687225,-0.03315955400466919,0.5551968216896057
1422,36.966617584228516,3.8137638568878174,0.5028375387191772,0.18677052855491638,-0.02222171425819397,0.5451945066452026
1423,36.97821807861328,3.798577070236206,0.5040250420570374,0.18684569001197815,-0.007191309239715338,0.5489198565483093
1424,37.03036880493164,3.9836578369140625,0.5006124973297119,0.18685713410377502,-0.035744208842515945,0.5686711668968201
1425,36.98591613769531,3.9798316955566406,0.4963500499725342,0.18678893148899078,-0.02702825702726841,0.581259548664093
1426,36.903480529785156,3.8173742294311523,0.4962875247001648,0.1867195963859558,-0.026932017877697945,0.5596453547477722
1427,36.94500732421875,3.991454601287842,0.4956125020980835,0.18663766980171204,-0.045453354716300964,0.5483759045600891
1428,36.9959716796875,3.9594359397888184,0.5022374987602234,0.1866794377565384,-0.030041467398405075,0.5672385692596436
1429,36.98991775512695,3.9731955528259277,0.5011625289916992,0.18670113384723663,-0.041853100061416626,0.5515968203544617
1430,36.967018127441406,3.766667366027832,0.5077999830245972,0.1868467628955841,-0.008514831773936749,0.5448241233825684
1431,37.0428581237793,4.011048793792725,0.5020999908447266,0.1868860125541687,-0.026500007137656212,0.5630538463592529
1432,36.9792366027832,3.8989531993865967,0.5013500452041626,0.1869112253189087,-0.041447464376688004,0.5502896308898926
1433,36.98324966430664,3.913788318634033,0.4985000193119049,0.18688318133354187,-0.015241353772580624,0.5326098799705505
1434,36.98576736450195,4.025156497955322,0.4981500208377838,0.18684861063957214,-0.05160706490278244,0.5661652088165283
1435,36.99874496459961,4.043513298034668,0.4990125298500061,0.18683016300201416,-0.09376965463161469,0.5427387952804565
1436,36.928409576416016,3.876678943634033,0.49931252002716064,0.18681731820106506,-0.054441895335912704,0.5499430894851685
1437,36.97567367553711,3.969982147216797,0.505050003528595,0.1869116574525833,-0.043400995433330536,0.5419647097587585
1438,36.972312927246094,3.796092987060547,0.5010375380516052,0.1869310438632965,-0.0005441136891022325,0.5459017157554626
1439,36.95119857788086,3.785979747772217,0.5015250444412231,0.18695954978466034,-0.012004007585346699,0.539441704750061
1440,36.94259262084961,3.8485074043273926,0.5055874586105347,0.1870640069246292,-0.012053290382027626,0.5580455660820007
1441,36.987152099609375,3.9849674701690674,0.5001250505447388,0.18706634640693665,-0.015190333127975464,0.5831688046455383
1442,36.94426727294922,3.979109764099121,0.49768751859664917,0.1870230883359909,-0.03932935371994972,0.5721359848976135
1443,36.9593620300293,3.9905855655670166,0.4963499903678894,0.1869548261165619,-0.06799856573343277,0.5589321851730347
1444,36.90530776977539,3.8918023109436035,0.5000500082969666,0.1869557648897171,-0.0519278310239315,0.5473182201385498
1445,36.97160339355469,3.9643514156341553,0.49947503209114075,0.18694594502449036,-0.04497314244508743,0.5815409421920776
1446,37.04072952270508,4.059000015258789,0.4996500611305237,0.18693940341472626,-0.030512208119034767,0.5520421862602234
1447,37.00669860839844,3.942730665206909,0.5065125226974487,0.18706114590168,-0.04371090605854988,0.551508367061615
1448,36.94083786010742,3.80790376663208,0.49590003490448,0.18698444962501526,-0.020271366462111473,0.5559806227684021
1449,37.00325393676758,3.9059948921203613,0.49903756380081177,0.1869664490222931,-0.010798873379826546,0.5475439429283142
1450,36.954551696777344,3.851283550262451,0.5020750164985657,0.18700525164604187,-0.02704932540655136,0.5707752108573914
1451,36.99766540527344,3.9927375316619873,0.4981124997138977,0.18696995079517365,-0.04170874506235123,0.5605921745300293
1452,36.962684631347656,3.851004123687744,0.49742501974105835,0.18692180514335632,-0.03767529875040054,0.5743974447250366
1453,36.996925354003906,3.909553050994873,0.5017125010490417,0.1869538277387619,-0.0538296140730381,0.5560771226882935
1454,36.9780387878418,3.9478108882904053,0.5000500082969666,0.18695476651191711,-0.012768045999109745,0.5502454042434692
1455,36.951717376708984,3.8452870845794678,0.5004750490188599,0.18696363270282745,-0.03659521043300629,0.573021650314331
1456,36.980098724365234,4.008780002593994,0.5013875365257263,0.18698957562446594,-0.06774861365556717,0.5554713606834412
1457,37.005950927734375,3.9142005443573,0.5023625493049622,0.1870337575674057,-0.024531114846467972,0.5573542714118958
1458,36.978485107421875,3.951749563217163,0.5004749894142151,0.18704263865947723,-0.024888351559638977,0.5736527442932129
1459,37.00185775756836,3.8908607959747314,0.49563753604888916,0.18696103990077972,-0.03937499225139618,0.5387316942214966
1460,36.97934341430664,3.9563424587249756,0.501924991607666,0.18699704110622406,-0.03618813678622246,0.5551997423171997
1461,36.98954772949219,3.9988045692443848,0.4953625202178955,0.18691033124923706,-0.024227384477853775,0.5533563494682312
1462,36.9846076965332,3.887239933013916,0.5002000331878662,0.18691407144069672,-0.03753898665308952,0.5408084988594055
1463,37.00835418701172,3.9603259563446045,0.495962530374527,0.18683859705924988,-0.031040582805871964,0.5335336923599243
1464,36.9463005065918,3.8317337036132812,0.4995875358581543,0.18683089315891266,-0.04896247386932373,0.5765561461448669
1465,36.96125793457031,3.772624969482422,0.5028625130653381,0.18688437342643738,-0.04495502635836601,0.556388795375824
1466,36.991127014160156,4.016921520233154,0.49873751401901245,0.18686078488826752,-0.029941298067569733,0.5544081926345825
1467,37.016868591308594,4.033871650695801,0.5001875162124634,0.18686428666114807,-0.0481090247631073,0.5570706725120544
1468,37.01106262207031,3.9964535236358643,0.498662531375885,0.186839297413826,-0.017047692090272903,0.5486022233963013
1469,36.90846633911133,3.800835132598877,0.5021499991416931,0.1868794709444046,-0.045346591621637344,0.5584933757781982
1470,37.06462478637695,4.091670989990234,0.5061625242233276,0.18699464201927185,-0.04421030730009079,0.5769152045249939
1471,36.962093353271484,3.9702694416046143,0.501675009727478,0.18702596426010132,-0.024689920246601105,0.5556948781013489
1472,36.91305923461914,3.917699098587036,0.5000874996185303,0.18702758848667145,-0.024076150730252266,0.5608248710632324
1473,37.00751876831055,4.004261016845703,0.49851253628730774,0.18699976801872253,-0.03307037428021431,0.5670893788337708
1474,36.937870025634766,3.797675371170044,0.5014749765396118,0.18702735006809235,-0.0560847744345665,0.5543909668922424
1475,36.92145538330078,3.7139456272125244,0.5024500489234924,0.18707317113876343,-0.01960138976573944,0.5377742052078247
1476,37.02095413208008,4.041881084442139,0.49791252613067627,0.18703411519527435,-0.04746628925204277,0.5163877606391907
1477,37.0301513671875,4.06987190246582,0.4953875243663788,0.18694785237312317,-0.05682097747921944,0.5603658556938171
1478,36.9574089050293,4.0311126708984375,0.4970250427722931,0.18689224123954773,-0.044492051005363464,0.5541578531265259
1479,36.973384857177734,3.9150383472442627,0.4986500144004822,0.18686701357364655,-0.024756768718361855,0.5677257776260376
1480,37.012855529785156,3.9615070819854736,0.4983625113964081,0.18683642148971558,-0.030681587755680084,0.5507501363754272
1481,36.9808235168457,3.859321117401123,0.5021500587463379,0.1868765950202942,-0.049418192356824875,0.5444763898849487
1482,37.02224349975586,3.9018638134002686,0.5024500489234924,0.1869223713874817,-0.0552586168050766,0.5592879056930542
1483,36.974449157714844,3.886929750442505,0.49845004081726074,0.18689340353012085,-0.026869958266615868,0.554543673992157
1484,36.95722579956055,3.8284642696380615,0.4984375238418579,0.1868642121553421,-0.03484322503209114,0.5531224608421326
1485,36.96651840209961,3.8705649375915527,0.5008500218391418,0.18688009679317474,-0.04398248717188835,0.5474323034286499
1486,36.98236846923828,3.9897308349609375,0.5014750361442566,0.18690764904022217,-0.055769190192222595,0.5709136128425598
1487,36.966773986816406,3.9919865131378174,0.49367502331733704,0.18678942322731018,-0.054216790944337845,0.5658614635467529
1488,37.00376892089844,3.988842248916626,0.500950038433075,0.18680717051029205,-0.04799859598278999,0.5717041492462158
1489,37.03805923461914,4.0230584144592285,0.5049999952316284,0.1869005709886551,-0.03671765699982643,0.585311233997345
1490,36.960365295410156,3.8684489727020264,0.5069625377655029,0.18703070282936096,-0.08365331590175629,0.5458349585533142
1491,36.9846305847168,3.9817442893981934,0.5007125735282898,0.18704403936862946,-0.01577051915228367,0.5746101140975952
1492,36.894840240478516,3.803122043609619,0.5020624995231628,0.18708261847496033,-0.022981742396950722,0.5580697059631348
1493,36.95818328857422,3.965629816055298,0.502262532711029,0.18712495267391205,-0.0495082251727581,0.5579385161399841
1494,36.88250732421875,3.85912823677063,0.4990500211715698,0.1871071755886078,-0.02866164967417717,0.5694683194160461
1495,36.98405075073242,3.9694509506225586,0.49767500162124634,0.18706366419792175,-0.0559174045920372,0.5322076082229614
1496,36.94624710083008,3.8501362800598145,0.4989375174045563,0.18704378604888916,-0.03285081684589386,0.5366079211235046
1497,36.963714599609375,3.889525890350342,0.49828752875328064,0.1870117485523224,-0.002957981778308749,0.5519572496414185
1498,36.913490295410156,3.7223360538482666,0.5013999938964844,0.18703791499137878,-0.003643537638708949,0.5654109716415405
1499,36.95439910888672,3.8990774154663086,0.49851253628730774,0.18701009452342987,-0.0060444786213338375,0.5368536114692688
1500,36.93313217163086,3.8845744132995605,0.5025375485420227,0.18705755472183228,-0.025515295565128326,0.5480640530586243
1501,36.97300720214844,3.9574623107910156,0.50142502784729,0.18708419799804688,-0.053352560847997665,0.5460161566734314
1502,36.92412567138672,3.791559934616089,0.5007625222206116,0.18709847331047058,-0.045353617519140244,0.5488564372062683
1503,36.93266296386719,3.8284881114959717,0.4906125068664551,0.1869228333234787,-0.05623641610145569,0.5429702401161194
1504,37.01412582397461,4.0351457595825195,0.4976625442504883,0.18687914311885834,-0.023943109437823296,0.5560759902000427
1505,37.02758026123047,3.98837947845459,0.49768751859664917,0.18683592975139618,0.005789388902485371,0.5478870868682861
1506,36.97385787963867,3.8688530921936035,0.49611255526542664,0.18676330149173737,-0.02887173928320408,0.5578587651252747
1507,36.9858512878418,3.935300350189209,0.49945002794265747,0.1867530196905136,-0.01977698504924774,0.5491921305656433
1508,36.89543914794922,3.721090793609619,0.4954625070095062,0.1866682767868042,-0.031983498483896255,0.5726452469825745
1509,37.0258903503418,3.9151675701141357,0.4993624985218048,0.18665637075901031,-0.029541153460741043,0.5374487638473511
1510,36.988494873046875,3.8975930213928223,0.5025625228881836,0.18670420348644257,-0.04164490848779678,0.5484625101089478
1511,36.92897415161133,3.888359546661377,0.49803751707077026,0.1866675615310669,-0.05353377386927605,0.5512053370475769
1512,36.9872932434082,3.8321261405944824,0.5004125237464905,0.1866752654314041,-0.05739476531744003,0.5587270855903625
1513,36.94483184814453,3.92391037940979,0.5029250383377075,0.18672987818717957,-0.02785613015294075,0.5758380889892578
1514,37.01432418823242,3.9384119510650635,0.5039500594139099,0.1868036538362503,-0.04536513611674309,0.5565263628959656
1515,37.03940200805664,4.009346961975098,0.4980374872684479,0.18676698207855225,-0.012190665118396282,0.5485972166061401
1516,36.96633529663086,3.8659138679504395,0.5013750195503235,0.18679265677928925,-0.06838332116603851,0.5673977732658386
1517,36.95195007324219,3.8891069889068604,0.49986252188682556,0.1867900788784027,-0.064485564827919,0.5370583534240723
1518,36.96102523803711,3.9033539295196533,0.5038999915122986,0.18686293065547943,-0.02906242199242115,0.5727814435958862
1519,36.90155792236328,3.8817849159240723,0.49666252732276917,0.18680056929588318,-0.06447194516658783,0.5547137260437012
1520,36.93375015258789,3.9358773231506348,0.4979875087738037,0.1867629736661911,-0.05342577025294304,0.5556237101554871
1521,36.938499450683594,3.856919288635254,0.500712513923645,0.1867762804031372,-0.007782640401273966,0.5701953172683716
1522,37.0253791809082,3.9446442127227783,0.5021000504493713,0.1868155151605606,-0.05383562669157982,0.5661996603012085
1523,37.01318359375,3.9442250728607178,0.5021499991416931,0.18685568869113922,-0.0031808873172849417,0.5607287287712097
1524,36.94244384765625,3.753264904022217,0.5038625597953796,0.18692785501480103,-0.00948669109493494,0.5790321826934814
1525,36.94607162475586,3.720815420150757,0.5013125538825989,0.1869523823261261,-0.0127333402633667,0.5636748671531677
1526,36.957035064697266,3.8201682567596436,0.5024999976158142,0.18699911236763,-0.018903419375419617,0.5590495467185974
1527,36.96101760864258,3.9997048377990723,0.5003000497817993,0.18700473010540009,-0.03534385934472084,0.5790868401527405
1528,36.91184997558594,3.7985494136810303,0.49483752250671387,0.18690818548202515,-0.038825616240501404,0.550794243812561
1529,36.91495132446289,3.873595714569092,0.49643751978874207,0.18684159219264984,-0.03401608765125275,0.5555816292762756
1530,36.99526596069336,3.893284559249878,0.5049625635147095,0.18693432211875916,-0.026908816769719124,0.5659000873565674
1531,37.022891998291016,4.016785144805908,0.5020125508308411,0.18697193264961243,-0.021109268069267273,0.5547524690628052
1532,36.942649841308594,3.9255433082580566,0.501924991607666,0.18700793385505676,-0.025023287162184715,0.5508968830108643
1533,37.02976608276367,4.026072978973389,0.50142502784729,0.18703457713127136,-0.021940909326076508,0.5550750494003296
1534,36.97683334350586,3.856426954269409,0.500825047492981,0.187049999833107,-0.033174075186252594,0.5440743565559387
1535,36.990692138671875,3.9093844890594482,0.5004875063896179,0.18705911934375763,0.0167400985956192,0.5625814199447632
1536,36.9315071105957,3.763735771179199,0.4969000220298767,0.18700112402439117,-0.005352713633328676,0.5458934307098389
1537,37.00419235229492,3.9162330627441406,0.49416252970695496,0.18689195811748505,-0.022609567269682884,0.5371288657188416
1538,37.00653839111328,4.042462348937988,0.4940375089645386,0.18678052723407745,-0.03385215997695923,0.5700550079345703
1539,37.014495849609375,3.9124388694763184,0.49966251850128174,0.18677422404289246,-0.030775541439652443,0.5399478673934937
1540,36.925758361816406,3.8751943111419678,0.4953250288963318,0.1866869181394577,-0.04246433824300766,0.5576978921890259
1541,37.0004997253418,3.9533638954162598,0.5031875371932983,0.18674643337726593,-0.056039661169052124,0.580781102180481
1542,36.97835159301758,3.8850128650665283,0.5008875131607056,0.1867630034685135,-0.025796394795179367,0.5801465511322021
1543,36.9301643371582,3.9285666942596436,0.5036625862121582,0.18683139979839325,-0.020571911707520485,0.5613184571266174
1544,36.93156051635742,3.8159775733947754,0.5032875537872314,0.1868928223848343,-0.04195554926991463,0.5686599612236023
1545,36.97934341430664,3.86972975730896,0.5008125305175781,0.18690802156925201,-0.04472430795431137,0.5590093731880188
1546,36.99296569824219,3.9699292182922363,0.5008125305175781,0.18692322075366974,-0.04520893469452858,0.5636225342750549
1547,36.92787170410156,3.8593695163726807,0.5008500814437866,0.18693910539150238,-0.04145004227757454,0.5763077735900879
1548,36.998191833496094,4.026729106903076,0.49967503547668457,0.1869330257177353,-0.05109858140349388,0.5505384802818298
1549,36.930843353271484,3.8597686290740967,0.49598750472068787,0.18685801327228546,-0.05677220597863197,0.5608695149421692
1550,36.951393127441406,3.879812479019165,0.502875030040741,0.18691174685955048,-0.04360092431306839,0.5793623328208923
1551,36.923038482666016,3.8456122875213623,0.499687522649765,0.1869059056043625,-0.02692311257123947,0.566459059715271
1552,36.985618591308594,3.8822896480560303,0.49867501854896545,0.1868811398744583,-0.0500556044280529,0.5418477058410645
1553,37.000118255615234,3.8618338108062744,0.4999000132083893,0.1868792623281479,-0.023248424753546715,0.5434939861297607
1554,36.8889045715332,3.8583786487579346,0.4988875389099121,0.18685847520828247,-0.01552397571504116,0.5382273197174072
1555,36.934024810791016,3.8397626876831055,0.500700056552887,0.18687154352664948,-0.043714504688978195,0.5244738459587097
1556,36.97938537597656,3.9915177822113037,0.4989375174045563,0.18685168027877808,-0.03190148249268532,0.5480949282646179
1557,36.97024154663086,3.921373128890991,0.5006625652313232,0.18686406314373016,-0.03185097873210907,0.5623001456260681
1558,36.98270034790039,3.9015424251556396,0.5016750693321228,0.18689535558223724,-0.0032211143989115953,0.5357843041419983
1559,36.9610481262207,3.9428484439849854,0.49428752064704895,0.18678858876228333,-0.04059578478336334,0.5630995035171509
1560,37.00712966918945,3.8449954986572266,0.5006875395774841,0.18680143356323242,-0.016860999166965485,0.5386981964111328
1561,36.958927154541016,3.8046915531158447,0.499099999666214,0.18678462505340576,0.010775498114526272,0.561082124710083
1562,36.97412872314453,3.8287484645843506,0.49951252341270447,0.18677552044391632,-0.038349445909261703,0.554135799407959
1563,37.030250549316406,4.078919410705566,0.49693751335144043,0.18671831488609314,-0.040611375123262405,0.559701681137085
1564,36.99058532714844,4.0236382484436035,0.4977875351905823,0.1866770088672638,-0.047592923045158386,0.5439404249191284
1565,36.96629333496094,3.9658946990966797,0.5009875297546387,0.18669544160366058,-0.039726946502923965,0.5800932049751282
1566,36.97013473510742,3.8540003299713135,0.5038000345230103,0.1867663860321045,-0.020795628428459167,0.5693004131317139
1567,36.938907623291016,3.811786413192749,0.5002124905586243,0.18677034974098206,-0.026957467198371887,0.5656410455703735
1568,36.92670440673828,3.863877058029175,0.5022749900817871,0.18681283295154572,-0.03633370250463486,0.5610092878341675
1569,36.953407287597656,3.8742690086364746,0.5013875365257263,0.186838760972023,-0.05283553525805473,0.5484309196472168
1570,36.952449798583984,3.937953233718872,0.4980250298976898,0.18680186569690704,-0.03192709758877754,0.5676321983337402
1571,36.9209098815918,3.848013401031494,0.4989875257015228,0.18678294122219086,-0.04501345381140709,0.5618953108787537
1572,36.934513092041016,3.827526092529297,0.5025625228881836,0.1868308186531067,-0.046479977667331696,0.5655269026756287
1573,36.91582107543945,3.793565273284912,0.49742501974105835,0.18678271770477295,-0.05356470122933388,0.5563449859619141
1574,36.97071838378906,3.9596335887908936,0.5031375288963318,0.18684132397174835,-0.04572911933064461,0.5555883049964905
1575,36.8884162902832,3.916364908218384,0.49818751215934753,0.18680745363235474,-0.053821124136447906,0.5584072470664978
1576,36.9768180847168,3.8580498695373535,0.499500036239624,0.1867981106042862,-0.0424613319337368,0.5364366173744202
1577,36.97002410888672,3.987929105758667,0.5024750232696533,0.1868443340063095,-0.050176095217466354,0.5514594316482544
1578,36.94554138183594,3.8236324787139893,0.4980875551700592,0.18680860102176666,-0.04450581595301628,0.5441766381263733
1579,36.922576904296875,3.781130075454712,0.49826252460479736,0.18677614629268646,-0.07007792592048645,0.53836590051651
1580,36.9397087097168,3.776136875152588,0.5033125281333923,0.18683801591396332,-0.02599014714360237,0.5515246987342834
1581,36.9730110168457,3.8852121829986572,0.49931252002716064,0.18682517111301422,-0.01335238292813301,0.5530033707618713
1582,37.07925033569336,4.112890243530273,0.498725026845932,0.18680135905742645,-0.05488211289048195,0.5707128047943115
1583,36.9922981262207,3.922851085662842,0.5041125416755676,0.18687818944454193,-0.055794425308704376,0.5748111605644226
1584,36.9533576965332,3.7967965602874756,0.49873754382133484,0.18685460090637207,-0.02547740377485752,0.5373858213424683
1585,37.045379638671875,3.9502031803131104,0.503350019454956,0.18691718578338623,-0.03609643876552582,0.5566064119338989
1586,36.95866394042969,3.8359954357147217,0.49601253867149353,0.1868426501750946,-0.04480590671300888,0.5626063346862793
1587,36.92669677734375,3.7518396377563477,0.5021125674247742,0.1868821233510971,-0.02926076203584671,0.5687226057052612
1588,37.012123107910156,3.8685336112976074,0.5035250186920166,0.1869480013847351,-0.02782515063881874,0.5530420541763306
1589,37.075599670410156,4.090563774108887,0.49643754959106445,0.1868813931941986,-0.02578563801944256,0.559366762638092
1590,36.93367385864258,3.7974538803100586,0.5000500082969666,0.18688233196735382,-0.029571328312158585,0.5509968996047974
1591,36.96649169921875,3.8578040599823,0.5041249990463257,0.1869594156742096,-0.03359527140855789,0.5583177208900452
1592,36.98579788208008,3.949714422225952,0.5001375675201416,0.18696197867393494,-0.03235878795385361,0.5320237874984741
1593,36.977149963378906,3.9107184410095215,0.5013750195503235,0.18698768317699432,-0.019840054214000702,0.5693347454071045
1594,36.94881820678711,3.8888301849365234,0.5018250346183777,0.18702180683612823,-0.02495935559272766,0.5333864092826843
1595,36.945838928222656,3.7884304523468018,0.5004750490188599,0.18703067302703857,-0.04008687287569046,0.562910795211792
1596,36.97401809692383,3.9528534412384033,0.5021125674247742,0.18707017600536346,-0.031491681933403015,0.5330780744552612
1597,36.96522521972656,3.9681482315063477,0.49512502551078796,0.18697898089885712,-0.0010931449942290783,0.5603187084197998
1598,36.99851608276367,4.108040809631348,0.5003000497817993,0.1869845986366272,-0.02580162137746811,0.5579997301101685
1599,36.96121597290039,3.906839370727539,0.4976000189781189,0.18693973124027252,-0.03402706980705261,0.5518805980682373
1600,36.917816162109375,3.8005661964416504,0.5013124942779541,0.1869642734527588,-0.0016638622619211674,0.5511515736579895
1601,36.999229431152344,3.8964321613311768,0.499500036239624,0.18695493042469025,-0.031711872667074203,0.5647258758544922
1602,36.966468811035156,3.995274066925049,0.5009875297546387,0.18697337806224823,-0.031142069026827812,0.5518746972084045
1603,36.953224182128906,3.8604016304016113,0.5010250210762024,0.18699254095554352,-0.04407403990626335,0.5616864562034607
1604,36.95668029785156,3.865124464035034,0.4994000196456909,0.18698132038116455,-0.02761639468371868,0.5528315901756287
1605,36.9565544128418,3.900516986846924,0.5031375288963318,0.18703998625278473,-0.032275497913360596,0.5410481691360474
1606,36.95146179199219,3.8933780193328857,0.49806252121925354,0.1870037466287613,-0.03446907922625542,0.5621064305305481
1607,36.987449645996094,4.018205642700195,0.5013250112533569,0.18702854216098785,-0.045397914946079254,0.56196528673172
1608,36.97500991821289,3.8801326751708984,0.5001125335693359,0.1870306432247162,-0.03755578026175499,0.5652794241905212
1609,37.02635192871094,3.9413247108459473,0.5019000172615051,0.1870661824941635,-0.04843498766422272,0.5480746030807495
1610,36.97818374633789,4.017698287963867,0.5012125372886658,0.18708886206150055,-0.032104235142469406,0.5394863486289978
1611,36.94772720336914,3.768385171890259,0.49643751978874207,0.18702220916748047,-0.03878690302371979,0.5389708280563354
1612,36.96189880371094,3.881584882736206,0.4978874921798706,0.18698270618915558,-0.02751985378563404,0.5401978492736816
1613,36.977603912353516,3.8919901847839355,0.5006750226020813,0.18699532747268677,-0.029454076662659645,0.549071729183197
1614,36.98604202270508,3.9322218894958496,0.49457502365112305,0.18689388036727905,-0.003657442284747958,0.5517208576202393
1615,37.02029037475586,3.95792555809021,0.5010374784469604,0.18691326677799225,-0.010568315163254738,0.5274186134338379
1616,37.02680587768555,4.012635707855225,0.49748751521110535,0.18686631321907043,-0.012861373834311962,0.5596597194671631
1617,37.00510787963867,3.9395952224731445,0.5018500089645386,0.18690088391304016,-0.0343092679977417,0.5815145969390869
1618,37.05744171142578,4.078874588012695,0.5031625032424927,0.18695999681949615,-0.06413614004850388,0.5782041549682617
1619,36.915199279785156,3.887786388397217,0.5006375312805176,0.18697191774845123,-0.03939180076122284,0.5589023232460022
1620,36.9025993347168,3.776350736618042,0.5042125582695007,0.1870506852865219,-0.05129057168960571,0.5665476322174072
1621,36.946556091308594,3.7882473468780518,0.5039125084877014,0.1871238648891449,-0.03417225554585457,0.5572475790977478
1622,36.99591064453125,3.9672787189483643,0.5024500489234924,0.18716970086097717,-0.03326535224914551,0.5879188776016235
1623,36.95991897583008,3.852963924407959,0.5048624873161316,0.1872607171535492,-0.06199541315436363,0.5678917765617371
1624,37.01842498779297,4.035243034362793,0.5034500360488892,0.18732531368732452,-0.061306022107601166,0.5639504194259644
1625,36.963932037353516,3.970003604888916,0.4991625249385834,0.1873096227645874,-0.0418686680495739,0.5619551539421082
1626,36.96089553833008,3.9323058128356934,0.4960625171661377,0.18723587691783905,-0.05555001273751259,0.5569506883621216
1627,36.955997467041016,3.951674699783325,0.49768754839897156,0.18719257414340973,-0.04330175369977951,0.5684508085250854
1628,36.962772369384766,3.9228320121765137,0.4986500144004822,0.18716730177402496,-0.033662348985672,0.5581129789352417
1629,36.97081756591797,3.9141035079956055,0.5042874813079834,0.18724755942821503,-0.03643351048231125,0.5698012709617615
1630,36.90358352661133,3.7181437015533447,0.4983750283718109,0.1872171312570572,-0.04800094664096832,0.5482450127601624
1631,36.986148834228516,3.8022241592407227,0.5007500052452087,0.1872311681509018,-0.019972803071141243,0.5391374230384827
1632,37.03723907470703,4.015824317932129,0.5028500556945801,0.18728452920913696,-0.0472809374332428,0.5280929207801819
1633,37.0323486328125,3.9720826148986816,0.5024875402450562,0.18733112514019012,-0.042643506079912186,0.5517483353614807
1634,36.963836669921875,3.8224685192108154,0.496987521648407,0.18727469444274902,-0.01924547739326954,0.5481165051460266
1635,36.98810958862305,3.827249050140381,0.5017625093460083,0.1873076856136322,-0.026979008689522743,0.5519146919250488
1636,37.014015197753906,4.007617950439453,0.4984999895095825,0.1872795820236206,-0.03316831216216087,0.5843454599380493
1637,36.9741325378418,3.9120824337005615,0.5011875033378601,0.18730181455612183,-0.05983157455921173,0.5620500445365906
1638,36.99585723876953,3.911621570587158,0.4997375011444092,0.18729689717292786,-0.03736793249845505,0.5686047673225403
1639,37.00975036621094,4.031479835510254,0.495525062084198,0.18721307814121246,-0.05965661257505417,0.541124701499939
1640,36.98810958862305,3.8495962619781494,0.5032250285148621,0.18727344274520874,-0.02474362961947918,0.5456468462944031
1641,36.98371887207031,3.9632787704467773,0.4978625178337097,0.18723341822624207,-0.0208552535623312,0.5316751599311829
1642,37.0057487487793,3.889894485473633,0.5003875494003296,0.18724067509174347,-0.03399572893977165,0.5429144501686096
1643,36.964088439941406,3.869025230407715,0.4991000294685364,0.18722382187843323,-0.039383433759212494,0.5518277287483215
1644,36.98286819458008,3.897817611694336,0.49701252579689026,0.18716789782047272,-0.045065637677907944,0.5337018370628357
1645,36.93578338623047,3.773524045944214,0.4984750747680664,0.1871393620967865,-0.01424384955316782,0.5437338948249817
1646,37.033348083496094,3.99505615234375,0.4971500337123871,0.18708603084087372,0.011829170398414135,0.5382574796676636
1647,36.97996520996094,3.915116310119629,0.49743756651878357,0.1870380938053131,-0.03256447613239288,0.5408768057823181
1648,36.91725158691406,3.8143651485443115,0.501550018787384,0.18706707656383514,-0.02398608811199665,0.5372241735458374
1649,36.9849739074707,3.947943925857544,0.4961000382900238,0.18699412047863007,-0.034362636506557465,0.5493267774581909
1650,37.00094223022461,4.015735626220703,0.49773749709129333,0.18695181608200073,-0.03625836223363876,0.5443504452705383
1651,36.99972915649414,3.9491302967071533,0.49902504682540894,0.18693359196186066,-0.04855269938707352,0.5675111413002014
1652,36.915618896484375,3.771268844604492,0.4982500374317169,0.18690088391304016,-0.05008003115653992,0.5489723086357117
1653,36.98572540283203,4.003317832946777,0.5032000541687012,0.18696068227291107,-0.043765515089035034,0.5695596933364868
1654,36.963218688964844,3.8220036029815674,0.49761253595352173,0.1869160383939743,-0.03721233829855919,0.5523935556411743
1655,37.004051208496094,4.05272912979126,0.4958375096321106,0.18683822453022003,-0.012526060454547405,0.541996955871582
1656,37.05451202392578,3.991658926010132,0.498725026845932,0.18681439757347107,-0.04003562405705452,0.5518717765808105
1657,36.9874153137207,3.9027140140533447,0.5032750368118286,0.18687556684017181,-0.06420698016881943,0.5652020573616028
1658,37.0307502746582,3.9330639839172363,0.49945002794265747,0.18686528503894806,-0.028566744178533554,0.5428268909454346
1659,36.959800720214844,3.8188717365264893,0.49822500348091125,0.18683211505413055,-0.0493910014629364,0.5399635434150696
1660,36.93057632446289,3.8529348373413086,0.5038625001907349,0.18690428137779236,-0.06399388611316681,0.5735151767730713
1661,36.99656677246094,3.883190155029297,0.5011375546455383,0.18692553043365479,-0.03366062417626381,0.5620097517967224
1662,36.94334030151367,3.829404354095459,0.4978000223636627,0.18688440322875977,-0.06492138653993607,0.5654338002204895
1663,36.93207550048828,3.846242666244507,0.5000374913215637,0.18688508868217468,-0.04534786194562912,0.5650388598442078
1664,36.95351028442383,3.83054256439209,0.5018875598907471,0.18692035973072052,-0.0589384064078331,0.5494622588157654
1665,36.969966888427734,3.930690050125122,0.5004000663757324,0.18692784011363983,-0.034375354647636414,0.5483269095420837
1666,36.965301513671875,3.8783209323883057,0.4986500144004822,0.18690259754657745,-0.046688079833984375,0.5406402349472046
1667,36.99805450439453,3.962970495223999,0.49908754229545593,0.1868855357170105,-0.03857264295220375,0.5564808249473572
1668,36.97425079345703,3.788851022720337,0.5012750029563904,0.18690937757492065,-0.02355963923037052,0.5388259291648865
1669,36.999874114990234,3.8809475898742676,0.49945002794265747,0.1868990957736969,-0.026529446244239807,0.5604671835899353
1670,36.94884490966797,3.7995779514312744,0.4997125566005707,0.18689373135566711,-0.04768787696957588,0.5646875500679016
1671,36.934024810791016,3.7795357704162598,0.49646252393722534,0.18682761490345,-0.025004727765917778,0.5775127410888672
1672,36.958072662353516,3.874424457550049,0.499812513589859,0.18682411313056946,-0.06792017072439194,0.5615057349205017
1673,36.94575119018555,3.8634190559387207,0.4966375231742859,0.1867613047361374,-0.0343947559595108,0.5392962694168091
1674,37.00819778442383,4.005911827087402,0.4999125301837921,0.18675966560840607,-0.04542871192097664,0.5500258803367615
1675,37.007789611816406,3.930450916290283,0.49397507309913635,0.18664714694023132,-0.020676303654909134,0.5506899356842041
1676,36.97026062011719,3.944579601287842,0.4985499978065491,0.1866200864315033,-0.022210245952010155,0.5595582127571106
1677,36.93016052246094,3.856956720352173,0.49852505326271057,0.18659254908561707,-0.04504481330513954,0.5244778394699097
1678,36.97175979614258,3.963656425476074,0.49935004115104675,0.18658041954040527,-0.03350008279085159,0.5484454035758972
1679,36.96214294433594,3.8051276206970215,0.49880000948905945,0.18655803799629211,-0.042691148817539215,0.5556396245956421
1680,36.93381881713867,3.844053030014038,0.5026125311851501,0.1866067796945572,-0.017098572105169296,0.5510206818580627
1681,36.985355377197266,3.917433738708496,0.4993000030517578,0.18659372627735138,-0.03700963035225868,0.5316186547279358
1682,36.98343276977539,3.937464475631714,0.49867504835128784,0.1865690052509308,-0.01638241671025753,0.5404850840568542
1683,36.92246627807617,3.795468330383301,0.49988749623298645,0.18656690418720245,0.00648456858471036,0.5567553639411926
1684,36.98150634765625,3.9360036849975586,0.501550018787384,0.18659581243991852,-0.023507222533226013,0.5439985990524292
1685,36.989620208740234,3.9546329975128174,0.49976253509521484,0.18659138679504395,-0.00882803276181221,0.5489023327827454
1686,36.98155212402344,3.8484482765197754,0.49960002303123474,0.18658392131328583,-0.04152848199009895,0.5998943448066711
1687,36.9133415222168,3.74666428565979,0.5012375116348267,0.1866070032119751,-0.022952251136302948,0.5769971609115601
1688,37.031715393066406,3.9925379753112793,0.5011625289916992,0.18662869930267334,-0.040307704359292984,0.5289155840873718
1689,36.956207275390625,3.885237455368042,0.5040749907493591,0.18670473992824554,-0.04537293314933777,0.580271303653717
1690,36.971099853515625,3.953167676925659,0.49880000948905945,0.1866823434829712,-0.05074916034936905,0.5555300712585449
1691,36.979270935058594,3.9475255012512207,0.49716252088546753,0.18662938475608826,-0.04601086676120758,0.5655151009559631
1692,36.95094299316406,3.9111111164093018,0.4970250129699707,0.18657386302947998,-0.02953011728823185,0.5499307513237
1693,36.967918395996094,3.902615785598755,0.4975375235080719,0.18652792274951935,-0.03209075331687927,0.5730364322662354
1694,36.931068420410156,3.790987253189087,0.5014875531196594,0.1865556687116623,-0.03622153773903847,0.5577268004417419
1695,36.967899322509766,3.9516162872314453,0.502262532711029,0.18659788370132446,-0.03378421440720558,0.5667552947998047
1696,36.962249755859375,3.8321385383605957,0.5035125017166138,0.186663419008255,0.005617876071482897,0.560964822769165
1697,36.978797912597656,3.7438673973083496,0.5004000663757324,0.18667089939117432,-0.057758431881666183,0.535186767578125
1698,37.01445007324219,3.963290214538574,0.5018250346183777,0.18670496344566345,-0.02353634312748909,0.5258529782295227
1699,37.01719665527344,3.937072992324829,0.5010375380516052,0.18672432005405426,-0.004730787593871355,0.5656715631484985
1700,36.97955322265625,3.8298444747924805,0.5002250075340271,0.18672852218151093,-0.037757035344839096,0.5454936027526855
1701,36.99406051635742,3.9776766300201416,0.49996253848075867,0.18672782182693481,-0.014873278327286243,0.5402953624725342
1702,36.95492172241211,3.865644693374634,0.49697503447532654,0.18667133152484894,-0.03075307421386242,0.5695357918739319
1703,37.0052490234375,3.9688639640808105,0.49483752250671387,0.18657496571540833,-0.041059710085392,0.5749447345733643
1704,37.007659912109375,3.880922317504883,0.4975375235080719,0.1865290254354477,-0.007017465773969889,0.5648813247680664
1705,36.993316650390625,3.8933663368225098,0.5003499984741211,0.1865355670452118,-0.006192473694682121,0.5489004254341125
1706,36.993927001953125,4.060670852661133,0.49857503175735474,0.18650898337364197,-0.034683674573898315,0.5409365296363831
1707,36.999176025390625,3.9489383697509766,0.5031750202178955,0.18656818568706512,-0.014522912912070751,0.5515901446342468
1708,37.016746520996094,3.942594289779663,0.5018125176429749,0.18660199642181396,-0.04126785323023796,0.5445385575294495
1709,36.957984924316406,3.8923466205596924,0.49713754653930664,0.18654859066009521,-0.06614275276660919,0.5379043817520142
1710,36.9332160949707,3.875760078430176,0.4971250295639038,0.18649496138095856,-0.04823589697480202,0.5609483122825623
1711,36.97472381591797,3.9128730297088623,0.49835002422332764,0.18646419048309326,-0.04371771216392517,0.5543511509895325
1712,36.89472198486328,3.7100818157196045,0.5029125213623047,0.18651849031448364,-0.03958083689212799,0.5355286002159119
1713,36.98042678833008,3.91302490234375,0.5016000270843506,0.18654832243919373,-0.032369423657655716,0.5543567538261414
1714,36.958072662353516,3.8724935054779053,0.4978625476360321,0.186508446931839,-0.0489853098988533,0.5474985241889954
1715,36.93175506591797,3.7561113834381104,0.5031625628471375,0.18656742572784424,-0.04556046798825264,0.5696045756340027
1716,36.91059875488281,3.85299015045166,0.499625027179718,0.18656043708324432,-0.052472423762083054,0.54536372423172
1717,36.98738098144531,3.867496967315674,0.5040500164031982,0.18663598597049713,-0.053280122578144073,0.5446444153785706
1718,36.94880294799805,3.8665497303009033,0.49902504682540894,0.18661779165267944,-0.01624176651239395,0.5546426773071289
1719,36.87345886230469,3.6908373832702637,0.49828752875328064,0.18658582866191864,-0.06763993948698044,0.5588175058364868
1720,36.9251594543457,3.8382091522216797,0.5027000308036804,0.18663620948791504,-0.03592200204730034,0.5494778156280518
1721,36.999305725097656,3.9891936779022217,0.5029125213623047,0.1866905689239502,-0.05377276614308357,0.5415606498718262
1722,36.93502426147461,3.7682390213012695,0.5063750147819519,0.18680958449840546,-0.030271897092461586,0.5628535747528076
1723,36.93877029418945,3.7504754066467285,0.5014500617980957,0.18683665990829468,-0.024140268564224243,0.5428359508514404
1724,36.96855926513672,3.8802692890167236,0.49790000915527344,0.18679742515087128,-0.013485172763466835,0.5471010804176331
1725,36.97934341430664,3.946117401123047,0.49807503819465637,0.18676146864891052,-0.04325728118419647,0.544247567653656
1726,36.947425842285156,3.928487777709961,0.49873751401901245,0.18673789501190186,-0.04861176013946533,0.5495047569274902
1727,36.971954345703125,3.985722064971924,0.49855002760887146,0.18671081960201263,-0.07241745293140411,0.5717417597770691
1728,36.94051742553711,3.8204267024993896,0.5015875101089478,0.1867404729127884,-0.033290017396211624,0.5587035417556763
1729,36.966434478759766,3.8364737033843994,0.5035125017166138,0.18680605292320251,-0.0430106520652771,0.5508941411972046
1730,37.01358413696289,4.011434078216553,0.5003750324249268,0.18681307137012482,-0.03195539489388466,0.5560959577560425
1731,36.99205017089844,3.9519684314727783,0.49790000915527344,0.18677383661270142,-0.0059013585560023785,0.5319696068763733
1732,36.970237731933594,3.7863657474517822,0.5026000738143921,0.18682239949703217,-0.031162668019533157,0.5426083207130432
1733,37.013092041015625,3.992805004119873,0.49505001306533813,0.18672992289066315,-0.058123353868722916,0.5335089564323425
1734,36.99652099609375,3.9036412239074707,0.49755001068115234,0.18668417632579803,-0.0032764484640210867,0.5564976334571838
1735,36.93303298950195,3.8681654930114746,0.49336254596710205,0.18656025826931,-0.05039989948272705,0.5531519651412964
1736,36.986358642578125,3.9018356800079346,0.4974000155925751,0.18651175498962402,-0.051599230617284775,0.5533158183097839
1737,36.92601776123047,3.814288854598999,0.5040375590324402,0.18658706545829773,-0.015964841470122337,0.5317511558532715
1738,36.99300003051758,3.9475057125091553,0.4997375011444092,0.18658217787742615,-0.027080591768026352,0.5594924688339233
1739,36.97787857055664,3.89776349067688,0.5052499771118164,0.1866801381111145,-0.05612971633672714,0.5415902137756348
1740,36.92665481567383,3.75773286819458,0.4967125356197357,0.18661877512931824,-0.06836196035146713,0.5564205050468445
1741,36.966575622558594,3.9654271602630615,0.4986250400543213,0.18659311532974243,-0.05911172553896904,0.5786865949630737
1742,36.948143005371094,3.862809658050537,0.4933875501155853,0.18646973371505737,-0.061190951615571976,0.546659529209137
1743,37.01617431640625,3.9744977951049805,0.4979500472545624,0.18643151223659515,-0.06654014438390732,0.5500125885009766
1744,37.018924713134766,4.036690711975098,0.49768751859664917,0.18638840317726135,0.0019591646268963814,0.5627920031547546
1745,37.01185607910156,3.8801705837249756,0.49945002794265747,0.18637815117835999,-0.0542420968413353,0.5635062456130981
1746,36.98084259033203,3.8553688526153564,0.496862530708313,0.18631967902183533,-0.03924909979104996,0.5421774983406067
1747,36.99981689453125,3.938800811767578,0.5001375079154968,0.18632222712039948,-0.05497274920344353,0.5558261275291443
1748,36.940673828125,3.8548972606658936,0.5030625462532043,0.18637928366661072,-0.06253682076931,0.5401788949966431
1749,37.00315856933594,3.9850776195526123,0.49947503209114075,0.18636949360370636,-0.040004048496484756,0.5464735627174377
1750,36.95903778076172,3.7793779373168945,0.4964750111103058,0.18630379438400269,-0.04901787266135216,0.5503212809562683
1751,37.02621841430664,4.063230514526367,0.49835002422332764,0.18627305328845978,-0.012262031435966492,0.5663360953330994
1752,37.03123474121094,3.9734883308410645,0.49746251106262207,0.1862257868051529,-0.03828124329447746,0.5449656844139099
1753,37.058231353759766,4.082552433013916,0.49380001425743103,0.18611033260822296,-0.01539003849029541,0.5326699018478394
1754,37.02849197387695,3.848918914794922,0.497825026512146,0.18606986105442047,-0.023255150765180588,0.5424780249595642
1755,37.00106430053711,3.8730757236480713,0.5054000616073608,0.18617033958435059,-0.017351921647787094,0.5455009937286377
1756,36.99061584472656,3.939030647277832,0.5011875033378601,0.18619243800640106,-0.019061081111431122,0.5360966324806213
1757,36.943634033203125,3.773306131362915,0.5041875243186951,0.18627041578292847,-0.030294351279735565,0.5524131059646606
1758,36.96106719970703,3.78949236869812,0.50142502784729,0.1862969547510147,-0.0308217853307724,0.5666707754135132
1759,37.022857666015625,3.994201898574829,0.5000625252723694,0.18629810214042664,-0.04949747771024704,0.5552513599395752
1760,36.9641227722168,3.8834471702575684,0.5017500519752502,0.18633070588111877,-0.043655894696712494,0.5485586524009705
1761,36.96327209472656,3.8856687545776367,0.501300036907196,0.18635493516921997,-0.028836632147431374,0.5654536485671997
1762,37.01919937133789,3.9155519008636475,0.5014125108718872,0.1863812655210495,-0.046528756618499756,0.5568404197692871
1763,36.99578094482422,3.871100664138794,0.4982500374317169,0.18634864687919617,-0.03955906257033348,0.5621975064277649
1764,37.004066467285156,3.872424364089966,0.4960625171661377,0.18627527356147766,-0.05113925412297249,0.5448923110961914
1765,36.93050765991211,3.842315196990967,0.5,0.18627527356147766,-0.058056604117155075,0.5715810656547546
1766,36.96784591674805,3.9026691913604736,0.5025874972343445,0.18632347881793976,-0.00714102853089571,0.5712769031524658
1767,36.931114196777344,3.8265931606292725,0.5032625198364258,0.18638427555561066,-0.017796726897358894,0.5669395923614502
1768,36.96797561645508,3.9127755165100098,0.5042625069618225,0.18646372854709625,-0.03236855939030647,0.5733063220977783
1769,36.93838882446289,3.808830738067627,0.49835002422332764,0.18643295764923096,-0.006754372268915176,0.5581346750259399
1770,37.004737854003906,3.9133846759796143,0.49877503514289856,0.18641012907028198,-0.023140080273151398,0.537224292755127
1771,36.960079193115234,3.787198066711426,0.5035250186920166,0.18647584319114685,-0.015173790045082569,0.5644345283508301
1772,37.00709915161133,3.9278056621551514,0.500587522983551,0.18648679554462433,-0.04899650439620018,0.5625810623168945
1773,36.93653106689453,3.9841692447662354,0.5018749833106995,0.1865217685699463,-0.045681197196245193,0.5582546591758728
1774,36.93244934082031,3.808002233505249,0.4974500238895416,0.18647420406341553,-0.031833719462156296,0.5686047077178955
1775,36.95315933227539,3.933098793029785,0.5012750029563904,0.1864979863166809,-0.0435873419046402,0.5424693822860718
1776,36.96155548095703,3.9549269676208496,0.4977250397205353,0.18645556271076202,-0.05114779248833656,0.5406326055526733
1777,36.933692932128906,3.8270082473754883,0.5024875402450562,0.18650195002555847,-0.03489876538515091,0.5426974892616272
1778,36.91674041748047,3.819833517074585,0.49832504987716675,0.18647071719169617,-0.027421532198786736,0.5615357160568237
1779,36.94664764404297,3.79435133934021,0.5035000443458557,0.18653598427772522,-0.028412729501724243,0.5473777651786804
1780,36.93434524536133,3.7818384170532227,0.5027250051498413,0.18658681213855743,-0.020995136350393295,0.5580191016197205
1781,36.9421501159668,3.7739713191986084,0.5027750730514526,0.18663859367370605,-0.06654958426952362,0.558481752872467
1782,37.00016403198242,3.9702436923980713,0.5006875395774841,0.18665143847465515,-0.04746736213564873,0.5587002635002136
1783,37.00716781616211,3.9419288635253906,0.4993250370025635,0.18663884699344635,-0.04096978157758713,0.5767219662666321
1784,37.00115203857422,3.9504482746124268,0.4974375367164612,0.1865910291671753,-0.047685641795396805,0.5259592533111572
1785,36.8754997253418,3.7369251251220703,0.49869999289512634,0.1865667700767517,-0.04330519959330559,0.5620371699333191
1786,36.93152618408203,3.8689162731170654,0.5007374882698059,0.18658053874969482,-0.030418695881962776,0.5806287527084351
1787,36.95936584472656,3.888326644897461,0.49841251969337463,0.18655093014240265,-0.042840659618377686,0.5525782108306885
1788,37.00361633300781,3.8798680305480957,0.4995875358581543,0.18654324114322662,-0.01306317187845707,0.5679548382759094
1789,37.01759338378906,3.8952362537384033,0.49845004081726074,0.18651433289051056,-0.023970752954483032,0.5308979153633118
1790,36.96184158325195,3.8519601821899414,0.49957504868507385,0.18650640547275543,-0.024840224534273148,0.550222635269165
1791,36.957366943359375,3.817221164703369,0.5013250112533569,0.18653112649917603,-0.04527882859110832,0.5755875110626221
1792,37.026824951171875,3.9611034393310547,0.5028875470161438,0.1865849792957306,-0.00580552639439702,0.5597113370895386
1793,36.91933822631836,3.7929155826568604,0.5021750330924988,0.18662557005882263,-0.028784481808543205,0.5720952153205872
1794,36.94087600708008,3.881096839904785,0.49857503175735474,0.1865989714860916,-0.06204039976000786,0.5510995388031006
1795,36.96028518676758,3.8817849159240723,0.5016250014305115,0.1866292953491211,-0.04409453645348549,0.529272735118866
1796,36.97956848144531,3.9175682067871094,0.5026500225067139,0.18667875230312347,-0.047936707735061646,0.5408099293708801
1797,36.95028305053711,3.8410091400146484,0.4968625009059906,0.18662017583847046,-0.02414817176759243,0.5505729913711548
1798,36.86404037475586,3.666902780532837,0.4975000321865082,0.18657352030277252,-0.03168864920735359,0.5598304271697998
1799,36.98164367675781,3.926269054412842,0.4994000494480133,0.18656231462955475,-0.04872097447514534,0.5396112203598022
1800,37.0035514831543,3.91794490814209,0.5049375295639038,0.18665443360805511,-0.04882870614528656,0.5794097185134888
1801,36.92129135131836,3.7639353275299072,0.4995250403881073,0.18664556741714478,-0.05419192835688591,0.5474480390548706
1802,37.01054382324219,4.140758514404297,0.4996500611305237,0.18663904070854187,-0.025950631126761436,0.5695546269416809
1803,36.94821548461914,3.8138954639434814,0.4992750287055969,0.18662551045417786,-0.022096313536167145,0.5531358122825623
1804,36.98887252807617,3.9055912494659424,0.4953500032424927,0.18653874099254608,-0.023511165753006935,0.5537434816360474
1805,36.93568420410156,3.872361183166504,0.5002000331878662,0.18654248118400574,-0.0788036659359932,0.577309787273407
1806,36.93826675415039,3.871584892272949,0.5024375319480896,0.18658795952796936,-0.04911625385284424,0.5545836687088013
1807,36.99357986450195,3.9183716773986816,0.4991625249385834,0.18657232820987701,-0.028748493641614914,0.5500441789627075
1808,36.98828887939453,3.9594032764434814,0.49883756041526794,0.18655064702033997,-0.02922269143164158,0.5509262084960938
1809,37.06832504272461,4.029267311096191,0.5014125108718872,0.18657700717449188,-0.02252158150076866,0.5615896582603455
1810,36.9591178894043,3.8571043014526367,0.4986000061035156,0.18655088543891907,-0.05796370282769203,0.5467553734779358
1811,36.9233512878418,3.761975049972534,0.4972750246524811,0.18650004267692566,-0.049121227115392685,0.5396005511283875
1812,36.94206619262695,3.8477742671966553,0.5001875162124634,0.18650352954864502,-0.053848788142204285,0.560355544090271
1813,36.97876739501953,3.9772157669067383,0.49972501397132874,0.18649840354919434,-0.054909054189920425,0.5724135041236877
1814,36.98605728149414,3.932180166244507,0.49806252121925354,0.18646226823329926,-0.04872039332985878,0.5600179433822632
1815,36.951683044433594,3.8131322860717773,0.49842503666877747,0.18643289804458618,-0.04396170750260353,0.551247239112854
1816,36.92778396606445,3.844081401824951,0.5000375509262085,0.1864336133003235,-0.019125886261463165,0.5536857843399048
1817,36.980308532714844,3.797197103500366,0.5020624995231628,0.1864720582962036,-0.01652257889509201,0.5557845234870911
1818,36.96665954589844,3.8074426651000977,0.5022374987602234,0.1865137815475464,-0.038928303867578506,0.5451229214668274
1819,36.93228530883789,3.8086836338043213,0.5016375184059143,0.18654432892799377,-0.0437043234705925,0.5358994007110596
1820,36.94810485839844,3.8751628398895264,0.49692502617836,0.18648695945739746,-0.05146403610706329,0.5617972016334534
1821,36.92960739135742,3.7843856811523438,0.4987125098705292,0.18646295368671417,-0.04647580906748772,0.542169451713562
1822,36.99159240722656,3.9639484882354736,0.5022125244140625,0.18650421500205994,-0.06639799475669861,0.5723857879638672
1823,36.957984924316406,3.89798641204834,0.4988875389099121,0.1864834725856781,-0.03508346527814865,0.5738742351531982
1824,37.02688217163086,3.9976046085357666,0.4979250133037567,0.18644477427005768,-0.048119861632585526,0.5554447174072266
1825,36.933990478515625,3.824547290802002,0.5030625462532043,0.1865018755197525,-0.03771629557013512,0.5362228155136108
1826,36.905696868896484,3.707772970199585,0.5030625462532043,0.18655899167060852,-0.0665339007973671,0.541254460811615
1827,36.994140625,3.9269096851348877,0.5040749907493591,0.18663500249385834,-0.02723333053290844,0.56670081615448
1828,36.93781280517578,3.8359222412109375,0.5021250247955322,0.18667466938495636,-0.07270365208387375,0.5549198985099792
1829,36.9632682800293,3.9683892726898193,0.5040249824523926,0.18674980103969574,-0.03967783600091934,0.536511242389679
1830,36.93875503540039,3.8734543323516846,0.5006250143051147,0.18676146864891052,-0.027981704100966454,0.5318395495414734
1831,36.958892822265625,3.851854085922241,0.49912503361701965,0.18674512207508087,-0.049439966678619385,0.5832268595695496
1832,36.95534896850586,3.9017210006713867,0.5005125403404236,0.18675468862056732,-0.03572976216673851,0.5655230283737183
1833,36.88751220703125,3.7099990844726562,0.499625027179718,0.1867476850748062,-0.07059207558631897,0.5548067688941956
1834,36.94218444824219,3.827479124069214,0.5018875002861023,0.18678292632102966,-0.0915641337633133,0.5260221362113953
1835,36.915008544921875,3.8421261310577393,0.5036125183105469,0.1868503987789154,-0.07445544749498367,0.5364819169044495
1836,37.00481033325195,3.9515163898468018,0.5034125447273254,0.18691417574882507,-0.04756966978311539,0.5552187561988831
1837,36.968017578125,3.8315742015838623,0.501800000667572,0.18694782257080078,-0.048426125198602676,0.5408773422241211
1838,37.02256774902344,3.9150569438934326,0.4992375373840332,0.18693357706069946,-0.06285025924444199,0.538459300994873
1839,37.022884368896484,4.012099742889404,0.49861255288124084,0.18690763413906097,-0.03378446400165558,0.5511330366134644
1840,36.95803451538086,3.7573952674865723,0.49918752908706665,0.18689244985580444,-0.03548019379377365,0.5472094416618347
1841,36.97254180908203,3.821352481842041,0.5001875162124634,0.186895951628685,-0.012076267041265965,0.5581710934638977
1842,36.974796295166016,3.9781315326690674,0.4967375099658966,0.18683497607707977,-0.04236268997192383,0.5348648428916931
1843,36.971961975097656,3.8763771057128906,0.4994000494480133,0.1868237555027008,0.00567831564694643,0.5716525912284851
1844,36.99980163574219,3.9194207191467285,0.49941253662109375,0.18681277334690094,-0.04546593129634857,0.5445217490196228
1845,37.018951416015625,4.041424751281738,0.5068250298500061,0.1869402676820755,-0.016377927735447884,0.5637880563735962
1846,36.9333610534668,3.826188325881958,0.49755004048347473,0.1868944764137268,-0.07394809275865555,0.552830159664154
1847,37.00676345825195,3.9375057220458984,0.49678751826286316,0.1868344396352768,-0.04207508638501167,0.5585935115814209
1848,36.98973083496094,3.874513864517212,0.5038250088691711,0.1869059056043625,-0.006506799254566431,0.5539832711219788
1849,36.979007720947266,3.963261365890503,0.5006250739097595,0.18691758811473846,-0.03941180184483528,0.5392199158668518
1850,36.96675491333008,3.951326370239258,0.4948500096797943,0.1868213266134262,-0.04694675654172897,0.5567942261695862
1851,36.98884201049805,3.9308531284332275,0.4971250295639038,0.18676762282848358,-0.055539295077323914,0.555986225605011
1852,36.91563415527344,3.781799554824829,0.4983750283718109,0.1867372691631317,-0.022924138233065605,0.535370409488678
1853,36.96232604980469,3.854525566101074,0.5000500082969666,0.18673820793628693,-0.04776008054614067,0.5574228763580322
1854,36.97543716430664,3.9509658813476562,0.49459999799728394,0.18663737177848816,-0.011651404201984406,0.5239664912223816
1855,37.00822448730469,3.9075827598571777,0.5009875297546387,0.18665578961372375,-0.05820309370756149,0.5402125120162964
1856,36.98824691772461,3.8819496631622314,0.5047750473022461,0.18674492835998535,-0.02830282784998417,0.56487637758255
1857,36.941097259521484,3.826657295227051,0.5024999976158142,0.18679161369800568,-0.03453116863965988,0.5335410833358765
1858,36.97456359863281,3.8498995304107666,0.4990500509738922,0.1867738664150238,-0.032206278294324875,0.5563021302223206
1859,37.06655502319336,4.168088436126709,0.495525062084198,0.1866902858018875,-0.024356061592698097,0.5254256129264832
1860,36.931819915771484,3.788330554962158,0.49742501974105835,0.18664221465587616,-0.05994715914130211,0.5472819805145264
1861,36.97331619262695,3.8787171840667725,0.5019875168800354,0.18667930364608765,-0.03609146550297737,0.5693950653076172
1862,36.92795944213867,3.765439748764038,0.49906253814697266,0.18666179478168488,-0.013496529310941696,0.558732807636261
1863,36.960811614990234,3.7988028526306152,0.5065000057220459,0.18678313493728638,-0.022289559245109558,0.5505501627922058
1864,36.97865295410156,3.8634164333343506,0.503587543964386,0.18685013055801392,-0.028770241886377335,0.5702749490737915
1865,36.990867614746094,4.002302169799805,0.5023625493049622,0.1868942826986313,-0.03041941300034523,0.5535028576850891
1866,36.97087097167969,3.8453452587127686,0.49818751215934753,0.18686041235923767,-0.04768400639295578,0.5433115363121033
1867,36.8977165222168,3.7025983333587646,0.5021499991416931,0.18690060079097748,-0.07347355782985687,0.5438647270202637
1868,36.97196578979492,3.896589756011963,0.49838754534721375,0.18687047064304352,-0.06420420855283737,0.5516252517700195
1869,36.90034484863281,3.794593572616577,0.5007625222206116,0.18688473105430603,-0.06234050914645195,0.559931755065918
1870,36.97916793823242,3.9148993492126465,0.500962495803833,0.186902716755867,-0.020052967593073845,0.5596258044242859
1871,36.950157165527344,3.79899525642395,0.5020875334739685,0.1869417279958725,-0.02706286497414112,0.5717707872390747
1872,37.02378463745117,4.070858478546143,0.49768751859664917,0.18689849972724915,-0.018557686358690262,0.5701203942298889
1873,36.96677780151367,3.9059793949127197,0.5041875243186951,0.18697677552700043,-0.013973917812108994,0.5510031580924988
1874,36.952842712402344,3.8544633388519287,0.49783754348754883,0.18693634867668152,-0.004505960736423731,0.5592972636222839
1875,36.99399185180664,3.979889154434204,0.49605000019073486,0.186862513422966,-0.013336892239749432,0.5638232827186584
1876,37.017215728759766,3.939993381500244,0.4988250434398651,0.18684056401252747,-0.013015178963541985,0.5686264038085938
1877,36.95274353027344,3.805917263031006,0.49586251378059387,0.18676325678825378,-0.050794556736946106,0.5487095713615417
1878,36.97905731201172,3.8933045864105225,0.4995124936103821,0.18675415217876434,-0.036965154111385345,0.5597050189971924
1879,36.96871566772461,3.873969554901123,0.5030500292778015,0.18681111931800842,-0.05123200640082359,0.5332580208778381
1880,36.9765739440918,3.8774397373199463,0.5035375356674194,0.18687722086906433,-0.011906170286238194,0.5607848167419434
1881,36.95869064331055,3.897782564163208,0.5052000284194946,0.1869743913412094,-0.03245583549141884,0.551383912563324
1882,37.0125846862793,3.845066547393799,0.5019750595092773,0.18701133131980896,-0.04857155680656433,0.5606236457824707
1883,36.94198226928711,3.7524919509887695,0.502162516117096,0.18705177307128906,-0.02416529506444931,0.5617341995239258
1884,36.96306610107422,3.7772376537323,0.4988875389099121,0.18703097105026245,-0.025276245549321175,0.5671283602714539
1885,36.942474365234375,3.879434108734131,0.4967750608921051,0.18697065114974976,-0.03424684330821037,0.5409442186355591
1886,36.978759765625,3.9576070308685303,0.49695003032684326,0.1869136244058609,-0.02796671725809574,0.5553364157676697
1887,36.937625885009766,3.8415796756744385,0.4943000376224518,0.1868070811033249,-0.03561195358633995,0.5570606589317322
1888,36.92551040649414,3.7985403537750244,0.4970000088214874,0.18675103783607483,-0.04771208390593529,0.5361266136169434
1889,36.95917510986328,3.834465980529785,0.4979000389575958,0.18671181797981262,-0.05855777859687805,0.5380523800849915
1890,36.944610595703125,3.838550567626953,0.4982500374317169,0.18667913973331451,-0.03715892881155014,0.5426185727119446
1891,37.008575439453125,3.9555633068084717,0.500587522983551,0.18669010698795319,-0.04142238199710846,0.5617544651031494
1892,36.90891647338867,3.856919527053833,0.5016875267028809,0.18672162294387817,-0.03758374974131584,0.5452638864517212
1893,37.039424896240234,4.005923271179199,0.4988750219345093,0.18670062720775604,-0.03933483362197876,0.5493764281272888
1894,36.94649124145508,3.8178114891052246,0.4986500144004822,0.18667541444301605,-0.04055364429950714,0.5745643377304077
1895,36.97502899169922,3.896540880203247,0.497887521982193,0.18663598597049713,-0.03240220621228218,0.5453692078590393
1896,36.95224380493164,3.841519832611084,0.49553751945495605,0.18655270338058472,-0.017717549577355385,0.5438685417175293
1897,36.93415832519531,3.8024141788482666,0.4975375235080719,0.18650676310062408,-0.051666103303432465,0.56856769323349
1898,36.94380187988281,3.8714892864227295,0.5029750466346741,0.18656225502490997,-0.03898065537214279,0.5590287446975708
1899,37.006675720214844,3.9140377044677734,0.501075029373169,0.1865823119878769,-0.04103675112128258,0.5622968077659607
1900,36.96672058105469,3.9126694202423096,0.5001875162124634,0.18658579885959625,-0.03312324360013008,0.543372392654419
1901,36.94692611694336,3.844912528991699,0.49908751249313354,0.18656876683235168,-0.02480359561741352,0.5778272151947021
1902,36.944454193115234,3.8949332237243652,0.5010125637054443,0.1865876466035843,-0.049550361931324005,0.5561186671257019
1903,36.93764114379883,3.8219807147979736,0.4962249994277954,0.18651720881462097,-0.040334366261959076,0.5512959361076355
1904,36.99922561645508,3.958824872970581,0.4985250234603882,0.18648968636989594,-0.039548203349113464,0.550303041934967
1905,37.007781982421875,3.950294017791748,0.5006000399589539,0.18650086224079132,-0.03451640531420708,0.5628199577331543
1906,36.93339920043945,3.7884418964385986,0.5001500248908997,0.18650366365909576,-0.01494887936860323,0.5466191172599792
1907,36.97927474975586,3.860629081726074,0.5013375282287598,0.18652860820293427,-0.04772645980119705,0.5535591244697571
1908,36.984825134277344,3.7970311641693115,0.4985625147819519,0.18650178611278534,-0.026823772117495537,0.5551153421401978
1909,36.971683502197266,3.962731122970581,0.502262532711029,0.18654398620128632,-0.0284263975918293,0.5378542542457581
1910,37.03782653808594,4.01347541809082,0.5008125305175781,0.18655915558338165,-0.030437124893069267,0.5687865018844604
1911,36.97776794433594,3.864184617996216,0.4982125461101532,0.18652580678462982,-0.0468827523291111,0.5534308552742004
1912,36.978885650634766,3.810781717300415,0.5024750232696533,0.18657197058200836,-0.025607841089367867,0.5523700714111328
1913,36.91383361816406,3.8541359901428223,0.5013125538825989,0.18659645318984985,-0.013603085651993752,0.5508036613464355
1914,37.003074645996094,3.963329315185547,0.4977625012397766,0.1865547001361847,-0.029609864577651024,0.549784243106842
1915,36.9286994934082,3.7606470584869385,0.499562531709671,0.18654653429985046,-0.05118313059210777,0.5568929314613342
1916,36.92985916137695,3.769883871078491,0.4991750121116638,0.18653114140033722,-0.025467202067375183,0.528134822845459
1917,36.99272155761719,3.899306297302246,0.5005250573158264,0.18654093146324158,-0.026752091944217682,0.5782983303070068
1918,36.977691650390625,3.915247678756714,0.4985000193119049,0.18651294708251953,-0.021017834544181824,0.5587289333343506
1919,36.97612380981445,3.856863498687744,0.5025875568389893,0.1865612119436264,-0.020338742062449455,0.5701513886451721
1920,36.987060546875,3.88531756401062,0.5037000179290771,0.1866302490234375,-0.022500542923808098,0.5564757585525513
1921,36.92200469970703,3.7980916500091553,0.4996500611305237,0.1866237223148346,-0.03557296097278595,0.5502094626426697
1922,36.98826599121094,3.87994122505188,0.4992125332355499,0.18660902976989746,-0.03195188567042351,0.5274802446365356
1923,36.95533752441406,3.9162654876708984,0.5021875500679016,0.1866498440504074,-0.00823953840881586,0.5562135577201843
1924,37.03175735473633,3.9601643085479736,0.504550039768219,0.18673478066921234,-0.03660781681537628,0.5564985275268555
1925,36.94334030151367,3.712071180343628,0.49695003032684326,0.18667782843112946,-0.0650893896818161,0.5542678236961365
1926,36.94965362548828,3.8465445041656494,0.501550018787384,0.1867067515850067,-0.055841073393821716,0.5375065207481384
1927,37.00324249267578,3.953418016433716,0.5007874965667725,0.18672145903110504,-0.05713140219449997,0.5367861390113831
1928,36.91264724731445,3.738342761993408,0.4981125295162201,0.1866862177848816,-0.02200969308614731,0.546436607837677
1929,36.95756149291992,3.9054131507873535,0.5022749900817871,0.18672868609428406,-0.05530152469873428,0.5419000387191772
1930,36.99022674560547,3.9256725311279297,0.5022875070571899,0.18677140772342682,-0.04265851154923439,0.5498213768005371
1931,36.89027786254883,3.685490369796753,0.49966248869895935,0.18676510453224182,-0.034818828105926514,0.5711563229560852
1932,36.963111877441406,3.8780622482299805,0.5013250112533569,0.1867898553609848,-0.042013123631477356,0.544796347618103
1933,36.95951843261719,3.9460716247558594,0.49761250615119934,0.18674525618553162,-0.03800119087100029,0.5439920425415039
1934,36.94609069824219,3.8423986434936523,0.49816253781318665,0.18671093881130219,-0.08019278943538666,0.5527089238166809
1935,36.92085647583008,3.8425402641296387,0.49723750352859497,0.18665935099124908,-0.09378325194120407,0.5500205159187317
1936,36.97356414794922,3.925985813140869,0.4989750385284424,0.18664021790027618,-0.03622451797127724,0.5352979302406311
1937,37.012786865234375,3.9688422679901123,0.5010499954223633,0.1866598129272461,-0.047393087297677994,0.5345860123634338
1938,36.95257568359375,3.855774402618408,0.5042625069618225,0.18673938512802124,-0.028377093374729156,0.545117199420929
1939,36.904273986816406,3.747253656387329,0.5038000345230103,0.18681035935878754,-0.06412015110254288,0.5590255856513977
1940,36.96807098388672,3.941878318786621,0.49941250681877136,0.18679937720298767,-0.04136910289525986,0.5504071116447449
1941,36.94353485107422,3.9358229637145996,0.49980005621910095,0.1867956519126892,-0.04668116196990013,0.5570937395095825
1942,37.00493240356445,3.931058645248413,0.4989500343799591,0.1867760270833969,-0.02367914468050003,0.5431299209594727
1943,36.96199035644531,3.7972750663757324,0.49713754653930664,0.1867225617170334,-0.03530960902571678,0.5586218237876892
1944,36.98313522338867,4.004330635070801,0.49572503566741943,0.18664273619651794,-0.017342614009976387,0.5615726113319397
1945,36.91873550415039,3.7803473472595215,0.49978750944137573,0.18663877248764038,-0.0650157630443573,0.5725940465927124
1946,36.92759704589844,3.843419313430786,0.5004000067710876,0.1866462528705597,-0.04028232768177986,0.5481374859809875
1947,36.91440200805664,3.743779420852661,0.5013875365257263,0.1866721510887146,-0.02890518680214882,0.5650683045387268
1948,36.977909088134766,3.941610336303711,0.5006499886512756,0.1866842806339264,-0.02592308260500431,0.5485449433326721
1949,36.95256042480469,3.9021852016448975,0.4988875389099121,0.18666352331638336,-0.03374862298369408,0.5556654334068298
1950,36.974952697753906,3.8700313568115234,0.50166255235672,0.18669456243515015,-0.05128392204642296,0.5657757520675659
1951,36.9821662902832,3.9570446014404297,0.49812501668930054,0.1866595596075058,-0.05590628832578659,0.5537844896316528
1952,36.92032241821289,3.8255300521850586,0.49541252851486206,0.18657393753528595,-0.0551898218691349,0.5613622069358826
1953,36.95144271850586,3.824540138244629,0.4993250370025635,0.18656134605407715,-0.023849012330174446,0.5612695217132568
1954,36.979373931884766,3.9032278060913086,0.5025750398635864,0.1866093873977661,-0.05463942885398865,0.5318021774291992
1955,36.9500846862793,3.726473093032837,0.5050500631332397,0.186703622341156,-0.03298449143767357,0.5662825703620911
1956,37.04974365234375,4.020595073699951,0.5042625069618225,0.18678320944309235,-0.03388991951942444,0.5625301003456116
1957,36.938228607177734,3.7089896202087402,0.500462532043457,0.18679185211658478,-0.012729384005069733,0.5615604519844055
1958,36.9962272644043,3.926618814468384,0.5030500292778015,0.18684883415699005,-0.039947252720594406,0.5665074586868286
1959,37.00210189819336,3.936178207397461,0.5002250671386719,0.1868530511856079,-0.03240792825818062,0.5504636168479919
1960,36.93840789794922,3.805044651031494,0.49692502617836,0.18679559230804443,-0.04031569883227348,0.5517342686653137
1961,36.969383239746094,3.870194911956787,0.49707502126693726,0.1867409646511078,-0.020693864673376083,0.5317778587341309
1962,36.96410369873047,3.8864505290985107,0.49676254391670227,0.18668049573898315,-0.04376954957842827,0.5593046545982361
1963,37.04351043701172,4.096262454986572,0.500837504863739,0.1866961419582367,-0.033978987485170364,0.5488871335983276
1964,36.994110107421875,3.947171449661255,0.5012250542640686,0.18671901524066925,-0.054734379053115845,0.5614957809448242
1965,36.932979583740234,3.8111205101013184,0.5038125514984131,0.18679019808769226,-0.03445855528116226,0.5489655137062073
1966,36.994476318359375,3.905463218688965,0.5034000277519226,0.18685370683670044,-0.056582607328891754,0.5621762275695801
1967,36.964576721191406,3.883174180984497,0.5030250549316406,0.1869102418422699,-0.043204911053180695,0.5604442954063416
1968,37.00815200805664,3.903925657272339,0.5007750391960144,0.18692472577095032,-0.020723454654216766,0.5264818668365479
1969,36.92710876464844,3.7834482192993164,0.498662531375885,0.18689972162246704,-0.023644711822271347,0.5487473011016846
1970,36.93057632446289,3.856969118118286,0.49611252546310425,0.18682706356048584,-0.03344549611210823,0.5423985719680786
1971,36.95249557495117,3.8457069396972656,0.48926252126693726,0.18662646412849426,-0.06691745668649673,0.5386384129524231
1972,36.992008209228516,3.9312665462493896,0.5031375288963318,0.18668502569198608,-0.026691829785704613,0.5583137273788452
1973,36.961578369140625,3.87722110748291,0.5005000233650208,0.18669435381889343,-0.051771532744169235,0.5642634034156799
1974,36.933349609375,3.7562830448150635,0.5071375370025635,0.18682760000228882,-0.033491019159555435,0.553002655506134
1975,36.980873107910156,3.8266713619232178,0.5024750232696533,0.18687383830547333,-0.0584394633769989,0.5457357168197632
1976,36.962677001953125,3.8009731769561768,0.500462532043457,0.18688248097896576,-0.02557808719575405,0.540518045425415
1977,36.921226501464844,3.7448346614837646,0.4968000054359436,0.18682268261909485,-0.036083146929740906,0.5768976211547852
1978,36.97724914550781,3.89735746383667,0.5005250573158264,0.1868324875831604,-0.0068794419057667255,0.5427271723747253
1979,37.02059555053711,3.99577260017395,0.4965750277042389,0.18676850199699402,-0.02836342714726925,0.5924932360649109
1980,36.95371627807617,3.788295030593872,0.49822506308555603,0.1867353469133377,-0.03270519897341728,0.5456357598304749
1981,36.98686981201172,3.866830587387085,0.49870002269744873,0.18671107292175293,-0.02883652038872242,0.5398552417755127
1982,37.03357696533203,3.9578027725219727,0.49925002455711365,0.1866970658302307,-0.04421410709619522,0.573413610458374
1983,36.92801284790039,3.7781007289886475,0.501300036907196,0.1867213398218155,-0.04066995531320572,0.5712358951568604
1984,36.91380310058594,3.7890284061431885,0.5057750344276428,0.18682916462421417,-0.0602153018116951,0.5566399097442627
1985,36.944644927978516,3.954624652862549,0.5019124746322632,0.18686488270759583,-0.055734723806381226,0.573682963848114
1986,36.98964309692383,3.845045328140259,0.5036875009536743,0.18693378567695618,-0.031278401613235474,0.5468769073486328
1987,36.9400749206543,3.852757692337036,0.49713754653930664,0.18688027560710907,-0.030417120084166527,0.5564538240432739
1988,36.98576736450195,3.866715431213379,0.49733754992485046,0.1868305206298828,-0.007432209327816963,0.5694358944892883
1989,36.969783782958984,3.865475654602051,0.4988750219345093,0.1868095099925995,-0.011899418197572231,0.5587887167930603
1990,36.991973876953125,3.906553268432617,0.4919125437736511,0.18665842711925507,-0.018165230751037598,0.5407857894897461
1991,36.94279479980469,3.7922024726867676,0.501912534236908,0.18669411540031433,-0.0327267199754715,0.5424882769584656
1992,36.97119140625,3.986441135406494,0.4983000159263611,0.18666237592697144,-0.02587415836751461,0.5654043555259705
1993,36.93775939941406,3.840498447418213,0.501075029373169,0.18668244779109955,-0.023707862943410873,0.5613863468170166
1994,36.92850875854492,3.788013219833374,0.5050874948501587,0.18677742779254913,-0.04511650279164314,0.5559412240982056
1995,36.94580078125,3.8456029891967773,0.5027375221252441,0.18682855367660522,-0.04241451621055603,0.5293218493461609
1996,36.98492431640625,3.9038279056549072,0.49925002455711365,0.186814546585083,-0.06283672153949738,0.5495398640632629
1997,37.0588493347168,4.024881362915039,0.49412500858306885,0.18670478463172913,-0.030318506062030792,0.5593622922897339
1998,36.92353057861328,3.795454263687134,0.5011875629425049,0.18672695755958557,-0.022405721247196198,0.5659675002098083
1999,36.94974899291992,3.9106452465057373,0.49877500534057617,0.18670408427715302,-0.004760755691677332,0.5434216260910034
2000,36.91849899291992,3.756763219833374,0.502887487411499,0.18675799667835236,-0.024296460673213005,0.5607813596725464
2001,36.91098403930664,3.8682096004486084,0.4989125430583954,0.18673768639564514,-0.046705957502126694,0.556843638420105
2002,36.95907211303711,3.8573338985443115,0.4987874925136566,0.1867150515317917,-0.04258238524198532,0.561596155166626
2003,36.95645523071289,3.843510866165161,0.4975000321865082,0.18666838109493256,-0.04591584950685501,0.5483357310295105
2004,36.99285888671875,3.828448534011841,0.506475031375885,0.18678925931453705,-0.041392240673303604,0.5598723292350769
2005,36.95835876464844,3.869574785232544,0.4987500309944153,0.1867659091949463,-0.02007909119129181,0.547019898891449
2006,36.969383239746094,3.848581552505493,0.49937501549720764,0.1867542266845703,-0.06466397643089294,0.536410927772522
2007,36.91932678222656,3.8347954750061035,0.4961875379085541,0.1866830289363861,-0.04373973608016968,0.572055459022522
2008,36.97966766357422,3.968707799911499,0.5016125440597534,0.18671314418315887,-0.059090275317430496,0.5601449608802795
2009,37.05535125732422,4.022958755493164,0.503600001335144,0.18678036332130432,-0.05226372182369232,0.5582289099693298
2010,36.95064926147461,3.889918565750122,0.5008875131607056,0.18679693341255188,-0.032822173088788986,0.5370019674301147
2011,36.996028900146484,3.8829405307769775,0.50166255235672,0.18682800233364105,-0.03166931867599487,0.5548772811889648
2012,37.03934860229492,3.9769389629364014,0.5021000504493713,0.18686725199222565,-0.015178808942437172,0.5595933794975281
2013,37.03200912475586,3.9256844520568848,0.49870002269744873,0.18684296309947968,-0.05298290401697159,0.5194043517112732
2014,36.9498405456543,3.9275896549224854,0.5050625205039978,0.18693755567073822,-0.0105659831315279,0.5409507155418396
2015,36.98908233642578,3.9470553398132324,0.5009125471115112,0.18695463240146637,0.00446027098223567,0.53380286693573
2016,36.93230056762695,3.862441301345825,0.4977250397205353,0.18691210448741913,-0.03856251388788223,0.5511703491210938
2017,36.95686721801758,3.843855142593384,0.5013625621795654,0.18693757057189941,-0.04918103292584419,0.5590432286262512
2018,36.89436340332031,3.745333194732666,0.4992625415325165,0.1869237869977951,-0.03395810350775719,0.5576919913291931
2019,36.99811553955078,3.9185993671417236,0.5009750127792358,0.18694201111793518,-0.006053663324564695,0.5525103211402893
2020,36.98585510253906,3.880117654800415,0.4965250492095947,0.1868770569562912,0.004368229303508997,0.5532786250114441
2021,37.03035354614258,3.9646155834198,0.498787522315979,0.18685440719127655,-0.020955201238393784,0.5730828046798706
2022,36.97180938720703,3.903687000274658,0.5009375214576721,0.18687191605567932,-0.02852392941713333,0.5536585450172424
2023,36.970130920410156,3.8900692462921143,0.4975750148296356,0.18682660162448883,-0.0775836780667305,0.5564274787902832
2024,37.006893157958984,3.950507402420044,0.49890005588531494,0.18680605292320251,-0.029650496318936348,0.5711995959281921
2025,36.96284103393555,3.9210188388824463,0.5011125206947327,0.18682682514190674,-0.06189148500561714,0.5684899091720581
2026,36.968421936035156,3.9376649856567383,0.5018374919891357,0.18686114251613617,-0.05593610927462578,0.5391396880149841
2027,37.02342987060547,3.9318292140960693,0.5054000020027161,0.1869620531797409,-0.044865768402814865,0.5479578971862793
2028,36.98809051513672,3.797311305999756,0.5053125023841858,0.1870613694190979,-0.01505663525313139,0.5398358106613159
2029,37.0269889831543,3.9782631397247314,0.4967000484466553,0.18699964880943298,-0.007038138806819916,0.5514578223228455
2030,37.022743225097656,4.000900745391846,0.491875022649765,0.1868477165699005,-0.028128743171691895,0.5505455136299133
2031,37.0125846862793,3.980750799179077,0.4972250163555145,0.18679586052894592,-0.027720168232917786,0.5698671936988831
2032,36.97907638549805,4.008326053619385,0.49726253747940063,0.18674471974372864,-0.035850927233695984,0.5606136322021484
2033,36.92755126953125,3.9122164249420166,0.4932500123977661,0.1866186559200287,-0.043964702636003494,0.5670856833457947
2034,36.97010040283203,3.7719058990478516,0.5027625560760498,0.1866701990365982,-0.020301468670368195,0.5622994303703308
2035,36.95945739746094,3.771209478378296,0.5031500458717346,0.18672898411750793,-0.02867056429386139,0.5678619742393494
2036,37.03386688232422,3.9615087509155273,0.4991374909877777,0.18671287596225739,-0.00886254571378231,0.5361222624778748
2037,37.009033203125,3.902407646179199,0.49988749623298645,0.18671077489852905,-0.02512279711663723,0.5477939248085022
2038,36.94724655151367,3.817333221435547,0.4997375011444092,0.18670587241649628,-0.012121297419071198,0.5564829111099243
2039,37.0087890625,4.03276252746582,0.5000500082969666,0.1867068111896515,-0.06552079319953918,0.5573858022689819
2040,36.919315338134766,3.877777099609375,0.5038625001907349,0.18677891790866852,-0.029346883296966553,0.54833984375
2041,37.02800750732422,4.10566520690918,0.4985250234603882,0.1867513656616211,-0.03569537401199341,0.5771853923797607
2042,36.989891052246094,3.9812190532684326,0.49631252884864807,0.18668249249458313,-0.057268381118774414,0.5634084939956665
2043,36.95362091064453,3.8898985385894775,0.5018500685691833,0.18671703338623047,-0.040721844881772995,0.540199875831604
2044,36.99086380004883,3.866875171661377,0.5052375197410583,0.1868148297071457,-0.018543381243944168,0.5519706606864929
2045,36.94752502441406,3.853050947189331,0.5079750418663025,0.18696381151676178,-0.024855567142367363,0.5586366057395935
2046,36.91831588745117,3.8304309844970703,0.4971875250339508,0.1869112253189087,-0.060861099511384964,0.5444504022598267
2047,36.96197509765625,3.95609450340271,0.4982375204563141,0.1868782788515091,-0.06396348774433136,0.5817453861236572
2048,36.98516845703125,3.9377260208129883,0.49945002794265747,0.18686799705028534,-0.06709257513284683,0.56281977891922
2049,37.01494216918945,4.058863639831543,0.5019375085830688,0.1869041919708252,-0.01952029950916767,0.5466281771659851
2050,36.96039962768555,3.8721535205841064,0.5011375546455383,0.18692544102668762,-0.027562685310840607,0.5476035475730896
2051,36.96818923950195,3.890469789505005,0.496612548828125,0.18686212599277496,-0.02089228294789791,0.5427080392837524
2052,36.93168258666992,3.7478859424591064,0.5018875598907471,0.1868973821401596,-0.03395964205265045,0.540704607963562
2053,36.9718017578125,3.851491689682007,0.49323755502700806,0.1867709904909134,-0.050535861402750015,0.5323079228401184
2054,37.01591110229492,3.952453136444092,0.5004750490188599,0.18677985668182373,-0.023887749761343002,0.5527540445327759
2055,37.02787399291992,3.9529638290405273,0.4971500039100647,0.1867266148328781,-0.03658716753125191,0.5356181859970093
2056,37.031715393066406,3.954993963241577,0.5021250247955322,0.18676629662513733,-0.03606048598885536,0.551382303237915
2057,36.96569061279297,3.914478302001953,0.4983125329017639,0.18673478066921234,-0.04254930093884468,0.5441889762878418
2058,37.00037384033203,3.8538670539855957,0.5031625628471375,0.18679383397102356,-0.058236315846443176,0.5342205762863159
2059,37.027381896972656,3.8595378398895264,0.4985625147819519,0.18676698207855225,-0.040149323642253876,0.5460350513458252
2060,36.94990158081055,3.7964608669281006,0.5026875734329224,0.18681716918945312,-0.027217715978622437,0.5396499037742615
2061,36.976139068603516,3.922733783721924,0.4995250105857849,0.1868082880973816,-0.006498084869235754,0.562078058719635
2062,36.97446823120117,3.873699188232422,0.5017500519752502,0.1868409812450409,-0.023995548486709595,0.5535033345222473
2063,36.978355407714844,3.8586952686309814,0.49522504210472107,0.18675176799297333,-0.03158189728856087,0.5594787001609802
2064,37.01203918457031,3.910740613937378,0.503837525844574,0.18682342767715454,-0.06378023326396942,0.5621359944343567
2065,36.903507232666016,3.7042176723480225,0.4991375505924225,0.186807319521904,-0.033753495663404465,0.5678583383560181
2066,36.988224029541016,3.9970803260803223,0.5001000165939331,0.18680919706821442,-0.04021824151277542,0.5584473609924316
2067,36.954368591308594,3.8107125759124756,0.5010250210762024,0.1868283450603485,-0.039452675729990005,0.5313618779182434
2068,36.92787170410156,3.7949228286743164,0.5016250014305115,0.18685869872570038,-0.03439117223024368,0.5465973615646362
2069,36.98521041870117,3.9215221405029297,0.5026125311851501,0.18690752983093262,-0.0400802418589592,0.5568659901618958
2070,36.964866638183594,3.862027168273926,0.5027375221252441,0.1869586855173111,-0.05091259256005287,0.5557935237884521
2071,37.015769958496094,3.9409971237182617,0.5041875839233398,0.18703697621822357,-0.04300619661808014,0.5494279861450195
2072,36.92817687988281,3.7504494190216064,0.5005250573158264,0.18704678118228912,-0.018843019381165504,0.5596573948860168
2073,36.95217514038086,3.898808240890503,0.4986875355243683,0.18702222406864166,-0.0485844612121582,0.5651253461837769
2074,37.04013442993164,3.9935383796691895,0.49582502245903015,0.1869441419839859,-0.05292324721813202,0.5446141362190247
2075,36.96453857421875,3.9350860118865967,0.49796250462532043,0.18690605461597443,-0.036880504339933395,0.5558272004127502
2076,36.9616584777832,3.878854990005493,0.5020750164985657,0.186944842338562,-0.03855380788445473,0.5392335653305054
2077,36.87499237060547,3.7129061222076416,0.4953625202178955,0.1868581473827362,-0.05906813219189644,0.56116783618927
2078,36.96706008911133,3.917940378189087,0.495837539434433,0.18678037822246552,-0.021097954362630844,0.5610450506210327
2079,36.91189193725586,3.720853328704834,0.5038625001907349,0.18685251474380493,-0.04762275889515877,0.5456342101097107
2080,36.98740768432617,3.913215160369873,0.49976253509521484,0.18684808909893036,-0.022379903122782707,0.5445249676704407
2081,37.003807067871094,3.8855979442596436,0.49800002574920654,0.1868107169866562,-0.052414149045944214,0.5584178566932678
2082,37.001216888427734,3.908230781555176,0.5009750127792358,0.18682892620563507,-0.028523357585072517,0.5294464826583862
2083,36.94593811035156,3.8137691020965576,0.495525062084198,0.1867453157901764,-0.0388757586479187,0.5369265079498291
2084,36.927818298339844,3.8594021797180176,0.49777501821517944,0.18670377135276794,-0.047586072236299515,0.5312570333480835
2085,36.98892593383789,3.8864104747772217,0.49820002913475037,0.18667016923427582,-0.03476344421505928,0.5601251721382141
2086,36.95498275756836,3.914518117904663,0.49863752722740173,0.18664473295211792,-0.0341012068092823,0.5466148853302002
2087,36.92052459716797,3.7658281326293945,0.5018625855445862,0.18667948246002197,-0.04252985119819641,0.5798287987709045
2088,36.96411895751953,3.7998135089874268,0.5003499984741211,0.18668602406978607,-0.018746068701148033,0.5500190854072571
2089,36.978816986083984,3.822554349899292,0.5,0.18668602406978607,-0.03527354449033737,0.5594621896743774
2090,36.9923095703125,3.8451383113861084,0.5027999877929688,0.1867382973432541,-0.038336381316185,0.5406454205513
2091,37.019474029541016,3.8702571392059326,0.503600001335144,0.18680553138256073,-0.02140120416879654,0.5731034278869629
2092,37.05998229980469,3.9309165477752686,0.49703752994537354,0.18675018846988678,-0.024420790374279022,0.5505720973014832
2093,37.027488708496094,3.982523202896118,0.5029374957084656,0.18680503964424133,-0.032437972724437714,0.5562955141067505
2094,36.986087799072266,3.929264783859253,0.49470004439353943,0.1867060363292694,-0.03645537048578262,0.5397273898124695
2095,37.00786209106445,3.8721659183502197,0.49870002269744873,0.18668176233768463,0.0035497553180903196,0.5593078136444092
2096,36.9495849609375,3.800555944442749,0.49713754653930664,0.1866283267736435,-0.04597365856170654,0.5547353029251099
2097,36.97643280029297,3.926939010620117,0.49813753366470337,0.18659356236457825,-0.019166290760040283,0.5607812404632568
2098,37.04027557373047,3.9981420040130615,0.5032875537872314,0.18665491044521332,-0.05377521365880966,0.5536194443702698
2099,36.98541259765625,3.831143617630005,0.5011000633239746,0.18667544424533844,-0.016053196042776108,0.5724205374717712
2100,36.961517333984375,3.8957672119140625,0.5019375085830688,0.1867116093635559,-0.033586058765649796,0.5536095499992371
2101,36.98930740356445,3.916041374206543,0.497112512588501,0.18665769696235657,-0.06684529781341553,0.5341155529022217
2102,36.974571228027344,3.8921236991882324,0.49486249685287476,0.18656180799007416,-0.05808233842253685,0.5590605735778809
2103,36.917724609375,3.9037280082702637,0.4923875331878662,0.1864197850227356,-0.029039926826953888,0.5774630308151245
2104,36.96833419799805,3.883694887161255,0.49691253900527954,0.18636222183704376,-0.06070689484477043,0.569226086139679
2105,36.88949203491211,3.7502901554107666,0.502625048160553,0.18641114234924316,-0.020664623007178307,0.5564873814582825
2106,36.98927307128906,3.842420816421509,0.5049750208854675,0.18650387227535248,-0.04782253876328468,0.549187421798706
2107,36.957035064697266,3.8645691871643066,0.5073624849319458,0.18664118647575378,-0.04738369584083557,0.5502556562423706
2108,36.93870162963867,3.824378490447998,0.5051000118255615,0.18673637509346008,-0.01029652263969183,0.573056161403656
2109,36.96539306640625,3.906052589416504,0.5057375431060791,0.18684351444244385,-0.02040795050561428,0.5534808039665222
2110,36.912715911865234,3.746570348739624,0.4962625503540039,0.18677368760108948,-0.04254847764968872,0.5444173812866211
2111,36.98210906982422,3.8761146068573,0.4940500259399414,0.18666256964206696,-0.024059858173131943,0.5302944779396057
2112,36.98267364501953,3.8986074924468994,0.49650001525878906,0.18659724295139313,-0.04373876750469208,0.5601046085357666
2113,37.00482940673828,3.86712384223938,0.4979250133037567,0.1865585297346115,-0.019799062982201576,0.5677820444107056
2114,36.961116790771484,3.802711248397827,0.49742501974105835,0.18651048839092255,-0.004102248232811689,0.5437909364700317
2115,37.046234130859375,4.031980514526367,0.4997125267982483,0.18650512397289276,-0.02249140292406082,0.5475725531578064
2116,37.026023864746094,3.8074276447296143,0.5078125,0.1866508424282074,-0.016175899654626846,0.5498961210250854
2117,37.04122543334961,3.9364585876464844,0.5046000480651855,0.18673670291900635,-0.052517637610435486,0.5735004544258118
2118,37.019447326660156,3.9653940200805664,0.4939625561237335,0.1866239607334137,-0.024864625185728073,0.5562154650688171
2119,37.01203536987305,4.000755310058594,0.4955250322818756,0.18654043972492218,-0.03757583722472191,0.5252057313919067
2120,36.99919128417969,3.8943278789520264,0.49553748965263367,0.18645718693733215,-0.0618787482380867,0.5386850237846375
2121,36.96951675415039,3.809561014175415,0.497700035572052,0.18641430139541626,-0.018407849594950676,0.5445666909217834
2122,37.00800704956055,3.9330339431762695,0.502262532711029,0.18645648658275604,-0.053426001220941544,0.5827754735946655
2123,37.02099609375,3.942075490951538,0.5007250308990479,0.18647000193595886,-0.01378509122878313,0.5489552617073059
2124,36.95443344116211,3.7521424293518066,0.49998754262924194,0.18646976351737976,-0.03608293458819389,0.5383284687995911
2125,36.960575103759766,3.7614078521728516,0.5018375515937805,0.18650402128696442,-0.030083786696195602,0.5637795329093933
2126,36.921932220458984,3.742281913757324,0.5004250407218933,0.18651196360588074,-0.0417618565261364,0.5769176483154297
2127,37.00383758544922,4.039666652679443,0.4985000193119049,0.1864839792251587,-0.03621330112218857,0.5714370608329773
2128,36.942543029785156,3.782738447189331,0.49736255407333374,0.1864347904920578,-0.05355449020862579,0.5610376000404358
2129,36.988975524902344,3.940702438354492,0.49445003271102905,0.18633131682872772,-0.06105532497167587,0.5397543907165527
2130,36.98069381713867,3.894620180130005,0.5014000535011292,0.18635739386081696,-0.07859616726636887,0.564214289188385
2131,36.98966979980469,3.928344488143921,0.5054125189781189,0.1864582598209381,-0.0554727278649807,0.5573030710220337
2132,36.96415710449219,3.8739423751831055,0.5017250776290894,0.18649041652679443,-0.05569100007414818,0.5673736333847046
2133,36.941619873046875,3.769087314605713,0.5036250352859497,0.18655802309513092,-0.006917281541973352,0.549380362033844
2134,36.9792366027832,3.8448755741119385,0.5007874965667725,0.18657273054122925,-0.05038423836231232,0.5713915228843689
2135,36.933982849121094,3.8028063774108887,0.499875009059906,0.18657039105892181,-0.031268030405044556,0.5617466568946838
2136,36.97027587890625,3.890390634536743,0.49681252241134644,0.18651092052459717,-0.051481761038303375,0.5654211640357971
2137,36.94994354248047,3.912104368209839,0.49982500076293945,0.18650765717029572,-0.013901970349252224,0.5587053894996643
2138,36.955291748046875,3.8376882076263428,0.5006625652313232,0.1865200251340866,0.007887211628258228,0.5588103532791138
2139,36.989471435546875,3.923323392868042,0.4975374937057495,0.18647409975528717,-0.03239765018224716,0.5337209701538086
2140,36.9731330871582,3.8819587230682373,0.49886253476142883,0.18645289540290833,-0.013142594136297703,0.555367112159729
2141,37.01498031616211,3.9024105072021484,0.5027750730514526,0.18650463223457336,-0.006199209485203028,0.5420210957527161
2142,37.0059928894043,3.8441245555877686,0.5030999779701233,0.1865624338388443,-0.025695305317640305,0.5572739243507385
2143,36.99627685546875,3.9185047149658203,0.49906253814697266,0.18654493987560272,-0.03676332160830498,0.550636351108551
2144,36.969364166259766,3.8508784770965576,0.49656251072883606,0.1864808201789856,-0.03752613812685013,0.5422186255455017
2145,36.988250732421875,3.987623453140259,0.49662503600120544,0.18641789257526398,-0.06472328305244446,0.5206633806228638
2146,36.94063186645508,3.8815560340881348,0.4955250322818756,0.18633446097373962,-0.034666355699300766,0.5795910358428955
2147,36.98149871826172,3.906432628631592,0.4953875243663788,0.1862485259771347,-0.04788293316960335,0.5403854846954346
2148,37.03630065917969,3.9458255767822266,0.5014000535011292,0.18627458810806274,-0.0021842143032699823,0.5259363651275635
2149,36.97168731689453,3.8116025924682617,0.4989875257015228,0.18625572323799133,-0.030482802540063858,0.5450347065925598
2150,37.02593231201172,3.9699573516845703,0.5023125410079956,0.18629880249500275,0.0033722156658768654,0.5443530678749084
2151,37.010650634765625,3.920659303665161,0.5023250579833984,0.18634210526943207,-0.00215308484621346,0.5660513043403625
2152,36.9562873840332,3.8257672786712646,0.5020999908447266,0.1863812506198883,-0.025866292417049408,0.5428444147109985
2153,36.98296356201172,3.8821308612823486,0.49863752722740173,0.186355859041214,-0.07645193487405777,0.5337286591529846
2154,36.948577880859375,3.792548894882202,0.4965125322341919,0.18629087507724762,-0.058332864195108414,0.538375735282898
2155,36.98651885986328,3.9325015544891357,0.5005125403404236,0.18630042672157288,-0.025121048092842102,0.5671586394309998
2156,36.979347229003906,3.886737823486328,0.5037750005722046,0.18637076020240784,-0.04293186217546463,0.5475029945373535
2157,36.99867630004883,4.015378475189209,0.5042750239372253,0.18645043671131134,-0.05446994677186012,0.5636473894119263
2158,36.94575119018555,3.868293046951294,0.5022875070571899,0.18649308383464813,-0.03589056804776192,0.5550968647003174
2159,36.98850631713867,3.9549756050109863,0.5010000467300415,0.18651174008846283,-0.021264072507619858,0.5537378787994385
2160,36.934600830078125,3.7592289447784424,0.5039875507354736,0.18658611178398132,-0.030924124643206596,0.5691602230072021
2161,36.917884826660156,3.7264349460601807,0.4979875385761261,0.18654856085777283,-0.028872046619653702,0.5676558017730713
2162,36.97389221191406,3.88645601272583,0.5011125206947327,0.18656930327415466,-0.02918090857565403,0.5537286996841431
2163,36.93967819213867,3.7714786529541016,0.49775001406669617,0.1865273267030716,-0.02504188008606434,0.5382249355316162
2164,36.943450927734375,3.8814427852630615,0.49947503209114075,0.18651753664016724,-0.020653240382671356,0.5416507720947266
2165,36.95216751098633,3.8886866569519043,0.49886250495910645,0.1864963173866272,-0.038521066308021545,0.5484272241592407
2166,36.98368453979492,3.905968189239502,0.5041875243186951,0.18657441437244415,-0.05711967870593071,0.5657886266708374
2167,36.95803451538086,3.897688865661621,0.4973750114440918,0.18652543425559998,-0.05335872247815132,0.5541132092475891
2168,36.96027374267578,3.8171002864837646,0.5035500526428223,0.18659165501594543,-0.04242773354053497,0.5470619201660156
2169,37.005008697509766,3.8767337799072266,0.5035500526428223,0.1866578906774521,-0.0326661542057991,0.5447110533714294
2170,36.983665466308594,3.903651237487793,0.5006000399589539,0.18666908144950867,-0.04786659777164459,0.5609827041625977
2171,36.95298385620117,3.81514310836792,0.5021875500679016,0.1867099106311798,-0.027897950261831284,0.5589867830276489
2172,37.0418701171875,3.9523866176605225,0.4991375505924225,0.18669380247592926,-0.04741145297884941,0.5479171872138977
2173,36.911624908447266,3.8601887226104736,0.4923250377178192,0.18655052781105042,-0.04095248132944107,0.5522606372833252
2174,36.936500549316406,3.8905067443847656,0.4961375296115875,0.18647848069667816,-0.040386736392974854,0.5543579459190369
2175,36.906333923339844,3.7091562747955322,0.5046875476837158,0.18656589090824127,-0.033765118569135666,0.5629034042358398
2176,36.97720718383789,3.812398910522461,0.497575044631958,0.18652065098285675,-0.023706352338194847,0.5372081398963928
2177,36.93976593017578,3.751629590988159,0.4995500147342682,0.18651226162910461,-0.05888985097408295,0.5631612539291382
2178,37.058441162109375,4.039515972137451,0.5024000406265259,0.18655702471733093,-0.01701429672539234,0.5212458372116089
2179,36.91869354248047,3.795384407043457,0.5019625425338745,0.18659363687038422,-0.02371515892446041,0.5461777448654175
2180,37.01313781738281,3.8933029174804688,0.49998751282691956,0.18659339845180511,-0.02696671150624752,0.544356107711792
2181,36.90103530883789,3.7815802097320557,0.4975000321865082,0.18654675781726837,-0.0551869235932827,0.5438751578330994
2182,36.94834899902344,3.809385061264038,0.49772506952285767,0.1865043193101883,-0.046845942735672,0.5601276755332947
2183,36.99742889404297,4.014254570007324,0.4974750578403473,0.18645723164081573,-0.062089838087558746,0.5496270656585693
2184,37.04104232788086,4.050419330596924,0.4975375235080719,0.1864113211631775,-0.04331037774682045,0.5499460697174072
2185,37.01960754394531,3.897122383117676,0.5015250444412231,0.18643973767757416,-0.05519278720021248,0.5201953649520874
2186,37.031005859375,3.916489601135254,0.5054250359535217,0.186540886759758,-0.016596488654613495,0.5613288283348083
2187,36.954341888427734,3.7158725261688232,0.5013124942779541,0.1865653693675995,-0.021955860778689384,0.5438907742500305
2188,37.039730072021484,3.961442470550537,0.5011625289916992,0.18658705055713654,-0.02801433950662613,0.5357170104980469
2189,37.00471878051758,3.987841844558716,0.5011375546455383,0.18660826981067657,-0.031444188207387924,0.5588452219963074
2190,36.947532653808594,3.8796000480651855,0.4943000078201294,0.1865019053220749,-0.04770432785153389,0.5528191328048706
2191,36.93911361694336,3.862009048461914,0.49137502908706665,0.1863410472869873,-0.053479649126529694,0.5318603515625
2192,36.973392486572266,3.9588470458984375,0.49960005283355713,0.18633359670639038,-0.04726944863796234,0.5565239787101746
2193,37.02424240112305,3.951875686645508,0.49816253781318665,0.18629935383796692,-0.052988167852163315,0.5564040541648865
2194,37.01857376098633,3.9308383464813232,0.5006750226020813,0.18631193041801453,-0.000892649928573519,0.542762815952301
2195,36.99522018432617,3.7707979679107666,0.5050250291824341,0.18640553951263428,-0.061634037643671036,0.5421059131622314
2196,36.969566345214844,3.830704927444458,0.5068125128746033,0.18653252720832825,-0.01376286894083023,0.5598531365394592
2197,36.952457427978516,3.7650868892669678,0.5000250339508057,0.18653298914432526,-0.04702883958816528,0.5517351627349854
2198,36.933799743652344,3.782318592071533,0.49720004200935364,0.18648076057434082,-0.0359102338552475,0.5539666414260864
2199,36.97421646118164,3.873715400695801,0.4945375323295593,0.18637889623641968,-0.03542831167578697,0.5621212124824524
2200,36.96823501586914,3.911200761795044,0.4973125159740448,0.18632879853248596,-0.01855907216668129,0.5531160235404968
2201,36.93770217895508,3.8513972759246826,0.497637540102005,0.18628478050231934,-0.0248411875218153,0.5563003420829773
2202,36.95244216918945,3.8670406341552734,0.5014749765396118,0.1863122433423996,-0.02318512462079525,0.5735214352607727
2203,36.98985290527344,3.884026050567627,0.5063250064849854,0.18643009662628174,-0.037040915340185165,0.5500680804252625
2204,37.05470275878906,4.0116963386535645,0.5074125528335571,0.18656828999519348,-0.02272513508796692,0.5713364481925964
2205,36.94889450073242,3.8603172302246094,0.5058125257492065,0.1866767406463623,-0.051429614424705505,0.543412983417511
2206,36.94712448120117,3.716132164001465,0.5034125447273254,0.1867404580116272,-0.05227363854646683,0.5421777963638306
2207,37.00147247314453,3.9479103088378906,0.4987250566482544,0.18671664595603943,-0.061727747321128845,0.5466168522834778
2208,36.9963264465332,3.87265944480896,0.49832502007484436,0.18668536841869354,-0.0340341180562973,0.5520461797714233
2209,36.96012878417969,3.907912492752075,0.4950999915599823,0.1865938901901245,-0.022221846505999565,0.5385414361953735
2210,37.037357330322266,3.9765281677246094,0.49515005946159363,0.18650339543819427,-0.036206431686878204,0.5384908318519592
2211,36.905120849609375,3.691450357437134,0.4997750222682953,0.1864992082118988,-0.03201641887426376,0.5408962965011597
2212,37.033935546875,4.0297088623046875,0.5012375712394714,0.18652229011058807,-0.0455796979367733,0.5523489117622375
2213,36.917259216308594,3.865741014480591,0.5045000314712524,0.18660622835159302,-0.03505612909793854,0.573055624961853
2214,36.901458740234375,3.779785633087158,0.5018374919891357,0.18664050102233887,-0.029535790905356407,0.5646498203277588
2215,36.98473358154297,3.909102439880371,0.5002124905586243,0.18664446473121643,-0.06093304604291916,0.5650028586387634
2216,36.90745162963867,3.7245404720306396,0.5021500587463379,0.18668460845947266,-0.044182900339365005,0.5466665625572205
2217,36.92966842651367,3.7665324211120605,0.49828749895095825,0.18665264546871185,-0.03484133258461952,0.5674358010292053
2218,36.95327377319336,3.8228275775909424,0.5033250451087952,0.18671470880508423,-0.012613614089787006,0.5577449202537537
2219,36.9383544921875,3.753143787384033,0.50166255235672,0.1867457628250122,-0.02504025772213936,0.5315926671028137
2220,36.936927795410156,3.7934508323669434,0.4975000321865082,0.18669907748699188,-0.03988722339272499,0.5456975698471069
2221,36.979736328125,3.8586084842681885,0.500700056552887,0.1867121458053589,-0.025006135925650597,0.5576758980751038
2222,36.97272491455078,3.870009183883667,0.5013250112533569,0.18673689663410187,-0.006874746643006802,0.558422327041626
2223,36.92460632324219,3.7660346031188965,0.5029500126838684,0.18679198622703552,-0.037091512233018875,0.5607331395149231
2224,36.921844482421875,3.7539095878601074,0.4992625415325165,0.1867782175540924,-0.03845493867993355,0.5299869775772095
2225,37.02850341796875,3.9365410804748535,0.495712548494339,0.18669813871383667,-0.01517565082758665,0.5495579242706299
2226,37.017635345458984,3.8811185359954834,0.4953000545501709,0.1866104006767273,-0.004994167480617762,0.5386519432067871
2227,36.960060119628906,3.8618340492248535,0.4990500211715698,0.18659266829490662,-0.019115734845399857,0.5483284592628479
2228,36.98641586303711,3.9015986919403076,0.49896252155303955,0.1865733116865158,-0.018097002059221268,0.5539659261703491
2229,36.91343688964844,3.7455642223358154,0.5021750330924988,0.18661390244960785,-0.018477359786629677,0.5726880431175232
2230,36.992767333984375,3.907003402709961,0.5027625560760498,0.18666544556617737,-0.015550818294286728,0.5501606464385986
2231,36.97568130493164,3.8512721061706543,0.5010625123977661,0.18668527901172638,-0.02498549409210682,0.5734144449234009
2232,36.925785064697266,3.746152639389038,0.5032125115394592,0.18674525618553162,-0.035724230110645294,0.5625445246696472
2233,36.9269905090332,3.809305191040039,0.4996750056743622,0.18673919141292572,-0.07477647811174393,0.5586436986923218
2234,36.94733428955078,3.7857425212860107,0.49748754501342773,0.1866922825574875,-0.01719530113041401,0.5564745664596558
2235,36.96208190917969,3.910511016845703,0.5010625123977661,0.1867121160030365,0.0051529970951378345,0.5470277070999146
2236,36.97720718383789,3.9367828369140625,0.5003000497817993,0.18671771883964539,-0.020367398858070374,0.5326681137084961
2237,36.94398498535156,3.814932346343994,0.5005125403404236,0.18672728538513184,-0.040777307003736496,0.5738425254821777
2238,36.93965148925781,3.8693742752075195,0.5002875328063965,0.18673264980316162,-0.0451253242790699,0.5358861684799194
2239,36.907508850097656,3.8210837841033936,0.5002750158309937,0.1867377907037735,-0.054121389985084534,0.5627109408378601
2240,36.99264907836914,3.9253857135772705,0.49697503447532654,0.18668130040168762,-0.047810014337301254,0.5512720942497253
2241,36.999549865722656,3.9182426929473877,0.5001125335693359,0.18668338656425476,-0.027914879843592644,0.5438710451126099
2242,36.94922637939453,3.8776676654815674,0.4980125427246094,0.18664628267288208,-0.017458442598581314,0.5553243160247803
2243,36.954383850097656,3.886906862258911,0.49767500162124634,0.1866028904914856,-0.0038394357543438673,0.5651081204414368
2244,36.95964050292969,3.8235836029052734,0.497175008058548,0.18655017018318176,-0.030958527699112892,0.5733811259269714
2245,36.9886589050293,3.889422655105591,0.49915003776550293,0.1865343153476715,-0.02765733003616333,0.5391115546226501
2246,36.95522689819336,3.8362138271331787,0.5009250044822693,0.18655157089233398,-0.021240578964352608,0.5433796048164368
2247,36.924293518066406,3.7976837158203125,0.49746251106262207,0.18650422990322113,-0.03866391256451607,0.5412230491638184
2248,37.013450622558594,3.8927597999572754,0.49535003304481506,0.18641750514507294,-0.03402986750006676,0.5295716524124146
2249,36.98213195800781,3.88155198097229,0.49896255135536194,0.18639816343784332,-0.049639992415905,0.5512635111808777
2250,36.97643280029297,3.866068124771118,0.5034000277519226,0.18646153807640076,-0.02397441305220127,0.535565197467804
2251,36.97763442993164,3.8818700313568115,0.502512514591217,0.1865083873271942,-0.0455780066549778,0.5436943173408508
2252,36.95936584472656,3.8227570056915283,0.5048624873161316,0.18659907579421997,-0.04221777617931366,0.5522603988647461
2253,36.96589279174805,3.9527502059936523,0.5007375478744507,0.18661284446716309,-0.046343568712472916,0.5608614683151245
2254,36.93628692626953,3.9470276832580566,0.49695003032684326,0.1865559220314026,-0.03410790115594864,0.5591586828231812
2255,36.94364547729492,3.79375958442688,0.4946625232696533,0.1864563524723053,-0.03024732694029808,0.5368101596832275
2256,36.94743728637695,3.8700222969055176,0.4962000250816345,0.18638549745082855,-0.017542675137519836,0.5584522485733032
2257,36.98915100097656,3.853501081466675,0.4991000294685364,0.18636871874332428,-0.05906989052891731,0.5555759072303772
2258,36.916812896728516,3.7881011962890625,0.4983000159263611,0.18633703887462616,-0.025152474641799927,0.5628705024719238
2259,36.98607635498047,3.946004629135132,0.49892503023147583,0.18631699681282043,-0.03303034231066704,0.5523959398269653
2260,36.94398498535156,3.8520498275756836,0.5044875144958496,0.18640059232711792,-0.059082433581352234,0.5677230358123779
2261,36.8782844543457,3.689100980758667,0.5016250014305115,0.186430886387825,-0.0478280745446682,0.5444896221160889
2262,36.91670227050781,3.8012030124664307,0.5033000707626343,0.18649239838123322,-0.04346413537859917,0.5526878237724304
2263,36.9635009765625,3.9049606323242188,0.5031250715255737,0.18655069172382355,-0.04084509238600731,0.5563477873802185
2264,36.93025207519531,3.8214662075042725,0.5025625228881836,0.1865985095500946,-0.024071313440799713,0.5541326999664307
2265,36.93678283691406,3.742206573486328,0.4951000213623047,0.18650707602500916,-0.03711063787341118,0.55555260181427
2266,36.9652214050293,3.8573930263519287,0.500950038433075,0.18652479350566864,-0.036117613315582275,0.5456530451774597
2267,37.001956939697266,3.9322469234466553,0.49707502126693726,0.18647024035453796,-0.032735537737607956,0.5611591935157776
2268,36.9352912902832,3.7793824672698975,0.4987249970436096,0.18644647300243378,-0.03443751856684685,0.5480334758758545
2269,37.01108932495117,3.903130292892456,0.5007125735282898,0.1864597648382187,-0.05191635340452194,0.5603293776512146
2270,37.026084899902344,3.9769785404205322,0.5018625259399414,0.18649448454380035,-0.019471870735287666,0.5589019060134888
2271,36.958656311035156,3.85719633102417,0.500962495803833,0.18651242554187775,-0.038520026952028275,0.5556261539459229
2272,36.962703704833984,3.808086395263672,0.49953752756118774,0.1865037977695465,-0.05142925679683685,0.5325481295585632
2273,36.92747497558594,3.8330864906311035,0.49967503547668457,0.1864977329969406,-0.05591735616326332,0.5518327355384827
2274,37.00852966308594,3.909769058227539,0.49457499384880066,0.1863965541124344,-0.025791054591536522,0.5544041395187378
2275,36.9311408996582,3.805664300918579,0.4992625415325165,0.18638281524181366,-0.032740216702222824,0.5605888962745667
2276,37.034976959228516,3.9922571182250977,0.497762531042099,0.18634110689163208,-0.053636662662029266,0.5584909915924072
2277,36.96499252319336,3.8848178386688232,0.5020125508308411,0.1863785982131958,-0.03794650733470917,0.5495162010192871
2278,36.8978271484375,3.7611355781555176,0.4986000657081604,0.18635250627994537,-0.008064924739301205,0.5568807721138
2279,36.94962692260742,3.755983829498291,0.5052000284194946,0.18644940853118896,-0.05122418701648712,0.554398775100708
2280,36.95672607421875,3.790456533432007,0.501075029373169,0.1864694505929947,-0.04910258576273918,0.5415074229240417
2281,36.93308639526367,3.7859528064727783,0.5016500353813171,0.18650022149085999,-0.06018288433551788,0.5334696173667908
2282,36.97401809692383,3.8960530757904053,0.5026000142097473,0.18654870986938477,-0.037345390766859055,0.569378137588501
2283,36.994693756103516,3.9508752822875977,0.5005625486373901,0.18655920028686523,-0.02608376368880272,0.5830347537994385
2284,37.00735092163086,3.9263668060302734,0.49832504987716675,0.18652795255184174,-0.02666793204843998,0.5586996674537659
2285,36.96902084350586,3.877246618270874,0.500700056552887,0.18654100596904755,-0.029813678935170174,0.5556033253669739
2286,37.000587463378906,3.9211554527282715,0.5030500888824463,0.18659791350364685,-0.02688887156546116,0.5662959218025208
2287,36.9658088684082,3.845322370529175,0.5019375085830688,0.18663406372070312,-0.04113483428955078,0.5544355511665344
2288,36.97552490234375,3.897517204284668,0.5019625425338745,0.1866706907749176,-0.02719798870384693,0.5503425598144531
2289,36.9752311706543,3.87641978263855,0.5018500089645386,0.18670523166656494,-0.0551413856446743,0.5331153273582458
2290,36.965057373046875,3.844935417175293,0.500712513923645,0.18671853840351105,-0.049542684108018875,0.5412169098854065
2291,36.984867095947266,3.966667413711548,0.5037875175476074,0.18678925931453705,-0.05367890000343323,0.564990758895874
2292,36.92372512817383,3.7170474529266357,0.502162516117096,0.18682965636253357,-0.0617884024977684,0.5408498644828796
2293,37.010623931884766,3.9362196922302246,0.499562531709671,0.18682147562503815,-0.03013863041996956,0.5542813539505005
2294,36.941497802734375,3.7995471954345703,0.5064875483512878,0.1869426667690277,-0.036876946687698364,0.580445408821106
2295,36.92318344116211,3.7607553005218506,0.501924991607666,0.18697865307331085,-0.002636092947795987,0.5590221285820007
2296,36.97709274291992,3.8961644172668457,0.49766257405281067,0.1869349479675293,-0.024323873221874237,0.5477632284164429
2297,36.96084976196289,3.8816335201263428,0.49727505445480347,0.18688400089740753,-0.04260053485631943,0.5549701452255249
2298,36.99614334106445,3.953246831893921,0.4931500554084778,0.1867559850215912,-0.057441506534814835,0.5392777919769287
2299,36.998321533203125,3.949589967727661,0.4998375177383423,0.18675294518470764,-0.0402449294924736,0.5485882759094238
2300,36.99287414550781,3.8909852504730225,0.499625027179718,0.18674594163894653,-0.014833265915513039,0.5478196144104004
2301,37.0282096862793,3.9281983375549316,0.5050625205039978,0.1868404895067215,-0.037890322506427765,0.5592503547668457
2302,36.97529220581055,3.825470447540283,0.5068750381469727,0.18696893751621246,-0.015765829011797905,0.5645092725753784
2303,36.98735046386719,3.9003143310546875,0.49992501735687256,0.18696753680706024,-0.008745373226702213,0.543039083480835
2304,36.984127044677734,3.828416109085083,0.4944249987602234,0.18686330318450928,-0.013925131410360336,0.5406574606895447
2305,36.99508285522461,3.9239914417266846,0.4926624894142151,0.18672619760036469,-0.0008840113296173513,0.549251139163971
2306,36.931251525878906,3.7258737087249756,0.49387502670288086,0.1866118311882019,-0.0340966060757637,0.5345506072044373
2307,36.988990783691406,3.919083595275879,0.49480003118515015,0.18651479482650757,-0.04838945344090462,0.534848690032959
2308,36.89945983886719,3.7810380458831787,0.4994625151157379,0.1865047663450241,-0.04278978332877159,0.5489467978477478
2309,37.016868591308594,3.9317119121551514,0.5029250383377075,0.18655931949615479,-0.039449892938137054,0.5819410085678101
2310,36.97569274902344,3.8009159564971924,0.5032625198364258,0.18662019073963165,-0.0397283099591732,0.5397531390190125
2311,36.97525405883789,3.7999460697174072,0.5035625696182251,0.1866866648197174,-0.02339426428079605,0.5531114935874939
2312,36.966331481933594,3.7884604930877686,0.5062249898910522,0.18680287897586823,-0.026724660769104958,0.5547736883163452
2313,36.98554229736328,3.883066177368164,0.5010375380516052,0.18682225048542023,-0.028614696115255356,0.5600524544715881
2314,37.00583267211914,3.959522247314453,0.49822503328323364,0.18678909540176392,-0.04445713013410568,0.5815617442131042
2315,37.04880905151367,4.074191093444824,0.49838754534721375,0.18675898015499115,-0.04686581715941429,0.5619509816169739
2316,36.937705993652344,3.8463103771209717,0.49752503633499146,0.18671275675296783,-0.020843351259827614,0.5468385219573975
2317,36.91581726074219,3.7371742725372314,0.5001125335693359,0.18671484291553497,-0.03641162067651749,0.5696924328804016
2318,36.96137237548828,3.791903018951416,0.5031500458717346,0.1867736428976059,-0.0210106298327446,0.5732322335243225
2319,37.014888763427734,3.9848971366882324,0.5040625333786011,0.18684951961040497,-0.03128688782453537,0.5507155656814575
2320,36.94179153442383,3.8818233013153076,0.5023250579833984,0.18689295649528503,-0.018205253407359123,0.5450406670570374
2321,36.969207763671875,3.812446355819702,0.49713751673698425,0.18683946132659912,-0.03699611499905586,0.534292995929718
2322,36.95653533935547,3.825190544128418,0.49820002913475037,0.1868058294057846,-0.028381790965795517,0.568555474281311
2323,36.94806671142578,3.789299249649048,0.4992625117301941,0.1867920607328415,0.008641758933663368,0.5592548251152039
2324,36.99843215942383,3.995001792907715,0.49703752994537354,0.18673673272132874,-0.04970614239573479,0.5607631206512451
2325,36.95731735229492,3.8046817779541016,0.49816253781318665,0.1867024153470993,-0.050404589623212814,0.5353222489356995
2326,37.00398254394531,3.958261489868164,0.4986500144004822,0.18667720258235931,-0.029786817729473114,0.5597885251045227
2327,37.02287673950195,3.9074342250823975,0.5022125244140625,0.18671850860118866,-0.026802582666277885,0.5578601360321045
2328,36.9714241027832,3.81548810005188,0.5034375190734863,0.18678270280361176,-0.033308885991573334,0.5186389088630676
2329,37.00020980834961,3.985591411590576,0.5013999938964844,0.18680883944034576,-0.003908397164195776,0.552423357963562
2330,36.98048400878906,3.881408214569092,0.5001875162124634,0.18681234121322632,-0.04631622135639191,0.5546134114265442
2331,36.927486419677734,3.7576961517333984,0.49671250581741333,0.18675091862678528,-0.036662761121988297,0.5706609487533569
2332,36.94558334350586,3.904588222503662,0.5020750164985657,0.18678967654705048,-0.05703135207295418,0.5616536736488342
2333,36.923500061035156,3.853544235229492,0.4992375075817108,0.18677543103694916,-0.05599800869822502,0.5664942860603333
2334,36.93924331665039,3.801514148712158,0.49767500162124634,0.18673200905323029,-0.015130353160202503,0.5629961490631104
2335,36.94941711425781,3.8685760498046875,0.5005250573158264,0.18674179911613464,-0.019844932481646538,0.569211483001709
2336,36.89398193359375,3.7402493953704834,0.5020125508308411,0.18677937984466553,-0.03735639527440071,0.54886394739151
2337,37.02994918823242,3.998157501220703,0.5050125122070312,0.18687300384044647,-0.00803293101489544,0.5525965094566345
2338,36.99407958984375,3.8977670669555664,0.4987500309944153,0.1868496537208557,-0.0334785096347332,0.5591413378715515
2339,36.95785140991211,3.773833751678467,0.49915000796318054,0.18683376908302307,-0.030356746166944504,0.5616250038146973
2340,36.9426155090332,3.795828342437744,0.4951375424861908,0.18674291670322418,-0.026791539043188095,0.5429446697235107
2341,36.958580017089844,3.8113174438476562,0.49980002641677856,0.18673917651176453,-0.03988504037261009,0.5322690606117249
2342,36.93993377685547,3.815528154373169,0.4965125322341919,0.1866740584373474,-0.015182552859187126,0.5250487327575684
2343,36.8959846496582,3.6766185760498047,0.49642500281333923,0.18660731613636017,-0.022907491773366928,0.5531789660453796
2344,36.94728469848633,3.8483927249908447,0.49531251192092896,0.18651984632015228,-0.03771317005157471,0.5346580743789673
2345,36.95015335083008,3.8516063690185547,0.4980875551700592,0.1864841729402542,-0.06001504510641098,0.5548824667930603
2346,36.97903060913086,3.9141199588775635,0.5027625560760498,0.18653568625450134,-0.04131359979510307,0.5671839118003845
2347,36.98024368286133,3.8897054195404053,0.5001000165939331,0.18653754889965057,-0.06209421157836914,0.5716934204101562
2348,36.99042510986328,3.977400779724121,0.502037525177002,0.18657554686069489,-0.022353630512952805,0.5573774576187134
2349,36.96241760253906,3.8731324672698975,0.5001125335693359,0.18657763302326202,-0.010854238644242287,0.541913628578186
2350,36.97288513183594,3.863046407699585,0.5007874965667725,0.18659234046936035,-0.03146250545978546,0.5411896705627441
2351,36.99834442138672,3.8420979976654053,0.5026125311851501,0.18664109706878662,-0.0038425906095653772,0.5463113784790039
2352,36.937198638916016,3.7666609287261963,0.498787522315979,0.18661846220493317,-0.01675041951239109,0.5566057562828064
2353,37.01067352294922,3.897589683532715,0.49400001764297485,0.1865064948797226,-0.040799446403980255,0.5637897253036499
2354,36.9407844543457,3.788210391998291,0.5011875033378601,0.18652863800525665,-0.03175288811326027,0.5479040741920471
2355,36.98885726928711,3.8860013484954834,0.49785006046295166,0.186488538980484,-0.0749620720744133,0.5540574193000793
2356,36.89900207519531,3.763123035430908,0.4974875748157501,0.18644168972969055,-0.036795709282159805,0.5466912388801575
2357,36.99968338012695,3.874840021133423,0.4978000223636627,0.1864006668329239,-0.017817627638578415,0.5462684631347656
2358,37.01459503173828,3.951704263687134,0.497887521982193,0.18636129796504974,-0.02816750854253769,0.5496628284454346
2359,36.968788146972656,3.8586947917938232,0.49748751521110535,0.18631447851657867,-0.024989282712340355,0.5390302538871765
2360,37.01888656616211,3.913332223892212,0.4985625147819519,0.18628768622875214,-0.011816334910690784,0.5411034226417542
2361,36.983917236328125,3.8963234424591064,0.5039250254631042,0.18636082112789154,-0.021490439772605896,0.545969545841217
2362,37.0137825012207,4.005343914031982,0.5026624798774719,0.18641042709350586,-0.04624050855636597,0.5574690699577332
2363,36.95127487182617,3.879826307296753,0.4981750249862671,0.1863764077425003,-0.06853269040584564,0.5591134428977966
2364,36.99248504638672,3.960052013397217,0.5042999982833862,0.18645654618740082,-0.03388306125998497,0.5616812109947205
2365,37.011375427246094,3.9294402599334717,0.5013499855995178,0.18648171424865723,-0.03689482435584068,0.5386430025100708
2366,37.003849029541016,3.9409701824188232,0.5024999976158142,0.18652832508087158,-0.025870515033602715,0.541991114616394
2367,37.01493453979492,3.9335269927978516,0.5046125054359436,0.18661434948444366,-0.021748574450612068,0.5601522922515869
2368,37.022422790527344,3.9611687660217285,0.5020750164985657,0.18665307760238647,-0.03964955359697342,0.5464134216308594
2369,36.90910720825195,3.7623608112335205,0.4991000294685364,0.186636283993721,-0.045391131192445755,0.5492945313453674
2370,36.86155319213867,3.5916097164154053,0.49982503056526184,0.18663302063941956,-0.004592500161379576,0.534113883972168
2371,37.01318359375,3.910144329071045,0.49777501821517944,0.1865914911031723,-0.031722214072942734,0.5533187985420227
2372,36.9829216003418,3.8975045680999756,0.49775004386901855,0.18654949963092804,-0.029156362637877464,0.5495028495788574
2373,36.97128677368164,3.8470137119293213,0.4951375424861908,0.1864587962627411,-0.04327263683080673,0.5576834678649902
2374,36.95819854736328,3.846419334411621,0.5006124973297119,0.18647022545337677,-0.026881296187639236,0.5677604675292969
2375,37.02455139160156,3.981595754623413,0.4988750219345093,0.18644925951957703,-0.04847045987844467,0.5447133183479309
2376,36.93299865722656,3.7959392070770264,0.49775001406669617,0.18640731275081635,-0.034074265509843826,0.5331273674964905
2377,36.91693115234375,3.872519016265869,0.5018500089645386,0.1864417940378189,-0.048293910920619965,0.5777775645256042
2378,36.9676628112793,3.867619514465332,0.49922502040863037,0.18642735481262207,-0.05431925505399704,0.5436016917228699
2379,36.95396423339844,3.97865891456604,0.49793753027915955,0.18638890981674194,-0.053048692643642426,0.5601984262466431
2380,36.93583679199219,3.8513071537017822,0.5010375380516052,0.18640823662281036,-0.03680277243256569,0.5589234828948975
2381,37.00358200073242,3.95632266998291,0.5024250149726868,0.1864534318447113,-0.054243236780166626,0.5613945126533508
2382,36.89725875854492,3.801868438720703,0.49922502040863037,0.18643897771835327,-0.05678465589880943,0.5352705121040344
2383,36.9500617980957,3.829888105392456,0.5014375448226929,0.186465784907341,-0.07069536298513412,0.5532023906707764
2384,36.87428283691406,3.7620627880096436,0.4990750253200531,0.18644852936267853,-0.014765942469239235,0.5470585823059082
2385,36.888267517089844,3.8052780628204346,0.49915000796318054,0.18643267452716827,-0.03956754133105278,0.5516104102134705
2386,36.99768829345703,3.9220120906829834,0.49813753366470337,0.1863979548215866,-0.0352562814950943,0.5497777462005615
2387,36.95235824584961,3.8024799823760986,0.499812513589859,0.18639445304870605,-0.039712630212306976,0.5504207015037537
2388,37.012908935546875,4.02854585647583,0.5005000233650208,0.1864037662744522,-0.03961412236094475,0.5479496121406555
2389,36.9276237487793,3.820847749710083,0.5016250014305115,0.1864340603351593,-0.03178977593779564,0.5635240077972412
2390,36.996517181396484,3.9200079441070557,0.5061375498771667,0.18654850125312805,-0.02775510773062706,0.5591153502464294
2391,36.98816680908203,3.906304359436035,0.5040374994277954,0.18662382662296295,-0.05143077298998833,0.556548535823822
2392,36.894962310791016,3.711226224899292,0.5004000067710876,0.18663130700588226,-0.030939020216464996,0.5728762745857239
2393,36.93474197387695,3.903310775756836,0.4999375343322754,0.18663014471530914,-0.04594064876437187,0.5739173889160156
2394,36.911468505859375,3.7798993587493896,0.49880000948905945,0.1866077482700348,-0.03210771083831787,0.551363468170166
2395,36.900123596191406,3.6834051609039307,0.5022375583648682,0.18664950132369995,-0.0612294003367424,0.5577443838119507
2396,37.044925689697266,3.98215913772583,0.49432504177093506,0.18654358386993408,-0.04349368438124657,0.5310522317886353
2397,36.98851013183594,3.8554787635803223,0.5001500248908997,0.18654638528823853,0.007434380706399679,0.5448418259620667
2398,36.946319580078125,3.8336825370788574,0.4975375533103943,0.1865004599094391,-0.013700785115361214,0.5259802341461182
2399,36.91893005371094,3.734909772872925,0.5028875470161438,0.18655431270599365,0.0009657774353399873,0.5648938417434692
2400,36.9563102722168,3.837587833404541,0.49682503938674927,0.1864950805902481,-0.07930350303649902,0.5335484147071838
2401,37.00920104980469,3.9112277030944824,0.4998875558376312,0.18649297952651978,-0.04084401950240135,0.561750054359436
2402,37.001731872558594,3.9188826084136963,0.5055375695228577,0.18659624457359314,-0.03788570687174797,0.5707480907440186
2403,37.000186920166016,3.9222512245178223,0.5007375478744507,0.18661001324653625,-0.023427266627550125,0.565132200717926
2404,36.946990966796875,3.821371078491211,0.5062375068664551,0.1867264062166214,-0.061761967837810516,0.5495378971099854
2405,36.933650970458984,3.8957364559173584,0.49986252188682556,0.18672382831573486,-0.020167578011751175,0.5564308166503906
2406,36.96657943725586,3.727146863937378,0.4976000189781189,0.18667902052402496,0.013169129379093647,0.5647448301315308
2407,36.994876861572266,3.8658268451690674,0.49642500281333923,0.18661227822303772,-0.023188024759292603,0.5521135926246643
2408,36.98566436767578,3.8823347091674805,0.4937000274658203,0.18649470806121826,-0.020607108250260353,0.5408732891082764
2409,36.98809051513672,3.9584085941314697,0.4906250238418579,0.18631985783576965,-0.024370379745960236,0.5197766423225403
2410,36.956417083740234,3.8079488277435303,0.5010875463485718,0.1863401085138321,-0.025680646300315857,0.5468444228172302
2411,36.99457550048828,3.9566586017608643,0.5004750490188599,0.18634894490242004,-0.02940082736313343,0.534022331237793
2412,37.01314163208008,3.979783058166504,0.5037500262260437,0.1864188313484192,-0.02608574368059635,0.5523840188980103
2413,36.99995803833008,3.9565017223358154,0.502750039100647,0.18647010624408722,-0.04743020981550217,0.5630605816841125
2414,36.973079681396484,3.8985860347747803,0.49986252188682556,0.18646754324436188,-0.03495682775974274,0.5567378997802734
2415,36.956085205078125,3.8379149436950684,0.5015750527381897,0.18649691343307495,-0.05099453777074814,0.5491573214530945
2416,36.98706817626953,3.8798041343688965,0.49490001797676086,0.18640179932117462,-0.0642620325088501,0.5478627681732178
2417,36.990196228027344,3.8626978397369385,0.4994625151157379,0.18639177083969116,0.012643149122595787,0.5345824956893921
2418,36.98533248901367,3.8817031383514404,0.4986500144004822,0.18636660277843475,-0.0271595548838377,0.5354779958724976
2419,36.95781707763672,3.844736099243164,0.49935001134872437,0.18635448813438416,-0.04523018002510071,0.5416226387023926
2420,36.92950439453125,3.735762357711792,0.5000250339508057,0.18635495007038116,-0.05144057795405388,0.5445111989974976
2421,36.94738006591797,3.8210866451263428,0.5002250075340271,0.18635915219783783,-0.03394469991326332,0.5707525014877319
2422,36.95872497558594,3.869556427001953,0.5004374980926514,0.18636730313301086,-0.051344700157642365,0.5482165813446045
2423,36.99263381958008,3.965059280395508,0.4972500205039978,0.18631604313850403,-0.016208037734031677,0.5503985285758972
2424,36.96842956542969,3.938157320022583,0.5030375719070435,0.18637263774871826,-0.033614933490753174,0.522927463054657
2425,36.97533416748047,3.8098602294921875,0.49817508459091187,0.1863386183977127,-0.05600613355636597,0.5282917022705078
2426,36.92334747314453,3.803211212158203,0.4979124963283539,0.18629972636699677,-0.045109353959560394,0.567255437374115
2427,36.95614242553711,3.8646602630615234,0.497575044631958,0.1862545609474182,-0.0252224188297987,0.5481281876564026
2428,36.908592224121094,3.755784273147583,0.503125011920929,0.1863127499818802,-0.04777147248387337,0.5537903308868408
2429,37.02295684814453,3.9610378742218018,0.5053750276565552,0.18641290068626404,-0.04415375366806984,0.553307294845581
2430,36.99755096435547,3.928173065185547,0.5027874708175659,0.18646486103534698,-0.007613639812916517,0.5623986721038818
2431,37.03445053100586,3.9243226051330566,0.5046875476837158,0.1865522563457489,0.0016499229241162539,0.5198620557785034
2432,36.979549407958984,3.8747520446777344,0.49941256642341614,0.18654128909111023,-0.041578322649002075,0.5452932119369507
2433,36.93254852294922,3.8479526042938232,0.49998754262924194,0.18654105067253113,-0.012065554037690163,0.5755921602249146
2434,36.997432708740234,3.9699718952178955,0.500825047492981,0.18655644357204437,-0.0548286996781826,0.5484906435012817
2435,36.930912017822266,3.8361752033233643,0.49691253900527954,0.18649885058403015,-0.05514851585030556,0.5454396605491638
2436,36.95634078979492,3.890953779220581,0.5005249977111816,0.18650862574577332,-0.02284080535173416,0.5618773102760315
2437,36.93527603149414,3.8513412475585938,0.5002625584602356,0.1865135133266449,-0.03455405309796333,0.5634351372718811
2438,36.944950103759766,3.7866766452789307,0.4953625202178955,0.1864270269870758,-0.04369332268834114,0.5510950088500977
2439,36.98869705200195,3.9469289779663086,0.5006625056266785,0.1864393800497055,-0.023623213171958923,0.5514376163482666
2440,36.975860595703125,3.9397072792053223,0.49865004420280457,0.1864142119884491,-0.04202566295862198,0.5615834593772888
2441,37.09354019165039,4.062675476074219,0.49871253967285156,0.1863902062177658,-0.03188035637140274,0.5276936292648315
2442,36.923240661621094,3.913264751434326,0.49508753418922424,0.18629863858222961,-0.06135363131761551,0.5511783957481384
2443,36.93076705932617,3.812687397003174,0.5003500580787659,0.18630516529083252,-0.024462811648845673,0.5539163947105408
2444,36.95112991333008,3.892422676086426,0.4933750331401825,0.18618173897266388,-0.0147657236084342,0.5478914976119995
2445,37.013999938964844,4.012752056121826,0.502262532711029,0.1862238645553589,-0.02542680874466896,0.5354347229003906
2446,36.928001403808594,3.789262056350708,0.5050500631332397,0.18631790578365326,-0.004135689232498407,0.5531190633773804
2447,36.98103332519531,3.8017055988311768,0.5033875107765198,0.1863810271024704,-0.03948646038770676,0.5491218566894531
2448,37.00170135498047,3.878237009048462,0.5043625235557556,0.18646234273910522,-0.03415052965283394,0.5606231689453125
2449,36.96266555786133,3.839071035385132,0.5004374980926514,0.18647049367427826,-0.05162554234266281,0.5577229857444763
2450,36.939857482910156,3.835474967956543,0.501175045967102,0.1864924132823944,-0.05491277948021889,0.5696955323219299
2451,36.92416763305664,3.8491156101226807,0.49828752875328064,0.186460480093956,-0.03874664753675461,0.5572171211242676
2452,36.95418930053711,3.8286046981811523,0.49755004048347473,0.18641480803489685,-0.038076817989349365,0.5427300333976746
2453,36.94995880126953,3.8649675846099854,0.49922505021095276,0.1864003688097,-0.03757564350962639,0.5622255206108093
2454,36.922454833984375,3.755772352218628,0.4940750300884247,0.1862899363040924,-0.06818878650665283,0.569361686706543
2455,36.90142059326172,3.8228275775909424,0.4995500147342682,0.18628154695034027,-0.02708900161087513,0.5356205105781555
2456,36.94768524169922,3.8279597759246826,0.4948125183582306,0.18618491291999817,-0.05254397541284561,0.5427929162979126
2457,36.949249267578125,3.797971725463867,0.5056000351905823,0.18628919124603271,-0.04999392479658127,0.5277392268180847
2458,36.950199127197266,3.947627305984497,0.5004000067710876,0.18629665672779083,-0.020143698900938034,0.5588103532791138
2459,36.95878601074219,3.833993673324585,0.50142502784729,0.18632319569587708,-0.037601858377456665,0.5398552417755127
2460,36.9459342956543,3.813225746154785,0.502162516117096,0.18636348843574524,-0.014565607532858849,0.5679430365562439
2461,36.950687408447266,3.858020067214966,0.49584999680519104,0.18628613650798798,-0.04529506340622902,0.5324978232383728
2462,36.90763854980469,3.8736326694488525,0.49851253628730774,0.18625842034816742,-0.05971893295645714,0.5744134187698364
2463,36.925960540771484,3.8621668815612793,0.4982125163078308,0.18622513115406036,-0.05711144581437111,0.540989100933075
2464,36.94091796875,3.7982170581817627,0.5020875334739685,0.1862640082836151,-0.04010235518217087,0.5547170639038086
2465,36.965763092041016,3.8658840656280518,0.4980500340461731,0.1862276792526245,-0.00012200451601529494,0.5458963513374329
2466,36.92314147949219,3.855529546737671,0.5039875507354736,0.18630193173885345,-0.033907633274793625,0.5391518473625183
2467,36.98341751098633,3.8944146633148193,0.49723750352859497,0.1862504631280899,-0.047825343906879425,0.572478175163269
2468,36.97105026245117,3.8216378688812256,0.5001500248908997,0.18625326454639435,-0.05862961709499359,0.5419206023216248
2469,36.92018127441406,3.8622190952301025,0.4981750547885895,0.18621927499771118,-0.023829689249396324,0.5461494326591492
2470,36.930885314941406,3.8181071281433105,0.5031750202178955,0.18627838790416718,-0.020891716703772545,0.5573285818099976
2471,36.99556350708008,3.918750762939453,0.5013750195503235,0.1863039880990982,-0.07332147657871246,0.553085207939148
2472,36.987152099609375,3.8465821743011475,0.5000750422477722,0.18630538880825043,-0.04331868886947632,0.5296024084091187
2473,37.02484893798828,4.046944618225098,0.5032000541687012,0.18636499345302582,-0.042046479880809784,0.5496461987495422
2474,36.89608383178711,3.747027635574341,0.49922502040863037,0.18635055422782898,-0.03507797047495842,0.5509317517280579
2475,37.05192947387695,4.014312267303467,0.49687501788139343,0.18629232048988342,-0.0408310666680336,0.5578961372375488
2476,36.98647689819336,3.9554543495178223,0.49742501974105835,0.18624435365200043,-0.03035304695367813,0.5385932922363281
2477,37.036617279052734,4.019776821136475,0.49729999899864197,0.1861940622329712,-0.025532441213726997,0.5521577000617981
2478,36.9696159362793,3.928184986114502,0.49662503600120544,0.18613122403621674,-0.006228451617062092,0.5409355759620667
2479,36.90437698364258,3.763507843017578,0.5011625289916992,0.1861528605222702,-0.04099689796566963,0.5387594103813171
2480,36.99075698852539,3.938793182373047,0.5003625154495239,0.18615961074829102,-0.05306892469525337,0.560603141784668
2481,36.951534271240234,3.868250846862793,0.5031125545501709,0.1862175613641739,-0.007550060749053955,0.5569831132888794
2482,36.97749328613281,3.8657867908477783,0.5036374926567078,0.18628528714179993,-0.04275710508227348,0.5702248811721802
2483,36.953758239746094,3.855799436569214,0.4987875521183014,0.18626269698143005,-0.04451659694314003,0.5567500591278076
2484,36.96438217163086,3.8763997554779053,0.5016500353813171,0.18629342317581177,-0.02546766772866249,0.5488107204437256
2485,36.95655822753906,3.84085750579834,0.5028250217437744,0.18634605407714844,-0.06029527634382248,0.569951593875885
2486,36.959129333496094,3.8450984954833984,0.4981750249862671,0.18631204962730408,-0.027796408161520958,0.5530100464820862
2487,36.9706916809082,3.8689091205596924,0.49653756618499756,0.1862475425004959,-0.026368066668510437,0.5554338097572327
2488,36.9880485534668,3.8723959922790527,0.4980374872684479,0.1862109899520874,0.0037922156043350697,0.5577667355537415
2489,36.926082611083984,3.7931249141693115,0.5013250112533569,0.1862356811761856,-0.040432561188936234,0.5585026144981384
2490,36.91718292236328,3.836472749710083,0.5030250549316406,0.18629202246665955,-0.037710532546043396,0.5530979037284851
2491,36.92112350463867,3.8162529468536377,0.5005999803543091,0.18630319833755493,-0.024624764919281006,0.5348251461982727
2492,36.99398422241211,3.8656208515167236,0.5050375461578369,0.18639706075191498,-0.04171447828412056,0.530305027961731
2493,36.95915222167969,3.8352291584014893,0.5013999938964844,0.1864231526851654,-0.017520546913146973,0.5442619323730469
2494,37.00609588623047,3.9066410064697266,0.4967125356197357,0.1863618791103363,-0.047729600220918655,0.5631272792816162
2495,36.982749938964844,3.867003917694092,0.49541252851486206,0.1862763911485672,-0.035541269928216934,0.5273630619049072
2496,36.94028854370117,3.836871385574341,0.5029000639915466,0.1863304227590561,-0.03860222175717354,0.5484944581985474
2497,36.98001480102539,3.837681531906128,0.5001125335693359,0.18633250892162323,-0.057761333882808685,0.5525510311126709
2498,36.911949157714844,3.824169158935547,0.5017625093460083,0.18636533617973328,-0.04599197581410408,0.542308509349823
2499,36.97026824951172,3.8437869548797607,0.5007249712944031,0.1863788366317749,-0.04611000418663025,0.5493289828300476
2500,36.943199157714844,3.882658004760742,0.5030875205993652,0.18643638491630554,-0.01314469426870346,0.5533524751663208
2501,36.98361587524414,3.9577293395996094,0.5008500218391418,0.1864522248506546,-0.056424807757139206,0.5305590629577637
2502,36.93832778930664,3.81514048576355,0.49791252613067627,0.18641330301761627,-0.02463015355169773,0.5461831092834473
2503,36.937686920166016,3.7776248455047607,0.4986000061035156,0.18638719618320465,-0.022912679240107536,0.5459531545639038
2504,36.952632904052734,3.8173093795776367,0.5000375509262085,0.18638791143894196,-0.04983421415090561,0.5391755700111389
2505,37.018009185791016,4.081810474395752,0.49807503819465637,0.18635202944278717,-0.036764807999134064,0.5600182414054871
2506,36.940216064453125,3.8501672744750977,0.4989500045776367,0.18633246421813965,-0.028465552255511284,0.5594081282615662
2507,36.92951965332031,3.8520050048828125,0.49822500348091125,0.1862993836402893,-0.024056319147348404,0.5561739206314087
2508,36.96599578857422,3.7921955585479736,0.4980500042438507,0.1862630546092987,-0.02567312866449356,0.564418375492096
2509,36.94276428222656,3.7415149211883545,0.4995875060558319,0.18625536561012268,-0.024166449904441833,0.5426996946334839
2510,37.00642013549805,3.928708791732788,0.5001125335693359,0.18625745177268982,-0.011688608676195145,0.557729184627533
2511,37.05670166015625,3.9996423721313477,0.5016875267028809,0.18628889322280884,-0.019611064344644547,0.5273488163948059
2512,36.9426155090332,3.792158603668213,0.4998375475406647,0.1862858682870865,-0.05045439302921295,0.5481995344161987
2513,36.99081802368164,3.8909659385681152,0.5016375184059143,0.1863163858652115,-0.038216304033994675,0.5329171419143677
2514,36.996246337890625,3.960247278213501,0.4976625442504883,0.18627282977104187,-0.04829021170735359,0.5593818426132202
2515,36.95166015625,3.8711555004119873,0.5027625560760498,0.18632428348064423,-0.04581868276000023,0.5579911470413208
2516,36.9373664855957,3.7514121532440186,0.4982125461101532,0.18629097938537598,-0.043993595987558365,0.5384409427642822
2517,37.01128005981445,3.918572425842285,0.4990500211715698,0.18627327680587769,-0.054320137947797775,0.5701087117195129
2518,36.946163177490234,3.8174049854278564,0.5011500716209412,0.18629470467567444,-0.006096378434449434,0.5456117391586304
2519,36.988975524902344,3.8867084980010986,0.4982125163078308,0.1862614005804062,0.009168919175863266,0.5338181257247925
2520,36.96798324584961,3.985356330871582,0.4989500343799591,0.18624183535575867,-0.03544085472822189,0.5481542944908142
2521,36.940853118896484,3.7786083221435547,0.49434998631477356,0.18613660335540771,-0.020811675116419792,0.5557346940040588
2522,36.96553421020508,3.8408865928649902,0.499812513589859,0.18613310158252716,-0.07665330916643143,0.5669407248497009
2523,36.95654296875,3.860553741455078,0.5046625733375549,0.18621988594532013,-0.03482130542397499,0.5758010149002075
2524,36.95393371582031,3.784658908843994,0.5018750429153442,0.18625479936599731,-0.05026332288980484,0.5517651438713074
2525,37.027442932128906,3.9744479656219482,0.5014375448226929,0.18628157675266266,-0.032476846128702164,0.5424203872680664
2526,36.956443786621094,3.732492208480835,0.5068250298500061,0.18640871345996857,-0.022406816482543945,0.5478484034538269
2527,36.96531677246094,3.8233349323272705,0.5013625025749207,0.18643411993980408,-0.03958642855286598,0.5446699857711792
2528,36.96287536621094,3.85427188873291,0.5012750029563904,0.18645790219306946,-0.06036953255534172,0.5576311945915222
2529,36.93281555175781,3.78007435798645,0.4975000321865082,0.1864112913608551,-0.04444612190127373,0.5543931126594543
2530,36.954647064208984,3.8573713302612305,0.497050017118454,0.1863563060760498,-0.05143461376428604,0.5395393967628479
2531,36.95663070678711,3.876847982406616,0.49877503514289856,0.18633347749710083,-0.03952069208025932,0.5543190836906433
2532,36.97113800048828,3.907984733581543,0.49941253662109375,0.18632252514362335,-0.040962185710668564,0.53803551197052
2533,36.979007720947266,3.8316409587860107,0.49966248869895935,0.18631623685359955,-0.04758654162287712,0.570995032787323
2534,36.94358444213867,3.861250162124634,0.5039500594139099,0.18638984858989716,-0.04711577668786049,0.5682175159454346
2535,36.95939254760742,3.9035120010375977,0.5035375356674194,0.18645580112934113,-0.05486716702580452,0.5194429755210876
2536,36.98832702636719,3.9677391052246094,0.501075029373169,0.18647584319114685,-0.04119785130023956,0.5439852476119995
2537,36.97691345214844,3.8200581073760986,0.49505001306533813,0.18638353049755096,-0.05653221905231476,0.5521260499954224
2538,36.96218490600586,3.9301888942718506,0.4985875189304352,0.18635720014572144,-0.005922276992350817,0.5397183895111084
2539,36.94453811645508,3.8892364501953125,0.496987521648407,0.1863010674715042,-0.03747597709298134,0.5492018461227417
2540,36.974647521972656,3.879488468170166,0.49572503566741943,0.1862214207649231,-0.020032798871397972,0.557023823261261
2541,36.97114944458008,3.8576228618621826,0.5039375424385071,0.18629474937915802,-0.0003011245862580836,0.5843268632888794
2542,36.98820114135742,3.9031801223754883,0.4971875250339508,0.18624235689640045,-0.019407842308282852,0.5348871350288391
2543,37.003108978271484,3.891667366027832,0.5044375061988831,0.18632499873638153,-0.03492620959877968,0.5757781863212585
2544,36.940242767333984,3.8682022094726562,0.4967375099658966,0.18626420199871063,-0.031885307282209396,0.5427163243293762
2545,37.01212692260742,3.9335379600524902,0.5032125115394592,0.18632404506206512,-0.03560152277350426,0.5300509333610535
2546,36.95073699951172,3.8501713275909424,0.4989750385284424,0.1863049417734146,-0.044792287051677704,0.5502326488494873
2547,36.96333694458008,3.8993990421295166,0.49470004439353943,0.18620620667934418,-0.05030673369765282,0.5764648914337158
2548,37.05767822265625,4.107808589935303,0.49623754620552063,0.1861361563205719,-0.03540154546499252,0.5609872341156006
2549,36.92759323120117,3.7583987712860107,0.4942125380039215,0.18602842092514038,-0.019002191722393036,0.5474579930305481
2550,37.03956604003906,3.983093023300171,0.5031124949455261,0.18608632683753967,-0.021019335836172104,0.5509191751480103
2551,36.973453521728516,3.775771379470825,0.49845004081726074,0.18605749309062958,0.00017052698240149766,0.5298579931259155
2552,36.97117614746094,3.825500249862671,0.5023125410079956,0.1861005276441574,-0.03728969395160675,0.5765170454978943
2553,37.058650970458984,3.9754931926727295,0.5004000663757324,0.18610797822475433,-0.061375848948955536,0.5498900413513184
2554,36.96629333496094,3.803154468536377,0.5003125071525574,0.18611378967761993,-0.01422334834933281,0.5802325010299683
2555,36.97340774536133,3.8162875175476074,0.49672505259513855,0.1860528439283371,-0.020774126052856445,0.5408284664154053
2556,36.94922637939453,3.7154507637023926,0.49671250581741333,0.18599167466163635,-0.06630859524011612,0.534713625907898
2557,36.99665832519531,3.925694227218628,0.5013625025749207,0.1860170215368271,-0.05681576207280159,0.5534642934799194
2558,37.06227493286133,3.9888010025024414,0.5010125637054443,0.18603584170341492,-0.042475420981645584,0.5536468029022217
2559,36.9843864440918,3.7584338188171387,0.4994875192642212,0.18602630496025085,-0.026653233915567398,0.5264249444007874
2560,36.93610382080078,3.760721206665039,0.5002500414848328,0.18603096902370453,-0.027162114158272743,0.53752601146698
2561,36.91877365112305,3.7811195850372314,0.5007625222206116,0.18604515492916107,-0.040600359439849854,0.5659276247024536
2562,36.91623306274414,3.7882349491119385,0.5038250088691711,0.1861163228750229,-0.05515315383672714,0.548503041267395
2563,36.91966247558594,3.8084137439727783,0.5003125667572021,0.1861221343278885,-0.03816439211368561,0.5616064667701721
2564,36.97423553466797,3.8297829627990723,0.4992125332355499,0.18610748648643494,-0.04254166781902313,0.5472677946090698
2565,36.98273468017578,3.857121706008911,0.5015375018119812,0.18613611161708832,-0.05274621769785881,0.5307585000991821
2566,36.925472259521484,3.784071922302246,0.49681252241134644,0.18607677519321442,-0.022940801456570625,0.5515552163124084
2567,36.97548294067383,3.899285078048706,0.4987625479698181,0.18605375289916992,-0.04617112874984741,0.5317818522453308
2568,36.983036041259766,3.96390962600708,0.497575044631958,0.18600864708423615,-0.01641080155968666,0.5535351037979126
2569,36.94959259033203,3.7863786220550537,0.501300036907196,0.18603283166885376,-0.05092732235789299,0.5550349354743958
2570,36.960838317871094,3.8972907066345215,0.5049375295639038,0.18612468242645264,-0.05484941229224205,0.5654624104499817
2571,36.9750862121582,3.877079963684082,0.5034875273704529,0.18618960678577423,-0.04354186728596687,0.5337172746658325
2572,36.94939041137695,3.808474063873291,0.5001125335693359,0.18619169294834137,-0.03296873718500137,0.5619404911994934
2573,36.95482635498047,3.8686115741729736,0.4978625476360321,0.1861518919467926,-0.018900329247117043,0.5411324501037598
2574,36.93408203125,3.8263463973999023,0.5000749826431274,0.18615329265594482,-0.051104363054037094,0.5684574246406555
2575,37.03572463989258,3.975433588027954,0.5031625032424927,0.18621216714382172,-0.04434388130903244,0.558047354221344
2576,36.96495819091797,3.8869457244873047,0.5012750625610352,0.1862359195947647,-0.07446987181901932,0.5315477252006531
2577,36.98326110839844,3.8383326530456543,0.4983000159263611,0.18620425462722778,-0.036329712718725204,0.5598726868629456
2578,37.00910186767578,3.9178988933563232,0.4966750144958496,0.18614234030246735,-0.02752816118299961,0.525020956993103
2579,36.93087387084961,3.7108654975891113,0.5011125206947327,0.1861630380153656,-0.04536381736397743,0.5520105957984924
2580,36.98588562011719,3.934727191925049,0.49935001134872437,0.1861509382724762,-0.03257637098431587,0.5365955829620361
2581,37.03364944458008,3.9588418006896973,0.5018250346183777,0.18618491291999817,-0.06583158671855927,0.5460119843482971
2582,37.00065994262695,3.95845365524292,0.5021000504493713,0.18622401356697083,-0.03809303045272827,0.5501612424850464
2583,36.99843215942383,3.8873116970062256,0.5012125372886658,0.1862465888261795,-0.04157930240035057,0.5480485558509827
2584,36.94768142700195,3.8008790016174316,0.49772506952285767,0.1862042099237442,-0.020020976662635803,0.5366418957710266
2585,36.99642562866211,3.89479660987854,0.5030999779701233,0.18626192212104797,-0.057446517050266266,0.5410621166229248
2586,36.94435119628906,3.857515811920166,0.5021125078201294,0.18630126118659973,-0.014954018406569958,0.5604619383811951
2587,37.00059509277344,3.914804220199585,0.5035625100135803,0.18636761605739594,-0.048032067716121674,0.5454075336456299
2588,36.9965705871582,3.8205127716064453,0.5041875839233398,0.1864456683397293,-0.029947683215141296,0.5583425164222717
2589,36.93319320678711,3.863316535949707,0.5022750496864319,0.186488077044487,-0.05645810067653656,0.5477496385574341
2590,36.953861236572266,3.77534818649292,0.49851253628730774,0.18646033108234406,-0.03621085360646248,0.5475935339927673
2591,36.93342590332031,3.8479158878326416,0.4994000494480133,0.18644914031028748,-0.030952228233218193,0.5800696015357971
2592,36.96195983886719,3.832428216934204,0.5000625252723694,0.1864503026008606,-0.06258127093315125,0.565390408039093
2593,36.887325286865234,3.7344698905944824,0.5002500414848328,0.18645496666431427,-0.04123800992965698,0.550808846950531
2594,36.925025939941406,3.715049982070923,0.5032750368118286,0.18651603162288666,-0.011514631099998951,0.5487751364707947
2595,36.98173522949219,3.9041619300842285,0.5008000135421753,0.1865309476852417,-0.05468625947833061,0.541770875453949
2596,36.91362380981445,3.786827325820923,0.5003125071525574,0.1865367740392685,-0.054161638021469116,0.5666748881340027
2597,36.91512680053711,3.7989065647125244,0.5013625025749207,0.1865621954202652,-0.03516267612576485,0.5476490259170532
2598,36.987728118896484,3.859825849533081,0.5057500004768372,0.1866694539785385,-0.04949244111776352,0.5635538697242737
2599,36.94255828857422,3.8334856033325195,0.5019625425338745,0.186706081032753,-0.05072612315416336,0.5636085867881775
2600,36.96973419189453,3.8428146839141846,0.5028500556945801,0.18675929307937622,-0.03959320858120918,0.547173798084259
2601,36.90650177001953,3.7108399868011475,0.5003625154495239,0.18676605820655823,-0.07519125938415527,0.5505520701408386
2602,36.969425201416016,3.8663687705993652,0.4991625249385834,0.1867504119873047,-0.059943895787000656,0.5608139634132385
2603,36.9588737487793,3.8395283222198486,0.49982503056526184,0.18674713373184204,-0.03135286644101143,0.5533190965652466
2604,36.96183395385742,3.8064379692077637,0.49990004301071167,0.1867452710866928,-0.04449327662587166,0.5454995036125183
2605,36.93925857543945,3.8053841590881348,0.49994999170303345,0.1867443323135376,-0.045750826597213745,0.542171061038971
2606,36.93579864501953,3.8107776641845703,0.4987625479698181,0.18672122061252594,-0.039812929928302765,0.5578165650367737
2607,37.03662872314453,3.986774444580078,0.4956125020980835,0.18663929402828217,-0.03148743510246277,0.5298633575439453
2608,37.033424377441406,3.91774845123291,0.4970250129699707,0.1865837723016739,-0.03690308704972267,0.5557167530059814
2609,36.94565963745117,3.807617664337158,0.4952625334262848,0.18649537861347198,-0.030507508665323257,0.5363426804542542
2610,36.98862075805664,3.970431327819824,0.4989125430583954,0.18647509813308716,-0.04554085060954094,0.5593910813331604
2611,36.9664421081543,3.8599984645843506,0.49953749775886536,0.18646647036075592,-0.027459396049380302,0.5260813236236572
2612,37.00437545776367,3.978821039199829,0.50986248254776,0.1866503655910492,-0.07019014656543732,0.5581809878349304
2613,37.00065612792969,3.7792279720306396,0.5006250143051147,0.18666201829910278,-0.02834773063659668,0.5611385107040405
2614,36.96201705932617,3.80216121673584,0.4989750385284424,0.18664288520812988,-0.022952163591980934,0.556296706199646
2615,36.95460510253906,3.761443614959717,0.5010499954223633,0.1866624802350998,-0.03311140462756157,0.5345172882080078
2616,36.96709060668945,3.8313612937927246,0.4932250380516052,0.1865360289812088,-0.048982150852680206,0.5576481223106384
2617,36.905216217041016,3.8158602714538574,0.4992750287055969,0.18652251362800598,-0.036108169704675674,0.5728159546852112
2618,36.93996047973633,3.824721574783325,0.4957875609397888,0.18644393980503082,-0.060231130570173264,0.5388833284378052
2619,36.976036071777344,3.9367287158966064,0.5013875365257263,0.18646980822086334,-0.055683672428131104,0.5758841037750244
2620,36.922054290771484,3.7941460609436035,0.5025375485420227,0.186517134308815,-0.05563607066869736,0.5589979290962219
2621,36.96685791015625,3.9064269065856934,0.5018750429153442,0.18655210733413696,-0.050232015550136566,0.5488579869270325
2622,36.93698501586914,3.780543804168701,0.5031625032424927,0.1866111010313034,-0.02886616438627243,0.537903904914856
2623,36.990142822265625,3.9047203063964844,0.499625027179718,0.1866040974855423,-0.05822177231311798,0.5395593047142029
2624,36.94026184082031,3.8598594665527344,0.4992625117301941,0.18659034371376038,-0.025862226262688637,0.5368108153343201
2625,36.88501739501953,3.6718204021453857,0.4957875609397888,0.18651174008846283,-0.028001129627227783,0.5627464652061462
2626,36.899658203125,3.7498695850372314,0.49980002641677856,0.18650799989700317,-0.058358706533908844,0.5453789234161377
2627,37.000125885009766,3.899625062942505,0.49595004320144653,0.18643246591091156,-0.0095050148665905,0.5732355117797852
2628,36.93315505981445,3.805767774581909,0.4983375370502472,0.18640147149562836,-0.03756183758378029,0.5642258524894714
2629,36.9515495300293,3.8470113277435303,0.4986000657081604,0.18637537956237793,-0.03277299553155899,0.5573538541793823
2630,37.038246154785156,3.9692509174346924,0.5036500096321106,0.18644340336322784,-0.019547268748283386,0.5644054412841797
2631,37.019718170166016,3.846581220626831,0.49871253967285156,0.18641939759254456,-0.048834171146154404,0.5481167435646057
2632,36.974422454833984,3.8086254596710205,0.5000374913215637,0.18642008304595947,-0.03729571774601936,0.5459234714508057
2633,36.98857879638672,3.8431882858276367,0.49857503175735474,0.18639351427555084,-0.019588759168982506,0.5576351881027222
2634,36.96266555786133,3.9047834873199463,0.4952750504016876,0.1863054484128952,-0.017358556389808655,0.523097038269043
2635,36.97254943847656,3.8826282024383545,0.4984750747680664,0.18627704679965973,-0.02489117532968521,0.5646473169326782
2636,37.01378631591797,3.905672550201416,0.4948875308036804,0.18618181347846985,-0.05804850161075592,0.5548684000968933
2637,36.99379348754883,3.826209783554077,0.5001125335693359,0.186183899641037,-0.02702307514846325,0.5378801226615906
2638,36.999351501464844,3.9193482398986816,0.4976625442504883,0.18614037334918976,-0.03044521063566208,0.5472759008407593
2639,36.94755172729492,3.8535780906677246,0.5081750154495239,0.18629254400730133,-0.025693925097584724,0.5592902302742004
2640,37.000118255615234,4.078087329864502,0.4979500472545624,0.1862543523311615,-0.05378008261322975,0.5556479692459106
2641,36.9840087890625,3.8947763442993164,0.5023999810218811,0.18629904091358185,-0.044340766966342926,0.5547375679016113
2642,36.87561798095703,3.6723098754882812,0.5062500238418579,0.18641547858715057,-0.01661069691181183,0.5622799396514893
2643,36.9701042175293,3.8590986728668213,0.4989375174045563,0.18639566004276276,-0.02637541852891445,0.5301080942153931
2644,36.95609664916992,3.8139724731445312,0.499437540769577,0.1863851696252823,-0.05208616703748703,0.5437123775482178
2645,36.97431182861328,3.846189260482788,0.49915000796318054,0.18636932969093323,-0.05816275253891945,0.5175433158874512
2646,36.990665435791016,4.027158737182617,0.5013500452041626,0.18639448285102844,-0.03636704757809639,0.5532279014587402
2647,36.95921325683594,3.816648244857788,0.49761250615119934,0.18634997308254242,-0.024430066347122192,0.5832967162132263
2648,36.919288635253906,3.7724311351776123,0.4977250099182129,0.18630757927894592,-0.05065662041306496,0.5784600973129272
2649,36.93601608276367,3.7844715118408203,0.5008125305175781,0.18632271885871887,-0.06388949602842331,0.556793212890625
2650,36.93882369995117,3.833693504333496,0.5012375712394714,0.18634577095508575,-0.02719387598335743,0.5640286803245544
2651,37.005252838134766,3.887486219406128,0.49691250920295715,0.1862882375717163,-0.041504647582769394,0.529891848564148
2652,37.01473617553711,3.918736696243286,0.501550018787384,0.1863171011209488,-0.028545841574668884,0.5395534038543701
2653,36.99300003051758,3.9145820140838623,0.5038500428199768,0.18638883531093597,-0.0377199687063694,0.5582432150840759
2654,37.01386642456055,3.890198230743408,0.4977250397205353,0.18634642660617828,-0.010523992590606213,0.555597722530365
2655,36.90385055541992,3.695915460586548,0.4977875053882599,0.1863051950931549,-0.04552346095442772,0.5551449656486511
2656,36.93966293334961,3.848952531814575,0.4955875277519226,0.18622298538684845,-0.033164091408252716,0.5502868890762329
2657,36.97692108154297,3.8642284870147705,0.4996750056743622,0.18621693551540375,-0.04895681142807007,0.5649187564849854
2658,36.92506790161133,3.803370475769043,0.5019000768661499,0.18625232577323914,-0.04967053607106209,0.5612086653709412
2659,36.99098205566406,3.855177164077759,0.4993624985218048,0.18624044954776764,-0.04052359610795975,0.5378851294517517
2660,37.011104583740234,3.9588463306427,0.5017250180244446,0.18627257645130157,-0.04173045977950096,0.5266584157943726
2661,36.97061538696289,3.868068218231201,0.4994250237941742,0.1862618625164032,-0.043312180787324905,0.5489769577980042
2662,36.960601806640625,3.8917276859283447,0.49738752841949463,0.1862131953239441,-0.031326502561569214,0.550700843334198
2663,36.90528869628906,3.7654037475585938,0.49918752908706665,0.18619807064533234,-0.04353618621826172,0.5448867082595825
2664,36.945682525634766,3.8173818588256836,0.4997375011444092,0.18619318306446075,-0.052932240068912506,0.5297203660011292
2665,36.996925354003906,3.9672975540161133,0.4952250123023987,0.18610428273677826,-0.03875342011451721,0.5401421189308167
2666,36.96796798706055,3.860011339187622,0.49835002422332764,0.18607357144355774,-0.031417954713106155,0.5601567625999451
2667,36.969520568847656,3.783226490020752,0.5035125613212585,0.18613894283771515,-0.032989501953125,0.5559925436973572
2668,36.99421691894531,3.9274585247039795,0.49980002641677856,0.1861352175474167,-0.021357661113142967,0.5612284541130066
2669,36.91893768310547,3.620781660079956,0.4975625276565552,0.18608985841274261,-0.020122582092881203,0.544298529624939
2670,36.975738525390625,3.957465648651123,0.5013875365257263,0.18611568212509155,-0.034039463847875595,0.5453457832336426
2671,36.89518356323242,3.766212224960327,0.4974500238895416,0.18606822192668915,-0.024588653817772865,0.5658004283905029
2672,37.00475311279297,3.929352045059204,0.5014500617980957,0.18609519302845,-0.04416585713624954,0.5730545520782471
2673,36.97992706298828,3.952582597732544,0.5044749975204468,0.18617847561836243,-0.05710313096642494,0.5498533248901367
2674,36.92307662963867,3.838608503341675,0.502625048160553,0.18622735142707825,-0.04532426595687866,0.5510287284851074
2675,36.94129943847656,3.827781915664673,0.4975000321865082,0.18618080019950867,-0.04041710123419762,0.5529118180274963
2676,37.036163330078125,3.9740984439849854,0.5056500434875488,0.18628600239753723,-0.02953965589404106,0.5504056811332703
2677,37.0256462097168,3.980423927307129,0.49863752722740173,0.1862606257200241,0.02073574997484684,0.5478308796882629
2678,36.93634796142578,3.7890381813049316,0.4983375370502472,0.1862296611070633,-0.03406404331326485,0.5510209798812866
2679,37.0042839050293,3.977726697921753,0.5008625388145447,0.18624573945999146,-0.03448440507054329,0.5538806319236755
2680,36.967525482177734,4.01671028137207,0.4983375370502472,0.18621477484703064,-0.04222229868173599,0.541750431060791
2681,36.93564987182617,3.8523285388946533,0.4983750283718109,0.18618452548980713,-0.06262722611427307,0.5339805483818054
2682,36.99091720581055,3.886173963546753,0.4988250434398651,0.18616265058517456,-0.04103710502386093,0.5470966100692749
2683,36.94699478149414,3.821850538253784,0.5011749863624573,0.18618452548980713,-0.011146125383675098,0.5514765977859497
2684,36.94258499145508,3.7706987857818604,0.5011375546455383,0.1862057000398636,-0.02042553760111332,0.5459054112434387
2685,37.00232696533203,3.939317464828491,0.5014875531196594,0.18623340129852295,-0.0443345308303833,0.5690788626670837
2686,36.953948974609375,3.8703153133392334,0.5002000331878662,0.1862371265888214,-0.0051987990736961365,0.5605119466781616
2687,36.96179962158203,3.978684186935425,0.4982125163078308,0.18620383739471436,-0.035970259457826614,0.5502951741218567
2688,36.948280334472656,3.8233139514923096,0.5013375282287598,0.18622873723506927,-0.03896061331033707,0.5674260854721069
2689,36.98334884643555,3.838508367538452,0.5028500556945801,0.18628181517124176,-0.04139522835612297,0.5456420183181763
2690,36.88679504394531,3.749885320663452,0.49857500195503235,0.18625526130199432,-0.04176192730665207,0.5461124181747437
2691,36.99327087402344,3.890314817428589,0.5047875642776489,0.1863444298505783,-0.05168497934937477,0.552504301071167
2692,36.941165924072266,3.900965452194214,0.5081250071525574,0.186495840549469,-0.04109495133161545,0.5625554919242859
2693,36.976165771484375,3.8776330947875977,0.5025750398635864,0.18654386699199677,-0.026055993512272835,0.5686488747596741
2694,36.995765686035156,3.8393170833587646,0.4990375339984894,0.18652591109275818,-0.04589606821537018,0.5455666780471802
2695,36.91937255859375,3.8344268798828125,0.49976253509521484,0.1865214854478836,-0.017476728186011314,0.5461788773536682
2696,36.97712707519531,3.8556935787200928,0.49986252188682556,0.18651892244815826,-0.04069802165031433,0.5520879626274109
2697,36.919185638427734,3.829789161682129,0.5024500489234924,0.1865646094083786,-0.010260792449116707,0.5456489324569702
2698,37.014251708984375,3.9533774852752686,0.5009625554084778,0.186582550406456,-0.026316655799746513,0.5637928247451782
2699,37.007450103759766,3.935885429382324,0.5004250407218933,0.18659049272537231,-0.04257397726178169,0.5702548623085022
2700,36.92360305786133,3.829962730407715,0.49880000948905945,0.18656811118125916,-0.04226570203900337,0.553910493850708
2701,36.99272918701172,3.8538267612457275,0.49781253933906555,0.1865272969007492,-0.05507608875632286,0.5442880988121033
2702,36.974891662597656,3.746809720993042,0.49716252088546753,0.18647438287734985,-0.019047541543841362,0.5265714526176453
2703,36.98021697998047,3.9251177310943604,0.49592503905296326,0.18639838695526123,-0.04457037150859833,0.5534827709197998
2704,36.98773193359375,3.876573324203491,0.4997125566005707,0.18639303743839264,-0.023006891831755638,0.5533643960952759
2705,36.96702575683594,3.81668758392334,0.49992504715919495,0.18639163672924042,-0.03823822736740112,0.5473990440368652
2706,36.95247268676758,3.820453643798828,0.5026000142097473,0.1864400953054428,-0.03170701861381531,0.5540856122970581
2707,36.94160079956055,3.796273708343506,0.499750018119812,0.18643544614315033,-0.030656611546874046,0.5583560466766357
2708,36.944129943847656,3.914008617401123,0.49890005588531494,0.1864149421453476,-0.018230313435196877,0.5714466571807861
2709,37.019710540771484,3.991445541381836,0.503125011920929,0.18647319078445435,-0.031940143555402756,0.5237143039703369
2710,37.042476654052734,4.05197811126709,0.5037250518798828,0.18654265999794006,-0.03148188069462776,0.5709272027015686
2711,36.988059997558594,3.8571927547454834,0.5042000412940979,0.18662101030349731,-0.021843090653419495,0.5479508638381958
2712,36.922386169433594,3.73576021194458,0.5008249878883362,0.18663640320301056,-0.033783696591854095,0.5576280355453491
2713,36.995811462402344,3.8855433464050293,0.4930625259876251,0.18650692701339722,-0.03915393725037575,0.5444978475570679
2714,36.99467086791992,3.9097537994384766,0.5011375546455383,0.18652813136577606,-0.026607509702444077,0.5230244994163513
2715,36.95982360839844,3.7706332206726074,0.5024375319480896,0.18657360970973969,-0.04874890297651291,0.5520763993263245
2716,36.94247817993164,3.7659099102020264,0.500462532043457,0.18658223748207092,-0.045222096145153046,0.5439363121986389
2717,36.98947525024414,3.810011863708496,0.501924991607666,0.1866181641817093,-0.02527683600783348,0.5336829423904419
2718,37.024051666259766,4.047533988952637,0.5034875273704529,0.18668325245380402,-0.029913585633039474,0.5412295460700989
2719,36.975975036621094,3.8447227478027344,0.49812501668930054,0.18664824962615967,-0.0593295618891716,0.55417400598526
2720,37.01969909667969,3.9090380668640137,0.4973750114440918,0.1865992546081543,-0.025823552161455154,0.5559631586074829
2721,36.956748962402344,3.8061273097991943,0.5008749961853027,0.18661558628082275,-0.04640496149659157,0.5470841526985168
2722,36.98898696899414,3.933776617050171,0.5019750595092773,0.18665245175361633,-0.0454118587076664,0.5618696808815002
2723,36.96830749511719,3.8379533290863037,0.49935001134872437,0.18664032220840454,-0.00840004999190569,0.5482786297798157
2724,37.02377700805664,3.987642288208008,0.4966125190258026,0.18657709658145905,-0.05719529092311859,0.5451521277427673
2725,37.011627197265625,3.9600374698638916,0.5019250512123108,0.1866130232810974,-0.043355073779821396,0.5446214079856873
2726,37.00309371948242,3.9303812980651855,0.501412570476532,0.18663938343524933,-0.05949001759290695,0.5498306751251221
2727,36.98208236694336,3.8448965549468994,0.4999749958515167,0.18663892149925232,-0.053709812462329865,0.547123908996582
2728,36.96037292480469,3.9400947093963623,0.500212550163269,0.18664288520812988,-0.020235296338796616,0.5688876509666443
2729,36.94975280761719,3.861178159713745,0.49716252088546753,0.18658992648124695,-0.03727097064256668,0.5705109238624573
2730,36.86992645263672,3.6979849338531494,0.49873751401901245,0.18656636774539948,-0.043008919805288315,0.5501990914344788
2731,36.88304901123047,3.749413251876831,0.5031500458717346,0.18662512302398682,-0.04079300910234451,0.5636205673217773
2732,36.9606819152832,3.846608877182007,0.49692502617836,0.1865677386522293,-0.03890008106827736,0.5802436470985413
2733,37.053077697753906,3.998670816421509,0.5035125017166138,0.18663325905799866,-0.04631558805704117,0.5602350831031799
2734,36.991424560546875,3.7556991577148438,0.5026375651359558,0.18668249249458313,-0.02638752944767475,0.5530309081077576
2735,36.99967956542969,3.8566315174102783,0.5016000270843506,0.1867123544216156,-0.013071371242403984,0.5660014748573303
2736,37.00658416748047,3.8516743183135986,0.5020750164985657,0.1867511123418808,-0.054825156927108765,0.5649954676628113
2737,36.979976654052734,3.846492290496826,0.500825047492981,0.18676652014255524,-0.04119056835770607,0.5528606176376343
2738,36.987586975097656,3.898850917816162,0.5006750226020813,0.18677912652492523,-0.04272618889808655,0.5417871475219727
2739,37.01606750488281,3.881049394607544,0.5032625198364258,0.18684007227420807,-0.046851128339767456,0.5458167195320129
2740,36.98598098754883,3.800468683242798,0.49502500891685486,0.18674711883068085,-0.02386227808892727,0.5539191365242004
2741,36.993141174316406,3.8935017585754395,0.49926257133483887,0.18673335015773773,-0.0462251678109169,0.5412525534629822
2742,37.02002716064453,3.9630656242370605,0.5048625469207764,0.18682414293289185,-0.03453078493475914,0.5477184653282166
2743,36.987491607666016,3.880239963531494,0.499562531709671,0.18681596219539642,-0.031250499188899994,0.5497925877571106
2744,36.976959228515625,3.8825151920318604,0.49931252002716064,0.18680311739444733,-0.027475625276565552,0.5531674027442932
2745,36.937355041503906,3.790376663208008,0.4974125325679779,0.18675477802753448,-0.03436798229813576,0.5609707236289978
2746,36.986328125,3.9305548667907715,0.5022250413894653,0.18679632246494293,-0.05240640416741371,0.5655403733253479
2747,37.00239181518555,3.9470956325531006,0.4997750222682953,0.18679212033748627,-0.04231564700603485,0.5516107678413391
2748,36.984493255615234,3.8403632640838623,0.5000874996185303,0.1867937445640564,-0.015880100429058075,0.539323627948761
2749,36.9337272644043,3.7578744888305664,0.499562531709671,0.18678557872772217,-0.021629586815834045,0.5686183571815491
2750,37.00260925292969,3.9677319526672363,0.4995875060558319,0.18677787482738495,-0.0038374406285583973,0.5718271136283875
2751,36.99884033203125,3.899430274963379,0.49531251192092896,0.1866903305053711,-0.029496999457478523,0.5540549159049988
2752,36.995059967041016,3.8953263759613037,0.49675002694129944,0.18662965297698975,-0.017723938450217247,0.5466651320457458
2753,37.01087188720703,4.025967121124268,0.5017250180244446,0.18666183948516846,-0.03921857476234436,0.5550352931022644
2754,36.93998718261719,3.8890905380249023,0.49643751978874207,0.18659533560276031,-0.05913912132382393,0.5432295799255371
2755,36.92544174194336,3.794074535369873,0.4972250163555145,0.1865435540676117,-0.05614447221159935,0.5469406247138977
2756,36.98645782470703,3.7721455097198486,0.49900001287460327,0.186524897813797,-0.038858089596033096,0.5522350072860718
2757,36.96419143676758,3.856905937194824,0.5005500316619873,0.18653514981269836,-0.007274915464222431,0.5644095540046692
2758,36.99190902709961,3.9463253021240234,0.5008500218391418,0.18655100464820862,-0.048457928001880646,0.5394140481948853
2759,36.945228576660156,3.804121732711792,0.49761250615119934,0.1865064650774002,-0.01746382750570774,0.5254910588264465
2760,36.931644439697266,3.844744920730591,0.498725026845932,0.18648268282413483,-0.05915198475122452,0.5503863096237183
2761,36.92674255371094,3.815903663635254,0.49793753027915955,0.1864442229270935,-0.023757824674248695,0.5279276371002197
2762,36.97377014160156,3.8820016384124756,0.5029749870300293,0.1864996999502182,-0.043941523879766464,0.5564479827880859
2763,36.95649719238281,3.8835368156433105,0.5016000270843506,0.18652953207492828,-0.04067359119653702,0.5730968117713928
2764,37.0701904296875,4.018108367919922,0.49902501702308655,0.1865113377571106,-0.014548164792358875,0.5369666814804077
2765,36.98474884033203,3.8503365516662598,0.5042875409126282,0.18659131228923798,-0.02418621815741062,0.5444525480270386
2766,36.98373794555664,3.8635127544403076,0.5025500059127808,0.18663889169692993,-0.026809630915522575,0.5504162907600403
2767,36.9594841003418,3.859192371368408,0.5013250112533569,0.18666362762451172,-0.048097334802150726,0.5449724197387695
2768,36.95804977416992,3.9142215251922607,0.4982500374317169,0.1866309642791748,-0.030535222962498665,0.5473722815513611
2769,36.973609924316406,3.853469133377075,0.49935004115104675,0.186618834733963,-0.02166091464459896,0.5472063422203064
2770,36.96946716308594,3.835883140563965,0.49732503294944763,0.18656891584396362,-0.05522765591740608,0.5398606657981873
2771,36.93824768066406,3.801229238510132,0.4980625510215759,0.18653278052806854,-0.0288435947149992,0.5628542900085449
2772,36.96189880371094,3.800314426422119,0.5009750127792358,0.18655097484588623,-0.05473186820745468,0.5502101182937622
2773,37.05194854736328,4.036637306213379,0.497762531042099,0.18650923669338226,-0.04670527204871178,0.5674630403518677
2774,36.923805236816406,3.7584102153778076,0.499875009059906,0.18650689721107483,-0.048520851880311966,0.5600329041481018
2775,36.96820831298828,3.7828192710876465,0.503837525844574,0.18657846748828888,-0.0067769987508654594,0.5491036176681519
2776,36.991825103759766,3.815242052078247,0.4992125332355499,0.18656377494335175,-0.028293214738368988,0.5596116185188293
2777,36.95894241333008,3.844994306564331,0.4962875247001648,0.18649451434612274,-0.04620370641350746,0.5386584997177124
2778,36.95134735107422,3.8530256748199463,0.49738752841949463,0.18644578754901886,-0.031126175075769424,0.5494449734687805
2779,36.96538543701172,3.876309394836426,0.5042125582695007,0.18652433156967163,-0.017454886808991432,0.5739554762840271
2780,36.9418830871582,3.831366539001465,0.5014125108718872,0.18655067682266235,-0.047102801501750946,0.5509853959083557
2781,36.962345123291016,3.8670620918273926,0.502625048160553,0.18659964203834534,-0.03223823755979538,0.5547294616699219
2782,37.07094955444336,3.9938900470733643,0.49931252002716064,0.18658681213855743,-0.029998522251844406,0.5432994961738586
2783,36.93212890625,3.7755794525146484,0.5028875470161438,0.1866406798362732,-0.014203994534909725,0.5473601818084717
2784,36.98373794555664,3.8952391147613525,0.4991750419139862,0.18662528693675995,-0.03471677377820015,0.5322965383529663
2785,36.98887252807617,3.8942830562591553,0.4967750310897827,0.186565101146698,-0.04737871512770653,0.5505194664001465
2786,36.94502258300781,3.7958123683929443,0.5041375160217285,0.18664230406284332,-0.051623377948999405,0.5424451231956482
2787,36.968685150146484,3.8411026000976562,0.4997750222682953,0.18663811683654785,-0.02776356041431427,0.5354260206222534
2788,36.938751220703125,3.764268636703491,0.499812513589859,0.1866346150636673,-0.030175646767020226,0.5550523996353149
2789,36.93815994262695,3.75059175491333,0.5047125220298767,0.1867225617170334,-0.04013639688491821,0.5477437973022461
2790,36.871768951416016,3.7606284618377686,0.501075029373169,0.1867426335811615,-0.06047409772872925,0.5561370849609375
2791,36.899322509765625,3.7140238285064697,0.503600001335144,0.18680986762046814,-0.0532073974609375,0.5669390559196472
2792,36.97429275512695,3.908961057662964,0.49653753638267517,0.18674518167972565,-0.05147719010710716,0.5568790435791016
2793,36.964107513427734,3.859788656234741,0.4988125264644623,0.1867230087518692,-0.026665853336453438,0.5641080737113953
2794,36.99412536621094,3.957270622253418,0.5019750595092773,0.18675988912582397,-0.056056369096040726,0.5779876112937927
2795,36.972862243652344,3.8941922187805176,0.49765005707740784,0.1867159903049469,-0.056128066033124924,0.548762857913971
2796,37.0482177734375,4.004313945770264,0.49425002932548523,0.18660862743854523,-0.01791178621351719,0.5478132367134094
2797,36.96400833129883,3.8338804244995117,0.49986252188682556,0.18660606443881989,-0.017830554395914078,0.5384132862091064
2798,36.95126724243164,3.686767816543579,0.5031750202178955,0.18666529655456543,-0.02542353793978691,0.5736144185066223
2799,36.983882904052734,3.8323421478271484,0.5030875205993652,0.18672293424606323,-0.01824849843978882,0.5557553172111511
2800,37.01416778564453,3.929222822189331,0.5002750158309937,0.1867280751466751,-0.01422912534326315,0.5536549687385559
2801,36.978675842285156,3.87428617477417,0.49966251850128174,0.1867217719554901,-0.05955333262681961,0.5343012809753418
2802,37.017852783203125,3.9892983436584473,0.4984750747680664,0.18669329583644867,-0.03914196416735649,0.5603067874908447
2803,36.980159759521484,3.9146759510040283,0.49813753366470337,0.18665851652622223,-0.020785124972462654,0.5487731695175171
2804,36.962520599365234,3.8823297023773193,0.49793753027915955,0.18662002682685852,-0.03967621177434921,0.5776655077934265
2805,36.9327278137207,3.7464845180511475,0.49752500653266907,0.1865738481283188,-0.043664779514074326,0.5588627457618713
2806,36.954158782958984,3.8942434787750244,0.499625027179718,0.18656685948371887,-0.04682724177837372,0.5399376749992371
2807,36.93228530883789,3.6920201778411865,0.5005125403404236,0.18657642602920532,-0.019234085455536842,0.5741163492202759
2808,36.92791748046875,3.6664998531341553,0.4993375539779663,0.18656407296657562,-0.024176117032766342,0.5439291596412659
2809,36.975093841552734,3.757472515106201,0.502162516117096,0.18660441040992737,-0.006242018658667803,0.561748743057251
2810,36.929649353027344,3.768214464187622,0.5034499764442444,0.1866687834262848,-0.035606417804956436,0.5601256489753723
2811,36.94404983520508,3.8479037284851074,0.49500003457069397,0.18657544255256653,-0.03615608438849449,0.557219922542572
2812,36.91862487792969,3.781611204147339,0.5008875131607056,0.1865919828414917,-0.007935998030006886,0.5549426078796387
2813,36.955020904541016,3.7988569736480713,0.498787522315979,0.18656936287879944,-0.03821207955479622,0.5667617917060852
2814,36.982486724853516,3.903285264968872,0.5013875365257263,0.18659524619579315,-0.02710043638944626,0.5798676609992981
2815,36.98248291015625,3.863013744354248,0.5004250407218933,0.18660318851470947,-0.002914341166615486,0.5707388520240784
2816,36.951087951660156,3.843952178955078,0.49953752756118774,0.18659456074237823,-0.02514219656586647,0.5550926923751831
2817,36.96200180053711,3.8205366134643555,0.49721255898475647,0.1865425407886505,-0.03987743705511093,0.5401508212089539
2818,36.926876068115234,3.835089921951294,0.4975000321865082,0.18649591505527496,-0.009900502860546112,0.5729647874832153
2819,36.9490852355957,3.8167243003845215,0.498012512922287,0.18645885586738586,-0.06718696653842926,0.5356568694114685
2820,36.99716567993164,3.8941283226013184,0.4964500367641449,0.1863926649093628,-0.03467467054724693,0.5596168637275696
2821,36.941349029541016,3.8119218349456787,0.5024125576019287,0.18643763661384583,-0.025466186925768852,0.5574354529380798
2822,36.95346450805664,3.8445992469787598,0.502387523651123,0.18648214638233185,-0.07154974341392517,0.541881799697876
2823,36.85469055175781,3.6732029914855957,0.4979749917984009,0.18644438683986664,-0.0402597114443779,0.5629952549934387
2824,36.96305847167969,3.874631643295288,0.49713754653930664,0.18639102578163147,-0.04696676880121231,0.5557915568351746
2825,36.96809387207031,3.914374828338623,0.5009000301361084,0.18640780448913574,-0.020413922145962715,0.535191535949707
2826,36.929622650146484,3.8034825325012207,0.5018250346183777,0.1864418238401413,-0.04450859874486923,0.5563258528709412
2827,36.8857421875,3.6424851417541504,0.5027750730514526,0.18649356067180634,-0.044063031673431396,0.5438488721847534
2828,36.95063400268555,3.880465269088745,0.4976624846458435,0.18644995987415314,-0.025608433410525322,0.545303225517273
2829,36.97513198852539,3.871847152709961,0.49980002641677856,0.18644621968269348,-0.020222073420882225,0.5724656581878662
2830,36.94463348388672,3.825763702392578,0.5029500126838684,0.18650123476982117,-0.01951005309820175,0.5643558502197266
2831,36.928592681884766,3.829209566116333,0.5020750164985657,0.18653994798660278,-0.03187419846653938,0.5539182424545288
2832,37.011043548583984,3.938652515411377,0.49668753147125244,0.1864781677722931,-0.0432431735098362,0.5411199331283569
2833,37.019283294677734,3.966416835784912,0.5004750490188599,0.18648701906204224,-0.012211814522743225,0.5555282831192017
2834,37.00358200073242,3.8488686084747314,0.498662531375885,0.18646207451820374,-0.03063402697443962,0.5476742386817932
2835,37.021484375,3.896521806716919,0.5028500556945801,0.1865152269601822,-0.04796754568815231,0.5543509125709534
2836,36.98392105102539,3.839296817779541,0.49928754568099976,0.18650193512439728,-0.05691283568739891,0.5455052256584167
2837,36.95942687988281,3.7952663898468018,0.49796250462532043,0.18646393716335297,-0.03197174146771431,0.5670562982559204
2838,36.90930938720703,3.7019736766815186,0.5028499960899353,0.18651708960533142,-0.035767219960689545,0.5605044364929199
2839,36.928436279296875,3.857867956161499,0.501924991607666,0.1865530014038086,-0.08279991149902344,0.5664284229278564
2840,36.966957092285156,3.915616273880005,0.5030125379562378,0.1866091936826706,-0.04568028450012207,0.5478307604789734
2841,36.904659271240234,3.7693614959716797,0.502037525177002,0.1866472065448761,-0.028980223461985588,0.5732978582382202
2842,37.00074768066406,3.8310930728912354,0.5008000135421753,0.18666213750839233,-0.043471962213516235,0.560832679271698
2843,36.937660217285156,3.7675795555114746,0.5013500452041626,0.18668732047080994,-0.03274017572402954,0.5733231902122498
2844,36.97083282470703,3.831393241882324,0.5019500255584717,0.1867237240076065,-0.028278982266783714,0.5573123097419739
2845,37.03319549560547,4.0913190841674805,0.49873754382133484,0.18670015037059784,-0.05122394114732742,0.5618702173233032
2846,36.89549255371094,3.747230052947998,0.49812501668930054,0.1866651475429535,-0.04414597526192665,0.5661733746528625
2847,37.0135498046875,3.952259063720703,0.4966125190258026,0.186601921916008,-0.03638944402337074,0.5367037057876587
2848,36.97100067138672,3.905940055847168,0.5020124912261963,0.1866394728422165,-0.018974781036376953,0.5576739311218262
2849,36.960472106933594,3.8025717735290527,0.5015375018119812,0.18666817247867584,-0.029826592653989792,0.5581831336021423
2850,36.95071029663086,3.7701849937438965,0.5031000375747681,0.18672603368759155,-0.03290651738643646,0.552914023399353
2851,37.01622009277344,4.000821590423584,0.5049250721931458,0.1868179887533188,-0.022640306502580643,0.5600316524505615
2852,36.985897064208984,3.8730368614196777,0.5018875002861023,0.18685324490070343,-0.015020863153040409,0.5449286103248596
2853,37.0004768371582,3.866403341293335,0.4983375370502472,0.18682217597961426,-0.015383775345981121,0.5416412949562073
2854,36.9539794921875,3.7970545291900635,0.49908754229545593,0.1868051290512085,-0.015951724722981453,0.5650244951248169
2855,37.03190231323242,3.9528157711029053,0.49847501516342163,0.18677665293216705,-0.02639228291809559,0.5338271856307983
2856,36.95402908325195,3.873026132583618,0.496862530708313,0.18671804666519165,-0.03868952393531799,0.5524909496307373
2857,36.989234924316406,3.9766721725463867,0.49834999442100525,0.18668724596500397,-0.04297754168510437,0.5579473376274109
2858,36.92715072631836,3.7816405296325684,0.49998754262924194,0.18668700754642487,-0.03261600434780121,0.5399304628372192
2859,37.042415618896484,3.964362144470215,0.4999749958515167,0.18668654561042786,-0.03312503173947334,0.5505617260932922
2860,37.00471878051758,3.820891857147217,0.5000000596046448,0.18668654561042786,-0.014357145875692368,0.5402892827987671
2861,37.01645278930664,3.988283634185791,0.4979250729084015,0.18664781749248505,-0.02030237205326557,0.5653595328330994
2862,37.00400161743164,4.039828777313232,0.49627500772476196,0.18657828867435455,-0.04168085753917694,0.5564702153205872
2863,36.90591049194336,3.8502309322357178,0.49841248989105225,0.18654868006706238,-0.03937472030520439,0.5406013131141663
2864,36.91960906982422,3.9561100006103516,0.49336251616477966,0.1864248514175415,-0.069294773042202,0.5650252103805542
2865,36.91437530517578,3.9246904850006104,0.498662531375885,0.1863999217748642,-0.05112144723534584,0.5629536509513855
2866,36.99811935424805,3.948617935180664,0.5053125619888306,0.18649893999099731,-0.07831831276416779,0.5428397059440613
2867,36.96483612060547,3.831299066543579,0.501787543296814,0.18653228878974915,-0.029205869883298874,0.5573459267616272
2868,37.067962646484375,3.9377501010894775,0.5068750381469727,0.1866605281829834,0.01077674888074398,0.5320051312446594
2869,36.99885177612305,3.8097193241119385,0.5046375393867493,0.18674708902835846,-0.03685407340526581,0.5260823369026184
2870,36.9713020324707,3.8268609046936035,0.4966624975204468,0.1866847723722458,-0.027064288035035133,0.5502617955207825
2871,36.9154167175293,3.7920520305633545,0.4998500347137451,0.18668197095394135,-0.0727187767624855,0.5517199039459229
2872,36.91892623901367,3.7333664894104004,0.4945875108242035,0.18658092617988586,-0.06251370906829834,0.5660882592201233
2873,36.95330810546875,3.8953857421875,0.497762531042099,0.1865391731262207,-0.054297421127557755,0.5537702441215515
2874,36.92852020263672,3.7445998191833496,0.5062875151634216,0.18665644526481628,-0.0517069436609745,0.546757161617279
2875,36.97953796386719,3.840959072113037,0.5025250315666199,0.18670357763767242,-0.02644338645040989,0.546431839466095
2876,37.03993225097656,3.885140895843506,0.5054000020027161,0.18680439889431,-0.011432187631726265,0.5225352048873901
2877,37.026695251464844,3.908628225326538,0.501675009727478,0.18683569133281708,-0.02580372616648674,0.5406604409217834
2878,36.943973541259766,3.7663168907165527,0.5012375116348267,0.18685880303382874,-0.04258532449603081,0.5676150321960449
2879,36.950199127197266,3.843036413192749,0.4958000183105469,0.18678033351898193,-0.015185785479843616,0.53473299741745
2880,36.93149948120117,3.795013189315796,0.49521252512931824,0.18669091165065765,-0.023887010291218758,0.5750711560249329
2881,36.9495849609375,3.815183639526367,0.4931500256061554,0.18656302988529205,-0.044891003519296646,0.556765615940094
2882,36.933433532714844,3.913331985473633,0.49666252732276917,0.18650077283382416,-0.044041234999895096,0.5376392006874084
2883,37.059471130371094,4.000263214111328,0.5043750405311584,0.18658237159252167,-0.026840416714549065,0.5565291047096252
2884,36.92736053466797,3.7804713249206543,0.5012000203132629,0.18660476803779602,-0.047546014189720154,0.5624933242797852
2885,37.04269790649414,3.91102933883667,0.5065125226974487,0.18672628700733185,-0.05161125585436821,0.5709816217422485
2886,37.031917572021484,4.067910194396973,0.49695003032684326,0.18666933476924896,-0.041194718331098557,0.5344950556755066
2887,36.93562698364258,3.8294689655303955,0.4949125349521637,0.18657436966896057,-0.041350945830345154,0.5449196100234985
2888,36.93965148925781,3.710810899734497,0.4980125427246094,0.18653729557991028,-0.027020879089832306,0.560361385345459
2889,36.90753936767578,3.7404215335845947,0.49660006165504456,0.18647387623786926,-0.007435327861458063,0.5511264801025391
2890,36.98549270629883,3.943995952606201,0.5006375312805176,0.18648576736450195,-0.012029624544084072,0.5550073385238647
2891,36.98630905151367,3.8369193077087402,0.5015750527381897,0.18651513755321503,-0.05512801557779312,0.53145432472229
2892,36.92030715942383,3.671286106109619,0.504675030708313,0.18660233914852142,-0.040062278509140015,0.5381738543510437
2893,36.967010498046875,3.782832145690918,0.5023375153541565,0.18664595484733582,-0.053650956600904465,0.5215569734573364
2894,37.007991790771484,3.852163314819336,0.5007874965667725,0.18666066229343414,-0.03133010119199753,0.5289930105209351
2895,36.97508239746094,3.8693435192108154,0.5013375282287598,0.18668562173843384,-0.0593033991754055,0.5400888919830322
2896,37.00713348388672,3.947585344314575,0.49912506341934204,0.18666929006576538,-0.03175529092550278,0.5655699372291565
2897,36.91557693481445,3.766772985458374,0.49755001068115234,0.18662355840206146,-0.047230739146471024,0.572418212890625
2898,36.89645767211914,3.8097615242004395,0.4983750283718109,0.18659323453903198,-0.0339185893535614,0.5763251781463623
2899,36.909542083740234,3.8160176277160645,0.5017750263214111,0.1866263598203659,-0.02898103930056095,0.5736111998558044
2900,36.96017074584961,3.8669118881225586,0.5004750490188599,0.18663521111011505,-0.06224541738629341,0.5534871220588684
2901,36.95218276977539,3.8331055641174316,0.5029125809669495,0.1866895705461502,-0.02128281444311142,0.546857476234436
2902,37.08146667480469,3.9830880165100098,0.49793753027915955,0.1866510659456253,-0.019006021320819855,0.5828700065612793
2903,36.9907341003418,3.8854966163635254,0.49998751282691956,0.1866508275270462,-0.04764275625348091,0.5790272355079651
2904,36.916316986083984,3.943713903427124,0.5006250143051147,0.1866624802350998,-0.06518255919218063,0.5695119500160217
2905,36.918373107910156,3.881989002227783,0.5026750564575195,0.18671241402626038,-0.037194013595581055,0.5740760564804077
2906,36.92737579345703,3.762054443359375,0.5065375566482544,0.18683446943759918,-0.05791088193655014,0.568071722984314
2907,36.94656753540039,3.8904097080230713,0.500200092792511,0.18683820962905884,-0.03139924257993698,0.552866518497467
2908,36.97407531738281,3.818305253982544,0.5023625493049622,0.1868823617696762,-0.047206245362758636,0.5492029190063477
2909,36.92704391479492,3.7788031101226807,0.49947500228881836,0.18687254190444946,-0.034139055758714676,0.542811393737793
2910,36.918209075927734,3.7306647300720215,0.4993375539779663,0.18686017394065857,-0.0460810586810112,0.5246828198432922
2911,36.973384857177734,3.8503854274749756,0.5023375749588013,0.18690384924411774,-0.009987148456275463,0.5622024536132812
2912,36.99201965332031,3.9097044467926025,0.5010875463485718,0.18692417442798615,-0.03570963814854622,0.5625401735305786
2913,36.93323516845703,3.841277837753296,0.4973500370979309,0.1868746429681778,-0.008938162587583065,0.5632635951042175
2914,36.94206619262695,3.6912801265716553,0.5024625658988953,0.1869206726551056,-0.03139224275946617,0.5626524090766907
2915,36.936370849609375,3.8146402835845947,0.5030249953269958,0.18697722256183624,0.0017415218753740191,0.5492650270462036
2916,36.944889068603516,3.7560036182403564,0.4976625442504883,0.1869335174560547,0.0017971518682315946,0.5620042681694031
2917,37.09616470336914,4.041648864746094,0.49733754992485046,0.18688374757766724,-0.05325916409492493,0.5447221994400024
2918,36.95428466796875,3.752798318862915,0.49807503819465637,0.1868477612733841,-0.05883793160319328,0.5200100541114807
2919,36.9405517578125,3.798126459121704,0.4970375597476959,0.18679240345954895,-0.030267201364040375,0.5540863871574402
2920,36.936946868896484,3.815721273422241,0.5025500655174255,0.1868400275707245,-0.041900694370269775,0.570600688457489
2921,36.958457946777344,3.8363189697265625,0.4995875358581543,0.18683232367038727,-0.0092850923538208,0.5374414324760437
2922,36.98939514160156,3.9241037368774414,0.5042625069618225,0.18691197037696838,-0.04479765146970749,0.5555121898651123
2923,36.97733688354492,3.8550002574920654,0.5007625222206116,0.1869262307882309,-0.047448184341192245,0.5518493056297302
2924,36.955665588378906,3.799281597137451,0.49562501907348633,0.18684445321559906,-0.0345284678041935,0.5602830648422241
2925,36.93770217895508,3.7098143100738525,0.4988499879837036,0.18682296574115753,-0.02974178083240986,0.5689083933830261
2926,37.04010772705078,3.9874274730682373,0.4999375343322754,0.1868218034505844,-0.040376972407102585,0.5600795149803162
2927,36.98343276977539,3.8827083110809326,0.49990004301071167,0.186819925904274,-0.016864405944943428,0.5456051230430603
2928,36.93000793457031,3.9243340492248535,0.5030625462532043,0.18687714636325836,-0.05693166330456734,0.5462998747825623
2929,36.956607818603516,3.9410221576690674,0.49830004572868347,0.18684537708759308,-0.00690105278044939,0.5368596315383911
2930,37.002227783203125,3.899226427078247,0.4967750608921051,0.18678511679172516,-0.005518150515854359,0.5685692429542542
2931,36.94313049316406,3.883608818054199,0.4972500205039978,0.18673375248908997,-0.03529771417379379,0.5464268326759338
2932,36.93315887451172,3.847867965698242,0.5019250512123108,0.18676970899105072,-0.026970600709319115,0.5519939661026001
2933,36.91625213623047,3.7719037532806396,0.5024125576019287,0.18681477010250092,-0.033945903182029724,0.5479691624641418
2934,36.91509246826172,3.713550329208374,0.49863752722740173,0.18678931891918182,-0.011979293078184128,0.5362440943717957
2935,36.9651985168457,3.887173891067505,0.49982503056526184,0.18678604066371918,-0.05151655897498131,0.5658013224601746
2936,36.9532470703125,3.8649492263793945,0.5017625093460083,0.1868189573287964,-0.02845664694905281,0.559977650642395
2937,36.93595504760742,3.8561604022979736,0.49966251850128174,0.1868126541376114,-0.018287483602762222,0.5576462745666504
2938,37.00990295410156,3.913801431655884,0.5010125637054443,0.18683156371116638,-0.03119012340903282,0.5467432737350464
2939,36.920013427734375,3.7711784839630127,0.49835002422332764,0.1868007332086563,-0.0332525260746479,0.546676754951477
2940,36.99102020263672,3.8553855419158936,0.49720004200935364,0.1867484301328659,-0.027139848098158836,0.5369201302528381
2941,36.96893310546875,3.775474786758423,0.4975375235080719,0.1867024451494217,-0.03775615990161896,0.5664417147636414
2942,37.04651641845703,3.969543695449829,0.4989750385284424,0.1866832971572876,-0.04065863788127899,0.5475760698318481
2943,36.98234939575195,3.891533851623535,0.4980250597000122,0.18664643168449402,-0.04986683279275894,0.5584725737571716
2944,36.94731140136719,3.80781888961792,0.5055750608444214,0.18675050139427185,-0.04304691031575203,0.5514856576919556
2945,36.97525405883789,3.7375729084014893,0.5046125054359436,0.1868366301059723,-0.023686520755290985,0.5401899814605713
2946,37.002601623535156,3.8392834663391113,0.502162516117096,0.1868770271539688,-0.03632388263940811,0.5581790804862976
2947,36.98981857299805,3.8867902755737305,0.4950375258922577,0.1867842823266983,-0.02199964039027691,0.5298413634300232
2948,37.049346923828125,3.926382541656494,0.501075029373169,0.1868043690919876,-0.004366105888038874,0.5477339625358582
2949,37.00905227661133,3.94671368598938,0.4928250312805176,0.18667033314704895,-0.04931355640292168,0.5702313780784607
2950,36.95677185058594,3.8881924152374268,0.49963751435279846,0.18666356801986694,-0.05991633981466293,0.5658665895462036
2951,36.934444427490234,3.852149486541748,0.5009000301361084,0.1866803616285324,-0.0786706805229187,0.5532034039497375
2952,37.00232696533203,3.9513423442840576,0.5065125226974487,0.186801940202713,-0.06298086047172546,0.560929536819458
2953,36.92648696899414,3.74623966217041,0.508650004863739,0.1869635134935379,-0.006662567611783743,0.5849649310112
2954,37.002220153808594,3.909281015396118,0.5036625266075134,0.18703198432922363,-0.03168484568595886,0.5498781800270081
2955,36.99795150756836,3.8964920043945312,0.4986249804496765,0.18700626492500305,-0.06586392968893051,0.559813380241394
2956,36.937957763671875,3.855314016342163,0.49851253628730774,0.18697844445705414,-0.048330213874578476,0.5709231495857239
2957,36.939857482910156,3.802896738052368,0.4971500337123871,0.18692515790462494,-0.045026566833257675,0.5456094145774841
2958,36.95048522949219,3.86277437210083,0.4956250488758087,0.1868433803319931,-0.06372791528701782,0.543329119682312
2959,36.95849609375,4.001950263977051,0.49797502160072327,0.18680554628372192,-0.04121008142828941,0.5593414902687073
2960,36.97404479980469,3.857957601547241,0.49755001068115234,0.18675978481769562,-0.06326874345541,0.5441803336143494
2961,36.929141998291016,3.781775712966919,0.5050250291824341,0.18685363233089447,0.0046403249725699425,0.5612592101097107
2962,36.94929504394531,3.830087184906006,0.5019875168800354,0.18689076602458954,-0.01706009916961193,0.5646366477012634
2963,36.943267822265625,3.799403190612793,0.4983375072479248,0.18685969710350037,-0.021162953227758408,0.5641422867774963
2964,36.9649543762207,3.878777503967285,0.49935001134872437,0.18684755265712738,-0.08148133009672165,0.5263282060623169
2965,36.91085433959961,3.7410993576049805,0.4934375286102295,0.1867249310016632,-0.04383280128240585,0.5381408333778381
2966,37.002777099609375,3.9769198894500732,0.49800002574920654,0.18668758869171143,-0.06533974409103394,0.5493214726448059
2967,36.93619155883789,3.795914649963379,0.5042375326156616,0.18676669895648956,-0.02421046793460846,0.5815389752388
2968,36.96156692504883,3.847991704940796,0.5029250383377075,0.1868213415145874,-0.03202776238322258,0.5701949000358582
2969,36.96306228637695,3.868007183074951,0.5046499967575073,0.18690821528434753,-0.04333266615867615,0.5577808618545532
2970,37.01470947265625,3.933380126953125,0.5057875514030457,0.18701639771461487,-0.06363585591316223,0.5529609322547913
2971,36.936580657958984,3.839308977127075,0.5002875328063965,0.18702177703380585,-0.015656255185604095,0.5488324761390686
2972,36.96549987792969,3.8226981163024902,0.5001250505447388,0.18702411651611328,-0.04681733250617981,0.5473597049713135
2973,36.92803955078125,3.822066068649292,0.4973750114440918,0.18697501718997955,-0.04259509965777397,0.5383840799331665
2974,36.98696517944336,3.902649164199829,0.4957500100135803,0.18689554929733276,-0.050047602504491806,0.5447685718536377
2975,36.992759704589844,3.9264509677886963,0.49943751096725464,0.1868850290775299,-0.028926149010658264,0.5732659101486206
2976,36.9803352355957,3.9337308406829834,0.5054875016212463,0.18698757886886597,-0.052290838211774826,0.5443928241729736
2977,36.92961883544922,3.7609333992004395,0.5019375085830688,0.1870238035917282,-0.0402480810880661,0.5357932448387146
2978,36.99434280395508,3.8133976459503174,0.5013124942779541,0.18704834580421448,-0.03966696187853813,0.5368949770927429
2979,36.95146179199219,3.8555867671966553,0.5027000308036804,0.18709884583950043,-0.013754134997725487,0.5438825488090515
2980,37.037803649902344,3.9319663047790527,0.49976253509521484,0.18709440529346466,-0.016374582424759865,0.5590457320213318
2981,36.96057891845703,3.8076024055480957,0.4939124882221222,0.18698051571846008,-0.016193412244319916,0.5450639724731445
2982,36.90974044799805,3.6950490474700928,0.496862530708313,0.1869218498468399,-0.04835224151611328,0.562333881855011
2983,36.97018051147461,3.8973727226257324,0.49455001950263977,0.18681997060775757,-0.06788843125104904,0.5646130442619324
2984,36.89002227783203,3.732637405395508,0.49877503514289856,0.18679708242416382,-0.069637231528759,0.5531940460205078
2985,36.9165153503418,3.798898458480835,0.5035625100135803,0.18686361610889435,-0.04011740908026695,0.5643771886825562
2986,36.98612594604492,3.9272701740264893,0.5032375454902649,0.18692411482334137,-0.04543266445398331,0.5589848756790161
2987,37.0426139831543,3.9725210666656494,0.5002250075340271,0.18692833185195923,-0.03630936145782471,0.5311456322669983
2988,36.95200729370117,3.770677089691162,0.5049875378608704,0.18702156841754913,-0.018265988677740097,0.5526178479194641
2989,36.96309280395508,3.774387836456299,0.4993624985218048,0.18700964748859406,-0.010660653002560139,0.549651563167572
2990,37.03841018676758,3.9933316707611084,0.49572503566741943,0.18692970275878906,-0.009314649738371372,0.5565412044525146
2991,36.923912048339844,3.853896379470825,0.4944375157356262,0.1868257224559784,-0.011054013855755329,0.5181424617767334
2992,36.97952651977539,3.8765738010406494,0.49648749828338623,0.1867600977420807,-0.03737413138151169,0.5533478260040283
2993,36.95058059692383,3.8832812309265137,0.49377503991127014,0.1866438388824463,-0.05693145468831062,0.5529093742370605
2994,37.00248718261719,3.8037188053131104,0.5029500126838684,0.18669891357421875,-0.02809138596057892,0.5585201382637024
2995,37.02009963989258,3.9407947063446045,0.5050750374794006,0.18679365515708923,-0.024939801543951035,0.5797136425971985
2996,37.02178192138672,4.008650779724121,0.502637505531311,0.1868429183959961,-0.054193511605262756,0.5441511869430542
2997,36.954532623291016,3.8097620010375977,0.4977875351905823,0.18680158257484436,-0.006577237043529749,0.5165924429893494
2998,36.958251953125,3.7994399070739746,0.4985499978065491,0.18677449226379395,-0.004277553874999285,0.5191389918327332
2999,36.963600158691406,3.840306282043457,0.4951125383377075,0.18668320775032043,-0.021774552762508392,0.5525695085525513
3000,36.98799133300781,3.864532232284546,0.49506253004074097,0.1865910291671753,-0.024102382361888885,0.5459461212158203
3001,37.02049255371094,3.9411721229553223,0.5040375590324402,0.1866663694381714,-0.01564653590321541,0.5400440096855164
3002,36.9581184387207,3.807976722717285,0.49810004234313965,0.18663090467453003,-0.050307948142290115,0.5353919863700867
3003,36.954925537109375,3.97634220123291,0.5012624859809875,0.1866544634103775,-0.016262367367744446,0.5529046654701233
3004,36.96609878540039,3.9428436756134033,0.5060250759124756,0.18676692247390747,-0.03018370270729065,0.565098226070404
3005,36.95932388305664,3.7730929851531982,0.5007625222206116,0.1867811679840088,-0.028420154005289078,0.5459693074226379
3006,36.93204879760742,3.7966482639312744,0.499625027179718,0.18677416443824768,-0.05816435068845749,0.5445868968963623
3007,36.99871063232422,3.9559431076049805,0.49543753266334534,0.18668894469738007,-0.03652733191847801,0.5341333150863647
3008,36.947444915771484,3.8766930103302,0.5023500323295593,0.18673281371593475,-0.02507360279560089,0.5621005892753601
3009,37.00356674194336,3.885145425796509,0.49826252460479736,0.18670037388801575,-0.03330516070127487,0.56355220079422
3010,36.92172622680664,3.7580394744873047,0.5006500482559204,0.18671250343322754,0.003668208373710513,0.5720553398132324
3011,36.94412612915039,3.7904317378997803,0.5070500373840332,0.186844140291214,-0.04668525233864784,0.5598018765449524
3012,37.01310729980469,3.99029803276062,0.5007500052452087,0.1868581473827362,-0.01776660420000553,0.5623924136161804
3013,36.95451736450195,3.854182720184326,0.49773749709129333,0.18681587278842926,-0.04345745965838432,0.5442109107971191
3014,36.9733772277832,3.943880796432495,0.49855002760887146,0.18678878247737885,-0.03673531487584114,0.5596082210540771
3015,37.04949951171875,4.054781436920166,0.4979000389575958,0.18674956262111664,-0.018813861533999443,0.5412597060203552
3016,36.97388458251953,3.854792594909668,0.4940125346183777,0.186637744307518,-0.05199965089559555,0.5506609678268433
3017,37.019920349121094,3.877406120300293,0.4998375475406647,0.18663470447063446,-0.030285825952887535,0.5498153567314148
3018,37.03416442871094,3.9884450435638428,0.4972875416278839,0.18658408522605896,-0.028428949415683746,0.5308567881584167
3019,36.99578857421875,3.93477201461792,0.49943751096725464,0.1865735799074173,-0.05619555711746216,0.5478982329368591
3020,37.03074264526367,3.9966442584991455,0.49845004081726074,0.18654467165470123,-0.0377386137843132,0.5345379114151001
3021,36.90290832519531,3.7368948459625244,0.501800000667572,0.18657824397087097,-0.04518556594848633,0.5664944052696228
3022,36.958351135253906,3.8620681762695312,0.5038500428199768,0.1866500824689865,-0.013313611038029194,0.5407119393348694
3023,36.98735046386719,3.8908371925354004,0.4994625151157379,0.18664005398750305,-0.03567422553896904,0.5401383638381958
3024,36.941707611083984,3.7759525775909424,0.499750018119812,0.18663538992404938,-0.0349157489836216,0.5418347120285034
3025,36.99831008911133,3.824084520339966,0.4985249936580658,0.18660785257816315,-0.03177577257156372,0.5550395846366882
3026,36.90398406982422,3.64473557472229,0.4997749924659729,0.18660365045070648,-0.03372017666697502,0.536052942276001
3027,36.97591781616211,3.8877341747283936,0.4947625398635864,0.18650591373443604,-0.04427328705787659,0.5516029000282288
3028,36.875091552734375,3.6590638160705566,0.5018500089645386,0.186540424823761,-0.0502900667488575,0.535307765007019
3029,36.94049072265625,3.8535003662109375,0.4987250566482544,0.1865166425704956,-0.02648431994020939,0.5521767139434814
3030,37.005367279052734,3.903820037841797,0.498912513256073,0.18649636209011078,-0.043695274740457535,0.5446128845214844
3031,36.90325927734375,3.6870453357696533,0.501787543296814,0.1865297108888626,-0.02250666171312332,0.5638366937637329
3032,36.9245491027832,3.8446803092956543,0.5007250308990479,0.18654322624206543,-0.054008904844522476,0.5597068071365356
3033,36.99538040161133,3.916947364807129,0.49671250581741333,0.18648189306259155,0.00031248474260792136,0.5561227202415466
3034,36.98259353637695,3.893650531768799,0.49945002794265747,0.18647164106369019,-0.04625634849071503,0.5498605966567993
3035,36.856075286865234,3.6239428520202637,0.5018500089645386,0.18650613725185394,-0.0061191050335764885,0.5798805952072144
3036,37.01524353027344,3.9016518592834473,0.496987521648407,0.18644995987415314,-0.038884781301021576,0.5385445952415466
3037,36.969242095947266,3.868281602859497,0.49791255593299866,0.1864110380411148,-0.037652552127838135,0.5357967615127563
3038,36.93560791015625,3.779365062713623,0.49988752603530884,0.18640893697738647,-0.041055597364902496,0.5245540738105774
3039,36.962886810302734,3.8667185306549072,0.5001875162124634,0.18641242384910583,-0.045263759791851044,0.5484504103660583
3040,37.01039123535156,3.925863742828369,0.502875030040741,0.1864660233259201,-0.02751990780234337,0.5657032132148743
3041,36.96316146850586,3.796692371368408,0.4958750307559967,0.18638910353183746,-0.023388322442770004,0.5370936989784241
3042,36.984092712402344,3.8510026931762695,0.49627503752708435,0.18631967902183533,-0.037339333444833755,0.5548734664916992
3043,36.899993896484375,3.717474937438965,0.49810001254081726,0.18628427386283875,-0.07584071159362793,0.559317946434021
3044,36.96746826171875,3.8716864585876465,0.5012625455856323,0.18630778789520264,-0.010666735470294952,0.5481976866722107
3045,36.97705841064453,3.8000597953796387,0.5026125311851501,0.18635646998882294,-0.023443154990673065,0.5687432289123535
3046,37.00959396362305,3.802506923675537,0.5045250058174133,0.18644079566001892,-0.03228060528635979,0.5605170130729675
3047,36.9780158996582,3.829402208328247,0.504925012588501,0.18653260171413422,-0.026871945708990097,0.5551739931106567
3048,36.989280700683594,3.8991408348083496,0.499224990606308,0.18651814758777618,-0.027985647320747375,0.5630354285240173
3049,36.924564361572266,3.7492501735687256,0.4991625249385834,0.18650253117084503,-0.03892020508646965,0.5558093786239624
3050,36.94416809082031,3.783400774002075,0.49563753604888916,0.18642117083072662,-0.07500584423542023,0.547856867313385
3051,36.91469955444336,3.871893882751465,0.5005125403404236,0.18643072247505188,-0.07384150475263596,0.5466328263282776
3052,36.94779586791992,3.9498753547668457,0.5015125274658203,0.18645893037319183,-0.030195893719792366,0.5747058987617493
3053,36.98503494262695,3.8769588470458984,0.5006375312805176,0.18647082149982452,-0.02009394019842148,0.5773115158081055
3054,37.00643539428711,3.9256772994995117,0.5047125220298767,0.18655869364738464,-0.03436441719532013,0.5549355149269104
3055,36.96799087524414,3.7815372943878174,0.503837525844574,0.1866302788257599,-0.0150257907807827,0.5528900623321533
3056,36.92353439331055,3.8214375972747803,0.5008375644683838,0.18664592504501343,-0.03654294088482857,0.5775068402290344
3057,36.870330810546875,3.684785842895508,0.49953752756118774,0.1866372972726822,-0.06474069505929947,0.5693030953407288
3058,36.90608215332031,3.8062925338745117,0.4996125102043152,0.18663007020950317,-0.07288070768117905,0.5422008037567139
3059,36.96720886230469,3.981503963470459,0.4950500428676605,0.18653768301010132,-0.0644422322511673,0.5547142028808594
3060,36.91664123535156,3.814897298812866,0.5000874996185303,0.18653930723667145,-0.02507808245718479,0.5466783046722412
3061,36.950923919677734,3.764540910720825,0.5024125576019287,0.18658430874347687,-0.021619698032736778,0.5553929209709167
3062,36.93531799316406,3.7680344581604004,0.5040125250816345,0.18665917217731476,-0.04015587270259857,0.5338698625564575
3063,36.96685028076172,3.787980318069458,0.5008125305175781,0.1866743415594101,-0.045130517333745956,0.5512532591819763
3064,36.97217559814453,3.8091421127319336,0.5010625123977661,0.1866941750049591,-0.040131982415914536,0.557776153087616
3065,37.087276458740234,3.9535768032073975,0.4927999973297119,0.1865597516298294,-0.03757559880614281,0.565497636795044
3066,36.98056411743164,3.923279285430908,0.49742501974105835,0.18651171028614044,-0.02532225102186203,0.5582616925239563
3067,37.01034164428711,4.003316402435303,0.5005000233650208,0.1865210235118866,-0.05645856633782387,0.5461730360984802
3068,36.958011627197266,3.7903501987457275,0.499937504529953,0.18651986122131348,-0.041672512888908386,0.5396775007247925
3069,36.943511962890625,3.7379512786865234,0.5073249936103821,0.18665648996829987,-0.050536297261714935,0.5403218865394592
3070,36.90458297729492,3.764925003051758,0.5011125206947327,0.1866772472858429,-0.043349169194698334,0.5434620380401611
3071,36.974082946777344,3.8216917514801025,0.4987500309944153,0.18665391206741333,-0.020665576681494713,0.536787748336792
3072,37.006534576416016,3.9460489749908447,0.4968375265598297,0.1865948736667633,-0.035101037472486496,0.558613657951355
3073,37.017601013183594,3.91403865814209,0.49861255288124084,0.1865689754486084,-0.036474402993917465,0.5397216081619263
3074,36.979331970214844,3.9604761600494385,0.5009125471115112,0.18658600747585297,-0.04934019595384598,0.5745387077331543
3075,36.89893341064453,3.7348358631134033,0.5021250247955322,0.1866256594657898,-0.029435735195875168,0.5524843335151672
3076,36.962032318115234,3.895550012588501,0.5006124973297119,0.18663708865642548,-0.046019576489925385,0.5497405529022217
3077,37.0005989074707,3.983407497406006,0.5019750595092773,0.18667395412921906,-0.03914022073149681,0.5679603815078735
3078,36.927433013916016,3.7078375816345215,0.4961625635623932,0.18660232424736023,-0.018519192934036255,0.5527173280715942
3079,36.959625244140625,3.809373617172241,0.5006250143051147,0.18661397695541382,-0.025582773610949516,0.5617191791534424
3080,36.950042724609375,3.7852084636688232,0.49771255254745483,0.18657128512859344,-0.014779423363506794,0.5660296678543091
3081,36.97876739501953,3.9478681087493896,0.4974125325679779,0.18652300536632538,-0.02598065696656704,0.5705995559692383
3082,36.94950485229492,3.830994129180908,0.4991000294685364,0.1865062117576599,-0.042344216257333755,0.5472084283828735
3083,36.9476432800293,3.81235933303833,0.5021125078201294,0.18654561042785645,-0.05612357333302498,0.5337307453155518
3084,36.92755126953125,3.8072457313537598,0.5046250224113464,0.18663188815116882,-0.02386237494647503,0.5584401488304138
3085,36.96269607543945,3.812717914581299,0.505649983882904,0.18673734366893768,-0.05190586298704147,0.550866961479187
3086,36.98658752441406,3.9032769203186035,0.5020624995231628,0.18677584826946259,-0.033101897686719894,0.5626406669616699
3087,36.9377326965332,3.7677316665649414,0.5006000399589539,0.18678705394268036,-0.053682323545217514,0.5693522095680237
3088,36.91969299316406,3.800255060195923,0.4972875416278839,0.18673638999462128,-0.03334260359406471,0.5519258379936218
3089,36.95515441894531,3.7908146381378174,0.5014125108718872,0.1867627650499344,-0.025340385735034943,0.5732412338256836
3090,36.948551177978516,3.80220627784729,0.4998375475406647,0.18675972521305084,-0.028533335775136948,0.5306943655014038
3091,36.95524978637695,3.8734583854675293,0.5039000511169434,0.18683257699012756,-0.03125224635004997,0.5671481490135193
3092,37.016014099121094,3.9535088539123535,0.5009000301361084,0.18684938549995422,-0.041746627539396286,0.5470598936080933
3093,37.011802673339844,3.9543962478637695,0.4963625371456146,0.18678142130374908,-0.056919291615486145,0.5569029450416565
3094,36.91340637207031,3.730027198791504,0.5004749894142151,0.18679028749465942,-0.06211681663990021,0.5507214665412903
3095,36.975826263427734,3.8699443340301514,0.5018374919891357,0.18682460486888885,-0.044180914759635925,0.5674833655357361
3096,37.01114273071289,3.894702911376953,0.49915000796318054,0.1868087202310562,-0.036830369383096695,0.5366119146347046
3097,36.98204040527344,3.864569664001465,0.49838754534721375,0.18677860498428345,-0.035321954637765884,0.5546209216117859
3098,37.027626037597656,3.8858537673950195,0.5021125674247742,0.18681806325912476,-0.024750234559178352,0.5624971389770508
3099,37.022457122802734,3.8880622386932373,0.5025625228881836,0.1868659406900406,-0.039751943200826645,0.5396673679351807
3100,36.984466552734375,3.880051851272583,0.4980500042438507,0.18682949244976044,-0.046516962349414825,0.576482355594635
3101,36.969749450683594,3.8705766201019287,0.5021500587463379,0.18686966598033905,-0.013534987345337868,0.5490469336509705
3102,36.94321823120117,3.774366855621338,0.49915000796318054,0.1868537813425064,-0.03577994555234909,0.5525498986244202
3103,36.97654724121094,3.873340606689453,0.4993000030517578,0.1868407130241394,-0.04300280287861824,0.5546965003013611
3104,36.9185905456543,3.7163543701171875,0.49906253814697266,0.18682318925857544,-0.05459558218717575,0.5622105002403259
3105,36.899383544921875,3.78334903717041,0.5036749839782715,0.1868918538093567,-0.034888856112957,0.5452724099159241
3106,36.96982955932617,3.8509600162506104,0.49852505326271057,0.18686428666114807,-0.03758944198489189,0.5475584268569946
3107,36.99627685546875,3.897578001022339,0.4997125267982483,0.1868589222431183,-0.005175301805138588,0.5429602861404419
3108,36.97361755371094,3.830599069595337,0.49611255526542664,0.18678627908229828,-0.02017371729016304,0.5466716885566711
3109,36.958072662353516,3.8627243041992188,0.4952000379562378,0.1866966187953949,-0.02818620577454567,0.5387767553329468
3110,36.969661712646484,3.888638973236084,0.4972500205039978,0.1866452693939209,-0.042886968702077866,0.5410100221633911
3111,37.00845718383789,3.941699981689453,0.49588754773139954,0.1865685135126114,-0.04932631179690361,0.5483731031417847
3112,36.991764068603516,3.862541913986206,0.4970625340938568,0.18651370704174042,-0.022081272676587105,0.5539934039115906
3113,36.963035583496094,3.76171875,0.5009875297546387,0.18653210997581482,-0.004060517530888319,0.5436021089553833
3114,36.94503402709961,3.730811357498169,0.497637540102005,0.18648803234100342,0.006732191890478134,0.5589432716369629
3115,37.019775390625,3.9801950454711914,0.5031375288963318,0.18654654920101166,-0.022501498460769653,0.5525102615356445
3116,36.97367477416992,3.873816728591919,0.496025025844574,0.18647240102291107,-0.017228499054908752,0.55133455991745
3117,36.97062683105469,3.7758257389068604,0.49576252698898315,0.1863933801651001,-0.051083117723464966,0.5525952577590942
3118,36.929969787597656,3.781487226486206,0.49490004777908325,0.18629832565784454,-0.05010819062590599,0.5453002452850342
3119,37.0,3.8900840282440186,0.5024250149726868,0.1863434910774231,-0.0713285431265831,0.5414535999298096
3120,36.97785949707031,3.884840726852417,0.5010875463485718,0.18636375665664673,0.0021909447386860847,0.5669222474098206
3121,36.923709869384766,3.7796568870544434,0.5013124942779541,0.18638820946216583,-0.05705064907670021,0.5532764792442322
3122,37.043243408203125,4.061428070068359,0.4955500066280365,0.18630526959896088,-0.04737623780965805,0.5532252788543701
3123,36.98797607421875,3.827441692352295,0.5019749999046326,0.18634207546710968,-0.035024117678403854,0.5572793483734131
3124,36.960140228271484,3.8189857006073,0.5039375424385071,0.18641544878482819,-0.02497914619743824,0.5561193823814392
3125,36.94014358520508,3.8684849739074707,0.4992125332355499,0.18640077114105225,-0.02715441584587097,0.5640015602111816
3126,36.97473907470703,3.907097339630127,0.5029625296592712,0.18645599484443665,-0.05753551796078682,0.5688501000404358
3127,36.92005157470703,3.868314504623413,0.4984000027179718,0.18642616271972656,-0.08244442939758301,0.5572471022605896
3128,36.9793586730957,3.890089988708496,0.4992000460624695,0.18641124665737152,-0.05540896952152252,0.553669810295105
3129,36.955467224121094,3.848020076751709,0.4994250237941742,0.18640051782131195,-0.03028443269431591,0.5347625017166138
3130,37.00361251831055,3.9106154441833496,0.5048750638961792,0.18649140000343323,-0.04896042123436928,0.567324161529541
3131,37.02174377441406,4.0639166831970215,0.5019250512123108,0.1865272969007492,-0.014081242494285107,0.5550320148468018
3132,36.98360061645508,3.844970941543579,0.4976250231266022,0.1864829957485199,-0.05312703922390938,0.5482502579689026
3133,37.024452209472656,3.9723830223083496,0.5005999803543091,0.18649417161941528,-0.021531999111175537,0.5494758486747742
3134,36.97809600830078,3.889265537261963,0.501300036907196,0.18651843070983887,-0.019131192937493324,0.5427526831626892
3135,36.97929382324219,3.8901638984680176,0.4979000389575958,0.18647927045822144,-0.019312698394060135,0.5619326829910278
3136,36.90092468261719,3.7076668739318848,0.4985000193119049,0.18645130097866058,-0.042904458940029144,0.5601444840431213
3137,36.95261001586914,3.8437323570251465,0.5014625191688538,0.18647857010364532,-0.04467792436480522,0.553279459476471
3138,36.91874313354492,3.735535144805908,0.4992375075817108,0.1864643543958664,-0.02062658779323101,0.546106219291687
3139,36.991390228271484,3.8673620223999023,0.5015000104904175,0.18649232387542725,-0.026528364047408104,0.5511589050292969
3140,37.02984619140625,3.9613146781921387,0.5011250376701355,0.18651330471038818,-0.02697276882827282,0.5611674785614014
3141,36.96787643432617,3.8370940685272217,0.4927750527858734,0.18637855350971222,-0.04575301706790924,0.5341796875
3142,36.98815155029297,3.9328861236572266,0.5001375079154968,0.18638110160827637,-0.023282775655388832,0.5282686948776245
3143,37.014556884765625,3.954085111618042,0.4953000247478485,0.18629351258277893,-0.05396076291799545,0.5779911279678345
3144,36.99287414550781,3.8525164127349854,0.4989375174045563,0.1862737089395523,-0.03242290019989014,0.5481503009796143
3145,37.000083923339844,3.810560703277588,0.49957504868507385,0.18626579642295837,-0.02933715656399727,0.5660015344619751
3146,36.957855224609375,3.9202098846435547,0.5001750588417053,0.18626905977725983,-0.02517390064895153,0.5574239492416382
3147,36.97886657714844,3.8682925701141357,0.501075029373169,0.18628908693790436,-0.04806240648031235,0.5666323900222778
3148,36.983924865722656,3.96476674079895,0.49818751215934753,0.1862553209066391,-0.014598099514842033,0.5529233813285828
3149,37.01805877685547,3.9440555572509766,0.4991125464439392,0.18623879551887512,-0.041985731571912766,0.562995433807373
3150,37.03175735473633,3.9557747840881348,0.5026500225067139,0.18628814816474915,-0.044582296162843704,0.5545632243156433
3151,36.94613265991211,3.8438587188720703,0.49761250615119934,0.1862436681985855,-0.040575508028268814,0.55167156457901
3152,36.94413757324219,3.747483253479004,0.5037500262260437,0.18631350994110107,-0.029498793184757233,0.5459519624710083
3153,36.938262939453125,3.830643653869629,0.5003250241279602,0.18631957471370697,-0.048102281987667084,0.5779740810394287
3154,36.89949035644531,3.7546122074127197,0.5041125416755676,0.18639619648456573,-0.025951853021979332,0.5777838230133057
3155,36.971710205078125,3.8531293869018555,0.5025750398635864,0.18644419312477112,-0.052916187793016434,0.5552200078964233
3156,36.95817947387695,3.9070839881896973,0.5024000406265259,0.18648892641067505,-0.02947184443473816,0.5535248517990112
3157,36.97584915161133,3.9182653427124023,0.5002250075340271,0.1864931285381317,-0.051759280264377594,0.5454968810081482
3158,36.999698638916016,3.857297420501709,0.499224990606308,0.18647867441177368,-0.031336937099695206,0.5519967079162598
3159,36.95008850097656,3.823333978652954,0.49793753027915955,0.18644021451473236,-0.017965493723750114,0.5524343848228455
3160,36.99824905395508,3.8852620124816895,0.5041750073432922,0.18651804327964783,-0.05332484841346741,0.5459328889846802
3161,36.96229553222656,3.8247992992401123,0.49867504835128784,0.18649332225322723,-0.03745371103286743,0.5628540515899658
3162,36.940940856933594,3.775214672088623,0.4965750277042389,0.1864294558763504,-0.029771126806735992,0.5545077919960022
3163,36.9368782043457,3.7542130947113037,0.5016250014305115,0.1864597499370575,-0.06266044080257416,0.5673696994781494
3164,37.02859115600586,3.9078283309936523,0.5006250143051147,0.18647140264511108,-0.01228530053049326,0.5458316802978516
3165,36.96757507324219,3.831094264984131,0.4993375241756439,0.18645904958248138,-0.029556866735219955,0.5080803632736206
3166,37.005741119384766,3.902792453765869,0.4997750520706177,0.1864548623561859,-0.012114784680306911,0.5536760091781616
3167,36.95283889770508,3.863107442855835,0.4965875446796417,0.18639123439788818,-0.03639686107635498,0.5507867932319641
3168,36.967613220214844,3.862628936767578,0.49518752098083496,0.18630152940750122,-0.04526656121015549,0.5369434356689453
3169,36.94667434692383,3.75264048576355,0.5023500323295593,0.18634530901908875,-0.05109306797385216,0.5426850318908691
3170,36.94901657104492,3.8406431674957275,0.5008000135421753,0.1863602101802826,-0.04143267124891281,0.5703755617141724
3171,36.92808532714844,3.7538342475891113,0.5033625364303589,0.18642288446426392,-0.03508880361914635,0.5572454333305359
3172,36.95988464355469,3.8843624591827393,0.5053874850273132,0.18652331829071045,-0.010972759686410427,0.5494695901870728
3173,36.977989196777344,3.8238751888275146,0.4962500333786011,0.18645337224006653,-0.04577237740159035,0.5629672408103943
3174,36.90129089355469,3.705812931060791,0.5026749968528748,0.18650324642658234,0.0027332946192473173,0.5658616423606873
3175,36.970462799072266,3.972607135772705,0.503000020980835,0.18655920028686523,-0.0746263787150383,0.5667603611946106
3176,36.99079895019531,3.934082508087158,0.49870002269744873,0.18653494119644165,-0.0225093774497509,0.5293555855751038
3177,37.00410461425781,3.995589017868042,0.5024125576019287,0.18657994270324707,-0.031227998435497284,0.5697582364082336
3178,36.95268249511719,3.903707265853882,0.5036500692367554,0.18664804100990295,-0.01850275509059429,0.5594573020935059
3179,36.99678421020508,3.911105155944824,0.4933125376701355,0.1865232139825821,-0.0408000610768795,0.5670120120048523
3180,36.94269943237305,3.8634557723999023,0.49697500467300415,0.18646679818630219,-0.06538914144039154,0.540484607219696
3181,36.952125549316406,3.87168550491333,0.49988752603530884,0.18646469712257385,-0.013733580708503723,0.5525981187820435
3182,36.95612716674805,3.8469066619873047,0.49890002608299255,0.18644419312477112,-0.033930886536836624,0.5436632633209229
3183,36.999847412109375,3.8645763397216797,0.49687501788139343,0.18638592958450317,-0.015829984098672867,0.5377229452133179
3184,36.98363494873047,3.8944687843322754,0.4998500645160675,0.18638312816619873,-0.04313301667571068,0.5600951910018921
3185,36.94269943237305,3.794234037399292,0.5008375644683838,0.18639874458312988,-0.008541864342987537,0.5438927412033081
3186,36.94272232055664,3.7664668560028076,0.5037750601768494,0.18646912276744843,-0.027309497818350792,0.5395065546035767
3187,36.93974304199219,3.838932514190674,0.49531251192092896,0.18638171255588531,-0.013368023559451103,0.5574010610580444
3188,37.03610610961914,3.9662632942199707,0.4979875087738037,0.1863442063331604,-0.043692637234926224,0.5372322201728821
3189,36.94312286376953,3.84077787399292,0.49648749828338623,0.18627874553203583,-0.030620168894529343,0.550274133682251
3190,36.986167907714844,3.8396620750427246,0.5019750595092773,0.18631553649902344,-0.0500328354537487,0.5529918074607849
3191,36.9194221496582,3.8122963905334473,0.5019625425338745,0.18635208904743195,-0.039011988788843155,0.5561506748199463
3192,36.98926544189453,3.905527114868164,0.49838751554489136,0.18632204830646515,-0.051492951810359955,0.5638641119003296
3193,36.93830871582031,3.7953379154205322,0.49980002641677856,0.1863183230161667,-0.06806392967700958,0.5548370480537415
3194,36.96665573120117,3.960582971572876,0.5012249946594238,0.18634115159511566,-0.028878269717097282,0.5601189732551575
3195,36.895118713378906,3.670982599258423,0.49863752722740173,0.18631576001644135,-0.02130766585469246,0.5490907430648804
3196,36.972267150878906,3.845020055770874,0.49900001287460327,0.18629711866378784,-0.019078440964221954,0.5448655486106873
3197,36.937767028808594,3.852971076965332,0.500825047492981,0.1863124817609787,-0.03467569872736931,0.5438905358314514
3198,36.948333740234375,3.730388879776001,0.5002375245094299,0.18631690740585327,-0.04978930205106735,0.5643821358680725
3199,37.0494499206543,3.990013837814331,0.4987124800682068,0.18629291653633118,-0.04079820588231087,0.550458550453186
3200,36.921852111816406,3.7712063789367676,0.5005500316619873,0.18630315363407135,-0.011203848756849766,0.5617867708206177
3201,36.93996810913086,3.7973389625549316,0.5008125305175781,0.1863182932138443,-0.04080410301685333,0.5471644401550293
3202,37.01195526123047,3.9155166149139404,0.4993375539779663,0.1863059550523758,-0.034009966999292374,0.5596269965171814
3203,36.98075866699219,3.9306998252868652,0.5011125206947327,0.18632668256759644,-0.06353313475847244,0.5684211850166321
3204,36.971412658691406,3.783290147781372,0.5013375282287598,0.18635159730911255,-0.03762069717049599,0.5487082600593567
3205,36.98516845703125,3.9116463661193848,0.49998754262924194,0.18635135889053345,-0.03567736595869064,0.5934321284294128
3206,36.98420715332031,3.856013536453247,0.5024625062942505,0.1863972544670105,-0.018639858812093735,0.5694475173950195
3207,36.9400749206543,3.7782530784606934,0.5020125508308411,0.1864347606897354,-0.03398307412862778,0.5350831151008606
3208,36.928138732910156,3.764695167541504,0.5022249817848206,0.1864762306213379,-0.060499951243400574,0.5560597777366638
3209,36.94308090209961,3.7918457984924316,0.5022500157356262,0.18651817739009857,-0.03660191595554352,0.569232165813446
3210,36.97462463378906,3.7661139965057373,0.5006000399589539,0.18652936816215515,-0.03645758703351021,0.559523344039917
3211,36.99119186401367,3.917001724243164,0.5026500225067139,0.18657879531383514,-0.03966324031352997,0.582126796245575
3212,36.97457504272461,3.896744966506958,0.49880000948905945,0.18655641376972198,-0.07122691720724106,0.553167462348938
3213,36.91949462890625,3.7877883911132812,0.4985625445842743,0.18652959167957306,-0.04590752720832825,0.5296808481216431
3214,37.013206481933594,4.031395435333252,0.4987249970436096,0.18650580942630768,-0.0367710217833519,0.5639492869377136
3215,36.94499969482422,3.819274663925171,0.5016500353813171,0.18653658032417297,-0.04901387169957161,0.5408948063850403
3216,36.948795318603516,3.783067464828491,0.5022875666618347,0.18657925724983215,-0.037194009870290756,0.5437834858894348
3217,36.99863815307617,3.873467206954956,0.5009250044822693,0.18659651279449463,-0.018400229513645172,0.5664235949516296
3218,36.926673889160156,3.8279855251312256,0.5014375448226929,0.18662333488464355,-0.016867903992533684,0.5460419058799744
3219,36.99413299560547,3.873899459838867,0.4962875247001648,0.18655405938625336,-0.02868470922112465,0.5621111392974854
3220,36.92734146118164,3.825958490371704,0.49813753366470337,0.1865193098783493,-0.0320940800011158,0.5464015603065491
3221,36.99100875854492,3.8984498977661133,0.4979500472545624,0.1864810734987259,-0.015875564888119698,0.5401551723480225
3222,36.958003997802734,3.8422091007232666,0.4986250102519989,0.18645542860031128,-0.04042897745966911,0.5540369153022766
3223,36.94635009765625,3.77419114112854,0.49963754415512085,0.18644867837429047,-0.011152138002216816,0.536641538143158
3224,36.98075866699219,3.810662031173706,0.5002000331878662,0.18645241856575012,-0.037842921912670135,0.5662071704864502
3225,36.95654296875,3.864051103591919,0.500087559223175,0.18645404279232025,-0.048610296100378036,0.5618268251419067
3226,36.94865798950195,3.8862180709838867,0.5000750422477722,0.18645544350147247,-0.04782531037926674,0.5461821556091309
3227,36.945491790771484,3.753661632537842,0.5029500126838684,0.18651045858860016,-0.009016747586429119,0.550882875919342
3228,37.00613784790039,3.8437466621398926,0.499162495136261,0.186494842171669,-0.04098397120833397,0.5666995048522949
3229,36.960880279541016,3.9080119132995605,0.5034375786781311,0.18655896186828613,-0.034082699567079544,0.5491982698440552
3230,36.90262985229492,3.7599775791168213,0.5031625032424927,0.18661797046661377,-0.04102703928947449,0.5511414408683777
3231,36.97404098510742,3.8302934169769287,0.49287500977516174,0.18648500740528107,-0.030345236882567406,0.5370651483535767
3232,37.007781982421875,3.9310319423675537,0.49553751945495605,0.18640178442001343,-0.02085265703499317,0.5359550714492798
3233,36.90570831298828,3.7256062030792236,0.5002000331878662,0.18640552461147308,-0.0228145532310009,0.5273317098617554
3234,36.98475646972656,3.873703718185425,0.502512514591217,0.18645237386226654,-0.03390192985534668,0.5575289726257324
3235,36.98228454589844,3.931687831878662,0.5012625455856323,0.18647591769695282,-0.025320198386907578,0.5569463968276978
3236,36.93791961669922,3.7827208042144775,0.5002625584602356,0.1864808052778244,-0.056246317923069,0.5733663439750671
3237,36.942527770996094,3.843155860900879,0.4992375075817108,0.18646658957004547,-0.06008471921086311,0.5435159206390381
3238,36.89494705200195,3.7637686729431152,0.5014375448226929,0.1864933967590332,-0.04776109382510185,0.5665286183357239
3239,37.012718200683594,3.919857978820801,0.5014375448226929,0.18652020394802094,-0.05039966478943825,0.5450273752212524
3240,36.90263366699219,3.6872007846832275,0.5000250339508057,0.18652066588401794,-0.023835446685552597,0.5512117743492126
3241,36.959022521972656,3.77691388130188,0.5016124844551086,0.18655075132846832,-0.03387156501412392,0.5678578019142151
3242,36.97543716430664,3.868398904800415,0.49852505326271057,0.1865232288837433,-0.05125688016414642,0.5388696193695068
3243,36.92715835571289,3.714890241622925,0.4965875446796417,0.18645958602428436,-0.0261890459805727,0.5495614409446716
3244,36.878143310546875,3.7508692741394043,0.5021499991416931,0.186499685049057,-0.05939812585711479,0.56160968542099
3245,36.98966598510742,3.8843634128570557,0.5026499629020691,0.186549112200737,-0.04640192538499832,0.5912371873855591
3246,37.033992767333984,3.973928451538086,0.5024375319480896,0.18659459054470062,-0.03162865340709686,0.5616409182548523
3247,36.93450164794922,3.8615951538085938,0.4997875392436981,0.18659062683582306,-0.016718899831175804,0.5433716773986816
3248,36.95805740356445,3.839198112487793,0.5037124752998352,0.18665988743305206,-0.025174371898174286,0.5537509918212891
3249,37.005393981933594,3.9583051204681396,0.499687522649765,0.18665406107902527,-0.04908758029341698,0.5451377034187317
3250,36.98040771484375,3.9060986042022705,0.49707502126693726,0.186599463224411,-0.04368454962968826,0.5508425235748291
3251,36.890899658203125,3.742036819458008,0.5001500248908997,0.18660226464271545,-0.04119308292865753,0.5503712296485901
3252,36.9091682434082,3.794945478439331,0.5018875002861023,0.18663747608661652,-0.037968188524246216,0.5419645309448242
3253,36.98277282714844,3.932973861694336,0.5001875162124634,0.18664096295833588,-0.02848041243851185,0.5531120896339417
3254,36.98238754272461,3.9372808933258057,0.49886250495910645,0.18661974370479584,-0.04314813390374184,0.5497353672981262
3255,36.93875503540039,3.766267776489258,0.5005750060081482,0.1866304725408554,-0.07391464710235596,0.5466355681419373
3256,36.897865295410156,3.803050994873047,0.5010125637054443,0.1866493672132492,-0.06991234421730042,0.5431069731712341
3257,36.938270568847656,3.9103939533233643,0.4985499978065491,0.18662230670452118,-0.03821026161313057,0.5649700164794922
3258,36.95804977416992,3.818175792694092,0.5023125410079956,0.18666546046733856,-0.061705730855464935,0.539599597454071
3259,36.946258544921875,3.830434799194336,0.49783751368522644,0.18662509322166443,-0.029801145195961,0.5401281714439392
3260,36.94174575805664,3.839808464050293,0.4961875379085541,0.1865539401769638,0.006150656379759312,0.5616002678871155
3261,36.89701843261719,3.7052202224731445,0.49959999322891235,0.1865464746952057,-0.023007728159427643,0.5808492302894592
3262,37.02713394165039,3.964446544647217,0.4968625009059906,0.18648794293403625,-0.00842077936977148,0.5564737319946289
3263,36.964874267578125,3.8171162605285645,0.5002875328063965,0.18649330735206604,-0.035192131996154785,0.5393391251564026
3264,36.93867111206055,3.7774879932403564,0.5024124979972839,0.18653830885887146,-0.03532911092042923,0.5447927117347717
3265,37.034568786621094,3.9545986652374268,0.5010000467300415,0.18655696511268616,-0.03780727460980415,0.5530311465263367
3266,36.98775863647461,3.87467622756958,0.5027875304222107,0.1866089552640915,-0.07412219047546387,0.5679033994674683
3267,37.03012466430664,3.9638659954071045,0.49826252460479736,0.18657653033733368,-0.009402746334671974,0.541508674621582
3268,36.94867706298828,3.785426616668701,0.5030750036239624,0.1866339147090912,-0.049061745405197144,0.5337214469909668
3269,36.972599029541016,3.845510959625244,0.49982503056526184,0.18663065135478973,-0.05324087291955948,0.5759772062301636
3270,36.96519088745117,3.828413248062134,0.49972501397132874,0.18662552535533905,-0.03243422135710716,0.543362021446228
3271,36.99643325805664,4.025641918182373,0.5009875297546387,0.18664394319057465,-0.049190837889909744,0.5724629163742065
3272,36.948638916015625,3.7509989738464355,0.4988875389099121,0.18662318587303162,-0.026843488216400146,0.5687382817268372
3273,36.981666564941406,3.8707985877990723,0.49877500534057617,0.18660032749176025,-0.03424951434135437,0.5719152688980103
3274,36.93770217895508,3.8927299976348877,0.4993375539779663,0.18658797442913055,-0.061203401535749435,0.545580267906189
3275,36.972412109375,3.9138355255126953,0.4971500039100647,0.1865347921848297,-0.04258257895708084,0.5514560341835022
3276,37.00411605834961,3.959146499633789,0.4974000155925751,0.18648628890514374,-0.03313874080777168,0.5651070475578308
3277,36.972476959228516,3.892303943634033,0.49908751249313354,0.18646927177906036,-0.03505087271332741,0.5387101173400879
3278,36.97917175292969,3.8506879806518555,0.5031500458717346,0.18652799725532532,-0.009797073900699615,0.5596899390220642
3279,36.97480010986328,3.9059739112854004,0.4997875392436981,0.18652403354644775,-0.03475587069988251,0.5774555206298828
3280,36.866249084472656,3.681394338607788,0.500700056552887,0.18653708696365356,-0.040444329380989075,0.5495696067810059
3281,36.94843292236328,3.802729606628418,0.5050625801086426,0.18663153052330017,-0.026560012251138687,0.5598082542419434
3282,36.97696304321289,3.8959147930145264,0.5004250407218933,0.1866394728422165,-0.03194578364491463,0.5531170964241028
3283,36.92820358276367,3.76796555519104,0.49810004234313965,0.18660400807857513,-0.03761451318860054,0.5359265208244324
3284,37.028900146484375,3.9829816818237305,0.49871253967285156,0.18657998740673065,-0.03526472672820091,0.5390326380729675
3285,36.99028015136719,3.898181438446045,0.5015375018119812,0.18660868704319,-0.00356295402161777,0.5628001689910889
3286,36.8640022277832,3.6987245082855225,0.4984000027179718,0.18657884001731873,-0.03267437964677811,0.529812753200531
3287,36.98129653930664,3.8825595378875732,0.49826252460479736,0.1865464150905609,-0.02336413413286209,0.5811861753463745
3288,36.92209243774414,3.7936954498291016,0.49748751521110535,0.18649955093860626,-0.046706050634384155,0.5373376607894897
3289,36.9817008972168,3.8996379375457764,0.5006750226020813,0.18651212751865387,-0.06403335183858871,0.5495702624320984
3290,37.00870132446289,3.8256123065948486,0.5003500580787659,0.18651866912841797,-0.026664067059755325,0.5472781658172607
3291,37.037841796875,3.9691851139068604,0.5046500563621521,0.18660540878772736,-0.05793656408786774,0.5589413046836853
3292,36.957359313964844,3.8614795207977295,0.5044375061988831,0.18668819963932037,-0.06479306519031525,0.5554967522621155
3293,37.01634216308594,3.996973991394043,0.4982750415802002,0.18665599822998047,-0.03862238675355911,0.5482322573661804
3294,36.93710708618164,3.84114933013916,0.4953875243663788,0.1865699142217636,-0.009487850591540337,0.5245605707168579
3295,36.94584274291992,3.812070846557617,0.5018374919891357,0.18660418689250946,-0.04975924268364906,0.568335235118866
3296,36.97349166870117,3.8689990043640137,0.499687522649765,0.18659836053848267,-0.05966441333293915,0.5614283084869385
3297,36.90492630004883,3.7451632022857666,0.49765002727508545,0.18655450642108917,-0.0262160487473011,0.5503244400024414
3298,36.94182586669922,3.922441005706787,0.4991750121116638,0.18653911352157593,-0.06542588770389557,0.5531467199325562
3299,36.860137939453125,3.65000057220459,0.5036500692367554,0.18660719692707062,-0.04116690903902054,0.5477695465087891
3300,36.987152099609375,3.8229451179504395,0.4990500509738922,0.18658946454524994,-0.05009867623448372,0.5506090521812439
3301,36.97089385986328,3.897447347640991,0.49605000019073486,0.18651576340198517,-0.004888968076556921,0.5426288843154907
3302,36.974735260009766,3.897189140319824,0.49755001068115234,0.18647007644176483,-0.029267622157931328,0.5452195405960083
3303,36.94033432006836,3.7432689666748047,0.49313753843307495,0.18634212017059326,-0.023953385651111603,0.5428046584129333
3304,36.94841003417969,3.828331232070923,0.4915750026702881,0.18618512153625488,-0.02232706919312477,0.5616478323936462
3305,36.95586013793945,3.7981560230255127,0.49330002069473267,0.18606036901474,-0.033667437732219696,0.5618407130241394
3306,36.96099853515625,3.8001208305358887,0.4962000250816345,0.18598966300487518,-0.020791934803128242,0.5453518033027649
3307,36.99589538574219,3.9252026081085205,0.49797502160072327,0.18595200777053833,-0.02205689251422882,0.5749395489692688
3308,36.981895446777344,3.8464901447296143,0.50142502784729,0.185978502035141,-0.01718878746032715,0.557198703289032
3309,37.01354217529297,3.9216718673706055,0.4994625449180603,0.18596850335597992,-0.04906580224633217,0.5564741492271423
3310,37.008628845214844,3.907121419906616,0.495837539434433,0.18589110672473907,-0.018759893253445625,0.5359385013580322
3311,37.01630783081055,4.038666725158691,0.49608755111694336,0.1858183741569519,-0.030091047286987305,0.5425123572349548
3312,36.963199615478516,3.832789182662964,0.49980002641677856,0.18581464886665344,-0.029647011309862137,0.5462281107902527
3313,36.94221878051758,3.809922218322754,0.500575065612793,0.18582533299922943,-0.040275689214468,0.5550008416175842
3314,36.984127044677734,3.9868810176849365,0.4973374903202057,0.18577586114406586,-0.04555889219045639,0.5492737293243408
3315,36.98998260498047,3.9423835277557373,0.5033750534057617,0.18583855032920837,-0.03756948933005333,0.5641345977783203
3316,36.94544982910156,3.8861842155456543,0.5030875205993652,0.18589593470096588,-0.03575584664940834,0.5508884787559509
3317,36.960567474365234,3.8960092067718506,0.5050750374794006,0.18599027395248413,-0.03490084037184715,0.5683907866477966
3318,36.94490432739258,3.7570886611938477,0.5016000866889954,0.18602003157138824,-0.017782146111130714,0.5492153763771057
3319,36.95779037475586,3.800360918045044,0.5020000338554382,0.18605723977088928,-0.003487062407657504,0.5608775019645691
3320,36.92195510864258,3.821195602416992,0.5004374980926514,0.18606537580490112,-0.044856201857328415,0.5402870178222656
3321,36.97740173339844,3.880187749862671,0.5045999884605408,0.18615096807479858,-0.05244288221001625,0.5530657172203064
3322,37.010780334472656,3.973092794418335,0.49783754348754883,0.186110720038414,-0.02414717525243759,0.5621097683906555
3323,36.98598098754883,3.882936954498291,0.4989750385284424,0.18609164655208588,-0.0397324301302433,0.5336873531341553
3324,37.00091552734375,3.974245309829712,0.49951252341270447,0.18608257174491882,0.0002863273839466274,0.5577319860458374
3325,36.982906341552734,3.826329469680786,0.5026375651359558,0.18613165616989136,-0.018873214721679688,0.5521594285964966
3326,36.93711853027344,3.7626326084136963,0.5006625056266785,0.18614399433135986,-0.02419167198240757,0.5569292306900024
3327,36.982059478759766,3.8161699771881104,0.50166255235672,0.18617494404315948,-0.03200538828969002,0.5558959245681763
3328,36.98324203491211,3.855390787124634,0.498600035905838,0.18614888191223145,-0.0546778179705143,0.5575188398361206
3329,36.979190826416016,3.8608574867248535,0.5043500065803528,0.1862298548221588,-0.05342909321188927,0.553333044052124
3330,36.999290466308594,3.8818483352661133,0.4993624985218048,0.18621797859668732,-0.027427880093455315,0.5628013014793396
3331,36.992618560791016,3.907040596008301,0.5026500225067139,0.18626733124256134,-0.041861388832330704,0.5491006374359131
3332,36.92472457885742,3.771519184112549,0.5030250549316406,0.18632368743419647,-0.012945222668349743,0.5575910806655884
3333,36.959991455078125,3.8170785903930664,0.5022249817848206,0.18636512756347656,-0.020309828221797943,0.5473095774650574
3334,36.98910903930664,3.864375114440918,0.49910005927085876,0.1863483488559723,-0.026815377175807953,0.575510561466217
3335,36.921207427978516,3.750995635986328,0.5003750324249268,0.1863553524017334,-0.053930770605802536,0.5448086857795715
3336,36.95024490356445,3.875455617904663,0.4927250146865845,0.18621978163719177,-0.025141846388578415,0.5450666546821594
3337,36.94610595703125,3.826014280319214,0.4962625503540039,0.1861501932144165,-0.03997090086340904,0.5552977919578552
3338,36.96460723876953,3.8735575675964355,0.4997875392436981,0.18614624440670013,-0.07033996284008026,0.5369345545768738
3339,36.8914794921875,3.6971728801727295,0.5057250261306763,0.18625280261039734,-0.036242205649614334,0.5607312917709351
3340,36.910274505615234,3.8099379539489746,0.5052250027656555,0.18635012209415436,-0.03890940174460411,0.5432624220848083
3341,36.970550537109375,3.8408281803131104,0.5005249977111816,0.18635989725589752,-0.013519242405891418,0.5386302471160889
3342,36.96372604370117,3.8890328407287598,0.5003750324249268,0.18636690080165863,-0.04028295353055,0.5508548617362976
3343,36.961483001708984,3.909619092941284,0.4973375201225281,0.18631727993488312,-0.020726555958390236,0.5442579984664917
3344,36.985565185546875,3.839280366897583,0.4975000321865082,0.18627069890499115,-0.030638694763183594,0.5702604651451111
3345,36.94427490234375,3.799633026123047,0.49540001153945923,0.18618500232696533,-0.045326944440603256,0.5572017431259155
3346,37.00501251220703,3.9206080436706543,0.49973753094673157,0.18618011474609375,-0.04277044162154198,0.5460959076881409
3347,36.989654541015625,3.8813230991363525,0.5035625100135803,0.18624642491340637,-0.030202914029359818,0.5749527215957642
3348,36.92220687866211,3.724388360977173,0.5019375085830688,0.18628250062465668,-0.04425036907196045,0.5477446913719177
3349,36.97466278076172,3.9034788608551025,0.4963250458240509,0.18621404469013214,-0.020818687975406647,0.5516541600227356
3350,36.980892181396484,3.8250677585601807,0.499437540769577,0.18620356917381287,-0.06924770027399063,0.5457784533500671
3351,36.9868278503418,3.9548888206481934,0.498600035905838,0.18617749214172363,-0.009050763212144375,0.5328244566917419
3352,36.9505615234375,3.8397672176361084,0.49982503056526184,0.18617422878742218,-0.027112439274787903,0.550003707408905
3353,36.969871520996094,3.9411723613739014,0.499750018119812,0.1861695796251297,-0.05877910554409027,0.5599675178527832
3354,36.99137496948242,3.882932662963867,0.5013750195503235,0.18619516491889954,-0.09100156277418137,0.5816593766212463
3355,36.874916076660156,3.7887043952941895,0.5021500587463379,0.1862352043390274,-0.03139808401465416,0.5726618766784668
3356,36.993690490722656,3.919370412826538,0.5059375166893005,0.18634578585624695,-0.0620865561068058,0.5472411513328552
3357,36.967552185058594,3.8909072875976562,0.50433748960495,0.18642662465572357,-0.03790099546313286,0.5308498740196228
3358,36.952518463134766,3.7532572746276855,0.5010375380516052,0.18644596636295319,-0.045723602175712585,0.5849764943122864
3359,36.936302185058594,3.8077125549316406,0.500575065612793,0.18645668029785156,-0.04668097198009491,0.5626617670059204
3360,36.98560333251953,3.987813711166382,0.49857500195503235,0.18643011152744293,-0.04441046342253685,0.5403198003768921
3361,36.97362518310547,3.907479763031006,0.49937501549720764,0.18641845881938934,-0.04742811992764473,0.5630863904953003
3362,36.9724006652832,3.8314621448516846,0.49953752756118774,0.1864098310470581,-0.06237408518791199,0.5693190097808838
3363,36.929969787597656,3.727421283721924,0.5037750601768494,0.18648020923137665,-0.023812001571059227,0.5695735812187195
3364,37.0159797668457,3.9548587799072266,0.4978000521659851,0.18643918633460999,-0.0361456535756588,0.5419937372207642
3365,36.96429443359375,3.891871452331543,0.49522504210472107,0.18635016679763794,-0.026052961125969887,0.5516706705093384
3366,36.99797821044922,3.797560214996338,0.49841251969337463,0.18632058799266815,-0.027024026960134506,0.5166182518005371
3367,36.96760177612305,3.8334763050079346,0.4961000382900238,0.18624792993068695,-0.050958700478076935,0.5598147511482239
3368,37.016334533691406,3.9560739994049072,0.49738752841949463,0.18619927763938904,-0.04320728778839111,0.5182298421859741
3369,36.9786262512207,3.9085659980773926,0.49992501735687256,0.18619787693023682,-0.06776804476976395,0.5411356687545776
3370,36.864749908447266,3.709310531616211,0.4999375343322754,0.1861967146396637,-0.04468206316232681,0.5522650480270386
3371,36.9205322265625,3.7764170169830322,0.5041000247001648,0.18627305328845978,-0.0515412874519825,0.5437041521072388
3372,36.98747253417969,3.996426820755005,0.5000125169754028,0.18627327680587769,-0.06960238516330719,0.5510510206222534
3373,36.94550704956055,3.895942211151123,0.49773749709129333,0.18623113632202148,-0.03444084897637367,0.5693568587303162
3374,37.01504135131836,4.058326244354248,0.5020750164985657,0.18626978993415833,-0.054656848311424255,0.5450511574745178
3375,36.93133544921875,3.8074402809143066,0.5031124949455261,0.1863277703523636,-0.03168578818440437,0.5503787994384766
3376,36.9466667175293,3.7797036170959473,0.5025250315666199,0.18637481331825256,-0.04145414009690285,0.5395551919937134
3377,36.98373031616211,3.9420578479766846,0.5022250413894653,0.18641626834869385,-0.0730145275592804,0.5784658193588257
3378,36.89969253540039,3.708249092102051,0.4993375539779663,0.18640393018722534,-0.05390432849526405,0.5827170610427856
3379,36.907562255859375,3.73742413520813,0.4995500147342682,0.1863955408334732,-0.05425770953297615,0.557868480682373
3380,37.02217483520508,4.014814853668213,0.4993624985218048,0.18638364970684052,-0.047471001744270325,0.5349290370941162
3381,36.97283935546875,3.800811290740967,0.5001500248908997,0.18638645112514496,-0.05337532237172127,0.5299438834190369
3382,37.00615310668945,3.8786559104919434,0.5011875033378601,0.18640857934951782,-0.0213179811835289,0.5572444796562195
3383,37.034324645996094,3.9882278442382812,0.5004750490188599,0.18641743063926697,-0.052672129124403,0.5458419322967529
3384,36.97097396850586,3.871129274368286,0.5021499991416931,0.18645751476287842,-0.040570177137851715,0.53631991147995
3385,36.91590118408203,3.707244396209717,0.5053000450134277,0.18655633926391602,-0.03798522427678108,0.5625323057174683
3386,36.96932601928711,3.8752124309539795,0.504675030708313,0.1866435557603836,-0.02671276032924652,0.558143138885498
3387,36.98684310913086,3.903917074203491,0.500587522983551,0.18665452301502228,-0.052006565034389496,0.5604938268661499
3388,36.9484977722168,3.957923412322998,0.502375066280365,0.18669885396957397,-0.05275122448801994,0.5726310610771179
3389,36.96170425415039,3.796581983566284,0.5026624798774719,0.18674854934215546,-0.04712722450494766,0.5592120885848999
3390,36.98078536987305,3.8882365226745605,0.5000625252723694,0.18674971163272858,-0.013200419023633003,0.5710379481315613
3391,36.89704132080078,3.7006547451019287,0.49902501702308655,0.1867315024137497,-0.05260119214653969,0.5539079904556274
3392,36.918861389160156,3.777639150619507,0.4959750175476074,0.18665634095668793,-0.031470417976379395,0.5321180820465088
3393,36.88758087158203,3.7611958980560303,0.49813753366470337,0.18662157654762268,-0.024675609543919563,0.5684168338775635
3394,36.89900207519531,3.8143434524536133,0.49867504835128784,0.1865968555212021,-0.0896439179778099,0.5546267032623291
3395,36.94218826293945,3.8314125537872314,0.503250002861023,0.18665748834609985,-0.03521491959691048,0.5600655674934387
3396,36.94221115112305,3.7648062705993652,0.4960750341415405,0.1865842193365097,-0.03654681146144867,0.5466943383216858
3397,36.903865814208984,3.7584052085876465,0.503000020980835,0.186640202999115,-0.0451928973197937,0.5541629791259766
3398,37.09712600708008,4.0818915367126465,0.4995500147342682,0.18663179874420166,-0.03424637392163277,0.5455564856529236
3399,36.988365173339844,3.8749513626098633,0.49953752756118774,0.18662317097187042,-0.030267786234617233,0.5646806955337524
3400,36.98237609863281,3.892913818359375,0.4964750409126282,0.18655738234519958,-0.03925178572535515,0.5389593243598938
3401,36.974082946777344,3.9009149074554443,0.4975374937057495,0.18651144206523895,-0.04891730099916458,0.5523945689201355
3402,36.92805862426758,3.832641124725342,0.49633756279945374,0.18644313514232635,-0.05544019117951393,0.5478555560112
3403,36.97480773925781,3.87874174118042,0.4947500228881836,0.18634524941444397,-0.04033248499035835,0.5570675134658813
3404,37.001277923583984,3.922410726547241,0.49970003962516785,0.18633966147899628,-0.0325336717069149,0.5692232251167297
3405,36.983909606933594,3.9389615058898926,0.5021250247955322,0.18637926876544952,-0.029427889734506607,0.5535061955451965
3406,37.02033233642578,3.971219778060913,0.5024500489234924,0.18642492592334747,-0.04503849893808365,0.5289809703826904
3407,37.007850646972656,3.964186668395996,0.4986250102519989,0.18639929592609406,-0.013121220283210278,0.5551767349243164
3408,36.87685775756836,3.7413883209228516,0.5003250241279602,0.18640536069869995,-0.05519884452223778,0.5787506699562073
3409,36.91870880126953,3.8170218467712402,0.5012249946594238,0.18642820417881012,-0.0520748533308506,0.5831660032272339
3410,36.97764205932617,4.057770729064941,0.49828749895095825,0.1863962858915329,-0.03270859643816948,0.5653144717216492
3411,36.900875091552734,3.8097031116485596,0.5003250241279602,0.1864023506641388,-0.06101888045668602,0.5749526619911194
3412,37.00968551635742,3.933547019958496,0.5015000104904175,0.18643030524253845,-0.015496823936700821,0.5502198934555054
3413,36.98382568359375,3.8431203365325928,0.5031999945640564,0.18648995459079742,-0.021802712231874466,0.5645394921302795
3414,37.04548263549805,4.001044273376465,0.5009875297546387,0.18650835752487183,-0.018582792952656746,0.5378223061561584
3415,36.92409133911133,3.780270576477051,0.5007875561714172,0.18652305006980896,-0.04798406735062599,0.543521523475647
3416,36.948158264160156,3.7482213973999023,0.5007249712944031,0.18653656542301178,-0.06365013122558594,0.5646732449531555
3417,36.906734466552734,3.7402102947235107,0.5008625388145447,0.18655265867710114,-0.034990157932043076,0.5597231984138489
3418,36.965633392333984,3.844555139541626,0.4969000518321991,0.1864948272705078,-0.019657103344798088,0.5504518151283264
3419,36.98496627807617,3.94097638130188,0.49396252632141113,0.1863822340965271,-0.0308685302734375,0.5413884520530701
3420,36.95703887939453,3.748518705368042,0.5049125552177429,0.1864738017320633,-0.027795372530817986,0.5619635581970215
3421,36.97590637207031,3.7888031005859375,0.5050250291824341,0.1865675002336502,-0.0523868054151535,0.5701041221618652
3422,37.02014923095703,3.9951465129852295,0.5011125206947327,0.18658825755119324,-0.030166715383529663,0.5732154250144958
3423,36.93272399902344,3.801640033721924,0.49985000491142273,0.1865854561328888,-0.05118953809142113,0.5443798899650574
3424,36.912376403808594,3.751255750656128,0.5001250505447388,0.18658779561519623,-0.05310012400150299,0.5391514897346497
3425,36.98196029663086,3.7913496494293213,0.49553751945495605,0.186504527926445,-0.05734682083129883,0.530579149723053
3426,36.933326721191406,3.8196911811828613,0.5017250180244446,0.18653669953346252,-0.04532827064394951,0.552980899810791
3427,36.936607360839844,3.7681846618652344,0.497762531042099,0.18649496138095856,-0.03531424701213837,0.5452590584754944
3428,36.926116943359375,3.835230827331543,0.5028250217437744,0.18654765188694,-0.04594286158680916,0.5614843368530273
3429,36.99831008911133,3.875582695007324,0.4969000220298767,0.18648982048034668,-0.057383716106414795,0.5416235327720642
3430,36.94118881225586,3.8003318309783936,0.49928754568099976,0.18647654354572296,-0.035381101071834564,0.5538974404335022
3431,36.979644775390625,3.871843099594116,0.502037525177002,0.18651454150676727,-0.04784473776817322,0.5278823971748352
3432,36.93547439575195,3.75846791267395,0.5017625093460083,0.1865473985671997,-0.03384259343147278,0.5614741444587708
3433,37.02204895019531,4.043298244476318,0.5035000443458557,0.18661269545555115,-0.03414398804306984,0.5537052154541016
3434,36.964942932128906,3.822713851928711,0.49611252546310425,0.1865401566028595,-0.011173036880791187,0.5568317174911499
3435,37.01598358154297,3.9200644493103027,0.49845004081726074,0.18651124835014343,-0.01775561459362507,0.5332568883895874
3436,37.042076110839844,3.916127920150757,0.49675002694129944,0.18645063042640686,-0.05825968459248543,0.5342926383018494
3437,36.979984283447266,3.793893814086914,0.5011000037193298,0.1864711493253708,-0.028139343485236168,0.5535687208175659
3438,36.982059478759766,3.9633402824401855,0.497575044631958,0.18642593920230865,-0.03380126506090164,0.5346342921257019
3439,36.97196578979492,3.9264793395996094,0.4983375370502472,0.18639494478702545,-0.0047654639929533005,0.5778264403343201
3440,36.93027877807617,3.7640700340270996,0.5040625333786011,0.18647067248821259,-0.057886864989995956,0.5378141403198242
3441,36.99618911743164,3.9844319820404053,0.49986252188682556,0.18646810948848724,-0.031267888844013214,0.5504987835884094
3442,37.0306282043457,4.027682781219482,0.5035125613212585,0.1865336149930954,-0.04657788202166557,0.5489810109138489
3443,36.92427444458008,3.7414228916168213,0.49906253814697266,0.18651612102985382,-0.04607551917433739,0.5201340317726135
3444,36.90362548828125,3.754594087600708,0.501550018787384,0.18654502928256989,-0.05442828685045242,0.5552895069122314
3445,36.88766860961914,3.8054850101470947,0.5009000301361084,0.18656182289123535,-0.06698636710643768,0.5688016414642334
3446,36.97898864746094,3.858125686645508,0.5026000142097473,0.18661032617092133,-0.05786735191941261,0.5727928280830383
3447,36.91058349609375,3.779892921447754,0.5017125010490417,0.18664228916168213,-0.04674425721168518,0.5558584928512573
3448,36.99736022949219,3.9827518463134766,0.508637547492981,0.18680350482463837,0.0006841106805950403,0.5599266886711121
3449,36.98870086669922,3.930068016052246,0.5020375847816467,0.18684156239032745,-0.045765139162540436,0.5545039772987366
3450,36.97962951660156,3.9061834812164307,0.5016124844551086,0.1868716925382614,-0.0500335730612278,0.5546561479568481
3451,37.00389099121094,3.917531728744507,0.4948500096797943,0.18677546083927155,-0.019625097513198853,0.537325918674469
3452,36.95275115966797,3.8171091079711914,0.4982125461101532,0.18674206733703613,-0.04424935579299927,0.5365068912506104
3453,36.984153747558594,3.8396646976470947,0.4990750253200531,0.18672479689121246,-0.007939553819596767,0.547704815864563
3454,36.962181091308594,3.7901761531829834,0.49810007214546204,0.1866893172264099,-0.044143661856651306,0.5613316297531128
3455,36.9776496887207,3.874284029006958,0.5010875463485718,0.18670961260795593,-0.027468612417578697,0.5582653284072876
3456,37.00788879394531,3.939626932144165,0.5021125078201294,0.18674905598163605,-0.03147977590560913,0.5409796833992004
3457,36.98210144042969,3.910618305206299,0.5031750202178955,0.18680834770202637,-0.020788216963410378,0.5531907081604004
3458,37.02407455444336,3.9582245349884033,0.49813753366470337,0.18677355349063873,-0.004550450015813112,0.5524073839187622
3459,36.924110412597656,3.8612728118896484,0.5003500580787659,0.18678009510040283,-0.030979696661233902,0.534694254398346
3460,36.988380432128906,3.844048261642456,0.5003499984741211,0.18678663671016693,-0.023044636473059654,0.5214132070541382
3461,37.00928497314453,3.8367257118225098,0.5038625001907349,0.18685878813266754,-0.02764107659459114,0.568649172782898
3462,36.963260650634766,3.8771960735321045,0.5018250346183777,0.18689289689064026,-0.06694839894771576,0.5451143980026245
3463,36.968807220458984,3.881042957305908,0.49871253967285156,0.1868688315153122,-0.029286863282322884,0.5677909851074219
3464,36.96794128417969,3.809295415878296,0.5017250180244446,0.1869010627269745,-0.0494198277592659,0.5464600324630737
3465,36.9249153137207,3.7488486766815186,0.4981499910354614,0.18686647713184357,-0.06584807485342026,0.5571136474609375
3466,36.9465217590332,3.8207714557647705,0.4991125166416168,0.18684989213943481,-0.038324225693941116,0.5569756627082825
3467,36.892879486083984,3.7286813259124756,0.49653753638267517,0.18678519129753113,-0.025796307250857353,0.5701335072517395
3468,37.03245162963867,3.8889873027801514,0.4932250380516052,0.18665865063667297,-0.024816058576107025,0.5370671153068542
3469,36.96458435058594,3.848630428314209,0.4978000223636627,0.18661758303642273,-0.018157100304961205,0.5452412962913513
3470,37.023284912109375,3.932828903198242,0.5024875402450562,0.18666401505470276,-0.04659120365977287,0.5425635576248169
3471,37.00049591064453,3.8121955394744873,0.4992000460624695,0.18664908409118652,-0.025615621358156204,0.5508229732513428
3472,36.937522888183594,3.833479881286621,0.4974500238895416,0.18660148978233337,-0.059149954468011856,0.5427531599998474
3473,36.938629150390625,3.8563780784606934,0.4954625368118286,0.18651682138442993,-0.03843340650200844,0.5675452947616577
3474,36.98479461669922,3.8810906410217285,0.5035250186920166,0.1865825653076172,-0.041756823658943176,0.5533918142318726
3475,36.94430160522461,3.803342819213867,0.5003250241279602,0.18658863008022308,-0.030940640717744827,0.5378026366233826
3476,36.91410827636719,3.8001415729522705,0.4991750121116638,0.18657323718070984,-0.029785700142383575,0.5447326898574829
3477,37.017826080322266,3.96596622467041,0.5006625056266785,0.18658560514450073,-0.04640316218137741,0.5652126669883728
3478,36.936912536621094,3.8446097373962402,0.5057750344276428,0.18669335544109344,-0.029864972457289696,0.5538055896759033
3479,36.925960540771484,3.729654312133789,0.5044625401496887,0.18677665293216705,-0.07702203840017319,0.5336306691169739
3480,36.943965911865234,3.7792859077453613,0.4997875392436981,0.1867726892232895,-0.026965241879224777,0.5509456992149353
3481,36.91545867919922,3.7986085414886475,0.5042125582695007,0.186851367354393,-0.030119283124804497,0.5643238425254822
3482,36.977779388427734,3.9341931343078613,0.49637505412101746,0.18678362667560577,-0.06348739564418793,0.5731315016746521
3483,36.91061019897461,3.903286933898926,0.4993875324726105,0.1867721825838089,-0.04072361811995506,0.5404425263404846
3484,36.942779541015625,3.889732599258423,0.4999125003814697,0.18677054345607758,-0.04374971240758896,0.5529349446296692
3485,36.931217193603516,3.6958227157592773,0.4980875551700592,0.18673482537269592,-0.03986373916268349,0.54026198387146
3486,37.0005989074707,3.8125836849212646,0.4992375373840332,0.1867205947637558,-0.04077121987938881,0.5481814742088318
3487,36.95058059692383,3.7082250118255615,0.5024999976158142,0.18676726520061493,-0.012726305052638054,0.5565114617347717
3488,37.02507400512695,3.8932807445526123,0.49248751997947693,0.18662695586681366,-0.014251578599214554,0.5578529238700867
3489,37.00054931640625,3.997579336166382,0.49348750710487366,0.18650542199611664,-0.03861675411462784,0.5499569773674011
3490,37.01775360107422,3.885181188583374,0.4966500401496887,0.18644294142723083,-0.02184274047613144,0.544539213180542
3491,36.970542907714844,3.79128098487854,0.5011125206947327,0.18646368384361267,-0.015277710743248463,0.5472567677497864
3492,36.98533630371094,3.866732358932495,0.49777504801750183,0.186422199010849,-0.02025393582880497,0.5352299809455872
3493,37.033409118652344,3.9751055240631104,0.4987250566482544,0.1863984316587448,-0.015099488198757172,0.549250066280365
3494,36.98619079589844,3.9186465740203857,0.49729999899864197,0.186348095536232,-0.023023653775453568,0.5505048632621765
3495,36.988800048828125,3.912703275680542,0.5018125176429749,0.18638186156749725,-0.049812547862529755,0.5516218543052673
3496,37.01905059814453,3.91654896736145,0.5017500519752502,0.18641448020935059,-0.03421595320105553,0.5281810164451599
3497,37.00975799560547,4.007260322570801,0.5024999976158142,0.18646107614040375,-0.016560904681682587,0.557499885559082
3498,37.02290725708008,3.9497451782226562,0.4949125349521637,0.1863662153482437,-0.03477271646261215,0.5566259026527405
3499,36.983585357666016,3.8980464935302734,0.49810007214546204,0.18633079528808594,-0.04502018168568611,0.5270020365715027
3500,37.00142288208008,3.9079606533050537,0.5006499886512756,0.18634289503097534,-0.04878895729780197,0.5508307814598083
3501,36.91008377075195,3.8468151092529297,0.5036250352859497,0.18641044199466705,-0.024075917899608612,0.5545955896377563
3502,36.90876007080078,3.6065919399261475,0.49892500042915344,0.18639039993286133,-0.01901821605861187,0.5409247875213623
3503,36.92755889892578,3.9026966094970703,0.500837504863739,0.18640601634979248,-0.03283870592713356,0.5611043572425842
3504,36.9664421081543,3.901127338409424,0.49921250343322754,0.18639133870601654,-0.03573203459382057,0.5665543079376221
3505,36.946022033691406,3.811253309249878,0.5013500452041626,0.18641649186611176,-0.03408454358577728,0.5644053816795349
3506,37.062255859375,4.116731643676758,0.4982500374317169,0.18638387322425842,-0.01956711895763874,0.5581656694412231
3507,36.928348541259766,3.7033238410949707,0.5023000240325928,0.18642672896385193,-0.03547428548336029,0.54986572265625
3508,37.01151657104492,3.847667932510376,0.4989875257015228,0.18640784919261932,-0.01479277666658163,0.563212513923645
3509,36.974918365478516,3.853728771209717,0.5011875033378601,0.1864299774169922,-0.05524000525474548,0.5465574264526367
3510,36.94809341430664,3.753826856613159,0.5038750171661377,0.18650223314762115,-0.038246139883995056,0.5619022846221924
3511,36.94850158691406,3.7621819972991943,0.4964750409126282,0.1864364892244339,-0.04728155583143234,0.534583568572998
3512,36.95941162109375,3.8845388889312744,0.4978500306606293,0.18639640510082245,-0.027015862986445427,0.5695350170135498
3513,36.97254180908203,3.831120252609253,0.4996125102043152,0.18638917803764343,-0.01824886165559292,0.5592400431632996
3514,37.02272415161133,3.9436163902282715,0.49797505140304565,0.18635143339633942,-0.029134808108210564,0.5608232021331787
3515,36.96628189086914,3.8641715049743652,0.5021750330924988,0.18639197945594788,-0.011340590193867683,0.5665003061294556
3516,36.90540313720703,3.7536942958831787,0.502625048160553,0.18644089996814728,-0.022493580356240273,0.5404303073883057
3517,36.89725875854492,3.659719705581665,0.49787503480911255,0.18640127778053284,-0.06344231963157654,0.5486086010932922
3518,36.94105911254883,3.784851551055908,0.5025749802589417,0.18644927442073822,-0.06684474647045135,0.583486795425415
3519,36.939117431640625,3.8359344005584717,0.49653753638267517,0.18638472259044647,-0.03371455520391464,0.5552563071250916
3520,36.93544387817383,3.743278741836548,0.49963754415512085,0.18637797236442566,-0.04247025027871132,0.5320170521736145
3521,36.96950149536133,3.8555102348327637,0.5010625123977661,0.18639777600765228,-0.05961034446954727,0.5741391777992249
3522,36.9626579284668,3.730839967727661,0.4961375296115875,0.1863257884979248,-0.00325324316509068,0.5552715063095093
3523,36.9617919921875,3.758748769760132,0.5021000504493713,0.18636491894721985,-0.012095733545720577,0.5545191168785095
3524,37.00621795654297,3.863302707672119,0.5001375079154968,0.186367467045784,-0.0028993836604058743,0.5470826625823975
3525,36.99289321899414,3.8455770015716553,0.4982125461101532,0.18633414804935455,-0.04346378147602081,0.5421730279922485
3526,36.98231887817383,3.9237637519836426,0.49393752217292786,0.186221182346344,-0.0538846030831337,0.5432537198066711
3527,36.953670501708984,3.820625066757202,0.49467501044273376,0.18612201511859894,-0.038011759519577026,0.5599901676177979
3528,36.896915435791016,3.685634136199951,0.5024750828742981,0.18616807460784912,-0.06357809901237488,0.5364425182342529
3529,37.02793502807617,3.9311277866363525,0.5024375319480896,0.18621346354484558,-0.020563911646604538,0.5582029223442078
3530,37.06633758544922,4.032003879547119,0.4948500394821167,0.18611755967140198,-0.04198488965630531,0.5545225739479065
3531,37.000858306884766,3.9104502201080322,0.5051500201225281,0.1862134039402008,-0.03577828407287598,0.5429491400718689
3532,36.92839050292969,3.6872353553771973,0.5008625388145447,0.18622948229312897,-0.0338190458714962,0.5558284521102905
3533,36.919960021972656,3.812272310256958,0.5049375295639038,0.1863214373588562,-0.036292653530836105,0.565845251083374
3534,36.988033294677734,3.9201278686523438,0.5038750767707825,0.1863936483860016,-0.06386276334524155,0.5553522706031799
3535,36.906158447265625,3.762190818786621,0.498199999332428,0.18636009097099304,-0.06736428290605545,0.5506106615066528
3536,36.976905822753906,3.9253180027008057,0.49992504715919495,0.18635869026184082,-0.05293545871973038,0.5508882403373718
3537,36.98779296875,3.880436420440674,0.49858754873275757,0.1863323599100113,-0.06685179471969604,0.5491569638252258
3538,36.9570426940918,3.922405481338501,0.4991000294685364,0.1863155961036682,-0.06568004935979843,0.5588750243186951
3539,36.88534164428711,3.769202470779419,0.4981500208377838,0.18628112971782684,-0.016666283831000328,0.5628264546394348
3540,36.977783203125,3.8835790157318115,0.5002750754356384,0.18628625571727753,-0.07186806946992874,0.5403168797492981
3541,36.946533203125,3.802055597305298,0.5020250082015991,0.18632398545742035,-0.05060822516679764,0.5631797313690186
3542,36.95259094238281,3.909428358078003,0.5010125637054443,0.18634285032749176,-0.02505524642765522,0.5381172895431519
3543,36.91341018676758,3.784020185470581,0.500587522983551,0.18635380268096924,-0.039516184478998184,0.578218936920166
3544,36.904808044433594,3.726621150970459,0.5008749961853027,0.1863701045513153,-0.04180912673473358,0.5396949052810669
3545,37.0002326965332,3.910724401473999,0.5001749992370605,0.18637336790561676,-0.02402305044233799,0.534191370010376
3546,36.989322662353516,3.8880770206451416,0.5020125508308411,0.18641087412834167,-0.034830670803785324,0.5838285684585571
3547,36.96995162963867,3.8487820625305176,0.5000249743461609,0.18641133606433868,-0.014463900588452816,0.5261198282241821
3548,37.012840270996094,3.8734829425811768,0.4993375241756439,0.18639899790287018,-0.031939007341861725,0.5537319183349609
3549,36.97513198852539,3.9678690433502197,0.5001375079154968,0.18640154600143433,0.021887600421905518,0.5348533391952515
3550,36.95188903808594,3.761193037033081,0.49653753638267517,0.18633700907230377,-0.031921397894620895,0.5336064100265503
3551,37.0106086730957,3.8490593433380127,0.499687522649765,0.18633118271827698,-0.008631281554698944,0.5320129990577698
3552,37.00495910644531,3.991668939590454,0.49810004234313965,0.1862957775592804,-0.029303565621376038,0.5477450489997864
3553,36.98590087890625,3.8925395011901855,0.5007249712944031,0.18630927801132202,-0.009970322251319885,0.5447238087654114
3554,36.967166900634766,3.759033203125,0.5008500218391418,0.18632511794567108,-0.03049609810113907,0.5516372323036194
3555,37.06337356567383,3.960554838180542,0.49781250953674316,0.1862843632698059,-0.04831496626138687,0.5376923084259033
3556,36.96611785888672,3.8632893562316895,0.49710002541542053,0.1862303465604782,-0.04241400957107544,0.5691120028495789
3557,36.94728088378906,3.798598051071167,0.5011875033378601,0.18625245988368988,-0.01924058049917221,0.5550926923751831
3558,36.918766021728516,3.7637763023376465,0.501912534236908,0.18628807365894318,-0.027532514184713364,0.5649802684783936
3559,36.94267272949219,3.809138059616089,0.5051125288009644,0.18638332188129425,-0.05548759549856186,0.5750685334205627
3560,36.92525100708008,3.8272790908813477,0.5006250143051147,0.18639495968818665,-0.04978375881910324,0.5410811901092529
3561,36.98320007324219,3.844053268432617,0.49982500076293945,0.1863916963338852,-0.02706477977335453,0.5520190596580505
3562,36.926109313964844,3.7861366271972656,0.5013625621795654,0.1864170879125595,0.016124913468956947,0.539044201374054
3563,36.966800689697266,3.8793342113494873,0.5039250254631042,0.1864902675151825,-0.025681454688310623,0.573640763759613
3564,36.90750503540039,3.6840758323669434,0.5022375583648682,0.18653199076652527,-0.012934792786836624,0.5489599704742432
3565,36.953643798828125,3.9783449172973633,0.5010125637054443,0.18655087053775787,-0.06212123483419418,0.5761252641677856
3566,36.95475387573242,3.8283941745758057,0.4975000321865082,0.18650422990322113,-0.059390854090452194,0.5555190443992615
3567,36.939842224121094,3.7665743827819824,0.5018000602722168,0.18653780221939087,-0.0432891882956028,0.5619136095046997
3568,37.01605224609375,3.964949369430542,0.5,0.18653780221939087,-0.019051747396588326,0.5677884817123413
3569,36.99985885620117,3.8203184604644775,0.5004375576972961,0.1865459680557251,-0.007648039609193802,0.566365122795105
3570,36.99043273925781,3.8655967712402344,0.5041375160217285,0.18662315607070923,-0.019980985671281815,0.554667055606842
3571,37.06440734863281,4.012450695037842,0.5042500495910645,0.18670246005058289,-0.023961490020155907,0.566390872001648
3572,36.943111419677734,3.8290603160858154,0.5020750164985657,0.1867412030696869,-0.04146495461463928,0.552828311920166
3573,36.928401947021484,3.844719409942627,0.5022250413894653,0.18678274750709534,-0.046805933117866516,0.5571466088294983
3574,36.924678802490234,3.7435901165008545,0.49828749895095825,0.18675075471401215,-0.047250811010599136,0.5622563362121582
3575,36.971275329589844,3.8111088275909424,0.4962625503540039,0.18668095767498016,-0.05161620303988457,0.5537489056587219
3576,36.96440124511719,3.8714377880096436,0.4997250437736511,0.18667583167552948,-0.027996446937322617,0.5528104901313782
3577,37.031307220458984,4.029965877532959,0.49790000915527344,0.18663662672042847,-0.08766153454780579,0.5476788282394409
3578,36.961856842041016,3.8414499759674072,0.5020125508308411,0.18667417764663696,-0.06264552474021912,0.5431709289550781
3579,36.94282150268555,3.8549575805664062,0.5024500489234924,0.18671990931034088,-0.081785649061203,0.556419312953949
3580,36.915340423583984,3.7950377464294434,0.5061125159263611,0.18683405220508575,-0.09141808748245239,0.5554039478302002
3581,37.00341796875,4.010817050933838,0.504550039768219,0.18691906332969666,-0.04064806550741196,0.5763336420059204
3582,36.933658599853516,3.860159158706665,0.5002500414848328,0.18692374229431152,-0.050179652869701385,0.5421037673950195
3583,36.9838752746582,3.800898790359497,0.4974750280380249,0.1868765503168106,-0.023574767634272575,0.5454989075660706
3584,36.96049880981445,3.804137945175171,0.4996125400066376,0.1868693083524704,-0.03540422394871712,0.5298163890838623
3585,37.029048919677734,4.001059055328369,0.5033750534057617,0.18693237006664276,-0.04210226610302925,0.5499533414840698
3586,36.955745697021484,3.8373522758483887,0.49623751640319824,0.1868620365858078,-0.04453325644135475,0.5649835467338562
3587,36.961097717285156,3.7744193077087402,0.5002625584602356,0.18686693906784058,-0.009978161193430424,0.5659462809562683
3588,36.97510528564453,3.889486312866211,0.5002500414848328,0.18687161803245544,-0.03876177966594696,0.5504635572433472
3589,36.951316833496094,3.8318424224853516,0.49732503294944763,0.18682162463665009,-0.004393910523504019,0.5450277924537659
3590,37.01071548461914,3.9008450508117676,0.4993250370025635,0.1868090182542801,-0.05554058402776718,0.5552088618278503
3591,37.01631164550781,3.8542821407318115,0.4970250427722931,0.18675345182418823,-0.03114130347967148,0.5421894192695618
3592,37.001548767089844,3.8037569522857666,0.49834999442100525,0.18672263622283936,-0.014054867438971996,0.5283145308494568
3593,36.924041748046875,3.7203915119171143,0.49998751282691956,0.18672239780426025,-0.009839819744229317,0.5472108125686646
3594,36.97196578979492,3.843068838119507,0.4979625344276428,0.18668435513973236,-0.036768440157175064,0.5468201041221619
3595,36.93583679199219,3.7911179065704346,0.4991000294685364,0.1866675466299057,-0.07178163528442383,0.5463448166847229
3596,36.90339279174805,3.792938232421875,0.49800002574920654,0.1866302192211151,-0.007418827619403601,0.5471240878105164
3597,36.86054611206055,3.5860445499420166,0.49352502822875977,0.1865093857049942,-0.031515467911958694,0.5395698547363281
3598,36.91563034057617,3.81111216545105,0.4936375319957733,0.1863907277584076,-0.02222762443125248,0.5348913073539734
3599,36.965518951416016,3.890244245529175,0.4969625473022461,0.18633411824703217,-0.021563518792390823,0.557934582233429
3600,36.933509826660156,3.780468463897705,0.49723753333091736,0.18628263473510742,-0.03472709655761719,0.5718740820884705
3601,36.910560607910156,3.758899450302124,0.50371253490448,0.18635179102420807,-0.0086755296215415,0.5450308918952942
3602,37.000274658203125,3.863036632537842,0.49883753061294556,0.18633012473583221,-0.021931098774075508,0.5482519268989563
3603,36.991966247558594,3.890317440032959,0.502625048160553,0.18637903034687042,-0.06073577329516411,0.5815778374671936
3604,36.9475212097168,3.898991107940674,0.4960375428199768,0.1863051801919937,-0.0549391433596611,0.5480495095252991
3605,36.951393127441406,3.852945327758789,0.500337541103363,0.18631146848201752,-0.07087576389312744,0.5515540838241577
3606,36.93997573852539,3.8785128593444824,0.4977375566959381,0.18626931309700012,-0.012900582514703274,0.5524539947509766
3607,36.93276596069336,3.7743594646453857,0.49691253900527954,0.18621179461479187,-0.062256887555122375,0.561184823513031
3608,36.94133377075195,3.74690318107605,0.4970250129699707,0.18615639209747314,-0.04540489241480827,0.5507249236106873
3609,36.94862365722656,3.7258217334747314,0.5026249885559082,0.18620525300502777,-0.03257758915424347,0.5676841735839844
3610,37.01347351074219,3.952230930328369,0.4996625483036041,0.18619896471500397,-0.04503215104341507,0.5339947938919067
3611,37.00962829589844,3.8542587757110596,0.5024625062942505,0.18624481558799744,-0.04867883399128914,0.5526837706565857
3612,36.95065689086914,3.8330562114715576,0.4979875683784485,0.1862073391675949,-0.04264035448431969,0.5167108774185181
3613,37.0306510925293,4.04872465133667,0.5027000308036804,0.18625761568546295,-0.05426420271396637,0.5669146776199341
3614,36.97079086303711,3.9528098106384277,0.5015750527381897,0.18628694117069244,-0.04810569807887077,0.5500090718269348
3615,36.967708587646484,3.8414926528930664,0.5020875334739685,0.1863258332014084,-0.045500919222831726,0.5649345517158508
3616,36.96816635131836,3.83994197845459,0.5020125508308411,0.1863633245229721,-0.025821924209594727,0.5293658971786499
3617,36.94750213623047,3.7559187412261963,0.501787543296814,0.18639664351940155,-0.02484293468296528,0.5452778935432434
3618,36.98474884033203,3.8550708293914795,0.4968625009059906,0.1863381564617157,-0.025209492072463036,0.5215229392051697
3619,36.94612503051758,3.7467830181121826,0.5,0.1863381564617157,-0.049783505499362946,0.5670940279960632
3620,36.9111213684082,3.6864912509918213,0.49721255898475647,0.18628621101379395,-0.052326563745737076,0.5631105899810791
3621,36.952213287353516,3.862619161605835,0.4976750314235687,0.18624289333820343,-0.04962040111422539,0.572093665599823
3622,36.91352462768555,3.780433416366577,0.5041124820709229,0.1863194853067398,-0.06131359562277794,0.56431645154953
3623,36.95375061035156,3.847032308578491,0.49982503056526184,0.18631622195243835,-0.04232779145240784,0.5511736869812012
3624,36.940521240234375,3.7599034309387207,0.5037375092506409,0.1863858550786972,-0.07210906594991684,0.5719269514083862
3625,36.98654556274414,3.879699230194092,0.5036625862121582,0.18645411729812622,-0.06966467201709747,0.5626744031906128
3626,36.98466873168945,3.8569016456604004,0.5021750330924988,0.18649467825889587,-0.04140312224626541,0.562012791633606
3627,36.947105407714844,3.840627908706665,0.5006750226020813,0.18650725483894348,0.0023731710389256477,0.530968427658081
3628,36.92691421508789,3.7318475246429443,0.5000750422477722,0.1865086555480957,-0.03290468454360962,0.548588752746582
3629,37.00787353515625,4.014728546142578,0.5001000165939331,0.18651051819324493,-0.02126317098736763,0.5695148706436157
3630,36.95409393310547,3.8090219497680664,0.4984375238418579,0.18648138642311096,-0.02141188271343708,0.5501313805580139
3631,36.933624267578125,3.8272769451141357,0.499224990606308,0.18646693229675293,-0.06254307925701141,0.5533220767974854
3632,36.98643493652344,3.863628387451172,0.4983375072479248,0.18643593788146973,-0.003165735164657235,0.5565083622932434
3633,36.922584533691406,3.788985013961792,0.49870002269744873,0.18641170859336853,-0.033842019736766815,0.564546525478363
3634,36.99596405029297,3.840447425842285,0.5002375245094299,0.1864161342382431,-0.06236467510461807,0.5525569319725037
3635,36.97233963012695,3.78493332862854,0.5036125183105469,0.1864834725856781,-0.03857738524675369,0.5449827909469604
3636,36.97425842285156,3.919257402420044,0.4960625171661377,0.18641003966331482,-0.03842334449291229,0.5151210427284241
3637,36.88508224487305,3.6926867961883545,0.49996253848075867,0.1864093393087387,-0.03737766668200493,0.5497689843177795
3638,36.94777297973633,3.8440208435058594,0.501075029373169,0.18642938137054443,-0.06943219155073166,0.5706082582473755
3639,36.94950866699219,3.845519542694092,0.4996125400066376,0.18642215430736542,-0.04830096662044525,0.5389259457588196
3640,36.963775634765625,3.808407783508301,0.4976250231266022,0.1863778680562973,-0.025948770344257355,0.5448432564735413
3641,37.01158905029297,3.8582522869110107,0.49986252188682556,0.18637530505657196,-0.01955304481089115,0.5468924045562744
3642,36.950984954833984,3.824146270751953,0.4995500147342682,0.18636691570281982,-0.005720158573240042,0.5570816397666931
3643,36.943416595458984,3.808178663253784,0.49918752908706665,0.18635177612304688,-0.0379817932844162,0.575589656829834
3644,36.951595306396484,3.8101470470428467,0.5038250088691711,0.18642306327819824,-0.04702906683087349,0.5429995059967041
3645,36.92842483520508,3.8398640155792236,0.5017125010490417,0.18645499646663666,-0.05331416428089142,0.5759111046791077
3646,36.888004302978516,3.7430129051208496,0.4992750585079193,0.18644148111343384,-0.028863877058029175,0.5706999897956848
3647,36.94751739501953,3.776991844177246,0.5041500329971313,0.1865188479423523,-0.03753306716680527,0.5573662519454956
3648,36.96748733520508,3.739189863204956,0.5025875568389893,0.18656711280345917,-0.013758801855146885,0.573455810546875
3649,36.9699592590332,3.8082704544067383,0.4990750253200531,0.1865498572587967,-0.024082733318209648,0.5521264672279358
3650,37.012306213378906,3.850297451019287,0.49816250801086426,0.18651556968688965,-0.017970135435461998,0.5404747724533081
3651,36.984764099121094,3.817584276199341,0.5027375221252441,0.18656662106513977,-0.029768090695142746,0.5448206067085266
3652,36.95353317260742,3.75722074508667,0.5003500580787659,0.18657316267490387,-0.031457334756851196,0.5518614649772644
3653,36.95582580566406,3.8253276348114014,0.49816250801086426,0.18653887510299683,-0.042555827647447586,0.5330666303634644
3654,37.013885498046875,3.9390273094177246,0.4974500238895416,0.18649131059646606,-0.03492353856563568,0.5450316071510315
3655,36.959320068359375,3.854463815689087,0.5007500052452087,0.1865052878856659,-0.049391213804483414,0.5559654831886292
3656,36.98161697387695,3.8299505710601807,0.502512514591217,0.18655215203762054,-0.025799350813031197,0.5511036515235901
3657,37.01789855957031,3.8669400215148926,0.49483755230903625,0.1864558458328247,-0.03404948115348816,0.5591005682945251
3658,36.928897857666016,3.7681424617767334,0.5007125735282898,0.18646913766860962,-0.04153527319431305,0.5449921488761902
3659,36.94389343261719,3.8057055473327637,0.5001625418663025,0.18647216260433197,-0.03928659111261368,0.5436398386955261
3660,36.95002365112305,3.785731554031372,0.5011500120162964,0.1864936202764511,-0.04788883775472641,0.5677852034568787
3661,36.97966766357422,3.9248266220092773,0.49675002694129944,0.18643300235271454,-0.04152786359190941,0.5507011413574219
3662,36.98860168457031,3.8424980640411377,0.49810001254081726,0.18639758229255676,-0.0645006075501442,0.529541015625
3663,36.940982818603516,3.779548168182373,0.5018875598907471,0.18643276393413544,-0.02380244806408882,0.5676413178443909
3664,36.96119689941406,3.8061161041259766,0.507224977016449,0.18656747043132782,-0.03811594843864441,0.5608740448951721
3665,36.96284103393555,3.813586950302124,0.5021875500679016,0.18660828471183777,-0.050224754959344864,0.567536473274231
3666,36.9183349609375,3.7459752559661865,0.5021374821662903,0.1866481751203537,-0.03719620779156685,0.5515674352645874
3667,36.932769775390625,3.7883553504943848,0.5021500587463379,0.18668831884860992,-0.05415792390704155,0.5446299910545349
3668,36.85860061645508,3.6128671169281006,0.4981499910354614,0.18665377795696259,-0.013432364910840988,0.5513862371444702
3669,36.88742446899414,3.6944491863250732,0.5034125447273254,0.18671748042106628,-0.038382090628147125,0.5696638822555542
3670,36.959144592285156,3.786763906478882,0.4976375102996826,0.1866733580827713,-0.03394172713160515,0.5567053556442261
3671,36.9581298828125,3.820049524307251,0.5028375387191772,0.18672631680965424,-0.04684556648135185,0.5558285713195801
3672,36.87611770629883,3.716423273086548,0.5007750391960144,0.18674078583717346,-0.049078572541475296,0.5584424734115601
3673,36.95057678222656,3.8084044456481934,0.4991375505924225,0.1867246776819229,-0.036081019788980484,0.5647373199462891
3674,37.00273513793945,3.9248416423797607,0.5026749968528748,0.1867746263742447,-0.02970481663942337,0.5452772378921509
3675,36.967342376708984,3.7627570629119873,0.4995875060558319,0.18676692247390747,-0.03333903104066849,0.5568459033966064
3676,36.97441101074219,3.8435983657836914,0.5002375245094299,0.18677134811878204,-0.03762686997652054,0.550197958946228
3677,37.027442932128906,3.934971809387207,0.5013250112533569,0.18679611384868622,-0.020866524428129196,0.5501087307929993
3678,36.942142486572266,3.7546801567077637,0.5007374882698059,0.18680989742279053,-0.05408724397420883,0.569831371307373
3679,36.961509704589844,3.86647367477417,0.49957504868507385,0.1868019551038742,-0.053598642349243164,0.5662081241607666
3680,36.97737503051758,3.9020094871520996,0.49633756279945374,0.18673352897167206,-0.041388094425201416,0.561379075050354
3681,37.037506103515625,4.000931262969971,0.4987125098705292,0.18670949339866638,-0.0654209777712822,0.557564377784729
3682,36.938133239746094,3.8183236122131348,0.5005500316619873,0.18671976029872894,-0.056027889251708984,0.5665339231491089
3683,36.981712341308594,3.832253932952881,0.5013999938964844,0.18674589693546295,-0.04074613377451897,0.5626035928726196
3684,36.98682403564453,3.8786277770996094,0.49752500653266907,0.18669968843460083,-0.045358385890722275,0.5529265403747559
3685,36.99939727783203,3.843790054321289,0.5035625100135803,0.18676619231700897,-0.04108890891075134,0.5453702807426453
3686,37.005516052246094,3.8617568016052246,0.4994625449180603,0.18675614893436432,-0.0519334115087986,0.5607208609580994
3687,36.94453811645508,3.8719749450683594,0.49666252732276917,0.18669381737709045,-0.032445088028907776,0.5563064217567444
3688,36.94725036621094,3.846656322479248,0.4931625425815582,0.18656617403030396,-0.046547964215278625,0.5534044504165649
3689,36.926666259765625,3.8176937103271484,0.501537561416626,0.1865948587656021,-0.010419695638120174,0.5473881363868713
3690,36.92188262939453,3.698847770690918,0.49851253628730774,0.18656709790229797,-0.039388272911310196,0.5600077509880066
3691,36.979183197021484,3.802995443344116,0.5004125833511353,0.186574786901474,-0.019672563299536705,0.5735528469085693
3692,37.03632354736328,3.9002673625946045,0.5006250143051147,0.1865864396095276,-0.0187285915017128,0.5377666354179382
3693,37.04331588745117,3.9425179958343506,0.5005249977111816,0.18659622967243195,-0.018971441313624382,0.561492919921875
3694,37.00685119628906,3.9462838172912598,0.4953375458717346,0.18650923669338226,-0.0361311174929142,0.5435883402824402
3695,36.98126983642578,3.85898494720459,0.5061625242233276,0.1866241842508316,-0.039283838123083115,0.54908287525177
3696,37.04144287109375,3.9593241214752197,0.4994875192642212,0.18661461770534515,-0.022024385631084442,0.5377680063247681
3697,36.90323257446289,3.6574463844299316,0.4997375011444092,0.18660973012447357,-0.029820172116160393,0.5635691285133362
3698,36.92455291748047,3.7102553844451904,0.5030249953269958,0.18666619062423706,-0.03956256061792374,0.5535988211631775
3699,37.00935745239258,3.9487264156341553,0.49925002455711365,0.18665219843387604,-0.03733919560909271,0.5611799955368042
3700,37.00193786621094,3.9131603240966797,0.4985625147819519,0.18662536144256592,-0.04704906791448593,0.56041020154953
3701,36.92129135131836,3.749805450439453,0.4999625086784363,0.1866246610879898,-0.043491754680871964,0.5518711805343628
3702,36.997161865234375,3.9720163345336914,0.4989500045776367,0.1866050660610199,-0.02992693893611431,0.5548440217971802
3703,36.95915222167969,3.730445384979248,0.5018625259399414,0.18663981556892395,-0.057039763778448105,0.5429257750511169
3704,36.95659637451172,3.7542498111724854,0.5010125637054443,0.18665871024131775,-0.057088494300842285,0.5354698896408081
3705,36.91704559326172,3.8092284202575684,0.5024999976158142,0.18670536577701569,-0.058133285492658615,0.5536562204360962
3706,36.920982360839844,3.856961250305176,0.4993250370025635,0.18669277429580688,-0.05353032797574997,0.5549397468566895
3707,36.96631622314453,3.7939140796661377,0.5013250112533569,0.18671752512454987,-0.05021742358803749,0.5609966516494751
3708,36.995018005371094,3.9867429733276367,0.5044625401496887,0.18680083751678467,-0.035727810114622116,0.5649133324623108
3709,36.97370147705078,3.9016518592834473,0.5081750154495239,0.1869535595178604,-0.044869545847177505,0.569539487361908
3710,36.94857406616211,3.7847137451171875,0.5030750036239624,0.18701106309890747,-0.027237456291913986,0.5625011920928955
3711,36.98624038696289,3.888698101043701,0.49582499265670776,0.1869329959154129,0.0035670967772603035,0.5817867517471313
3712,37.0062370300293,3.8614323139190674,0.5012500286102295,0.18695637583732605,-0.03740260377526283,0.553400456905365
3713,37.01584243774414,3.981860637664795,0.4936250150203705,0.18683719635009766,-0.02894824929535389,0.5825100541114807
3714,37.00333786010742,3.9275312423706055,0.49459999799728394,0.1867363005876541,-0.04694335162639618,0.5475621819496155
3715,36.91366958618164,3.7319862842559814,0.5040375590324402,0.18681170046329498,-0.036195170134305954,0.5587265491485596
3716,36.93952560424805,3.8119258880615234,0.5033250451087952,0.18687380850315094,-0.02732761576771736,0.5483542084693909
3717,36.99415969848633,3.8844783306121826,0.5045125484466553,0.18695813417434692,-0.05506967753171921,0.5748648643493652
3718,36.96232604980469,3.7462093830108643,0.5007500052452087,0.18697215616703033,-0.04681786149740219,0.5530102849006653
3719,36.94337844848633,3.7188754081726074,0.5011375546455383,0.18699342012405396,-0.04347509145736694,0.5709713101387024
3720,36.96808624267578,3.8580808639526367,0.4983750283718109,0.1869630366563797,-0.03309803828597069,0.5689446926116943
3721,36.95631408691406,3.8620057106018066,0.49650001525878906,0.18689760565757751,-0.025446806102991104,0.5506485104560852
3722,36.9296875,3.8854973316192627,0.502037525177002,0.1869356781244278,-0.05405722185969353,0.5671653747558594
3723,36.95575714111328,3.9046409130096436,0.4982500374317169,0.1869029700756073,-0.07613187283277512,0.5500233173370361
3724,36.931640625,3.862955331802368,0.5010250210762024,0.1869221329689026,-0.042390305548906326,0.5585854649543762
3725,36.94343948364258,3.768724203109741,0.5002625584602356,0.18692703545093536,-0.07125599682331085,0.5408649444580078
3726,36.96722412109375,3.7101972103118896,0.5057500004768372,0.1870345026254654,-0.03817681223154068,0.5332180857658386
3727,36.98305130004883,3.893967866897583,0.49447503685951233,0.18693117797374725,-0.022732334211468697,0.5613329410552979
3728,36.990665435791016,3.8621668815612793,0.4967000186443329,0.18686950206756592,-0.005437976215034723,0.5538915991783142
3729,36.973236083984375,3.9547300338745117,0.4956750273704529,0.1867886781692505,-0.04501644894480705,0.5676517486572266
3730,36.9371337890625,3.7676289081573486,0.4970000088214874,0.18673264980316162,-0.025020761415362358,0.5512567758560181
3731,36.927391052246094,3.7839510440826416,0.5017250180244446,0.18676486611366272,-0.05010058730840683,0.5746933817863464
3732,36.937950134277344,3.835206985473633,0.499750018119812,0.18676020205020905,-0.057625263929367065,0.5668454170227051
3733,36.941261291503906,3.860999345779419,0.49900001287460327,0.18674151599407196,-0.04452328011393547,0.5781761407852173
3734,36.939266204833984,3.8944008350372314,0.5011500716209412,0.1867630034685135,-0.03704850748181343,0.5532323122024536
3735,36.97895812988281,3.9407801628112793,0.49960002303123474,0.18675553798675537,-0.04837759584188461,0.569396436214447
3736,36.975128173828125,3.8654754161834717,0.5016250610351562,0.18678587675094604,-0.05518815293908119,0.5468274354934692
3737,36.97987365722656,3.8105814456939697,0.49767500162124634,0.18674243986606598,-0.06850970536470413,0.5482249855995178
3738,36.95164489746094,3.8120856285095215,0.5046625137329102,0.18682950735092163,-0.029370374977588654,0.5538110733032227
3739,36.9366455078125,3.845937728881836,0.49791252613067627,0.18679051101207733,-0.07829353958368301,0.566055417060852
3740,37.01029586791992,3.952436923980713,0.5028625130653381,0.18684397637844086,-0.06331054121255875,0.5497404932975769
3741,36.896934509277344,3.695723295211792,0.5013500452041626,0.18686918914318085,-0.047507137060165405,0.5528864860534668
3742,36.9536018371582,3.8842556476593018,0.5030125379562378,0.1869254857301712,-0.04902904853224754,0.5573911666870117
3743,36.97589874267578,3.8734192848205566,0.4979250133037567,0.18688669800758362,-0.03301197662949562,0.5585947632789612
3744,36.90738296508789,3.8241820335388184,0.5008500218391418,0.18690258264541626,-0.04258132353425026,0.5619382262229919
3745,36.931087493896484,3.794403553009033,0.4961625635623932,0.18683086335659027,-0.019730040803551674,0.5591906905174255
3746,36.900672912597656,3.7441892623901367,0.5004500150680542,0.1868392825126648,-0.03292998671531677,0.5511386394500732
3747,36.993343353271484,3.870668411254883,0.4965125322341919,0.1867741197347641,-0.036910708993673325,0.5585610866546631
3748,36.941734313964844,3.7969131469726562,0.5004374980926514,0.18678228557109833,-0.0241242628544569,0.5507573485374451
3749,36.92232131958008,3.8384289741516113,0.5018750429153442,0.18681730329990387,-0.03662153705954552,0.5447686314582825
3750,36.98225021362305,3.856937885284424,0.4992000460624695,0.18680235743522644,-0.020140398293733597,0.5635712742805481
3751,36.936893463134766,3.742219924926758,0.5022500157356262,0.1868443787097931,-0.017927179113030434,0.5505177974700928
3752,36.97651672363281,3.8401846885681152,0.49710002541542053,0.18679019808769226,-0.021977342665195465,0.5684123039245605
3753,36.99747848510742,3.7964272499084473,0.5004875659942627,0.1867993026971817,-0.03469032049179077,0.5620662569999695
3754,36.98455810546875,3.839369535446167,0.49848753213882446,0.18677105009555817,-0.05153190717101097,0.5574195981025696
3755,36.930171966552734,3.7931628227233887,0.4950750470161438,0.18667906522750854,0.005415391176939011,0.5678706765174866
3756,36.9050407409668,3.6847572326660156,0.5025625228881836,0.186726912856102,-0.034641657024621964,0.5499695539474487
3757,37.01457595825195,3.923542022705078,0.4962500333786011,0.1866568922996521,-0.06671261042356491,0.5790858268737793
3758,36.919776916503906,3.7625949382781982,0.5029125809669495,0.18671125173568726,-0.04574522748589516,0.5625683665275574
3759,36.99954605102539,3.963888645172119,0.49676254391670227,0.18665079772472382,-0.06303868442773819,0.578903317451477
3760,36.94355773925781,3.7830970287323,0.5011250376701355,0.18667180836200714,-0.0547616071999073,0.5554038286209106
3761,36.972537994384766,3.8972995281219482,0.49918752908706665,0.1866566389799118,-0.04702206701040268,0.5210095643997192
3762,36.958412170410156,3.8840184211730957,0.5003125071525574,0.1866624653339386,-0.0388641431927681,0.5599184632301331
3763,36.97543716430664,3.8550729751586914,0.5016000270843506,0.18669232726097107,-0.044645074754953384,0.5231462121009827
3764,36.9751091003418,3.793921947479248,0.4985000193119049,0.18666431307792664,-0.020909594371914864,0.5488659739494324
3765,36.960289001464844,3.856323003768921,0.5009250640869141,0.1866815835237503,-0.06030925735831261,0.5602703094482422
3766,36.91889572143555,3.7070958614349365,0.5021499991416931,0.18672172725200653,-0.06001690402626991,0.5557050704956055
3767,36.892208099365234,3.7570691108703613,0.5000749826431274,0.18672312796115875,-0.04052760824561119,0.5691513419151306
3768,36.925106048583984,3.8186380863189697,0.5035375356674194,0.18678919970989227,-0.041144754737615585,0.5464593768119812
3769,36.9444580078125,3.799013137817383,0.5011375546455383,0.1868104487657547,-0.030293701216578484,0.5642123818397522
3770,37.000274658203125,4.090196132659912,0.5038250088691711,0.1868819147348404,-0.026941660791635513,0.5812948346138
3771,36.98997497558594,3.9245529174804688,0.4988250434398651,0.18685996532440186,-0.04695308208465576,0.5323774814605713
3772,36.95185852050781,3.757793664932251,0.5032375454902649,0.18692046403884888,-0.04648633673787117,0.5728867650032043
3773,36.95726776123047,3.778916120529175,0.5002000331878662,0.18692420423030853,-0.019463934004306793,0.5349924564361572
3774,36.93460464477539,3.803602933883667,0.4960750341415405,0.18685083091259003,-0.012648389674723148,0.5481574535369873
3775,36.94620895385742,3.7788264751434326,0.498787522315979,0.18682818114757538,0.004182071890681982,0.5519185066223145
3776,36.97950744628906,3.8366446495056152,0.499162495136261,0.18681253492832184,-0.04324425756931305,0.5442147850990295
3777,36.977298736572266,3.839911699295044,0.49528756737709045,0.1867244988679886,-0.02246830239892006,0.5158209204673767
3778,36.9534912109375,3.8176910877227783,0.49925002455711365,0.18671049177646637,-0.01939626783132553,0.5499738454818726
3779,37.00111770629883,3.933974027633667,0.4954875111579895,0.18662624061107635,-0.02230781503021717,0.5590550303459167
3780,37.0068244934082,3.8782973289489746,0.5008125305175781,0.1866414099931717,-0.022676890715956688,0.5528372526168823
3781,36.953250885009766,3.7572731971740723,0.5014125108718872,0.1866677701473236,-0.046682700514793396,0.5520079731941223
3782,36.97628402709961,3.8286349773406982,0.49953755736351013,0.18665914237499237,-0.029553961008787155,0.5528050065040588
3783,36.94356155395508,3.7879068851470947,0.49403753876686096,0.18654784560203552,-0.03532756119966507,0.5420078635215759
3784,36.974449157714844,3.755427360534668,0.5002999901771545,0.1865534484386444,-0.050208497792482376,0.5580992698669434
3785,37.003570556640625,3.9161782264709473,0.4966375231742859,0.1864907294511795,-0.06691189855337143,0.5509210228919983
3786,37.011207580566406,3.9649853706359863,0.5027375221252441,0.18654176592826843,-0.033918265253305435,0.5523276925086975
3787,36.934574127197266,3.809455633163452,0.5075750350952148,0.1866830587387085,-0.05165684223175049,0.5582098960876465
3788,36.88520050048828,3.7249698638916016,0.5023375153541565,0.18672670423984528,-0.08159316331148148,0.5684798955917358
3789,36.88859939575195,3.783207654953003,0.5004750490188599,0.18673557043075562,-0.03142673522233963,0.5811341404914856
3790,36.91346740722656,3.7283554077148438,0.4994875192642212,0.18672600388526917,-0.031231071799993515,0.5531361699104309
3791,37.029808044433594,3.9300620555877686,0.49865004420280457,0.18670079112052917,-0.00419319374486804,0.5654882788658142
3792,37.00309371948242,3.8532662391662598,0.4978625178337097,0.18666088581085205,-0.023665081709623337,0.5468462109565735
3793,37.01551055908203,3.9481396675109863,0.49732503294944763,0.18661095201969147,-0.036683257669210434,0.5660725235939026
3794,36.941280364990234,3.7461535930633545,0.5013625621795654,0.18663637340068817,-0.047511808574199677,0.545731246471405
3795,37.01327133178711,3.9063243865966797,0.502750039100647,0.18668770790100098,-0.03238469734787941,0.536615252494812
3796,36.973594665527344,3.8083858489990234,0.5005625486373901,0.18669821321964264,-0.02966190129518509,0.5813908576965332
3797,36.950592041015625,3.7963500022888184,0.49496251344680786,0.18660415709018707,-0.026708226650953293,0.5683801174163818
3798,37.05660629272461,3.98465895652771,0.49771255254745483,0.1865614652633667,-0.044941678643226624,0.5447092652320862
3799,36.97330856323242,3.9135537147521973,0.49646252393722534,0.18649546802043915,-0.0036772757302969694,0.5546112060546875
3800,37.00507354736328,3.9128403663635254,0.49887505173683167,0.1864744871854782,-0.05159468203783035,0.5324495434761047
3801,36.98772430419922,3.8829972743988037,0.4964250326156616,0.18640781939029694,-0.046165354549884796,0.5608702898025513
3802,36.986976623535156,3.9180076122283936,0.5004374980926514,0.18641597032546997,-0.042246997356414795,0.5484389066696167
3803,36.97347640991211,3.9302661418914795,0.502387523651123,0.186460480093956,-0.04607672244310379,0.5558114647865295
3804,36.87559127807617,3.6830103397369385,0.4987500309944153,0.18643717467784882,-0.03394468128681183,0.5359310507774353
3805,36.91569137573242,3.795496702194214,0.496025025844574,0.1863630712032318,-0.033258870244026184,0.5783639550209045
3806,36.982418060302734,3.83154296875,0.5035250186920166,0.18642877042293549,-0.031436678022146225,0.550668478012085
3807,37.026939392089844,3.997037887573242,0.4985000193119049,0.18640080094337463,-0.04107210785150528,0.5608878135681152
3808,37.030033111572266,3.938690662384033,0.49434998631477356,0.18629547953605652,-0.010341057553887367,0.5676549673080444
3809,36.958736419677734,3.809936761856079,0.5020250082015991,0.18633320927619934,-0.029774069786071777,0.5415359735488892
3810,36.96424102783203,3.778792381286621,0.5002875328063965,0.18633855879306793,-0.04249974712729454,0.5532470941543579
3811,36.9275016784668,3.8224048614501953,0.5008875131607056,0.1863550841808319,-0.051576167345047,0.5580613613128662
3812,37.00698471069336,3.8598742485046387,0.5017625093460083,0.18638791143894196,-0.05787080526351929,0.5558097958564758
3813,36.989471435546875,3.890758991241455,0.5031375288963318,0.1864463984966278,-0.043313585221767426,0.5783151984214783
3814,37.0225830078125,3.97269868850708,0.497762531042099,0.18640467524528503,-0.029569173231720924,0.5499944090843201
3815,36.932525634765625,3.7619993686676025,0.49595004320144653,0.186329185962677,-0.02702357806265354,0.5627504587173462
3816,36.970008850097656,3.7546803951263428,0.5015875101089478,0.18635877966880798,-0.014352621510624886,0.5406844615936279
3817,36.93556594848633,3.8907103538513184,0.49422499537467957,0.18625114858150482,-0.013467857614159584,0.53577721118927
3818,37.01750183105469,3.9044766426086426,0.4970000088214874,0.1861952692270279,-0.05118013173341751,0.5335322618484497
3819,37.046966552734375,4.082028865814209,0.5030125379562378,0.18625135719776154,-0.033836983144283295,0.5524210929870605
3820,36.93158721923828,3.8295984268188477,0.5042125582695007,0.18632982671260834,-0.043013155460357666,0.5672370791435242
3821,36.921058654785156,3.7357141971588135,0.5020750164985657,0.18636849522590637,-0.04650348052382469,0.5661047101020813
3822,36.893924713134766,3.820782423019409,0.5000874996185303,0.1863701194524765,-0.05719445273280144,0.565058708190918
3823,36.980743408203125,3.8946874141693115,0.49847501516342163,0.18634170293807983,-0.03666534647345543,0.5603702664375305
3824,37.000240325927734,3.9243481159210205,0.4984625279903412,0.18631306290626526,-0.0006569345132447779,0.5845612287521362
3825,36.9649772644043,3.838205337524414,0.49863752722740173,0.18628767132759094,-0.057647932320833206,0.5460496544837952
3826,36.997440338134766,3.900141716003418,0.4963875412940979,0.18622037768363953,-0.05576712265610695,0.5677468180656433
3827,36.94678497314453,3.8024332523345947,0.5000375509262085,0.18622109293937683,-0.04675795137882233,0.5251241326332092
3828,36.9483757019043,3.7837696075439453,0.49931252002716064,0.18620829284191132,-0.03540737181901932,0.5512009263038635
3829,36.9199104309082,3.782806634902954,0.502762496471405,0.18625973165035248,-0.03993123397231102,0.5510299801826477
3830,36.943626403808594,3.719959020614624,0.5005625486373901,0.18627020716667175,-0.03427870571613312,0.5482733845710754
3831,36.927886962890625,3.6667442321777344,0.49726253747940063,0.1862192153930664,-0.04832838848233223,0.5498019456863403
3832,36.99563980102539,3.862130880355835,0.4964750409126282,0.1861535757780075,-0.03918970748782158,0.5747061371803284
3833,37.04685592651367,4.060014724731445,0.498662531375885,0.1861286759376526,-0.040697984397411346,0.5307987928390503
3834,36.932945251464844,3.7669036388397217,0.4999125003814697,0.18612705171108246,-0.001437910133972764,0.5492464303970337
3835,36.9946174621582,3.895051956176758,0.500950038433075,0.18614473938941956,-0.0419916957616806,0.5445210337638855
3836,36.99380874633789,3.901569366455078,0.5000250339508057,0.18614520132541656,-0.07802657037973404,0.5308521389961243
3837,36.92619323730469,3.81469464302063,0.5025500059127808,0.18619266152381897,-0.0657612532377243,0.5344863533973694
3838,36.88038635253906,3.7481353282928467,0.5016500353813171,0.18622338771820068,-0.04234005883336067,0.5549736022949219
3839,36.986637115478516,3.959646701812744,0.496612548828125,0.18616031110286713,-0.060128554701805115,0.546190083026886
3840,36.88998794555664,3.681445837020874,0.4985000193119049,0.18613238632678986,-0.05351996049284935,0.5479966998100281
3841,36.91676330566406,3.7057230472564697,0.49943751096725464,0.18612191081047058,-0.01817323826253414,0.5406197905540466
3842,36.98033905029297,3.9583208560943604,0.5032250285148621,0.1861819326877594,-0.048096686601638794,0.5578669309616089
3843,36.97218704223633,3.9034454822540283,0.4987500309944153,0.1861586570739746,-0.04851454496383667,0.5602831840515137
3844,36.99606704711914,3.8938965797424316,0.49897500872612,0.1861395686864853,-0.04547484591603279,0.5736377835273743
3845,36.97873306274414,3.882796287536621,0.5034125447273254,0.18620309233665466,-0.05966874212026596,0.5826263427734375
3846,37.00497055053711,3.8909518718719482,0.5012500286102295,0.18622638285160065,-0.050633493810892105,0.5497338175773621
3847,36.92115783691406,3.713521957397461,0.4994000196456909,0.18621520698070526,-0.04637300223112106,0.5653228163719177
3848,36.97024917602539,3.800870180130005,0.4981750249862671,0.1861812174320221,-0.030851559713482857,0.5410677194595337
3849,36.974117279052734,3.8288331031799316,0.5005000233650208,0.18619051575660706,-0.07161036878824234,0.561984121799469
3850,36.944305419921875,3.845031261444092,0.500587522983551,0.18620145320892334,-0.0312994122505188,0.5215057134628296
3851,36.97708511352539,3.807767629623413,0.5005999803543091,0.18621261417865753,-0.03444066271185875,0.5515602827072144
3852,36.88884353637695,3.6505472660064697,0.500700056552887,0.18622563779354095,-0.01673533208668232,0.5569132566452026
3853,36.97001647949219,3.951131820678711,0.5019250512123108,0.18626148998737335,-0.043560001999139786,0.5507656335830688
3854,36.9849739074707,3.8095765113830566,0.4999750256538391,0.18626102805137634,-0.03454688936471939,0.5584229826927185
3855,36.982261657714844,3.815247058868408,0.4992375373840332,0.1862468272447586,-0.05503168702125549,0.5427739024162292
3856,36.984962463378906,3.856191396713257,0.4999749958515167,0.1862463653087616,-0.05890076607465744,0.5506860017776489
3857,36.97166061401367,3.872671604156494,0.5004749894142151,0.18625520169734955,-0.04290144518017769,0.5619251728057861
3858,36.920963287353516,3.7745189666748047,0.4997250735759735,0.18625009059906006,-0.04015416279435158,0.5559197664260864
3859,36.929630279541016,3.8066227436065674,0.5004500150680542,0.1862584799528122,-0.0533219575881958,0.5511232018470764
3860,36.96749496459961,3.904722213745117,0.5030625462532043,0.18631552159786224,-0.0700775682926178,0.5590608716011047
3861,36.928890228271484,3.833465814590454,0.501162588596344,0.1863371729850769,-0.055142197757959366,0.5472201704978943
3862,36.98478317260742,3.8725831508636475,0.5065500140190125,0.1864592283964157,-0.05778058245778084,0.5761221647262573
3863,36.951873779296875,3.941988468170166,0.5041249990463257,0.18653613328933716,-0.053560007363557816,0.5413565039634705
3864,37.01240539550781,3.9300315380096436,0.501550018787384,0.18656504154205322,-0.03758363798260689,0.5619054436683655
3865,36.999332427978516,3.8670153617858887,0.5004500150680542,0.18657344579696655,-0.0008000155794434249,0.5543774366378784
3866,37.0083122253418,3.8827686309814453,0.49678751826286316,0.1865134984254837,-0.018736831843852997,0.5312032699584961
3867,36.98067092895508,3.8265092372894287,0.49522504210472107,0.18642443418502808,-0.03756469115614891,0.5410803556442261
3868,36.95978927612305,3.8527581691741943,0.4992750287055969,0.18641091883182526,-0.013494634069502354,0.5494621396064758
3869,36.9626350402832,3.9513347148895264,0.5005625486373901,0.18642140924930573,-0.0022096310276538134,0.5260986685752869
3870,36.98174285888672,3.7317049503326416,0.49998751282691956,0.18642117083072662,-0.0575103797018528,0.546358585357666
3871,36.96794128417969,3.754187822341919,0.4990125298500061,0.18640275299549103,-0.03304973989725113,0.567185640335083
3872,37.023563385009766,3.9166786670684814,0.49572503566741943,0.18632306158542633,-0.016306770965456963,0.5421463847160339
3873,36.9806022644043,3.848414421081543,0.4950750470161438,0.18623130023479462,-0.03727243095636368,0.5506652593612671
3874,36.945396423339844,3.819535732269287,0.49675002694129944,0.1861707717180252,-0.04380594938993454,0.5629637241363525
3875,36.96656036376953,3.8763909339904785,0.49752503633499146,0.18612469732761383,-0.024343259632587433,0.557920515537262
3876,36.97151565551758,3.8732287883758545,0.5008000135421753,0.18613958358764648,-0.05976436659693718,0.5608965754508972
3877,37.017337799072266,4.037600517272949,0.5009750127792358,0.1861577332019806,-0.039364445954561234,0.5462572574615479
3878,36.953250885009766,3.7759556770324707,0.5011749863624573,0.18617960810661316,-0.06542699784040451,0.5584133267402649
3879,36.96772384643555,3.9412033557891846,0.5013125538825989,0.18620404601097107,-0.04805076867341995,0.550346314907074
3880,36.984317779541016,3.8092727661132812,0.499750018119812,0.1861993968486786,-0.046746864914894104,0.5475625395774841
3881,36.94666290283203,3.8274524211883545,0.49912503361701965,0.1861831098794937,-0.024915853515267372,0.5438740849494934
3882,36.98552703857422,3.816734552383423,0.49973756074905396,0.18617822229862213,-0.02710377238690853,0.5586355924606323
3883,36.9747314453125,3.869138717651367,0.4977250099182129,0.18613585829734802,-0.018635457381606102,0.5395960807800293
3884,36.98798751831055,3.8858392238616943,0.5003125071525574,0.18614166975021362,-0.04122627526521683,0.5644050240516663
3885,36.971492767333984,3.958871603012085,0.4989500343799591,0.1861221194267273,-0.04949026182293892,0.5583894848823547
3886,36.98579025268555,3.9071810245513916,0.5010500550270081,0.18614166975021362,-0.03846233710646629,0.5534128546714783
3887,36.94883346557617,3.8232362270355225,0.4975999891757965,0.18609699606895447,-0.050661228597164154,0.5738096833229065
3888,36.930904388427734,3.8162777423858643,0.5014749765396118,0.18612444400787354,-0.056044917553663254,0.5618478059768677
3889,36.907325744628906,3.708777666091919,0.5021000504493713,0.1861635446548462,-0.022203991189599037,0.5619568228721619
3890,37.03353500366211,3.9296114444732666,0.5005375146865845,0.18617355823516846,-0.06206842511892319,0.5470814108848572
3891,36.94267654418945,3.7838873863220215,0.500950038433075,0.18619124591350555,-0.00196180772036314,0.5576143860816956
3892,36.991024017333984,3.8257815837860107,0.5006375312805176,0.18620312213897705,-0.02865169197320938,0.5277331471443176
3893,36.877559661865234,3.659898281097412,0.5026625394821167,0.18625271320343018,-0.058583639562129974,0.5648317337036133
3894,36.857765197753906,3.6095383167266846,0.4951000213623047,0.18616144359111786,-0.034858863800764084,0.5557902455329895
3895,36.955196380615234,3.888275623321533,0.5037750005722046,0.18623173236846924,-0.04288719221949577,0.5551807284355164
3896,36.88843536376953,3.7259044647216797,0.5000374913215637,0.18623241782188416,-0.006888446863740683,0.5543780326843262
3897,36.93589782714844,3.727630138397217,0.5003625154495239,0.18623916804790497,-0.04373573511838913,0.5502583384513855
3898,36.95240020751953,3.7250659465789795,0.5001125335693359,0.1862412542104721,-0.03763294965028763,0.5416677594184875
3899,36.99004364013672,3.8199727535247803,0.49726253747940063,0.18619026243686676,-0.050616856664419174,0.5470559000968933
3900,37.03750228881836,3.954303026199341,0.497637540102005,0.18614627420902252,-0.04313439503312111,0.5507306456565857
3901,37.025691986083984,3.893646001815796,0.497700035572052,0.1861034631729126,-0.036244094371795654,0.5688912868499756
3902,36.992515563964844,3.8095524311065674,0.5051625370979309,0.18619954586029053,-0.020900333300232887,0.5436124801635742
3903,36.977264404296875,3.834984302520752,0.502262532711029,0.18624167144298553,-0.050014279782772064,0.5550956130027771
3904,36.9198112487793,3.676206111907959,0.5019875168800354,0.18627868592739105,-0.0420604832470417,0.5574941039085388
3905,36.93458557128906,3.8113155364990234,0.49847501516342163,0.18625028431415558,-0.027816487476229668,0.5493500828742981
3906,36.932151794433594,3.7893776893615723,0.5034875273704529,0.18631525337696075,-0.03732682392001152,0.5525808930397034
3907,37.002769470214844,3.8833441734313965,0.49682503938674927,0.18625609576702118,-0.044415876269340515,0.5302262902259827
3908,36.94995880126953,3.7601118087768555,0.5012625455856323,0.18627960979938507,-0.03545966371893883,0.5604433417320251
3909,36.93544387817383,3.789574146270752,0.5049750208854675,0.1863722801208496,-0.03756636008620262,0.5364830493927002
3910,36.994651794433594,3.858156204223633,0.5034875273704529,0.18643729388713837,-0.01951201632618904,0.5673494338989258
3911,36.895084381103516,3.6732633113861084,0.4993624985218048,0.18642540276050568,-0.021666347980499268,0.554686963558197
3912,36.976993560791016,3.8931872844696045,0.49995002150535583,0.18642446398735046,-0.027299895882606506,0.5537386536598206
3913,37.068817138671875,3.9810383319854736,0.4978625178337097,0.18638461828231812,-0.039971936494112015,0.5722699761390686
3914,36.88492202758789,3.740734100341797,0.4961250126361847,0.18631239235401154,-0.008538910187780857,0.5440934300422668
3915,36.93416976928711,3.861801862716675,0.4977250397205353,0.18626999855041504,-0.023938385769724846,0.5588563084602356
3916,36.96193313598633,3.845928907394409,0.49931252002716064,0.18625719845294952,-0.03760111704468727,0.5574420690536499
3917,37.00723648071289,3.9229464530944824,0.5028375387191772,0.1863100379705429,-0.024831261485815048,0.5600373148918152
3918,36.95317459106445,3.9025115966796875,0.49588751792907715,0.18623341619968414,-0.05065687373280525,0.5695313215255737
3919,36.94014358520508,3.8186333179473877,0.49963754415512085,0.18622666597366333,-0.025321604683995247,0.5411725044250488
3920,36.95542526245117,3.8420140743255615,0.5021875500679016,0.1862674057483673,-0.03280200809240341,0.5667669773101807
3921,36.95001983642578,3.7558586597442627,0.5032125115394592,0.1863272488117218,-0.04636405408382416,0.5404184460639954
3922,37.00111770629883,3.934354066848755,0.5026749968528748,0.18637709319591522,-0.029796414077281952,0.5590860247612
3923,36.98270797729492,3.870180368423462,0.4994000196456909,0.18636590242385864,-0.03707892820239067,0.5410784482955933
3924,36.90693664550781,3.72029972076416,0.49947503209114075,0.18635611236095428,-0.06384456157684326,0.5555159449577332
3925,36.93709182739258,3.765066385269165,0.4999125301837921,0.18635447323322296,-0.05044390261173248,0.5363712906837463
3926,36.9421501159668,3.8465304374694824,0.4994000196456909,0.18634328246116638,-0.032857056707143784,0.5565391182899475
3927,36.91749954223633,3.779512882232666,0.502512514591217,0.18639010190963745,-0.052026331424713135,0.56300288438797
3928,36.92646026611328,3.7955946922302246,0.502625048160553,0.18643902242183685,-0.04104944318532944,0.5521554350852966
3929,36.95415115356445,3.770134210586548,0.49931252002716064,0.18642620742321014,-0.061456967145204544,0.5452930331230164
3930,36.93937683105469,3.709505796432495,0.5032625198364258,0.18648703396320343,-0.04175795242190361,0.5600225925445557
3931,36.94758224487305,3.802452802658081,0.4986875355243683,0.18646255135536194,-0.04349875450134277,0.5494011044502258
3932,36.97526550292969,3.9233946800231934,0.4958750307559967,0.1863856315612793,-0.042648423463106155,0.5504328012466431
3933,36.94834899902344,3.87610125541687,0.4974250793457031,0.1863376349210739,-0.07922796905040741,0.5540213584899902
3934,36.880828857421875,3.7099039554595947,0.5007375478744507,0.18635138869285583,-0.08251900225877762,0.5668480396270752
3935,36.986427307128906,3.902470588684082,0.49828749895095825,0.1863194704055786,-0.03951350972056389,0.5449776649475098
3936,36.98453903198242,3.9627809524536133,0.5001375079154968,0.18632201850414276,-0.0367831252515316,0.540237545967102
3937,37.014808654785156,3.894606351852417,0.500087559223175,0.1863236427307129,-0.04852931573987007,0.5566796660423279
3938,37.01367950439453,3.8971445560455322,0.5002500414848328,0.18632830679416656,-0.018294770270586014,0.5478916168212891
3939,36.999935150146484,3.8442273139953613,0.5006625056266785,0.18634065985679626,-0.027983732521533966,0.5272204279899597
3940,37.04365158081055,3.911465883255005,0.4997375011444092,0.18633577227592468,-0.02606009878218174,0.5602001547813416
3941,36.93667221069336,3.6779723167419434,0.5040125250816345,0.1864105463027954,-0.042522676289081573,0.5601530075073242
3942,36.9495964050293,3.7537035942077637,0.4994000196456909,0.18639935553073883,-0.03144693374633789,0.5532662272453308
3943,36.98384094238281,3.853717803955078,0.5023250579833984,0.18644268810749054,-0.045143332332372665,0.5337497591972351
3944,36.97175216674805,3.7880752086639404,0.5016250014305115,0.18647298216819763,-0.020676154643297195,0.5560301542282104
3945,36.95452880859375,3.790327310562134,0.49939998984336853,0.18646179139614105,-0.05630459636449814,0.568881630897522
3946,37.00623321533203,3.9376583099365234,0.5018625259399414,0.18649651110172272,-0.04937264695763588,0.5579583644866943
3947,36.941558837890625,3.8261897563934326,0.5002999901771545,0.1865021139383316,-0.032082341611385345,0.5685219764709473
3948,36.9251594543457,3.7920210361480713,0.5044500231742859,0.18658511340618134,-0.06034893915057182,0.5614966750144958
3949,36.90358352661133,3.7685253620147705,0.5029750466346741,0.1866406351327896,-0.054595526307821274,0.556875467300415
3950,36.94899368286133,3.793095350265503,0.5033875107765198,0.1867038607597351,-0.04540985822677612,0.5438913702964783
3951,36.93247604370117,3.775299310684204,0.49781250953674316,0.18666301667690277,-0.04494115710258484,0.5512584447860718
3952,36.98326873779297,3.9231789112091064,0.5012500286102295,0.18668635189533234,-0.027044158428907394,0.5729823708534241
3953,36.982425689697266,3.8810977935791016,0.4993375539779663,0.18667398393154144,0.0007492409204132855,0.5397650599479675
3954,36.985267639160156,3.854980230331421,0.49758756160736084,0.18662895262241364,-0.04323658347129822,0.5399429202079773
3955,36.9636344909668,3.837888717651367,0.49713754653930664,0.1865755319595337,-0.022626547142863274,0.543148398399353
3956,36.91694259643555,3.7885894775390625,0.5034000277519226,0.1866389662027359,-0.05631473660469055,0.545933187007904
3957,37.00141143798828,3.7884669303894043,0.5006750226020813,0.1866515576839447,-0.044835012406110764,0.5732825398445129
3958,36.980255126953125,3.877525568008423,0.4970000088214874,0.18659555912017822,-0.03476764261722565,0.5409992933273315
3959,36.950077056884766,3.7606687545776367,0.5018000602722168,0.18662914633750916,-0.03292376920580864,0.5474197864532471
3960,36.97517013549805,3.8544580936431885,0.502625048160553,0.18667814135551453,-0.037694670259952545,0.5667303204536438
3961,36.98475646972656,3.8411054611206055,0.497512549161911,0.1866317093372345,-0.03557957708835602,0.5640171766281128
3962,36.99318313598633,3.86966609954834,0.49556252360343933,0.1865488886833191,-0.03353116288781166,0.5455453395843506
3963,36.99989318847656,3.8463118076324463,0.4939625561237335,0.186436265707016,0.010270764119923115,0.5370521545410156
3964,36.921817779541016,3.7805869579315186,0.5012875199317932,0.18646027147769928,-0.07085377722978592,0.5675265192985535
3965,36.951515197753906,3.887164354324341,0.5029374957084656,0.18651504814624786,-0.04147899150848389,0.5613398551940918
3966,36.97439956665039,3.817094087600708,0.503250002861023,0.18657566606998444,-0.03399449959397316,0.5546988844871521
3967,36.97793197631836,3.8359625339508057,0.5022125244140625,0.1866169422864914,-0.04130806773900986,0.5688971281051636
3968,36.903568267822266,3.762444496154785,0.504675030708313,0.18670418858528137,-0.04324640333652496,0.5764623284339905
3969,36.96104049682617,3.849668502807617,0.49682503938674927,0.18664491176605225,-0.019681859761476517,0.5627318620681763
3970,36.95698928833008,3.8683903217315674,0.49692502617836,0.18658751249313354,-0.048429012298583984,0.5569054484367371
3971,36.94192123413086,3.779304027557373,0.5026624798774719,0.18663717806339264,-0.06757121533155441,0.5679705142974854
3972,36.94789505004883,3.8161840438842773,0.5028250217437744,0.18668991327285767,-0.028557000681757927,0.5299248695373535
3973,36.90639114379883,3.7948319911956787,0.5069375038146973,0.1868194341659546,-0.040196847170591354,0.5578994154930115
3974,36.9726448059082,3.8899478912353516,0.4994499981403351,0.18680915236473083,-0.035697899758815765,0.550207257270813
3975,36.96122360229492,3.843637228012085,0.49925002455711365,0.18679514527320862,-0.046697989106178284,0.5408464670181274
3976,37.00098419189453,3.8840837478637695,0.4953375458717346,0.18670806288719177,-0.049295153468847275,0.547197163105011
3977,36.97380065917969,3.9294304847717285,0.4968375265598297,0.18664900958538055,-0.0317334346473217,0.5724581480026245
3978,36.98970031738281,3.893861770629883,0.497887521982193,0.18660958111286163,-0.02268073335289955,0.5471524596214294
3979,36.895057678222656,3.6426355838775635,0.5021625757217407,0.18664993345737457,-0.06422746926546097,0.5383118987083435
3980,36.91728210449219,3.806680917739868,0.5031999945640564,0.18670965731143951,-0.03951850160956383,0.5640108585357666
3981,36.95527648925781,3.8242576122283936,0.5033249855041504,0.18677173554897308,-0.056185975670814514,0.5483497381210327
3982,36.96731948852539,3.7997076511383057,0.5004250407218933,0.1867796778678894,-0.05222523584961891,0.5624341368675232
3983,36.96891784667969,3.751195192337036,0.49656251072883606,0.18671546876430511,-0.029400868341326714,0.5495041608810425
3984,36.91310119628906,3.7857892513275146,0.4993000030517578,0.1867024004459381,-0.03180503845214844,0.5422480702400208
3985,36.95974349975586,3.8374054431915283,0.503350019454956,0.1867649406194687,-0.04365237057209015,0.5552946925163269
3986,36.95001983642578,3.815537214279175,0.5001000761985779,0.1867668181657791,-0.010981467552483082,0.5486952066421509
3987,36.89690017700195,3.7151918411254883,0.4988499879837036,0.18674534559249878,-0.05086049810051918,0.5339860916137695
3988,36.97258377075195,3.8940439224243164,0.5042500495910645,0.1868247091770172,-0.04112013429403305,0.5535252690315247
3989,36.91835021972656,3.7660679817199707,0.5030125379562378,0.18688099086284637,-0.05930475890636444,0.5494263768196106
3990,36.975982666015625,3.901437282562256,0.5054125785827637,0.1869821399450302,-0.06526804715394974,0.5650408267974854
3991,36.9947509765625,3.9201955795288086,0.5017250180244446,0.1870144009590149,-0.05287494882941246,0.5369680523872375
3992,36.92124938964844,3.7397258281707764,0.4981500208377838,0.18697980046272278,-0.030133267864584923,0.5620035529136658
3993,36.963340759277344,3.821700096130371,0.49777501821517944,0.18693819642066956,-0.036954499781131744,0.5404896140098572
3994,36.942623138427734,3.800957202911377,0.5002875328063965,0.18694356083869934,-0.06466929614543915,0.5568380355834961
3995,36.9775505065918,3.8499252796173096,0.49658751487731934,0.18687976896762848,-0.04669695347547531,0.5603978633880615
3996,36.95879364013672,3.8472490310668945,0.49978750944137573,0.18687580525875092,-0.04249613359570503,0.5549942255020142
3997,36.9371223449707,3.8271923065185547,0.49816256761550903,0.1868414580821991,-0.060195278376340866,0.5421668887138367
3998,36.89687728881836,3.7928504943847656,0.5002375245094299,0.18684588372707367,-0.054839979857206345,0.5685033798217773
3999,36.94766616821289,3.8665599822998047,0.4984875023365021,0.18681761622428894,-0.05358770117163658,0.5625026822090149
4000,37.013309478759766,3.9680707454681396,0.5000750422477722,0.18681901693344116,-0.0786677896976471,0.5430600047111511
4001,36.90546798706055,3.828347682952881,0.4998500347137451,0.18681621551513672,-0.043885812163352966,0.571138858795166
4002,36.94049072265625,3.7839674949645996,0.500337541103363,0.18682251870632172,-0.05653880909085274,0.5480478405952454
4003,36.91286849975586,3.80000901222229,0.4970250427722931,0.18676693737506866,-0.022499533370137215,0.5471946597099304
4004,36.96390151977539,3.8419530391693115,0.4990500509738922,0.1867491900920868,-0.043314378708601,0.5550496578216553
4005,36.99047088623047,3.853397846221924,0.4939125180244446,0.18663550913333893,-0.021450601518154144,0.5454599261283875
4006,36.88098907470703,3.6471974849700928,0.5012250542640686,0.18665838241577148,-0.04480710253119469,0.5572755336761475
4007,36.96152114868164,3.8693225383758545,0.4982500374317169,0.18662571907043457,-0.05888814851641655,0.5611246228218079
4008,36.945926666259766,3.8762264251708984,0.499687522649765,0.18661989271640778,-0.037817977368831635,0.5538063645362854
4009,36.947608947753906,3.811492681503296,0.49695003032684326,0.18656297028064728,-0.04725721850991249,0.5720086693763733
4010,36.93412780761719,3.7867491245269775,0.5024125576019287,0.1866079866886139,-0.019743815064430237,0.5819070935249329
4011,36.97846603393555,3.852545738220215,0.49707502126693726,0.18655340373516083,-0.03829673305153847,0.5627372860908508
4012,36.937408447265625,3.7787091732025146,0.4995500147342682,0.1865450143814087,-0.045524951070547104,0.5510022044181824
4013,36.95256805419922,3.8460845947265625,0.4981750547885895,0.18651096522808075,-0.052368633449077606,0.5562617182731628
4014,36.99702453613281,3.8642077445983887,0.49703750014305115,0.18645571172237396,-0.02464548870921135,0.5556665658950806
4015,36.99574279785156,3.8888895511627197,0.49807503819465637,0.18641981482505798,-0.0564652718603611,0.5280438661575317
4016,37.03615951538086,3.904973268508911,0.5009750723838806,0.18643799424171448,-0.042442791163921356,0.5512751340866089
4017,36.958412170410156,3.705717086791992,0.5033125281333923,0.18649975955486298,-0.04177253320813179,0.549784779548645
4018,36.9841423034668,3.837635040283203,0.5007625222206116,0.1865139901638031,-0.03636651486158371,0.5407228469848633
4019,37.017616271972656,3.8530056476593018,0.4998750686645508,0.18651165068149567,-0.04285886511206627,0.5772342681884766
4020,36.95207977294922,3.7604429721832275,0.5032625198364258,0.18657250702381134,-0.04929185286164284,0.5508025884628296
4021,36.96073913574219,3.826625108718872,0.49631252884864807,0.18650370836257935,-0.038421183824539185,0.5699926018714905
4022,36.95473098754883,3.7870569229125977,0.49820002913475037,0.1864701360464096,-0.029965555295348167,0.5826812386512756
4023,37.02031707763672,4.027432918548584,0.4994000494480133,0.18645894527435303,-0.04140332341194153,0.5438941717147827
4024,36.88998794555664,3.7529757022857666,0.5009875297546387,0.18647734820842743,-0.031602248549461365,0.5627683401107788
4025,36.90721893310547,3.7789902687072754,0.5061125159263611,0.18659134209156036,-0.04775814712047577,0.5627084970474243
4026,36.99367904663086,3.8999202251434326,0.5042999982833862,0.18667156994342804,-0.022463910281658173,0.5679736137390137
4027,36.97422790527344,3.920229434967041,0.5014625191688538,0.18669886887073517,-0.03161046653985977,0.562929630279541
4028,37.035057067871094,3.9587972164154053,0.49701252579689026,0.1866430938243866,-0.034505754709243774,0.5843201279640198
4029,36.94918441772461,3.86464524269104,0.5026000738143921,0.18669162690639496,-0.05414179340004921,0.568734347820282
4030,36.99131774902344,3.869516611099243,0.5000500082969666,0.18669256567955017,-0.03251500055193901,0.5603932738304138
4031,36.981666564941406,3.834336042404175,0.49637502431869507,0.18662488460540771,-0.049901414662599564,0.529268741607666
4032,36.96201705932617,3.8906853199005127,0.497575044631958,0.186579629778862,-0.030746866017580032,0.5673927068710327
4033,36.95729446411133,3.760124683380127,0.5001000165939331,0.18658149242401123,0.012056814506649971,0.5518020391464233
4034,37.0026741027832,3.893798828125,0.5012249946594238,0.1866043508052826,-0.045355670154094696,0.5465042591094971
4035,36.923824310302734,3.758972406387329,0.4999750554561615,0.18660388886928558,-0.055200427770614624,0.568041980266571
4036,36.984535217285156,3.877208948135376,0.5014874935150146,0.18663164973258972,-0.047122593969106674,0.5417152643203735
4037,36.9842529296875,3.944493293762207,0.5014625191688538,0.18665894865989685,-0.039198245853185654,0.5401710271835327
4038,37.0275764465332,3.953106164932251,0.49566251039505005,0.18657799065113068,-0.038110386580228806,0.5674736499786377
4039,36.94554138183594,3.771696090698242,0.5051125288009644,0.1866733878850937,-0.01586117222905159,0.5446746945381165
4040,36.97422790527344,3.830148458480835,0.5000750422477722,0.1866747885942459,-0.04112020134925842,0.5681583285331726
4041,36.96540451049805,3.7736191749572754,0.4970250427722931,0.18661925196647644,-0.02778574451804161,0.5387111902236938
4042,36.937007904052734,3.792682409286499,0.49970003962516785,0.18661366403102875,-0.046952396631240845,0.5529831051826477
4043,36.926578521728516,3.7996468544006348,0.49662503600120544,0.18655069172382355,-0.06736572086811066,0.5576862096786499
4044,36.98585510253906,3.9070188999176025,0.49897500872612,0.18653157353401184,-0.07216767966747284,0.5531808733940125
4045,36.998416900634766,3.9053077697753906,0.49766257405281067,0.18648797273635864,-0.01585700735449791,0.5458211302757263
4046,36.964088439941406,3.8529086112976074,0.5027874708175659,0.18653994798660278,-0.05080028623342514,0.5536269545555115
4047,36.96710968017578,3.8134169578552246,0.5023250579833984,0.18658331036567688,-0.06410626322031021,0.5305351614952087
4048,37.000091552734375,3.9987666606903076,0.5009750127792358,0.18660150468349457,-0.03119567222893238,0.5668335556983948
4049,36.93635559082031,3.840240716934204,0.49851250648498535,0.18657374382019043,-0.05667152628302574,0.5640212297439575
4050,36.893707275390625,3.825195074081421,0.4985499978065491,0.1865466833114624,-0.06948405504226685,0.5563278794288635
4051,36.86993408203125,3.7328708171844482,0.4961875379085541,0.18647556006908417,-0.05202019587159157,0.5778403282165527
4052,36.937625885009766,3.849079132080078,0.503587543964386,0.18654245138168335,-0.07219970226287842,0.5665702223777771
4053,36.9547004699707,3.8455114364624023,0.49976253509521484,0.18653802573680878,-0.04939392954111099,0.5483765006065369
4054,36.943782806396484,3.7894229888916016,0.5017250180244446,0.1865701973438263,-0.015087922103703022,0.5728663802146912
4055,37.013465881347656,3.8592066764831543,0.5064625144004822,0.18669076263904572,-0.026168840005993843,0.5605459213256836
4056,36.99890899658203,3.857651472091675,0.5023125410079956,0.1867339313030243,-0.018205005675554276,0.56773841381073
4057,36.962711334228516,3.8416836261749268,0.49775001406669617,0.18669191002845764,-0.03437259793281555,0.5427408218383789
4058,36.922576904296875,3.813023805618286,0.49316251277923584,0.18656426668167114,-0.050204720348119736,0.5678582191467285
4059,36.93370819091797,3.8958446979522705,0.49326252937316895,0.18643856048583984,-0.022867780178785324,0.5727530121803284
4060,37.04181671142578,3.96956205368042,0.4980125427246094,0.18640151619911194,-0.02548341453075409,0.5271481275558472
4061,36.94622802734375,3.7487411499023438,0.5029374957084656,0.18645626306533813,-0.0007399802561849356,0.5446970462799072
4062,37.05558395385742,3.9891011714935303,0.5021000504493713,0.18649542331695557,0.0002143254387192428,0.5410218238830566
4063,36.9557991027832,3.769181251525879,0.4986875355243683,0.18647094070911407,0.0017032941104844213,0.5528228282928467
4064,36.95968246459961,3.8380789756774902,0.49631252884864807,0.18640217185020447,-0.006607008166611195,0.5401493906974792
4065,36.95997619628906,3.8554186820983887,0.49656251072883606,0.18633809685707092,-0.03027927875518799,0.5479447245597839
4066,36.93727493286133,3.902379274368286,0.4962874948978424,0.1862689107656479,-0.06170220300555229,0.5593696236610413
4067,37.01649856567383,3.9496407508850098,0.5042250156402588,0.1863476037979126,-0.062157727777957916,0.5441389083862305
4068,36.922115325927734,3.8611912727355957,0.5010000467300415,0.1863662451505661,-0.04030918329954147,0.5660703778266907
4069,36.98104476928711,3.8634166717529297,0.5063125491142273,0.18648387491703033,-0.02632184699177742,0.5671553611755371
4070,37.07870864868164,4.151513576507568,0.5030249953269958,0.18654029071331024,-0.048794183880090714,0.5614196062088013
4071,36.9869270324707,3.9154202938079834,0.4973375201225281,0.18649062514305115,-0.03517170995473862,0.5313326120376587
4072,36.93563461303711,3.858304500579834,0.5022375583648682,0.18653234839439392,-0.038361482322216034,0.5460478663444519
4073,36.92543029785156,3.7445008754730225,0.49627500772476196,0.186462864279747,-0.03746351599693298,0.5118237733840942
4074,36.959747314453125,3.838646411895752,0.49553751945495605,0.18637965619564056,-0.014911133795976639,0.5495525598526001
4075,36.96697235107422,3.7334036827087402,0.49473750591278076,0.18628157675266266,-0.018972422927618027,0.5316600203514099
4076,36.96499252319336,3.735755681991577,0.5039750337600708,0.1863556206226349,-0.03359198942780495,0.5598340034484863
4077,36.97536849975586,3.884507179260254,0.49980005621910095,0.18635189533233643,-0.034558117389678955,0.5546321868896484
4078,36.97447204589844,3.7815439701080322,0.5001500248908997,0.18635469675064087,-0.060759250074625015,0.5426034331321716
4079,36.96976852416992,3.8910953998565674,0.4994000196456909,0.1863435059785843,-0.027710318565368652,0.5530104637145996
4080,36.99049377441406,3.9746057987213135,0.5017375349998474,0.18637590110301971,-0.019274719059467316,0.5493142008781433
4081,36.98426055908203,3.83540678024292,0.49685004353523254,0.18631719052791595,-0.034410763531923294,0.556145966053009
4082,36.964988708496094,3.7614805698394775,0.5001624822616577,0.1863202154636383,-0.028090158477425575,0.5451958179473877
4083,36.989166259765625,3.905194044113159,0.5026749968528748,0.18637005984783173,-0.04403051733970642,0.5690286755561829
4084,36.907432556152344,3.7506322860717773,0.49650001525878906,0.18630483746528625,-0.045856740325689316,0.5655696392059326
4085,36.92791748046875,3.8785240650177,0.5030250549316406,0.18636120855808258,-0.026866843923926353,0.570050060749054
4086,36.900474548339844,3.751016139984131,0.5070875883102417,0.18649330735206604,-0.06547708809375763,0.5517570972442627
4087,36.897071838378906,3.672274589538574,0.5032625198364258,0.18655414879322052,-0.05534137040376663,0.5535544753074646
4088,36.977787017822266,3.7848165035247803,0.5007875561714172,0.18656884133815765,-0.060871511697769165,0.5601978898048401
4089,36.92010498046875,3.888192653656006,0.501075029373169,0.18658889830112457,-0.0596211776137352,0.5430139303207397
4090,36.95102310180664,3.839540719985962,0.5014125108718872,0.1866152584552765,-0.07395422458648682,0.5635223388671875
4091,36.93864059448242,3.9147679805755615,0.49768751859664917,0.1865721046924591,-0.033090367913246155,0.5568104386329651
4092,36.93528747558594,3.7457942962646484,0.49781250953674316,0.18653129041194916,-0.010591666214168072,0.5662701725959778
4093,36.96499252319336,3.889796495437622,0.5001375079154968,0.1865338534116745,-0.0390935093164444,0.5589035749435425
4094,36.990074157714844,3.9701249599456787,0.49791252613067627,0.18649491667747498,-0.030721599236130714,0.5297679305076599
4095,37.01774978637695,3.9335784912109375,0.5002874732017517,0.18650028109550476,-0.029702138155698776,0.5382178425788879
4096,37.01010513305664,3.851300001144409,0.500575065612793,0.18651099503040314,-0.038223836570978165,0.564049482345581
4097,36.98497009277344,3.829235792160034,0.5017250180244446,0.18654316663742065,-0.045850299298763275,0.5542586445808411
4098,36.959632873535156,3.8586220741271973,0.5012250542640686,0.18656602501869202,-0.045375946909189224,0.5621938109397888
4099,36.95687484741211,3.803373098373413,0.4963000416755676,0.18649698793888092,-0.038863006979227066,0.5463045835494995
4100,36.922142028808594,3.7720327377319336,0.49775001406669617,0.18645502626895905,-0.010837585665285587,0.5497244000434875
4101,36.92504119873047,3.7969777584075928,0.4994875192642212,0.1864454746246338,-0.05419596657156944,0.5561004281044006
4102,36.99110412597656,3.9942686557769775,0.499687522649765,0.186439648270607,-0.03798029571771622,0.5622369050979614
4103,36.905235290527344,3.7213594913482666,0.5016875267028809,0.1864711195230484,-0.06354885548353195,0.5757495164871216
4104,36.989051818847656,3.921750545501709,0.5013750195503235,0.18649674952030182,-0.0335068479180336,0.5427418947219849
4105,36.98028564453125,3.813223361968994,0.49873751401901245,0.18647320568561554,-0.03655879944562912,0.5489711761474609
4106,37.022090911865234,3.916006088256836,0.5023125410079956,0.18651632964611053,-0.01756623201072216,0.5523073077201843
4107,36.98945999145508,3.8793537616729736,0.49713754653930664,0.18646293878555298,-0.04391154274344444,0.5605617761611938
4108,36.97763442993164,3.855015754699707,0.49611252546310425,0.1863904595375061,-0.037885379046201706,0.5539007782936096
4109,36.95175552368164,3.8355045318603516,0.49857503175735474,0.18636389076709747,-0.032893575727939606,0.562594473361969
4110,37.023948669433594,4.002859592437744,0.49675002694129944,0.18630331754684448,-0.01536431722342968,0.5419641733169556
4111,36.97624206542969,3.819267749786377,0.5005625486373901,0.18631379306316376,-0.04384034126996994,0.5498512387275696
4112,36.996131896972656,3.839690685272217,0.5087875723838806,0.18647752702236176,-0.031241456046700478,0.5473880171775818
4113,36.97209930419922,3.775146484375,0.5030375123023987,0.18653416633605957,-0.01107250526547432,0.5610665678977966
4114,36.98007583618164,3.849820852279663,0.4979500472545624,0.18649592995643616,-0.02506607212126255,0.5554723739624023
4115,36.962440490722656,3.9049313068389893,0.499224990606308,0.18648147583007812,-0.053176283836364746,0.5645847320556641
4116,36.943214416503906,3.90535306930542,0.4953625500202179,0.18639500439167023,-0.06682278960943222,0.5715481042861938
4117,36.90441131591797,3.7402915954589844,0.4992750585079193,0.1863814890384674,-0.04116172343492508,0.5627133846282959
4118,36.99083709716797,3.9015674591064453,0.5021000504493713,0.18642063438892365,-0.06180163845419884,0.5715914964675903
4119,36.95804977416992,3.7940213680267334,0.5033750534057617,0.18648354709148407,-0.039150673896074295,0.5593950748443604
4120,36.96942138671875,3.8552167415618896,0.5031125545501709,0.1865415871143341,-0.03395634517073631,0.5367404818534851
4121,36.966312408447266,3.795146942138672,0.49928751587867737,0.1865282952785492,-0.03624018281698227,0.547738254070282
4122,36.994930267333984,3.8481099605560303,0.49767500162124634,0.1864849179983139,-0.07234999537467957,0.576565682888031
4123,36.999393463134766,3.9165680408477783,0.49810004234313965,0.18644948303699493,-0.05041256546974182,0.5536358952522278
4124,36.92717361450195,3.7135863304138184,0.49547502398490906,0.18636511266231537,-0.02999190427362919,0.55662602186203
4125,36.93985366821289,3.7934682369232178,0.4994499683380127,0.186354860663414,-0.04295388609170914,0.5657197833061218
4126,36.97325897216797,3.7767019271850586,0.4974750280380249,0.18630780279636383,-0.019482167437672615,0.5624690651893616
4127,36.994140625,3.8224809169769287,0.5006750226020813,0.18632037937641144,-0.01881656050682068,0.5464543104171753
4128,37.02932357788086,3.929131031036377,0.501075029373169,0.18634040653705597,-0.006783115677535534,0.5451379418373108
4129,36.96315002441406,3.802616596221924,0.4942375123500824,0.1862330287694931,-0.031141819432377815,0.5470919013023376
4130,37.008304595947266,3.9105050563812256,0.5017375349998474,0.18626539409160614,-0.048022057861089706,0.5501085519790649
4131,36.952484130859375,3.8856730461120605,0.49746254086494446,0.18621812760829926,-0.051701877266168594,0.5505150556564331
4132,37.019248962402344,3.8887381553649902,0.5029374957084656,0.18627282977104187,-0.07893496006727219,0.5531757473945618
4133,36.973506927490234,3.8276402950286865,0.49941253662109375,0.1862618774175644,-0.015199780464172363,0.5454311370849609
4134,36.95821762084961,3.8450927734375,0.5002124905586243,0.18626582622528076,-0.05781526491045952,0.5500828623771667
4135,37.006961822509766,3.892101526260376,0.5017750263214111,0.1862988919019699,-0.059677187353372574,0.5457963347434998
4136,36.982547760009766,3.901322603225708,0.49943751096725464,0.18628841638565063,-0.037204910069704056,0.5716538429260254
4137,36.941341400146484,3.835130214691162,0.49470004439353943,0.1861896812915802,-0.03331146389245987,0.5575117468833923
4138,36.9951171875,3.837287425994873,0.49685001373291016,0.18613103032112122,-0.0304951723664999,0.5464897751808167
4139,36.996543884277344,3.8934779167175293,0.5013874769210815,0.18615685403347015,-0.030102768912911415,0.5628741383552551
4140,37.03212356567383,3.9672014713287354,0.5009375214576721,0.18617430329322815,-0.048012230545282364,0.5475921630859375
4141,36.961463928222656,3.883981466293335,0.5003750324249268,0.18618129193782806,-0.017208050936460495,0.5586355328559875
4142,36.94559860229492,3.736398935317993,0.49832504987716675,0.18615010380744934,-0.02371276542544365,0.5451628565788269
4143,37.016605377197266,3.8878395557403564,0.5024875402450562,0.18619641661643982,-0.05270857736468315,0.5617079734802246
4144,36.9321174621582,3.7423644065856934,0.5023125410079956,0.18623948097229004,-0.030697816982865334,0.5470243692398071
4145,36.88665008544922,3.6138241291046143,0.5019625425338745,0.18627601861953735,-0.06259557604789734,0.5651846528053284
4146,36.991172790527344,3.819490671157837,0.49922502040863037,0.18626157939434052,-0.04362453520298004,0.5508466958999634
4147,36.941001892089844,3.91060733795166,0.49703752994537354,0.1862064003944397,-0.05572624132037163,0.5662951469421387
4148,36.92151641845703,3.794733762741089,0.5012875199317932,0.1862303763628006,-0.03288765624165535,0.5665556788444519
4149,37.022125244140625,3.9979944229125977,0.5026375651359558,0.1862795054912567,-0.024524366483092308,0.5427036285400391
4150,36.966182708740234,3.8189969062805176,0.5034624934196472,0.18634401261806488,-0.026198148727416992,0.5461296439170837
4151,36.96854019165039,3.77777099609375,0.5055000185966492,0.18644650280475616,-0.012179253622889519,0.5776374936103821
4152,36.96144104003906,3.828066349029541,0.49387502670288086,0.18633230030536652,-0.03170604631304741,0.5557956099510193
4153,36.98945999145508,3.91125750541687,0.49800002574920654,0.1862950325012207,-0.06748316437005997,0.5377745032310486
4154,36.93122863769531,3.8231897354125977,0.4942750334739685,0.18618838489055634,-0.04324093088507652,0.5402228832244873
4155,36.905296325683594,3.734233856201172,0.49800002574920654,0.1861511468887329,-0.0672062560915947,0.5509294867515564
4156,36.96744918823242,3.8661160469055176,0.501924991607666,0.1861869841814041,-0.030832894146442413,0.5376753807067871
4157,36.98767852783203,3.8394391536712646,0.5038999915122986,0.18625961244106293,-0.039305903017520905,0.5655695199966431
4158,37.008609771728516,3.8980050086975098,0.501462459564209,0.18628685176372528,-0.007581500802189112,0.5359776616096497
4159,36.96230697631836,3.762333631515503,0.5001749992370605,0.18629011511802673,-0.03467848151922226,0.527910590171814
4160,36.99945068359375,3.898420572280884,0.4994875192642212,0.18628056347370148,-0.019652124494314194,0.5388670563697815
4161,36.94895935058594,3.8659491539001465,0.49851253628730774,0.18625284731388092,-0.02822079509496689,0.5486751198768616
4162,37.01045227050781,4.003270626068115,0.5001125335693359,0.18625493347644806,-0.0605829618871212,0.5475898385047913
4163,36.91994094848633,3.7408041954040527,0.5014750361442566,0.18628239631652832,-0.035990092903375626,0.5719432830810547
4164,36.97855758666992,3.8960673809051514,0.5038750767707825,0.1863545924425125,-0.05325429141521454,0.5674329400062561
4165,36.95920181274414,3.7820141315460205,0.5055375695228577,0.1864577829837799,-0.05826113373041153,0.5627893209457397
4166,36.99650192260742,3.861361265182495,0.5037375092506409,0.18652746081352234,-0.03132433071732521,0.5658568143844604
4167,36.989498138427734,3.8664426803588867,0.5004125237464905,0.18653514981269836,-0.04681585356593132,0.5527364015579224
4168,36.929325103759766,3.856191873550415,0.5010875463485718,0.1865554302930832,-0.059601087123155594,0.5351793169975281
4169,36.99028778076172,3.8925046920776367,0.49543753266334534,0.18647031486034393,-0.06245412677526474,0.5424678325653076
4170,36.95512771606445,3.8664650917053223,0.49393752217292786,0.1863572746515274,-0.029170991852879524,0.5253105759620667
4171,36.977760314941406,3.8396356105804443,0.49966251850128174,0.1863509863615036,-0.058791935443878174,0.5328223705291748
4172,36.98081588745117,3.9439268112182617,0.49995002150535583,0.1863500475883484,-0.03819501772522926,0.5547848343849182
4173,36.95340347290039,3.8068103790283203,0.5029875040054321,0.1864057183265686,-0.07069926708936691,0.5632465481758118
4174,37.01053237915039,3.8677966594696045,0.5049500465393066,0.1864979863166809,-0.04141227528452873,0.5458610653877258
4175,36.90107727050781,3.758852243423462,0.50204998254776,0.18653622269630432,-0.044179681688547134,0.5539891719818115
4176,36.98549270629883,3.9345810413360596,0.5006000399589539,0.1865474134683609,-0.037283413112163544,0.5712198615074158
4177,36.95130157470703,3.8189847469329834,0.49550002813339233,0.18646346032619476,-0.05487488582730293,0.5550456047058105
4178,36.95297622680664,3.841968536376953,0.4931875169277191,0.1863364428281784,-0.018950296565890312,0.5624663829803467
4179,37.01594161987305,4.018075942993164,0.49515005946159363,0.18624606728553772,-0.050425946712493896,0.5420305728912354
4180,36.961151123046875,3.820051431655884,0.5039875507354736,0.18632033467292786,-0.028033969923853874,0.5678249597549438
4181,36.9549560546875,3.8451027870178223,0.5044000744819641,0.1864023208618164,-0.03853100165724754,0.5536461472511292
4182,36.975250244140625,3.718874454498291,0.50204998254776,0.18644054234027863,-0.02797708287835121,0.560378909111023
4183,37.00042724609375,3.77278995513916,0.5064875483512878,0.1865614950656891,-0.0028213884215801954,0.5542076826095581
4184,36.99406814575195,3.7409474849700928,0.5006750226020813,0.1865740865468979,-0.015861568972468376,0.529542863368988
4185,36.96691131591797,3.7720532417297363,0.4991750419139862,0.18655869364738464,-0.00402473472058773,0.5426911115646362
4186,36.91902542114258,3.720417022705078,0.49508753418922424,0.18646705150604248,-0.014796599745750427,0.5557843446731567
4187,37.004051208496094,3.906890392303467,0.49810004234313965,0.1864316165447235,-0.040877580642700195,0.5414559245109558
4188,36.98525619506836,3.872696876525879,0.5023625493049622,0.18647566437721252,-0.029907550662755966,0.5740201473236084
4189,36.9445915222168,3.8005635738372803,0.5012500286102295,0.1864989846944809,-0.03351284936070442,0.5648639798164368
4190,37.01799392700195,3.853982925415039,0.504800021648407,0.18658851087093353,-0.021800123155117035,0.5679412484169006
4191,36.985809326171875,3.8907575607299805,0.4943750202655792,0.18648356199264526,-0.013149240985512733,0.553465723991394
4192,37.0025749206543,3.941227674484253,0.5010125637054443,0.18650244176387787,-0.028195234015583992,0.5347763895988464
4193,37.02091598510742,3.9517788887023926,0.5022500157356262,0.18654438853263855,-0.026106182485818863,0.547652542591095
4194,36.94799041748047,3.8066372871398926,0.5011250376701355,0.18656538426876068,-0.036276232451200485,0.5506592392921448
4195,36.975467681884766,3.8885107040405273,0.4930875599384308,0.18643642961978912,-0.042089127004146576,0.5332083702087402
4196,36.905799865722656,3.74297833442688,0.5047625303268433,0.18652522563934326,-0.03119199350476265,0.5566112995147705
4197,36.933658599853516,3.828253984451294,0.4993624985218048,0.18651333451271057,-0.03335626423358917,0.5665808320045471
4198,36.90911102294922,3.726968288421631,0.5052875280380249,0.18661196529865265,-0.04738272354006767,0.5693325996398926
4199,36.89207458496094,3.7010629177093506,0.5032625198364258,0.1866728514432907,-0.09588512033224106,0.5448816418647766
4200,36.94239807128906,3.846585273742676,0.4979875087738037,0.18663528561592102,-0.02626153640449047,0.5403865575790405
4201,36.933746337890625,3.745237112045288,0.4963875114917755,0.18656785786151886,-0.04552408680319786,0.5306206345558167
4202,36.8820915222168,3.723526954650879,0.5010500550270081,0.18658745288848877,-0.04594235122203827,0.5550063252449036
4203,36.904090881347656,3.695441484451294,0.5023500323295593,0.18663129210472107,-0.05102129280567169,0.5753118395805359
4204,36.9422492980957,3.8407809734344482,0.502387523651123,0.18667586147785187,-0.016946537420153618,0.5791503190994263
4205,36.96874237060547,3.8192007541656494,0.5006250143051147,0.18668752908706665,-0.02669408544898033,0.5377846956253052
4206,36.99526596069336,3.939448118209839,0.4966000020503998,0.18662406504154205,-0.01019598264247179,0.5519644618034363
4207,36.984161376953125,3.928748846054077,0.5017625093460083,0.18665695190429688,-0.062111202627420425,0.5579658150672913
4208,37.02057647705078,3.87611985206604,0.5001125335693359,0.186659038066864,-0.03900275379419327,0.5501901507377625
4209,37.00242614746094,3.922373056411743,0.4993375241756439,0.18664667010307312,-0.013575072400271893,0.5606681704521179
4210,36.999412536621094,3.8860650062561035,0.4972125291824341,0.1865946352481842,-0.005327699705958366,0.5674409866333008
4211,36.97988510131836,3.880781888961792,0.4979000389575958,0.18655546009540558,-0.04022740200161934,0.5615675449371338
4212,37.02080154418945,3.870609998703003,0.4953875243663788,0.1864694207906723,-0.03209506720304489,0.5429839491844177
4213,37.02385711669922,3.895249366760254,0.4992750585079193,0.18645590543746948,-0.04589230939745903,0.5582800507545471
4214,37.021324157714844,3.8755972385406494,0.5039000511169434,0.18652863800525665,-0.031230153515934944,0.5579181909561157
4215,36.94234085083008,3.6561226844787598,0.5029875636100769,0.18658436834812164,-0.045659638941287994,0.5493608713150024
4216,36.966033935546875,3.779327392578125,0.5025375485420227,0.1866317242383957,-0.04630725458264351,0.5668419003486633
4217,36.96759033203125,3.8517537117004395,0.49970003962516785,0.1866261214017868,-0.06009906902909279,0.5416840314865112
4218,36.9971809387207,3.8374834060668945,0.4985625445842743,0.18659928441047668,-0.05844328552484512,0.5603021383285522
4219,36.94623947143555,3.8468408584594727,0.4959125220775604,0.18652300536632538,-0.012422262690961361,0.5471315979957581
4220,36.927059173583984,3.8212108612060547,0.4986000061035156,0.18649688363075256,-0.022704897448420525,0.5585737824440002
4221,36.89048385620117,3.7698473930358887,0.5008500218391418,0.18651273846626282,-0.030507586896419525,0.5567005276679993
4222,36.97319793701172,3.859532356262207,0.49787506461143494,0.18647310137748718,-0.020291032269597054,0.545935869216919
4223,36.94383239746094,3.775616407394409,0.5034875273704529,0.18653814494609833,-0.03527151048183441,0.5346131920814514
4224,36.97294235229492,3.847012758255005,0.5034250020980835,0.18660202622413635,-0.010084613226354122,0.5484352707862854
4225,37.07633972167969,4.005247116088867,0.49550002813339233,0.18651805818080902,-0.025206755846738815,0.5057438015937805
4226,37.0290641784668,3.868025779724121,0.4972500503063202,0.1864667683839798,0.008851728402078152,0.5585660338401794
4227,36.985740661621094,3.878117084503174,0.49557504057884216,0.18638426065444946,-0.01862754300236702,0.5491142868995667
4228,37.01173782348633,3.9764349460601807,0.49957504868507385,0.18637633323669434,-0.039389826357364655,0.5383589863777161
4229,37.00433349609375,3.989107370376587,0.4988125264644623,0.18635420501232147,-0.04761442169547081,0.560178279876709
4230,36.97550582885742,3.791684627532959,0.5043875575065613,0.1864359825849533,-0.02057098038494587,0.5712763071060181
4231,36.91492462158203,3.708634376525879,0.5055999755859375,0.1865403950214386,-0.06753117591142654,0.5658282041549683
4232,36.91590881347656,3.7186594009399414,0.5041124820709229,0.18661712110042572,-0.038256410509347916,0.543769121170044
4233,36.9302978515625,3.814762830734253,0.5010000467300415,0.1866357922554016,-0.03553912043571472,0.5592966079711914
4234,36.96113204956055,3.87469220161438,0.49755001068115234,0.1865900754928589,-0.0353492870926857,0.5544586181640625
4235,36.97636413574219,3.9620909690856934,0.4973750114440918,0.1865410953760147,-0.03784904628992081,0.5649519562721252
4236,36.91895294189453,3.7561042308807373,0.49931252002716064,0.186528280377388,-0.05453783646225929,0.5351448059082031
4237,36.982505798339844,3.8664042949676514,0.5021750330924988,0.18656885623931885,-0.04727352410554886,0.5357459783554077
4238,37.013423919677734,3.905712366104126,0.5010375380516052,0.18658821284770966,-0.04109630733728409,0.5533636212348938
4239,36.959068298339844,3.81414532661438,0.5014500617980957,0.1866152584552765,-0.032696228474378586,0.5701820254325867
4240,36.957069396972656,3.8011062145233154,0.5067625641822815,0.18674145638942719,-0.021853817626833916,0.5773890614509583
4241,36.9567985534668,3.777116298675537,0.49963754415512085,0.18673469126224518,-0.039029285311698914,0.5376108884811401
4242,37.01976776123047,3.908256769180298,0.4985000193119049,0.18670667707920074,-0.013238473795354366,0.5474981069564819
4243,37.036251068115234,4.008082389831543,0.4937375485897064,0.18658974766731262,-0.034407682716846466,0.5545830726623535
4244,37.04143524169922,3.8862271308898926,0.4980875253677368,0.18655405938625336,-0.04790928214788437,0.569869339466095
4245,37.05778503417969,4.014252662658691,0.49615001678466797,0.186482235789299,-0.018444998189806938,0.5576999187469482
4246,36.962677001953125,3.707155227661133,0.5032125115394592,0.18654215335845947,-0.017874661833047867,0.5661281943321228
4247,37.038143157958984,3.931068181991577,0.5021875500679016,0.18658295273780823,-0.00917865615338087,0.5405272245407104
4248,37.01542663574219,3.927625894546509,0.5018875002861023,0.1866181641817093,-0.02162724733352661,0.5234736800193787
4249,36.987754821777344,3.8351049423217773,0.4979749917984009,0.1865803748369217,-0.05967254936695099,0.5842624306678772
4250,36.94542694091797,3.877315044403076,0.5024500489234924,0.18662607669830322,-0.032785240560770035,0.540804922580719
4251,36.913543701171875,3.748551845550537,0.5004000067710876,0.18663355708122253,-0.0441860556602478,0.5539956092834473
4252,36.91318893432617,3.714510679244995,0.5009125471115112,0.1866506040096283,-0.027701551094651222,0.5575998425483704
4253,36.9327278137207,3.801287889480591,0.49906253814697266,0.18663311004638672,-0.0102581437677145,0.5724411010742188
4254,37.01009750366211,3.938631772994995,0.4991750121116638,0.18661771714687347,-0.005277469754219055,0.559520423412323
4255,36.95415115356445,3.741809129714966,0.5006625056266785,0.18663008511066437,-0.022675076499581337,0.5480152368545532
4256,36.94591522216797,3.8482422828674316,0.4979500472545624,0.18659183382987976,-0.025866158306598663,0.5726457238197327
4257,36.95974349975586,3.8312509059906006,0.4917750358581543,0.18643836677074432,-0.01446180697530508,0.5474700927734375
4258,36.94331741333008,3.785238742828369,0.5006000399589539,0.1864495426416397,-0.011748578399419785,0.5678538680076599
4259,36.95026779174805,3.768674373626709,0.5003874897956848,0.18645676970481873,-0.010033133439719677,0.5647884011268616
4260,37.048316955566406,3.938768148422241,0.5041875243186951,0.1865348517894745,-0.027427608147263527,0.5610640048980713
4261,36.968421936035156,3.8272182941436768,0.4987875521183014,0.18651223182678223,-0.031968943774700165,0.55348801612854
4262,37.00156021118164,3.862626314163208,0.5006999969482422,0.18652528524398804,-0.015711957588791847,0.5354818105697632
4263,37.04410934448242,4.041991710662842,0.49713754653930664,0.18647189438343048,-0.03598765656352043,0.5459789633750916
4264,37.01854705810547,3.8493192195892334,0.4966125190258026,0.18640872836112976,-0.02893928810954094,0.530402421951294
4265,37.013423919677734,3.850313663482666,0.49678751826286316,0.1863488405942917,-0.01738130673766136,0.5538032054901123
4266,37.01033020019531,4.013535022735596,0.49773749709129333,0.1863066703081131,-0.03866628557443619,0.5673398971557617
4267,36.9362907409668,3.8171896934509277,0.5027999877929688,0.18635883927345276,-0.039114922285079956,0.5421339869499207
4268,36.89388656616211,3.67578387260437,0.4975000321865082,0.1863122582435608,-0.0563218854367733,0.5525730848312378
4269,36.9286003112793,3.749260902404785,0.5050625205039978,0.18640658259391785,-0.0518321692943573,0.582963228225708
4270,36.99504852294922,3.8699543476104736,0.5020875334739685,0.18644548952579498,-0.043333303183317184,0.556665301322937
4271,36.945289611816406,3.7539665699005127,0.5032250285148621,0.18650561571121216,-0.03694825619459152,0.5480127334594727
4272,36.99715042114258,3.934455394744873,0.4987625479698181,0.1864825338125229,-0.06472451984882355,0.5401456952095032
4273,36.93972396850586,3.804626941680908,0.5025874972343445,0.18653079867362976,-0.027233581990003586,0.5589001178741455
4274,36.94483184814453,3.763796329498291,0.4970250427722931,0.18647530674934387,-0.036975666880607605,0.5379526019096375
4275,36.942352294921875,3.734483003616333,0.5011625289916992,0.18649698793888092,-0.032043490558862686,0.5642474889755249
4276,37.0227165222168,3.842656373977661,0.5001749992370605,0.18650025129318237,-0.04177776351571083,0.5496392846107483
4277,36.882816314697266,3.642202377319336,0.49892500042915344,0.18648019433021545,-0.02260841429233551,0.5652776956558228
4278,36.97621536254883,3.8673598766326904,0.497825026512146,0.1864396333694458,-0.030349835753440857,0.5551421642303467
4279,36.989349365234375,3.8603603839874268,0.49643751978874207,0.18637321889400482,0.0025012933183461428,0.5434030890464783
4280,37.01301956176758,3.959322214126587,0.5036749839782715,0.18644171953201294,-0.04751541092991829,0.551364004611969
4281,36.96895217895508,3.7408499717712402,0.5029875636100769,0.18649742007255554,-0.03946259617805481,0.5322767496109009
4282,36.943790435791016,3.7189717292785645,0.49692502617836,0.18644006550312042,-0.03023740090429783,0.5621581077575684
4283,36.92374038696289,3.7849602699279785,0.49816253781318665,0.18640580773353577,-0.04512165114283562,0.5720300674438477
4284,36.993526458740234,3.8409957885742188,0.49851250648498535,0.18637807667255402,-0.03117685578763485,0.5480478405952454
4285,36.938804626464844,3.7674760818481445,0.4994625151157379,0.18636806309223175,-0.03813692554831505,0.5576225519180298
4286,36.92453384399414,3.7441961765289307,0.5024374723434448,0.1864134967327118,-0.04342208057641983,0.570118248462677
4287,36.95862579345703,3.8367135524749756,0.5022125244140625,0.18645474314689636,-0.0592358335852623,0.5545196533203125
4288,36.957916259765625,3.777764320373535,0.5011375546455383,0.1864759474992752,-0.0328822024166584,0.5516194701194763
4289,36.97831726074219,3.8100781440734863,0.4966125190258026,0.1864127814769745,-0.01277229469269514,0.5429191589355469
4290,36.939292907714844,3.7772176265716553,0.4966125190258026,0.18634963035583496,-0.0329972542822361,0.5562294721603394
4291,36.959774017333984,3.818044900894165,0.4960625171661377,0.18627625703811646,-0.0418846532702446,0.5614755749702454
4292,36.93501663208008,3.819805383682251,0.4983625113964081,0.18624575436115265,-0.03781278431415558,0.5612005591392517
4293,36.923240661621094,3.743170976638794,0.5014874935150146,0.186273455619812,-0.028670594096183777,0.5548917651176453
4294,36.89925003051758,3.6921205520629883,0.5057875514030457,0.1863812655210495,-0.05017460137605667,0.5779480934143066
4295,37.00727081298828,3.8856899738311768,0.5006750226020813,0.1863938421010971,-0.028239339590072632,0.5430780053138733
4296,36.95100784301758,3.801694869995117,0.5005375146865845,0.18640387058258057,-0.03475828096270561,0.5846694111824036
4297,36.959476470947266,3.7662384510040283,0.501162588596344,0.18642553687095642,-0.05340899899601936,0.5376275181770325
4298,36.97749328613281,3.812039852142334,0.4978000223636627,0.18638452887535095,-0.03413833677768707,0.5513449907302856
4299,36.95222091674805,3.7783453464508057,0.5036500692367554,0.18645256757736206,-0.020304761826992035,0.5538267493247986
4300,36.939125061035156,3.7980599403381348,0.4974125325679779,0.18640431761741638,-0.014863146468997002,0.5316388010978699
4301,37.01515197753906,4.012526512145996,0.5002375245094299,0.18640874326229095,-0.05162069946527481,0.5537809133529663
4302,36.9786262512207,3.82812237739563,0.49925002455711365,0.18639476597309113,-0.060326144099235535,0.5569643378257751
4303,36.97913360595703,3.913731575012207,0.49896255135536194,0.1863754242658615,-0.04217210039496422,0.5413169264793396
4304,36.954593658447266,3.835721731185913,0.4980250597000122,0.1863386183977127,-0.017853356897830963,0.5377805829048157
4305,37.0040397644043,3.91802978515625,0.5016250014305115,0.1863688975572586,-0.03452201932668686,0.559321939945221
4306,36.99870300292969,3.9124503135681152,0.4987874925136566,0.18634630739688873,-0.048321060836315155,0.5703020691871643
4307,36.918243408203125,3.7671477794647217,0.5009750723838806,0.18636447191238403,-0.02581457793712616,0.5461788773536682
4308,36.94576644897461,3.8861844539642334,0.49908754229545593,0.18634746968746185,-0.016539979726076126,0.5609509348869324
4309,36.9654541015625,3.8136484622955322,0.4969000518321991,0.1862896978855133,-0.03640593960881233,0.5389817357063293
4310,36.96051025390625,3.893781900405884,0.49865004420280457,0.1862645447254181,-0.03721986711025238,0.5584359765052795
4311,36.941009521484375,3.778054714202881,0.5012875199317932,0.186288520693779,-0.060399025678634644,0.5609098076820374
4312,36.93989944458008,3.7505338191986084,0.5030250549316406,0.18634487688541412,-0.047547597438097,0.5590665936470032
4313,36.95915985107422,3.789865493774414,0.501800000667572,0.18637841939926147,-0.029881654307246208,0.569557249546051
4314,36.97836685180664,3.944096565246582,0.5021875500679016,0.18641918897628784,-0.04476367309689522,0.5507856011390686
4315,36.95895767211914,3.8740296363830566,0.49880000948905945,0.18639682233333588,-0.05786370113492012,0.5506424903869629
4316,36.99628829956055,3.9856390953063965,0.49461251497268677,0.18629640340805054,-0.036789342761039734,0.5398943424224854
4317,36.978492736816406,3.9120585918426514,0.4975750148296356,0.18625123798847198,-0.018747100606560707,0.5554642081260681
4318,36.923465728759766,3.7663767337799072,0.5029625296592712,0.1863064169883728,-0.016850082203745842,0.5614309906959534
4319,36.9488639831543,3.803224802017212,0.5016125440597534,0.1863364726305008,-0.05419788137078285,0.5493412017822266
4320,36.91218185424805,3.6851415634155273,0.500087559223175,0.18633809685707092,-0.041802484542131424,0.5683494210243225
4321,36.955257415771484,3.713923454284668,0.5049000382423401,0.18642939627170563,-0.04027201607823372,0.5350308418273926
4322,36.89680099487305,3.621769428253174,0.5027750134468079,0.18648113310337067,-0.038832228630781174,0.5562488436698914
4323,36.9993896484375,3.8923792839050293,0.49582502245903015,0.186403289437294,-0.02620338834822178,0.5577973127365112
4324,36.95458221435547,3.8624978065490723,0.49836254119873047,0.186372771859169,-0.023908376693725586,0.5364130735397339
4325,36.96013641357422,3.8220436573028564,0.4984000623226166,0.18634295463562012,-0.03251378610730171,0.5548536777496338
4326,36.94841003417969,3.7964651584625244,0.5060000419616699,0.18645475804805756,-0.05357920005917549,0.543662428855896
4327,37.01094055175781,3.8260931968688965,0.5050625205039978,0.18654915690422058,-0.020604223012924194,0.5601171851158142
4328,37.011566162109375,3.8769729137420654,0.4979000389575958,0.18650998175144196,-0.03349447250366211,0.5483214259147644
4329,36.87611389160156,3.6463425159454346,0.49783751368522644,0.1864696443080902,-0.044094208627939224,0.5515254735946655
4330,36.97891616821289,3.907358169555664,0.4975625276565552,0.18642419576644897,-0.03362610191106796,0.5595482587814331
4331,36.93355941772461,3.773747444152832,0.497762531042099,0.1863824874162674,0.001185466768220067,0.5801876783370972
4332,36.95006561279297,3.784247398376465,0.5026500225067139,0.186431884765625,-0.03808339312672615,0.562386155128479
4333,36.96628189086914,3.7345659732818604,0.504675030708313,0.18651904165744781,-0.017193766310811043,0.5649778246879578
4334,36.92335510253906,3.7351694107055664,0.4970000088214874,0.18646308779716492,-0.010312311351299286,0.5346083045005798
4335,37.00348663330078,3.929213285446167,0.5059500336647034,0.1865740269422531,-0.05011679232120514,0.5591387152671814
4336,36.97060012817383,3.84093976020813,0.49746254086494446,0.18652668595314026,-0.0514993779361248,0.5435717105865479
4337,36.98542404174805,3.830866813659668,0.5007750391960144,0.1865411400794983,-0.020928218960762024,0.5659021735191345
4338,36.920555114746094,3.8235023021698,0.5013124942779541,0.18656562268733978,-0.04132900387048721,0.5356316566467285
4339,36.98519515991211,3.8934903144836426,0.5011375546455383,0.18658684194087982,-0.0567593015730381,0.5664743781089783
4340,36.938899993896484,3.760437250137329,0.4998375475406647,0.18658380210399628,-0.036394305527210236,0.5377282500267029
4341,36.98088455200195,3.8345062732696533,0.4970000088214874,0.18652783334255219,-0.01508032064884901,0.5698468089103699
4342,36.91098403930664,3.712008237838745,0.5050125122070312,0.18662133812904358,-0.03363713622093201,0.5669482350349426
4343,36.97300720214844,3.8600988388061523,0.501912534236908,0.18665702641010284,-0.05159379541873932,0.564013659954071
4344,36.97744369506836,3.882390260696411,0.49937501549720764,0.18664535880088806,-0.047115176916122437,0.5672403573989868
4345,36.958885192871094,3.9085516929626465,0.4986875355243683,0.18662086129188538,-0.030626492574810982,0.5606352686882019
4346,36.92117691040039,3.825430393218994,0.49807503819465637,0.186584934592247,-0.04983800649642944,0.5617536902427673
4347,36.976707458496094,3.937950372695923,0.49528756737709045,0.18649700284004211,-0.06471885740756989,0.5489262938499451
4348,36.931373596191406,3.783602237701416,0.5046875476837158,0.18658441305160522,-0.0627388209104538,0.563906729221344
4349,36.92499923706055,3.757401943206787,0.5019625425338745,0.1866210252046585,-0.030361883342266083,0.5768460035324097
4350,36.9708251953125,3.87310791015625,0.5042750239372253,0.18670080602169037,-0.04744589328765869,0.5823779106140137
4351,36.885833740234375,3.6913442611694336,0.49830004572868347,0.18666906654834747,-0.04462385177612305,0.567354142665863
4352,36.981468200683594,3.8967034816741943,0.49758756160736084,0.18662403523921967,-0.021667851135134697,0.550055980682373
4353,36.96098327636719,3.7700977325439453,0.5007250308990479,0.18663756549358368,-0.05077225714921951,0.5386272668838501
4354,36.98415756225586,3.832305431365967,0.49822500348091125,0.18660444021224976,-0.03415307775139809,0.5616119503974915
4355,36.980018615722656,3.817354917526245,0.4987875521183014,0.1865818202495575,-0.014346965588629246,0.5376792550086975
4356,37.0098876953125,4.083077907562256,0.49857503175735474,0.18655523657798767,-0.05467060208320618,0.5611740350723267
4357,36.96598434448242,3.8016955852508545,0.5024000406265259,0.186599999666214,-0.04036048799753189,0.5616569519042969
4358,36.918968200683594,3.731355667114258,0.502262532711029,0.18664221465587616,-0.01900308020412922,0.5501061677932739
4359,36.9229736328125,3.7347259521484375,0.4969250559806824,0.18658481538295746,0.002577216364443302,0.5589524507522583
4360,36.977657318115234,3.785121440887451,0.49845001101493835,0.1865559071302414,-0.04337570443749428,0.5405945181846619
4361,36.98976135253906,3.881925106048584,0.4941500127315521,0.18644677102565765,-0.013005402870476246,0.5410246849060059
4362,36.9539909362793,3.7842469215393066,0.49626249074935913,0.18637709319591522,-0.02344466559588909,0.5233482718467712
4363,36.90499496459961,3.7290446758270264,0.5001375079154968,0.18637964129447937,-0.05082273483276367,0.5547904372215271
4364,36.93277359008789,3.7946317195892334,0.4980500340461731,0.18634329736232758,-0.05126764252781868,0.5686429738998413
4365,37.004676818847656,3.971198081970215,0.5016500353813171,0.18637403845787048,-0.023608829826116562,0.5565279722213745
4366,36.95066452026367,3.82609224319458,0.5038000345230103,0.18644486367702484,-0.03610243275761604,0.535677969455719
4367,36.977569580078125,3.8350155353546143,0.503212571144104,0.1865047663450241,-0.07043300569057465,0.5663779377937317
4368,36.960792541503906,3.788663148880005,0.49608755111694336,0.18643179535865784,-0.011860661208629608,0.5365190505981445
4369,37.00859451293945,3.851149082183838,0.5041875243186951,0.1865098625421524,-0.016243090853095055,0.5550867319107056
4370,36.95356750488281,3.7706007957458496,0.4980125427246094,0.1864728033542633,-0.057995300740003586,0.5635229349136353
4371,36.96839141845703,3.8906731605529785,0.49605002999305725,0.18639914691448212,-0.0656580701470375,0.5490517020225525
4372,36.947418212890625,3.8054111003875732,0.4942000210285187,0.18629103899002075,-0.04154086485505104,0.569046139717102
4373,36.945125579833984,3.7988057136535645,0.499162495136261,0.1862754374742508,-0.0344625785946846,0.5595294237136841
4374,36.95406723022461,3.801260232925415,0.4998375475406647,0.18627241253852844,-0.0751040056347847,0.5297321677207947
4375,36.93789291381836,3.677689790725708,0.5030750632286072,0.1863297075033188,-0.0705195739865303,0.5638741254806519
4376,36.971641540527344,3.8198044300079346,0.4966375231742859,0.18626706302165985,-0.045401681214571,0.5421174764633179
4377,36.92308044433594,3.7082583904266357,0.49793753027915955,0.1862286478281021,-0.01366488914936781,0.5290777087211609
4378,36.97476577758789,3.8644959926605225,0.4944875240325928,0.1861259937286377,-0.02786397747695446,0.5322558283805847
4379,37.04536819458008,3.9540722370147705,0.4974375367164612,0.1860782951116562,-0.02231977880001068,0.5345733165740967
4380,36.97719192504883,3.9167051315307617,0.49676254391670227,0.18601804971694946,-0.025442086160182953,0.546180248260498
4381,36.95954132080078,3.9407596588134766,0.4994000494480133,0.18600688874721527,-0.048380296677351,0.5576533675193787
4382,36.941383361816406,3.7697062492370605,0.5060250163078308,0.1861189603805542,-0.05394810810685158,0.5777965188026428
4383,36.96808624267578,3.8823459148406982,0.5030625462532043,0.18617595732212067,-0.053025584667921066,0.568679690361023
4384,36.99955749511719,3.9388339519500732,0.4984875023365021,0.1861477941274643,-0.02797839790582657,0.5436434745788574
4385,36.992515563964844,3.9000086784362793,0.4983375370502472,0.18611684441566467,-0.02026163600385189,0.5631393790245056
4386,36.9669075012207,3.8453214168548584,0.4935625195503235,0.18599703907966614,-0.032462041825056076,0.5689464807510376
4387,36.969058990478516,3.8498356342315674,0.5016875267028809,0.18602843582630157,-0.02346474677324295,0.5532336831092834
4388,36.99665832519531,3.972010612487793,0.49557504057884216,0.18594612181186676,-0.03073740191757679,0.5593211054801941
4389,36.9740104675293,3.874425172805786,0.508400022983551,0.18610230088233948,-0.04677354544401169,0.573068380355835
4390,36.91079330444336,3.685497522354126,0.5068125128746033,0.18622909486293793,-0.08232579380273819,0.5631877779960632
4391,36.97998809814453,3.783682107925415,0.5020375847816467,0.18626703321933746,-0.03335728496313095,0.5244255065917969
4392,37.016845703125,3.930009365081787,0.49457502365112305,0.1861659735441208,-0.03642456606030464,0.542965292930603
4393,37.007835388183594,3.8837215900421143,0.49637502431869507,0.18609848618507385,-0.0015723372343927622,0.538604199886322
4394,36.96889114379883,3.8657844066619873,0.49441254138946533,0.18599450588226318,-0.04677340015769005,0.5583453178405762
4395,36.901039123535156,3.707282781600952,0.5001250505447388,0.18599683046340942,-0.03309056907892227,0.5540383458137512
4396,36.92802429199219,3.8067967891693115,0.49900001287460327,0.1859782338142395,-0.009509699419140816,0.5659646391868591
4397,36.93000793457031,3.8084232807159424,0.4999375641345978,0.18597707152366638,-0.045785143971443176,0.5465094447135925
4398,36.99439239501953,3.9820005893707275,0.5009499788284302,0.18599474430084229,-0.05193864554166794,0.5564869046211243
4399,36.9371223449707,3.794604539871216,0.5031124949455261,0.18605263531208038,-0.059809621423482895,0.5624757409095764
4400,36.959468841552734,3.8701601028442383,0.49636250734329224,0.18598495423793793,-0.02777928300201893,0.6062133312225342
4401,36.86716842651367,3.6750328540802,0.5009125471115112,0.1860019415616989,-0.010150794871151447,0.5591686964035034
4402,36.923587799072266,3.775071382522583,0.4987124800682068,0.1859779953956604,-0.03920869529247284,0.5485002994537354
4403,36.927249908447266,3.7457776069641113,0.49761250615119934,0.18593358993530273,-0.024181080982089043,0.5343497395515442
4404,36.9239501953125,3.8265602588653564,0.5027125477790833,0.18598401546478271,-0.03210640698671341,0.5731632709503174
4405,36.97774887084961,3.9115350246429443,0.50142502784729,0.18601050972938538,-0.02995295077562332,0.5450911521911621
4406,36.94183349609375,3.748013973236084,0.4986250102519989,0.18598492443561554,-0.024952391162514687,0.5487843751907349
4407,36.9792594909668,3.8791918754577637,0.49986255168914795,0.1859823614358902,-0.04648612439632416,0.5391683578491211
4408,37.03270721435547,4.038149356842041,0.4994250237941742,0.18597166240215302,-0.046107761561870575,0.5322051048278809
4409,37.008575439453125,3.8197505474090576,0.5044125318527222,0.18605373799800873,-0.022910136729478836,0.5653364062309265
4410,37.03401565551758,3.8814427852630615,0.49892503023147583,0.1860337257385254,-0.03711918741464615,0.5359026193618774
4411,37.00095748901367,3.894688606262207,0.5039125084877014,0.18610651791095734,-0.0480581670999527,0.5678166747093201
4412,36.93224334716797,3.806807518005371,0.5011875033378601,0.1861286163330078,-0.02044503577053547,0.5580481290817261
4413,36.93712615966797,3.781615972518921,0.4995250403881073,0.18611977994441986,-0.03465145453810692,0.5243393778800964
4414,36.939510345458984,3.814537525177002,0.49900001287460327,0.18610116839408875,-0.021188512444496155,0.5687997937202454
4415,36.940223693847656,3.833336114883423,0.5066375136375427,0.18622469902038574,-0.06387396901845932,0.5552898645401001
4416,36.947608947753906,3.8167130947113037,0.49890005588531494,0.1862042248249054,-0.027340684086084366,0.5677847862243652
4417,36.98403549194336,3.925480365753174,0.4978000223636627,0.1861632615327835,-0.07088411599397659,0.5577124953269958
4418,36.864349365234375,3.7176263332366943,0.5045875310897827,0.18624866008758545,-0.05258529260754585,0.5617002844810486
4419,36.927066802978516,3.775108575820923,0.5049500465393066,0.1863408386707306,-0.017998889088630676,0.5417870283126831
4420,36.91005325317383,3.7704970836639404,0.5025625228881836,0.18638859689235687,-0.04279956966638565,0.5590952634811401
4421,36.91478729248047,3.656836986541748,0.4983625113964081,0.18635807931423187,-0.034592438489198685,0.5533530712127686
4422,36.997314453125,3.826805353164673,0.4984625577926636,0.1863294392824173,-0.05986705422401428,0.5383015871047974
4423,36.95707702636719,3.8854310512542725,0.4975000321865082,0.18628285825252533,-0.024182923138141632,0.5563037991523743
4424,36.946468353271484,3.7863497734069824,0.4973999857902527,0.18623442947864532,-0.02567289024591446,0.5427732467651367
4425,36.99129104614258,3.8937160968780518,0.4990125298500061,0.18621604144573212,-0.020321695134043694,0.5405465364456177
4426,36.982791900634766,3.8280961513519287,0.5000124573707581,0.18621626496315002,-0.06855885684490204,0.526929497718811
4427,36.961917877197266,3.782674789428711,0.5044875144958496,0.18629981577396393,-0.03457072377204895,0.5644770860671997
4428,36.98469924926758,3.89502215385437,0.5055625438690186,0.18640343844890594,-0.07217207551002502,0.5451538562774658
4429,36.89900207519531,3.761308193206787,0.5032625198364258,0.18646425008773804,-0.05182923376560211,0.5644265413284302
4430,36.956974029541016,3.8106689453125,0.5001250505447388,0.18646658957004547,-0.04015255346894264,0.5682415962219238
4431,36.931793212890625,3.772264242172241,0.4986000657081604,0.18644048273563385,-0.01702888123691082,0.5570176243782043
4432,36.940982818603516,3.7855751514434814,0.5000375509262085,0.18644119799137115,-0.03346926346421242,0.570126473903656
4433,36.90645980834961,3.775434732437134,0.49957504868507385,0.18643327057361603,-0.049687616527080536,0.5719531178474426
4434,36.99311828613281,3.982553005218506,0.5011374950408936,0.18645447492599487,-0.034207411110401154,0.5521810054779053
4435,36.931697845458984,3.765364646911621,0.5027125477790833,0.1865050345659256,-0.05389324948191643,0.5567634701728821
4436,36.97318649291992,3.834618330001831,0.49896255135536194,0.1864856779575348,-0.030653005465865135,0.547222375869751
4437,36.94154357910156,3.878798723220825,0.5013124942779541,0.18651016056537628,-0.0458129458129406,0.5565282702445984
4438,36.963768005371094,3.8058385848999023,0.4967750608921051,0.18645000457763672,-0.040319427847862244,0.5272610187530518
4439,36.98880386352539,3.8621881008148193,0.49617505073547363,0.18637868762016296,-0.023287707939743996,0.5467563271522522
4440,37.0488166809082,3.92632794380188,0.4991000294685364,0.1863619089126587,-0.012432682327926159,0.5579245686531067
4441,37.0459098815918,3.886935234069824,0.49592500925064087,0.18628595769405365,-0.05005989223718643,0.5356711149215698
4442,36.97140121459961,3.7150542736053467,0.4985625147819519,0.1862591803073883,-0.010558142326772213,0.5366552472114563
4443,37.04978561401367,3.995712995529175,0.5037375092506409,0.18632878363132477,-0.012695909477770329,0.5434058904647827
4444,36.99350357055664,3.9758660793304443,0.5013124942779541,0.18635323643684387,-0.023404447361826897,0.5734108090400696
4445,36.9779167175293,3.8601510524749756,0.5002999901771545,0.18635883927345276,-0.06906431168317795,0.5730024576187134
4446,37.01133346557617,3.8619561195373535,0.4975000321865082,0.1863122582435608,-0.03248618170619011,0.5356636047363281
4447,36.95845031738281,3.8447484970092773,0.5029875040054321,0.1863679140806198,-0.033342454582452774,0.540995717048645
4448,36.98440170288086,3.7973856925964355,0.49768751859664917,0.1863248199224472,-0.015963440760970116,0.54619300365448
4449,37.0185432434082,3.9563651084899902,0.49642500281333923,0.1862582117319107,-0.021011505275964737,0.5357648730278015
4450,36.9332160949707,3.7999696731567383,0.5009000897407532,0.18627497553825378,-0.06660784035921097,0.5553317070007324
4451,36.959842681884766,3.8503506183624268,0.5011500120162964,0.18629640340805054,-0.02660580910742283,0.5362836122512817
4452,36.890804290771484,3.7206292152404785,0.5017000436782837,0.18632806837558746,-0.03395750746130943,0.5445669293403625
4453,36.9852180480957,3.9635815620422363,0.5000125169754028,0.18632829189300537,-0.05020070821046829,0.5659689903259277
4454,36.958648681640625,3.839555263519287,0.5027000308036804,0.1863785982131958,-0.06393919885158539,0.5486010909080505
4455,36.95600891113281,3.7642245292663574,0.5001750588417053,0.18638186156749725,-0.029358921572566032,0.5651553273200989
4456,36.98321533203125,3.8430845737457275,0.4988875091075897,0.1863611340522766,-0.042361900210380554,0.5450611710548401
4457,36.97289276123047,3.853403329849243,0.49970003962516785,0.18635554611682892,-0.013784553855657578,0.5367605686187744
4458,37.03389358520508,3.9365806579589844,0.5003500580787659,0.18636207282543182,-0.03520302474498749,0.5589777827262878
4459,37.0387077331543,3.952683925628662,0.5005124807357788,0.18637162446975708,-0.06244153901934624,0.5446050763130188
4460,36.981319427490234,3.8399553298950195,0.5040500164031982,0.18644709885120392,-0.03188501298427582,0.547908365726471
4461,37.01144027709961,3.9451744556427,0.5051875114440918,0.18654382228851318,-0.035386472940444946,0.5553503036499023
4462,37.01387405395508,3.8577005863189697,0.4991125464439392,0.18652726709842682,-0.006852475926280022,0.5460686683654785
4463,36.92869567871094,3.7331225872039795,0.5021750330924988,0.18656784296035767,-0.04209510236978531,0.5472255349159241
4464,37.00973129272461,3.868349313735962,0.4954000413417816,0.1864820271730423,-0.015987252816557884,0.5456751585006714
4465,36.991966247558594,3.8557934761047363,0.4981250464916229,0.18644705414772034,-0.021411847323179245,0.556294322013855
4466,36.996490478515625,3.844268560409546,0.49755001068115234,0.1864013820886612,-0.008287027478218079,0.5597588419914246
4467,36.94801712036133,3.7731058597564697,0.5045375227928162,0.18648596107959747,-0.001231672358699143,0.5626420974731445
4468,37.027801513671875,3.9260401725769043,0.49877503514289856,0.1864631175994873,-0.008848633617162704,0.557666540145874
4469,36.894859313964844,3.6065475940704346,0.5011125206947327,0.18648386001586914,-0.0391300767660141,0.5579371452331543
4470,36.9546012878418,3.7363619804382324,0.49897506833076477,0.18646474182605743,-0.04085387662053108,0.5474715232849121
4471,36.988624572753906,3.8230814933776855,0.49736252427101135,0.18641556799411774,-0.051816102117300034,0.5559314489364624
4472,36.88861846923828,3.658501386642456,0.4968000054359436,0.18635591864585876,-0.029246201738715172,0.5649697780609131
4473,37.01205062866211,3.9316065311431885,0.49863752722740173,0.18633052706718445,-0.04257124289870262,0.5460221171379089
4474,36.8949089050293,3.7321202754974365,0.49902504682540894,0.18631236255168915,-0.0321296751499176,0.5367124080657959
4475,36.954288482666016,3.765469789505005,0.5020624995231628,0.18635079264640808,-0.002469039987772703,0.5557103157043457
4476,36.94599914550781,3.84795880317688,0.4967125356197357,0.18628953397274017,-0.015825986862182617,0.5661784410476685
4477,36.95777893066406,3.8859050273895264,0.49877503514289856,0.1862667202949524,-0.031340863555669785,0.5696011781692505
4478,36.86089324951172,3.7208099365234375,0.49771252274513245,0.186224102973938,-0.024555029347538948,0.5385129451751709
4479,36.93071746826172,3.846341133117676,0.5006999969482422,0.1862371414899826,-0.012654556892812252,0.57942795753479
4480,36.94559860229492,3.9015161991119385,0.503000020980835,0.18629302084445953,-0.026506340131163597,0.5684109926223755
4481,36.98711013793945,3.8498716354370117,0.5069250464439392,0.18642202019691467,-0.04787508398294449,0.5441969633102417
4482,36.950077056884766,3.7744972705841064,0.49980005621910095,0.1864182949066162,-0.03098100796341896,0.5401636362075806
4483,37.00548553466797,3.9489083290100098,0.4989375174045563,0.1863984763622284,-0.04067693650722504,0.5465559363365173
4484,37.020606994628906,3.8740453720092773,0.4993250370025635,0.1863858997821808,-0.04645344987511635,0.5226497054100037
4485,36.962154388427734,3.793051242828369,0.4963000416755676,0.18631693720817566,-0.03469006344676018,0.5583619475364685
4486,36.92079162597656,3.6941187381744385,0.4967249929904938,0.18625591695308685,-0.03173178434371948,0.5363946557044983
4487,36.955692291259766,3.792135715484619,0.49900001287460327,0.18623729050159454,-0.040201280266046524,0.5447691679000854
4488,36.943199157714844,3.7692787647247314,0.49797505140304565,0.18619957566261292,-0.02642899751663208,0.5552336573600769
4489,36.99699020385742,3.8435633182525635,0.500337541103363,0.18620586395263672,-0.040587931871414185,0.5746539831161499
4490,36.92992401123047,3.668231725692749,0.5017250180244446,0.18623799085617065,-0.06275518983602524,0.535434365272522
4491,36.959774017333984,3.8173954486846924,0.5063375234603882,0.18635600805282593,-0.022717058658599854,0.5643100142478943
4492,36.98157501220703,3.9728081226348877,0.5047500133514404,0.18644453585147858,-0.04858558997511864,0.5782212018966675
4493,36.93338394165039,3.826286792755127,0.5003875494003296,0.1864517629146576,-0.027719052508473396,0.5601003170013428
4494,36.902957916259766,3.6669468879699707,0.4985250234603882,0.18642425537109375,-0.040421996265649796,0.5520386695861816
4495,36.96503829956055,3.8908941745758057,0.4970000088214874,0.18636833131313324,-0.007451582234352827,0.5505587458610535
4496,37.046966552734375,4.033091068267822,0.49648749828338623,0.18630287051200867,-0.04464859887957573,0.5754492878913879
4497,36.98955154418945,3.8812804222106934,0.49467504024505615,0.18620365858078003,-0.021001268178224564,0.5316274166107178
4498,36.96794891357422,3.869615316390991,0.4993250370025635,0.18619109690189362,-0.034663766622543335,0.5618553161621094
4499,36.9533576965332,3.758679151535034,0.5066375136375427,0.1863146871328354,-0.023159751668572426,0.5445690751075745
4500,36.93821716308594,3.737462282180786,0.5013375282287598,0.1863396018743515,-0.0560731366276741,0.5443009734153748
4501,37.01072692871094,3.9165360927581787,0.5004125237464905,0.18634729087352753,-0.04000815749168396,0.5619028210639954
4502,36.92145919799805,3.807076930999756,0.4948750138282776,0.18625178933143616,-0.05993112549185753,0.5361961126327515
4503,36.931610107421875,3.749546766281128,0.4970000088214874,0.18619590997695923,-0.02799401618540287,0.5285056829452515
4504,36.924259185791016,3.7790920734405518,0.4965875446796417,0.18613237142562866,-0.03523479029536247,0.5315859913825989
4505,36.9139404296875,3.7435128688812256,0.498662531375885,0.18610747158527374,-0.023875486105680466,0.5570260286331177
4506,36.88948440551758,3.6715517044067383,0.5036375522613525,0.1861751675605774,-0.020425869151949883,0.5448215007781982
4507,36.95213317871094,3.7821543216705322,0.5023125410079956,0.18621821701526642,-0.046227939426898956,0.5654599070549011
4508,36.92523193359375,3.815762996673584,0.5038125514984131,0.1862892061471939,-0.022924702614545822,0.5553035736083984
4509,36.88370895385742,3.6858303546905518,0.49818751215934753,0.18625544011592865,-0.04433972388505936,0.549161434173584
4510,36.93357467651367,3.8081984519958496,0.5018500685691833,0.18628990650177002,-0.03605951741337776,0.547288179397583
4511,36.96842575073242,3.711595058441162,0.5012375712394714,0.1863129585981369,0.008015583269298077,0.5559684038162231
4512,36.96026611328125,3.851823568344116,0.4966000020503998,0.18624961376190186,-0.028664806857705116,0.5676277875900269
4513,37.06971740722656,4.002079486846924,0.49791252613067627,0.1862107366323471,-0.024304959923028946,0.5374460816383362
4514,36.901756286621094,3.7853927612304688,0.49992504715919495,0.18620933592319489,-0.03872203826904297,0.579280436038971
4515,36.967838287353516,3.8750288486480713,0.5012500286102295,0.18623262643814087,-0.051621757447719574,0.555056631565094
4516,36.9383430480957,3.818253517150879,0.498787522315979,0.1862100511789322,-0.0343596376478672,0.5783282518386841
4517,36.94114303588867,3.8337249755859375,0.5001250505447388,0.18621237576007843,-0.061100639402866364,0.5332846641540527
4518,36.94466781616211,3.792534112930298,0.5001125335693359,0.18621446192264557,-0.03962250426411629,0.5497721433639526
4519,37.0553092956543,4.037006378173828,0.4988125264644623,0.1861923485994339,-0.011461213231086731,0.5495901703834534
4520,36.93918228149414,3.7482173442840576,0.5016250014305115,0.1862225979566574,-0.05345115810632706,0.5403811931610107
4521,36.99230194091797,3.9300649166107178,0.4993875324726105,0.18621118366718292,-0.04263165965676308,0.5426002144813538
4522,36.981197357177734,3.9264981746673584,0.49755001068115234,0.18616557121276855,-0.01747632957994938,0.550884485244751
4523,36.92679214477539,3.780104875564575,0.5001500248908997,0.186168372631073,-0.06620310246944427,0.5605080127716064
4524,36.91244125366211,3.773648500442505,0.50142502784729,0.18619489669799805,-0.03857230395078659,0.572196364402771
4525,36.95472717285156,3.796924352645874,0.5049500465393066,0.186287060379982,-0.06833618134260178,0.5613438487052917
4526,36.92374038696289,3.743387460708618,0.4993250370025635,0.1862744837999344,-0.058445338159799576,0.5334071516990662
4527,36.9271240234375,3.7068586349487305,0.4993000030517578,0.18626144528388977,-0.017972856760025024,0.5484189987182617
4528,36.907508850097656,3.6644110679626465,0.4983375370502472,0.18623048067092896,-0.02375815436244011,0.5360114574432373
4529,36.95804977416992,3.817002773284912,0.49723750352859497,0.1861790269613266,-0.058859869837760925,0.5560121536254883
4530,37.01315689086914,3.9398205280303955,0.5013625025749207,0.18620438873767853,-0.004966559819877148,0.5483489632606506
4531,36.95166015625,3.835150957107544,0.503724992275238,0.1862737536430359,-0.034125130623579025,0.5565696954727173
4532,36.94400405883789,3.7915494441986084,0.5017250776290894,0.18630588054656982,-0.05552780255675316,0.52227783203125
4533,36.980224609375,3.891587257385254,0.50142502784729,0.18633241951465607,-0.02622457966208458,0.5530567169189453
4534,36.988441467285156,3.862313985824585,0.5034000277519226,0.1863957643508911,-0.028552822768688202,0.55217444896698
4535,37.02128601074219,3.8789453506469727,0.5002250075340271,0.18639996647834778,-0.030750280246138573,0.557331383228302
4536,37.02626419067383,3.956705093383789,0.5028625130653381,0.18645331263542175,-0.013086371123790741,0.5453222393989563
4537,36.93603515625,3.8057990074157715,0.5001375675201416,0.1864558756351471,-0.016800468787550926,0.5523695945739746
4538,36.984153747558594,3.9612863063812256,0.49861252307891846,0.18643000721931458,-0.014924566261470318,0.5457332134246826
4539,36.95280838012695,3.829655170440674,0.49650001525878906,0.18636475503444672,-0.06105968356132507,0.5573102831840515
4540,36.963985443115234,3.8774232864379883,0.49471256136894226,0.1862662136554718,-0.06737872958183289,0.5644321441650391
4541,36.923065185546875,3.9321560859680176,0.5030875205993652,0.18632371723651886,-0.04709653928875923,0.5530686378479004
4542,36.972415924072266,3.8737006187438965,0.5041124820709229,0.18640035390853882,-0.01593093015253544,0.5416378378868103
4543,36.988468170166016,3.799048900604248,0.5035750269889832,0.1864669919013977,-0.026968931779265404,0.5604487061500549
4544,37.0076904296875,3.8721470832824707,0.501550018787384,0.18649588525295258,-0.02903042919933796,0.5644346475601196
4545,37.014217376708984,3.8515217304229736,0.4921250343322754,0.186349019408226,-0.042591437697410583,0.5272006392478943
4546,37.01945877075195,3.905025005340576,0.4937250018119812,0.1862320750951767,-0.03989287093281746,0.5579713582992554
4547,36.93281173706055,3.791144847869873,0.5014750361442566,0.18625953793525696,-0.03800259530544281,0.5631842613220215
4548,36.938777923583984,3.8449058532714844,0.5019000768661499,0.18629492819309235,-0.043660249561071396,0.5636191368103027
4549,36.946815490722656,3.7796099185943604,0.5035750269889832,0.18636153638362885,-0.07829231023788452,0.5557024478912354
4550,36.980350494384766,3.8824408054351807,0.5053874850273132,0.1864619255065918,-0.03244894742965698,0.5494077205657959
4551,36.926300048828125,3.7305397987365723,0.5031500458717346,0.18652065098285675,-0.020618146285414696,0.546356737613678
4552,36.94987869262695,3.7718048095703125,0.49980002641677856,0.1865169107913971,-0.004736441653221846,0.5392150282859802
4553,37.01836013793945,4.049455642700195,0.4935249984264374,0.18639613687992096,-0.017060788348317146,0.5342790484428406
4554,37.01714324951172,3.923567771911621,0.4988875389099121,0.18637540936470032,-0.042064178735017776,0.55626380443573
4555,36.948909759521484,3.85432767868042,0.49935004115104675,0.18636329472064972,-0.017852986231446266,0.5565563440322876
4556,36.93567657470703,3.7610630989074707,0.5034250617027283,0.18642711639404297,-0.04597077518701553,0.5768349766731262
4557,36.890174865722656,3.6628055572509766,0.5036500096321106,0.18649516999721527,-0.02044512890279293,0.5586116909980774
4558,36.95563507080078,3.850595235824585,0.5035874843597412,0.18656206130981445,-0.024967366829514503,0.5692549347877502
4559,36.97447204589844,3.9377694129943848,0.5015000104904175,0.1865900456905365,-0.050860919058322906,0.5571621060371399
4560,36.97077560424805,3.8112282752990723,0.49771249294281006,0.18654735386371613,-0.014722106046974659,0.5446761846542358
4561,37.02998352050781,3.9032340049743652,0.4933875501155853,0.18642400205135345,-0.033605609089136124,0.5429585576057434
4562,37.00353240966797,4.04241418838501,0.4994000494480133,0.18641281127929688,-0.024650385603308678,0.5334214568138123
4563,36.95051193237305,3.827244758605957,0.5000750422477722,0.1864142119884491,-0.03090575896203518,0.5431793928146362
4564,36.94137954711914,3.804213047027588,0.5030750632286072,0.18647155165672302,-0.019855661317706108,0.5507298111915588
4565,36.951541900634766,3.762180805206299,0.5055750608444214,0.1865755170583725,-0.019699839875102043,0.5670566558837891
4566,36.9381217956543,3.756626844406128,0.5045375227928162,0.18666017055511475,-0.010361851193010807,0.5623024106025696
4567,37.02760314941406,3.90962815284729,0.5025374889373779,0.18670754134655,-0.01657017506659031,0.5302035808563232
4568,36.966651916503906,3.8010976314544678,0.4962500333786011,0.1866375356912613,-0.03774932771921158,0.5422289371490479
4569,37.00454330444336,3.8911969661712646,0.4950750470161438,0.18654561042785645,-0.02248883992433548,0.5291682481765747
4570,36.92686462402344,3.6960055828094482,0.5013875365257263,0.18657149374485016,-0.0404040664434433,0.5473791360855103
4571,36.97560501098633,3.919489860534668,0.5003750324249268,0.18657849729061127,-0.02505308948457241,0.5829588770866394
4572,36.92547607421875,3.768481731414795,0.5023375153541565,0.18662211298942566,-0.06988480687141418,0.5601934194564819
4573,36.958370208740234,3.7766177654266357,0.5030500292778015,0.18667905032634735,-0.05436408892273903,0.5614756345748901
4574,36.890541076660156,3.6537764072418213,0.5016999840736389,0.18671078979969025,-0.059761397540569305,0.5508931279182434
4575,36.982025146484375,3.887436628341675,0.5036000609397888,0.1867780089378357,-0.012396500445902348,0.5747630596160889
4576,36.972774505615234,3.7846732139587402,0.499750018119812,0.18677334487438202,-0.03748911991715431,0.5448682904243469
4577,36.9990119934082,3.92375111579895,0.5007875561714172,0.18678806722164154,-0.04998020827770233,0.5676128268241882
4578,36.9521598815918,3.8420040607452393,0.5018625259399414,0.18682284653186798,-0.04458508640527725,0.5781782269477844
4579,36.8731803894043,3.8300392627716064,0.5009250640869141,0.18684013187885284,-0.06481462717056274,0.5688102841377258
4580,36.953670501708984,3.836484670639038,0.502750039100647,0.18689151108264923,-0.04854105785489082,0.569552481174469
4581,36.909568786621094,3.664794921875,0.499625027179718,0.18688450753688812,-0.06474379450082779,0.5421169400215149
4582,36.89559555053711,3.7514915466308594,0.49937501549720764,0.18687282502651215,-0.05217776820063591,0.5451178550720215
4583,36.96843338012695,3.7889132499694824,0.49621254205703735,0.18680204451084137,-0.028150811791419983,0.539226770401001
4584,36.95842361450195,3.720268726348877,0.4936875104904175,0.18668411672115326,-0.00036748030106537044,0.5488494038581848
4585,36.91654968261719,3.663264036178589,0.4986250102519989,0.18665844202041626,-0.05122339352965355,0.5421556830406189
4586,36.9815673828125,3.7890713214874268,0.49771255254745483,0.1866157352924347,-0.07004208862781525,0.5411117672920227
4587,36.99259567260742,3.9119458198547363,0.5002999901771545,0.18662133812904358,-0.0612039677798748,0.5438023209571838
4588,36.96990966796875,3.811216354370117,0.5006625056266785,0.18663370609283447,-0.049452975392341614,0.5593945384025574
4589,36.92853546142578,3.794560670852661,0.5036500096321106,0.18670183420181274,-0.04580298438668251,0.5601198673248291
4590,36.968101501464844,3.785212516784668,0.5034250020980835,0.18676577508449554,-0.0316845066845417,0.545667290687561
4591,36.96682357788086,3.9140326976776123,0.4975625276565552,0.18672025203704834,-0.01733919233083725,0.5482277274131775
4592,36.92299270629883,3.702274799346924,0.49687501788139343,0.18666189908981323,-0.033095832914114,0.5698137879371643
4593,37.00144958496094,3.909930467605591,0.4995250105857849,0.1866530328989029,-0.03560473769903183,0.5512182116508484
4594,37.01701736450195,3.913682222366333,0.4976375102996826,0.1866089254617691,-0.04953437298536301,0.5434098839759827
4595,36.93223190307617,3.7374520301818848,0.4984625279903412,0.18658024072647095,-0.02389523945748806,0.5598186254501343
4596,36.90668487548828,3.701016426086426,0.5031625032424927,0.18663924932479858,-0.03895801678299904,0.5532914996147156
4597,36.978214263916016,3.829634428024292,0.5002500414848328,0.18664392828941345,-0.06761624664068222,0.5485655069351196
4598,36.950950622558594,3.762768268585205,0.49857503175735474,0.18661732971668243,-0.035073429346084595,0.5634897947311401
4599,36.969024658203125,3.835279703140259,0.4972875416278839,0.18656671047210693,-0.04488619789481163,0.5471450090408325
4600,36.95460510253906,3.7944729328155518,0.4949375092983246,0.18647226691246033,-0.042791228741407394,0.5547282695770264
4601,36.95724868774414,3.84143328666687,0.5021500587463379,0.18651236593723297,-0.06849802285432816,0.5635066032409668
4602,36.90968322753906,3.7035930156707764,0.5014375448226929,0.1865391731262207,-0.025339066982269287,0.5543935894966125
4603,36.962398529052734,3.854569435119629,0.49806252121925354,0.18650302290916443,-0.02740352600812912,0.5494328737258911
4604,36.99810028076172,3.797443389892578,0.4994000494480133,0.18649183213710785,-0.028911445289850235,0.5365229845046997
4605,37.00771713256836,3.9280197620391846,0.5010500550270081,0.18651141226291656,-0.043401043862104416,0.535968542098999
4606,36.96387481689453,3.839576005935669,0.49783754348754883,0.18647107481956482,-0.05775837600231171,0.5584282875061035
4607,36.88089370727539,3.656726121902466,0.49883756041526794,0.18644940853118896,-0.041375115513801575,0.5610020756721497
4608,36.90003967285156,3.722606897354126,0.4991375505924225,0.1864333301782608,-0.041806261986494064,0.5375623106956482
4609,36.89932632446289,3.809067964553833,0.4995250403881073,0.18642447888851166,-0.03531244397163391,0.5454425811767578
4610,36.97744369506836,3.813717842102051,0.4982500374317169,0.18639186024665833,-0.06573497503995895,0.5431840419769287
4611,36.97835159301758,3.8904058933258057,0.4916500151157379,0.1862362176179886,-0.048893772065639496,0.5270833969116211
4612,37.01338195800781,3.945962905883789,0.498787522315979,0.1862136423587799,-0.02258526347577572,0.5464279055595398
4613,36.977352142333984,3.7880685329437256,0.4968375563621521,0.18615475296974182,-0.03904298320412636,0.5357449650764465
4614,36.996341705322266,3.907478094100952,0.4988125264644623,0.18613265454769135,-0.03688531368970871,0.5758102536201477
4615,36.94820022583008,3.8154327869415283,0.4991125762462616,0.18611612915992737,-0.039795517921447754,0.5734522342681885
4616,36.8944091796875,3.734719753265381,0.5040625333786011,0.18619173765182495,-0.04933328554034233,0.5577824711799622
4617,36.9375,3.8264198303222656,0.5057750344276428,0.18629924952983856,-0.035493865609169006,0.5565558075904846
4618,37.01102828979492,3.9080920219421387,0.49908751249313354,0.18628224730491638,-0.05381782725453377,0.5659869909286499
4619,36.9454460144043,3.805572509765625,0.496025025844574,0.18620820343494415,-0.022145910188555717,0.5508151650428772
4620,36.9595832824707,3.903625726699829,0.4950375258922577,0.1861158013343811,-0.02211783267557621,0.5493605732917786
4621,36.957706451416016,3.835116386413574,0.49787503480911255,0.18607625365257263,-0.05459783226251602,0.5689760446548462
4622,36.94463348388672,3.8037705421447754,0.5050625205039978,0.18617045879364014,-0.05170590057969093,0.5676465034484863
4623,36.88744354248047,3.624128818511963,0.5005625486373901,0.1861809343099594,-0.03843189775943756,0.5667977929115295
4624,36.959068298339844,3.828916549682617,0.5037875175476074,0.1862514466047287,-0.03222094848752022,0.5477789044380188
4625,36.93906021118164,3.7456247806549072,0.5009125471115112,0.18626844882965088,-0.05001739040017128,0.5553223490715027
4626,36.97453308105469,3.8303842544555664,0.4985625147819519,0.18624167144298553,-0.03387068957090378,0.5476704239845276
4627,36.970550537109375,3.7328758239746094,0.4977875351905823,0.18620046973228455,-0.042219121009111404,0.5674123764038086
4628,36.95301055908203,3.8961708545684814,0.5008000135421753,0.1862153708934784,-0.02817397378385067,0.5667271614074707
4629,37.008872985839844,3.9325003623962402,0.4978000223636627,0.1861744076013565,-0.03838380053639412,0.5441523790359497
4630,36.94902420043945,3.806290626525879,0.5003625154495239,0.18618115782737732,-0.036106619983911514,0.5590565800666809
4631,37.021907806396484,3.8640756607055664,0.5029500126838684,0.18623608350753784,-0.047385506331920624,0.5703570246696472
4632,36.88727569580078,3.6990609169006348,0.5062000155448914,0.18635155260562897,-0.022199345752596855,0.5483245253562927
4633,36.913692474365234,3.6711204051971436,0.5049375295639038,0.18644356727600098,-0.04996325075626373,0.5533139705657959
4634,37.02522277832031,3.9596855640411377,0.49851253628730774,0.18641583621501923,-0.054142583161592484,0.5679379105567932
4635,36.989532470703125,3.818300247192383,0.4937250316143036,0.18629886209964752,-0.023726152256131172,0.5663391947746277
4636,37.00694274902344,3.9313225746154785,0.4923250079154968,0.18615588545799255,-0.04325787350535393,0.5644031167030334
4637,37.035213470458984,3.9524521827697754,0.4999750256538391,0.18615542352199554,-0.041108787059783936,0.5459346175193787
4638,36.921932220458984,3.8085193634033203,0.5019500255584717,0.18619172275066376,-0.031447883695364,0.564009964466095
4639,36.96200942993164,3.848297595977783,0.5067500472068787,0.18631739914417267,-0.05900619924068451,0.5646355748176575
4640,36.95088195800781,3.7650656700134277,0.5043750405311584,0.18639890849590302,-0.06113140285015106,0.5680939555168152
4641,36.990482330322266,3.941580057144165,0.5047374963760376,0.18648721277713776,-0.043592896312475204,0.5556369423866272
4642,36.95075225830078,3.799131155014038,0.49457502365112305,0.18638603389263153,-0.030522560700774193,0.5576045513153076
4643,36.97780227661133,3.842237949371338,0.4960375726222992,0.18631218373775482,-0.03042542189359665,0.5598174929618835
4644,36.9941520690918,3.8904929161071777,0.49851253628730774,0.18628446757793427,-0.024010006338357925,0.5464612245559692
4645,37.01303482055664,3.9139609336853027,0.5025625228881836,0.18633221089839935,-0.0360981822013855,0.5547565817832947
4646,36.97544860839844,3.8516814708709717,0.5077250003814697,0.18647614121437073,-0.021279122680425644,0.5686216950416565
4647,36.955772399902344,3.913707971572876,0.49941253662109375,0.18646518886089325,-0.009162542410194874,0.5422595739364624
4648,36.96016311645508,3.941211223602295,0.498662531375885,0.18644024431705475,-0.04534641280770302,0.5618762969970703
4649,36.99317932128906,3.9276180267333984,0.5003250241279602,0.18644630908966064,-0.024845296517014503,0.5394690632820129
4650,36.91163635253906,3.7716169357299805,0.4980875551700592,0.18641065061092377,-0.030471475794911385,0.5520864725112915
4651,36.98418045043945,3.868464708328247,0.4952000379562378,0.1863211691379547,-0.03732793405652046,0.5560523271560669
4652,36.98554229736328,3.8977742195129395,0.5025500655174255,0.1863686740398407,-0.050257373601198196,0.576934814453125
4653,36.97406768798828,3.8873331546783447,0.5041375160217285,0.18644578754901886,-0.03731512278318405,0.566556453704834
4654,36.94070816040039,3.7348060607910156,0.5020750164985657,0.18648448586463928,-0.05400190129876137,0.5651223063468933
4655,36.97388458251953,3.878453254699707,0.5020750164985657,0.1865231841802597,-0.021601427346467972,0.5510467290878296
4656,36.960182189941406,3.873391628265381,0.49422499537467957,0.18641546368598938,-0.05560416728258133,0.5312554836273193
4657,36.9600715637207,3.804253101348877,0.49602505564689636,0.18634136021137238,-0.05888040363788605,0.5562414526939392
4658,36.88105010986328,3.729043483734131,0.5008875131607056,0.18635788559913635,-0.04422876238822937,0.5469849705696106
4659,36.96565628051758,3.8116228580474854,0.5015000104904175,0.186385840177536,-0.05501767620444298,0.5684798955917358
4660,37.001365661621094,3.9005372524261475,0.4990750253200531,0.18636859953403473,-0.05213123559951782,0.5429233312606812
4661,36.98783493041992,3.806086778640747,0.4968875050544739,0.18631058931350708,-0.024000437930226326,0.5380678176879883
4662,36.95637512207031,3.8424296379089355,0.49695003032684326,0.18625377118587494,-0.03532961755990982,0.5580077171325684
4663,36.955440521240234,3.8403267860412598,0.49643751978874207,0.18618741631507874,-0.054098986089229584,0.5628911256790161
4664,36.983558654785156,3.915628433227539,0.5009875297546387,0.18620578944683075,-0.06088878959417343,0.5499940514564514
4665,36.93396759033203,3.8467283248901367,0.503337562084198,0.1862679421901703,-0.08119992911815643,0.5435859560966492
4666,36.96241760253906,4.001053333282471,0.49851253628730774,0.18624022603034973,-0.06875716149806976,0.5359074473381042
4667,36.97672653198242,3.834980010986328,0.5025750398635864,0.18628817796707153,-0.03794655576348305,0.5519089698791504
4668,36.99996566772461,3.846177577972412,0.5047750473022461,0.1863771378993988,-0.012890474870800972,0.5482017993927002
4669,36.93782424926758,3.6745283603668213,0.5033250451087952,0.18643909692764282,-0.045066948980093,0.5609517693519592
4670,36.92127227783203,3.800340414047241,0.5008749961853027,0.18645541369915009,-0.010718357749283314,0.5873181223869324
4671,36.982967376708984,3.92728328704834,0.49675002694129944,0.1863948106765747,-0.04856201261281967,0.5475073456764221
4672,36.90895080566406,3.7501606941223145,0.49435001611709595,0.18628950417041779,-0.02362372726202011,0.5450866222381592
4673,36.962425231933594,3.833725929260254,0.4981750249862671,0.18625549972057343,-0.03879055753350258,0.5821378231048584
4674,36.953834533691406,3.832610845565796,0.5048375129699707,0.18634560704231262,-0.04755778983235359,0.564382016658783
4675,37.01995086669922,3.901705026626587,0.503837525844574,0.1864171177148819,-0.04909702390432358,0.5500857830047607
4676,36.98331832885742,3.793454647064209,0.503962516784668,0.1864909827709198,-0.03609555587172508,0.5486905574798584
4677,37.055660247802734,3.9731075763702393,0.5000250339508057,0.1864914447069168,-0.02342325635254383,0.542323887348175
4678,36.97661590576172,3.7815380096435547,0.4933375120162964,0.1863671988248825,-0.0533122718334198,0.5534799098968506
4679,36.97946548461914,3.8845696449279785,0.4959000051021576,0.18629078567028046,-0.020594879984855652,0.5419448018074036
4680,36.9503173828125,3.852905035018921,0.49922505021095276,0.18627634644508362,-0.07997161895036697,0.5601832866668701
4681,36.88429260253906,3.6569979190826416,0.4988750219345093,0.18625539541244507,-0.04910210520029068,0.5600899457931519
4682,36.90415954589844,3.7316315174102783,0.5009375810623169,0.18627284467220306,-0.029702559113502502,0.5544792413711548
4683,36.9716796875,3.793910026550293,0.5013124942779541,0.18629729747772217,-0.05564083158969879,0.5614078640937805
4684,36.98696517944336,3.8111681938171387,0.4999625086784363,0.18629659712314606,-0.007668941281735897,0.558954119682312
4685,37.06792068481445,4.0029988288879395,0.4992125332355499,0.1862819343805313,-0.00998982135206461,0.5499380826950073
4686,36.9517707824707,3.8233256340026855,0.49698755145072937,0.18622581660747528,-0.029230134561657906,0.5386344790458679
4687,36.98031997680664,3.9693186283111572,0.4937000274658203,0.18610848486423492,-0.03985719382762909,0.5488808155059814
4688,36.90005874633789,3.8305037021636963,0.4967125356197357,0.18604730069637299,-0.024350197985768318,0.5617915391921997
4689,36.9537353515625,3.767162322998047,0.5039375424385071,0.18612055480480194,-0.033829160034656525,0.5671472549438477
4690,36.965824127197266,3.7740278244018555,0.5031000375747681,0.18617823719978333,0.013326589949429035,0.5638788938522339
4691,36.97154998779297,3.7950551509857178,0.5047374963760376,0.1862664371728897,-0.017799103632569313,0.5504608154296875
4692,37.00689697265625,3.9637303352355957,0.5016250610351562,0.18629670143127441,-0.0512140616774559,0.5423147082328796
4693,37.03007507324219,3.9193384647369385,0.499625027179718,0.1862897127866745,-0.03618478402495384,0.5754353404045105
4694,36.9066047668457,3.716109275817871,0.5004374980926514,0.18629786372184753,-0.05285855010151863,0.5399749875068665
4695,36.96875762939453,3.81231427192688,0.498012512922287,0.18626084923744202,-0.044127803295850754,0.55272376537323
4696,36.93938446044922,3.8661234378814697,0.5006375312805176,0.1862727254629135,-0.05598163977265358,0.5594717860221863
4697,36.96363830566406,3.928849697113037,0.49906253814697266,0.18625526130199432,-0.05812426283955574,0.5627689361572266
4698,36.94651794433594,3.7799794673919678,0.5067874789237976,0.18638168275356293,-0.019579267129302025,0.5725044012069702
4699,36.967041015625,3.842846632003784,0.5049000382423401,0.18647299706935883,-0.025087246671319008,0.5600417256355286
4700,36.915000915527344,3.6777849197387695,0.5066999793052673,0.18659792840480804,-0.05622442066669464,0.5426418781280518
4701,36.88798522949219,3.7587692737579346,0.5003250241279602,0.18660400807857513,-0.05305511876940727,0.5633299946784973
4702,36.910099029541016,3.68054461479187,0.5006250143051147,0.18661566078662872,-0.04720168560743332,0.5365926623344421
4703,37.00543212890625,3.9474287033081055,0.497112512588501,0.18656177818775177,-0.040563199669122696,0.5496953725814819
4704,36.985557556152344,3.880669593811035,0.49727505445480347,0.18651093542575836,-0.036133017390966415,0.5513057112693787
4705,36.931148529052734,3.762277126312256,0.5001749992370605,0.18651419878005981,-0.03853559494018555,0.554245114326477
4706,36.95888900756836,3.7467594146728516,0.4970375597476959,0.18645894527435303,-0.03648121654987335,0.5605108737945557
4707,36.98909378051758,3.8801467418670654,0.4989875555038452,0.18644006550312042,-0.039212681353092194,0.5558112859725952
4708,36.9561653137207,3.8020260334014893,0.5002500414848328,0.1864447295665741,-0.04048532620072365,0.5646289587020874
4709,36.99908447265625,3.8476948738098145,0.4985625147819519,0.18641792237758636,-0.04643482342362404,0.5644686222076416
4710,36.996368408203125,3.926931619644165,0.4944625496864319,0.18631470203399658,-0.04033803567290306,0.5625959038734436
4711,36.986961364746094,3.905033826828003,0.4967750310897827,0.1862546056509018,-0.04199417680501938,0.5586018562316895
4712,36.98284149169922,3.787989377975464,0.4981124997138977,0.1862194538116455,-0.04061950370669365,0.5401754975318909
4713,37.014869689941406,3.8738927841186523,0.4984250068664551,0.18619012832641602,-0.015152737498283386,0.5410268306732178
4714,37.014625549316406,3.844970464706421,0.502750039100647,0.18624132871627808,-0.03452316299080849,0.5473957061767578
4715,36.99736785888672,3.8847391605377197,0.5035500526428223,0.18630744516849518,-0.047403063625097275,0.555515468120575
4716,36.99570846557617,3.9661900997161865,0.4987625181674957,0.1862843930721283,-0.09017260372638702,0.5308922529220581
4717,36.914459228515625,3.7691333293914795,0.5029000639915466,0.1863384246826172,-0.06964061409235,0.5671029090881348
4718,36.916805267333984,3.7909483909606934,0.5044625401496887,0.18642157316207886,-0.035794954746961594,0.5871772766113281
4719,36.929283142089844,3.7833502292633057,0.4989500343799591,0.18640199303627014,-0.05500972270965576,0.5585190653800964
4720,36.892940521240234,3.6805853843688965,0.5014625191688538,0.18642926216125488,-0.04348709434270859,0.5551165342330933
4721,36.94236755371094,3.8552119731903076,0.5029625296592712,0.18648448586463928,-0.06254391372203827,0.548550546169281
4722,36.98003005981445,3.964733123779297,0.5001625418663025,0.18648751080036163,-0.03878149762749672,0.5490526556968689
4723,37.009437561035156,3.9335529804229736,0.4974000155925751,0.18643902242183685,-0.03406882286071777,0.545242190361023
4724,36.939334869384766,3.7637996673583984,0.5041000247001648,0.1865154504776001,-0.033123381435871124,0.5560464262962341
4725,36.937416076660156,3.7598085403442383,0.49900001287460327,0.1864967942237854,-0.05827727168798447,0.551085352897644
4726,36.93596649169922,3.732667922973633,0.5012125372886658,0.18651939928531647,-0.059881146997213364,0.5462705492973328
4727,36.998291015625,3.86755633354187,0.4992375075817108,0.18650518357753754,-0.040145836770534515,0.5546045303344727
4728,37.016075134277344,3.8240044116973877,0.5024124979972839,0.18655018508434296,-0.05049045383930206,0.5457912087440491
4729,36.921695709228516,3.776560068130493,0.4979875087738037,0.18651264905929565,-0.02499263361096382,0.5491312742233276
4730,36.93729019165039,3.7583236694335938,0.5015875697135925,0.18654225766658783,-0.05247362330555916,0.5518388152122498
4731,36.93994903564453,3.771960973739624,0.5009875893592834,0.18656067550182343,-0.04188888147473335,0.5717468857765198
4732,36.92946243286133,3.754763603210449,0.5002625584602356,0.186565563082695,-0.045040179044008255,0.5527496337890625
4733,36.98873519897461,3.861049175262451,0.49371254444122314,0.18644826114177704,-0.025850774720311165,0.5313491225242615
4734,36.936893463134766,3.846661329269409,0.49960005283355713,0.18644081056118011,-0.025103487074375153,0.5400989651679993
4735,36.93069076538086,3.722827911376953,0.49807503819465637,0.18640491366386414,-0.0075700250454247,0.5593721866607666
4736,36.98986053466797,3.9060139656066895,0.49602505564689636,0.18633081018924713,-0.03680558130145073,0.5366697311401367
4737,36.998199462890625,3.8672397136688232,0.49863752722740173,0.18630541861057281,-0.03965788334608078,0.5515865087509155
4738,36.9488410949707,3.7391932010650635,0.5022875070571899,0.18634803593158722,-0.03475696220993996,0.5493559837341309
4739,36.92641830444336,3.78117036819458,0.5050625205039978,0.18644237518310547,-0.0027780658565461636,0.5662937760353088
4740,36.97975158691406,3.8412342071533203,0.4991625249385834,0.18642675876617432,-0.01749316230416298,0.5727272033691406
4741,36.98869323730469,3.826296806335449,0.4975374937057495,0.18638084828853607,-0.04554020240902901,0.5416101217269897
4742,36.958900451660156,3.8770105838775635,0.49822503328323364,0.18634776771068573,-0.0640694797039032,0.5448595881462097
4743,36.931575775146484,3.727914810180664,0.49777504801750183,0.18630629777908325,-0.06774511933326721,0.5355046987533569
4744,36.97154235839844,3.889867067337036,0.5017500519752502,0.1863389015197754,-0.062120404094457626,0.5582959055900574
4745,36.89690017700195,3.7379837036132812,0.5009750723838806,0.1863570660352707,-0.033574916422367096,0.5575103163719177
4746,36.92771530151367,3.8531250953674316,0.4994875490665436,0.18634751439094543,-0.01820804551243782,0.5706496238708496
4747,36.95017623901367,3.7853875160217285,0.5021250247955322,0.18638712167739868,-0.04733822122216225,0.5621427297592163
4748,36.94233322143555,3.7109763622283936,0.5001375079154968,0.18638966977596283,-0.048265840858221054,0.5495058298110962
4749,36.99546432495117,3.9487991333007812,0.5029500126838684,0.18644466996192932,-0.028229782357811928,0.5508647561073303
4750,36.92453384399414,3.7392466068267822,0.4977875351905823,0.18640342354774475,-0.03397871553897858,0.5367297530174255
4751,36.95237350463867,3.853240966796875,0.5019875168800354,0.18644046783447266,-0.011124374344944954,0.5724837183952332
4752,36.92638397216797,3.742116689682007,0.4985499978065491,0.18641343712806702,-0.02176358923316002,0.5839539170265198
4753,36.928707122802734,3.8740735054016113,0.4973375201225281,0.1863638013601303,-0.03701816126704216,0.5283951759338379
4754,36.884849548339844,3.667917013168335,0.5,0.1863638013601303,-0.041690655052661896,0.5395131707191467
4755,37.0036735534668,3.828098773956299,0.5002375245094299,0.18636822700500488,-0.046273406594991684,0.5455458164215088
4756,36.998016357421875,3.8799216747283936,0.49871253967285156,0.1863442361354828,-0.004730300046503544,0.5690757036209106
4757,36.93085861206055,3.8043670654296875,0.5011000037193298,0.18636474013328552,-0.04122092202305794,0.5480177402496338
4758,36.9705924987793,3.78277325630188,0.5018375515937805,0.18639898300170898,-0.056521303951740265,0.5303779244422913
4759,36.985843658447266,3.8855223655700684,0.4958750307559967,0.18632209300994873,-0.05338675156235695,0.5599004030227661
4760,36.97366714477539,3.874849557876587,0.5034500360488892,0.186386376619339,-0.024838173761963844,0.5855736136436462
4761,36.94572067260742,3.784982681274414,0.5,0.186386376619339,-0.052777886390686035,0.5741915106773376
4762,36.93167495727539,3.8110439777374268,0.5,0.186386376619339,-0.0445152223110199,0.5475334525108337
4763,36.875919342041016,3.7056307792663574,0.49871253967285156,0.1863623857498169,-0.056639328598976135,0.5730554461479187
4764,36.97731399536133,3.920996904373169,0.5020624995231628,0.18640081584453583,-0.032015785574913025,0.5701220035552979
4765,36.878543853759766,3.6602587699890137,0.5008000135421753,0.18641573190689087,-0.022692332044243813,0.5638580322265625
4766,36.95433044433594,3.7271628379821777,0.4990500509738922,0.18639801442623138,-0.01641022227704525,0.5703812837600708
4767,36.990169525146484,3.9667835235595703,0.49676254391670227,0.1863376647233963,-0.017698559910058975,0.5435988306999207
4768,37.036014556884766,3.9105606079101562,0.4983625113964081,0.1863071620464325,-0.03937694802880287,0.564846396446228
4769,36.98008346557617,3.915086269378662,0.4970250427722931,0.18625174462795258,-0.0041817291639745235,0.5507482886314392
4770,36.98525619506836,3.8697922229766846,0.5005375146865845,0.18626175820827484,-0.026895489543676376,0.5341786742210388
4771,36.987548828125,3.811298370361328,0.5026625394821167,0.18631136417388916,-0.045183923095464706,0.5598632097244263
4772,36.9121208190918,3.7446281909942627,0.5060750246047974,0.18642455339431763,-0.0478181466460228,0.5572949647903442
4773,36.89105987548828,3.6877126693725586,0.5006250143051147,0.18643619120121002,-0.0616871677339077,0.543967068195343
4774,36.91130447387695,3.7638731002807617,0.5007875561714172,0.18645088374614716,-0.059983495622873306,0.5702826380729675
4775,36.96295928955078,3.825291156768799,0.4967750608921051,0.1863907426595688,-0.03204328194260597,0.5264468789100647
4776,36.97861862182617,3.9243712425231934,0.4977250099182129,0.1863483339548111,-0.029626404866576195,0.5473535656929016
4777,36.98117446899414,3.8762612342834473,0.49777501821517944,0.18630686402320862,-0.05676662549376488,0.5711957216262817
4778,36.90840148925781,3.774024248123169,0.503962516784668,0.18638068437576294,-0.047541748732328415,0.5642717480659485
4779,36.965675354003906,3.7980024814605713,0.5043750405311584,0.18646222352981567,-0.02196694351732731,0.5744630694389343
4780,37.00263977050781,3.931908369064331,0.5027250051498413,0.1865130364894867,-0.03951525315642357,0.5557515621185303
4781,36.94485855102539,3.7477030754089355,0.49935001134872437,0.1865009218454361,-0.03998476639389992,0.5641981959342957
4782,36.931854248046875,3.78694748878479,0.49896255135536194,0.1864815652370453,-0.03686041384935379,0.5530072450637817
4783,36.926551818847656,3.826004981994629,0.5018625259399414,0.18651628494262695,-0.04959291219711304,0.5490223169326782
4784,36.96626663208008,3.766038656234741,0.5012125372886658,0.18653889000415802,-0.01744205504655838,0.5484310388565063
4785,36.96806716918945,3.821897268295288,0.5015125274658203,0.18656711280345917,-0.03073767200112343,0.5712655186653137
4786,36.971923828125,3.840082883834839,0.5007625222206116,0.1865813434123993,-0.06013411283493042,0.5547885894775391
4787,36.95615768432617,3.807034969329834,0.4956875145435333,0.18650087714195251,-0.01951802521944046,0.5516226291656494
4788,36.94408416748047,3.7972047328948975,0.5019750595092773,0.1865377128124237,-0.048710234463214874,0.5286985039710999
4789,37.00506591796875,3.8448259830474854,0.5027375221252441,0.18658876419067383,-0.002729365136474371,0.5550684928894043
4790,36.938926696777344,3.7197413444519043,0.5041249990463257,0.18666572868824005,-0.04179439693689346,0.5609272718429565
4791,36.95701599121094,3.7538256645202637,0.5033250451087952,0.18672779202461243,-0.026052601635456085,0.5565066933631897
4792,36.95051574707031,3.803957939147949,0.5000250339508057,0.18672825396060944,-0.030464306473731995,0.5541744232177734
4793,37.00474166870117,3.971923589706421,0.4971000552177429,0.186674103140831,-0.04345715418457985,0.5751123428344727
4794,36.91563415527344,3.840303659439087,0.49598753452301025,0.18659919500350952,-0.043050073087215424,0.5620602965354919
4795,36.893280029296875,3.6595230102539062,0.495650053024292,0.18651802837848663,-0.03587408363819122,0.5611113905906677
4796,36.999515533447266,3.869607925415039,0.49995002150535583,0.18651708960533142,-0.05025012418627739,0.5440967679023743
4797,36.95541000366211,3.8822531700134277,0.5000750422477722,0.18651849031448364,-0.03853900730609894,0.5387668609619141
4798,37.04438781738281,3.9213595390319824,0.5030125379562378,0.18657468259334564,-0.07427627593278885,0.5551655888557434
4799,36.931190490722656,3.7061808109283447,0.5008125305175781,0.18658985197544098,-0.01200943160802126,0.5812616348266602
4800,36.936439514160156,3.8031318187713623,0.49752503633499146,0.18654367327690125,-0.06342894583940506,0.5537574291229248
4801,36.93607711791992,3.8717639446258545,0.4929875433444977,0.18641285598278046,-0.026428284123539925,0.5501022934913635
4802,36.95124053955078,3.884989023208618,0.4996125102043152,0.18640562891960144,-0.028768735006451607,0.5616957545280457
4803,36.99660110473633,3.8722095489501953,0.4989750385284424,0.18638652563095093,-0.007234244141727686,0.5511627793312073
4804,37.0014762878418,3.8149046897888184,0.5068750381469727,0.18651466071605682,-0.01790551468729973,0.5588381290435791
4805,36.97023391723633,3.757800340652466,0.5042000412940979,0.18659299612045288,-0.0417252741754055,0.5492665767669678
4806,36.949989318847656,3.83947491645813,0.50576251745224,0.18670052289962769,-0.04599420353770256,0.5974394083023071
4807,36.904300689697266,3.6487112045288086,0.5012875199317932,0.18672455847263336,-0.029764443635940552,0.5608851909637451
4808,36.95723342895508,3.8334109783172607,0.49746254086494446,0.18667717278003693,-0.059480227530002594,0.5458641052246094
4809,36.96807098388672,3.803514242172241,0.4966750144958496,0.18661510944366455,-0.06121392175555229,0.5592060089111328
4810,36.909332275390625,3.6491971015930176,0.49852505326271057,0.18658758699893951,-0.022380532696843147,0.5413874387741089
4811,36.96841812133789,3.7779526710510254,0.5006124973297119,0.1865990161895752,-0.01967632956802845,0.5437600016593933
4812,36.968021392822266,3.852459669113159,0.49611252546310425,0.18652647733688354,-0.014273768290877342,0.5684729814529419
4813,36.95703887939453,3.7664990425109863,0.5058125257492065,0.18663489818572998,-0.05753475800156593,0.5564102530479431
4814,36.9619140625,3.8624119758605957,0.4960750341415405,0.18656164407730103,-0.030330682173371315,0.5555123090744019
4815,36.969940185546875,3.8379452228546143,0.501412570476532,0.18658800423145294,-0.011425061151385307,0.5591152310371399
4816,37.01424026489258,3.8603315353393555,0.499562531709671,0.1865798383951187,-0.028990572318434715,0.550861656665802
4817,36.98296356201172,3.8798015117645264,0.5029750466346741,0.186635360121727,-0.05382314696907997,0.5443769097328186
4818,36.93558883666992,3.81180739402771,0.4990750253200531,0.18661808967590332,-0.02984554134309292,0.5489961504936218
4819,37.00060272216797,3.8912835121154785,0.5001000761985779,0.18661995232105255,-0.03293502703309059,0.5410270690917969
4820,36.979061126708984,3.873154401779175,0.497175008058548,0.18656723201274872,-0.045915212482213974,0.5643808245658875
4821,36.932559967041016,3.82381534576416,0.5032374858856201,0.18662764132022858,-0.024960488080978394,0.5743470191955566
4822,36.9627685546875,3.8620827198028564,0.5021125674247742,0.1866670697927475,-0.04453183710575104,0.5434957146644592
4823,36.956085205078125,3.807734727859497,0.500837504863739,0.18668271601200104,-0.04432465508580208,0.5566251873970032
4824,36.93561553955078,3.749345541000366,0.4986250102519989,0.18665704131126404,-0.023182492703199387,0.5822071433067322
4825,36.916175842285156,3.7393059730529785,0.5030249953269958,0.18671351671218872,-0.03377918899059296,0.5620815753936768
4826,36.98479080200195,3.9492886066436768,0.4986000061035156,0.1866873800754547,-0.02200903370976448,0.5573068857192993
4827,36.9437255859375,3.850526809692383,0.4999125301837921,0.1866857409477234,-0.032312288880348206,0.5630006790161133
4828,36.96600341796875,3.7691969871520996,0.5002375245094299,0.18669016659259796,-0.036673132330179214,0.547370195388794
4829,36.99287414550781,3.8539445400238037,0.49838754534721375,0.1866600662469864,-0.016547227278351784,0.5307837724685669
4830,37.00353240966797,3.8943889141082764,0.4965125322341919,0.18659496307373047,-0.029265042394399643,0.5366652607917786
4831,37.01396179199219,3.851522922515869,0.4983375370502472,0.18656393885612488,-0.03703838959336281,0.5539764761924744
4832,36.96350860595703,3.8585221767425537,0.49793753027915955,0.18652546405792236,-0.038817111402750015,0.545220136642456
4833,36.956233978271484,3.896446704864502,0.49615001678466797,0.1864536553621292,-0.05215830355882645,0.5376078486442566
4834,36.965599060058594,3.818978786468506,0.5006999969482422,0.18646670877933502,-0.04716263338923454,0.5611741542816162
4835,36.97809982299805,3.9433248043060303,0.4975374937057495,0.18642079830169678,-0.0454769991338253,0.5678268671035767
4836,36.98688888549805,3.9213485717773438,0.5006000399589539,0.18643197417259216,-0.05577343329787254,0.543838620185852
4837,36.90400695800781,3.7364258766174316,0.4975625276565552,0.18638654053211212,-0.09080201387405396,0.5615049600601196
4838,36.86465072631836,3.6095006465911865,0.4937625229358673,0.18627028167247772,-0.057304009795188904,0.5374597907066345
4839,36.95730209350586,3.7871761322021484,0.49346256256103516,0.1861485093832016,-0.048126038163900375,0.5225434303283691
4840,37.01166534423828,3.828669309616089,0.49416249990463257,0.18603983521461487,-0.0382506437599659,0.5493264198303223
4841,36.943233489990234,3.7858221530914307,0.4985625147819519,0.1860130876302719,-0.04522310942411423,0.5480448007583618
4842,36.98107147216797,3.7994298934936523,0.5084624886512756,0.18617050349712372,-0.0450655072927475,0.5595850348472595
4843,36.95199203491211,3.6697511672973633,0.5040125250816345,0.18624520301818848,-0.04059130325913429,0.5477083921432495
4844,36.96501541137695,3.8532652854919434,0.49777504801750183,0.1862037628889084,-0.031250376254320145,0.5637280941009521
4845,36.93069076538086,3.7770204544067383,0.49873751401901245,0.1861802488565445,-0.029010897502303123,0.5821911096572876
4846,36.97122573852539,3.9126479625701904,0.49957504868507385,0.18617233633995056,-0.017351387068629265,0.548165500164032
4847,36.977291107177734,3.836287021636963,0.49685004353523254,0.18611368536949158,-0.023087304085493088,0.548950731754303
4848,36.963172912597656,3.8253965377807617,0.50513756275177,0.1862093061208725,-0.02095874957740307,0.5387906432151794
4849,37.0031623840332,3.7895052433013916,0.503125011920929,0.18626748025417328,-0.03760337457060814,0.5441705584526062
4850,36.947052001953125,3.750288248062134,0.5050250291824341,0.18636107444763184,-0.03137829899787903,0.5665791630744934
4851,36.90705490112305,3.6665968894958496,0.5077500343322754,0.1865054965019226,-0.07565148919820786,0.540415346622467
4852,36.93145751953125,3.846839427947998,0.49563753604888916,0.1864241361618042,-0.03538421913981438,0.5633994936943054
4853,36.92115020751953,3.780761480331421,0.5003250241279602,0.1864302009344101,-0.02276017516851425,0.5542784333229065
4854,36.94816589355469,3.852093458175659,0.49877500534057617,0.18640737235546112,-0.05142929032444954,0.5391094088554382
4855,36.94120407104492,3.8486826419830322,0.49883756041526794,0.18638570606708527,-0.04710446298122406,0.553760290145874
4856,36.89187240600586,3.7172956466674805,0.4980500340461731,0.18634936213493347,-0.03016006015241146,0.5652396082878113
4857,36.96070098876953,3.8400490283966064,0.5016000270843506,0.18637917935848236,-0.0745779275894165,0.542478084564209
4858,36.97480392456055,3.810668706893921,0.5029875040054321,0.18643486499786377,-0.05948864296078682,0.5588241815567017
4859,36.93134689331055,3.796644449234009,0.5027625560760498,0.1864863634109497,-0.04025140404701233,0.5335896015167236
4860,36.965538024902344,3.8342835903167725,0.5002750754356384,0.18649150431156158,-0.04955737292766571,0.537467896938324
4861,36.96067810058594,3.8314146995544434,0.503350019454956,0.1865539699792862,-0.06411432474851608,0.5668475031852722
4862,36.97762680053711,3.8336048126220703,0.497825026512146,0.18651339411735535,-0.03982105478644371,0.5597652196884155
4863,36.98455047607422,3.837977886199951,0.500249981880188,0.18651805818080902,-0.0001246943575097248,0.563448965549469
4864,36.91726303100586,3.756915807723999,0.49960002303123474,0.1865105926990509,-0.06435976922512054,0.5427597165107727
4865,36.99639892578125,3.894475221633911,0.5003875494003296,0.18651781976222992,-0.03136371076107025,0.5337756872177124
4866,36.96901321411133,3.8948793411254883,0.500700056552887,0.18653087317943573,-0.05722911283373833,0.5668795108795166
4867,36.92909240722656,3.780585289001465,0.5012249946594238,0.1865537315607071,-0.05052340030670166,0.5516499280929565
4868,36.953128814697266,3.853940486907959,0.5014625191688538,0.18658101558685303,-0.028220346197485924,0.5515886545181274
4869,37.0268669128418,3.932915449142456,0.499625027179718,0.1865740269422531,-0.009317202493548393,0.5609813332557678
4870,36.95125961303711,3.7914481163024902,0.49477502703666687,0.18647654354572296,-0.010547485202550888,0.5799179077148438
4871,36.98054885864258,3.7883756160736084,0.498199999332428,0.18644297122955322,-0.011175970546901226,0.5581779479980469
4872,36.932071685791016,3.743060350418091,0.4986500144004822,0.18641780316829681,-0.052222155034542084,0.5722057223320007
4873,36.95235824584961,3.7989020347595215,0.49880000948905945,0.18639543652534485,-0.027507418766617775,0.5575781464576721
4874,37.012142181396484,3.99123477935791,0.4979500472545624,0.18635722994804382,-0.056825097650289536,0.5376583337783813
4875,36.90361022949219,3.719058036804199,0.5017500519752502,0.18638984858989716,-0.06956283003091812,0.5464164614677429
4876,36.966468811035156,3.866239070892334,0.5028125643730164,0.1864422708749771,-0.0018002100987359881,0.5394441485404968
4877,37.02745819091797,3.921828269958496,0.49992501735687256,0.1864408701658249,-0.041031092405319214,0.5438230633735657
4878,37.0152473449707,3.8377935886383057,0.5040625333786011,0.18651661276817322,-0.02758285216987133,0.5570182800292969
4879,36.99801254272461,3.900909185409546,0.4968000054359436,0.18645691871643066,0.021013831719756126,0.5603875517845154
4880,36.93993377685547,3.745919704437256,0.5014125108718872,0.1864832639694214,-0.04220639169216156,0.5504017472267151
4881,36.98851013183594,3.8714447021484375,0.49605000019073486,0.1864096075296402,-0.0326889343559742,0.5364652276039124
4882,36.940345764160156,3.787508010864258,0.4973500370979309,0.1863602101802826,-0.028651351109147072,0.5424805283546448
4883,36.937965393066406,3.7851402759552,0.502262532711029,0.18640238046646118,-0.057169824838638306,0.5529345273971558
4884,36.92751693725586,3.7619543075561523,0.5000250339508057,0.1864028424024582,-0.03956272825598717,0.5602952837944031
4885,36.95883560180664,3.7043066024780273,0.4950750470161438,0.1863110363483429,-0.028741443529725075,0.5364750027656555
4886,36.955257415771484,3.7224230766296387,0.5029750466346741,0.186366468667984,-0.03130203112959862,0.5313714146614075
4887,36.92887878417969,3.7630879878997803,0.5004875063896179,0.18637555837631226,-0.03709295392036438,0.562734842300415
4888,37.02981948852539,3.8934290409088135,0.5013875365257263,0.18640142679214478,-0.05789090692996979,0.5560407042503357
4889,36.94822311401367,3.8067209720611572,0.5041124820709229,0.18647809326648712,-0.07717610895633698,0.5506491661071777
4890,36.94926452636719,3.7945988178253174,0.5011625289916992,0.18649977445602417,-0.04601220041513443,0.5499774217605591
4891,36.898658752441406,3.807245969772339,0.505174994468689,0.18659628927707672,-0.023354675620794296,0.5629528760910034
4892,36.97539138793945,3.8753609657287598,0.5003750324249268,0.18660329282283783,-0.04624202474951744,0.5643084049224854
4893,36.91250228881836,3.687861919403076,0.5009250640869141,0.1866205483675003,-0.048872970044612885,0.5725389719009399
4894,36.954349517822266,3.8104195594787598,0.5037624835968018,0.18669076263904572,-0.02219574525952339,0.5654380321502686
4895,36.93836212158203,3.6963143348693848,0.4997875392436981,0.18668679893016815,-0.029026517644524574,0.5632065534591675
4896,36.98365783691406,3.840832471847534,0.5008749961853027,0.1867031306028366,-0.07244051247835159,0.5698649883270264
4897,36.969181060791016,3.888252019882202,0.5029500126838684,0.18675822019577026,-0.03880556300282478,0.5638095140457153
4898,37.01655960083008,3.8964109420776367,0.50166255235672,0.18678927421569824,-0.05181907117366791,0.5744429230690002
4899,36.954200744628906,3.7797622680664062,0.4958375096321106,0.18671151995658875,-0.022351158782839775,0.5526329278945923
4900,36.98343276977539,3.8344056606292725,0.49912503361701965,0.1866951882839203,-0.025142071768641472,0.5435486435890198
4901,36.93691635131836,3.7670705318450928,0.4983750283718109,0.18666484951972961,-0.03932294249534607,0.5694817900657654
4902,36.924949645996094,3.7766470909118652,0.4988875389099121,0.18664409220218658,-0.046100616455078125,0.5415820479393005
4903,36.96254348754883,3.7574846744537354,0.4977250397205353,0.18660162389278412,-0.0562906339764595,0.5674338340759277
4904,36.97953414916992,3.8359432220458984,0.4947875440120697,0.18650436401367188,-0.04691344499588013,0.5408297181129456
4905,36.9986572265625,3.846228837966919,0.5017625093460083,0.1865372210741043,-0.0017605158500373363,0.5811882615089417
4906,37.03036880493164,3.9570655822753906,0.4994250237941742,0.18652649223804474,-0.03399307280778885,0.5432412624359131
4907,36.97927474975586,3.8467905521392822,0.49908754229545593,0.18650947511196136,-0.048788633197546005,0.5509159564971924
4908,36.87914276123047,3.684661388397217,0.4993375241756439,0.18649712204933167,-0.02409503608942032,0.5341571569442749
4909,37.023433685302734,4.0688676834106445,0.4985499978065491,0.18647007644176483,-0.06245004013180733,0.5609193444252014
4910,37.002052307128906,3.9228365421295166,0.4965125322341919,0.18640504777431488,-0.05608438327908516,0.5464600324630737
4911,36.927955627441406,3.701026678085327,0.49727505445480347,0.18635424971580505,-0.05765765532851219,0.5540890097618103
4912,36.95429229736328,3.7367007732391357,0.5018250346183777,0.18638825416564941,-0.025461910292506218,0.5576279759407043
4913,36.93174362182617,3.7434370517730713,0.5009750127792358,0.1864064335823059,-0.043753910809755325,0.5416997671127319
4914,36.964054107666016,3.8458945751190186,0.5012750029563904,0.1864302158355713,-0.057058751583099365,0.5503451824188232
4915,36.99904251098633,3.8507368564605713,0.5011375546455383,0.18645142018795013,-0.046379946172237396,0.5583750009536743
4916,36.95156478881836,3.8442704677581787,0.5027625560760498,0.18650291860103607,-0.03081779181957245,0.5627543330192566
4917,36.89751052856445,3.691444158554077,0.5012500286102295,0.18652623891830444,-0.04818958044052124,0.5751436948776245
4918,36.893856048583984,3.6903491020202637,0.4981750249862671,0.1864921897649765,-0.020795634016394615,0.5546466708183289
4919,36.94793701171875,3.769028425216675,0.49883756041526794,0.18647050857543945,-0.02606826275587082,0.5520762801170349
4920,36.92398452758789,3.722639322280884,0.5028125047683716,0.1865229457616806,-0.0415906198322773,0.5738722681999207
4921,36.95057678222656,3.837139129638672,0.4966500401496887,0.1864604651927948,-0.019995709881186485,0.5541792511940002
4922,36.93961715698242,3.799166202545166,0.499562531709671,0.18645231425762177,-0.02448807656764984,0.5507547855377197
4923,36.97105026245117,3.912442207336426,0.497575044631958,0.18640710413455963,-0.049761008471250534,0.543962299823761
4924,37.01154708862305,3.854387044906616,0.4934125244617462,0.18628430366516113,-0.05494677275419235,0.5407983660697937
4925,36.961978912353516,3.8005104064941406,0.5012500286102295,0.18630759418010712,-0.029950730502605438,0.5764670372009277
4926,37.05000686645508,4.016435146331787,0.49742501974105835,0.18625962734222412,-0.017471343278884888,0.5506378412246704
4927,36.944217681884766,3.753882646560669,0.49957501888275146,0.1862517148256302,-0.03317759931087494,0.5485557317733765
4928,36.98189163208008,3.858839750289917,0.5048875212669373,0.1863427460193634,-0.046139419078826904,0.5611838102340698
4929,36.990867614746094,3.8938820362091064,0.5012875199317932,0.1863667368888855,-0.0508970245718956,0.5458248853683472
4930,36.901634216308594,3.662048816680908,0.49787503480911255,0.18632712960243225,-0.024073535576462746,0.5557383298873901
4931,36.9532585144043,3.803773880004883,0.49748754501342773,0.18628032505512238,-0.047598496079444885,0.5571359992027283
4932,37.02568054199219,4.018980503082275,0.4978625178337097,0.18624050915241241,-0.03923090547323227,0.5696815848350525
4933,36.97529602050781,3.8435475826263428,0.4989875257015228,0.186221644282341,-0.047451525926589966,0.5590693354606628
4934,36.97857666015625,3.8388845920562744,0.5016500353813171,0.18625237047672272,-0.06054842099547386,0.5545152425765991
4935,36.915016174316406,3.732485055923462,0.4995875358581543,0.1862446814775467,-0.042581744492053986,0.5459912419319153
4936,36.946800231933594,3.817530393600464,0.49847501516342163,0.18621627986431122,-0.039388008415699005,0.5601415038108826
4937,36.97889709472656,3.810342788696289,0.5075375437736511,0.18635664880275726,-0.06245811656117439,0.5416789054870605
4938,36.940185546875,3.7987122535705566,0.4982125163078308,0.18632332980632782,-0.0505911260843277,0.5516379475593567
4939,36.93733215332031,3.742290735244751,0.5000250339508057,0.18632379174232483,-0.06429672241210938,0.5385605096817017
4940,36.96088409423828,3.8514320850372314,0.49710002541542053,0.18626976013183594,-0.035697732120752335,0.5270160436630249
4941,37.031558990478516,3.9113240242004395,0.49687501788139343,0.18621155619621277,-0.027034413069486618,0.5707218050956726
4942,36.98462677001953,3.845921277999878,0.50371253490448,0.18628068268299103,-0.040164101868867874,0.5280097126960754
4943,36.96891403198242,3.7812340259552,0.5016250014305115,0.18631094694137573,-0.0279406625777483,0.5851418375968933
4944,36.9873161315918,3.7651443481445312,0.5024000406265259,0.18635565042495728,-0.023173732683062553,0.5591464042663574
4945,36.99720001220703,3.863746404647827,0.5030375123023987,0.1864122599363327,-0.016487007960677147,0.5582905411720276
4946,36.976829528808594,3.844881057739258,0.499099999666214,0.18639548122882843,-0.04786855727434158,0.550625741481781
4947,37.00346755981445,3.8851819038391113,0.5010125041007996,0.18641434609889984,-0.04570451006293297,0.5598369836807251
4948,36.9107666015625,3.750256061553955,0.5020125508308411,0.18645185232162476,-0.03420620039105415,0.5526794195175171
4949,36.877540588378906,3.683441400527954,0.4966500401496887,0.18638940155506134,-0.04071275144815445,0.55271315574646
4950,37.03226852416992,3.9140357971191406,0.4975375235080719,0.1863435059785843,-0.07367700338363647,0.5556038618087769
4951,37.01692581176758,3.861968517303467,0.502887487411499,0.18639731407165527,-0.03773745521903038,0.5380179286003113
4952,36.99298095703125,3.865426778793335,0.4999750256538391,0.18639685213565826,-0.016304034739732742,0.5662320256233215
4953,36.96421432495117,3.8525242805480957,0.5000500082969666,0.18639779090881348,-0.0379500612616539,0.5667756199836731
4954,36.956268310546875,3.8370931148529053,0.4992000460624695,0.18638287484645844,-0.04275190830230713,0.563181459903717
4955,36.91025924682617,3.830683469772339,0.49791252613067627,0.1863439679145813,-0.04044449329376221,0.5671519041061401
4956,36.93763732910156,3.8169591426849365,0.49871253967285156,0.1863199770450592,-0.049685634672641754,0.5492560863494873
4957,36.97541809082031,3.8186936378479004,0.5005375146865845,0.18632999062538147,-0.04292299598455429,0.54881751537323
4958,36.97422409057617,3.9219915866851807,0.5027000308036804,0.1863802969455719,-0.04177842289209366,0.5502980351448059
4959,36.96078872680664,3.8150205612182617,0.5016375184059143,0.1864108294248581,-0.019719913601875305,0.5731112957000732
4960,36.934940338134766,3.7317240238189697,0.5030249953269958,0.1864672303199768,-0.05236847326159477,0.5650304555892944
4961,37.03933334350586,3.9638118743896484,0.49761250615119934,0.1864227056503296,-0.045348986983299255,0.5633819699287415
4962,36.94063186645508,3.822587251663208,0.4983750581741333,0.1863924115896225,-0.01566612906754017,0.5584986209869385
4963,36.975040435791016,3.873952627182007,0.5044125318527222,0.18647466599941254,-0.05317060276865959,0.5474157333374023
4964,37.05486297607422,4.0009002685546875,0.5027124881744385,0.18652524054050446,-0.027926351875066757,0.5451156497001648
4965,36.94248962402344,3.75496244430542,0.5024750232696533,0.186571404337883,-0.06699961423873901,0.5664677619934082
4966,36.96330642700195,3.7534737586975098,0.5011875033378601,0.18659356236457825,-0.04332353547215462,0.5602328181266785
4967,36.91624069213867,3.7213332653045654,0.4992625415325165,0.18657980859279633,-0.025773486122488976,0.561607301235199
4968,36.91845703125,3.719399929046631,0.49883756041526794,0.18655812740325928,-0.05271278694272041,0.5478054881095886
4969,36.96452713012695,3.894591808319092,0.5012249946594238,0.18658098578453064,-0.03015759214758873,0.5655299425125122
4970,36.95295715332031,3.939405918121338,0.4989750385284424,0.18656185269355774,-0.05531357228755951,0.5685963034629822
4971,36.95066833496094,3.808082342147827,0.5024375319480896,0.18660733103752136,-0.055743053555488586,0.5660112500190735
4972,36.94184494018555,3.7475764751434326,0.49828752875328064,0.18657538294792175,-0.04615987092256546,0.5746340751647949
4973,36.97167205810547,3.836777448654175,0.5010625123977661,0.18659520149230957,-0.0509132482111454,0.5625048875808716
4974,36.943603515625,3.837287664413452,0.5058750510215759,0.1867048144340515,-0.0543823204934597,0.5550723671913147
4975,37.002235412597656,3.8728597164154053,0.4990500211715698,0.18668708205223083,-0.0005399227375164628,0.5385664701461792
4976,36.94940185546875,3.7741851806640625,0.4952625334262848,0.18659864366054535,-0.01623409613966942,0.5556764602661133
4977,36.94956970214844,3.792361259460449,0.5,0.18659864366054535,-0.027492815628647804,0.5354249477386475
4978,37.01195526123047,3.847369909286499,0.5011000037193298,0.18661917746067047,-0.012510568834841251,0.5531957149505615
4979,36.95524215698242,3.8520431518554688,0.49601253867149353,0.1865447610616684,-0.039649978280067444,0.542100191116333
4980,36.96914291381836,3.8173797130584717,0.4977250099182129,0.18650232255458832,-0.05501627177000046,0.5501692891120911
4981,36.92384719848633,3.7392964363098145,0.5019625425338745,0.1865389198064804,-0.04094686731696129,0.5392872095108032
4982,36.96177673339844,3.79658579826355,0.5034375190734863,0.18660305440425873,-0.04849785938858986,0.5860676765441895
4983,36.9548454284668,3.8255796432495117,0.49841248989105225,0.18657343089580536,-0.041938163340091705,0.5482960343360901
4984,37.01238250732422,3.8600380420684814,0.49941250681877136,0.1865624636411667,-0.044745005667209625,0.55914705991745
4985,36.938323974609375,3.724895715713501,0.500837504863739,0.18657809495925903,-0.0095188207924366,0.5550057888031006
4986,36.95240783691406,3.7822980880737305,0.49801257252693176,0.18654102087020874,-0.024753930047154427,0.5538955330848694
4987,36.97494125366211,3.8069655895233154,0.4985499978065491,0.1865139752626419,-0.04802573844790459,0.5654996037483215
4988,36.95159149169922,3.7416303157806396,0.499037504196167,0.18649601936340332,-0.04693834111094475,0.5423221588134766
4989,36.93766784667969,3.8194580078125,0.5017375349998474,0.18652842938899994,-0.03144674375653267,0.5623597502708435
4990,36.956180572509766,3.808875322341919,0.5023750066757202,0.18657273054122925,-0.05265842750668526,0.5490974187850952
4991,36.95864486694336,3.736546516418457,0.506462574005127,0.18669329583644867,-0.05669432505965233,0.569843590259552
4992,36.979759216308594,3.9222850799560547,0.5002375245094299,0.18669772148132324,-0.02481827139854431,0.5728538632392883
4993,36.98332977294922,3.8399975299835205,0.49947506189346313,0.1866879165172577,-0.012547766789793968,0.5489159822463989
4994,36.94807434082031,3.7831127643585205,0.49592500925064087,0.1866118311882019,-0.014325795695185661,0.5436474680900574
4995,36.93022918701172,3.7480673789978027,0.49857503175735474,0.1865852326154709,-0.043465930968523026,0.5422561168670654
4996,36.87969970703125,3.6767866611480713,0.4966000020503998,0.18652179837226868,-0.04281572625041008,0.5540443658828735
4997,36.98752975463867,3.860417127609253,0.49865004420280457,0.18649661540985107,-0.05318249762058258,0.5281872749328613
4998,36.996849060058594,3.8760430812835693,0.5084625482559204,0.1866544485092163,-0.050634074956178665,0.5603844523429871
4999,36.91767120361328,3.7604355812072754,0.5026000142097473,0.18670298159122467,-0.04267123341560364,0.5318718552589417
