step,energy,std,acceptance_rate,step_size,cm_mean,cm_std
0,55.37194061279297,31.217796325683594,0.9793501496315002,0.3143805265426636,-0.025144385173916817,1.407123327255249
1,55.1951904296875,31.10915184020996,0.9853250980377197,0.32963818311691284,-0.029516814276576042,1.3708094358444214
2,55.581016540527344,31.326303482055664,0.9889126420021057,0.34575462341308594,-0.017707418650388718,1.4466677904129028
3,55.3582649230957,31.259992599487305,0.987787663936615,0.36262011528015137,0.0029861603397876024,1.5432851314544678
4,55.39852523803711,31.553598403930664,0.9863126873970032,0.3802548050880432,0.025641310960054398,1.608392357826233
5,55.53755187988281,31.581253051757812,0.9823251366615295,0.3985954523086548,0.010026924312114716,1.6291528940200806
6,55.16761779785156,31.484682083129883,0.9776126146316528,0.4176328480243683,-0.02137797325849533,1.7868448495864868
7,55.07783889770508,31.299936294555664,0.9706376194953918,0.43728819489479065,0.0569567047059536,1.8740365505218506
8,55.42155838012695,31.29029655456543,0.9609250426292419,0.45744389295578003,0.031012017279863358,1.8696305751800537
9,55.10750198364258,31.031614303588867,0.9503500461578369,0.47804486751556396,-0.008614479564130306,1.9847320318222046
10,55.423702239990234,31.036903381347656,0.9422250390052795,0.4991852045059204,-0.06720291823148727,2.0784342288970947
11,55.290733337402344,30.69440460205078,0.9348375797271729,0.5208916664123535,0.012723763473331928,2.119345188140869
12,55.27352523803711,31.014535903930664,0.9245750308036804,0.5430074334144592,-0.020636098459362984,2.1361372470855713
13,55.37331008911133,31.198345184326172,0.9156374931335449,0.5655768513679504,0.04607592523097992,2.2642948627471924
14,55.317909240722656,30.815093994140625,0.9078375697135925,0.5886431932449341,-0.1584198921918869,2.273085594177246
15,55.52192687988281,31.317218780517578,0.8985125422477722,0.6121013760566711,-0.052627306431531906,2.4769060611724854
16,55.19939041137695,30.864084243774414,0.8893375396728516,0.6359328031539917,0.004355835262686014,2.5008716583251953
17,55.43079376220703,31.112966537475586,0.8829250931739807,0.6602842807769775,0.09932336211204529,2.584827184677124
18,55.27656555175781,30.947364807128906,0.8749876022338867,0.6850441098213196,0.07186803221702576,2.7405178546905518
19,55.45516586303711,31.336904525756836,0.8667500615119934,0.7101680636405945,-0.019499290734529495,2.7659857273101807
20,55.284542083740234,31.15350341796875,0.8607625365257263,0.7357882857322693,-0.01131241675466299,2.9290337562561035
21,54.771202087402344,30.185876846313477,0.8509876132011414,0.7616135478019714,0.05720235034823418,2.9795405864715576
22,54.94874954223633,30.607805252075195,0.8464625477790833,0.7880006432533264,-0.08340232819318771,3.0578622817993164
23,55.13878631591797,31.06792640686035,0.8364375233650208,0.8145118951797485,0.0177862998098135,3.0824978351593018
24,54.94135665893555,30.484453201293945,0.8258500099182129,0.841052770614624,0.016255127266049385,3.3685390949249268
25,54.91799545288086,30.431978225708008,0.8154749870300293,0.8675858974456787,-0.06355003267526627,3.358595132827759
26,54.73637008666992,30.31368637084961,0.806600034236908,0.8941861391067505,-0.03739112243056297,3.3687920570373535
27,55.00075912475586,30.375885009765625,0.7919750809669495,0.9202941060066223,-0.1877635419368744,3.423140525817871
28,54.73194885253906,30.55916976928711,0.7799875140190125,0.9460612535476685,0.11515434831380844,3.487583637237549
29,54.717376708984375,30.160789489746094,0.7672874927520752,0.9713482856750488,-0.20218634605407715,3.6130409240722656
30,54.60491180419922,29.900638580322266,0.7548750638961792,0.9961055517196655,-0.042724430561065674,3.8532845973968506
31,54.91398239135742,30.59418487548828,0.7483250498771667,1.020841360092163,0.004579860717058182,3.7167720794677734
32,54.679134368896484,29.695009231567383,0.739387571811676,1.0452790260314941,0.08401118218898773,4.01140022277832
33,54.70956802368164,30.074581146240234,0.7205126285552979,1.0683287382125854,-0.2695385217666626,3.952998638153076
34,54.58077621459961,29.615571975708008,0.7124000787734985,1.0910199880599976,0.0025393383111804724,3.956934928894043
35,54.346492767333984,29.795217514038086,0.7003750205039978,1.1128813028335571,-0.05000561103224754,3.9979910850524902
36,54.687255859375,30.379804611206055,0.684950053691864,1.133463978767395,-0.012715042568743229,3.953937530517578
37,54.04387283325195,29.043867111206055,0.6777125597000122,1.1536070108413696,-0.011154090985655785,3.9502499103546143
38,54.32463073730469,29.824357986450195,0.6594500541687012,1.1720012426376343,-0.036311838775873184,4.132679462432861
39,54.37979507446289,30.151142120361328,0.6469250321388245,1.189220905303955,0.10328549146652222,4.105160236358643
40,54.0574836730957,29.87775993347168,0.6316500306129456,1.2048770189285278,0.06592001765966415,4.18773078918457
41,54.1978645324707,29.365474700927734,0.6199876070022583,1.2193340063095093,0.0118790864944458,4.2153730392456055
42,54.12944793701172,29.744136810302734,0.6135250329971313,1.233176589012146,0.0990917906165123,4.372116565704346
43,53.95645523071289,29.48689079284668,0.5979500412940979,1.245255470275879,-0.19675765931606293,4.257917404174805
44,53.92401885986328,29.338415145874023,0.5964125394821167,1.2572613954544067,-0.07126787304878235,4.305037021636963
45,53.610015869140625,29.295373916625977,0.592862606048584,1.2689366340637207,0.2924438714981079,4.330761909484863
46,53.41569900512695,28.310197830200195,0.5866125822067261,1.2799272537231445,-0.12505191564559937,4.366337776184082
47,53.52151870727539,29.106651306152344,0.5772625207901001,1.2898162603378296,0.042908258736133575,4.446550369262695
48,53.684532165527344,29.60774040222168,0.5762374997138977,1.2996495962142944,0.1234496533870697,4.271523475646973
49,53.243309020996094,28.879518508911133,0.576162576675415,1.3095481395721436,0.15950657427310944,4.254571437835693
50,52.87409973144531,28.397911071777344,0.5703250169754028,1.3187575340270996,-0.019015183672308922,4.478112697601318
51,52.90139389038086,28.131433486938477,0.5640000104904175,1.327197551727295,0.23670387268066406,4.349136829376221
52,52.445098876953125,27.831878662109375,0.5573875308036804,1.3348139524459839,-0.009782715700566769,4.318385601043701
53,52.92336654663086,28.56269645690918,0.5493250489234924,1.341398000717163,-0.21542127430438995,4.358131408691406
54,52.796836853027344,28.4399471282959,0.5477874875068665,1.3478082418441772,-0.021883027628064156,4.223474502563477
55,52.433753967285156,28.556610107421875,0.5372000336647034,1.352822184562683,-0.1062992736697197,4.25634241104126
56,52.42070388793945,28.187915802001953,0.5324249863624573,1.3572087287902832,-0.15458865463733673,4.422247886657715
57,51.86029052734375,27.471912384033203,0.5294875502586365,1.361210823059082,-0.17211374640464783,4.2148942947387695
58,51.75590896606445,27.27628517150879,0.5413874983787537,1.3668445348739624,0.04108170047402382,4.293709754943848
59,52.19084548950195,28.833030700683594,0.5304250121116638,1.3710031509399414,-0.04471265524625778,4.384563446044922
60,51.28874969482422,27.46980094909668,0.5257375240325928,1.3745317459106445,0.07442918419837952,4.449084281921387
61,51.315093994140625,27.98433494567871,0.5171124935150146,1.376883864402771,0.04103098437190056,4.540576934814453
62,51.0560188293457,27.34217643737793,0.5026625394821167,1.3772505521774292,-0.027569551020860672,4.253559112548828
63,50.59505081176758,27.401762008666992,0.4837125241756439,1.3750073909759521,0.14439912140369415,4.2908806800842285
64,50.405059814453125,26.794395446777344,0.47062501311302185,1.3709683418273926,-0.04482891410589218,4.16599702835083
65,50.36153793334961,27.451629638671875,0.4536000192165375,1.3646070957183838,-0.18458352982997894,4.302391052246094
66,49.46969985961914,26.036762237548828,0.4200875461101532,1.353702187538147,0.15932674705982208,3.9341349601745605
67,49.589622497558594,25.964399337768555,0.41401252150535583,1.342061996459961,0.08984449505805969,3.8959431648254395
68,49.45280075073242,25.629297256469727,0.3935375213623047,1.3277740478515625,0.0567750558257103,3.7672476768493652
69,48.569149017333984,24.571975708007812,0.37273749709129333,1.310876488685608,-0.05021406710147858,3.5601258277893066
70,49.26618576049805,26.20410919189453,0.3552125096321106,1.2918967008590698,-0.006323402747511864,3.444833993911743
71,48.99748992919922,26.250165939331055,0.33820000290870667,1.2709938287734985,-0.027535565197467804,3.2670834064483643
72,48.7061653137207,25.75103187561035,0.3293125033378601,1.2492995262145996,0.20751166343688965,3.099407911300659
73,47.703208923339844,24.14688491821289,0.3197374939918518,1.2267793416976929,-0.06192847341299057,3.201146125793457
74,47.77849197387695,25.173892974853516,0.31193751096725464,1.203708291053772,0.044880107045173645,2.920945644378662
75,47.21644973754883,24.056758880615234,0.30418750643730164,1.180138111114502,-0.06244264543056488,2.764761447906494
76,47.51655960083008,25.363758087158203,0.30006250739097595,1.1565427780151367,0.20789027214050293,2.66756010055542
77,46.84185791015625,24.319137573242188,0.2858999967575073,1.1317812204360962,0.0018531151581555605,2.5200672149658203
78,46.50539779663086,23.92565155029297,0.27918750047683716,1.1067900657653809,-0.04907122999429703,2.5809459686279297
79,46.580169677734375,24.367923736572266,0.26401251554489136,1.0806711912155151,0.021249379962682724,2.375286102294922
80,46.66950225830078,24.308246612548828,0.26356250047683716,1.0551201105117798,0.023056717589497566,2.3628509044647217
81,46.517784118652344,24.473249435424805,0.25298750400543213,1.0290573835372925,-0.1411200910806656,2.336042881011963
82,46.529510498046875,25.25885009765625,0.2533625066280365,1.0036770105361938,-0.0028800470754504204,2.237098455429077
83,46.164371490478516,25.46784019470215,0.23990000784397125,0.9775713682174683,0.040400754660367966,2.0830440521240234
84,46.08021545410156,24.05879783630371,0.24217501282691956,0.9523671269416809,-0.1044447124004364,1.9852323532104492
85,45.83134078979492,24.35533332824707,0.24260002374649048,0.9278531670570374,0.00848375540226698,1.8449422121047974
86,45.46083450317383,24.501537322998047,0.23317502439022064,0.9030957221984863,0.06594128161668777,1.8152462244033813
87,44.937294006347656,23.387649536132812,0.22690001130104065,0.8784321546554565,-0.0304137971252203,1.7704380750656128
88,45.46559524536133,24.675315856933594,0.22472500801086426,0.8542510867118835,-0.007752380799502134,1.7373864650726318
89,44.66972732543945,24.404922485351562,0.2198375016450882,0.8303181529045105,0.08037083595991135,1.5500824451446533
90,45.216041564941406,26.07650375366211,0.21947501599788666,0.807025671005249,-0.002562670735642314,1.639454960823059
91,44.791717529296875,24.647390365600586,0.20953752100467682,0.7835845947265625,-0.004573429469019175,1.4881192445755005
92,45.07099914550781,25.002727508544922,0.20848749577999115,0.7607421278953552,0.0882788896560669,1.4214184284210205
93,44.9369010925293,25.33650016784668,0.2130500078201294,0.7389126420021057,-0.020232144743204117,1.398406744003296
94,44.506587982177734,24.50948715209961,0.21633750200271606,0.7179524302482605,0.09686705470085144,1.335756778717041
95,44.473533630371094,24.63058090209961,0.21550001204013824,0.6975266933441162,0.10367995500564575,1.3170466423034668
96,43.76117706298828,22.734783172607422,0.22207501530647278,0.6781406998634338,0.0317164771258831,1.2646418809890747
97,44.37932205200195,24.760297775268555,0.2226250171661377,0.6593307852745056,0.05453847721219063,1.299770712852478
98,44.724700927734375,25.122814178466797,0.2311750203371048,0.641606330871582,0.0918894112110138,1.2047650814056396
99,44.03303527832031,24.681236267089844,0.23708751797676086,0.6247376799583435,0.026411190629005432,1.2714961767196655
100,44.91694641113281,27.09235191345215,0.2372875213623047,0.6083250641822815,0.024411454796791077,1.1871005296707153
101,43.890960693359375,24.081134796142578,0.24498751759529114,0.5928120017051697,0.02120891585946083,1.1863996982574463
102,44.35700225830078,25.5150146484375,0.25110000371932983,0.5780569314956665,-0.021128198131918907,1.154029369354248
103,44.10008239746094,25.360843658447266,0.2532375156879425,0.5637926459312439,0.0468384250998497,1.1801356077194214
104,45.169029235839844,28.619544982910156,0.2504125237464905,0.5497211217880249,0.016047466546297073,1.1005797386169434
105,43.98183059692383,24.210105895996094,0.2665000259876251,0.536885142326355,-0.008074050769209862,1.1224756240844727
106,44.04958724975586,25.504663467407227,0.26958754658699036,0.5245146155357361,0.03864864632487297,1.0955384969711304
107,44.62525939941406,26.520143508911133,0.28271254897117615,0.5131175518035889,-0.020319825038313866,1.132002353668213
108,44.58964920043945,27.516122817993164,0.2871125042438507,0.5021939277648926,0.04990743473172188,1.0708177089691162
109,43.9303092956543,24.6469669342041,0.2968375086784363,0.49199122190475464,-0.041746050119400024,1.0687845945358276
110,44.73871994018555,26.53453826904297,0.30254998803138733,0.4822768568992615,-0.0210255179554224,1.0913108587265015
111,44.42610168457031,25.49172592163086,0.31443750858306885,0.4733276069164276,-0.025134004652500153,1.1228327751159668
112,44.099708557128906,25.413175582885742,0.31862500309944153,0.46474263072013855,-0.07216131687164307,1.0560044050216675
113,44.24905014038086,26.160005569458008,0.32200002670288086,0.45647022128105164,-0.07152679562568665,1.112547755241394
114,43.65205001831055,24.114656448364258,0.32222503423690796,0.4483553171157837,-0.028355810791254044,1.0718029737472534
115,43.64221954345703,24.334468841552734,0.3293375074863434,0.4407035708427429,-0.0611727274954319,1.0496271848678589
116,43.39287567138672,24.50209617614746,0.331587553024292,0.4332815706729889,-0.09275002777576447,1.010009527206421
117,44.40592956542969,26.500316619873047,0.3329625129699707,0.42604416608810425,-0.025971490889787674,1.011189341545105
118,43.8106689453125,25.73961639404297,0.3421500325202942,0.4193190634250641,-0.05885501205921173,0.9976756572723389
119,43.765743255615234,25.851634979248047,0.3463750183582306,0.41287726163864136,0.008648100309073925,0.9738909006118774
120,43.61520767211914,25.390716552734375,0.35318753123283386,0.40681570768356323,-0.023623868823051453,0.961341142654419
121,43.716346740722656,25.88743782043457,0.35222500562667847,0.40080398321151733,0.015540781430900097,0.9668986797332764
122,43.585296630859375,25.498130798339844,0.3613625168800354,0.39524734020233154,0.008053707890212536,0.9942615032196045
123,43.79523468017578,26.02588653564453,0.36487501859664917,0.38990655541419983,0.06220905855298042,0.946412205696106
124,44.14125061035156,26.427522659301758,0.3646250069141388,0.38462817668914795,-0.009160696528851986,0.9659736156463623
125,44.06193542480469,26.097444534301758,0.3693125247955322,0.3796015679836273,0.03903773054480553,0.9549152851104736
126,43.613189697265625,26.06778335571289,0.37236249446868896,0.37475642561912537,0.06754769384860992,0.9128713607788086
127,43.86448287963867,26.097431182861328,0.36873751878738403,0.36983728408813477,0.013770471327006817,0.9028261303901672
128,44.045875549316406,26.071428298950195,0.38116255402565,0.3654422461986542,-0.026576796546578407,0.938193142414093
129,43.74858474731445,25.86225128173828,0.3725125193595886,0.36078333854675293,-0.02118840627372265,0.9115308523178101
130,44.40122604370117,26.910593032836914,0.3801250159740448,0.356458455324173,0.021400086581707,0.9080201387405396
131,43.513484954833984,25.221548080444336,0.386337548494339,0.3524068593978882,0.031273264437913895,0.9224172830581665
132,43.75611877441406,25.87599754333496,0.3879625201225281,0.34845858812332153,-0.02327047660946846,0.8719092011451721
133,43.68122482299805,25.390636444091797,0.39336249232292175,0.34474271535873413,0.02456177957355976,0.8917611837387085
134,43.47395706176758,25.17662239074707,0.3951750099658966,0.341128945350647,0.01284592691808939,0.8646686673164368
135,43.952369689941406,27.533475875854492,0.40031251311302185,0.3377283215522766,0.02571733109652996,0.8980848789215088
136,43.359336853027344,25.213401794433594,0.3973875343799591,0.33426281809806824,0.009041712619364262,0.8891180753707886
137,43.331642150878906,25.141712188720703,0.4012000262737274,0.33096030354499817,-0.02974054031074047,0.9029779434204102
138,43.727142333984375,26.4273681640625,0.40761250257492065,0.3279026448726654,0.02081657014787197,0.822091281414032
139,44.04990768432617,27.261947631835938,0.4056500494480133,0.32480889558792114,-0.03174874186515808,0.8886198997497559
140,43.99713134765625,26.542163848876953,0.4115625321865082,0.32193636894226074,-0.008583311922848225,0.8930730223655701
141,43.6033935546875,25.29690170288086,0.40992501378059387,0.3190365135669708,0.0034957716707140207,0.9002436399459839
142,43.146324157714844,24.66126251220703,0.411112517118454,0.3162006735801697,-0.062270473688840866,0.8729220628738403
143,43.65998458862305,25.51272964477539,0.4138624966144562,0.3134770095348358,-0.011523475870490074,0.880498468875885
144,43.478492736816406,25.437957763671875,0.41632503271102905,0.3108539879322052,-0.06033875793218613,0.8275669813156128
145,44.08773422241211,27.69303321838379,0.4162999987602234,0.30825215578079224,0.006222903728485107,0.8815586566925049
146,43.33060073852539,25.96139144897461,0.41782504320144653,0.3057190775871277,0.004673962946981192,0.8575224876403809
147,43.90011978149414,26.950510025024414,0.42358753085136414,0.3033829927444458,-0.011069973930716515,0.8469722270965576
148,43.60841751098633,26.359725952148438,0.42500001192092896,0.30110761523246765,-0.04597928747534752,0.842744767665863
149,43.46800994873047,26.04246711730957,0.4225125312805176,0.2987744212150574,-0.02819911763072014,0.8335791230201721
150,43.43547058105469,25.577661514282227,0.420974999666214,0.2964133620262146,-0.0268835611641407,0.8362334370613098
151,43.292301177978516,25.092317581176758,0.42298752069473267,0.2941305935382843,-0.008377395570278168,0.8032010793685913
152,43.251155853271484,25.51650047302246,0.42190003395080566,0.29183343052864075,0.011788086034357548,0.8576604127883911
153,43.51457595825195,26.177522659301758,0.42758750915527344,0.28972017765045166,-0.03040098398923874,0.8031762838363647
154,43.656463623046875,26.89098358154297,0.43066248297691345,0.28771132230758667,-0.05859001353383064,0.8144683241844177
155,43.3665771484375,25.36542320251465,0.4302249848842621,0.2857038080692291,-0.05692534148693085,0.8004570007324219
156,43.7650260925293,27.178754806518555,0.42992499470710754,0.28370174765586853,-0.030426012352108955,0.765169084072113
157,43.58882522583008,26.42876625061035,0.43168753385543823,0.2817637026309967,-0.018688958138227463,0.7989024519920349
158,43.80003356933594,26.735010147094727,0.44337502121925354,0.28016820549964905,-0.019632475450634956,0.8073369860649109
159,43.63970184326172,27.395963668823242,0.44082504510879517,0.27851030230522156,-0.056595176458358765,0.7947304844856262
160,43.349308013916016,25.75226402282715,0.4426875114440918,0.2769140899181366,-0.03444267809391022,0.8230849504470825
161,43.686981201171875,26.55422592163086,0.44021251797676086,0.27525848150253296,-0.012355027720332146,0.7888901233673096
162,43.177066802978516,24.95490264892578,0.450112521648407,0.2738852798938751,-0.007955698296427727,0.7821953892707825
163,43.1179313659668,25.215045928955078,0.4453750252723694,0.27238917350769043,0.0375833697617054,0.8030288815498352
164,43.54993438720703,26.5650634765625,0.44613754749298096,0.2709220349788666,-0.015271108597517014,0.8006992936134338
165,43.14805221557617,25.363691329956055,0.4534125328063965,0.2696598768234253,0.007968127727508545,0.7804837226867676
166,43.626407623291016,26.01412010192871,0.4573500156402588,0.26850977540016174,-0.024116845801472664,0.8089866042137146
167,42.82347869873047,25.176572799682617,0.44753754138946533,0.26710110902786255,-0.020179372280836105,0.7503064274787903
168,43.31209945678711,25.652467727661133,0.44985005259513855,0.2657615840435028,-0.06120605021715164,0.7689045071601868
169,43.02851867675781,24.81464195251465,0.45670002698898315,0.26461082696914673,-0.027438417077064514,0.7888041138648987
170,43.41359329223633,25.24698257446289,0.4556250274181366,0.26343661546707153,-0.023508641868829727,0.7629204392433167
171,43.77364730834961,26.891855239868164,0.4524250030517578,0.2621833086013794,0.003054387168958783,0.7432305812835693
172,44.14353561401367,27.623254776000977,0.454987496137619,0.26100316643714905,-0.06660298258066177,0.7709136605262756
173,43.30634307861328,25.885055541992188,0.4515875279903412,0.25973957777023315,-0.05300396680831909,0.7783854603767395
174,43.62471008300781,26.113210678100586,0.4560375213623047,0.2585977017879486,0.007384208030998707,0.7761962413787842
175,43.02275466918945,24.844650268554688,0.45532503724098206,0.2574424147605896,-0.023403149098157883,0.7460514903068542
176,43.546905517578125,26.41331672668457,0.46336251497268677,0.25649920105934143,-0.04337563365697861,0.7877585887908936
177,43.442256927490234,25.926376342773438,0.4642125368118286,0.255581259727478,0.00760949170216918,0.7300330996513367
178,43.39198303222656,26.166845321655273,0.4617000222206116,0.2546023726463318,-0.021534061059355736,0.7381628751754761
179,43.26602554321289,25.947778701782227,0.46367505192756653,0.2536775469779968,-0.03722408413887024,0.7489125728607178
180,43.2997932434082,25.90338706970215,0.464525043964386,0.252777636051178,-0.07641950994729996,0.7644891142845154
181,42.98704147338867,25.891687393188477,0.46560001373291016,0.2519080638885498,-0.059450600296258926,0.7638772130012512
182,43.62630081176758,26.525999069213867,0.46857503056526184,0.25111645460128784,-0.028868207708001137,0.7318583726882935
183,43.477867126464844,26.18773078918457,0.4717000424861908,0.25040578842163086,-0.007763584144413471,0.7405248880386353
184,43.161407470703125,25.69945526123047,0.4759000241756439,0.24980230629444122,-0.005580720491707325,0.7389052510261536
185,43.068267822265625,25.647096633911133,0.47593751549720764,0.2492012232542038,-0.02179480530321598,0.7737622857093811
186,43.80361557006836,26.96576690673828,0.47290000319480896,0.24852588772773743,-0.10254952311515808,0.7482649087905884
187,43.26601028442383,25.52579116821289,0.46816253662109375,0.2477346509695053,-0.013526102527976036,0.7514532208442688
188,43.44062042236328,26.123746871948242,0.4763500392436981,0.2471487671136856,-0.0424913614988327,0.7539355158805847
189,43.41471481323242,25.88317108154297,0.4755000174045563,0.2465432584285736,-0.04664413630962372,0.7733994126319885
190,42.91646957397461,25.13518524169922,0.4732375144958496,0.24588344991207123,-0.0284553375095129,0.7824805378913879
191,43.487579345703125,26.66012954711914,0.4744125306606293,0.2452542930841446,-0.08094826340675354,0.7668363451957703
192,43.511600494384766,26.215381622314453,0.47033751010894775,0.24452681839466095,-0.026113273575901985,0.7812731862068176
193,43.145111083984375,25.505298614501953,0.47280001640319824,0.24386170506477356,-0.016521114856004715,0.7522121071815491
194,43.14824295043945,25.751258850097656,0.4751875102519989,0.24325662851333618,-0.008610685355961323,0.7408027648925781
195,43.07097244262695,25.598896026611328,0.46777504682540894,0.24247273802757263,0.0030112401582300663,0.7298998236656189
196,43.348392486572266,26.028926849365234,0.47187501192092896,0.2417907863855362,0.010285106487572193,0.7253143787384033
197,43.553375244140625,27.036151885986328,0.47142499685287476,0.24109986424446106,-0.005895048379898071,0.7309477925300598
198,43.569725036621094,26.806926727294922,0.4737500250339508,0.24046698212623596,0.005074677057564259,0.7370247840881348
199,43.97153091430664,27.794153213500977,0.4759500324726105,0.23988866806030273,-0.001520994701422751,0.6937875151634216
200,43.38967514038086,26.756301879882812,0.47652503848075867,0.23932553827762604,-0.029917264357209206,0.7370320558547974
201,43.05388259887695,25.560789108276367,0.48058751225471497,0.23886094987392426,-0.023570727556943893,0.7221702933311462
202,43.018043518066406,25.265771865844727,0.4826125502586365,0.23844563961029053,-0.022401511669158936,0.7299045324325562
203,43.22458267211914,25.523208618164062,0.4832625091075897,0.2380465418100357,-0.03944424167275429,0.7598318457603455
204,43.11090850830078,26.26011848449707,0.48340004682540894,0.23765139281749725,0.0009605098166503012,0.7388008832931519
205,43.25492477416992,25.952625274658203,0.48606252670288086,0.2373201698064804,-0.012219452299177647,0.7271658182144165
206,43.65373611450195,26.543460845947266,0.48815006017684937,0.23703894019126892,-0.02636575512588024,0.7366982102394104
207,43.174293518066406,25.606983184814453,0.48730000853538513,0.2367379069328308,-0.05369766056537628,0.7321895956993103
208,43.36769104003906,26.14943504333496,0.48782503604888916,0.2364496886730194,-0.016429496929049492,0.7408661246299744
209,43.2075080871582,25.848100662231445,0.4864625036716461,0.23612959682941437,-0.03366880118846893,0.6970650553703308
210,43.453155517578125,26.30731201171875,0.4849250018596649,0.23577362298965454,-0.019821953028440475,0.7516788840293884
211,43.282958984375,25.976280212402344,0.49160006642341614,0.2355755716562271,-0.04809526354074478,0.7303218245506287
212,43.43057632446289,26.18436622619629,0.4833250343799591,0.2351827472448349,-0.010761181823909283,0.71764075756073
213,43.41309356689453,26.474769592285156,0.48385000228881836,0.23480293154716492,-0.01669650338590145,0.6870850920677185
214,43.509674072265625,26.598388671875,0.4823875427246094,0.23438937962055206,-0.014644217677414417,0.7113494277000427
215,43.16299819946289,25.47859764099121,0.48452505469322205,0.23402665555477142,-0.0791182741522789,0.7380443215370178
216,43.64365768432617,27.011024475097656,0.4842125475406647,0.23365718126296997,-0.022662879899144173,0.6983252763748169
217,42.88862991333008,25.371837615966797,0.48481252789497375,0.23330232501029968,-0.05465889349579811,0.7061439156532288
218,43.64805603027344,26.579530715942383,0.4857000410556793,0.23296870291233063,-0.04622597619891167,0.7162583470344543
219,43.30962371826172,26.394153594970703,0.4828750193119049,0.23256973922252655,-0.08107683062553406,0.6895121335983276
220,43.20960998535156,25.832365036010742,0.48571252822875977,0.23223745822906494,-0.07356928288936615,0.6989772319793701
221,43.29012680053711,26.242809295654297,0.4878000020980835,0.23195412755012512,-0.050224095582962036,0.7119072675704956
222,43.34634780883789,26.62995719909668,0.48253753781318665,0.23154908418655396,-0.07590719312429428,0.6975700855255127
223,43.12635040283203,25.60625648498535,0.491687536239624,0.23135660588741302,-0.010731050744652748,0.7203071117401123
224,42.711421966552734,24.792945861816406,0.48711252212524414,0.23105843365192413,-0.058323491364717484,0.6870698928833008
225,42.880802154541016,25.40234375,0.4803750216960907,0.23060499131679535,0.012254266999661922,0.7271884083747864
226,43.304443359375,26.29520034790039,0.48135003447532654,0.23017491400241852,-0.016324201598763466,0.7226276993751526
227,42.84022521972656,25.086990356445312,0.4826875329017639,0.22977641224861145,-0.011725686490535736,0.7214961647987366
228,43.1856575012207,26.42133140563965,0.48245003819465637,0.22937315702438354,-0.033037032932043076,0.6958591938018799
229,42.97020721435547,25.42091178894043,0.48688754439353943,0.22907239198684692,-0.06734759360551834,0.7093653678894043
230,43.553565979003906,26.736419677734375,0.48772501945495605,0.22879120707511902,-0.02943280152976513,0.7012671828269958
231,43.156150817871094,26.04164695739746,0.4883875250816345,0.2285255342721939,-0.07963599264621735,0.7175184488296509
232,43.0048828125,25.81193733215332,0.4883875250816345,0.22826015949249268,-0.04184631258249283,0.638450026512146
233,43.264957427978516,26.11845588684082,0.4866625666618347,0.22795572876930237,-0.07169165462255478,0.6938096284866333
234,43.22306823730469,25.952075958251953,0.4909124970436096,0.2277485728263855,-0.04835312440991402,0.7217935919761658
235,43.06417465209961,25.974294662475586,0.4908500015735626,0.22754018008708954,-0.04359529912471771,0.7262794375419617
236,43.372718811035156,26.42047691345215,0.4916750192642212,0.22735075652599335,-0.042269133031368256,0.7020222544670105
237,43.54380416870117,26.461015701293945,0.49560001492500305,0.22725072503089905,-0.060102786868810654,0.6881271004676819
238,43.41142272949219,26.683143615722656,0.4913625121116638,0.2270544469356537,-0.05993512272834778,0.6897214651107788
239,42.98866653442383,25.159555435180664,0.49505001306533813,0.2269420474767685,-0.028930069878697395,0.6824005246162415
240,43.086204528808594,25.346529006958008,0.49658751487731934,0.22686460614204407,-0.0453411340713501,0.6850950121879578
241,43.53596878051758,26.72958755493164,0.49031251668930054,0.226644828915596,-0.042330723255872726,0.7136980891227722
242,43.13045883178711,26.24287986755371,0.4945625364780426,0.2265215814113617,-0.02433857135474682,0.6907715797424316
243,43.178199768066406,25.603551864624023,0.49162501096725464,0.22633187472820282,-0.016555363312363625,0.6828421950340271
244,43.16663360595703,26.185699462890625,0.49668753147125244,0.22625690698623657,-0.04450304061174393,0.71156245470047
245,42.94132995605469,26.174842834472656,0.5013874769210815,0.226288303732872,-0.024827640503644943,0.7107301950454712
246,42.92949295043945,25.285001754760742,0.49412500858306885,0.2261553555727005,-0.07545574009418488,0.6682978868484497
247,43.182273864746094,26.109249114990234,0.49150002002716064,0.22596311569213867,-0.04981633648276329,0.6746107935905457
248,42.91231155395508,25.437814712524414,0.49330002069473267,0.22581171989440918,-0.040212541818618774,0.685151219367981
249,43.19427490234375,26.322166442871094,0.49006253480911255,0.22558732330799103,-0.0680927187204361,0.6844213008880615
250,42.99540710449219,25.860698699951172,0.49098750948905945,0.22538401186466217,-0.0742354765534401,0.6774469017982483
251,42.958370208740234,25.833030700683594,0.490512490272522,0.22517018020153046,-0.030606772750616074,0.7048871517181396
252,43.119136810302734,25.503854751586914,0.490725040435791,0.22496134042739868,-0.04581288620829582,0.7022215127944946
253,43.11130142211914,25.89775276184082,0.4875750243663788,0.2246818244457245,-0.0430745854973793,0.6964946985244751
254,43.07927703857422,25.935136795043945,0.48971250653266907,0.22445067763328552,-0.0736205205321312,0.6684558391571045
255,43.17778396606445,26.463895797729492,0.49240005016326904,0.22428008913993835,-0.05502724274992943,0.7116979956626892
256,42.8932991027832,25.655649185180664,0.48481252789497375,0.2239394634962082,-0.05484858155250549,0.687203049659729
257,43.1324577331543,26.44938087463379,0.4872625470161438,0.22365422546863556,-0.0670696422457695,0.6531539559364319
258,43.08150863647461,26.215450286865234,0.4857250154018402,0.22333496809005737,-0.03421313688158989,0.6805090308189392
259,42.916534423828125,25.788423538208008,0.48740002512931824,0.22305357456207275,-0.026194924488663673,0.6956608295440674
260,43.73351287841797,27.73943328857422,0.4902750253677368,0.2228366583585739,-0.08150101453065872,0.7080563902854919
261,43.066497802734375,25.905582427978516,0.4925750494003296,0.22267119586467743,-0.05278470739722252,0.6748344302177429
262,42.7728385925293,25.431886672973633,0.497512549161911,0.2226158082485199,-0.033154938369989395,0.6740804314613342
263,43.502593994140625,26.603700637817383,0.49221253395080566,0.22244244813919067,-0.06948095560073853,0.6611906886100769
264,43.004642486572266,25.727853775024414,0.4914875030517578,0.22225308418273926,-0.05485869199037552,0.680660605430603
265,43.08489990234375,26.29421615600586,0.49818751215934753,0.2222128063440323,-0.06318041682243347,0.6866787075996399
266,42.76786804199219,25.277162551879883,0.49441251158714294,0.22208864986896515,-0.020054299384355545,0.6965619921684265
267,43.31497573852539,26.317007064819336,0.49701252579689026,0.22202230989933014,-0.04072674363851547,0.7025049924850464
268,43.04254150390625,26.438793182373047,0.49693751335144043,0.2219543159008026,-0.08845225721597672,0.6627640724182129
269,42.89500045776367,25.371484756469727,0.49746251106262207,0.22189800441265106,-0.04164469987154007,0.6871963739395142
270,43.18694305419922,26.039390563964844,0.5001500248908997,0.22190134227275848,-0.05789180099964142,0.6797279715538025
271,43.137245178222656,25.793109893798828,0.49643751978874207,0.22182229161262512,-0.0491747111082077,0.6546657681465149
272,42.60390853881836,24.84540557861328,0.49796250462532043,0.22177709639072418,-0.021946895867586136,0.6956058144569397
273,43.35826873779297,27.229272842407227,0.49471256136894226,0.2216598242521286,0.004187601152807474,0.6548752784729004
274,43.32117462158203,26.080928802490234,0.4956500232219696,0.2215633988380432,-0.04534487426280975,0.6644052267074585
275,42.91661834716797,25.266481399536133,0.4942375421524048,0.22143572568893433,-0.06111264228820801,0.6960614323616028
276,43.49749755859375,27.151596069335938,0.49457502365112305,0.22131559252738953,-0.020272277295589447,0.671115517616272
277,42.7740592956543,25.17123031616211,0.49505001306533813,0.22120603919029236,-0.06955567002296448,0.6729917526245117
278,42.927608489990234,25.431110382080078,0.48938754200935364,0.22097128629684448,-0.03603758290410042,0.6738089323043823
279,43.447654724121094,27.109027862548828,0.4888000190258026,0.22072380781173706,-0.029964769259095192,0.6920633912086487
280,42.82002639770508,25.436235427856445,0.49336251616477966,0.22057729959487915,-0.0644691064953804,0.6712843179702759
281,42.59660720825195,24.802188873291016,0.491687536239624,0.22039394080638885,-0.01621241867542267,0.6726776361465454
282,43.021724700927734,26.080421447753906,0.4852750599384308,0.22006942331790924,-0.05727098509669304,0.6611433029174805
283,43.262813568115234,26.42207145690918,0.4841125011444092,0.2197197824716568,-0.027794672176241875,0.660872757434845
284,42.93998336791992,26.123971939086914,0.49012503027915955,0.21950282156467438,-0.048089563846588135,0.6963428258895874
285,43.73666763305664,27.657859802246094,0.49252504110336304,0.21933874487876892,-0.08126158267259598,0.6690830588340759
286,43.287113189697266,26.433345794677734,0.4951625466346741,0.21923263370990753,-0.04543532431125641,0.6926091313362122
287,43.402767181396484,26.716947555541992,0.4932250678539276,0.21908411383628845,-0.03782378509640694,0.6786614060401917
288,42.8417854309082,25.13206672668457,0.4991125166416168,0.21906466782093048,-0.0642651692032814,0.6741030216217041
289,43.11809158325195,26.20819091796875,0.4979875087738037,0.21902059018611908,-0.1225220188498497,0.6517407894134521
290,42.979068756103516,25.637929916381836,0.4935125410556793,0.21887850761413574,-0.06052413582801819,0.657021164894104
291,43.00947570800781,25.89691925048828,0.4971875250339508,0.21881693601608276,-0.030765824019908905,0.6525111198425293
292,42.90454864501953,25.280488967895508,0.49355003237724304,0.21867580711841583,-0.06196565926074982,0.6691220998764038
293,43.14759063720703,26.288116455078125,0.4968625009059906,0.21860720217227936,-0.05155753716826439,0.6863646507263184
294,42.96388244628906,25.37639045715332,0.49557504057884216,0.2185104638338089,-0.024949811398983,0.6736103296279907
295,43.159000396728516,26.026521682739258,0.4944875240325928,0.21839001774787903,-0.0482211597263813,0.6959993839263916
296,42.68631362915039,24.849632263183594,0.49551254510879517,0.2182920128107071,0.00424774456769228,0.6573469638824463
297,43.08002471923828,26.13180160522461,0.4926125109195709,0.21813075244426727,-0.08014464378356934,0.6788166761398315
298,42.876983642578125,25.55356216430664,0.48856252431869507,0.21788126230239868,-0.023864470422267914,0.6439645886421204
299,42.56336212158203,25.171571731567383,0.49186253547668457,0.21770396828651428,-0.03687547519803047,0.654377818107605
300,43.17366409301758,26.301897048950195,0.4913250207901001,0.21751511096954346,-0.056571997702121735,0.6567425727844238
301,42.97551727294922,26.282222747802734,0.49397504329681396,0.21738405525684357,-0.07406238466501236,0.6873430013656616
302,43.16630172729492,26.068309783935547,0.49341249465942383,0.2172408550977707,-0.03888951987028122,0.680048406124115
303,42.938377380371094,25.24298858642578,0.4965875446796417,0.2171667218208313,-0.0738849863409996,0.6823616027832031
304,42.798343658447266,25.25229835510254,0.49361249804496765,0.21702800691127777,-0.06055111810564995,0.6692737936973572
305,43.2039909362793,26.473045349121094,0.492000013589859,0.21685437858104706,-0.07039273530244827,0.6509459614753723
306,42.86351776123047,25.57115936279297,0.4983000159263611,0.21681751310825348,-0.04790054261684418,0.67605060338974
307,43.167381286621094,26.306325912475586,0.49672502279281616,0.2167465090751648,-0.022860214114189148,0.7168757319450378
308,42.719932556152344,25.097919464111328,0.49897506833076477,0.21672429144382477,-0.06653926521539688,0.6462168097496033
309,43.046382904052734,25.863834381103516,0.5009875297546387,0.21674568951129913,-0.061032358556985855,0.6653102040290833
310,43.19044876098633,26.212074279785156,0.5009750127792358,0.216766819357872,-0.07094090431928635,0.6618708372116089
311,43.2081413269043,26.45722007751465,0.5043375492095947,0.21686086058616638,-0.05548415705561638,0.6663482189178467
312,43.095558166503906,26.12134552001953,0.499562531709671,0.2168513685464859,-0.05289864540100098,0.6474424004554749
313,42.953792572021484,26.00002098083496,0.5018875598907471,0.2168922871351242,-0.05870876461267471,0.7007569074630737
314,42.832489013671875,25.61279296875,0.5036375522613525,0.21697117388248444,-0.06808270514011383,0.6863012313842773
315,42.623714447021484,25.1568546295166,0.4998375177383423,0.2169676423072815,-0.08815038204193115,0.6690140962600708
316,43.432579040527344,27.012840270996094,0.5033750534057617,0.21704086661338806,-0.04476147145032883,0.668183445930481
317,42.93272399902344,25.72287940979004,0.49925005435943604,0.21702459454536438,-0.027218125760555267,0.696168839931488
318,42.86429977416992,26.07280731201172,0.5007500052452087,0.21704086661338806,-0.05909372866153717,0.6765357255935669
319,43.25233840942383,26.136547088623047,0.49522504210472107,0.21693722903728485,-0.07121343165636063,0.6812888383865356
320,42.76809310913086,25.787900924682617,0.49098753929138184,0.21674172580242157,-0.05924752727150917,0.6659846305847168
321,42.6796989440918,24.94039535522461,0.4970000088214874,0.2166767120361328,-0.07016932964324951,0.6598986983299255
322,42.7240104675293,25.364425659179688,0.492775022983551,0.21652016043663025,-0.06788161396980286,0.6720612049102783
323,42.819488525390625,25.770187377929688,0.48861250281333923,0.21627360582351685,-0.08069714903831482,0.6693333387374878
324,43.07024383544922,26.08272361755371,0.489762544631958,0.21605218946933746,-0.05493278428912163,0.6466374397277832
325,42.741600036621094,25.387603759765625,0.4876374900341034,0.21578508615493774,-0.05339740216732025,0.6543446779251099
326,42.84391784667969,25.791912078857422,0.48900002241134644,0.21554772555828094,-0.07376005500555038,0.6530971527099609
327,43.03261947631836,26.145809173583984,0.49066251516342163,0.21534645557403564,-0.07761666178703308,0.650161623954773
328,42.69976806640625,25.324922561645508,0.4911250174045563,0.21515533328056335,-0.06722256541252136,0.6590651273727417
329,42.78469467163086,25.511137008666992,0.4879375100135803,0.2148957997560501,-0.08651458472013474,0.6521958112716675
330,42.90040969848633,26.124906539916992,0.4943625032901764,0.21477465331554413,-0.09388893842697144,0.6720941662788391
331,42.6302490234375,25.456443786621094,0.49818751215934753,0.2147357165813446,-0.08929035067558289,0.6689922213554382
332,43.02497482299805,26.220745086669922,0.49990004301071167,0.2147335708141327,-0.06598621606826782,0.6629902124404907
333,43.15971755981445,26.049989700317383,0.5007750391960144,0.21475021541118622,-0.10747408866882324,0.653789758682251
334,42.96049499511719,25.55126190185547,0.5015125274658203,0.2147826999425888,-0.06767334043979645,0.6647806763648987
335,42.91973114013672,25.9140567779541,0.5032625198364258,0.21485278010368347,-0.05275828018784523,0.637516438961029
336,42.99323654174805,25.78175163269043,0.50347501039505,0.21492743492126465,-0.057480838149785995,0.6205021739006042
337,43.2382698059082,26.45533561706543,0.5019750595092773,0.21496988832950592,-0.04125349596142769,0.6313681602478027
338,42.833168029785156,25.345897674560547,0.502250075340271,0.21501827239990234,-0.031331866979599,0.6376036405563354
339,43.26091003417969,26.408649444580078,0.49738752841949463,0.21496209502220154,0.010118215344846249,0.6507816314697266
340,42.810203552246094,25.366823196411133,0.4997375011444092,0.21495646238327026,-0.054415263235569,0.6560705304145813
341,43.17145919799805,25.907882690429688,0.4970875084400177,0.2148938626050949,-0.06031196191906929,0.6579861044883728
342,42.86840057373047,26.284191131591797,0.497700035572052,0.21484443545341492,-0.06549301743507385,0.6672184467315674
343,42.83600997924805,26.175735473632812,0.49736255407333374,0.21478776633739471,-0.07613769173622131,0.6436967849731445
344,42.64260482788086,25.10560417175293,0.4951624870300293,0.21468386054039001,-0.026300495490431786,0.6816360950469971
345,42.813655853271484,25.307147979736328,0.49566251039505005,0.21459074318408966,-0.07063531130552292,0.6420102119445801
346,43.186710357666016,26.133764266967773,0.4922249913215637,0.21442390978336334,-0.07979199290275574,0.6383171081542969
347,42.723060607910156,25.393192291259766,0.4929000437259674,0.2142716646194458,-0.04981481283903122,0.6294039487838745
348,43.086490631103516,26.54084587097168,0.48922502994537354,0.21404078602790833,-0.03071686625480652,0.6067802906036377
349,42.918312072753906,25.75214195251465,0.49447503685951233,0.21392253041267395,-0.0478755459189415,0.6731988191604614
350,42.69040298461914,24.977603912353516,0.49111250042915344,0.21373240649700165,-0.05832992121577263,0.6560896039009094
351,42.8585319519043,25.860002517700195,0.4935625195503235,0.21359482407569885,-0.03966417908668518,0.6522981524467468
352,43.14951705932617,26.818391799926758,0.49755001068115234,0.21354250609874725,-0.043908003717660904,0.695669412612915
353,42.87705993652344,26.06744956970215,0.4998500347137451,0.21353930234909058,-0.11356578767299652,0.6743727922439575
354,42.91856002807617,26.300804138183594,0.4989125430583954,0.21351608633995056,-0.08572584390640259,0.6304411292076111
355,43.004032135009766,26.356569290161133,0.49918749928474426,0.21349874138832092,-0.05376451089978218,0.6565524339675903
356,42.86953353881836,25.519102096557617,0.5040625333786011,0.2135854810476303,-0.03827609494328499,0.6602940559387207
357,43.12760543823242,26.50594711303711,0.5057000517845154,0.21370723843574524,-0.0873066633939743,0.675146758556366
358,42.751129150390625,25.752126693725586,0.5052875280380249,0.21382024884223938,-0.06905972957611084,0.6932949423789978
359,43.11237716674805,26.173673629760742,0.5078999996185303,0.21398916840553284,-0.09712816774845123,0.6680925488471985
360,43.03987121582031,26.073091506958008,0.5052875280380249,0.21410232782363892,-0.10955847799777985,0.6793617606163025
361,42.820762634277344,25.71430206298828,0.5078500509262085,0.21427039802074432,-0.0932663306593895,0.6895599365234375
362,42.63686752319336,25.316913604736328,0.5051000118255615,0.2143796682357788,-0.0816740170121193,0.6640713214874268
363,42.86371994018555,25.881956100463867,0.5016000270843506,0.21441397070884705,-0.07265114784240723,0.6861879825592041
364,43.12648010253906,26.173789978027344,0.4986625015735626,0.2143852859735489,-0.07182732969522476,0.6734253168106079
365,42.91455078125,26.052236557006836,0.5003875494003296,0.21439358592033386,-0.06948333978652954,0.6776248216629028
366,42.41411590576172,24.551837921142578,0.49701252579689026,0.2143295407295227,-0.03557489439845085,0.6492793560028076
367,42.67696762084961,25.046953201293945,0.49640002846717834,0.21425238251686096,-0.02368217520415783,0.6256836652755737
368,43.09495162963867,26.501745223999023,0.49393752217292786,0.2141224890947342,-0.013959886506199837,0.6644864678382874
369,43.142208099365234,26.28866958618164,0.4937250316143036,0.21398812532424927,-0.029298463836312294,0.653305172920227
370,42.96686553955078,25.696666717529297,0.4927375018596649,0.21383272111415863,-0.04045897349715233,0.6392029523849487
371,42.60737609863281,24.907773971557617,0.49176254868507385,0.21365657448768616,-0.04722628742456436,0.6288062930107117
372,43.07487869262695,25.995351791381836,0.49268752336502075,0.21350033581256866,-0.01313713751733303,0.6396318674087524
373,43.39751434326172,26.75899887084961,0.48872503638267517,0.21325962245464325,-0.08415927737951279,0.6245644092559814
374,42.649620056152344,24.84381866455078,0.49390003085136414,0.21312953531742096,-0.03389308229088783,0.6293400526046753
375,42.52605056762695,25.204547882080078,0.4940875470638275,0.21300353109836578,-0.06879936903715134,0.6420808434486389
376,42.917259216308594,26.181629180908203,0.4948875308036804,0.21289463341236115,-0.05211814492940903,0.655796468257904
377,42.881103515625,26.45023536682129,0.49592500925064087,0.21280787885189056,-0.07301773130893707,0.648227334022522
378,42.74359893798828,25.744409561157227,0.49595004320144653,0.21272169053554535,-0.07821135222911835,0.6528221964836121
379,42.85503387451172,26.013540267944336,0.4966750144958496,0.21265096962451935,-0.09457548707723618,0.6549704670906067
380,42.829036712646484,25.311616897583008,0.4970625340938568,0.21258850395679474,-0.06604013592004776,0.6546298265457153
381,43.056671142578125,25.927108764648438,0.4974375367164612,0.21253402531147003,-0.10979863256216049,0.6371046900749207
382,43.143836975097656,26.456329345703125,0.49947503209114075,0.21252286434173584,-0.05005154013633728,0.6171955466270447
383,43.34189987182617,26.68099594116211,0.4997125566005707,0.21251675486564636,-0.04115476459264755,0.6310513615608215
384,42.53892135620117,25.13521957397461,0.4989875555038452,0.21249523758888245,-0.042633820325136185,0.6490195989608765
385,43.03952407836914,26.180614471435547,0.49842506647109985,0.21246176958084106,-0.057594336569309235,0.6133556365966797
386,42.66170120239258,25.123666763305664,0.5030375123023987,0.21252630650997162,-0.036717671900987625,0.674326479434967
387,42.814212799072266,25.80999183654785,0.49451252818107605,0.21240969002246857,-0.062749482691288,0.6425601243972778
388,42.963409423828125,26.366657257080078,0.4927249848842621,0.21225516498088837,-0.023222720250487328,0.6415284872055054
389,43.488616943359375,26.786108016967773,0.4982375502586365,0.21221774816513062,-0.04101240634918213,0.6499714255332947
390,42.683799743652344,25.31694984436035,0.49483752250671387,0.21210819482803345,-0.04129552096128464,0.6347208023071289
391,42.88141632080078,25.2584171295166,0.49729999899864197,0.2120509296655655,-0.04587079957127571,0.638184666633606
392,43.277793884277344,26.405044555664062,0.4959750175476074,0.21196557581424713,-0.07804149389266968,0.619013786315918
393,42.45542526245117,24.49019432067871,0.4938250184059143,0.21183468401432037,-0.04067248851060867,0.640590488910675
394,42.82868194580078,25.41164207458496,0.49022501707077026,0.21162761747837067,-0.033444542437791824,0.6295282244682312
395,42.871463775634766,25.796789169311523,0.49102506041526794,0.21143768727779388,-0.08813993632793427,0.6366029381752014
396,42.98011779785156,25.85945701599121,0.49375003576278687,0.21130552887916565,-0.03709520772099495,0.6236659288406372
397,42.65270233154297,24.99019432067871,0.49813753366470337,0.2112661749124527,-0.07537635415792465,0.6392652988433838
398,42.51456832885742,25.448772430419922,0.497575044631958,0.21121494472026825,-0.045134201645851135,0.6281126737594604
399,42.63502502441406,25.257469177246094,0.5000249743461609,0.21121546626091003,-0.04329046979546547,0.6439709067344666
400,42.83137512207031,26.46900177001953,0.5012375116348267,0.21124160289764404,-0.07023534923791885,0.614594042301178
401,42.70198059082031,25.25705909729004,0.5001000165939331,0.21124371886253357,-0.04940780624747276,0.6379977464675903
402,42.4705696105957,24.550498962402344,0.4958500266075134,0.21115605533123016,-0.037974413484334946,0.6301940679550171
403,42.72477722167969,24.721162796020508,0.5054750442504883,0.21127167344093323,-0.04596656933426857,0.6166084408760071
404,42.578765869140625,24.732624053955078,0.501300036907196,0.21129915118217468,-0.0749019980430603,0.6399241089820862
405,42.67530059814453,25.638622283935547,0.49447503685951233,0.21118241548538208,-0.052757877856492996,0.6309623122215271
406,42.492252349853516,24.525997161865234,0.500212550163269,0.21118690073490143,-0.06249021366238594,0.6117416024208069
407,43.14234161376953,26.45608901977539,0.49758756160736084,0.21113595366477966,-0.04159277677536011,0.6489275693893433
408,42.878257751464844,25.878196716308594,0.49578753113746643,0.21104702353477478,-0.05450444296002388,0.6408001780509949
409,42.908790588378906,26.13766098022461,0.4988125264644623,0.21102195978164673,-0.08337722718715668,0.64037024974823
410,42.768863677978516,25.804973602294922,0.49451252818107605,0.21090616285800934,-0.08196161687374115,0.6256850957870483
411,42.666133880615234,25.71946144104004,0.49457502365112305,0.21079173684120178,-0.07525554299354553,0.6578220725059509
412,42.85667419433594,26.037736892700195,0.49807503819465637,0.21075116097927094,-0.0710521712899208,0.6337339282035828
413,42.63837432861328,25.630199432373047,0.5013625025749207,0.21077987551689148,-0.07020709663629532,0.633594274520874
414,42.64473342895508,25.744842529296875,0.49908751249313354,0.21076063811779022,-0.04870640113949776,0.6329688429832458
415,42.688987731933594,25.095867156982422,0.49746251106262207,0.2107071578502655,-0.07479952275753021,0.6246126294136047
416,42.803688049316406,25.90869140625,0.4986875355243683,0.21067950129508972,-0.07071222364902496,0.6557013988494873
417,42.64915084838867,25.2936954498291,0.5007500052452087,0.2106952965259552,-0.07428110390901566,0.6252224445343018
418,42.82168197631836,25.695159912109375,0.5017125010490417,0.2107313871383667,-0.046800825744867325,0.6508999466896057
419,42.811256408691406,25.765094757080078,0.5003250241279602,0.21073824167251587,-0.06335324048995972,0.6152076125144958
420,42.8243522644043,25.716928482055664,0.4992750287055969,0.21072296798229218,-0.06408418715000153,0.6254831552505493
421,42.796817779541016,25.621540069580078,0.5002250671386719,0.210727721452713,-0.09427093714475632,0.6410596370697021
422,42.82234191894531,25.908510208129883,0.5057125091552734,0.21084809303283691,-0.06195579841732979,0.6398041248321533
423,42.74216842651367,25.90340232849121,0.5026000738143921,0.21090291440486908,-0.07702866196632385,0.6286347508430481
424,42.74712371826172,25.4752197265625,0.5082000494003296,0.21107585728168488,-0.07695525139570236,0.6386522054672241
425,42.32270812988281,24.647817611694336,0.5053500533103943,0.21118877828121185,-0.10189072042703629,0.6505352258682251
426,42.96360778808594,26.17160987854004,0.5014374852180481,0.21121914684772491,-0.07160676270723343,0.6323595643043518
427,42.97850036621094,25.97056007385254,0.49278753995895386,0.2110668122768402,-0.04458815976977348,0.641985297203064
428,42.54191589355469,25.097084045410156,0.4975625276565552,0.21101537346839905,-0.05154956877231598,0.6310993432998657
429,42.704654693603516,25.356176376342773,0.4947875440120697,0.21090538799762726,-0.08893788605928421,0.6248632073402405
430,42.777530670166016,25.518146514892578,0.5004374980926514,0.21091461181640625,-0.0873526856303215,0.6787660121917725
431,42.78986358642578,25.83575439453125,0.4915125370025635,0.21073558926582336,-0.07899177819490433,0.6404708027839661
432,43.30586624145508,27.073089599609375,0.4943375289440155,0.21061626076698303,-0.035933926701545715,0.6341780424118042
433,42.638526916503906,25.653446197509766,0.49765005707740784,0.21056675910949707,-0.08456911146640778,0.6517248749732971
434,43.073360443115234,26.516176223754883,0.5010625123977661,0.21058912575244904,-0.04208939149975777,0.6359465718269348
435,42.595726013183594,25.27835464477539,0.5023625493049622,0.2106388807296753,-0.07460051029920578,0.6519135236740112
436,42.764583587646484,25.72254180908203,0.5,0.2106388807296753,-0.07011304050683975,0.6353335976600647
437,42.86929702758789,25.172630310058594,0.500825047492981,0.21065625548362732,-0.04493226110935211,0.6349394917488098
438,42.54956817626953,25.194108963012695,0.5024750232696533,0.2107083946466446,-0.06798495352268219,0.6469026207923889
439,42.76259994506836,25.73293113708496,0.5001625418663025,0.21071180701255798,-0.08967049419879913,0.6258819699287415
440,42.92375564575195,25.86860466003418,0.499099999666214,0.21069283783435822,-0.04463397338986397,0.62920081615448
441,42.621299743652344,25.426488876342773,0.5024500489234924,0.2107444554567337,-0.10081743448972702,0.6582410335540771
442,43.116790771484375,26.847944259643555,0.49768751859664917,0.21069571375846863,-0.034630656242370605,0.6221060156822205
443,42.761924743652344,25.751466751098633,0.49729999899864197,0.21063882112503052,-0.017697900533676147,0.6317696571350098
444,43.02986526489258,26.273271560668945,0.4935625493526459,0.2105032205581665,-0.06519035249948502,0.6444725394248962
445,42.78164291381836,26.103425979614258,0.4948500394821167,0.21039481461048126,-0.07382433116436005,0.6186825633049011
446,42.66474151611328,25.341014862060547,0.49170002341270447,0.21022018790245056,-0.07526666671037674,0.623683750629425
447,42.57061004638672,25.716236114501953,0.49137502908706665,0.21003887057304382,-0.013643411919474602,0.6349871754646301
448,42.56414794921875,25.57620620727539,0.4905875623226166,0.20984117686748505,-0.04545515775680542,0.6371753215789795
449,43.11635208129883,26.591739654541016,0.49863752722740173,0.20981258153915405,-0.062307585030794144,0.6304503679275513
450,42.62633514404297,25.29081153869629,0.4931749999523163,0.20966939628124237,-0.035883884876966476,0.661348283290863
451,43.032676696777344,26.207181930541992,0.4951624870300293,0.20956796407699585,-0.07325220108032227,0.682365357875824
452,43.26014709472656,26.935565948486328,0.497637540102005,0.2095184475183487,-0.10405600816011429,0.6571011543273926
453,42.891971588134766,25.76776885986328,0.501550018787384,0.2095509171485901,-0.08140719681978226,0.602356493473053
454,42.705360412597656,25.504384994506836,0.4995000660419464,0.2095404416322708,-0.08104600012302399,0.6413797736167908
455,42.757083892822266,25.501920700073242,0.5033375024795532,0.20961038768291473,-0.07696058601140976,0.6410627961158752
456,42.78893280029297,25.77845573425293,0.49959999322891235,0.2096019983291626,-0.05671336501836777,0.6317059397697449
457,42.867740631103516,26.489715576171875,0.5039000511169434,0.20968376100063324,-0.06886789202690125,0.6287437677383423
458,42.976600646972656,26.28290557861328,0.4979875087738037,0.20964156091213226,-0.039553217589855194,0.6438608169555664
459,42.806251525878906,25.552541732788086,0.500337541103363,0.20964863896369934,-0.04724454507231712,0.6405017971992493
460,42.53932571411133,25.48455238342285,0.49502500891685486,0.2095443308353424,-0.05284488946199417,0.6365146636962891
461,42.730308532714844,25.510372161865234,0.5007750391960144,0.2095605731010437,-0.023683784529566765,0.6188167929649353
462,43.18687057495117,26.611005783081055,0.4979875087738037,0.2095184028148651,-0.05712774768471718,0.6335355639457703
463,43.02653503417969,26.16649627685547,0.49847501516342163,0.2094864547252655,-0.06463493406772614,0.6592389941215515
464,42.65827560424805,25.02098846435547,0.5041000247001648,0.20957233011722565,-0.04178811237215996,0.6466977000236511
465,42.85894775390625,25.99675941467285,0.49925002455711365,0.20955660939216614,-0.06883139163255692,0.6262363195419312
466,42.577598571777344,25.143856048583984,0.498600035905838,0.20952726900577545,-0.09094153344631195,0.6423195600509644
467,43.11723327636719,26.63517951965332,0.5006499886512756,0.20954088866710663,-0.07135172188282013,0.6235337853431702
468,42.695343017578125,25.750383377075195,0.49566254019737244,0.20945000648498535,-0.11661414057016373,0.6309915781021118
469,42.3996467590332,24.859567642211914,0.5026875138282776,0.20950628817081451,-0.06815864890813828,0.6335896253585815
470,42.5645751953125,25.49336051940918,0.49980002641677856,0.20950208604335785,-0.07339903712272644,0.6488553285598755
471,42.94369888305664,26.288820266723633,0.5001499652862549,0.20950523018836975,-0.06501692533493042,0.6319806575775146
472,42.766632080078125,25.792526245117188,0.4982375204563141,0.2094683051109314,-0.0619073249399662,0.631256103515625
473,42.851043701171875,26.02034568786621,0.5004500150680542,0.2094777375459671,-0.07647871226072311,0.6294972896575928
474,42.81401062011719,25.68834114074707,0.5046000480651855,0.20957410335540771,-0.07351106405258179,0.634851336479187
475,42.61334991455078,24.96017837524414,0.5032625198364258,0.20964248478412628,-0.05578093230724335,0.6385887861251831
476,43.309242248535156,26.970809936523438,0.4959750175476074,0.20955809950828552,-0.0427880622446537,0.6410602331161499
477,43.190284729003906,26.39857292175293,0.5006124973297119,0.20957094430923462,-0.0884925052523613,0.6724259257316589
478,42.905643463134766,25.858060836791992,0.5048250555992126,0.20967207849025726,-0.0654456689953804,0.619894802570343
479,42.92467498779297,25.875905990600586,0.5051875114440918,0.20978085696697235,-0.08290975540876389,0.6386049389839172
480,42.76846694946289,25.2955265045166,0.5016125440597534,0.20981469750404358,-0.07754456251859665,0.6667728424072266
481,42.89365768432617,25.520130157470703,0.5022000074386597,0.2098608762025833,-0.0515349842607975,0.650672972202301
482,43.019554138183594,26.215436935424805,0.5029125809669495,0.20992200076580048,-0.05369613692164421,0.6342403292655945
483,42.690330505371094,25.22541618347168,0.5001875162124634,0.20992593467235565,-0.07371332496404648,0.6328330039978027
484,43.035640716552734,26.196672439575195,0.49806252121925354,0.20988525450229645,-0.03525809571146965,0.6392051577568054
485,42.97261047363281,26.254194259643555,0.49586251378059387,0.2097984105348587,-0.058906614780426025,0.6235422492027283
486,42.79557418823242,26.117082595825195,0.49742501974105835,0.209744393825531,-0.035586170852184296,0.6194291114807129
487,42.919307708740234,26.049999237060547,0.49550002813339233,0.20965000987052917,-0.05857769399881363,0.6033617854118347
488,42.56346130371094,24.978313446044922,0.4953250288963318,0.20955200493335724,-0.03940461948513985,0.6385566592216492
489,42.492774963378906,24.889896392822266,0.4935125410556793,0.20941606163978577,-0.04403109848499298,0.6284405589103699
490,42.741458892822266,25.183841705322266,0.49687501788139343,0.2093506157398224,-0.04238566383719444,0.6294448375701904
491,42.966739654541016,26.299739837646484,0.4982500374317169,0.20931397378444672,-0.03457929193973541,0.6036388874053955
492,42.78666687011719,25.686918258666992,0.4906875193119049,0.20911905169487,-0.06108619272708893,0.5987057089805603
493,42.726741790771484,25.654560089111328,0.4975000321865082,0.20906677842140198,-0.07428407669067383,0.6392475366592407
494,42.777442932128906,25.8242130279541,0.4947874844074249,0.20895780622959137,-0.053923629224300385,0.606026828289032
495,42.59695816040039,25.138715744018555,0.4892750382423401,0.2087336927652359,-0.08012919872999191,0.6275149583816528
496,42.50871658325195,25.049755096435547,0.4916500449180603,0.20855939388275146,-0.031793348491191864,0.6261817216873169
497,42.8878173828125,26.631559371948242,0.49490004777908325,0.20845302939414978,-0.04060620814561844,0.6073220372200012
498,42.82041549682617,25.908308029174805,0.4940750300884247,0.20832952857017517,-0.03433573246002197,0.6200210452079773
499,42.7816162109375,25.545534133911133,0.4940125346183777,0.20820479094982147,-0.0781359001994133,0.6282013654708862
500,42.526126861572266,24.764028549194336,0.5003499984741211,0.20821209251880646,-0.05995313450694084,0.6363157629966736
501,42.54522705078125,24.915199279785156,0.5004750490188599,0.20822197198867798,-0.04764607548713684,0.6231933236122131
502,42.99140930175781,26.060556411743164,0.5013124942779541,0.2082493007183075,-0.035315435379743576,0.6389301419258118
503,42.86802291870117,25.500364303588867,0.5005125403404236,0.2082599699497223,-0.036868393421173096,0.6195686459541321
504,42.990474700927734,26.836814880371094,0.49473753571510315,0.20815037190914154,-0.04245464503765106,0.612650454044342
505,43.14220428466797,26.772968292236328,0.4986500144004822,0.20812226831912994,-0.05362594872713089,0.6324483156204224
506,42.82243347167969,25.84956169128418,0.4947250187397003,0.20801247656345367,-0.03548121452331543,0.6011472344398499
507,42.611732482910156,25.462392807006836,0.4936625063419342,0.2078806459903717,-0.056015707552433014,0.6253753304481506
508,43.248043060302734,27.042497634887695,0.49601253867149353,0.20779775083065033,-0.07095087319612503,0.5939843058586121
509,42.52165222167969,25.059289932250977,0.499625027179718,0.20778995752334595,-0.074034683406353,0.6353591680526733
510,42.59003448486328,25.0447998046875,0.49883753061294556,0.20776580274105072,-0.05250711739063263,0.6261076331138611
511,42.917728424072266,25.83246421813965,0.499812513589859,0.20776189863681793,-0.0870942696928978,0.6448730826377869
512,42.70081329345703,24.907520294189453,0.502162516117096,0.20780682563781738,-0.04547460377216339,0.625702440738678
513,42.74850082397461,25.163997650146484,0.49525001645088196,0.20770812034606934,-0.0046511562541127205,0.6184902191162109
514,42.92074966430664,26.18701934814453,0.5005125403404236,0.20771877467632294,-0.07328909635543823,0.6087155938148499
515,42.90589904785156,26.122831344604492,0.4992625415325165,0.20770345628261566,-0.013092026114463806,0.5840926766395569
516,42.87245178222656,25.7286319732666,0.49902501702308655,0.20768320560455322,-0.03158653527498245,0.6125403642654419
517,42.0684814453125,24.0819034576416,0.5022250413894653,0.20772939920425415,-0.016769204288721085,0.6245355010032654
518,42.93238830566406,26.334026336669922,0.5001875162124634,0.20773328840732574,-0.06548513472080231,0.6190443634986877
519,42.65251541137695,25.508092880249023,0.49653756618499756,0.20766136050224304,-0.06564586609601974,0.6299980282783508
520,42.83451843261719,25.641429901123047,0.496737539768219,0.20759360492229462,-0.0747695043683052,0.6067643761634827
521,42.885318756103516,25.618005752563477,0.5005125403404236,0.20760424435138702,-0.08855114132165909,0.6380965113639832
522,42.94225311279297,26.604084014892578,0.50347501039505,0.20767638087272644,-0.11610455811023712,0.649014949798584
523,42.65516662597656,25.367969512939453,0.5062125325202942,0.20780539512634277,-0.108950175344944,0.6565151214599609
524,42.55241012573242,25.41798973083496,0.500700056552887,0.20781993865966797,-0.12606258690357208,0.6214126944541931
525,42.6049919128418,25.304481506347656,0.5016375184059143,0.20785397291183472,-0.06921026855707169,0.6535815596580505
526,42.87940216064453,25.938129425048828,0.505637526512146,0.20797115564346313,-0.08168661594390869,0.625782310962677
527,42.623043060302734,25.163795471191406,0.507562518119812,0.2081284373998642,-0.06300026178359985,0.6163570880889893
528,43.32857131958008,26.835424423217773,0.5046125054359436,0.20822443068027496,-0.07307235896587372,0.6153324246406555
529,42.56208038330078,25.087020874023438,0.5054250359535217,0.20833739638328552,-0.0693659707903862,0.6221457719802856
530,43.145198822021484,26.26235008239746,0.5025625228881836,0.20839078724384308,-0.05529935285449028,0.6185499429702759
531,43.05120086669922,26.12221336364746,0.4984750747680664,0.2083590179681778,-0.02303086221218109,0.6300143599510193
532,43.12886428833008,26.31771469116211,0.497762531042099,0.20831239223480225,-0.03793991357088089,0.6124500036239624
533,42.808895111083984,25.511898040771484,0.4958125352859497,0.20822516083717346,-0.04282067343592644,0.6265220642089844
534,43.0164680480957,26.54934310913086,0.49701252579689026,0.20816296339035034,-0.054138779640197754,0.6292919516563416
535,42.70977020263672,25.53218650817871,0.5017250180244446,0.20819887518882751,-0.06142822280526161,0.6268858909606934
536,42.5489501953125,24.78794288635254,0.4991125166416168,0.20818039774894714,-0.08164431899785995,0.6289513111114502
537,42.850650787353516,25.845361709594727,0.5034875273704529,0.20825301110744476,-0.060829684138298035,0.6197527050971985
538,42.78834533691406,25.966800689697266,0.49995002150535583,0.2082519680261612,-0.08239614963531494,0.6399058699607849
539,42.46830749511719,25.27149772644043,0.4993000328540802,0.2082373946905136,-0.07481961697340012,0.6421411037445068
540,42.798831939697266,25.783374786376953,0.5006250143051147,0.20825040340423584,-0.07248209416866302,0.6504955291748047
541,43.06305694580078,26.550960540771484,0.5018625259399414,0.20828917622566223,-0.08599573373794556,0.6422287225723267
542,42.488067626953125,25.314422607421875,0.4961375296115875,0.20820872485637665,-0.06322436034679413,0.6716717481613159
543,42.90655517578125,25.577760696411133,0.49660003185272217,0.20813794434070587,-0.030306747183203697,0.6233002543449402
544,42.46187210083008,24.983741760253906,0.4975625276565552,0.20808722078800201,-0.0544063076376915,0.6455546617507935
545,42.535400390625,25.079118728637695,0.49602505564689636,0.20800450444221497,-0.056627459824085236,0.6235016584396362
546,42.51011657714844,25.295358657836914,0.5021750330924988,0.20804975926876068,-0.04874534532427788,0.6318145990371704
547,42.55796432495117,25.190319061279297,0.5048624873161316,0.2081509232521057,-0.0645226314663887,0.6311935782432556
548,42.60266876220703,25.48130226135254,0.4952625334262848,0.20805230736732483,-0.06714078783988953,0.6324877142906189
549,42.62879180908203,25.157394409179688,0.49957504868507385,0.20804347097873688,-0.061102237552404404,0.6347925662994385
550,42.532859802246094,25.1909122467041,0.4995250105857849,0.20803359150886536,-0.08322403579950333,0.6400632262229919
551,42.62712478637695,25.268857955932617,0.502625048160553,0.2080882042646408,-0.07519708573818207,0.6456933617591858
552,42.85376739501953,25.954832077026367,0.5026500225067139,0.20814335346221924,-0.0675453394651413,0.6412996649742126
553,42.5921630859375,25.033615112304688,0.5028875470161438,0.20820344984531403,-0.033389750868082047,0.6244152784347534
554,42.756309509277344,25.320571899414062,0.5077625513076782,0.2083650827407837,-0.0995369702577591,0.6483901739120483
555,42.30595779418945,24.265220642089844,0.5057750344276428,0.208485409617424,-0.07529222220182419,0.6405121684074402
556,42.83585739135742,25.727903366088867,0.5035000443458557,0.20855838060379028,-0.027354924008250237,0.6225160360336304
557,42.650447845458984,25.19084930419922,0.5012249946594238,0.20858393609523773,-0.05147366225719452,0.6040554046630859
558,42.96268844604492,26.219707489013672,0.501175045967102,0.2086084485054016,-0.042051274329423904,0.6207437515258789
559,42.52931594848633,24.96142578125,0.49748751521110535,0.20855604112148285,-0.03965357691049576,0.5995373129844666
560,42.836883544921875,25.79751968383789,0.4983750283718109,0.20852215588092804,-0.024252155795693398,0.638115644454956
561,43.011634826660156,26.094463348388672,0.4954875409603119,0.2084280550479889,-0.02327471226453781,0.6131452918052673
562,42.79899215698242,25.742277145385742,0.4945875406265259,0.20831523835659027,-0.08464089035987854,0.6311772465705872
563,42.73991394042969,26.043336868286133,0.49787503480911255,0.20827096700668335,-0.10483746975660324,0.6323186159133911
564,42.67280960083008,25.5617618560791,0.4931500554084778,0.20812830328941345,-0.0428055040538311,0.6301328539848328
565,42.71207046508789,25.928518295288086,0.4956625699996948,0.20803803205490112,-0.07735725492238998,0.6170487999916077
566,42.640625,25.635305404663086,0.4963499903678894,0.20796209573745728,-0.07215549051761627,0.6044993996620178
567,42.71103286743164,25.66415786743164,0.4932125210762024,0.20782093703746796,-0.06396985054016113,0.6069937348365784
568,42.56723403930664,25.043550491333008,0.4955500066280365,0.20772846043109894,-0.047285296022892,0.6014941334724426
569,42.77151870727539,25.432968139648438,0.4961250126361847,0.20764796435832977,-0.018431365489959717,0.6067109704017639
570,42.7076416015625,25.12166976928711,0.49727505445480347,0.20759138464927673,-0.035908326506614685,0.6198288202285767
571,42.68517303466797,25.6004638671875,0.4962875545024872,0.20751431584358215,-0.04066796973347664,0.6126973628997803
572,43.02421951293945,26.161609649658203,0.49957504868507385,0.2075054943561554,-0.031148627400398254,0.619430661201477
573,42.81970977783203,25.86042594909668,0.4933500289916992,0.20736749470233917,-0.03467996418476105,0.608506441116333
574,43.19124221801758,26.20591926574707,0.49758756160736084,0.20731747150421143,-0.03639742359519005,0.6180419325828552
575,42.5078125,24.883569717407227,0.5018250346183777,0.2073553055524826,-0.05227847024798393,0.6253383755683899
576,42.90044403076172,25.589998245239258,0.5013250112533569,0.20738279819488525,-0.045728109776973724,0.6091867089271545
577,42.820621490478516,25.86402130126953,0.5011500120162964,0.2074066549539566,-0.05684657767415047,0.6280944347381592
578,42.88548278808594,25.968801498413086,0.49847498536109924,0.20737501978874207,-0.013887215405702591,0.6040624976158142
579,42.699867248535156,25.79221534729004,0.4999000132083893,0.20737294852733612,-0.04272207245230675,0.6176179647445679
580,42.73648452758789,25.22947883605957,0.5031500458717346,0.20743826031684875,-0.05271412804722786,0.6260095834732056
581,42.548458099365234,24.99313735961914,0.49642500281333923,0.20736409723758698,-0.04818880930542946,0.6126540303230286
582,42.53113555908203,25.4417724609375,0.49787503480911255,0.20732003450393677,-0.04649437591433525,0.602656364440918
583,43.13925552368164,26.878982543945312,0.49925002455711365,0.20730449259281158,-0.08208880573511124,0.603390097618103
584,42.742156982421875,25.62776756286621,0.4990750253200531,0.2072853147983551,-0.06540454179048538,0.6178247332572937
585,42.59994888305664,25.26738929748535,0.49736252427101135,0.20723064243793488,-0.06599624454975128,0.6165778636932373
586,42.57802963256836,25.118633270263672,0.4965875446796417,0.20715992152690887,-0.078584223985672,0.6471390128135681
587,42.44571304321289,24.917945861816406,0.49768751859664917,0.20711201429367065,-0.03448504954576492,0.6371467113494873
588,42.83196258544922,26.024415969848633,0.4981750547885895,0.20707421004772186,-0.0907195508480072,0.6384905576705933
589,42.508155822753906,25.027450561523438,0.49970003962516785,0.20706799626350403,-0.08906326442956924,0.6293579339981079
590,42.94168472290039,25.883607864379883,0.4980125427246094,0.20702685415744781,-0.05602462962269783,0.6248381733894348
591,42.58369445800781,25.338048934936523,0.49900001287460327,0.20700614154338837,-0.06819114834070206,0.620871901512146
592,42.64333724975586,25.28553009033203,0.4979250431060791,0.2069631963968277,-0.06625299155712128,0.6074522137641907
593,42.644412994384766,25.585891723632812,0.49633750319480896,0.2068873941898346,-0.07399044930934906,0.6345173716545105
594,42.22765350341797,24.7680721282959,0.497575044631958,0.2068372368812561,-0.06064886599779129,0.6403154730796814
595,42.86986541748047,26.373672485351562,0.49461254477500916,0.2067258059978485,-0.10533255338668823,0.6392377018928528
596,42.7735710144043,25.713045120239258,0.4979875385761261,0.2066842019557953,-0.08884082734584808,0.636543333530426
597,42.87881851196289,25.947063446044922,0.49883753061294556,0.2066601812839508,-0.06581985950469971,0.6519827842712402
598,42.524444580078125,25.281932830810547,0.4997750222682953,0.20665553212165833,-0.06557998061180115,0.6309120059013367
599,42.739017486572266,25.42874526977539,0.49988752603530884,0.20665320754051208,-0.09581020474433899,0.6258407831192017
600,42.53773498535156,25.551973342895508,0.5018500685691833,0.2066914439201355,-0.05929595232009888,0.6221818923950195
601,42.887699127197266,26.02915382385254,0.5020625591278076,0.2067340761423111,-0.0636226087808609,0.6171646118164062
602,42.465858459472656,24.737817764282227,0.5058250427246094,0.20685449242591858,-0.09417074918746948,0.6253012418746948
603,42.53696060180664,25.05000877380371,0.5081125497817993,0.2070222944021225,-0.06344420462846756,0.6456011533737183
604,42.40937423706055,24.869741439819336,0.5035750269889832,0.20709630846977234,-0.0555172823369503,0.6093372702598572
605,42.912166595458984,25.99148178100586,0.5005625486373901,0.20710796117782593,0.018385659903287888,0.6209815740585327
606,43.00588607788086,26.011075973510742,0.4971250295639038,0.2070484161376953,-0.03885986655950546,0.6298338174819946
607,42.40985107421875,24.89312744140625,0.4958000183105469,0.2069614678621292,-0.03684018552303314,0.5966301560401917
608,42.70844268798828,25.676036834716797,0.4903625249862671,0.20676201581954956,-0.04979643598198891,0.5861560702323914
609,42.86632537841797,26.06511878967285,0.49035003781318665,0.20656248927116394,-0.035144928842782974,0.5787081718444824
610,42.49777603149414,25.576045989990234,0.48936253786087036,0.20634275674819946,-0.05560597404837608,0.6021133065223694
611,42.398399353027344,24.941497802734375,0.4940250515937805,0.20621946454048157,-0.057498108595609665,0.6068212985992432
612,42.46653366088867,25.007892608642578,0.49960005283355713,0.20621122419834137,-0.0821295827627182,0.6291181445121765
613,43.182735443115234,26.595563888549805,0.49692502617836,0.20614781975746155,-0.05345770716667175,0.603853166103363
614,42.92429733276367,26.074758529663086,0.5009250640869141,0.20616689324378967,-0.085700623691082,0.6231096982955933
615,42.774200439453125,25.6672306060791,0.4999624788761139,0.2061661183834076,-0.05632660910487175,0.6184045672416687
616,43.29729080200195,26.977218627929688,0.503600001335144,0.20624034106731415,-0.07183101028203964,0.6142990589141846
617,42.450809478759766,24.75370216369629,0.5035125613212585,0.20631279051303864,-0.06278920918703079,0.6448521614074707
618,42.694828033447266,25.10419273376465,0.5046875476837158,0.2064094990491867,-0.09967292100191116,0.6382813453674316
619,42.59440231323242,25.301000595092773,0.511150062084198,0.2066396325826645,-0.07535870373249054,0.6378884315490723
620,42.7515754699707,25.607309341430664,0.5050250291824341,0.20674346387386322,-0.028964398428797722,0.5973502993583679
621,42.58210754394531,25.084562301635742,0.5021875500679016,0.20678868889808655,-0.05333845317363739,0.6076517105102539
622,42.66392135620117,25.32244300842285,0.5015250444412231,0.20682021975517273,-0.0660751536488533,0.6187620759010315
623,42.83859634399414,25.886110305786133,0.49783754348754883,0.20677550137043,-0.03909916803240776,0.6263890266418457
624,42.737205505371094,25.33962059020996,0.49988752603530884,0.20677317678928375,-0.05035737529397011,0.615384042263031
625,42.779605865478516,25.95664405822754,0.50142502784729,0.206802636384964,-0.07503162324428558,0.6282557845115662
626,42.626609802246094,25.5074405670166,0.49768751859664917,0.20675480365753174,-0.08979231864213943,0.6189695596694946
627,42.752601623535156,25.745752334594727,0.495650053024292,0.20666486024856567,-0.030763203278183937,0.6350427865982056
628,42.484188079833984,25.3828067779541,0.4966750144958496,0.20659615099430084,-0.09124244004487991,0.6131874322891235
629,43.06686782836914,26.42901039123535,0.49918752908706665,0.20657937228679657,-0.0666927695274353,0.6216040849685669
630,42.65962600708008,25.582653045654297,0.4986250102519989,0.2065509706735611,-0.0879148468375206,0.6197438836097717
631,42.716243743896484,25.554363250732422,0.498912513256073,0.20652851462364197,-0.10949316620826721,0.6325716376304626
632,42.9066162109375,26.326168060302734,0.5040250420570374,0.20661163330078125,-0.06914468854665756,0.6317511200904846
633,42.585792541503906,25.186338424682617,0.5033000111579895,0.2066798061132431,-0.08066380769014359,0.608165442943573
634,42.718162536621094,25.25423812866211,0.5050250291824341,0.20678365230560303,-0.042337603867053986,0.6178116202354431
635,42.41497039794922,24.84830093383789,0.4997250735759735,0.20677797496318817,-0.0691135972738266,0.6202892065048218
636,42.64595031738281,24.89052963256836,0.5034375190734863,0.20684906840324402,-0.008514718152582645,0.6245118975639343
637,42.60692596435547,25.272903442382812,0.5063250064849854,0.206979900598526,-0.04967554658651352,0.608507513999939
638,42.551082611083984,24.996164321899414,0.5002750158309937,0.20698559284210205,-0.05193758010864258,0.6217771172523499
639,42.72988510131836,25.41847801208496,0.4956125319004059,0.20689478516578674,-0.041460659354925156,0.6113846898078918
640,42.746490478515625,25.700979232788086,0.49562501907348633,0.2068042755126953,-0.07121583819389343,0.6004972457885742
641,42.67691421508789,25.38606834411621,0.49595001339912415,0.2067205160856247,-0.052737388759851456,0.599560558795929
642,42.86310958862305,26.140722274780273,0.49380001425743103,0.2065923511981964,-0.049134355038404465,0.6163885593414307
643,43.04869079589844,26.66790199279785,0.49441251158714294,0.20647692680358887,-0.04964253306388855,0.6297650337219238
644,42.58793640136719,25.82453727722168,0.4953000247478485,0.20637989044189453,-0.0816197544336319,0.6210402250289917
645,42.5135498046875,25.16611099243164,0.5024500489234924,0.20643045008182526,-0.08559123426675797,0.6242305636405945
646,42.3908576965332,24.709903717041016,0.5029625296592712,0.2064916044473648,-0.09457168728113174,0.6393107771873474
647,42.52911376953125,25.306020736694336,0.502037525177002,0.20653367042541504,-0.08026987314224243,0.6481391191482544
648,42.04328918457031,24.347036361694336,0.4973374903202057,0.20647868514060974,-0.02827693708240986,0.6233910322189331
649,43.026824951171875,26.66480255126953,0.5012249946594238,0.2065039873123169,-0.02163824997842312,0.5895070433616638
650,42.954036712646484,26.03314781188965,0.4961250126361847,0.20642396807670593,-0.04761827364563942,0.6109036803245544
651,42.218292236328125,24.660762786865234,0.497112512588501,0.20636436343193054,-0.0028928571846336126,0.6119098663330078
652,42.596458435058594,25.592857360839844,0.4954250156879425,0.20626994967460632,-0.01729877106845379,0.6164696216583252
653,42.783634185791016,25.421831130981445,0.4972750246524811,0.20621374249458313,-0.016143880784511566,0.5793413519859314
654,42.914127349853516,26.240966796875,0.48678749799728394,0.20594127476215363,-0.028684530407190323,0.6232793927192688
655,42.56169891357422,25.26506805419922,0.49208754301071167,0.2057783305644989,-0.04533056169748306,0.5878320336341858
656,42.5763053894043,25.648286819458008,0.49080005288124084,0.20558901131153107,-0.04922231286764145,0.6305087804794312
657,42.77082443237305,26.081356048583984,0.4993625283241272,0.20557589828968048,-0.068324513733387,0.6074045896530151
658,42.22984313964844,24.590530395507812,0.49566254019737244,0.2054867297410965,-0.08356958627700806,0.5882615447044373
659,42.54236602783203,25.378246307373047,0.5013500452041626,0.20551446080207825,-0.04565722867846489,0.628588855266571
660,42.20609664916992,24.122581481933594,0.4988750219345093,0.2054913491010666,-0.10700162500143051,0.6210421919822693
661,42.666656494140625,25.31369400024414,0.5034500360488892,0.20556224882602692,-0.0683939978480339,0.6082584261894226
662,42.607093811035156,25.51560401916504,0.5009250044822693,0.20558126270771027,-0.0639311745762825,0.6363178491592407
663,42.76901626586914,25.554399490356445,0.5048500299453735,0.2056809514760971,-0.06817466020584106,0.6005409955978394
664,42.720455169677734,25.654844284057617,0.5048125386238098,0.20577993988990784,-0.0843149945139885,0.5731353163719177
665,42.78258514404297,25.685529708862305,0.5001500248908997,0.20578302443027496,-0.07161342352628708,0.6061853170394897
666,42.72738265991211,25.724647521972656,0.5029125213623047,0.20584295690059662,-0.06845903396606445,0.6182874441146851
667,42.42417526245117,25.1838436126709,0.49771255254745483,0.20579586923122406,-0.04466300457715988,0.623382031917572
668,42.59931182861328,25.588912963867188,0.5069000720977783,0.20593786239624023,-0.034582123160362244,0.6385524272918701
669,42.856868743896484,26.40016746520996,0.4979500472545624,0.20589564740657806,-0.0819513276219368,0.6147119998931885
670,42.41043472290039,24.859521865844727,0.499562531709671,0.2058866322040558,-0.03800934553146362,0.632369875907898
671,42.606258392333984,25.06102180480957,0.501924991607666,0.20592626929283142,-0.026176393032073975,0.6142336130142212
672,42.77870178222656,25.45098304748535,0.49813753366470337,0.20588791370391846,-0.05940428003668785,0.6191036105155945
673,42.554866790771484,25.180814743041992,0.5042000412940979,0.20597438514232635,-0.07981240004301071,0.6357734203338623
674,42.694034576416016,25.969011306762695,0.5053375363349915,0.20608431100845337,-0.07502568513154984,0.6061633229255676
675,42.36855697631836,24.698925018310547,0.5032250285148621,0.20615077018737793,-0.08940553665161133,0.6054807305335999
676,42.75870132446289,25.48192596435547,0.5046625137329102,0.20624688267707825,-0.04271756857633591,0.5921903252601624
677,42.46331787109375,25.69843292236328,0.5047500729560852,0.2063448578119278,-0.09921488165855408,0.6351578235626221
678,43.255592346191406,26.805526733398438,0.5026749968528748,0.2064000517129898,-0.001135490951128304,0.6250827312469482
679,42.458499908447266,25.084972381591797,0.5040000081062317,0.20648260414600372,-0.046789709478616714,0.6153404116630554
680,42.19710159301758,24.417638778686523,0.5076125264167786,0.20663979649543762,-0.08523813635110855,0.5916465520858765
681,42.31722640991211,24.83514404296875,0.5016250610351562,0.20667336881160736,-0.045975398272275925,0.6140919923782349
682,42.4320182800293,24.703441619873047,0.5030250549316406,0.20673589408397675,-0.09022919088602066,0.6504735350608826
683,42.95901107788086,26.02541732788086,0.49716252088546753,0.20667724311351776,-0.07089994847774506,0.6193696856498718
684,42.65178298950195,25.20534896850586,0.49797505140304565,0.20663540065288544,-0.06304123997688293,0.6306646466255188
685,42.767704010009766,25.795818328857422,0.497112512588501,0.20657573640346527,-0.10691982507705688,0.6351483464241028
686,42.45706558227539,25.570131301879883,0.49256253242492676,0.2064220905303955,-0.06128774583339691,0.6122816205024719
687,42.74285888671875,25.755592346191406,0.49928751587867737,0.20640738308429718,-0.07404738664627075,0.6268678903579712
688,42.65867614746094,25.716215133666992,0.49105000495910645,0.20622263848781586,-0.042619433254003525,0.6015406250953674
689,42.70764923095703,25.744964599609375,0.4931500554084778,0.20608137547969818,-0.08901424705982208,0.5932629704475403
690,42.78010940551758,25.689746856689453,0.49692502617836,0.20601800084114075,-0.06742759048938751,0.5984349250793457
691,42.876075744628906,25.886781692504883,0.4972750246524811,0.20596185326576233,-0.037961337715387344,0.6292170286178589
692,43.00571823120117,26.0972900390625,0.4968000054359436,0.20589594542980194,-0.016323626041412354,0.5930959582328796
693,42.85184097290039,25.54389762878418,0.4960375428199768,0.20581436157226562,-0.0551135428249836,0.5937568545341492
694,42.76152420043945,25.368078231811523,0.4994499981403351,0.2058030366897583,-0.02192937210202217,0.5885769128799438
695,42.490028381347656,24.798452377319336,0.5024999976158142,0.20585449039936066,-0.021605655550956726,0.6355111002922058
696,42.35723114013672,24.775279998779297,0.5012500286102295,0.20588023960590363,-0.02716309018433094,0.5974026322364807
697,42.15750503540039,23.896631240844727,0.5031000375747681,0.20594404637813568,-0.05303804576396942,0.6134188175201416
698,42.57353973388672,24.94578742980957,0.5040625333786011,0.20602771639823914,-0.06743878126144409,0.6200422644615173
699,42.7857551574707,25.58298110961914,0.49867501854896545,0.206000417470932,-0.082434743642807,0.6089591383934021
700,42.64271545410156,25.131378173828125,0.49773749709129333,0.20595380663871765,-0.051296036690473557,0.6189375519752502
701,42.68656539916992,25.41298484802246,0.49890005588531494,0.205931156873703,-0.0788024365901947,0.6139312982559204
702,42.97300720214844,26.384159088134766,0.4975999891757965,0.205881729722023,-0.04202062264084816,0.5910589098930359
703,42.488075256347656,25.40390396118164,0.4957375228404999,0.20579397678375244,-0.04591070115566254,0.6037225127220154
704,43.086151123046875,26.69988250732422,0.4925125241279602,0.20563988387584686,-0.04919128492474556,0.6080685257911682
705,42.325355529785156,25.08828353881836,0.492000013589859,0.20547537505626678,-0.04890983924269676,0.6128863096237183
706,42.87110137939453,26.545272827148438,0.49358752369880676,0.20534361898899078,-0.043066903948783875,0.6041407585144043
707,42.6532096862793,25.541587829589844,0.4950125217437744,0.20524120330810547,-0.04613136127591133,0.6316483616828918
708,42.812564849853516,25.725046157836914,0.49438753724098206,0.20512601733207703,-0.09175681322813034,0.5920522212982178
709,42.36356735229492,24.660907745361328,0.4937000274658203,0.20499677956104279,-0.013458305038511753,0.5990440845489502
710,42.83380126953125,25.75483512878418,0.4969000518321991,0.20493322610855103,-0.053327903151512146,0.6007051467895508
711,42.41250228881836,24.851749420166016,0.5008625388145447,0.20495091378688812,-0.018336040899157524,0.6168062686920166
712,42.65256118774414,25.829011917114258,0.4962250590324402,0.20487354695796967,-0.0453578419983387,0.6048064231872559
713,42.76130294799805,25.94124984741211,0.5081375241279602,0.20504026114940643,-0.03512769192457199,0.6301502585411072
714,43.231658935546875,26.85081672668457,0.5029250979423523,0.20510023832321167,-0.05621952936053276,0.6158000826835632
715,42.58363723754883,24.83087730407715,0.5037500262260437,0.2051771581172943,-0.028403950855135918,0.6291566491127014
716,42.618186950683594,25.31072425842285,0.5094125270843506,0.20537029206752777,-0.055562425404787064,0.6145318150520325
717,42.913543701171875,25.80453872680664,0.5068375468254089,0.2055107206106186,-0.05908648669719696,0.6013752222061157
718,43.02920150756836,26.10853385925293,0.5029875636100769,0.20557211339473724,-0.051544249057769775,0.6166889667510986
719,43.186458587646484,26.560686111450195,0.506350040435791,0.20570266246795654,-0.04414990544319153,0.5838236808776855
720,42.58195877075195,25.013059616088867,0.5044625401496887,0.20579445362091064,-0.07801318913698196,0.6106951236724854
721,43.10842514038086,26.621654510498047,0.4997250735759735,0.20578880608081818,-0.048549801111221313,0.6044978499412537
722,42.805747985839844,25.902067184448242,0.4970875382423401,0.20572887361049652,-0.056066904217004776,0.6033154726028442
723,42.4514045715332,25.23203468322754,0.499625027179718,0.2057211548089981,-0.08420910686254501,0.6247919797897339
724,43.060264587402344,26.916339874267578,0.49746254086494446,0.20566895604133606,-0.09194740653038025,0.612794816493988
725,42.627540588378906,25.58415412902832,0.4944625496864319,0.20555506646633148,-0.07136990129947662,0.6350497603416443
726,42.748226165771484,25.592679977416992,0.49816253781318665,0.20551729202270508,-0.09293051809072495,0.6257601976394653
727,42.52048110961914,25.567272186279297,0.493925005197525,0.20539243519306183,-0.07609306275844574,0.6188824772834778
728,42.61650848388672,25.274606704711914,0.4977250397205353,0.20534570515155792,-0.05379937216639519,0.6049070954322815
729,42.504539489746094,25.626188278198242,0.5001000165939331,0.20534776151180267,-0.05327237769961357,0.625711977481842
730,43.115692138671875,26.96833038330078,0.49752503633499146,0.20529694855213165,-0.05257648602128029,0.6333333253860474
731,42.1391716003418,24.30573081970215,0.4974500238895416,0.20524460077285767,-0.10339485853910446,0.5934121012687683
732,42.248958587646484,24.361900329589844,0.498787522315979,0.20521971583366394,-0.0641147792339325,0.6085537075996399
733,42.67823028564453,25.48957633972168,0.49662503600120544,0.20515045523643494,-0.08473972231149673,0.5993629693984985
734,42.66543960571289,25.2628173828125,0.49765002727508545,0.20510223507881165,-0.039067767560482025,0.6096775531768799
735,42.413394927978516,24.975120544433594,0.4949125349521637,0.20499789714813232,-0.10215074568986893,0.60600346326828
736,43.00902557373047,26.566862106323242,0.4939000606536865,0.20487284660339355,-0.042586009949445724,0.5831789374351501
737,42.739349365234375,25.54193687438965,0.49352505803108215,0.20474019646644592,-0.06251712888479233,0.6112918257713318
738,42.82118225097656,25.735258102416992,0.49293753504753113,0.20459559559822083,-0.04397490620613098,0.5972798466682434
739,42.52825164794922,25.122732162475586,0.49477502703666687,0.20448869466781616,-0.05459421128034592,0.6039085984230042
740,42.8362922668457,25.6436710357666,0.4956750273704529,0.20440025627613068,-0.06050357595086098,0.6000064015388489
741,42.76048278808594,25.63729476928711,0.49633756279945374,0.20432539284229279,-0.01177812647074461,0.6014000177383423
742,43.16743469238281,26.661714553833008,0.5035625100135803,0.20439817011356354,-0.024926232174038887,0.6294105052947998
743,42.61050796508789,25.17233657836914,0.5087125301361084,0.2045762687921524,-0.03721439465880394,0.6178721189498901
744,43.15639114379883,26.425222396850586,0.5060875415802002,0.20470081269741058,-0.05200914293527603,0.6140684485435486
745,42.09814453125,24.194950103759766,0.5035499930381775,0.20477348566055298,-0.08321437239646912,0.6196416020393372
746,42.86035919189453,25.75661277770996,0.5009750127792358,0.20479345321655273,-0.06236622855067253,0.6064097881317139
747,42.874755859375,25.800323486328125,0.5051499605178833,0.2048989236354828,-0.056914471089839935,0.6161267161369324
748,42.77206802368164,25.571033477783203,0.5028500556945801,0.20495732128620148,-0.07632553577423096,0.6197372674942017
749,42.656490325927734,25.516925811767578,0.49994999170303345,0.2049562931060791,-0.059307221323251724,0.6045297980308533
750,43.10346221923828,26.41835594177246,0.49982503056526184,0.20495270192623138,-0.10031824558973312,0.6356065273284912
751,42.331600189208984,25.523359298706055,0.4953250288963318,0.20485688745975494,-0.06826084852218628,0.6064749360084534
752,42.3509521484375,25.1860294342041,0.49496254324913025,0.20475369691848755,-0.08667803555727005,0.6258673667907715
753,42.627933502197266,25.230926513671875,0.49990004301071167,0.2047516405582428,-0.06538516283035278,0.6238253116607666
754,42.8488655090332,26.275915145874023,0.49726253747940063,0.20469558238983154,-0.04505345970392227,0.6301565170288086
755,42.719139099121094,25.538349151611328,0.501300036907196,0.20472221076488495,-0.0257271658629179,0.626822829246521
756,42.74610900878906,25.58018684387207,0.4975750148296356,0.20467257499694824,-0.04735194519162178,0.6090904474258423
757,42.197959899902344,24.395355224609375,0.502625048160553,0.20472630858421326,-0.041294656693935394,0.585635244846344
758,42.54966735839844,25.632173538208008,0.49998754262924194,0.20472605526447296,-0.06435640156269073,0.6404473185539246
759,42.960575103759766,26.367843627929688,0.5011500716209412,0.20474959909915924,-0.08931616693735123,0.574149489402771
760,42.70945739746094,25.93623924255371,0.5020500421524048,0.2047915756702423,-0.05280417203903198,0.5954475402832031
761,42.96733093261719,26.344148635864258,0.5023500323295593,0.20483969151973724,-0.0326550267636776,0.6302049160003662
762,42.60186767578125,25.585857391357422,0.500337541103363,0.2048466056585312,-0.062411390244960785,0.5980671048164368
763,42.575801849365234,24.99207878112793,0.5019875168800354,0.20488731563091278,-0.054538145661354065,0.6226545572280884
764,42.69763946533203,25.72655487060547,0.5033250451087952,0.20495542883872986,-0.08924022316932678,0.6269208192825317
765,42.560142517089844,25.39316177368164,0.49838754534721375,0.2049223780632019,-0.06798604130744934,0.6484532952308655
766,42.465980529785156,25.01662254333496,0.5071374773979187,0.20506863296031952,-0.06403540819883347,0.6458209156990051
767,42.27617645263672,24.602405548095703,0.5061375498771667,0.20519450306892395,-0.06637736409902573,0.6095259189605713
768,42.35127258300781,24.811758041381836,0.5017750263214111,0.2052309215068817,-0.06605350971221924,0.5974990129470825
769,42.96049499511719,26.41608428955078,0.5036250352859497,0.2053053230047226,-0.0828276127576828,0.6034080386161804
770,42.39997482299805,24.90257453918457,0.506475031375885,0.2054382711648941,-0.07573877274990082,0.6140117645263672
771,42.38685989379883,24.735118865966797,0.499562531709671,0.2054292857646942,-0.0673113465309143,0.6259535551071167
772,42.42222213745117,24.697708129882812,0.5045000314712524,0.20552173256874084,-0.08954785764217377,0.6090083718299866
773,42.36930847167969,24.73422622680664,0.5005124807357788,0.2055322676897049,-0.08126932382583618,0.6452051997184753
774,42.801055908203125,25.78314781188965,0.4977250099182129,0.2054855078458786,-0.09306486696004868,0.6261839866638184
775,43.03748321533203,26.772645950317383,0.4936250150203705,0.2053545117378235,-0.07812292873859406,0.6060118675231934
776,42.82563018798828,25.88488006591797,0.489700049161911,0.205143004655838,-0.07707331329584122,0.6156182289123535
777,42.876441955566406,25.895782470703125,0.495650053024292,0.20505376160144806,-0.03797878324985504,0.5879459977149963
778,42.5482292175293,25.223623275756836,0.4944125711917877,0.20493918657302856,-0.06162762641906738,0.6001240611076355
779,42.76038360595703,25.411327362060547,0.5032625198364258,0.20500604808330536,-0.03482704609632492,0.6066383719444275
780,42.659523010253906,25.821372985839844,0.5000374913215637,0.20500680804252625,-0.04181009903550148,0.5895208120346069
781,42.527015686035156,24.86538314819336,0.49852505326271057,0.20497655868530273,-0.010279136709868908,0.5903257131576538
782,42.77519989013672,25.73981475830078,0.49847501516342163,0.20494531095027924,-0.03774738311767578,0.5616840720176697
783,42.59825897216797,25.385637283325195,0.4989375174045563,0.20492352545261383,-0.007969431579113007,0.5944221615791321
784,42.821327209472656,26.17310905456543,0.5004125237464905,0.20493197441101074,-0.05452975630760193,0.6096176505088806
785,42.21105194091797,24.897201538085938,0.49365004897117615,0.20480184257030487,-0.05541319400072098,0.5991514325141907
786,42.95909118652344,26.147380828857422,0.4948125183582306,0.20469559729099274,-0.08549986779689789,0.618544340133667
787,42.68159866333008,25.539020538330078,0.4944000542163849,0.20458097755908966,-0.052590809762477875,0.5927019119262695
788,42.40252685546875,24.636621475219727,0.4960375130176544,0.20449991524219513,-0.03985223174095154,0.6309903860092163
789,42.10895919799805,24.380599975585938,0.49518752098083496,0.20440149307250977,-0.025932328775525093,0.6154966950416565
790,42.68754196166992,26.013385772705078,0.49326252937316895,0.20426377654075623,-0.047192830592393875,0.6083186864852905
791,42.452110290527344,25.209609985351562,0.49852505326271057,0.20423364639282227,-0.0259428508579731,0.6167234778404236
792,42.51050567626953,25.647024154663086,0.49490004777908325,0.20412948727607727,-0.019792435690760612,0.6100247502326965
793,42.51951217651367,25.582971572875977,0.5020250678062439,0.2041708379983902,-0.03574211895465851,0.6028931140899658
794,42.589534759521484,25.05255699157715,0.4960750341415405,0.20409069955348969,-0.02088671550154686,0.5685370564460754
795,42.44553756713867,25.06133460998535,0.5012375712394714,0.20411595702171326,-0.046098995953798294,0.5969918370246887
796,42.563865661621094,25.38240623474121,0.4982375204563141,0.2040799856185913,-0.036156199872493744,0.6073416471481323
797,42.63298034667969,25.584383010864258,0.49545004963874817,0.20398712158203125,-0.06160106509923935,0.6005452275276184
798,42.65689468383789,25.44215202331543,0.4965750277042389,0.2039172649383545,-0.0631110742688179,0.6217794418334961
799,42.63958740234375,25.169721603393555,0.50204998254776,0.20395907759666443,-0.04780935123562813,0.6135315299034119
800,42.69702911376953,25.999208450317383,0.49863752722740173,0.2039312869310379,-0.07852768152952194,0.5980217456817627
801,42.72813034057617,25.919849395751953,0.502625048160553,0.2039848119020462,-0.09234005957841873,0.6144068837165833
802,42.21250915527344,24.242565155029297,0.5025749802589417,0.20403733849525452,-0.07143339514732361,0.6600416898727417
803,42.755882263183594,25.446874618530273,0.5024999976158142,0.20408834517002106,-0.07208393514156342,0.6187751293182373
804,43.154319763183594,26.50653076171875,0.5007874965667725,0.20410442352294922,-0.05496674031019211,0.6475861668586731
805,42.64525604248047,25.364463806152344,0.4993625581264496,0.204091414809227,-0.06718703359365463,0.6127472519874573
806,42.503318786621094,25.010438919067383,0.5118625164031982,0.20433351397514343,-0.06844951212406158,0.6002881526947021
807,42.4400520324707,24.74295425415039,0.5034125447273254,0.20440325140953064,-0.07848387956619263,0.5797767043113708
808,42.52753829956055,25.545303344726562,0.5033375024795532,0.20447148382663727,-0.06140486150979996,0.6099150776863098
809,42.68809127807617,25.736597061157227,0.5054749846458435,0.20458343625068665,-0.05089999735355377,0.6388341188430786
810,42.325035095214844,24.488536834716797,0.5035375356674194,0.20465582609176636,-0.05764399841427803,0.6071161031723022
811,42.359413146972656,24.436386108398438,0.5050500631332397,0.2047591656446457,-0.026784619316458702,0.6007279753684998
812,42.46955108642578,24.97516632080078,0.49412500858306885,0.20463886857032776,-0.0807688906788826,0.6248619556427002
813,42.727474212646484,26.15895652770996,0.4956875145435333,0.2045506238937378,-0.0740269348025322,0.6164407730102539
814,42.63867950439453,25.40219497680664,0.4955250322818756,0.204459086060524,-0.10308519750833511,0.6039141416549683
815,42.638153076171875,25.74628257751465,0.4979625344276428,0.20441743731498718,-0.056785698980093,0.6168250441551208
816,42.54708480834961,25.50474739074707,0.49870002269744873,0.20439086854457855,-0.08240801095962524,0.6027417182922363
817,42.71821212768555,25.750211715698242,0.5010625123977661,0.204412579536438,-0.08789512515068054,0.5954684019088745
818,42.527549743652344,25.304218292236328,0.5013625621795654,0.2044404298067093,-0.05665679648518562,0.6240703463554382
819,42.45579147338867,25.120553970336914,0.504550039768219,0.20453345775604248,-0.02807382307946682,0.6522719860076904
820,43.17599868774414,26.91006088256836,0.5021375417709351,0.20457717776298523,-0.09560301154851913,0.6235162019729614
821,42.50163650512695,25.005985260009766,0.5100374817848206,0.20478251576423645,-0.06424909085035324,0.5995678901672363
822,42.5838737487793,24.74550437927246,0.5099000334739685,0.20498526096343994,-0.06028879061341286,0.6219079494476318
823,42.511932373046875,25.172657012939453,0.5072750449180603,0.20513439178466797,-0.05599847435951233,0.6288824081420898
824,42.76728820800781,25.655622482299805,0.507550060749054,0.20528925955295563,-0.08430760353803635,0.6306477189064026
825,42.39401626586914,25.03567123413086,0.5009375214576721,0.20530849695205688,-0.04978055879473686,0.626150906085968
826,42.28180694580078,24.703502655029297,0.5034125447273254,0.20537856221199036,-0.043907713145017624,0.628107488155365
827,42.514793395996094,25.095890045166016,0.49615004658699036,0.2052994966506958,-0.05960647016763687,0.575225830078125
828,42.66685104370117,25.694124221801758,0.4976250231266022,0.20525074005126953,-0.05513876676559448,0.6202836632728577
829,42.596317291259766,25.381258010864258,0.4891500473022461,0.20502804219722748,-0.04805758595466614,0.5996211171150208
830,42.48606872558594,24.7576847076416,0.4911750257015228,0.20484709739685059,-0.07078933715820312,0.5995074510574341
831,42.222415924072266,25.100749969482422,0.4973500072956085,0.2047928124666214,-0.009919868782162666,0.6123352646827698
832,42.334293365478516,24.67787742614746,0.4917750060558319,0.20462436974048615,-0.08707106113433838,0.5932918190956116
833,42.37022399902344,24.82978057861328,0.49631255865097046,0.2045489251613617,-0.017279766499996185,0.5881519913673401
834,42.537254333496094,25.20017433166504,0.49810004234313965,0.20451006293296814,-0.07444771379232407,0.6337206363677979
835,42.41156768798828,24.898448944091797,0.4953375458717346,0.2044147104024887,-0.07649333775043488,0.6006349921226501
836,42.334693908691406,24.594070434570312,0.5037750005722046,0.20449188351631165,-0.026718731969594955,0.6102573871612549
837,42.76523971557617,25.863645553588867,0.501075029373169,0.20451387763023376,-0.02996743842959404,0.6288594007492065
838,42.63930892944336,25.653465270996094,0.4945375323295593,0.2044021636247635,-0.04826165363192558,0.6277255415916443
839,42.48520278930664,25.603572845458984,0.49982503056526184,0.20439858734607697,-0.0664096549153328,0.6013897061347961
840,42.37888717651367,25.23749542236328,0.4978000223636627,0.20435361564159393,-0.05837486311793327,0.6020001173019409
841,42.771366119384766,25.581838607788086,0.49662503600120544,0.2042846530675888,-0.025597097352147102,0.6240355372428894
842,42.569618225097656,25.42710304260254,0.5003875494003296,0.20429256558418274,-0.05192362889647484,0.6181414127349854
843,42.15306854248047,24.326414108276367,0.4998375177383423,0.2042892426252365,-0.046499986201524734,0.6069989800453186
844,42.32419967651367,24.902631759643555,0.4961250126361847,0.2042100876569748,-0.06945057213306427,0.5893840789794922
845,42.83598327636719,25.961488723754883,0.5007875561714172,0.20422618091106415,-0.03810714930295944,0.6057624220848083
846,42.217533111572266,24.357454299926758,0.5014375448226929,0.20425553619861603,-0.05784403532743454,0.6050850749015808
847,42.409732818603516,24.901548385620117,0.49992501735687256,0.20425400137901306,-0.05969992280006409,0.6012024879455566
848,42.72320556640625,25.154943466186523,0.49921250343322754,0.2042379230260849,-0.07053540647029877,0.6060732007026672
849,42.8228645324707,25.64080810546875,0.500837504863739,0.20425504446029663,-0.038860250264406204,0.600008487701416
850,42.55040740966797,25.24596405029297,0.50347501039505,0.20432601869106293,-0.0687621533870697,0.5923975110054016
851,42.82830047607422,26.097734451293945,0.5004125237464905,0.20433445274829865,-0.0782945528626442,0.5875213146209717
852,42.648990631103516,25.607601165771484,0.5017250180244446,0.2043696939945221,-0.08512093126773834,0.6312267780303955
853,42.73326110839844,25.880966186523438,0.5003125071525574,0.20437607169151306,-0.05497745797038078,0.5940077304840088
854,42.52581787109375,25.47687530517578,0.4986625015735626,0.20434874296188354,-0.07083745300769806,0.6367467641830444
855,42.39759063720703,25.232133865356445,0.4983000159263611,0.20431400835514069,-0.06866203993558884,0.6394564509391785
856,42.75387191772461,25.56563949584961,0.4961375296115875,0.20423509180545807,-0.03749938681721687,0.5849176645278931
857,42.854148864746094,25.856037139892578,0.49545004963874817,0.20414215326309204,-0.0397970974445343,0.6053127646446228
858,42.39630889892578,24.592445373535156,0.5024750232696533,0.20419266819953918,-0.032371100038290024,0.6172882914543152
859,42.42203140258789,25.097530364990234,0.5009250044822693,0.20421156287193298,-0.02542196772992611,0.5896467566490173
860,42.688724517822266,25.339778900146484,0.4999125301837921,0.20420977473258972,-0.03772103786468506,0.6015459299087524
861,42.56464767456055,25.015438079833984,0.497175008058548,0.20415207743644714,-0.055885713547468185,0.5939958095550537
862,42.70689392089844,25.426362991333008,0.49816256761550903,0.20411455631256104,-0.04840003699064255,0.6101843118667603
863,42.421749114990234,24.932945251464844,0.49697500467300415,0.20405280590057373,-0.04227728024125099,0.6001759767532349
864,42.69129943847656,25.86406707763672,0.5008125305175781,0.20406939089298248,-0.07493016868829727,0.6096653342247009
865,42.550514221191406,25.566184997558594,0.5011749863624573,0.20409338176250458,-0.0957212820649147,0.598538875579834
866,42.65283966064453,25.581771850585938,0.5017375349998474,0.20412886142730713,-0.09239070862531662,0.604828417301178
867,42.573299407958984,25.426481246948242,0.5019750595092773,0.20416918396949768,-0.0739474967122078,0.6269075870513916
868,42.79081726074219,25.708955764770508,0.5040125250816345,0.20425111055374146,-0.046033021062612534,0.6301326751708984
869,42.51335906982422,25.61146354675293,0.5039250254631042,0.20433129370212555,-0.044333163648843765,0.6316268444061279
870,42.88120651245117,26.06496238708496,0.505637526512146,0.204446479678154,-0.033670056611299515,0.616759181022644
871,42.94032669067383,26.181804656982422,0.5003750324249268,0.20445415377616882,-0.055003948509693146,0.6213758587837219
872,42.79042434692383,26.203903198242188,0.5011125206947327,0.20447689294815063,-0.03637445345520973,0.5890851616859436
873,43.01459884643555,26.262863159179688,0.4970625340938568,0.20441682636737823,-0.03659337759017944,0.6183694005012512
874,42.79670333862305,25.6041202545166,0.500712513923645,0.20443139970302582,-0.04871364310383797,0.5997167229652405
875,43.11381530761719,26.542081832885742,0.5022749900817871,0.20447789132595062,-0.07394426316022873,0.6145102381706238
876,42.7376823425293,25.49168586730957,0.5014625191688538,0.20450779795646667,-0.049402497708797455,0.5929349064826965
877,42.6920166015625,25.694116592407227,0.5010625123977661,0.2045295238494873,-0.06333108246326447,0.597041666507721
878,42.35224914550781,24.64666748046875,0.4993000030517578,0.2045152187347412,-0.06535430997610092,0.6035730838775635
879,42.867801666259766,26.273160934448242,0.49918752908706665,0.20449860394001007,-0.04864954948425293,0.5912048816680908
880,42.618839263916016,25.758081436157227,0.5036625266075134,0.20457349717617035,-0.05691858381032944,0.6009823679924011
881,42.587257385253906,25.17978858947754,0.49960002303123474,0.20456531643867493,-0.07191513478755951,0.5882667303085327
882,42.57374572753906,25.473360061645508,0.4948250353336334,0.20445945858955383,-0.03883574903011322,0.5883265733718872
883,42.21805191040039,24.411773681640625,0.5017625093460083,0.20449548959732056,-0.053198378533124924,0.6279685497283936
884,42.50363540649414,25.04767417907715,0.4962250292301178,0.20441830158233643,-0.01764725334942341,0.6351730823516846
885,42.63835906982422,25.520883560180664,0.4956500232219696,0.20432938635349274,-0.08374723047018051,0.5809193253517151
886,43.120826721191406,26.512493133544922,0.49896252155303955,0.2043081820011139,-0.060052983462810516,0.595859706401825
887,43.040157318115234,26.689393997192383,0.4979250133037567,0.2042657881975174,-0.07664979994297028,0.5827174782752991
888,42.52972412109375,25.02499771118164,0.49550002813339233,0.20417386293411255,-0.05186508223414421,0.6105198264122009
889,42.43717575073242,25.18939781188965,0.49726253747940063,0.20411796867847443,-0.06643518805503845,0.582039475440979
890,42.450374603271484,24.768938064575195,0.49800002574920654,0.20407715439796448,-0.0545363649725914,0.5966293811798096
891,42.68537521362305,25.320938110351562,0.5049125552177429,0.20417740941047668,-0.08694513887166977,0.6134291887283325
892,42.5335578918457,25.12717628479004,0.5018875598907471,0.20421594381332397,-0.040803879499435425,0.5838232040405273
893,42.67680740356445,25.620281219482422,0.507775068283081,0.20437471568584442,-0.04018731415271759,0.6010523438453674
894,42.88555908203125,25.887521743774414,0.5047125220298767,0.20447102189064026,-0.07106495648622513,0.6095643043518066
895,42.497501373291016,24.894256591796875,0.5034250020980835,0.20454105734825134,-0.013364742510020733,0.6056958436965942
896,42.8629264831543,26.09819984436035,0.49826252460479736,0.20450551807880402,-0.06791775673627853,0.6027843952178955
897,42.668575286865234,25.782411575317383,0.4946625232696533,0.20439636707305908,-0.0722612664103508,0.577189564704895
898,42.338191986083984,24.6411190032959,0.4970250427722931,0.204335555434227,-0.05925847962498665,0.6008856296539307
899,42.5814323425293,25.4730281829834,0.4978625178337097,0.20429188013076782,-0.048862893134355545,0.5920653343200684
900,42.665077209472656,25.805442810058594,0.49653753638267517,0.20422114431858063,-0.06844493746757507,0.597529947757721
901,42.902496337890625,26.182863235473633,0.49397504329681396,0.20409810543060303,-0.050789766013622284,0.6299327611923218
902,42.412879943847656,25.268409729003906,0.49537503719329834,0.2040037214756012,-0.05466165393590927,0.6315091848373413
903,42.700469970703125,25.587350845336914,0.49855002760887146,0.2039741426706314,-0.047421637922525406,0.6184868812561035
904,42.70859146118164,25.753063201904297,0.4978000223636627,0.20392927527427673,-0.05933484062552452,0.6015258431434631
905,42.84129333496094,26.43507957458496,0.5002250075340271,0.20393386483192444,-0.04554923623800278,0.5943418741226196
906,42.91664123535156,26.273149490356445,0.4999125301837921,0.20393207669258118,-0.030062446370720863,0.5989679098129272
907,42.71817398071289,25.604236602783203,0.500462532043457,0.20394150912761688,-0.04423345997929573,0.6151688694953918
908,42.33710861206055,24.930973052978516,0.4990375339984894,0.20392188429832458,-0.05395669862627983,0.6100335717201233
909,42.67387390136719,25.66135025024414,0.5041000247001648,0.20400547981262207,-0.05208757892251015,0.5955945253372192
910,42.62001037597656,25.23230743408203,0.4956875145435333,0.2039175033569336,-0.05414580553770065,0.5970858335494995
911,42.66379928588867,25.285219192504883,0.4951000213623047,0.20381757616996765,-0.029130879789590836,0.6186096668243408
912,42.48481750488281,25.193212509155273,0.5030750632286072,0.20388026535511017,-0.05059882998466492,0.6022467017173767
913,42.29988098144531,24.671728134155273,0.5015000104904175,0.20391084253787994,-0.055611949414014816,0.6043996214866638
914,42.63535690307617,25.094799041748047,0.5038750171661377,0.20398986339569092,-0.03811630979180336,0.6099804639816284
915,42.48337936401367,24.963668823242188,0.4995250403881073,0.20398017764091492,-0.06688486784696579,0.6223589777946472
916,42.1862907409668,24.32199478149414,0.5006124973297119,0.20399267971515656,-0.050887010991573334,0.619284987449646
917,42.65864944458008,25.544002532958984,0.5027625560760498,0.2040490210056305,-0.0803149938583374,0.6070349216461182
918,42.675357818603516,25.68915557861328,0.5015125274658203,0.20407989621162415,-0.06942029297351837,0.6212949752807617
919,42.44481658935547,25.5874080657959,0.5004125237464905,0.20408831536769867,-0.05718757212162018,0.625998854637146
920,42.75769805908203,25.838701248168945,0.4986000061035156,0.20405973494052887,-0.10021138191223145,0.593064546585083
921,42.80103302001953,26.24620819091797,0.5012375116348267,0.20408499240875244,-0.06712213158607483,0.6054278612136841
922,42.42613220214844,25.166004180908203,0.5001749992370605,0.20408856868743896,-0.06419160962104797,0.6235657930374146
923,42.52399444580078,25.111953735351562,0.4995250105857849,0.20407886803150177,-0.04771332070231438,0.6134015917778015
924,42.236083984375,24.794605255126953,0.5002750754356384,0.20408448576927185,-0.056665219366550446,0.6242104768753052
925,42.408443450927734,24.588890075683594,0.497450053691864,0.20403245091438293,-0.04181114211678505,0.6118396520614624
926,42.43400955200195,25.197052001953125,0.5036875009536743,0.20410768687725067,-0.028234317898750305,0.6089143753051758
927,42.28117370605469,24.373884201049805,0.5056250095367432,0.20422250032424927,-0.04192856699228287,0.5886948108673096
928,42.724693298339844,25.399202346801758,0.5050874948501587,0.20432640612125397,-0.07016948610544205,0.6068785786628723
929,42.37947463989258,24.68487548828125,0.5014874935150146,0.20435680449008942,-0.06585671752691269,0.602219820022583
930,42.7541389465332,25.939327239990234,0.4995875358581543,0.2043483704328537,-0.06478778272867203,0.6096217036247253
931,42.45224380493164,25.43529510498047,0.5004000663757324,0.20435655117034912,-0.07326369732618332,0.6260573267936707
932,42.51947784423828,25.218652725219727,0.49883753061294556,0.20433279871940613,-0.05293455347418785,0.6255844235420227
933,42.723602294921875,26.1236515045166,0.49990004301071167,0.20433075726032257,-0.061895739287137985,0.591067910194397
934,42.29008102416992,24.505094528198242,0.4986625015735626,0.20430342853069305,-0.06281377375125885,0.5894451141357422
935,42.58491134643555,25.136978149414062,0.5009000301361084,0.20432181656360626,-0.06778459250926971,0.5934198498725891
936,42.58932113647461,25.440628051757812,0.4991375505924225,0.20430418848991394,-0.046078938990831375,0.5814507007598877
937,42.590850830078125,25.184743881225586,0.502512514591217,0.20435552299022675,-0.07751337438821793,0.5982309579849243
938,42.84252166748047,26.2579402923584,0.5050125122070312,0.20445796847343445,-0.07465006411075592,0.6186646819114685
939,42.38276672363281,25.110071182250977,0.497700035572052,0.20441094040870667,-0.055341936647892,0.6045313477516174
940,42.01045227050781,23.941665649414062,0.5068375468254089,0.20455071330070496,-0.0498751737177372,0.6208710670471191
941,42.83335876464844,26.007057189941406,0.5019749999046326,0.20459112524986267,-0.029600173234939575,0.6391004323959351
942,42.80173873901367,25.956966400146484,0.5017625093460083,0.2046271711587906,-0.05619398504495621,0.5982738137245178
943,42.816917419433594,26.01995086669922,0.5006874799728394,0.20464125275611877,-0.04656854644417763,0.5973471999168396
944,42.742958068847656,25.530031204223633,0.4970625638961792,0.2045811414718628,-0.02264748141169548,0.5855979919433594
945,42.93014907836914,26.04875373840332,0.5003875494003296,0.20458906888961792,-0.03401960805058479,0.6068002581596375
946,42.57662582397461,25.46073341369629,0.5009250044822693,0.2046079933643341,0.002642974490299821,0.6140053868293762
947,42.323951721191406,24.492273330688477,0.4999375343322754,0.20460671186447144,-0.008446392603218555,0.585752546787262
948,42.36201477050781,24.759672164916992,0.49576252698898315,0.20452001690864563,-0.05915864557027817,0.5708882808685303
949,42.382774353027344,24.938478469848633,0.4968375265598297,0.20445533096790314,-0.04851905256509781,0.6037362217903137
950,42.586463928222656,25.079627990722656,0.49781250953674316,0.2044106125831604,-0.027148304507136345,0.6356222629547119
951,42.501434326171875,25.093509674072266,0.49793753027915955,0.204368457198143,-0.07172127068042755,0.6040828227996826
952,42.533599853515625,25.173572540283203,0.4910000264644623,0.20418453216552734,-0.06826868653297424,0.6089804768562317
953,42.51997375488281,25.20633316040039,0.49188750982284546,0.20401889085769653,-0.08409295231103897,0.5935119986534119
954,42.49171829223633,25.161386489868164,0.498600035905838,0.20399032533168793,-0.07102973014116287,0.6142700910568237
955,42.58832550048828,25.26052474975586,0.4948500394821167,0.2038852721452713,-0.04557034373283386,0.6002331972122192
956,42.82029342651367,25.993005752563477,0.4965500235557556,0.20381493866443634,-0.022598201408982277,0.590248167514801
957,42.673030853271484,25.97732162475586,0.49761250615119934,0.20376627147197723,-0.058269571512937546,0.592275083065033
958,42.743408203125,25.68605613708496,0.49471256136894226,0.20365853607654572,-0.03376845270395279,0.5767318606376648
959,42.78196716308594,25.8109073638916,0.49582502245903015,0.20357351005077362,-0.021070489659905434,0.5874695777893066
960,42.67795944213867,25.520153045654297,0.4985875189304352,0.2035447508096695,-0.04200251027941704,0.6042358875274658
961,42.284912109375,24.730680465698242,0.4993375539779663,0.20353126525878906,-0.05105974152684212,0.6272972822189331
962,42.727882385253906,25.542200088500977,0.49675002694129944,0.20346511900424957,-0.05727137252688408,0.6248947381973267
963,42.19087600708008,24.321840286254883,0.5004000067710876,0.2034732699394226,-0.03962674364447594,0.5920156836509705
964,42.77986526489258,25.672636032104492,0.4984625577926636,0.20344199240207672,-0.061174456030130386,0.6293684840202332
965,42.79680633544922,26.082372665405273,0.5001624822616577,0.20344528555870056,-0.07738980650901794,0.6161683797836304
966,42.7762336730957,25.781469345092773,0.4987625479698181,0.20342011749744415,-0.04217061772942543,0.6149662733078003
967,42.42677688598633,25.180002212524414,0.4984375238418579,0.20338833332061768,-0.0730220377445221,0.6188138127326965
968,41.961700439453125,24.005754470825195,0.4974749982357025,0.20333698391914368,-0.05384637042880058,0.6169840097427368
969,42.587921142578125,26.27227020263672,0.5001250505447388,0.20333953201770782,-0.08762349933385849,0.6064022779464722
970,42.79804611206055,26.24793243408203,0.5001875162124634,0.20334333181381226,-0.11689537763595581,0.6145138740539551
971,42.729373931884766,25.80426597595215,0.49355003237724304,0.203212171792984,-0.02491723746061325,0.6212413907051086
972,42.64811706542969,25.956539154052734,0.5011375546455383,0.20323528349399567,-0.07798866927623749,0.6252202987670898
973,42.52427673339844,25.401464462280273,0.499875009059906,0.20323273539543152,-0.07835236936807632,0.6070095300674438
974,42.25016784667969,24.727449417114258,0.5022749900817871,0.20327895879745483,-0.08055885136127472,0.6211667656898499
975,42.2351188659668,24.784854888916016,0.5058000683784485,0.20339685678482056,-0.09721073508262634,0.6089863181114197
976,42.74613571166992,26.098575592041016,0.5040374994277954,0.20347897708415985,-0.06018487364053726,0.6253305673599243
977,42.485382080078125,25.403980255126953,0.4999375343322754,0.20347771048545837,-0.044289480894804,0.6137749552726746
978,42.317481994628906,24.532127380371094,0.5070500373840332,0.20362116396427155,-0.03452092036604881,0.6156144738197327
979,42.48358154296875,24.924007415771484,0.5045375227928162,0.2037135511636734,-0.07379240542650223,0.6247063875198364
980,42.68500518798828,25.175342559814453,0.5063000321388245,0.203841894865036,-0.06604180485010147,0.5957887172698975
981,42.68787384033203,25.03838348388672,0.5023875832557678,0.20389056205749512,-0.040758389979600906,0.5963437557220459
982,42.495426177978516,25.234024047851562,0.50166255235672,0.20392446219921112,-0.022706780582666397,0.5908116102218628
983,42.53681564331055,25.18178939819336,0.4980500042438507,0.20388469099998474,-0.07249389588832855,0.5707395076751709
984,42.515968322753906,24.923608779907227,0.49810001254081726,0.20384594798088074,-0.06860436499118805,0.588386595249176
985,42.517005920410156,25.1444091796875,0.49960005283355713,0.2038377970457077,-0.06839896738529205,0.5904669761657715
986,42.47172927856445,24.85213279724121,0.4961875379085541,0.2037600874900818,-0.0629962831735611,0.6023460030555725
987,42.43000793457031,25.030818939208984,0.49733754992485046,0.203705832362175,-0.09624310582876205,0.6117752194404602
988,42.32831954956055,24.701953887939453,0.4964124858379364,0.20363275706768036,-0.08504269272089005,0.6194846630096436
989,42.8028678894043,26.07235336303711,0.4945250153541565,0.203521266579628,-0.068109430372715,0.5892552137374878
990,42.527793884277344,25.228515625,0.4982375204563141,0.2034853994846344,-0.0814170390367508,0.5915563106536865
991,42.235870361328125,24.623003005981445,0.4993250072002411,0.20347167551517487,-0.048768021166324615,0.6024022698402405
992,42.48276901245117,25.463457107543945,0.4997875392436981,0.20346735417842865,-0.0866750180721283,0.5995939373970032
993,42.644771575927734,25.39755630493164,0.5023750066757202,0.2035156637430191,-0.04838119074702263,0.5943099856376648
994,42.56494903564453,25.493661880493164,0.5002999901771545,0.20352177321910858,-0.0629941076040268,0.6221083402633667
995,42.56395721435547,25.0582332611084,0.4980875551700592,0.20348285138607025,-0.05180651322007179,0.5909186005592346
996,42.178993225097656,24.82877540588379,0.49658751487731934,0.20341341197490692,-0.05383928865194321,0.618309736251831
997,42.83824920654297,26.042232513427734,0.4974375367164612,0.20336128771305084,-0.05034545809030533,0.5953410863876343
998,42.55974197387695,24.865880966186523,0.4975624978542328,0.2033117264509201,0.004067635629326105,0.6151117086410522
999,42.41086959838867,24.916452407836914,0.49955007433891296,0.20330257713794708,-0.05766822025179863,0.6130383610725403
1000,42.368717193603516,24.497163772583008,0.4975375235080719,0.20325252413749695,-0.05080873519182205,0.5984811782836914
1001,42.69580841064453,25.38518524169922,0.49813753366470337,0.20321466028690338,-0.05422838032245636,0.6142646074295044
1002,42.518943786621094,25.457008361816406,0.4961000084877014,0.2031354010105133,-0.07173335552215576,0.6111510992050171
1003,43.344356536865234,27.20353126525879,0.4987500309944153,0.203110009431839,-0.08967088907957077,0.593462347984314
1004,42.53573226928711,25.12249183654785,0.5017000436782837,0.20314453542232513,-0.04724070057272911,0.5843648910522461
1005,42.3392333984375,24.59741973876953,0.5004374980926514,0.20315341651439667,-0.04879310727119446,0.6022035479545593
1006,42.5666389465332,25.774089813232422,0.5013875365257263,0.20318160951137543,-0.0711807981133461,0.6240925192832947
1007,42.92359161376953,26.291526794433594,0.497512549161911,0.2031310647726059,-0.06005261465907097,0.6107298731803894
1008,42.91522979736328,26.17333221435547,0.49709999561309814,0.20307216048240662,-0.04876066371798515,0.5834607481956482
1009,42.50120544433594,25.36941146850586,0.5060499906539917,0.2031950205564499,-0.01264573261141777,0.606956958770752
1010,42.3549919128418,24.474294662475586,0.5032374858856201,0.20326080918312073,-0.016430718824267387,0.5861741900444031
1011,42.72724914550781,25.658899307250977,0.497700035572052,0.20321404933929443,-0.06151265278458595,0.6202237606048584
1012,42.818538665771484,25.590238571166992,0.5008500218391418,0.2032313197851181,-0.013190747238695621,0.588310182094574
1013,42.39325714111328,24.79058265686035,0.49841248989105225,0.20319905877113342,-0.04753578081727028,0.5949891209602356
1014,42.62862777709961,25.549753189086914,0.49748751521110535,0.2031480073928833,-0.005591739434748888,0.6002105474472046
1015,42.51616668701172,24.96755027770996,0.5027250051498413,0.20320336520671844,-0.03880608454346657,0.599721372127533
1016,42.490989685058594,25.075698852539062,0.5017500519752502,0.20323891937732697,-0.05020001903176308,0.5872998237609863
1017,42.728458404541016,25.841800689697266,0.49957504868507385,0.20323027670383453,-0.057426080107688904,0.5800678133964539
1018,43.09587478637695,26.58197021484375,0.4982750117778778,0.2031952142715454,-0.04821651428937912,0.6084426045417786
1019,42.3259162902832,24.806169509887695,0.4988500475883484,0.20317184925079346,-0.06132467836141586,0.5835822820663452
1020,42.63249206542969,25.57770347595215,0.49793753027915955,0.20312994718551636,-0.056812968105077744,0.6090199947357178
1021,42.45235824584961,24.927207946777344,0.5007500052452087,0.20314517617225647,-0.04803551733493805,0.5921692848205566
1022,42.559566497802734,25.023588180541992,0.4990500211715698,0.20312587916851044,-0.03732720762491226,0.62461918592453
1023,42.81489944458008,25.85004425048828,0.5054125189781189,0.20323581993579865,-0.07555638998746872,0.6138082146644592
1024,42.41743469238281,25.149629592895508,0.5053000450134277,0.20334354043006897,-0.05743388459086418,0.6053246259689331
1025,42.55950164794922,25.253311157226562,0.5034500360488892,0.2034136950969696,-0.08922906965017319,0.6274102330207825
1026,42.56424331665039,24.859352111816406,0.5025250315666199,0.2034650593996048,-0.07406480610370636,0.6085600256919861
1027,42.271610260009766,24.53538703918457,0.5041875243186951,0.20355026423931122,-0.0749831423163414,0.6282903552055359
1028,42.659732818603516,25.629871368408203,0.49650001525878906,0.20347902178764343,-0.09159348905086517,0.6047855019569397
1029,42.501590728759766,25.360132217407227,0.5027124881744385,0.20353420078754425,-0.05968252941966057,0.624484121799469
1030,42.30955505371094,24.64351463317871,0.504675030708313,0.20362935960292816,-0.03989151120185852,0.6187368631362915
1031,42.33680725097656,24.74452018737793,0.5081000328063965,0.20379430055618286,-0.07620943337678909,0.6265148520469666
1032,42.33795928955078,24.614416122436523,0.501800000667572,0.20383098721504211,-0.0719650387763977,0.5863130688667297
1033,42.991397857666016,26.238567352294922,0.5019875168800354,0.203871488571167,-0.040692344307899475,0.6036995649337769
1034,42.76131820678711,25.541399002075195,0.5024124979972839,0.20392067730426788,-0.043343424797058105,0.5863967537879944
1035,42.591941833496094,25.596004486083984,0.5027375221252441,0.20397649705410004,-0.04212360829114914,0.5967656373977661
1036,42.46760940551758,25.45534324645996,0.5020875334739685,0.20401906967163086,-0.04170919582247734,0.6060945391654968
1037,42.54197692871094,25.507505416870117,0.4974500238895416,0.20396704971790314,-0.04321819543838501,0.6181548237800598
1038,42.23533248901367,24.604524612426758,0.5035125017166138,0.20403867959976196,-0.08130689710378647,0.6427968144416809
1039,42.6296272277832,25.486446380615234,0.49924999475479126,0.20402337610721588,-0.07516443729400635,0.6187012791633606
1040,42.223541259765625,24.502330780029297,0.4916125237941742,0.20385225117206573,-0.04958349093794823,0.6217827200889587
1041,42.37141418457031,24.980615615844727,0.49340003728866577,0.20371770858764648,-0.03639448061585426,0.6320136785507202
1042,42.543357849121094,25.5609130859375,0.49617502093315125,0.20363979041576385,-0.018164586275815964,0.573167622089386
1043,42.587764739990234,25.607633590698242,0.4929250180721283,0.20349571108818054,-0.07241478562355042,0.5875942707061768
1044,42.589332580566406,25.694543838500977,0.4907500147819519,0.20330747961997986,-0.01273542083799839,0.5731854438781738
1045,42.576053619384766,25.524965286254883,0.49777501821517944,0.20326223969459534,-0.024664394557476044,0.5867655873298645
1046,42.42765808105469,25.01276397705078,0.49425002932548523,0.203145369887352,-0.053824540227651596,0.5741642117500305
1047,42.685462951660156,25.41285514831543,0.503000020980835,0.20320633053779602,-0.07071704417467117,0.6021837592124939
1048,42.80906677246094,26.01669692993164,0.49783754348754883,0.20316238701343536,-0.039912767708301544,0.5924863219261169
1049,42.44068908691406,25.328845977783203,0.49857503175735474,0.20313343405723572,-0.05547024682164192,0.5902610421180725
1050,42.157249450683594,24.45607566833496,0.5005000233650208,0.20314358174800873,-0.0488332137465477,0.6100068092346191
1051,42.573184967041016,25.561250686645508,0.49601253867149353,0.20306257903575897,-0.06759658455848694,0.5914417505264282
1052,42.331748962402344,25.038806915283203,0.49918755888938904,0.20304608345031738,-0.04119601845741272,0.6157537698745728
1053,43.02250289916992,26.6124324798584,0.49908754229545593,0.20302756130695343,-0.042539335787296295,0.5892636179924011
1054,42.79745101928711,26.093271255493164,0.49873754382133484,0.2030019313097,-0.06485392898321152,0.6202877163887024
1055,42.89870834350586,25.741884231567383,0.49998751282691956,0.20300167798995972,-0.043129388242959976,0.5998088121414185
1056,42.733917236328125,25.568340301513672,0.49870002269744873,0.2029752880334854,-0.048097703605890274,0.6092469096183777
1057,42.599517822265625,25.02522850036621,0.5017625093460083,0.20301105082035065,-0.06027291342616081,0.5978637337684631
1058,42.510276794433594,25.27912139892578,0.5012500286102295,0.20303644239902496,-0.047636378556489944,0.6093142628669739
1059,42.689208984375,25.509742736816406,0.49980005621910095,0.20303238928318024,-0.05952276289463043,0.6002302765846252
1060,42.62913131713867,25.92866325378418,0.4990375339984894,0.2030128389596939,-0.08526197820901871,0.6187196969985962
1061,42.41057205200195,25.336952209472656,0.5022125244140625,0.20305775105953217,-0.07750603556632996,0.5875670313835144
1062,42.88745880126953,25.84288215637207,0.5054125189781189,0.2031676471233368,-0.09852652251720428,0.6212207674980164
1063,42.47679138183594,24.865442276000977,0.5085499882698059,0.20334134995937347,-0.09485515207052231,0.6277168989181519
1064,42.659915924072266,25.513940811157227,0.5054000020027161,0.20345115661621094,-0.05833224579691887,0.6061349511146545
1065,42.76946258544922,25.779022216796875,0.5066500306129456,0.20358644425868988,-0.05738421529531479,0.6339856386184692
1066,42.53239059448242,25.162368774414062,0.4977250397205353,0.2035401314496994,-0.05537842959165573,0.5869977474212646
1067,42.811058044433594,25.875,0.49508753418922424,0.20344014465808868,-0.02980189397931099,0.5847458243370056
1068,42.2949333190918,24.577434539794922,0.49982500076293945,0.20343658328056335,-0.033508140593767166,0.6210013628005981
1069,42.86624526977539,25.80293846130371,0.49867504835128784,0.20340962707996368,-0.054754503071308136,0.5737406611442566
1070,42.80679702758789,25.40328598022461,0.49236249923706055,0.20325426757335663,0.009863810613751411,0.598443329334259
1071,42.52863311767578,24.818037033081055,0.5,0.20325426757335663,-0.05437633767724037,0.5932099223136902
1072,42.677833557128906,25.218753814697266,0.4964875280857086,0.2031828761100769,-0.015458508394658566,0.594315230846405
1073,42.596412658691406,25.314922332763672,0.49871253967285156,0.2031567096710205,-0.03876267373561859,0.6026627421379089
1074,43.130882263183594,26.214284896850586,0.4963000416755676,0.20308153331279755,-0.08389749377965927,0.6097593903541565
1075,42.504947662353516,25.142192840576172,0.49985000491142273,0.2030784785747528,-0.10260462015867233,0.6025091409683228
1076,43.137996673583984,26.795976638793945,0.500337541103363,0.20308533310890198,-0.09842003136873245,0.5778077840805054
1077,42.416805267333984,25.11764144897461,0.499687522649765,0.2030789852142334,-0.06311412155628204,0.6150760650634766
1078,42.289833068847656,24.6480655670166,0.49943751096725464,0.20306755602359772,-0.08037932217121124,0.6089191436767578
1079,42.68806457519531,25.675395965576172,0.5011250376701355,0.20309041440486908,-0.07281620055437088,0.586823582649231
1080,42.410831451416016,24.737171173095703,0.4995500147342682,0.20308127999305725,-0.04666280001401901,0.6004042029380798
1081,42.39252471923828,24.73416519165039,0.5097500085830688,0.2032792866230011,-0.08744402229785919,0.6027829051017761
1082,42.93035888671875,25.909914016723633,0.5030500292778015,0.2033413052558899,-0.06386730074882507,0.6084921956062317
1083,42.24604034423828,24.435150146484375,0.5009124875068665,0.20335984230041504,-0.04881108179688454,0.6108372807502747
1084,42.71031951904297,25.557409286499023,0.4983125329017639,0.2033255249261856,-0.0567525252699852,0.61117023229599
1085,42.27745819091797,24.91252326965332,0.4932750165462494,0.20318879187107086,-0.06718327105045319,0.6032755374908447
1086,42.49913787841797,25.20562744140625,0.49071255326271057,0.20300008356571198,-0.050866808742284775,0.5685737133026123
1087,42.66226577758789,26.05162239074707,0.49477502703666687,0.20289401710033417,-0.01272116880863905,0.6053906083106995
1088,42.22104263305664,24.241954803466797,0.4935000240802765,0.20276214182376862,-0.0235926304012537,0.5782330632209778
1089,42.51308822631836,25.292936325073242,0.4948875308036804,0.2026584893465042,-0.01673159934580326,0.5695876479148865
1090,43.44050979614258,27.875545501708984,0.4944625496864319,0.20254626870155334,-0.036366190761327744,0.6017884612083435
1091,42.64964294433594,25.640209197998047,0.4962000250816345,0.20246930420398712,-0.08949678391218185,0.5857405066490173
1092,42.61804962158203,25.215099334716797,0.5065750479698181,0.20260244607925415,-0.04362709820270538,0.6114505529403687
1093,42.323848724365234,24.77988624572754,0.5094249844551086,0.20279338955879211,-0.02987329475581646,0.6112703084945679
1094,42.56925582885742,24.963621139526367,0.5076375603675842,0.20294827222824097,-0.06951341032981873,0.6363822221755981
1095,42.48326873779297,24.943607330322266,0.5118875503540039,0.20318952202796936,-0.03385799750685692,0.6552167534828186
1096,42.515380859375,25.059398651123047,0.5054125785827637,0.20329949259757996,-0.029388345777988434,0.605529248714447
1097,42.785335540771484,25.605398178100586,0.5041625499725342,0.20338411629199982,-0.09514034539461136,0.6133038997650146
1098,42.940120697021484,26.194093704223633,0.49995002150535583,0.20338310301303864,-0.07979688793420792,0.606321394443512
1099,43.00643539428711,26.83587074279785,0.4992625415325165,0.20336811244487762,-0.08511747419834137,0.6230478286743164
1100,42.775794982910156,26.061555862426758,0.5019875168800354,0.20340852439403534,-0.10619644820690155,0.5995005965232849
1101,42.34074401855469,25.049768447875977,0.5015000104904175,0.20343902707099915,-0.07294966280460358,0.6229127645492554
1102,42.812950134277344,26.154155731201172,0.5017500519752502,0.20347462594509125,-0.03600778430700302,0.6107190847396851
1103,42.45627212524414,25.465856552124023,0.49826252460479736,0.20343926548957825,-0.04748489707708359,0.6085323095321655
1104,42.61024475097656,25.207447052001953,0.5010375380516052,0.20346036553382874,-0.06737172603607178,0.6086276769638062
1105,42.59129333496094,25.447282791137695,0.5007500052452087,0.20347562432289124,-0.08081280440092087,0.6035846471786499
1106,42.459228515625,25.02425193786621,0.49857503175735474,0.203446626663208,-0.018969519063830376,0.6050414443016052
1107,42.63956832885742,25.242870330810547,0.5052125453948975,0.20355267822742462,-0.08279738575220108,0.6006368398666382
1108,42.76774215698242,25.83289909362793,0.5020000338554382,0.2035933881998062,-0.07644350081682205,0.6226148009300232
1109,42.709129333496094,25.85577964782715,0.5050375461578369,0.20369595289230347,-0.023300781846046448,0.6062319278717041
1110,42.507110595703125,25.02694320678711,0.4994875192642212,0.20368550717830658,-0.057467781007289886,0.6243541836738586
1111,42.53791809082031,25.272029876708984,0.49963754415512085,0.20367813110351562,-0.049684587866067886,0.6039525866508484
1112,42.68050003051758,25.608022689819336,0.5005625486373901,0.2036895900964737,-0.05631348863244057,0.609671950340271
1113,42.483524322509766,25.203571319580078,0.5033125281333923,0.20375706255435944,-0.04079427942633629,0.582949697971344
1114,42.63745880126953,25.185649871826172,0.5049125552177429,0.2038571536540985,-0.05079980939626694,0.6151441931724548
1115,42.3828010559082,24.820158004760742,0.5026499629020691,0.2039111703634262,-0.07040222734212875,0.6136311888694763
1116,42.03806686401367,23.97446632385254,0.5053625702857971,0.20402051508426666,-0.08505377918481827,0.6139035224914551
1117,42.38182830810547,24.60806655883789,0.5005375146865845,0.20403148233890533,-0.0861443504691124,0.5935137271881104
1118,42.82867431640625,26.02791404724121,0.5037375092506409,0.20410773158073425,-0.07052844762802124,0.6110026836395264
1119,43.00000762939453,26.315797805786133,0.5039500594139099,0.20418836176395416,-0.05653977021574974,0.5993853807449341
1120,42.62060546875,25.164459228515625,0.4998500645160675,0.20418529212474823,-0.07988627254962921,0.6227858066558838
1121,42.64744186401367,25.23790168762207,0.5028375387191772,0.2042432278394699,-0.04243576154112816,0.6017091870307922
1122,42.3368034362793,24.96296501159668,0.4973750412464142,0.20418961346149445,-0.07198410481214523,0.5810297727584839
1123,42.53409957885742,24.792158126831055,0.5024000406265259,0.20423860847949982,-0.034394774585962296,0.6180769801139832
1124,42.570526123046875,25.540746688842773,0.5009875297546387,0.2042587697505951,-0.07287520170211792,0.6054736971855164
1125,42.1737060546875,24.454952239990234,0.4997125267982483,0.20425289869308472,-0.01375772524625063,0.62443608045578
1126,42.77330017089844,25.730093002319336,0.49500003457069397,0.20415076613426208,-0.03831017389893532,0.6229037046432495
1127,42.579166412353516,25.447418212890625,0.49953752756118774,0.20414131879806519,-0.06905005872249603,0.6056671142578125
1128,42.43840789794922,25.001325607299805,0.4994000494480133,0.20412907004356384,-0.07318612933158875,0.6288521885871887
1129,42.270626068115234,24.754301071166992,0.49668753147125244,0.20406146347522736,-0.09062989056110382,0.6073635220527649
1130,42.412349700927734,25.177074432373047,0.4910750389099121,0.20387934148311615,-0.07305530458688736,0.6121003031730652
1131,42.18865966796875,24.505109786987305,0.4928375482559204,0.20373331010341644,-0.05930497124791145,0.6021978855133057
1132,42.266082763671875,24.858476638793945,0.4936625361442566,0.20360420644283295,-0.056869495660066605,0.5856249928474426
1133,42.815975189208984,26.08062744140625,0.49432504177093506,0.20348866283893585,-0.05886799097061157,0.6377581357955933
1134,42.90300750732422,26.06183624267578,0.49505001306533813,0.20338793098926544,-0.02390778437256813,0.5912675857543945
1135,42.25876235961914,24.485088348388672,0.4937375485897064,0.20326055586338043,-0.02065008133649826,0.6029618978500366
1136,42.72783279418945,25.456092834472656,0.4974500238895416,0.20320872962474823,-0.017159709706902504,0.6084348559379578
1137,42.406917572021484,25.05866813659668,0.49703750014305115,0.20314852893352509,-0.04799465090036392,0.6044184565544128
1138,42.45022964477539,25.100088119506836,0.49892500042915344,0.2031266838312149,-0.05433391407132149,0.5957610607147217
1139,42.49925994873047,25.01282501220703,0.49681252241134644,0.20306193828582764,-0.07249414175748825,0.6386492252349854
1140,42.54789733886719,25.26809310913086,0.5002124905586243,0.20306624472141266,-0.05441012233495712,0.6080211997032166
1141,42.32386779785156,24.847942352294922,0.5026625394821167,0.20312032103538513,-0.06928418576717377,0.6159933805465698
1142,42.887168884277344,25.989961624145508,0.5033249855041504,0.20318785309791565,-0.11616075038909912,0.62406325340271
1143,42.59211730957031,25.330177307128906,0.5040375590324402,0.20326989889144897,-0.12456221878528595,0.6224782466888428
1144,42.22830581665039,24.679000854492188,0.5085625052452087,0.2034439593553543,-0.1085771918296814,0.6180715560913086
1145,42.14329147338867,23.959142684936523,0.5137374997138977,0.20372344553470612,-0.05493438243865967,0.6227798461914062
1146,42.68297576904297,25.74663543701172,0.5049999952316284,0.20382529497146606,-0.07359622418880463,0.5806329846382141
1147,42.52742385864258,25.104293823242188,0.5043875575065613,0.20391473174095154,-0.04366745799779892,0.6081162691116333
1148,42.6981086730957,25.72385025024414,0.5045875310897827,0.20400826632976532,0.004569780081510544,0.5971342921257019
1149,42.6060791015625,25.246997833251953,0.4966000020503998,0.20393890142440796,-0.05217524990439415,0.5861422419548035
1150,42.520118713378906,25.216785430908203,0.49105000495910645,0.20375637710094452,-0.011164026334881783,0.6028063297271729
1151,42.62505340576172,25.29338264465332,0.4882500171661377,0.20351696014404297,-0.02699270285665989,0.5997986793518066
1152,42.640403747558594,25.666278839111328,0.48645004630088806,0.20324119925498962,-0.0288934875279665,0.5878437161445618
1153,42.557830810546875,25.149049758911133,0.48922500014305115,0.20302221179008484,-0.06556365638971329,0.5823726654052734
1154,42.51237106323242,25.222564697265625,0.4926375448703766,0.20287273824214935,-0.06802091747522354,0.6150453686714172
1155,42.391876220703125,24.844518661499023,0.49480003118515015,0.2027672529220581,-0.07955127954483032,0.5931732058525085
1156,42.74409484863281,25.743745803833008,0.501075029373169,0.2027890533208847,-0.11539281159639359,0.5739596486091614
1157,42.72720718383789,25.514423370361328,0.5092750191688538,0.20297713577747345,-0.10878386348485947,0.6233687400817871
1158,42.641746520996094,25.43878936767578,0.5099625587463379,0.20317934453487396,-0.08313316851854324,0.6189019083976746
1159,42.496219635009766,24.993610382080078,0.5143750309944153,0.20347142219543457,-0.10793767869472504,0.5993932485580444
1160,42.872074127197266,25.548757553100586,0.5112749934196472,0.20370082557201385,-0.022316589951515198,0.6040805578231812
1161,42.55385208129883,24.84454345703125,0.5115875601768494,0.2039368599653244,-0.02184881828725338,0.6106651425361633
1162,43.105674743652344,26.296289443969727,0.5038750767707825,0.20401589572429657,-0.04842458665370941,0.5870947241783142
1163,42.48154067993164,25.180017471313477,0.4957500398159027,0.20392918586730957,-0.04853145033121109,0.5923981666564941
1164,42.691734313964844,25.504785537719727,0.49877500534057617,0.20390421152114868,-0.0675373375415802,0.5937401056289673
1165,42.62343215942383,25.455965042114258,0.500825047492981,0.20392103493213654,-0.029049064964056015,0.6030638217926025
1166,42.814212799072266,25.898054122924805,0.49153754115104675,0.20374846458435059,-0.0631876140832901,0.5771687030792236
1167,42.55387496948242,25.06781005859375,0.4926125109195709,0.20359794795513153,0.0412023589015007,0.578884482383728
1168,42.42841720581055,25.090818405151367,0.49265003204345703,0.2034483104944229,-0.013388535007834435,0.5883065462112427
1169,42.749515533447266,26.04945182800293,0.49428752064704895,0.2033320963382721,-0.04941302910447121,0.601881742477417
1170,42.5340576171875,25.330785751342773,0.4934125244617462,0.2031981498003006,-0.061125461012125015,0.5985913872718811
1171,42.370765686035156,25.4114990234375,0.4949375092983246,0.20309528708457947,-0.0788048580288887,0.6024424433708191
1172,42.45653533935547,24.99202537536621,0.49740004539489746,0.20304247736930847,-0.0767717957496643,0.5962491035461426
1173,42.61505889892578,25.58297348022461,0.5018125176429749,0.20307926833629608,-0.09340544044971466,0.6134302020072937
1174,42.31603240966797,24.27407455444336,0.5033125281333923,0.2031465470790863,-0.0590694434940815,0.6087321043014526
1175,41.92806625366211,23.963117599487305,0.5020625591278076,0.2031884491443634,-0.09017658978700638,0.5956211090087891
1176,42.46240234375,25.01101303100586,0.5041875243186951,0.20327353477478027,-0.10684657841920853,0.5992552042007446
1177,42.747276306152344,25.570409774780273,0.5023125410079956,0.20332054793834686,-0.04500947892665863,0.598844587802887
1178,42.33867645263672,24.7945499420166,0.5016750693321228,0.2033545970916748,-0.09895918518304825,0.6037022471427917
1179,42.568504333496094,25.098020553588867,0.49998751282691956,0.2033543437719345,-0.03214153274893761,0.5688774585723877
1180,42.716217041015625,25.511287689208984,0.49939998984336853,0.20334213972091675,-0.05384650081396103,0.6117266416549683
1181,42.55263900756836,25.24173355102539,0.5004125237464905,0.20335052907466888,-0.026171086356043816,0.5955650210380554
1182,42.363037109375,24.436861038208008,0.49861252307891846,0.20332230627536774,-0.05195940285921097,0.6069747805595398
1183,42.26283264160156,24.8764591217041,0.49682503938674927,0.203257754445076,-0.022018369287252426,0.588575005531311
1184,42.791839599609375,25.853282928466797,0.49425002932548523,0.20314088463783264,-0.047123681753873825,0.6005021333694458
1185,42.894046783447266,26.384096145629883,0.4915875494480133,0.2029699832201004,-0.042686838656663895,0.5777551531791687
1186,42.731346130371094,25.647951126098633,0.4904250204563141,0.20277564227581024,-0.035712830722332,0.5793401598930359
1187,42.70688247680664,25.8674259185791,0.4914875030517578,0.2026030272245407,-0.06837905943393707,0.5862898230552673
1188,42.662086486816406,25.722135543823242,0.5004875659942627,0.20261290669441223,-0.07312948256731033,0.6018844246864319
1189,42.733768463134766,25.590282440185547,0.49701252579689026,0.20255237817764282,-0.07643882930278778,0.6097259521484375
1190,42.6206169128418,25.255178451538086,0.5063375234603882,0.20268073678016663,-0.09694314002990723,0.5781855583190918
1191,42.39873504638672,24.211618423461914,0.5080000162124634,0.20284289121627808,-0.08058585971593857,0.6053076386451721
1192,42.46371841430664,24.649856567382812,0.5115625262260437,0.20307742059230804,-0.08392995595932007,0.6246789693832397
1193,42.3503303527832,24.548446655273438,0.5116375088691711,0.20331375300884247,-0.05264686048030853,0.6455463767051697
1194,42.67668533325195,25.055150985717773,0.5069250464439392,0.20345453917980194,-0.04814409092068672,0.6407694816589355
1195,42.8166618347168,25.93529510498047,0.5041124820709229,0.2035382091999054,-0.060893625020980835,0.6133877038955688
1196,42.01753616333008,23.89396858215332,0.5025625228881836,0.20359037816524506,-0.06767556816339493,0.6281468868255615
1197,42.79930114746094,25.97088050842285,0.4954250156879425,0.20349723100662231,-0.014086665585637093,0.6130586862564087
1198,42.39167022705078,24.86223793029785,0.495525062084198,0.2034061700105667,-0.03920619562268257,0.5667212009429932
1199,42.927276611328125,26.185443878173828,0.49877503514289856,0.2033812552690506,-0.03180599585175514,0.5726369023323059
1200,42.781375885009766,26.096206665039062,0.49320000410079956,0.2032429575920105,-0.06558822840452194,0.6156899929046631
1201,42.21603775024414,24.86380386352539,0.49387502670288086,0.2031184732913971,-0.06574459373950958,0.6245430707931519
1202,42.75075912475586,25.909452438354492,0.4902375042438507,0.20292016863822937,-0.09820806235074997,0.5897448062896729
1203,42.68090057373047,25.690387725830078,0.4939500391483307,0.20279739797115326,-0.11365944147109985,0.5980660915374756
1204,42.20367431640625,24.669925689697266,0.49445003271102905,0.20268484950065613,-0.08646856993436813,0.6290774941444397
1205,42.64459991455078,25.850608825683594,0.4984000027179718,0.20265242457389832,-0.1081601157784462,0.6013235449790955
1206,42.16143035888672,24.389379501342773,0.4942125380039215,0.20253513753414154,-0.09174814820289612,0.6038289666175842
1207,43.51510238647461,27.675085067749023,0.5005750060081482,0.20254677534103394,-0.09198887646198273,0.5867075324058533
1208,42.510921478271484,25.23460578918457,0.5015000104904175,0.202577143907547,-0.02706615999341011,0.5900973677635193
1209,42.48050308227539,24.85786247253418,0.5091750621795654,0.20276302099227905,-0.01188934687525034,0.61210036277771
1210,42.40321731567383,24.650108337402344,0.5109625458717346,0.20298530161380768,-0.01982443407177925,0.5966287851333618
1211,42.596221923828125,25.178157806396484,0.5005249977111816,0.20299595594406128,-0.030878109857439995,0.5917103290557861
1212,42.601749420166016,25.12816619873047,0.497825026512146,0.2029518038034439,-0.028782125562429428,0.6098178625106812
1213,42.419376373291016,24.86426544189453,0.49992501735687256,0.20295028388500214,-0.018970433622598648,0.5737094283103943
1214,42.66779327392578,25.362186431884766,0.49822503328323364,0.2029142528772354,-0.04817567765712738,0.5962315797805786
1215,42.68680953979492,25.820825576782227,0.49096253514289856,0.20273087918758392,-0.04593273997306824,0.5938284397125244
1216,42.658294677734375,25.713897705078125,0.48940005898475647,0.20251598954200745,-0.045048877596855164,0.5946770310401917
1217,42.40586853027344,25.254592895507812,0.4926125407218933,0.20236638188362122,-0.04707939550280571,0.5939055681228638
1218,42.79975509643555,26.440330505371094,0.4919250011444092,0.2022029608488083,-0.09744961559772491,0.5914568901062012
1219,42.494449615478516,25.339405059814453,0.49611255526542664,0.20212435722351074,-0.0937192291021347,0.570734441280365
1220,42.553565979003906,25.253948211669922,0.4971875548362732,0.2020675241947174,-0.10137976706027985,0.6017136573791504
1221,42.649925231933594,25.45722770690918,0.4945625364780426,0.20195764303207397,-0.08956737816333771,0.5899428725242615
1222,42.56513214111328,25.47905921936035,0.4944375157356262,0.20184530317783356,-0.05534159764647484,0.6013616323471069
1223,42.4810791015625,25.243175506591797,0.5001749992370605,0.2018488347530365,-0.09323544800281525,0.5808752179145813
1224,42.787811279296875,25.666454315185547,0.4993250370025635,0.20183521509170532,-0.059098441153764725,0.5949196219444275
1225,42.303043365478516,24.518747329711914,0.504675030708313,0.20192958414554596,-0.04847891256213188,0.6064150333404541
1226,42.257591247558594,24.584613800048828,0.5001500248908997,0.2019326239824295,-0.040383949875831604,0.6144869327545166
1227,42.592552185058594,25.05792999267578,0.5046500563621521,0.20202653110027313,-0.07380092144012451,0.602918803691864
1228,42.79722595214844,26.1901912689209,0.5003499984741211,0.2020336091518402,-0.03895946592092514,0.5746299028396606
1229,42.41676330566406,24.687530517578125,0.5007500052452087,0.20204876363277435,-0.06568640470504761,0.5950490236282349
1230,42.71158218383789,25.317384719848633,0.5045750141143799,0.20214121043682098,-0.03672352060675621,0.6208476424217224
1231,42.7464599609375,25.998634338378906,0.5029500126838684,0.20220084488391876,-0.06542432308197021,0.6287193894386292
1232,42.37730026245117,24.64164924621582,0.5002625584602356,0.20220614969730377,-0.0858091339468956,0.6013361215591431
1233,42.34033203125,24.8793888092041,0.5017625093460083,0.20224177837371826,-0.06269767880439758,0.6092401146888733
1234,42.44050216674805,24.95443344116211,0.49951252341270447,0.20223191380500793,-0.07776910811662674,0.6269711852073669
1235,42.399776458740234,24.97618293762207,0.49980002641677856,0.2022278606891632,-0.08815597742795944,0.6146497130393982
1236,42.26762390136719,24.928905487060547,0.5000874996185303,0.20222961902618408,-0.0827338695526123,0.5904558300971985
1237,42.60527801513672,25.515466690063477,0.5019500255584717,0.2022690623998642,-0.059046126902103424,0.594683051109314
1238,42.25790023803711,24.58794593811035,0.5032000541687012,0.20233377814292908,-0.04354075342416763,0.592048704624176
1239,42.689613342285156,25.301103591918945,0.5031875371932983,0.20239827036857605,-0.061774272471666336,0.5889918208122253
1240,42.673057556152344,25.190204620361328,0.5004500150680542,0.20240738987922668,-0.04933147132396698,0.58991938829422
1241,42.40174865722656,24.975709915161133,0.4999750256538391,0.2024068832397461,-0.051098842173814774,0.5930199027061462
1242,42.27873229980469,24.808517456054688,0.4949375092983246,0.2023044228553772,-0.0400838628411293,0.5907482504844666
1243,42.646366119384766,25.39203453063965,0.5031124949455261,0.2023673951625824,-0.046237800270318985,0.5852064490318298
1244,42.562217712402344,25.712472915649414,0.49623754620552063,0.20229126513004303,-0.054033152759075165,0.5969197750091553
1245,42.96896743774414,26.060293197631836,0.4984625279903412,0.20226016640663147,-0.036401983350515366,0.568794846534729
1246,42.426734924316406,25.029048919677734,0.49240005016326904,0.20210644602775574,-0.06746936589479446,0.5932033061981201
1247,42.51656723022461,25.27739715576172,0.4979500472545624,0.20206502079963684,-0.04251445084810257,0.5977746248245239
1248,42.46044921875,25.028867721557617,0.49953749775886536,0.2020556777715683,-0.06100616231560707,0.6207296848297119
1249,42.60124206542969,25.618852615356445,0.4916500449180603,0.20188696682453156,-0.05884547159075737,0.6027721166610718
1250,42.5304069519043,25.129350662231445,0.4996625483036041,0.20188015699386597,-0.05902062729001045,0.5895684957504272
1251,42.51202392578125,25.131723403930664,0.4999000132083893,0.2018781304359436,-0.07674762606620789,0.5914188027381897
1252,42.7003173828125,25.328975677490234,0.5018875598907471,0.20191623270511627,-0.10135338455438614,0.5906177163124084
1253,42.445457458496094,24.533723831176758,0.5012000203132629,0.20194047689437866,-0.04604915902018547,0.638509213924408
1254,42.31461715698242,25.032766342163086,0.50142502784729,0.20196925103664398,-0.05701448395848274,0.5870518684387207
1255,42.47145080566406,25.084245681762695,0.5026125311851501,0.2020220309495926,-0.04414733871817589,0.5936260223388672
1256,42.67194366455078,25.9088077545166,0.5003750324249268,0.20202961564064026,-0.04226385056972504,0.6193243861198425
1257,42.604312896728516,25.345375061035156,0.5048375725746155,0.2021273523569107,-0.06563001871109009,0.5947549343109131
1258,42.5578498840332,25.592283248901367,0.49931252002716064,0.20211346447467804,-0.0471983328461647,0.615761399269104
1259,42.266517639160156,24.672224044799805,0.49598753452301025,0.20203235745429993,-0.0470576174557209,0.5950620174407959
1260,42.398109436035156,25.100299835205078,0.49688753485679626,0.2019694745540619,-0.062329668551683426,0.6188647150993347
1261,42.36607360839844,25.288049697875977,0.4961000382900238,0.2018907070159912,-0.042934466153383255,0.5955019593238831
1262,42.3611946105957,25.118213653564453,0.49615004658699036,0.2018129825592041,-0.08331204205751419,0.5874462127685547
1263,42.47361755371094,25.280107498168945,0.5009000301361084,0.2018311470746994,-0.0742943212389946,0.6027543544769287
1264,42.573036193847656,25.749256134033203,0.49877500534057617,0.2018064260482788,-0.07078754901885986,0.5899158716201782
1265,42.46600341796875,24.73596954345703,0.5017750263214111,0.20184224843978882,-0.05846775695681572,0.6264386773109436
1266,42.5421028137207,25.228132247924805,0.5050375461578369,0.20194393396377563,-0.07743130624294281,0.6094873547554016
1267,42.33202362060547,24.833892822265625,0.5085250735282898,0.20211608707904816,-0.068115234375,0.5807268619537354
1268,42.33797836303711,24.762996673583984,0.5053375363349915,0.20222395658493042,-0.040126509964466095,0.5898670554161072
1269,42.337242126464844,24.74712562561035,0.5059750080108643,0.20234477519989014,-0.11382883787155151,0.6029550433158875
1270,42.82399368286133,25.724857330322266,0.5075250267982483,0.20249703526496887,-0.08424367010593414,0.5855351090431213
1271,42.450965881347656,25.177661895751953,0.5056750178337097,0.20261196792125702,-0.0679084062576294,0.62473064661026
1272,42.60226821899414,25.179229736328125,0.5054000616073608,0.20272138714790344,-0.06615185737609863,0.6112996935844421
1273,42.47774887084961,25.4189453125,0.4978874921798706,0.20267856121063232,-0.08503810316324234,0.5863047242164612
1274,42.89118957519531,26.245023727416992,0.49726253747940063,0.20262306928634644,-0.06243084371089935,0.6098374724388123
1275,42.55027389526367,25.155324935913086,0.4973125159740448,0.20256860554218292,-0.045423224568367004,0.6038088202476501
1276,42.56139373779297,25.765060424804688,0.49861252307891846,0.20254050195217133,-0.07331400364637375,0.5915592908859253
1277,42.191951751708984,24.473108291625977,0.4958000183105469,0.20245544612407684,-0.06338181346654892,0.6120132207870483
1278,42.5473747253418,25.554767608642578,0.49582502245903015,0.20237092673778534,-0.05492505431175232,0.613762617111206
1279,42.878509521484375,26.38504981994629,0.49746251106262207,0.20231957733631134,-0.03545886278152466,0.5882652997970581
1280,42.758575439453125,25.528797149658203,0.49416249990463257,0.2022014707326889,-0.03349748253822327,0.5877438187599182
1281,42.51302719116211,25.146312713623047,0.49713754653930664,0.202143594622612,-0.02568919211626053,0.5923132300376892
1282,42.672916412353516,25.92096710205078,0.49383750557899475,0.20201902091503143,-0.030658891424536705,0.5819950699806213
1283,42.4584846496582,25.04587173461914,0.4960375428199768,0.20193897187709808,-0.040797848254442215,0.5859091281890869
1284,41.863765716552734,23.335866928100586,0.49692502617836,0.20187687873840332,-0.06436813622713089,0.61298668384552
1285,41.962074279785156,23.4592342376709,0.493925005197525,0.20175424218177795,-0.06301543116569519,0.6047839522361755
1286,42.43901824951172,25.005191802978516,0.5008625388145447,0.20177166163921356,-0.07108499854803085,0.6070107221603394
1287,42.58308029174805,25.184410095214844,0.4991375505924225,0.20175425708293915,-0.10198138654232025,0.6041346192359924
1288,42.187095642089844,24.781587600708008,0.5032250285148621,0.2018193155527115,-0.07394374907016754,0.6023288369178772
1289,42.5546989440918,25.33896827697754,0.49803751707077026,0.20177970826625824,-0.10305768251419067,0.5718771815299988
1290,42.50130844116211,25.69036293029785,0.4996250569820404,0.20177213847637177,-0.06043456494808197,0.5961409211158752
1291,42.486656188964844,25.328567504882812,0.5054125785827637,0.20188133418560028,-0.07271067053079605,0.6136413216590881
1292,42.894248962402344,26.098468780517578,0.5051500201225281,0.20198529958724976,-0.060512881726026535,0.6061542630195618
1293,42.83021545410156,25.822343826293945,0.5056999921798706,0.20210044085979462,-0.05564361810684204,0.6000055074691772
1294,42.464332580566406,24.783906936645508,0.5075250267982483,0.20225250720977783,-0.10223948210477829,0.5962613224983215
1295,42.56665802001953,25.340986251831055,0.504925012588501,0.2023521065711975,-0.039798278361558914,0.6084562540054321
1296,42.377471923828125,25.013992309570312,0.5003625154495239,0.20235943794250488,-0.01582683064043522,0.575272798538208
1297,42.88024139404297,25.856945037841797,0.5023624897003174,0.20240725576877594,-0.05519956350326538,0.5949068069458008
1298,42.58230972290039,25.253950119018555,0.49697500467300415,0.20234602689743042,-0.04124828800559044,0.6128094792366028
1299,42.85951232910156,26.220897674560547,0.49445003271102905,0.20223373174667358,-0.03611021488904953,0.5924581289291382
1300,42.45448303222656,25.298385620117188,0.49590003490448,0.20215080678462982,-0.08012738078832626,0.6011932492256165
1301,42.30498123168945,24.70451545715332,0.4916750192642212,0.2019825130701065,-0.06812439858913422,0.6194747686386108
1302,42.550540924072266,25.627910614013672,0.4937625229358673,0.20185652375221252,-0.05948971211910248,0.5990193486213684
1303,42.154457092285156,24.326303482055664,0.493862509727478,0.20173263549804688,-0.10075366497039795,0.5978623628616333
1304,42.41316223144531,25.136516571044922,0.49818751215934753,0.20169606804847717,-0.04969754442572594,0.6031135320663452
1305,42.43581008911133,25.10843849182129,0.5009125471115112,0.20171448588371277,-0.07287629693746567,0.6177337169647217
1306,42.64441680908203,25.25282096862793,0.5047374963760376,0.2018100470304489,-0.044981699436903,0.6388429999351501
1307,42.450042724609375,25.05662727355957,0.5020250082015991,0.20185092091560364,-0.0428285077214241,0.5923342108726501
1308,42.739173889160156,25.581125259399414,0.5037375092506409,0.2019263505935669,-0.06305871903896332,0.6475093960762024
1309,42.68212127685547,25.374187469482422,0.5042500495910645,0.20201216638088226,-0.0322602242231369,0.604238748550415
1310,42.460853576660156,25.26357078552246,0.4984625577926636,0.20198111236095428,-0.04078933224081993,0.5874461531639099
1311,42.835384368896484,25.882802963256836,0.4988125264644623,0.20195713639259338,-0.0337141677737236,0.5844529867172241
1312,42.5452995300293,25.0896053314209,0.49528753757476807,0.20186196267604828,-0.06485798954963684,0.5895355343818665
1313,42.30576705932617,24.826759338378906,0.4967125356197357,0.20179560780525208,-0.05711100995540619,0.5673912167549133
1314,42.410526275634766,24.918228149414062,0.49800002574920654,0.20175525546073914,-0.02796029858291149,0.5920127034187317
1315,42.188232421875,24.363012313842773,0.4979500472545624,0.2017139047384262,-0.03287651762366295,0.5898627042770386
1316,42.58955764770508,25.44228744506836,0.495775043964386,0.2016286849975586,-0.05898073688149452,0.5864089727401733
1317,42.537330627441406,25.440776824951172,0.4971500337123871,0.20157122611999512,-0.057956546545028687,0.5956273078918457
1318,42.2354850769043,24.389345169067383,0.5046875476837158,0.2016657143831253,-0.06973350048065186,0.593349039554596
1319,42.32131576538086,25.100894927978516,0.5012125372886658,0.2016901671886444,-0.06671478599309921,0.6002241373062134
1320,42.65401840209961,25.608415603637695,0.5023625493049622,0.20173782110214233,-0.0692935436964035,0.6081482172012329
1321,42.407833099365234,24.99346351623535,0.5050250291824341,0.20183919370174408,-0.038819435983896255,0.590546190738678
1322,42.24185562133789,24.898561477661133,0.5047625303268433,0.2019353210926056,-0.06131742149591446,0.6113513112068176
1323,42.37929916381836,24.5468692779541,0.5016750693321228,0.20196914672851562,-0.05003524199128151,0.5920639038085938
1324,42.350860595703125,25.04203224182129,0.5029125213623047,0.20202796161174774,-0.030893858522176743,0.6337877511978149
1325,42.35752487182617,24.903705596923828,0.4989500343799591,0.2020067423582077,-0.08031585067510605,0.5916659235954285
1326,42.42543411254883,24.82198715209961,0.49800002574920654,0.20196634531021118,-0.02107909880578518,0.6070601344108582
1327,42.68339157104492,25.309656143188477,0.5044875741004944,0.20205697417259216,-0.04492717981338501,0.6020696759223938
1328,42.800559997558594,25.74053192138672,0.49608752131462097,0.2019779235124588,-0.07553334534168243,0.5661026239395142
1329,42.232601165771484,24.53958511352539,0.4952625334262848,0.2018822431564331,-0.0471663773059845,0.6014568209648132
1330,42.75487518310547,25.730358123779297,0.496025025844574,0.20180200040340424,-0.0660277009010315,0.6009640693664551
1331,42.800201416015625,25.737661361694336,0.495587557554245,0.2017129510641098,-0.02821511961519718,0.6123209595680237
1332,42.301116943359375,24.66970443725586,0.4953625202178955,0.20161941647529602,-0.04857870191335678,0.5864413976669312
1333,42.23832702636719,24.602436065673828,0.4979000389575958,0.2015770822763443,-0.05426616966724396,0.616847574710846
1334,42.16770553588867,24.534992218017578,0.502875030040741,0.20163504779338837,-0.058340199291706085,0.5951501131057739
1335,42.443572998046875,25.408966064453125,0.5027875900268555,0.20169124007225037,-0.04214505851268768,0.6042488813400269
1336,42.4107666015625,25.31203269958496,0.5023624897003174,0.2017388939857483,-0.022792024537920952,0.5905635952949524
1337,42.130741119384766,24.233423233032227,0.5063750147819519,0.2018675059080124,-0.05295494943857193,0.5946422815322876
1338,42.68162155151367,25.29411506652832,0.5082250833511353,0.20203354954719543,-0.02592923305928707,0.6036496758460999
1339,42.10074234008789,24.36959457397461,0.5038750171661377,0.2021118402481079,-0.03357739374041557,0.5859746336936951
1340,42.4157600402832,24.863697052001953,0.4992375075817108,0.20209643244743347,-0.027180219069123268,0.5818873047828674
1341,42.26797866821289,24.68851661682129,0.49506253004074097,0.20199663937091827,-0.037119440734386444,0.5979447364807129
1342,42.11545944213867,24.066261291503906,0.49828749895095825,0.20196205377578735,-0.04159314185380936,0.5731982588768005
1343,42.20578384399414,24.25855255126953,0.49653753638267517,0.20189212262630463,-0.033616919070482254,0.5913995504379272
1344,42.26713562011719,24.6287841796875,0.4937874972820282,0.201766699552536,-0.023142028599977493,0.5855583548545837
1345,42.02214050292969,24.189729690551758,0.4954625070095062,0.201675146818161,-0.04136011376976967,0.5793852210044861
1346,42.33854675292969,24.9312801361084,0.4918375313282013,0.20151053369045258,-0.05491716042160988,0.5854987502098083
1347,42.68023681640625,25.88991928100586,0.4950750470161438,0.20141129195690155,-0.08950737118721008,0.6010841131210327
1348,42.4660530090332,25.562915802001953,0.4958375096321106,0.20132744312286377,-0.0334065705537796,0.608336865901947
1349,42.6275749206543,25.41838264465332,0.498287558555603,0.2012929618358612,-0.06410044431686401,0.612505316734314
1350,42.72858428955078,26.003015518188477,0.5041750073432922,0.2013769894838333,-0.06268733739852905,0.5971912741661072
1351,42.78448486328125,25.778562545776367,0.503837525844574,0.2014542669057846,-0.09594953805208206,0.5866978168487549
1352,42.23624038696289,24.515771865844727,0.5013375282287598,0.20148120820522308,-0.08173812925815582,0.611009418964386
1353,42.45357131958008,25.199892044067383,0.4990375339984894,0.2014618068933487,-0.0661851316690445,0.5885783433914185
1354,42.46218490600586,24.93474578857422,0.5032625198364258,0.20152753591537476,-0.054982494562864304,0.5867610573768616
1355,42.28562927246094,24.628087997436523,0.5004749894142151,0.2015371024608612,-0.03994864970445633,0.6140002608299255
1356,42.2546272277832,24.514429092407227,0.5007750391960144,0.20155271887779236,-0.05322347208857536,0.6040447950363159
1357,42.2435188293457,24.679933547973633,0.49838754534721375,0.20152021944522858,-0.048860881477594376,0.6159370541572571
1358,42.40641784667969,25.35720443725586,0.4961875379085541,0.2014433890581131,-0.06700174510478973,0.5875704288482666
1359,42.40458679199219,25.139846801757812,0.4987500309944153,0.2014182060956955,-0.044886115938425064,0.5766590237617493
1360,42.477684020996094,25.307029724121094,0.4977875351905823,0.2013736367225647,-0.06372204422950745,0.608200192451477
1361,42.295379638671875,25.270837783813477,0.49531251192092896,0.20127925276756287,-0.07135358452796936,0.6004778146743774
1362,42.75367736816406,26.30280876159668,0.4948125183582306,0.20117484033107758,-0.09987752139568329,0.5701228976249695
1363,42.80105972290039,25.906051635742188,0.4926375448703766,0.20102672278881073,-0.07593962550163269,0.5791400074958801
1364,42.25343322753906,24.448179244995117,0.49892503023147583,0.20100510120391846,-0.03797512128949165,0.6035178303718567
1365,42.36064910888672,24.92158317565918,0.499287486076355,0.20099078118801117,-0.055350396782159805,0.5791200399398804
1366,42.83522415161133,26.08072280883789,0.5002375245094299,0.2009955495595932,-0.10301262885332108,0.5895962119102478
1367,42.266239166259766,24.44102668762207,0.5056250095367432,0.20110861957073212,-0.08308704197406769,0.6066176295280457
1368,42.55701446533203,25.29549789428711,0.5073375105857849,0.2012561857700348,-0.0737064927816391,0.6153349876403809
1369,42.169010162353516,24.219860076904297,0.5086125135421753,0.20142953097820282,-0.04333812743425369,0.6056774258613586
1370,42.15340042114258,23.89151954650879,0.5061625242233276,0.20155367255210876,-0.0741649642586708,0.6091101765632629
1371,42.502620697021484,25.1029052734375,0.5009250044822693,0.20157231390476227,-0.09539663791656494,0.5778924226760864
1372,42.6312255859375,25.9720458984375,0.4971000552177429,0.2015138566493988,-0.08575635403394699,0.596560537815094
1373,42.356407165527344,24.921606063842773,0.49208754301071167,0.20135441422462463,-0.03962717577815056,0.61088627576828
1374,42.61983871459961,25.536788940429688,0.49818751215934753,0.2013179212808609,-0.0914173573255539,0.5978096127510071
1375,42.28361892700195,25.04818344116211,0.49223753809928894,0.20116165280342102,-0.08779586851596832,0.5960453748703003
1376,42.249141693115234,24.62001609802246,0.4954000413417816,0.20106913149356842,-0.04534854739904404,0.6018246412277222
1377,42.22169494628906,24.990615844726562,0.4993000030517578,0.20105506479740143,-0.06970660388469696,0.5703363418579102
1378,42.72087860107422,25.65744972229004,0.5028875470161438,0.20111311972141266,-0.06538115441799164,0.5924779176712036
1379,42.92136764526367,26.371095657348633,0.5042875409126282,0.20119935274124146,-0.052663374692201614,0.6041001081466675
1380,42.202964782714844,24.58045196533203,0.5048499703407288,0.20129692554473877,-0.0841987207531929,0.6123756766319275
1381,42.46720886230469,24.865604400634766,0.5104750394821167,0.2015077769756317,-0.054263271391391754,0.6098059415817261
1382,42.58245086669922,25.16684341430664,0.509112536907196,0.2016914039850235,-0.06381327658891678,0.5771158337593079
1383,42.912540435791016,26.1262149810791,0.5035250186920166,0.20176249742507935,-0.06244366616010666,0.6017237305641174
1384,42.154754638671875,24.35596466064453,0.5084375143051147,0.20193274319171906,-0.06911084800958633,0.5965191721916199
1385,42.7725830078125,25.651941299438477,0.5025750398635864,0.2019847333431244,-0.03591306507587433,0.5784391164779663
1386,42.45257568359375,25.426902770996094,0.4936250150203705,0.20185597240924835,-0.05917375534772873,0.5887311697006226
1387,42.58502960205078,25.718910217285156,0.497762531042099,0.2018108069896698,-0.03846060857176781,0.5898506045341492
1388,42.459632873535156,24.811206817626953,0.49695003032684326,0.20174925029277802,-0.051239918917417526,0.5687366724014282
1389,42.518733978271484,25.427770614624023,0.49768751859664917,0.20170259475708008,-0.0603322871029377,0.5761908888816833
1390,42.57918930053711,25.521669387817383,0.5030125379562378,0.2017633616924286,-0.06963642686605453,0.5962806940078735
1391,42.523475646972656,24.845937728881836,0.4978500008583069,0.2017199844121933,-0.0097443712875247,0.5728029012680054
1392,43.020057678222656,26.460655212402344,0.5039874911308289,0.2018004208803177,-0.06219637393951416,0.5777766108512878
1393,42.2672004699707,24.461383819580078,0.5040000081062317,0.20188112556934357,-0.03566145524382591,0.5855802893638611
1394,42.474708557128906,25.209392547607422,0.5044000148773193,0.2019699513912201,-0.05748558044433594,0.6152349710464478
1395,42.42848205566406,24.78898048400879,0.5046875476837158,0.2020646184682846,-0.04809726029634476,0.5863432288169861
1396,42.064857482910156,24.219533920288086,0.4963875412940979,0.20199161767959595,-0.03870673105120659,0.5948750972747803
1397,42.429161071777344,25.382299423217773,0.5017375349998474,0.20202672481536865,-0.04106852412223816,0.60052490234375
1398,42.60095977783203,25.76915168762207,0.49517500400543213,0.2019292414188385,-0.08000282943248749,0.5930277705192566
1399,42.700260162353516,26.190462112426758,0.4962625503540039,0.20185378193855286,-0.08470900356769562,0.5950167775154114
1400,42.316226959228516,25.17658042907715,0.4980125427246094,0.20181366801261902,-0.06923269480466843,0.591443657875061
1401,42.282535552978516,24.3328914642334,0.49873754382133484,0.20178818702697754,-0.0629647970199585,0.5897635221481323
1402,42.5743522644043,25.488723754882812,0.5003500580787659,0.20179526507854462,-0.09293409436941147,0.5978525876998901
1403,42.1458854675293,24.342121124267578,0.5050500631332397,0.20189715921878815,-0.09079183638095856,0.5987753868103027
1404,42.34274673461914,24.88277816772461,0.5017625093460083,0.20193272829055786,-0.06775059551000595,0.6113280057907104
1405,42.393524169921875,24.90509033203125,0.4994625449180603,0.20192186534404755,-0.09335159510374069,0.6120585203170776
1406,42.41598129272461,25.246402740478516,0.5021125674247742,0.20196451246738434,-0.056320011615753174,0.6215997338294983
1407,42.32270431518555,24.82027816772461,0.5015625357627869,0.2019960731267929,-0.08669249713420868,0.6014602184295654
1408,42.59859085083008,25.67466926574707,0.5015125274658203,0.2020266354084015,-0.08621985465288162,0.6159559488296509
1409,42.58698654174805,25.523086547851562,0.501175045967102,0.20205038785934448,-0.09220895916223526,0.5867186784744263
1410,42.49495315551758,25.35099983215332,0.5026375651359558,0.20210368931293488,-0.08013825863599777,0.6076778769493103
1411,42.21236801147461,24.257427215576172,0.5005124807357788,0.2021140456199646,-0.047183044254779816,0.5928792953491211
1412,42.33492660522461,24.520370483398438,0.501412570476532,0.202142596244812,-0.031128156930208206,0.6265668272972107
1413,42.616085052490234,25.4146728515625,0.49223750829696655,0.2019856870174408,-0.05061176419258118,0.6007516384124756
1414,42.239322662353516,24.165130615234375,0.4950999915599823,0.20188671350479126,-0.07755200564861298,0.5770457983016968
1415,42.54330825805664,25.36206817626953,0.4989500343799591,0.20186550915241241,-0.027457229793071747,0.5852014422416687
1416,42.804725646972656,25.46348762512207,0.497700035572052,0.20181907713413239,-0.028869876638054848,0.5847373008728027
1417,43.034759521484375,26.337045669555664,0.49623751640319824,0.20174314081668854,-0.013540061190724373,0.5835356116294861
1418,42.91541290283203,25.787900924682617,0.5029000043869019,0.20180165767669678,-0.03606091067194939,0.6009336709976196
1419,42.532779693603516,24.764604568481445,0.5049875378608704,0.20190231502056122,-0.020574437454342842,0.6108341813087463
1420,42.81322479248047,25.776735305786133,0.5083750486373901,0.2020714282989502,-0.03942369669675827,0.6141515374183655
1421,42.50938034057617,25.037067413330078,0.5051000118255615,0.20217448472976685,-0.06472077965736389,0.5945761203765869
1422,42.57735824584961,25.167491912841797,0.5036749839782715,0.20224878191947937,-0.09244342893362045,0.6017266511917114
1423,42.47894287109375,24.922195434570312,0.5066750645637512,0.20238377153873444,-0.056851841509342194,0.6041218638420105
1424,42.17258071899414,24.321117401123047,0.5034375190734863,0.2024533450603485,-0.07523047924041748,0.6095066070556641
1425,42.663352966308594,25.92507553100586,0.49528753757476807,0.2023579478263855,-0.08235723525285721,0.599777102470398
1426,42.52641677856445,25.351572036743164,0.4912250339984894,0.2021803855895996,-0.08145298063755035,0.5884862542152405
1427,42.397708892822266,25.28975486755371,0.4940750300884247,0.20206059515476227,-0.04470115154981613,0.5713172554969788
1428,42.404659271240234,25.167034149169922,0.49028754234313965,0.2018643468618393,-0.06828200817108154,0.5778399705886841
1429,41.931236267089844,23.638120651245117,0.4864000380039215,0.20158980786800385,-0.05356922373175621,0.5805186033248901
1430,42.45369338989258,25.10727310180664,0.4955250322818756,0.2014995962381363,-0.021478531882166862,0.5828298330307007
1431,42.2497444152832,24.672496795654297,0.4948500096797943,0.20139582455158234,-0.03310481831431389,0.5956319570541382
1432,42.317543029785156,24.606599807739258,0.4941125214099884,0.2012772411108017,-0.036816131323575974,0.579472541809082
1433,42.426536560058594,24.507415771484375,0.49307504296302795,0.20113785564899445,-0.05071794241666794,0.5749773383140564
1434,42.537513732910156,25.610462188720703,0.49851253628730774,0.2011079341173172,-0.05396426469087601,0.6051648855209351
1435,42.55087661743164,25.235576629638672,0.49729999899864197,0.20105363428592682,-0.06278159469366074,0.6037495136260986
1436,42.32912826538086,24.982921600341797,0.5005625486373901,0.20106494426727295,-0.08846426010131836,0.5987951159477234
1437,42.68075942993164,25.492448806762695,0.5050874948501587,0.2011672407388687,-0.06203220784664154,0.5971612334251404
1438,42.60453414916992,25.61448097229004,0.5074875354766846,0.20131786167621613,-0.048471108078956604,0.6025081276893616
1439,42.30750274658203,24.699386596679688,0.5087125301361084,0.2014932632446289,-0.06847590953111649,0.5783515572547913
1440,42.52784729003906,25.342214584350586,0.5142624974250793,0.20178063213825226,-0.06199229136109352,0.608451783657074
1441,42.16395950317383,24.38796615600586,0.5089375376701355,0.2019609659910202,-0.04411055147647858,0.6580514907836914
1442,42.73298645019531,25.840728759765625,0.5039499998092651,0.20204074680805206,-0.05192560702562332,0.6079810857772827
1443,42.53572082519531,25.365995407104492,0.49791255593299866,0.20199857652187347,-0.10534074902534485,0.5876754522323608
1444,42.30248260498047,24.313289642333984,0.49980002641677856,0.20199453830718994,-0.048904504626989365,0.5926420092582703
1445,42.21118927001953,24.422853469848633,0.5032625198364258,0.20206044614315033,-0.08879652619361877,0.5955787301063538
1446,42.01398468017578,23.907459259033203,0.501924991607666,0.20209935307502747,-0.06377491354942322,0.5835540890693665
1447,42.15913391113281,24.458375930786133,0.5062500238418579,0.2022256702184677,-0.05469490587711334,0.5839499831199646
1448,42.62310028076172,25.52565574645996,0.5006625056266785,0.20223906636238098,-0.036077361553907394,0.6054220795631409
1449,42.48208236694336,25.117258071899414,0.5020250082015991,0.20228002965450287,-0.02603473886847496,0.567895770072937
1450,42.42097473144531,24.87306785583496,0.5029125213623047,0.20233893394470215,-0.029977545142173767,0.6015446186065674
1451,42.540157318115234,25.54155731201172,0.5002750158309937,0.20234450697898865,-0.059955328702926636,0.5859506726264954
1452,42.60775375366211,25.66915512084961,0.49330002069473267,0.20220893621444702,-0.020267551764845848,0.5841734409332275
1453,42.36392593383789,25.24313735961914,0.4943000078201294,0.2020936757326126,-0.05603652074933052,0.5813910961151123
1454,42.61140823364258,25.411808013916016,0.49192503094673157,0.2019304782152176,-0.043669432401657104,0.6032662987709045
1455,42.4766845703125,25.577138900756836,0.4946250319480896,0.2018219381570816,-0.0722820907831192,0.5910286903381348
1456,42.13127517700195,24.088539123535156,0.4954625368118286,0.20173035562038422,-0.08763197809457779,0.614151656627655
1457,42.567626953125,25.260629653930664,0.49307504296302795,0.2015906572341919,-0.07147807627916336,0.6112148761749268
1458,42.71367645263672,26.02926254272461,0.49726253747940063,0.20153546333312988,-0.06689348071813583,0.5829815864562988
1459,42.5984001159668,25.52775001525879,0.49847501516342163,0.20150473713874817,-0.054815370589494705,0.5990960001945496
1460,42.425106048583984,25.012630462646484,0.5035000443458557,0.20157526433467865,-0.04133135825395584,0.5793041586875916
1461,42.050296783447266,23.746976852416992,0.502875030040741,0.20163322985172272,-0.05227980017662048,0.6012011170387268
1462,42.68332290649414,25.53031349182129,0.503837525844574,0.20171059668064117,-0.05789325386285782,0.56712806224823
1463,42.45454025268555,24.948833465576172,0.5004250407218933,0.20171917974948883,-0.055715154856443405,0.5865710377693176
1464,42.41911697387695,25.166183471679688,0.49355003237724304,0.20158907771110535,-0.056749165058135986,0.6070097088813782
1465,42.25543212890625,24.694795608520508,0.49543753266334534,0.20149709284305573,-0.07337231934070587,0.5992233157157898
1466,42.441566467285156,25.121540069580078,0.4962500333786011,0.20142154395580292,-0.04527642950415611,0.6098800301551819
1467,42.47535705566406,25.299800872802734,0.49160006642341614,0.20125234127044678,-0.08243241906166077,0.584675669670105
1468,42.364803314208984,25.179039001464844,0.498537540435791,0.20122291147708893,-0.051102351397275925,0.600324273109436
1469,42.83753967285156,26.394840240478516,0.4968000054359436,0.2011585235595703,-0.08241371065378189,0.617595911026001
1470,42.41498565673828,24.99053192138672,0.4995500147342682,0.20114947855472565,-0.07041006535291672,0.6078941226005554
1471,42.52158737182617,24.99031639099121,0.5040000081062317,0.20122992992401123,-0.08399460464715958,0.6211278438568115
1472,42.49978256225586,25.39579200744629,0.50142502784729,0.2012585997581482,-0.04611850157380104,0.5994372367858887
1473,42.441200256347656,24.54537010192871,0.5098750591278076,0.20145735144615173,-0.043834589421749115,0.6075797080993652
1474,42.21820068359375,24.43929100036621,0.5103000402450562,0.20166485011577606,-0.06751115620136261,0.5925716161727905
1475,42.62572479248047,25.354862213134766,0.5086125135421753,0.20183853805065155,-0.02613353542983532,0.5854589939117432
1476,42.51551818847656,25.047971725463867,0.5025374889373779,0.201889768242836,-0.030031559988856316,0.5897879600524902
1477,42.4920768737793,25.43482208251953,0.5031875371932983,0.20195412635803223,-0.05449847877025604,0.6256110668182373
1478,42.80105209350586,26.223501205444336,0.4957500100135803,0.20186829566955566,-0.04724320024251938,0.5741158127784729
1479,42.401161193847656,25.47466468811035,0.4919250011444092,0.20170527696609497,-0.06357626616954803,0.6036373376846313
1480,42.53867721557617,25.548643112182617,0.4904625415802002,0.2015129029750824,-0.09219511598348618,0.5810428261756897
1481,42.503021240234375,25.49051284790039,0.4865625202655792,0.2012421190738678,-0.11157358437776566,0.6153497695922852
1482,42.58851623535156,25.528810501098633,0.4881000220775604,0.20100264251232147,-0.10968756675720215,0.601020872592926
1483,42.367244720458984,25.595333099365234,0.49592503905296326,0.2009207308292389,-0.08297937363386154,0.5867235660552979
1484,42.20411682128906,24.079715728759766,0.5012375712394714,0.20094558596611023,-0.08132561296224594,0.6106224060058594
1485,42.529632568359375,25.363994598388672,0.502512514591217,0.20099608600139618,-0.07070948928594589,0.5780381560325623
1486,42.28349304199219,24.560630798339844,0.5099250674247742,0.2011955827474594,-0.045070916414260864,0.5800660848617554
1487,42.70689392089844,25.706350326538086,0.5057374835014343,0.20131102204322815,-0.041258350014686584,0.626159131526947
1488,42.254661560058594,24.612884521484375,0.5135999917984009,0.20158478617668152,-0.052554499357938766,0.573540985584259
1489,42.429542541503906,24.981517791748047,0.5123250484466553,0.20183323323726654,-0.026843976229429245,0.6294768452644348
1490,42.417816162109375,24.82769012451172,0.5075750350952148,0.20198611915111542,-0.037345048040151596,0.5785799026489258
1491,42.206085205078125,24.587568283081055,0.5010499954223633,0.20200733840465546,-0.029695997014641762,0.5944313406944275
1492,42.657859802246094,25.519277572631836,0.4934000074863434,0.2018740177154541,-0.026033608242869377,0.5883437395095825
1493,42.49720764160156,25.194360733032227,0.48983752727508545,0.2016688585281372,-0.0398438386619091,0.5970710515975952
1494,42.02861022949219,24.327123641967773,0.48747503757476807,0.2014162689447403,-0.07420166581869125,0.5988191962242126
1495,42.58770751953125,25.39750099182129,0.4874750077724457,0.20116400718688965,-0.07424141466617584,0.5954354405403137
1496,42.12187576293945,24.519437789916992,0.48846253752708435,0.20093190670013428,-0.08700132369995117,0.5904151201248169
1497,42.9117431640625,26.31601905822754,0.4949375092983246,0.20083019137382507,-0.05075492337346077,0.6073948740959167
1498,42.533267974853516,25.229633331298828,0.501800000667572,0.20086634159088135,-0.06783630698919296,0.6104398965835571
1499,42.246604919433594,24.262243270874023,0.49810001254081726,0.2008281797170639,-0.07453487068414688,0.592414379119873
1500,42.358428955078125,25.040939331054688,0.5049875378608704,0.20092834532260895,-0.08382449299097061,0.5881178379058838
1501,42.45777893066406,24.723764419555664,0.5104125142097473,0.20113757252693176,-0.08244236558675766,0.6243324875831604
1502,42.33094024658203,24.806983947753906,0.5075750350952148,0.20128992199897766,-0.03984341397881508,0.6112937927246094
1503,42.502784729003906,24.739273071289062,0.5122874975204468,0.20153726637363434,-0.037786707282066345,0.5869156122207642
1504,42.27579116821289,24.334280014038086,0.5075750350952148,0.2016899287700653,-0.04873625189065933,0.6075007319450378
1505,42.2947998046875,24.80990219116211,0.5013375282287598,0.20171689987182617,-0.03548891469836235,0.6029083728790283
1506,42.3612174987793,25.167898178100586,0.5007500052452087,0.20173202455043793,-0.02288963459432125,0.5927771329879761
1507,42.43381881713867,25.721525192260742,0.48965001106262207,0.20152324438095093,-0.04479147121310234,0.5780472755432129
1508,42.467857360839844,25.714445114135742,0.49141252040863037,0.20135019719600677,-0.04454769194126129,0.6012051701545715
1509,42.41470718383789,25.103958129882812,0.4945875406265259,0.20124121010303497,-0.0648777186870575,0.6224997043609619
1510,42.289852142333984,24.990331649780273,0.4956875145435333,0.201154425740242,-0.06300988048315048,0.6090073585510254
1511,42.643680572509766,25.617504119873047,0.49608752131462097,0.2010757178068161,-0.10475660860538483,0.5978464484214783
1512,42.76116943359375,26.36203384399414,0.4984625577926636,0.20104481279850006,-0.09336527436971664,0.6149019002914429
1513,42.47456359863281,25.11461639404297,0.5076250433921814,0.20119810104370117,-0.06835298240184784,0.6459916830062866
1514,42.234466552734375,24.84290885925293,0.5074000358581543,0.2013469934463501,-0.09094792604446411,0.6119388341903687
1515,42.8886604309082,26.49798011779785,0.5086750388145447,0.20152166485786438,-0.05944007635116577,0.6227360367774963
1516,42.13130569458008,23.89929962158203,0.5130749940872192,0.201785147190094,-0.12465857714414597,0.626940906047821
1517,42.089534759521484,23.8313045501709,0.511412501335144,0.2020154446363449,-0.1021328791975975,0.588655412197113
1518,42.63460159301758,25.418977737426758,0.5084750652313232,0.20218664407730103,-0.04585836082696915,0.5907710194587708
1519,42.43889236450195,25.311016082763672,0.49935004115104675,0.20217350125312805,-0.07169608026742935,0.602339506149292
1520,42.60191345214844,25.311582565307617,0.4971250295639038,0.20211538672447205,-0.05960288643836975,0.6031742691993713
1521,42.532108306884766,25.173988342285156,0.4950125217437744,0.20201458036899567,-0.04130280017852783,0.5939582586288452
1522,42.3825798034668,24.965667724609375,0.4944375157356262,0.20190221071243286,-0.05708806961774826,0.6175357103347778
1523,42.45210647583008,24.924650192260742,0.4965750277042389,0.20183305442333221,-0.01585957407951355,0.5868296027183533
1524,42.74753952026367,25.561616897583008,0.4958125352859497,0.2017485350370407,-0.031169041991233826,0.6126835942268372
1525,42.52783203125,25.563228607177734,0.4950750470161438,0.20164917409420013,-0.054943814873695374,0.580317497253418
1526,42.057464599609375,23.855384826660156,0.4971500337123871,0.20159171521663666,-0.03853354975581169,0.5903183817863464
1527,42.48247146606445,25.139978408813477,0.49970003962516785,0.20158566534519196,-0.050877999514341354,0.5991971492767334
1528,42.426246643066406,24.716753005981445,0.4953375458717346,0.20149168372154236,-0.05343637242913246,0.5797153115272522
1529,42.17042541503906,24.23741340637207,0.5001500248908997,0.2014947086572647,-0.07791823893785477,0.6098345518112183
1530,42.80292510986328,25.610671997070312,0.49775001406669617,0.20144936442375183,-0.066083624958992,0.5949244499206543
1531,42.32697677612305,24.71683692932129,0.49265003204345703,0.20130130648612976,-0.07449287921190262,0.5986201763153076
1532,42.80955505371094,26.414472579956055,0.49562501907348633,0.20121324062347412,-0.09064981341362,0.5981546640396118
1533,42.69239807128906,25.81419563293457,0.49672502279281616,0.20114734768867493,-0.08014904707670212,0.6132116317749023
1534,42.23604965209961,24.704402923583984,0.4983375370502472,0.20111390948295593,-0.06873495131731033,0.5962032675743103
1535,42.30250930786133,24.76748275756836,0.5045125484466553,0.20120465755462646,-0.01967684179544449,0.5986124277114868
1536,42.593875885009766,25.15788459777832,0.504175066947937,0.20128865540027618,-0.044104743748903275,0.606852650642395
1537,42.46216583251953,25.250621795654297,0.5030500292778015,0.20135006308555603,-0.033548060804605484,0.602812647819519
1538,42.541465759277344,25.139019012451172,0.5094250440597534,0.20153982937335968,-0.03942304849624634,0.6132704019546509
1539,42.445064544677734,24.85849952697754,0.5035625100135803,0.20161162316799164,-0.07247835397720337,0.6240827441215515
1540,42.288307189941406,25.082794189453125,0.5029750466346741,0.20167161524295807,-0.06489445269107819,0.6187847852706909
1541,42.48945617675781,25.22547149658203,0.5033249855041504,0.20173867046833038,-0.07213544100522995,0.5940460562705994
1542,42.385623931884766,24.79834747314453,0.49746251106262207,0.20168748497962952,-0.061297282576560974,0.6308516263961792
1543,42.42451477050781,25.132417678833008,0.4937000274658203,0.20156042277812958,-0.0615396574139595,0.5779478549957275
1544,42.240909576416016,25.070592880249023,0.4934375286102295,0.2014281451702118,-0.05156250298023224,0.6102251410484314
1545,42.31103515625,24.74422264099121,0.4912625253200531,0.20125214755535126,-0.0346641018986702,0.5834370255470276
1546,42.4692268371582,25.135845184326172,0.49438753724098206,0.2011391967535019,-0.02853243052959442,0.5883418321609497
1547,42.26151657104492,24.266138076782227,0.5028625130653381,0.20119675993919373,-0.017826462164521217,0.5713339447975159
1548,42.33612060546875,24.504928588867188,0.5028125047683716,0.20125333964824677,-0.06218757852911949,0.5693476796150208
1549,42.437347412109375,24.734737396240234,0.5018125176429749,0.2012898027896881,-0.04525640979409218,0.5806294679641724
1550,42.864646911621094,25.84080696105957,0.50142502784729,0.20131847262382507,-0.04933487996459007,0.6201943159103394
1551,42.425201416015625,24.541622161865234,0.4994250535964966,0.20130689442157745,-0.01939729042351246,0.5852702260017395
1552,42.46840286254883,25.139328002929688,0.49508750438690186,0.2012079954147339,-0.06923729926347733,0.5665183067321777
1553,42.39480972290039,25.033037185668945,0.49563753604888916,0.20112021267414093,-0.060351576656103134,0.589412271976471
1554,42.20093536376953,24.64228057861328,0.4963875412940979,0.20104755461215973,-0.043317247182130814,0.5924879312515259
1555,42.29974365234375,24.95607566833496,0.489950031042099,0.20084550976753235,-0.08528274297714233,0.615408718585968
1556,42.23811340332031,24.935901641845703,0.4901750087738037,0.20064817368984222,-0.08257225155830383,0.5950666069984436
1557,42.08909225463867,24.184648513793945,0.49246251583099365,0.20049692690372467,-0.08607536554336548,0.5840494632720947
1558,42.644351959228516,25.830434799194336,0.496675044298172,0.2004302740097046,-0.029650865122675896,0.5666462779045105
1559,42.47897720336914,25.18103790283203,0.4960375428199768,0.20035085082054138,-0.08467838913202286,0.6356315612792969
1560,42.08757781982422,24.205074310302734,0.5050625205039978,0.2004522830247879,-0.031050877645611763,0.6020371317863464
1561,42.390411376953125,24.807157516479492,0.501087486743927,0.2004740685224533,-0.02569633722305298,0.5978088974952698
1562,42.32992172241211,24.65294647216797,0.5032250285148621,0.20053870975971222,-0.07553961127996445,0.5881124138832092
1563,42.26413345336914,24.699533462524414,0.5037250518798828,0.20061340928077698,-0.04757018759846687,0.5921232104301453
1564,42.25718688964844,24.934879302978516,0.4967750608921051,0.2005487084388733,-0.06443951278924942,0.5876911878585815
1565,42.493499755859375,25.413410186767578,0.49418753385543823,0.20043213665485382,-0.05587257817387581,0.5938661098480225
1566,42.53179168701172,25.543682098388672,0.4931875169277191,0.2002955973148346,-0.05411773920059204,0.5856462121009827
1567,42.45845031738281,25.441438674926758,0.4957875609397888,0.20021122694015503,-0.049011193215847015,0.5761931538581848
1568,42.28464889526367,25.275867462158203,0.4924125075340271,0.20005930960178375,-0.06515701115131378,0.5898507237434387
1569,42.50830841064453,25.3096866607666,0.4961000382900238,0.19998128712177277,-0.09501194953918457,0.5838070511817932
1570,42.49518966674805,25.118806838989258,0.49758756160736084,0.19993305206298828,-0.06033846363425255,0.6289746165275574
1571,42.35303497314453,24.84610366821289,0.5009250044822693,0.19995154440402985,-0.06428620964288712,0.5794757604598999
1572,42.369606018066406,24.842885971069336,0.5052500367164612,0.2000565230846405,-0.07650750875473022,0.5819253325462341
1573,41.85813522338867,23.44318389892578,0.5030750036239624,0.2001180499792099,-0.07707216590642929,0.5867437124252319
1574,42.090267181396484,24.37455940246582,0.5110000371932983,0.2003381997346878,-0.07373850047588348,0.6044654250144958
1575,42.842926025390625,25.619688034057617,0.5057000517845154,0.20045240223407745,-0.09557469189167023,0.5980714559555054
1576,42.84174346923828,25.989290237426758,0.504425048828125,0.20054110884666443,-0.06171078234910965,0.5973430275917053
1577,42.398223876953125,24.83981704711914,0.50718754529953,0.20068523287773132,-0.06957291066646576,0.5850332975387573
1578,42.604759216308594,25.681657791137695,0.4994250535964966,0.2006736844778061,-0.0640382394194603,0.5791834592819214
1579,42.34690856933594,24.824321746826172,0.4972500205039978,0.20061849057674408,-0.07914012670516968,0.5756010413169861
1580,42.40810012817383,25.438692092895508,0.49766257405281067,0.20057159662246704,-0.024877121672034264,0.5864341259002686
1581,42.35292434692383,24.83696937561035,0.49912506341934204,0.2005540430545807,-0.04644860327243805,0.5747214555740356
1582,42.836795806884766,25.97117805480957,0.4943125247955322,0.20043997466564178,-0.048014380037784576,0.5578839778900146
1583,42.87468338012695,25.804889678955078,0.49836254119873047,0.20040716230869293,-0.053407441824674606,0.610049843788147
1584,42.54636001586914,25.224300384521484,0.5001375079154968,0.2004099041223526,-0.03277311101555824,0.5574418306350708
1585,42.13311767578125,23.766931533813477,0.5027000308036804,0.20046401023864746,-0.038650136440992355,0.6163501739501953
1586,42.60451889038086,25.201026916503906,0.5022125244140625,0.20050835609436035,-0.06680332869291306,0.612260103225708
1587,42.91485595703125,26.14924430847168,0.5071125626564026,0.20065096020698547,-0.06738656014204025,0.6017804741859436
1588,42.36155700683594,24.669559478759766,0.5074000358581543,0.20079945027828217,-0.0639454573392868,0.5821086764335632
1589,42.18925094604492,24.353137969970703,0.4998500347137451,0.200796440243721,-0.1015348881483078,0.6044469475746155
1590,42.51853561401367,25.19009017944336,0.5091750025749207,0.20098067820072174,-0.1053462103009224,0.6244088411331177
1591,42.4139404296875,24.62795639038086,0.5009875297546387,0.20100051164627075,-0.10039772838354111,0.5902701020240784
1592,42.965843200683594,26.44414520263672,0.4996500015258789,0.20099347829818726,-0.07866765558719635,0.5912600755691528
1593,42.55672073364258,24.953582763671875,0.4999375343322754,0.20099222660064697,-0.08097333461046219,0.5974856615066528
1594,42.29392623901367,24.47418785095215,0.5033625364303589,0.20105981826782227,-0.06150149181485176,0.5877111554145813
1595,41.87431716918945,23.5759334564209,0.5031000375747681,0.20112213492393494,-0.049400925636291504,0.6182067394256592
1596,42.21780776977539,23.969894409179688,0.5079500079154968,0.20128202438354492,-0.017541518434882164,0.5843327045440674
1597,42.431758880615234,24.68291473388672,0.500825047492981,0.20129862427711487,0.010627401061356068,0.5847591161727905
1598,42.16673278808594,23.99187469482422,0.49803751707077026,0.20125912129878998,0.011074756272137165,0.5771871209144592
1599,42.11111831665039,23.84239959716797,0.4926500618457794,0.20111119747161865,-0.03286110609769821,0.5586560964584351
1600,42.348785400390625,24.60379409790039,0.492000013589859,0.20095030963420868,-5.463886554935016e-05,0.5649526715278625
1601,42.52857971191406,25.167022705078125,0.48737502098083496,0.20069661736488342,-0.030814791098237038,0.5593466758728027
1602,42.19408416748047,24.54116439819336,0.48475003242492676,0.20039056241512299,-0.03943754732608795,0.5768998861312866
1603,42.47023391723633,25.1159725189209,0.4848625063896179,0.20008723437786102,-0.08675778657197952,0.5857782363891602
1604,42.47549819946289,25.496522903442383,0.4816250205039978,0.19971957802772522,-0.07557686418294907,0.5929180383682251
1605,42.810909271240234,26.233901977539062,0.4963000416755676,0.19964568316936493,-0.09831707179546356,0.5799859762191772
1606,42.4647331237793,25.30974006652832,0.5006999969482422,0.19965966045856476,-0.0953245684504509,0.6057096719741821
1607,42.723976135253906,25.88396644592285,0.5025250315666199,0.19971007108688354,-0.1151651069521904,0.5880634188652039
1608,42.157615661621094,24.204622268676758,0.5121500492095947,0.19995272159576416,-0.10233261436223984,0.6097339987754822
1609,42.449893951416016,24.40094566345215,0.5158125162124634,0.20026887953281403,-0.08734801411628723,0.604120671749115
1610,42.353416442871094,24.170351028442383,0.5115000605583191,0.20049919188022614,-0.040939848870038986,0.5885195136070251
1611,42.37635803222656,24.890819549560547,0.5063499808311462,0.20062650740146637,-0.015369530767202377,0.5739487409591675
1612,42.843441009521484,25.446636199951172,0.5048125386238098,0.2007230520248413,-0.035289764404296875,0.5828822255134583
1613,42.74247360229492,25.26353645324707,0.5050750374794006,0.20082491636276245,-0.04171621799468994,0.6190125942230225
1614,42.903316497802734,26.203344345092773,0.49425002932548523,0.20070944726467133,-0.01752803474664688,0.5907246470451355
1615,42.566680908203125,25.386478424072266,0.49287500977516174,0.20056644082069397,-0.02492435649037361,0.5761397480964661
1616,42.8064079284668,25.799728393554688,0.49496251344680786,0.2004653960466385,-0.01194937527179718,0.5668769478797913
1617,42.277740478515625,24.75351905822754,0.49013751745224,0.20026768743991852,-0.04814711958169937,0.5849679112434387
1618,42.554683685302734,25.57315444946289,0.4907500147819519,0.2000824362039566,-0.05089163780212402,0.5829039812088013
1619,42.756500244140625,26.102014541625977,0.49211254715919495,0.19992461800575256,-0.037717316299676895,0.5783746242523193
1620,42.532798767089844,25.295324325561523,0.4962625503540039,0.1998499035835266,-0.060023706406354904,0.572706401348114
1621,42.818031311035156,25.9412841796875,0.4991125166416168,0.19983217120170593,-0.030599504709243774,0.5868350863456726
1622,42.889041900634766,26.095911026000977,0.5056250095367432,0.19994458556175232,-0.03887433931231499,0.6379130482673645
1623,42.50675964355469,24.817873001098633,0.5073624849319458,0.20009179413318634,-0.08827229589223862,0.5854665040969849
1624,42.2409553527832,24.430540084838867,0.508987545967102,0.2002716213464737,-0.08023936301469803,0.5803924202919006
1625,42.3862419128418,24.080751419067383,0.5095124840736389,0.20046213269233704,-0.07467662543058395,0.5893694162368774
1626,42.37385940551758,25.06671714782715,0.502387523651123,0.20050999522209167,-0.07771583646535873,0.6070428490638733
1627,42.14023208618164,24.390522003173828,0.5009000301361084,0.20052804052829742,-0.08875888586044312,0.591698944568634
1628,42.2166862487793,24.169078826904297,0.499500036239624,0.20051801204681396,-0.07330778241157532,0.6038054823875427
1629,42.52362060546875,25.770030975341797,0.49720004200935364,0.20046186447143555,-0.05974000692367554,0.5841056704521179
1630,42.49796676635742,25.67523193359375,0.49403753876686096,0.2003423422574997,-0.048190828412771225,0.5873259902000427
1631,42.60683059692383,25.611257553100586,0.49639999866485596,0.20027022063732147,-0.04963333532214165,0.5700438022613525
1632,42.00363540649414,24.14398765563965,0.5006375312805176,0.2002829909324646,-0.05474907159805298,0.5781677961349487
1633,42.367191314697266,24.84365463256836,0.5011749863624573,0.20030653476715088,-0.06515658646821976,0.5777028799057007
1634,41.96987533569336,24.049564361572266,0.5010250210762024,0.200327068567276,-0.024001672863960266,0.573173999786377
1635,42.01459884643555,24.083036422729492,0.5033875107765198,0.20039494335651398,-0.0513017363846302,0.6000037789344788
1636,42.5545654296875,25.379392623901367,0.5025250315666199,0.2004455327987671,-0.055952977389097214,0.6138667464256287
1637,42.115699768066406,24.30750846862793,0.5003625154495239,0.2004527896642685,-0.08451631665229797,0.5918941497802734
1638,42.564266204833984,25.856353759765625,0.5018625259399414,0.20049011707305908,-0.08522910624742508,0.6008722186088562
1639,42.4322395324707,25.223337173461914,0.4990125298500061,0.20047031342983246,-0.07426767796278,0.574501097202301
1640,42.47956848144531,25.396438598632812,0.5053000450134277,0.2005765587091446,-0.061987344175577164,0.611434817314148
1641,42.725807189941406,25.62903594970703,0.5071250200271606,0.20071947574615479,-0.0611284039914608,0.6155507564544678
1642,42.303672790527344,24.646528244018555,0.5107250213623047,0.2009347528219223,-0.08734145760536194,0.6182392835617065
1643,42.17755889892578,24.531347274780273,0.5112749934196472,0.20116131007671356,-0.05291971191763878,0.6062218546867371
1644,42.52364730834961,24.74713706970215,0.5101625323295593,0.20136573910713196,-0.06727580726146698,0.5937835574150085
1645,42.127357482910156,23.90315818786621,0.5099375247955322,0.20156584680080414,-0.009965449571609497,0.60654616355896
1646,42.33537673950195,24.78511619567871,0.5026500225067139,0.20161926746368408,-0.017600422725081444,0.5973057150840759
1647,42.18401336669922,24.074888229370117,0.5004875659942627,0.20162910223007202,-0.07735367119312286,0.5879577994346619
1648,42.36106872558594,25.04065704345703,0.4963875114917755,0.2015562653541565,-0.07328259199857712,0.596325695514679
1649,42.18079376220703,24.482385635375977,0.4944625496864319,0.20144465565681458,-0.04935239255428314,0.5913531184196472
1650,41.779510498046875,23.644119262695312,0.4910750389099121,0.2012648582458496,-0.08069290220737457,0.5732207894325256
1651,42.1447639465332,24.456344604492188,0.48936253786087036,0.2010507583618164,-0.07396004348993301,0.587993323802948
1652,42.82260513305664,26.24531364440918,0.48928752541542053,0.20083537697792053,-0.07702784985303879,0.5964510440826416
1653,42.718441009521484,25.79956817626953,0.4911375343799591,0.20065738260746002,-0.07332850992679596,0.5946873426437378
1654,42.464393615722656,24.98773193359375,0.49691250920295715,0.200595423579216,-0.04064963385462761,0.5844160914421082
1655,41.943843841552734,24.05197525024414,0.49813753366470337,0.20055806636810303,-0.03200632333755493,0.610920786857605
1656,42.314205169677734,24.838279724121094,0.5057875514030457,0.2006741464138031,-0.05893751606345177,0.5887534022331238
1657,42.225616455078125,24.249767303466797,0.5096625089645386,0.20086805522441864,-0.10525968670845032,0.6049792170524597
1658,42.430419921875,24.948740005493164,0.5122750401496887,0.20111462473869324,-0.05883272737264633,0.5925590395927429
1659,42.41960906982422,24.75424575805664,0.5072250366210938,0.20125994086265564,-0.09916257113218307,0.6240749359130859
1660,42.62530517578125,25.156455993652344,0.5084875226020813,0.2014307677745819,-0.0873362347483635,0.6301190257072449
1661,42.22312927246094,24.63503646850586,0.5062875151634216,0.20155741274356842,-0.09625290334224701,0.5703597068786621
1662,42.675880432128906,25.48357582092285,0.503462553024292,0.2016272097826004,-0.07762131094932556,0.6077054738998413
1663,42.50229263305664,25.277729034423828,0.49116256833076477,0.20144902169704437,-0.07221952080726624,0.5926659107208252
1664,42.54159164428711,25.132089614868164,0.49198755621910095,0.20128761231899261,-0.06504417955875397,0.5561655759811401
1665,42.59895706176758,25.75288200378418,0.49258753657341003,0.20113840699195862,-0.06613009423017502,0.6098624467849731
1666,42.49612808227539,25.3417911529541,0.4941375255584717,0.2010204792022705,-0.07681083679199219,0.5952031016349792
1667,42.982357025146484,26.481338500976562,0.49701252579689026,0.2009604275226593,-0.09572114795446396,0.5996606945991516
1668,42.14434051513672,24.348054885864258,0.502387523651123,0.2010084092617035,-0.07042079418897629,0.606532871723175
1669,42.296634674072266,24.59851837158203,0.5075750350952148,0.20116066932678223,-0.06938175112009048,0.5962345004081726
1670,42.30006408691406,24.889638900756836,0.5058000683784485,0.20127733051776886,-0.05964719504117966,0.6025216579437256
1671,42.366127014160156,25.000385284423828,0.5070250034332275,0.20141872763633728,-0.02886073850095272,0.5996924638748169
1672,42.541595458984375,24.948989868164062,0.5113875269889832,0.20164810121059418,-0.060871634632349014,0.6171175837516785
1673,42.7756462097168,25.419260025024414,0.5117375254631042,0.20188477635383606,-0.04860971122980118,0.610493540763855
1674,42.50559997558594,25.223350524902344,0.5062249898910522,0.20201045274734497,-0.0778595507144928,0.6066508889198303
1675,42.19791793823242,23.986282348632812,0.50718754529953,0.20215563476085663,-0.034312374889850616,0.5615919232368469
1676,42.4287223815918,24.8040771484375,0.5042750239372253,0.20224204659461975,-0.04818100854754448,0.5838459134101868
1677,42.504905700683594,24.99125862121582,0.4969625174999237,0.20218060910701752,-0.07950479537248611,0.5609258413314819
1678,42.45037078857422,24.969707489013672,0.49188753962516785,0.20201659202575684,-0.04419831559062004,0.596429705619812
1679,42.375118255615234,24.688589096069336,0.4883750379085541,0.2017817497253418,-0.04809218645095825,0.5841883420944214
1680,42.59257125854492,25.45890235900879,0.49278753995895386,0.20163622498512268,-0.03904512897133827,0.5790380835533142
1681,42.17304229736328,24.952247619628906,0.48721250891685486,0.20137837529182434,-0.0617465004324913,0.585188090801239
1682,42.476112365722656,25.139890670776367,0.4891500473022461,0.20115987956523895,-0.066438689827919,0.5706543326377869
1683,42.18752670288086,24.912673950195312,0.4929500222206116,0.2010180652141571,-0.03320569917559624,0.589043140411377
1684,42.28947830200195,25.097482681274414,0.4919125437736511,0.20085549354553223,-0.06100834161043167,0.5962677597999573
1685,42.430118560791016,25.224138259887695,0.498850017786026,0.20083239674568176,-0.05032527446746826,0.5922458171844482
1686,42.51276779174805,25.21449089050293,0.4999750256538391,0.20083189010620117,-0.06701663881540298,0.6311164498329163
1687,43.13565444946289,26.035175323486328,0.5101875066757202,0.2010364830493927,-0.057110030204057693,0.5950121879577637
1688,42.53387451171875,24.858407974243164,0.5079625248908997,0.201196551322937,-0.07629852741956711,0.590554416179657
1689,42.33900833129883,25.129484176635742,0.5079375505447388,0.20135624706745148,-0.054659679532051086,0.615410327911377
1690,42.436370849609375,24.956336975097656,0.5052125453948975,0.20146121084690094,-0.06283491849899292,0.6169832944869995
1691,42.3563117980957,24.793437957763672,0.5020125508308411,0.2015017569065094,-0.06825889647006989,0.6156070232391357
1692,42.31007385253906,24.42641258239746,0.4967000484466553,0.20143526792526245,-0.04557709023356438,0.5712339282035828
1693,42.53368377685547,25.264829635620117,0.49336251616477966,0.20130155980587006,-0.034012917429208755,0.5956127643585205
1694,42.1480827331543,24.3712158203125,0.49340003728866577,0.2011687010526657,-0.035259880125522614,0.5964322686195374
1695,42.40203094482422,24.78156852722168,0.48641252517700195,0.20089536905288696,-0.017103411257267,0.5850063562393188
1696,42.422035217285156,25.1668701171875,0.48903748393058777,0.2006751447916031,-0.01912655495107174,0.564138650894165
1697,42.551841735839844,25.39999008178711,0.49381253123283386,0.20055097341537476,-0.06644775718450546,0.5729186534881592
1698,42.8204345703125,25.649452209472656,0.49650001525878906,0.20048077404499054,-0.04518808051943779,0.6004299521446228
1699,43.06932830810547,26.326711654663086,0.5031874775886536,0.20054468512535095,-0.06818890571594238,0.6033021211624146
1700,42.305809020996094,24.505178451538086,0.5063875317573547,0.20067277550697327,-0.09033115208148956,0.5944263339042664
1701,42.605350494384766,25.212860107421875,0.5110499858856201,0.20089450478553772,-0.08170735836029053,0.5999777317047119
1702,42.11642074584961,23.9874324798584,0.5108500123023987,0.20111247897148132,-0.09402153640985489,0.6136336326599121
1703,42.05290985107422,24.063554763793945,0.5046625137329102,0.201206237077713,-0.08039437234401703,0.6210305690765381
1704,42.46187973022461,25.034509658813477,0.5047125220298767,0.20130105316638947,-0.09219895303249359,0.6216654777526855
1705,42.218746185302734,24.44878578186035,0.5036749839782715,0.20137503743171692,-0.06353610754013062,0.6140275597572327
1706,41.97271728515625,24.07882308959961,0.49381253123283386,0.20125043392181396,-0.076214499771595,0.5854641199111938
1707,42.51704788208008,25.031089782714844,0.4966500401496887,0.201183021068573,-0.052794549614191055,0.6112869381904602
1708,42.41041564941406,24.980703353881836,0.4874750077724457,0.20093104243278503,-0.046221788972616196,0.5707188248634338
1709,42.542118072509766,25.513853073120117,0.4889875054359436,0.2007097601890564,-0.06651999801397324,0.5717253088951111
1710,42.51642608642578,25.24364471435547,0.493862509727478,0.20058657228946686,-0.01010168343782425,0.5613471269607544
1711,42.39096450805664,25.099811553955078,0.49096253514289856,0.2004052996635437,-0.03417211398482323,0.5928454399108887
1712,41.90146255493164,23.997360229492188,0.49623754620552063,0.20032989978790283,-0.04443226009607315,0.6007606387138367
1713,42.74056625366211,25.890609741210938,0.49687498807907104,0.20026730000972748,-0.06802710890769958,0.5815067291259766
1714,42.41681671142578,25.124542236328125,0.4993375539779663,0.20025403797626495,-0.10263731330633163,0.5721973776817322
1715,42.642189025878906,25.57999038696289,0.5060750246047974,0.20037569105625153,-0.09562403708696365,0.6127393245697021
1716,42.72140121459961,25.63654327392578,0.5101875066757202,0.20057982206344604,-0.12489565461874008,0.6109269261360168
1717,42.6272087097168,25.044092178344727,0.5137875080108643,0.20085637271404266,-0.10619713366031647,0.6001882553100586
1718,42.881752014160156,26.359107971191406,0.5154000520706177,0.20116567611694336,-0.07711246609687805,0.6067696809768677
1719,42.41306686401367,24.9310245513916,0.5097000598907471,0.2013608068227768,-0.07345107942819595,0.6158316135406494
1720,41.985286712646484,23.837589263916016,0.5141250491142273,0.20164522528648376,-0.06280437856912613,0.5982014536857605
1721,42.19020080566406,24.39674186706543,0.5043125748634338,0.20173218846321106,-0.0585944764316082,0.6145154237747192
1722,42.34065628051758,24.53977394104004,0.5037000179290771,0.20180682837963104,-0.07275138795375824,0.5936289429664612
1723,42.29524612426758,24.831912994384766,0.49744999408721924,0.2017553746700287,-0.031175702810287476,0.5590929985046387
1724,42.50235366821289,24.953702926635742,0.4916500449180603,0.20158690214157104,-0.027593471109867096,0.5773670673370361
1725,42.37126541137695,24.704980850219727,0.48840001225471497,0.201353058218956,-0.040774255990982056,0.5672106742858887
1726,42.32777404785156,25.019134521484375,0.4863625168800354,0.20107845962047577,-0.0523887574672699,0.5829468369483948
1727,42.41495132446289,24.88284683227539,0.4854375123977661,0.20078563690185547,-0.062467508018016815,0.5891503095626831
1728,42.51935958862305,25.20226287841797,0.4910125434398651,0.20060518383979797,-0.04585522413253784,0.5897001028060913
1729,42.28820037841797,24.89510154724121,0.49528753757476807,0.2005106508731842,-0.06178911775350571,0.5752145648002625
1730,42.92881393432617,26.333694458007812,0.49470004439353943,0.20040437579154968,-0.054079797118902206,0.5854067802429199
1731,42.638145446777344,25.405282974243164,0.5024375319480896,0.2004532366991043,-0.05893241986632347,0.5783998966217041
1732,42.332977294921875,24.733238220214844,0.5123375058174133,0.2007005363702774,-0.08850665390491486,0.6083263158798218
1733,42.660560607910156,25.20263671875,0.5091375112533569,0.2008839249610901,-0.10188663005828857,0.5896979570388794
1734,42.5376091003418,25.381502151489258,0.5113375186920166,0.20111168920993805,-0.02915049158036709,0.5885549783706665
1735,42.342620849609375,24.727088928222656,0.5046000480651855,0.20120421051979065,-0.0932607650756836,0.5887999534606934
1736,42.46405792236328,24.83588981628418,0.501212477684021,0.20122860372066498,-0.044177573174238205,0.5714141130447388
1737,42.771968841552734,25.742633819580078,0.49810004234313965,0.20119036734104156,-0.01925535500049591,0.5874800086021423
1738,42.07614517211914,24.396251678466797,0.48935002088546753,0.20097610354423523,-0.01849464513361454,0.5766489505767822
1739,42.32666015625,24.87299919128418,0.49281251430511475,0.20083165168762207,-0.018923165276646614,0.5588763952255249
1740,42.9951171875,26.260038375854492,0.4902750551700592,0.2006363421678543,-0.05593768507242203,0.5635442137718201
1741,42.2154655456543,24.709003448486328,0.48919999599456787,0.20041966438293457,-0.04464463144540787,0.598109781742096
1742,42.27089309692383,24.890151977539062,0.48792505264282227,0.20017766952514648,-0.0530729703605175,0.5759789347648621
1743,42.72349166870117,25.800968170166016,0.49517500400543213,0.20008108019828796,-0.09572401642799377,0.5552010536193848
1744,42.390655517578125,25.29533576965332,0.4984625279903412,0.20005032420158386,-0.0619562491774559,0.5944604277610779
1745,42.60580825805664,25.558292388916016,0.5056999921798706,0.20016436278820038,-0.08357053250074387,0.6206247210502625
1746,42.30076599121094,24.955488204956055,0.5096875429153442,0.20035825669765472,-0.07817704975605011,0.6200050711631775
1747,42.66043472290039,25.390329360961914,0.5061250329017639,0.20048098266124725,-0.10492265969514847,0.6013359427452087
1748,42.84049987792969,25.810813903808594,0.5126624703407288,0.20073483884334564,-0.11438597738742828,0.5969719886779785
1749,42.31629943847656,24.463130950927734,0.513912558555603,0.20101411640644073,-0.10953543335199356,0.6111897826194763
1750,42.5783576965332,25.026588439941406,0.5138125419616699,0.2012917697429657,-0.11892271041870117,0.6332641243934631
1751,42.34292221069336,24.25066375732422,0.511150062084198,0.20151619613170624,-0.061460383236408234,0.6102674603462219
1752,42.1221923828125,24.511377334594727,0.5019875168800354,0.2015562355518341,-0.07681741565465927,0.6046940684318542
1753,42.499149322509766,24.981094360351562,0.499500036239624,0.20154616236686707,-0.06056562438607216,0.5775797367095947
1754,42.56839370727539,25.166759490966797,0.49947500228881836,0.20153558254241943,-0.03234710544347763,0.5967563390731812
1755,42.782493591308594,25.718631744384766,0.49807503819465637,0.20149677991867065,-0.02912198007106781,0.5884319543838501
1756,42.139793395996094,23.88312530517578,0.4945625364780426,0.2013872116804123,-0.026962459087371826,0.5594018697738647
1757,42.62242889404297,25.337739944458008,0.4909124970436096,0.20120421051979065,-0.02607272006571293,0.571214497089386
1758,42.449180603027344,25.042701721191406,0.4919125437736511,0.20104148983955383,-0.026630407199263573,0.5901427865028381
1759,42.5428466796875,25.21417808532715,0.49557504057884216,0.20095252990722656,-0.04239540919661522,0.5855547189712524
1760,42.484745025634766,25.370071411132812,0.5004000663757324,0.20096057653427124,-0.07907651364803314,0.6077350974082947
1761,42.53423309326172,25.144710540771484,0.4997250735759735,0.20095504820346832,-0.07446222007274628,0.5900470018386841
1762,42.80271530151367,25.504121780395508,0.5041500329971313,0.2010384351015091,-0.10950083285570145,0.6048063039779663
1763,42.423221588134766,24.916885375976562,0.5042500495910645,0.20112387835979462,-0.1006041094660759,0.6067271828651428
1764,42.263309478759766,24.623733520507812,0.5056250095367432,0.2012370228767395,-0.07679516822099686,0.6065468192100525
1765,42.261962890625,24.66676139831543,0.5042000412940979,0.201321542263031,-0.059883687645196915,0.6345648765563965
1766,42.4852409362793,24.935230255126953,0.5024375319480896,0.20137062668800354,-0.0677863210439682,0.6059684753417969
1767,42.33147048950195,25.047195434570312,0.4961625337600708,0.20129334926605225,-0.057829778641462326,0.6175574064254761
1768,42.38180923461914,25.123767852783203,0.4980250597000122,0.20125359296798706,-0.0565553642809391,0.5867900848388672
1769,42.37675094604492,24.889598846435547,0.4953875243663788,0.20116077363491058,-0.06319060921669006,0.6079230308532715
1770,42.46571731567383,25.204442977905273,0.4921000003814697,0.2010018527507782,-0.06539049744606018,0.5659975409507751
1771,42.3845329284668,25.0666561126709,0.49031251668930054,0.200807124376297,-0.02692291885614395,0.5766143798828125
1772,42.56597137451172,25.569881439208984,0.4951000213623047,0.20070873200893402,-0.07931231707334518,0.5972924828529358
1773,42.63744354248047,25.79608917236328,0.49445003271102905,0.20059734582901,-0.0471653938293457,0.5624469518661499
1774,42.50777053833008,25.366382598876953,0.4923750162124634,0.20044438540935516,-0.044795922935009,0.5984033346176147
1775,42.37474060058594,25.10466957092285,0.496987521648407,0.2003840059041977,-0.04505150020122528,0.5596928000450134
1776,42.488243103027344,25.393274307250977,0.4960625469684601,0.20030510425567627,-0.04377611726522446,0.5566049814224243
1777,42.44104766845703,25.186674118041992,0.49851253628730774,0.20027530193328857,-0.026092341169714928,0.6096816062927246
1778,42.17136764526367,24.821935653686523,0.5014874935150146,0.20030510425567627,-0.052835483103990555,0.5728502869606018
1779,42.5379638671875,25.085872650146484,0.5091875195503235,0.2004891335964203,-0.08251664787530899,0.564001202583313
1780,42.13727569580078,24.412878036499023,0.506225049495697,0.20061394572257996,-0.041054319590330124,0.6010348796844482
1781,42.288631439208984,24.94929313659668,0.5086125135421753,0.20078672468662262,-0.1280478835105896,0.6023411750793457
1782,42.376094818115234,24.80551528930664,0.5052750706672668,0.2008926421403885,-0.09291816502809525,0.5981318354606628
1783,42.50954055786133,25.282272338867188,0.503125011920929,0.20095540583133698,-0.08561661094427109,0.6087763905525208
1784,42.431941986083984,24.624847412109375,0.4985625147819519,0.2009265124797821,-0.07282959669828415,0.579567015171051
1785,41.97748947143555,24.16461181640625,0.49857503175735474,0.20089787244796753,-0.09113149344921112,0.6015989780426025
1786,42.2946891784668,24.443737030029297,0.49752500653266907,0.20084814727306366,-0.06819324195384979,0.5777697563171387
1787,42.71116638183594,25.531457901000977,0.49560001492500305,0.20075976848602295,-0.08465424180030823,0.592124342918396
1788,42.500404357910156,25.252891540527344,0.4971000552177429,0.2007015496492386,-0.03613302856683731,0.6126556396484375
1789,42.40593719482422,25.0952205657959,0.4964750111103058,0.2006307989358902,-0.05289313942193985,0.5674680471420288
1790,42.274925231933594,24.869239807128906,0.4974500238895416,0.20057964324951172,-0.03460991755127907,0.5945954918861389
1791,42.47777557373047,24.880390167236328,0.49701252579689026,0.20051972568035126,-0.04369785636663437,0.583815336227417
1792,42.495235443115234,24.890830993652344,0.5027125477790833,0.2005741000175476,-0.03532019257545471,0.5845305919647217
1793,42.479427337646484,25.164100646972656,0.5009499788284302,0.20059315860271454,-0.046964555978775024,0.6003494262695312
1794,41.95860290527344,23.782358169555664,0.5016250014305115,0.20062574744224548,-0.04984629899263382,0.5939548015594482
1795,42.902854919433594,25.973987579345703,0.5074750185012817,0.20077569782733917,-0.07271834462881088,0.5668481588363647
1796,42.71234893798828,25.534420013427734,0.5079625248908997,0.20093555748462677,-0.06860493868589401,0.6106085777282715
1797,42.39159393310547,24.68648338317871,0.5087750554084778,0.20111188292503357,-0.061713915318250656,0.6006057262420654
1798,42.43899154663086,24.91606330871582,0.5112125277519226,0.20133738219738007,-0.07499620318412781,0.6025028824806213
1799,42.412376403808594,24.885295867919922,0.508637547492981,0.20151129364967346,-0.05575012043118477,0.598461925983429
1800,42.082759857177734,23.867328643798828,0.5096375346183777,0.20170551538467407,-0.059493131935596466,0.6242910027503967
1801,42.49801254272461,25.019363403320312,0.4992625415325165,0.2016906440258026,-0.060933779925107956,0.5992313623428345
1802,42.44260787963867,24.793712615966797,0.5032250285148621,0.20175568759441376,-0.03820513188838959,0.6054636240005493
1803,42.70555877685547,25.608957290649414,0.5016375184059143,0.2017887383699417,-0.03268677368760109,0.6060624122619629
1804,42.320098876953125,24.63631820678711,0.49790000915527344,0.2017463594675064,-0.03731518238782883,0.5958150029182434
1805,42.08584213256836,24.76893424987793,0.49861252307891846,0.20171836018562317,-0.07208870351314545,0.6056348085403442
1806,42.098388671875,24.27153778076172,0.49592503905296326,0.2016361504793167,-0.04976971074938774,0.5681280493736267
1807,42.643394470214844,25.852445602416992,0.4982125163078308,0.2016001045703888,-0.06774256378412247,0.5929942727088928
1808,42.28120040893555,24.780574798583984,0.4991375505924225,0.20158271491527557,-0.04993326961994171,0.594719648361206
1809,42.7845344543457,26.156696319580078,0.49615001678466797,0.20150510966777802,-0.05923272669315338,0.6178249716758728
1810,42.56748962402344,25.329225540161133,0.49951252341270447,0.20149528980255127,-0.11453676968812943,0.6055326461791992
1811,42.65183639526367,25.247909545898438,0.5037875175476074,0.20157159864902496,-0.07081835716962814,0.5936891436576843
1812,42.4930534362793,25.107004165649414,0.5059125423431396,0.20169077813625336,-0.0837445855140686,0.6045454740524292
1813,42.71098709106445,25.35527229309082,0.5039874911308289,0.20177119970321655,-0.06953496485948563,0.5938971638679504
1814,42.51335144042969,24.660608291625977,0.5049625635147095,0.2018713355064392,-0.055714890360832214,0.5967046618461609
1815,42.5599479675293,25.044761657714844,0.5034624934196472,0.20194123685359955,-0.06278467923402786,0.6018930673599243
1816,42.24284744262695,24.193252563476562,0.5025375485420227,0.2019924819469452,-0.05916764214634895,0.5666453242301941
1817,42.72438430786133,25.89565086364746,0.49787503480911255,0.2019495666027069,-0.062032852321863174,0.6051617860794067
1818,42.30500793457031,24.71097755432129,0.49240002036094666,0.20179608464241028,-0.06269882619380951,0.5867576003074646
1819,42.00288391113281,23.990495681762695,0.49000000953674316,0.2015942931175232,-0.06844473630189896,0.572534441947937
1820,42.783042907714844,26.267183303833008,0.4873250126838684,0.2013387680053711,-0.0594455823302269,0.5858428478240967
1821,42.15708541870117,24.775678634643555,0.48865005373954773,0.20111024379730225,-0.07169501483440399,0.5710880756378174
1822,42.7738037109375,26.012672424316406,0.4889124929904938,0.2008872628211975,-0.1011452004313469,0.5923060178756714
1823,42.553810119628906,25.33684730529785,0.4951000213623047,0.20078882575035095,-0.04854712635278702,0.6188740730285645
1824,42.621734619140625,25.75562858581543,0.49425002932548523,0.20067337155342102,-0.08805575966835022,0.5994749665260315
1825,42.32139205932617,24.391054153442383,0.5072500705718994,0.20081886649131775,-0.051461391150951385,0.5810775756835938
1826,42.251182556152344,24.208057403564453,0.5067625641822815,0.20095467567443848,-0.07450823485851288,0.5994607210159302
1827,42.61721420288086,25.362096786499023,0.5081125497817993,0.20111769437789917,-0.07463935017585754,0.6008087396621704
1828,42.22774887084961,24.723112106323242,0.5076250433921814,0.20127104222774506,-0.051431987434625626,0.5999895930290222
1829,42.355560302734375,24.67786979675293,0.5012000203132629,0.20129519701004028,-0.04905803129076958,0.5939871668815613
1830,42.492958068847656,25.128681182861328,0.5031999945640564,0.2013595998287201,-0.05057577043771744,0.5917956233024597
1831,42.50605010986328,25.148550033569336,0.49710002541542053,0.2013012170791626,-0.08768370747566223,0.5905271768569946
1832,42.422340393066406,25.04081153869629,0.4905000329017639,0.20110999047756195,-0.07523444294929504,0.604833722114563
1833,42.25798416137695,24.606454849243164,0.4915125370025635,0.20093929767608643,-0.09447967261075974,0.5833808779716492
1834,42.459903717041016,25.28484535217285,0.49162501096725464,0.2007710039615631,-0.09121227264404297,0.5831754207611084
1835,41.87223434448242,23.658111572265625,0.49486249685287476,0.2006678581237793,-0.0940152034163475,0.5639963746070862
1836,42.67239761352539,25.607397079467773,0.49473750591278076,0.2005622535943985,-0.07102639973163605,0.5815872550010681
1837,42.03779983520508,24.260265350341797,0.49390003085136414,0.200439915060997,-0.06684939563274384,0.5752226710319519
1838,41.9692268371582,24.21215057373047,0.5000749826431274,0.2004414200782776,-0.06203780695796013,0.5820715427398682
1839,42.46186828613281,24.896238327026367,0.4976250231266022,0.20039381086826324,-0.05759762227535248,0.5652533173561096
1840,42.38796615600586,24.859210968017578,0.5007375478744507,0.20040859282016754,-0.056202009320259094,0.5898374319076538
1841,42.12294387817383,24.015705108642578,0.5080875754356384,0.20057067275047302,-0.03962019458413124,0.6002249121665955
1842,42.63148880004883,25.464435577392578,0.5004125237464905,0.2005789428949356,-0.039873942732810974,0.576938807964325
1843,42.48924255371094,25.20841407775879,0.499500036239624,0.20056891441345215,-0.012981452979147434,0.6026439070701599
1844,42.81785202026367,25.708406448364258,0.49637502431869507,0.20049621164798737,-0.04718796908855438,0.5940470695495605
1845,42.12773513793945,23.89887237548828,0.5001250505447388,0.20049871504306793,-0.05826486647129059,0.6008574962615967
1846,42.584564208984375,25.438621520996094,0.4938875436782837,0.20037616789340973,-0.09087339043617249,0.5896642208099365
1847,42.85655212402344,25.724376678466797,0.49470004439353943,0.20026996731758118,-0.07272070646286011,0.5728888511657715
1848,42.18016052246094,24.420137405395508,0.4997250735759735,0.20026446878910065,-0.039933882653713226,0.610810399055481
1849,42.49308395385742,25.250444412231445,0.4994625449180603,0.2002536952495575,-0.06589629501104355,0.5803086161613464
1850,41.94828796386719,23.847721099853516,0.499625027179718,0.2002461850643158,-0.07231483608484268,0.5832245349884033
1851,42.24235153198242,24.42445182800293,0.500712513923645,0.2002604603767395,-0.06550174951553345,0.5816904306411743
1852,42.37715148925781,24.8669376373291,0.501175045967102,0.20028400421142578,-0.03313198685646057,0.5930599570274353
1853,42.73982620239258,25.670251846313477,0.5028625130653381,0.2003413289785385,-0.06661363691091537,0.6156383752822876
1854,42.44190979003906,24.56777000427246,0.5043375492095947,0.20042823255062103,-0.04057306796312332,0.5816527009010315
1855,42.341880798339844,24.617341995239258,0.5021875500679016,0.20047207176685333,-0.06663667410612106,0.5895401239395142
1856,42.1641731262207,24.054311752319336,0.5049375295639038,0.20057106018066406,-0.04784611612558365,0.5907962322235107
1857,42.725730895996094,25.655216217041016,0.5051125288009644,0.20067360997200012,-0.062170762568712234,0.5900289416313171
1858,42.34978485107422,25.16485595703125,0.5027250647544861,0.20072829723358154,-0.056369781494140625,0.5761823058128357
1859,42.67203903198242,25.781211853027344,0.49498751759529114,0.20062768459320068,-0.048014577478170395,0.5924904942512512
1860,42.246192932128906,24.51030731201172,0.4965749979019165,0.20055897533893585,-0.062330424785614014,0.5779321789741516
1861,42.66234588623047,25.44289779663086,0.49695003032684326,0.2004978060722351,-0.0580429770052433,0.5781959891319275
1862,41.99624252319336,24.091842651367188,0.4943000078201294,0.2003835290670395,-0.029921675100922585,0.5885454416275024
1863,42.56767654418945,25.16636085510254,0.5004750490188599,0.20039303600788116,-0.05929030478000641,0.5831686854362488
1864,42.4761848449707,25.233613967895508,0.5013375282287598,0.2004198431968689,-0.06922876089811325,0.609240710735321
1865,42.398216247558594,24.727792739868164,0.50204998254776,0.20046094059944153,-0.05611417815089226,0.594567596912384
1866,41.94973373413086,23.843082427978516,0.5043875575065613,0.2005489021539688,-0.046645570546388626,0.578532338142395
1867,42.45897674560547,25.01583480834961,0.5107125639915466,0.2007637321949005,-0.055037278681993484,0.5883985757827759
1868,42.61935806274414,24.867536544799805,0.5058375597000122,0.20088092982769012,-0.04973515868186951,0.5919656753540039
1869,42.040008544921875,24.331029891967773,0.5004250407218933,0.2008894830942154,-0.09541694819927216,0.570061206817627
1870,42.34210205078125,24.5889949798584,0.501300036907196,0.2009156048297882,-0.055411502718925476,0.6043493151664734
1871,42.2822265625,24.54591178894043,0.4992750585079193,0.20090104639530182,-0.07342058420181274,0.6017879843711853
1872,42.16215896606445,24.616268157958984,0.4958125352859497,0.20081692934036255,-0.047620005905628204,0.6027520298957825
1873,42.64300537109375,25.641828536987305,0.4980374872684479,0.20077751576900482,-0.07211166620254517,0.6148110032081604
1874,42.595333099365234,25.554494857788086,0.49832504987716675,0.2007438838481903,-0.039929598569869995,0.6095778942108154
1875,42.23556900024414,24.528268814086914,0.49508753418922424,0.20064526796340942,-0.05742662772536278,0.5847907066345215
1876,42.14456558227539,24.21302032470703,0.49771255254745483,0.20059937238693237,-0.07629198580980301,0.5940436720848083
1877,42.497413635253906,25.029170989990234,0.5011375546455383,0.20062218606472015,-0.09015657007694244,0.5862728357315063
1878,42.08468246459961,24.624391555786133,0.49785006046295166,0.20057904720306396,-0.05072762444615364,0.5801423788070679
1879,42.48078918457031,25.57731819152832,0.501550018787384,0.20061013102531433,-0.05127815529704094,0.5975540280342102
1880,42.63002395629883,25.391252517700195,0.5026875138282776,0.20066402852535248,-0.02292838878929615,0.5981978178024292
1881,42.515174865722656,25.337255477905273,0.5033875107765198,0.2007320076227188,-0.04236147552728653,0.5649784207344055
1882,42.7150764465332,25.746047973632812,0.5017375349998474,0.2007668912410736,-0.05041535198688507,0.5723100304603577
1883,42.96863555908203,26.20660400390625,0.5048500895500183,0.2008642703294754,-0.022348996251821518,0.6077102422714233
1884,42.98735046386719,26.25968360900879,0.505850076675415,0.2009817659854889,-0.051976487040519714,0.5985438823699951
1885,42.10023498535156,24.338586807250977,0.5043625235557556,0.20106945931911469,-0.06347352266311646,0.589524507522583
1886,42.101226806640625,24.022480010986328,0.5047250390052795,0.20116446912288666,-0.08715803921222687,0.6133106350898743
1887,41.975624084472656,23.728443145751953,0.5048625469207764,0.20126228034496307,-0.10841785371303558,0.6218178868293762
1888,42.590938568115234,25.250411987304688,0.5052750706672668,0.20136845111846924,-0.11530891805887222,0.6280341148376465
1889,42.88969039916992,26.493274688720703,0.49915003776550293,0.2013513296842575,-0.10534920543432236,0.584537923336029
1890,42.081451416015625,24.132596969604492,0.5002750158309937,0.20135687291622162,-0.07715249806642532,0.5865872502326965
1891,42.72968292236328,25.455224990844727,0.4965500235557556,0.2012874037027359,-0.059663984924554825,0.5930477976799011
1892,42.19436264038086,24.305374145507812,0.4984000027179718,0.201255202293396,-0.07386492937803268,0.5863564610481262
1893,42.59072494506836,25.09986686706543,0.4927375018596649,0.20110905170440674,-0.06799706071615219,0.5692965984344482
1894,42.11383056640625,24.211162567138672,0.496737539768219,0.20104344189167023,-0.0471365787088871,0.5814031958580017
1895,42.910621643066406,26.184099197387695,0.4969000220298767,0.20098111033439636,-0.0422893688082695,0.6035764217376709
1896,42.34761047363281,24.903535842895508,0.49307504296302795,0.20084193348884583,-0.02480415813624859,0.5819267630577087
1897,42.69783020019531,25.56168556213379,0.493925005197525,0.2007199227809906,-0.03231855854392052,0.5772403478622437
1898,42.435543060302734,25.493419647216797,0.4951000213623047,0.2006215751171112,-0.046114467084407806,0.5682821273803711
1899,42.43265151977539,25.464784622192383,0.49665001034736633,0.20055437088012695,-0.044405512511730194,0.5894231796264648
1900,42.35285186767578,24.81400489807129,0.501175045967102,0.20057794451713562,-0.060788318514823914,0.604354739189148
1901,42.449344635009766,24.932151794433594,0.5017750263214111,0.20061354339122772,-0.09637881070375443,0.6165345907211304
1902,42.3927001953125,24.891305923461914,0.49967503547668457,0.200607031583786,-0.08884091675281525,0.6079472303390503
1903,42.635414123535156,25.52660369873047,0.5004750490188599,0.20061655342578888,-0.10451043397188187,0.6095797419548035
1904,42.70063018798828,25.471174240112305,0.4975000321865082,0.2005663961172104,-0.05853673070669174,0.5939840078353882
1905,42.623023986816406,25.509552001953125,0.49813753366470337,0.2005290389060974,-0.083829864859581,0.5959562063217163
1906,42.10590744018555,23.940927505493164,0.5012375712394714,0.20055384933948517,-0.029671208932995796,0.579409122467041
1907,42.15645980834961,24.430156707763672,0.5004500150680542,0.20056287944316864,-0.04630865529179573,0.5744480490684509
1908,42.61045837402344,25.16314125061035,0.4976250231266022,0.2005152404308319,-0.025593262165784836,0.5741636157035828
1909,42.5255241394043,24.973642349243164,0.4991125464439392,0.20049744844436646,-0.04800345376133919,0.5869632363319397
1910,42.23802185058594,24.413217544555664,0.5001125931739807,0.20049969851970673,-0.03207843005657196,0.6156431436538696
1911,42.31443405151367,24.696823120117188,0.49557504057884216,0.20041097700595856,-0.05720757693052292,0.5979374647140503
1912,42.473724365234375,25.045875549316406,0.49640002846717834,0.20033882558345795,-0.050142016261816025,0.5982994437217712
1913,42.60511016845703,25.37408447265625,0.4943625330924988,0.20022588968276978,-0.05229968950152397,0.5822721719741821
1914,42.357112884521484,25.388671875,0.491875022649765,0.20006321370601654,-0.05756513401865959,0.5956069827079773
1915,42.341392517089844,24.925203323364258,0.49915003776550293,0.20004621148109436,-0.08136516809463501,0.601837158203125
1916,42.13071060180664,24.578039169311523,0.49598750472068787,0.1999659389257431,-0.07275423407554626,0.5923049449920654
1917,42.23346710205078,24.639877319335938,0.49733754992485046,0.19991269707679749,-0.05966518446803093,0.6090387105941772
1918,42.50094985961914,25.124948501586914,0.4982375502586365,0.19987745583057404,-0.07677894830703735,0.6157853007316589
1919,42.39094161987305,25.05882453918457,0.5042750239372253,0.19996289908885956,-0.04787333682179451,0.6108354926109314
1920,42.636573791503906,25.978857040405273,0.5033999681472778,0.2000308781862259,-0.06326358765363693,0.5969983339309692
1921,42.31789779663086,24.505884170532227,0.5069750547409058,0.2001703977584839,-0.05102802813053131,0.5968639254570007
1922,42.56681823730469,25.169553756713867,0.5087375640869141,0.20034530758857727,-0.05927642434835434,0.5652577877044678
1923,42.68948745727539,25.15715789794922,0.5110500454902649,0.20056667923927307,-0.07101883739233017,0.5914426445960999
1924,42.103233337402344,23.680997848510742,0.5178750157356262,0.20092520117759705,-0.0739583671092987,0.5933667421340942
1925,42.54422378540039,25.2054443359375,0.5076375007629395,0.20107866823673248,-0.07863173633813858,0.5963965654373169
1926,42.44198226928711,24.852977752685547,0.5092625617980957,0.20126491785049438,-0.08336511254310608,0.593407392501831
1927,42.4517936706543,24.968748092651367,0.5040374994277954,0.20134617388248444,-0.1033133715391159,0.5762848854064941
1928,42.17481231689453,24.512258529663086,0.4962625503540039,0.2012709230184555,-0.04776903614401817,0.5782723426818848
1929,42.13268280029297,24.21764373779297,0.49573755264282227,0.20118513703346252,-0.0426151342689991,0.5719594359397888
1930,42.71123123168945,25.99366569519043,0.4918000102043152,0.20102016627788544,-0.07646431028842926,0.6053259968757629
1931,41.75181579589844,23.203811645507812,0.4919874966144562,0.20085909962654114,-0.038208670914173126,0.5836334228515625
1932,42.24650192260742,24.695552825927734,0.49380001425743103,0.20073457062244415,-0.08067084103822708,0.6036527752876282
1933,42.40725326538086,25.453046798706055,0.4928875267505646,0.2005918025970459,-0.055039182305336,0.5873539447784424
1934,42.17179870605469,24.84356689453125,0.49303749203681946,0.20045214891433716,-0.0899646207690239,0.5637547373771667
1935,42.28107452392578,24.59735870361328,0.501162588596344,0.20047545433044434,-0.07487305998802185,0.59217369556427
1936,42.434295654296875,25.16403579711914,0.5011749863624573,0.2004990130662918,-0.05521829053759575,0.5675121545791626
1937,42.278900146484375,24.545021057128906,0.5042375326156616,0.20058397948741913,-0.059102125465869904,0.5993363261222839
1938,42.30386734008789,24.760643005371094,0.5059624910354614,0.20070359110832214,-0.08114134520292282,0.6066885590553284
1939,42.28028106689453,25.022262573242188,0.5086125135421753,0.20087645947933197,-0.09729208797216415,0.5913695096969604
1940,42.39606857299805,25.029726028442383,0.5008625388145447,0.20089378952980042,-0.07565058022737503,0.6037437319755554
1941,42.42378234863281,25.13426399230957,0.5047750473022461,0.2009897232055664,-0.06608778238296509,0.5977821350097656
1942,42.50673294067383,24.935199737548828,0.5026125311851501,0.20104224979877472,-0.029916750267148018,0.5945295095443726
1943,42.38059997558594,24.796293258666992,0.49540001153945923,0.2009497582912445,-0.04048938304185867,0.5986378788948059
1944,42.06787872314453,24.30988311767578,0.49092501401901245,0.2007673978805542,-0.018381569534540176,0.5732604265213013
1945,42.35672378540039,25.11988067626953,0.49217501282691956,0.20061029493808746,-0.07218895107507706,0.5867463946342468
1946,42.400184631347656,25.030160903930664,0.4946625232696533,0.20050321519374847,-0.045451126992702484,0.6062890291213989
1947,42.8082160949707,25.954036712646484,0.4968375563621521,0.20043981075286865,-0.06168118119239807,0.5956085920333862
1948,42.39945983886719,24.996856689453125,0.49688753485679626,0.20037741959095,-0.07831034064292908,0.5942071676254272
1949,42.35259246826172,25.15817642211914,0.5027999877929688,0.20043352246284485,-0.09624090790748596,0.5826599597930908
1950,42.382347106933594,24.8212833404541,0.5074250102043152,0.200582355260849,-0.09045613557100296,0.6017612218856812
1951,42.49179458618164,25.02197265625,0.5093750357627869,0.20077039301395416,-0.07921554148197174,0.5998058319091797
1952,42.2274055480957,24.614500045776367,0.5056875348091125,0.20088458061218262,-0.09451902657747269,0.6088265776634216
1953,42.332374572753906,24.5533390045166,0.5053000450134277,0.20099104940891266,-0.07917686551809311,0.6330606341362
1954,42.6368522644043,25.6345272064209,0.5032250285148621,0.2010558545589447,-0.08817508071660995,0.5724515318870544
1955,42.68943405151367,25.52821922302246,0.5012500286102295,0.20108099281787872,-0.07282983511686325,0.6024729609489441
1956,42.01470184326172,24.401403427124023,0.49873754382133484,0.2010556012392044,-0.04642418026924133,0.6135514378547668
1957,42.62528610229492,25.56161117553711,0.4943125247955322,0.20094124972820282,-0.06202762946486473,0.5972506403923035
1958,42.346004486083984,24.698829650878906,0.49463754892349243,0.2008334994316101,-0.09040696918964386,0.6162354350090027
1959,42.272491455078125,24.364145278930664,0.4974125027656555,0.20078153908252716,-0.07532164454460144,0.5810779929161072
1960,42.203453063964844,24.55278205871582,0.4986000657081604,0.20075342059135437,-0.09917601197957993,0.5990453362464905
1961,41.89079284667969,23.855484008789062,0.5019875168800354,0.2007933109998703,-0.04464271292090416,0.5877170562744141
1962,42.52033615112305,25.218904495239258,0.503350019454956,0.20086057484149933,-0.05134521797299385,0.6225579380989075
1963,42.181575775146484,24.730710983276367,0.49767500162124634,0.2008138746023178,-0.0849606841802597,0.5794294476509094
1964,42.221858978271484,24.66604995727539,0.497762531042099,0.20076894760131836,-0.08293693512678146,0.5770785808563232
1965,42.297183990478516,24.847736358642578,0.5013375282287598,0.20079579949378967,-0.07521730661392212,0.6079081296920776
1966,42.86668395996094,26.087427139282227,0.49463754892349243,0.20068812370300293,-0.1065291091799736,0.6042594313621521
1967,42.3008918762207,25.048574447631836,0.4925750494003296,0.20053911209106445,-0.06939070671796799,0.6192628145217896
1968,42.21411895751953,24.763954162597656,0.4969624876976013,0.200478196144104,-0.05542374774813652,0.5794335007667542
1969,42.86396026611328,26.58039093017578,0.49806252121925354,0.20043934881687164,-0.07628374546766281,0.6041092872619629
1970,42.42848205566406,25.20598793029785,0.5012499690055847,0.2004644125699997,-0.05331079289317131,0.5926563739776611
1971,42.55495071411133,25.448949813842773,0.49851253628730774,0.2004345953464508,-0.06168176606297493,0.5797212719917297
1972,42.171302795410156,24.4759578704834,0.500587522983551,0.20044638216495514,-0.050986018031835556,0.5830010175704956
1973,42.251075744628906,24.741504669189453,0.497112512588501,0.20038850605487823,-0.07383429259061813,0.5687236785888672
1974,42.45014190673828,25.13819694519043,0.5078125596046448,0.200545072555542,-0.0695369690656662,0.6095483303070068
1975,42.475563049316406,24.99956512451172,0.5048750042915344,0.20064282417297363,-0.059471096843481064,0.6010313630104065
1976,42.43360137939453,24.78545379638672,0.5079500079154968,0.20080234110355377,-0.039748676121234894,0.5738615989685059
1977,42.3669548034668,25.188018798828125,0.5012000203132629,0.20082645118236542,-0.030885852873325348,0.5941359996795654
1978,42.31415557861328,24.7133731842041,0.5020500421524048,0.20086762309074402,-0.024357430636882782,0.5881713628768921
1979,42.27808380126953,24.73562240600586,0.49746251106262207,0.20081666111946106,-0.03967137262225151,0.6026588082313538
1980,42.489410400390625,24.8609676361084,0.48992499709129333,0.200614333152771,-0.07068213075399399,0.5779705047607422
1981,42.35664367675781,24.978483200073242,0.4931125044822693,0.20047616958618164,-0.0751933604478836,0.5743961334228516
1982,42.151092529296875,24.533077239990234,0.48625001311302185,0.20020051300525665,-0.06587962061166763,0.600300669670105
1983,42.42511749267578,25.399120330810547,0.4919750690460205,0.2000398486852646,-0.07375684380531311,0.5749381184577942
1984,42.66946792602539,25.800222396850586,0.49380001425743103,0.1999158263206482,-0.05536454916000366,0.602063000202179
1985,42.40839385986328,25.11797332763672,0.4952250123023987,0.1998203694820404,-0.07674209028482437,0.5926297903060913
1986,42.32563018798828,24.843042373657227,0.49621251225471497,0.19974468648433685,-0.07080086320638657,0.580833911895752
1987,42.62712478637695,25.600784301757812,0.5030500292778015,0.1998056173324585,-0.056029241532087326,0.573198139667511
1988,42.50822830200195,25.088741302490234,0.5046499967575073,0.19989854097366333,-0.028283031657338142,0.6032639741897583
1989,42.78921127319336,25.134464263916016,0.5063999891281128,0.2000264823436737,-0.023712605237960815,0.587612509727478
1990,42.470333099365234,24.81901741027832,0.5035250186920166,0.200096994638443,-0.025843152776360512,0.5659397840499878
1991,42.25883483886719,24.178163528442383,0.503250002861023,0.20016202330589294,-0.04809993505477905,0.5781955122947693
1992,42.00687789916992,24.151905059814453,0.49820002913475037,0.20012599229812622,-0.033985547721385956,0.6057893633842468
1993,42.37129211425781,24.827411651611328,0.5006499886512756,0.20013900101184845,-0.04022110253572464,0.6058420538902283
1994,42.53805923461914,25.32056999206543,0.49451252818107605,0.2000291794538498,-0.06873849034309387,0.5817382335662842
1995,42.496482849121094,25.30431365966797,0.49140000343322754,0.19985716044902802,-0.0780884176492691,0.56276535987854
1996,43.048404693603516,26.59132194519043,0.49515005946159363,0.19976022839546204,-0.0899806097149849,0.581894040107727
1997,42.161529541015625,24.763277053833008,0.49365004897117615,0.19963338971138,-0.06618551909923553,0.6049605011940002
1998,42.207130432128906,24.856721878051758,0.5036749839782715,0.1997067630290985,-0.08618170768022537,0.5897347927093506
1999,42.03270721435547,24.065519332885742,0.5057250261306763,0.1998210847377777,-0.09160565584897995,0.5964465737342834
2000,42.232566833496094,24.247272491455078,0.5116625428199768,0.2000541239976883,-0.08302655071020126,0.6120398640632629
2001,42.665283203125,25.516733169555664,0.508650004863739,0.20022717118263245,-0.08595450967550278,0.614404022693634
2002,42.51850891113281,25.051246643066406,0.5101625323295593,0.20043064653873444,-0.07190857082605362,0.6069391369819641
2003,42.64310073852539,25.83580207824707,0.5068750381469727,0.20056843757629395,-0.06928881257772446,0.6106181740760803
2004,42.60519027709961,25.65930938720703,0.5084125399589539,0.20073716342449188,-0.10219869017601013,0.586607038974762
2005,42.322052001953125,24.932409286499023,0.4980500042438507,0.20069801807403564,-0.06544491648674011,0.5933722853660583
2006,42.49100112915039,25.48870086669922,0.49541252851486206,0.20060595870018005,-0.08661118149757385,0.596950888633728
2007,42.11145782470703,24.22480583190918,0.49355003237724304,0.20047657191753387,-0.04834232106804848,0.6137602925300598
2008,42.52839660644531,25.127483367919922,0.4958500266075134,0.20039337873458862,-0.05316365137696266,0.5870623588562012
2009,42.4536247253418,24.818634033203125,0.49740004539489746,0.20034128427505493,-0.07437735050916672,0.5862135291099548
2010,42.1444206237793,24.368623733520508,0.49857503175735474,0.20031273365020752,-0.05425217002630234,0.5846232175827026
2011,42.40918731689453,24.73258399963379,0.5015875697135925,0.20034454762935638,-0.05340161547064781,0.5827775597572327
2012,42.36008071899414,25.121559143066406,0.499875009059906,0.20034204423427582,-0.07538370788097382,0.5765540599822998
2013,42.2615852355957,24.729862213134766,0.4979000389575958,0.20029997825622559,-0.07982582598924637,0.5577734708786011
2014,42.10490036010742,24.30544662475586,0.5063250064849854,0.20042666792869568,-0.043984606862068176,0.577821671962738
2015,42.61653518676758,25.698081970214844,0.5075250267982483,0.2005774825811386,-0.04563260078430176,0.6023485660552979
2016,42.33930587768555,24.77170181274414,0.4980250298976898,0.20053787529468536,-0.0570792481303215,0.5964886546134949
2017,42.37958908081055,24.93340492248535,0.4961625337600708,0.20046092569828033,-0.07170506566762924,0.5886876583099365
2018,42.45067596435547,25.15789031982422,0.4912625253200531,0.20028577744960785,-0.0435226745903492,0.5884531736373901
2019,42.84698486328125,25.838302612304688,0.4946500360965729,0.2001786231994629,-0.037282537668943405,0.5908479690551758
2020,42.765052795410156,25.95754051208496,0.4914000332355499,0.20000647008419037,-0.06210372596979141,0.5755950808525085
2021,42.613685607910156,25.19328498840332,0.48631250858306885,0.199732705950737,-0.05256031081080437,0.5900188088417053
2022,42.81723403930664,25.967357635498047,0.501300036907196,0.19975867867469788,-0.05614268034696579,0.5691851377487183
2023,42.150089263916016,24.21369171142578,0.5041375160217285,0.19984133541584015,-0.07536445558071136,0.5850185751914978
2024,42.12124252319336,24.23430633544922,0.5006124973297119,0.1998535841703415,-0.04236422851681709,0.5872385501861572
2025,42.14531707763672,24.188684463500977,0.5004374980926514,0.19986233115196228,-0.06904139369726181,0.5857915282249451
2026,42.684814453125,25.240957260131836,0.502750039100647,0.19991730153560638,-0.06675845384597778,0.5906801819801331
2027,42.16899871826172,24.6328125,0.5054875016212463,0.2000270038843155,-0.06984161585569382,0.6018862724304199
2028,42.26150131225586,24.734092712402344,0.4987874925136566,0.2000027596950531,-0.06569504737854004,0.5777178406715393
2029,42.17536544799805,24.538822174072266,0.49910005927085876,0.19998475909233093,-0.04471025988459587,0.6097320914268494
2030,42.639835357666016,25.752132415771484,0.493925005197525,0.1998632699251175,-0.08049935102462769,0.5985643863677979
2031,42.20924377441406,24.788799285888672,0.49806252121925354,0.19982454180717468,-0.0694446712732315,0.6008718013763428
2032,42.39100646972656,25.395673751831055,0.5015625357627869,0.199855774641037,-0.06507374346256256,0.6085613965988159
2033,42.3433837890625,24.79377555847168,0.49966251850128174,0.19984903931617737,-0.09967884421348572,0.583686888217926
2034,41.96360778808594,24.035146713256836,0.5069000124931335,0.19998693466186523,-0.07800503820180893,0.574469268321991
2035,42.433250427246094,25.592485427856445,0.5035375356674194,0.20005768537521362,-0.06850910931825638,0.6141313314437866
2036,42.65605926513672,25.37534523010254,0.5031250715255737,0.200120210647583,-0.03991616889834404,0.6134791970252991
2037,42.768455505371094,25.788637161254883,0.5065250396728516,0.2002508044242859,-0.05515791475772858,0.6103502511978149
2038,42.527976989746094,25.18284034729004,0.5079125165939331,0.20040926337242126,-0.048951853066682816,0.6082284450531006
2039,42.29931640625,24.652376174926758,0.5026000142097473,0.20046137273311615,-0.07482768595218658,0.5933807492256165
2040,42.39411163330078,24.897220611572266,0.49428752064704895,0.20034685730934143,-0.039941661059856415,0.5872583389282227
2041,42.52574920654297,25.546297073364258,0.49037501215934753,0.20015402138233185,-0.056175973266363144,0.580890417098999
2042,42.142173767089844,24.481279373168945,0.4877875745296478,0.19990958273410797,-0.05888029932975769,0.6004951596260071
2043,42.183162689208984,25.127016067504883,0.49053749442100525,0.19972042739391327,-0.09215383231639862,0.6069473028182983
2044,42.454566955566406,25.370941162109375,0.4915499985218048,0.19955165684223175,-0.05957118794322014,0.6010950803756714
2045,42.339447021484375,24.758451461791992,0.49851250648498535,0.1995219737291336,-0.04606997221708298,0.5924235582351685
2046,42.48783493041992,25.546831130981445,0.4972250163555145,0.19946660101413727,-0.0786006972193718,0.5935924053192139
2047,42.5888557434082,25.14491081237793,0.5006625056266785,0.1994798183441162,-0.07766794413328171,0.5831703543663025
2048,42.41917037963867,25.207141876220703,0.5084500312805176,0.19964836537837982,-0.03167241811752319,0.56582111120224
2049,42.44068908691406,24.63492202758789,0.5100125074386597,0.1998482644557953,-0.03707726672291756,0.5781934857368469
2050,42.620670318603516,25.457250595092773,0.5096875429153442,0.20004186034202576,-0.039304789155721664,0.5948712825775146
2051,42.644866943359375,25.23826026916504,0.4974375367164612,0.19999060034751892,-0.08247142285108566,0.5969162583351135
2052,42.29499053955078,24.542102813720703,0.4997250437736511,0.1999851018190384,-0.07092420011758804,0.571060836315155
2053,43.11023712158203,26.72337532043457,0.49000000953674316,0.19978511333465576,-0.10087595134973526,0.56889808177948
2054,42.64698028564453,25.376419067382812,0.4923125207424164,0.19963152706623077,-0.0967230275273323,0.5589452385902405
2055,42.523834228515625,25.340656280517578,0.48842501640319824,0.19940045475959778,-0.06248214840888977,0.5764310956001282
2056,42.1805534362793,24.59265899658203,0.4962874948978424,0.19932642579078674,-0.03827456384897232,0.5961107015609741
2057,42.31704330444336,24.762033462524414,0.500825047492981,0.19934286177158356,-0.06869320571422577,0.5722417235374451
2058,42.39785385131836,24.969274520874023,0.5027125477790833,0.19939692318439484,-0.09354650974273682,0.6162435412406921
2059,42.33348846435547,24.567089080810547,0.5080625414848328,0.19955767691135406,-0.07104289531707764,0.5598329901695251
2060,42.80534362792969,25.719345092773438,0.514412522315979,0.19984528422355652,-0.08362097293138504,0.6138807535171509
2061,42.35584259033203,24.565824508666992,0.511987566947937,0.20008485019207,-0.036729078739881516,0.615179181098938
2062,41.94951629638672,23.876937866210938,0.5102875828742981,0.20029069483280182,-0.05881262570619583,0.5853232741355896
2063,42.434417724609375,25.00218391418457,0.5054750442504883,0.20040035247802734,-0.07107299566268921,0.6093195080757141
2064,42.13236618041992,24.479639053344727,0.510075032711029,0.20060226321220398,-0.09297403693199158,0.6073224544525146
2065,42.31593704223633,24.96000099182129,0.506600022315979,0.20073464512825012,-0.054629433900117874,0.6060100793838501
2066,42.39961242675781,25.0592041015625,0.4961875379085541,0.20065811276435852,-0.06773871928453445,0.5648648142814636
2067,42.678314208984375,25.879749298095703,0.49480003118515015,0.2005537748336792,-0.07587387412786484,0.5819686651229858
2068,42.11433410644531,24.35201644897461,0.49445003271102905,0.20044247806072235,-0.07925914973020554,0.56974196434021
2069,42.35751724243164,25.16797637939453,0.49838754534721375,0.2004101574420929,-0.07340189069509506,0.5730633735656738
2070,42.2442512512207,25.14640998840332,0.4994875192642212,0.20039989054203033,-0.0870722085237503,0.5898007750511169
2071,42.033634185791016,24.18583869934082,0.5050750374794006,0.20050159096717834,-0.07198242098093033,0.608090877532959
2072,42.617374420166016,25.445026397705078,0.5059875249862671,0.20062164962291718,-0.06425648927688599,0.6118348240852356
2073,42.29772186279297,24.416656494140625,0.5013625621795654,0.2006489783525467,-0.07819192856550217,0.5817798972129822
2074,42.14820098876953,24.397159576416016,0.5057500004768372,0.20076434314250946,-0.037906572222709656,0.5744405388832092
2075,42.561100006103516,25.134056091308594,0.5019000172615051,0.2008024901151657,-0.06788671016693115,0.5730196833610535
2076,42.44807052612305,24.903671264648438,0.5020875334739685,0.200844407081604,-0.05217086896300316,0.5692811608314514
2077,42.217735290527344,24.363197326660156,0.49342501163482666,0.20071235299110413,-0.05740223824977875,0.5745945572853088
2078,42.18502426147461,24.749082565307617,0.4912000298500061,0.20053572952747345,-0.038569167256355286,0.5792838931083679
2079,42.452571868896484,25.018211364746094,0.49223750829696655,0.20038007199764252,-0.03546297922730446,0.5645851492881775
2080,42.20478439331055,24.82608985900879,0.4914875030517578,0.20020949840545654,-0.048675768077373505,0.5936316847801208
2081,42.355857849121094,24.850500106811523,0.49326252937316895,0.20007459819316864,-0.07551988214254379,0.599750816822052
2082,42.97249221801758,26.304115295410156,0.4972750246524811,0.20002007484436035,-0.08800522238016129,0.5909682512283325
2083,42.74854278564453,26.0924072265625,0.4982125163078308,0.1999843269586563,-0.08270885795354843,0.5661088228225708
2084,42.61484909057617,25.212318420410156,0.5062500238418579,0.2001093178987503,-0.054787471890449524,0.5700629353523254
2085,42.123313903808594,24.181245803833008,0.5120750069618225,0.20035094022750854,-0.06853880733251572,0.6118618249893188
2086,41.990882873535156,23.58638572692871,0.5105750560760498,0.20056281983852386,-0.04602646082639694,0.589354932308197
2087,42.48689270019531,25.329591751098633,0.5148500204086304,0.2008606493473053,-0.06276781111955643,0.6187887191772461
2088,42.72358703613281,25.607711791992188,0.5091250538825989,0.20104394853115082,-0.02938169799745083,0.6070853471755981
2089,42.196533203125,24.29111671447754,0.5083000659942627,0.20121082663536072,-0.051792651414871216,0.5962749123573303
2090,42.26528549194336,24.519126892089844,0.5032374858856201,0.20127597451210022,-0.06909564882516861,0.5926885008811951
2091,42.51873016357422,25.39885711669922,0.4997250735759735,0.2012704461812973,-0.02711019665002823,0.6065206527709961
2092,42.4493408203125,24.8021240234375,0.4948875308036804,0.20116755366325378,-0.04877487197518349,0.5756620168685913
2093,42.12599563598633,24.168113708496094,0.49576252698898315,0.20108231902122498,-0.06130268797278404,0.5654913783073425
2094,41.94450378417969,24.07525062561035,0.4862750470638275,0.20080633461475372,-0.06808992475271225,0.5544819235801697
2095,42.25394058227539,24.955286026000977,0.48926252126693726,0.20059072971343994,-0.03722577914595604,0.5666924715042114
2096,42.252201080322266,24.92820167541504,0.4891500473022461,0.2003730982542038,-0.06837884336709976,0.6028857827186584
2097,41.9617919921875,23.79620361328125,0.4952374994754791,0.2002776712179184,-0.0639498233795166,0.5985763072967529
2098,42.37592697143555,24.751623153686523,0.4984625577926636,0.2002468854188919,-0.0883549377322197,0.592167854309082
2099,42.46882629394531,25.56716537475586,0.5003874897956848,0.2002546489238739,-0.05351162329316139,0.6362773776054382
2100,42.55026626586914,24.78923225402832,0.5106625556945801,0.20046816766262054,-0.08715858310461044,0.6106091141700745
2101,42.47301483154297,24.947479248046875,0.5074500441551208,0.20061752200126648,-0.06143825873732567,0.5790917277336121
2102,42.66239929199219,25.59457015991211,0.5078875422477722,0.20077577233314514,-0.06902194768190384,0.5854594111442566
2103,42.261558532714844,24.10550880432129,0.5052375793457031,0.20088094472885132,-0.041876524686813354,0.6118505597114563
2104,42.07184982299805,23.757015228271484,0.5086125135421753,0.20105396211147308,-0.055996768176555634,0.5991345643997192
2105,42.33181381225586,24.548555374145508,0.4992375373840332,0.20103862881660461,-0.04154500365257263,0.6122241616249084
2106,42.59303665161133,25.4919490814209,0.4911625385284424,0.20086096227169037,-0.07578044384717941,0.5692830085754395
2107,42.53169250488281,25.282014846801758,0.4935125410556793,0.20073065161705017,-0.05594134330749512,0.5749331116676331
2108,42.34172058105469,24.7183837890625,0.49227502942085266,0.200575590133667,-0.05805701017379761,0.6202563047409058
2109,42.33454895019531,25.140111923217773,0.49486255645751953,0.20047254860401154,-0.05678415298461914,0.5787095427513123
2110,42.561710357666016,25.007328033447266,0.49525001645088196,0.20037733018398285,-0.05370592698454857,0.6006315350532532
2111,42.87672424316406,25.837329864501953,0.4991750419139862,0.20036080479621887,-0.04933946579694748,0.5866778492927551
2112,42.033451080322266,23.739322662353516,0.505050003528595,0.2004619836807251,-0.06777391582727432,0.6135098934173584
2113,42.343544006347656,24.812875747680664,0.5067250728607178,0.20059677958488464,-0.037583786994218826,0.626983106136322
2114,42.348594665527344,24.55493927001953,0.5095500349998474,0.20078834891319275,-0.05427142605185509,0.6009278893470764
2115,42.12562942504883,24.12671661376953,0.5085500478744507,0.20096001029014587,-0.058350950479507446,0.6123374700546265
2116,42.69131851196289,25.401220321655273,0.5104250311851501,0.20116950571537018,-0.07038649916648865,0.6231050491333008
2117,42.55506896972656,25.17754364013672,0.5082125067710876,0.20133471488952637,-0.07291489094495773,0.6025699377059937
2118,42.2755012512207,24.449180603027344,0.5014375448226929,0.20136365294456482,-0.07504643499851227,0.5995726585388184
2119,42.425716400146484,25.477333068847656,0.5007500648498535,0.2013787478208542,-0.06344476342201233,0.5802662372589111
2120,42.09773254394531,24.643081665039062,0.49857503175735474,0.20135004818439484,-0.09248810261487961,0.5949333906173706
2121,42.16427993774414,24.39859390258789,0.49707499146461487,0.20129115879535675,-0.04407215118408203,0.6032090783119202
2122,42.32633972167969,25.10969352722168,0.491812527179718,0.2011263519525528,-0.032358963042497635,0.6204029321670532
2123,42.78702926635742,25.79249382019043,0.48576250672340393,0.20083999633789062,-0.07298853993415833,0.5657879114151001
2124,42.338600158691406,25.05204963684082,0.4904375374317169,0.20064795017242432,-0.04432310163974762,0.5548672676086426
2125,42.168479919433594,24.36716651916504,0.4952375292778015,0.20055238902568817,-0.04935871437191963,0.6218224763870239
2126,42.16221618652344,24.825801849365234,0.49813753366470337,0.2005150318145752,-0.06938756257295609,0.6095596551895142
2127,42.21569061279297,24.315750122070312,0.4947250187397003,0.20040926337242126,-0.06495073437690735,0.6204047203063965
2128,42.23573303222656,24.59926986694336,0.5026625394821167,0.20046263933181763,-0.08243100345134735,0.6084855794906616
2129,42.348758697509766,24.75046730041504,0.49869999289512634,0.2004365772008896,-0.09043951332569122,0.5931375622749329
2130,42.12070846557617,23.987245559692383,0.5086000561714172,0.20060895383358002,-0.08563610911369324,0.607155978679657
2131,42.19353485107422,24.43475914001465,0.5041875243186951,0.20069296658039093,-0.08169987797737122,0.6037090420722961
2132,42.424659729003906,25.39522361755371,0.5026750564575195,0.20074665546417236,-0.0848984569311142,0.6119440197944641
2133,42.233238220214844,24.578765869140625,0.5001375079154968,0.20074941217899323,-0.025807879865169525,0.5976701974868774
2134,42.454837799072266,25.133377075195312,0.49873751401901245,0.2007240653038025,-0.08643249422311783,0.6061514616012573
2135,42.49961853027344,25.21957015991211,0.4916125535964966,0.2005557119846344,-0.0845833495259285,0.6088173985481262
2136,42.57022476196289,25.97311782836914,0.49508750438690186,0.20045718550682068,-0.08899282664060593,0.5918492674827576
2137,42.387271881103516,25.041908264160156,0.4951375424861908,0.20035971701145172,-0.042983148247003555,0.5719524621963501
2138,42.83531951904297,25.869962692260742,0.490075021982193,0.20016086101531982,-0.05293666198849678,0.5653939843177795
2139,42.468692779541016,25.508499145507812,0.4959125220775604,0.2000790387392044,-0.06280312687158585,0.5695695877075195
2140,42.24259948730469,24.863466262817383,0.49828749895095825,0.20004478096961975,-0.019479138776659966,0.6090205311775208
2141,42.50873565673828,25.21175765991211,0.50371253490448,0.2001190483570099,-0.051763858646154404,0.5840935707092285
2142,42.263343811035156,24.45384979248047,0.5005125403404236,0.20012930035591125,-0.07995832711458206,0.6057446599006653
2143,42.33205795288086,24.45037841796875,0.5019000768661499,0.20016732811927795,-0.06921645253896713,0.5839216113090515
2144,42.472869873046875,25.258621215820312,0.501287579536438,0.20019309222698212,-0.0823020190000534,0.5794224143028259
2145,42.85212707519531,25.895511627197266,0.49951252341270447,0.20018333196640015,-0.10089980065822601,0.5928137898445129
2146,42.47864532470703,24.785533905029297,0.5048499703407288,0.20028041303157806,-0.06726803630590439,0.6071352958679199
2147,42.48247146606445,24.865861892700195,0.5047125220298767,0.2003747969865799,-0.104171983897686,0.5838801860809326
2148,42.38642501831055,24.78467559814453,0.5106250047683716,0.2005877047777176,-0.04835325479507446,0.5868896245956421
2149,42.41289138793945,25.011676788330078,0.5091875195503235,0.2007719874382019,-0.09358192980289459,0.5879064202308655
2150,42.386192321777344,24.656173706054688,0.5071375370025635,0.20091527700424194,-0.056247562170028687,0.5928100347518921
2151,41.71364974975586,22.93732261657715,0.5031375288963318,0.20097830891609192,-0.04709167033433914,0.6062726974487305
2152,42.5362434387207,25.086322784423828,0.49365004897117615,0.2008506953716278,-0.05663647875189781,0.5860438942909241
2153,42.11174774169922,24.34892463684082,0.49116250872612,0.2006731927394867,-0.07414498180150986,0.5743985772132874
2154,42.2349853515625,24.821643829345703,0.4846250116825104,0.20036466419696808,-0.07489805668592453,0.5878454446792603
2155,42.622833251953125,25.733327865600586,0.4858250319957733,0.20008064806461334,-0.051509566605091095,0.5705134868621826
2156,42.391231536865234,25.409687042236328,0.49061256647109985,0.1998928189277649,-0.05292295292019844,0.5487558841705322
2157,42.68403244018555,25.887250900268555,0.48948749899864197,0.19968268275260925,-0.0517449826002121,0.5901055335998535
2158,42.314693450927734,24.781070709228516,0.4947125017642975,0.19957709312438965,-0.04085191711783409,0.5840604901313782
2159,42.028953552246094,24.441192626953125,0.49748754501342773,0.19952695071697235,-0.045052796602249146,0.5726504325866699
2160,42.59524917602539,25.135807037353516,0.5057750344276428,0.19964216649532318,-0.025566747412085533,0.6051182746887207
2161,42.48702621459961,25.210445404052734,0.5054875612258911,0.19975171983242035,-0.04316077381372452,0.5760114192962646
2162,42.6856575012207,25.563915252685547,0.5091000199317932,0.1999334990978241,-0.05792621895670891,0.6080225706100464
2163,41.99002456665039,23.698869705200195,0.5065625309944153,0.20006470382213593,-0.06522493064403534,0.5878827571868896
2164,42.43101119995117,24.84317970275879,0.5065500140190125,0.20019575953483582,-0.0896390751004219,0.5947008728981018
2165,42.259151458740234,24.5740909576416,0.5054000616073608,0.20030386745929718,-0.11056356877088547,0.5925509333610535
2166,42.53383255004883,25.270368576049805,0.5036500096321106,0.2003769874572754,-0.10712908953428268,0.5936467051506042
2167,42.206825256347656,24.389371871948242,0.4990375339984894,0.20035770535469055,-0.08463002741336823,0.59038907289505
2168,41.996925354003906,24.163427352905273,0.5071374773979187,0.2005006968975067,-0.06802679598331451,0.5663670897483826
2169,42.21281051635742,24.34905433654785,0.499562531709671,0.20049192011356354,-0.059600938111543655,0.5607925057411194
2170,42.475467681884766,25.1989803314209,0.49992504715919495,0.20049041509628296,-0.05249134078621864,0.5768684148788452
2171,42.51356887817383,25.416418075561523,0.49557507038116455,0.2004016935825348,-0.038162317126989365,0.5939499139785767
2172,42.55573272705078,25.477815628051758,0.49365004897117615,0.20027443766593933,-0.0433662123978138,0.5781236886978149
2173,42.37189865112305,25.14748764038086,0.4851125180721283,0.19997628033161163,-0.04543576389551163,0.5661219358444214
2174,42.43946838378906,25.294559478759766,0.48541250824928284,0.19968456029891968,-0.04796714335680008,0.571814239025116
2175,42.528568267822266,25.03582191467285,0.49988749623298645,0.1996823102235794,-0.04059857875108719,0.5754636526107788
2176,42.13993453979492,24.380756378173828,0.49758753180503845,0.1996341496706009,-0.061695169657468796,0.5830020904541016
2177,41.931434631347656,23.823230743408203,0.5027750134468079,0.19968955218791962,-0.07430548965930939,0.6074275970458984
2178,42.51466369628906,25.36387062072754,0.5071125030517578,0.19983157515525818,-0.038487739861011505,0.6266365051269531
2179,42.11420440673828,24.156452178955078,0.5101375579833984,0.20003415644168854,-0.06917114555835724,0.5862569212913513
2180,42.20126724243164,24.252893447875977,0.5095500349998474,0.20022518932819366,-0.09582596272230148,0.5966455936431885
2181,42.53691482543945,25.182992935180664,0.5069499611854553,0.200364351272583,-0.08434095978736877,0.592326819896698
2182,42.33021545410156,24.98282241821289,0.5070624947547913,0.20050585269927979,-0.0668758824467659,0.5732260942459106
2183,42.37086486816406,24.449098587036133,0.5061500668525696,0.20062915980815887,-0.0714496299624443,0.5594626069068909
2184,42.2862663269043,24.45602035522461,0.5013999938964844,0.20065723359584808,-0.02395765855908394,0.599158525466919
2185,42.625823974609375,25.410991668701172,0.4961875379085541,0.20058073103427887,-0.06251682341098785,0.5802395939826965
2186,42.19387435913086,24.165498733520508,0.4953000545501709,0.2004864662885666,-0.03790773078799248,0.5846039652824402
2187,42.41239547729492,25.119596481323242,0.4914625287055969,0.20031529664993286,-0.06987294554710388,0.5938421487808228
2188,42.01587677001953,23.978548049926758,0.4889875054359436,0.20009469985961914,-0.0447629950940609,0.5805091261863708
2189,42.54267501831055,25.62625503540039,0.4885125160217285,0.19986483454704285,-0.08063537627458572,0.5983815789222717
2190,42.31778335571289,24.824172973632812,0.48958754539489746,0.19965672492980957,-0.06585319340229034,0.5917903780937195
2191,42.47333526611328,25.329938888549805,0.49038752913475037,0.199464812874794,-0.07347247004508972,0.5844728946685791
2192,42.189998626708984,24.567827224731445,0.4947250485420227,0.19935959577560425,-0.052027732133865356,0.5862236022949219
2193,42.553855895996094,25.594499588012695,0.4941999912261963,0.19924396276474,-0.0990893617272377,0.5994474291801453
2194,42.85563278198242,25.99464988708496,0.50142502784729,0.19927234947681427,-0.06022075191140175,0.6018133163452148
2195,42.736000061035156,25.447246551513672,0.501787543296814,0.19930797815322876,-0.09960230439901352,0.5627927184104919
2196,42.42928695678711,24.75649070739746,0.5051250457763672,0.19941012561321259,-0.05562536418437958,0.5897333025932312
2197,42.513832092285156,25.152019500732422,0.502262532711029,0.19945524632930756,-0.08461041748523712,0.5987364053726196
2198,42.18052673339844,24.64297866821289,0.5040500164031982,0.1995360106229782,-0.06248901039361954,0.6025579571723938
2199,41.99686050415039,23.883480072021484,0.5001625418663025,0.19953924417495728,-0.08695897459983826,0.6139420866966248
2200,42.178916931152344,24.25139045715332,0.49820002913475037,0.1995033323764801,-0.0625048354268074,0.6083974838256836
2201,42.17878341674805,24.684236526489258,0.49545004963874817,0.19941255450248718,-0.06274127960205078,0.5961045622825623
2202,42.154624938964844,24.38658905029297,0.5010000467300415,0.19943249225616455,-0.06241553649306297,0.5956915020942688
2203,42.05756759643555,24.386133193969727,0.49703752994537354,0.19937340915203094,-0.07182852178812027,0.5807530879974365
2204,42.24764633178711,24.417861938476562,0.4986875355243683,0.19934724271297455,-0.07984405755996704,0.6064407229423523
2205,42.01557540893555,24.139780044555664,0.4985000193119049,0.1993173360824585,-0.09722426533699036,0.5727978348731995
2206,42.50927734375,25.58399772644043,0.5017750263214111,0.1993527114391327,-0.07391177862882614,0.5947095155715942
2207,42.27728271484375,24.671958923339844,0.50347501039505,0.1994219869375229,-0.0849599614739418,0.5941982865333557
2208,42.430484771728516,25.253835678100586,0.5031000375747681,0.19948379695415497,-0.08991255611181259,0.6144058108329773
2209,41.868038177490234,23.427387237548828,0.500825047492981,0.19950024783611298,-0.08216995000839233,0.6005800366401672
2210,42.65700912475586,25.591350555419922,0.5012000203132629,0.1995241940021515,-0.045049164444208145,0.5940534472465515
2211,42.704071044921875,25.677165985107422,0.5045750141143799,0.199615478515625,-0.08781543374061584,0.6005992889404297
2212,42.17424774169922,24.220643997192383,0.507550060749054,0.19976617395877838,-0.09426409006118774,0.5720635652542114
2213,42.313899993896484,24.79363250732422,0.5085875391960144,0.19993773102760315,-0.05052713304758072,0.6110431551933289
2214,42.25364685058594,24.6146297454834,0.5048250555992126,0.2000342160463333,-0.06365977972745895,0.5806402564048767
2215,42.797183990478516,25.728363037109375,0.49928754568099976,0.200019970536232,-0.05478784441947937,0.5872296094894409
2216,42.36298751831055,24.47721290588379,0.4947250187397003,0.19991445541381836,-0.062504842877388,0.5710003972053528
2217,41.79741668701172,23.280494689941406,0.49877503514289856,0.19988997280597687,-0.028537692502141,0.5928683876991272
2218,42.294891357421875,24.57485580444336,0.4945250153541565,0.19978052377700806,-0.012542779557406902,0.564835250377655
2219,42.32295227050781,24.351930618286133,0.48750001192092896,0.19953079521656036,-0.03167060762643814,0.5522817373275757
2220,42.64841842651367,25.615581512451172,0.4826750159263611,0.19918511807918549,-0.03474190831184387,0.5827895402908325
2221,42.69462203979492,25.97394561767578,0.48930004239082336,0.19897198677062988,-0.03501223027706146,0.574840247631073
2222,42.84489059448242,26.245943069458008,0.4873500168323517,0.1987202912569046,-0.04839284345507622,0.5622539520263672
2223,42.36394119262695,24.93871307373047,0.4906250238418579,0.19853398203849792,-0.03408931568264961,0.5627449154853821
2224,42.4836540222168,24.99428939819336,0.4960000216960907,0.1984545737504959,-0.03428710997104645,0.5362643003463745
2225,42.54704284667969,25.0543212890625,0.49707502126693726,0.19839653372764587,-0.0501164011657238,0.5560644865036011
2226,42.62971878051758,25.220233917236328,0.503250002861023,0.19846101105213165,-0.0591944195330143,0.5620450973510742
2227,42.401309967041016,25.048133850097656,0.5046250224113464,0.19855280220508575,-0.06333856284618378,0.568079948425293
2228,42.70899963378906,25.694019317626953,0.5079625248908997,0.19871088862419128,-0.06540446728467941,0.6026757955551147
2229,41.85220718383789,23.60397720336914,0.5105125308036804,0.19891978800296783,-0.09390043467283249,0.6012441515922546
2230,41.9583740234375,23.823667526245117,0.5019750595092773,0.198959082365036,-0.0672401711344719,0.5991172790527344
2231,42.250492095947266,24.553817749023438,0.49877500534057617,0.19893471896648407,-0.10376466810703278,0.5845177173614502
2232,42.304283142089844,24.87383270263672,0.49473753571510315,0.1988300234079361,-0.06877260655164719,0.5888969898223877
2233,42.1991081237793,24.59484100341797,0.49293753504753113,0.19868959486484528,-0.08478661626577377,0.5795288681983948
2234,42.55879592895508,25.367210388183594,0.4955125153064728,0.1986004263162613,-0.06253337860107422,0.598309338092804
2235,42.74971389770508,25.515239715576172,0.5024750232696533,0.1986495703458786,0.0006720466772094369,0.5681964755058289
2236,42.190277099609375,24.322673797607422,0.5047750473022461,0.19874443113803864,-0.05715818330645561,0.5812556743621826
2237,42.53989028930664,25.252986907958984,0.5024375319480896,0.19879287481307983,-0.04756045714020729,0.5964636206626892
2238,42.50189208984375,24.977664947509766,0.5043375492095947,0.19887910783290863,-0.07912489771842957,0.5670820474624634
2239,41.78934860229492,23.35386848449707,0.5054500102996826,0.19898749887943268,-0.09404321014881134,0.58660489320755
2240,42.5964241027832,25.47341537475586,0.5047875642776489,0.19908276200294495,-0.1063917875289917,0.601578414440155
2241,42.22356033325195,24.760202407836914,0.5052125453948975,0.1991865485906601,-0.08167512714862823,0.601668119430542
2242,42.06855773925781,24.01138687133789,0.5056875348091125,0.19929984211921692,-0.09929666668176651,0.6070777773857117
2243,42.18941116333008,24.363065719604492,0.5046499967575073,0.19939252734184265,-0.049082446843385696,0.6345927715301514
2244,42.469451904296875,25.19930648803711,0.5043875575065613,0.19948002696037292,-0.06971074640750885,0.596680223941803
2245,41.86973190307617,23.692747116088867,0.5010875463485718,0.19950170814990997,-0.04988100007176399,0.5763260126113892
2246,42.20290756225586,24.31085777282715,0.4990750253200531,0.1994832456111908,-0.059789445251226425,0.5886697173118591
2247,42.68130874633789,25.27187728881836,0.4941875636577606,0.19936729967594147,-0.04636130854487419,0.588338315486908
2248,41.97910690307617,23.64055824279785,0.49348750710487366,0.19923746585845947,-0.04678408429026604,0.5701291561126709
2249,42.31927490234375,24.737838745117188,0.4984625577926636,0.19920684397220612,-0.05604622885584831,0.5843302607536316
2250,42.52582550048828,24.958759307861328,0.5039625763893127,0.19928577542304993,-0.03527694195508957,0.57562255859375
2251,42.568058013916016,25.053224563598633,0.5004000067710876,0.19929376244544983,-0.05479300767183304,0.5533103942871094
2252,42.23365020751953,24.59058380126953,0.4980250597000122,0.19925440847873688,-0.05517151579260826,0.5819900035858154
2253,42.741947174072266,25.58548355102539,0.5004750490188599,0.19926385581493378,-0.07398497313261032,0.6044664978981018
2254,42.295677185058594,24.56998062133789,0.4993875026702881,0.19925165176391602,-0.08168096095323563,0.5985908508300781
2255,42.3866081237793,24.947080612182617,0.5057750344276428,0.1993667036294937,-0.07517905533313751,0.5914686918258667
2256,42.29762649536133,24.613065719604492,0.5053000450134277,0.1994723677635193,-0.04186119884252548,0.6120009422302246
2257,42.338680267333984,24.62543296813965,0.5077999830245972,0.19962795078754425,-0.06425521522760391,0.5730304718017578
2258,42.42060852050781,24.881336212158203,0.5090500712394714,0.19980862736701965,-0.06028648465871811,0.5952224135398865
2259,42.260013580322266,24.16446304321289,0.504925012588501,0.19990701973438263,-0.043632492423057556,0.5765166878700256
2260,42.57284927368164,24.99053192138672,0.5006500482559204,0.19992001354694366,-0.11650383472442627,0.5761115550994873
2261,42.23833465576172,24.968177795410156,0.4953375458717346,0.19982680678367615,-0.040430836379528046,0.5588107705116272
2262,42.44751739501953,25.043039321899414,0.49500003457069397,0.1997268944978714,-0.052630066871643066,0.5748005509376526
2263,42.04837417602539,24.203027725219727,0.48928749561309814,0.19951292872428894,-0.05266052484512329,0.568696141242981
2264,42.512428283691406,25.341228485107422,0.48951253294944763,0.19930368661880493,-0.03990790992975235,0.5621211528778076
2265,42.66850280761719,25.530309677124023,0.4887000322341919,0.19907847046852112,-0.021226733922958374,0.577907383441925
2266,42.6257438659668,25.3179931640625,0.4943000376224518,0.19896499812602997,-0.02546096406877041,0.553930938243866
2267,42.311546325683594,24.09531593322754,0.49380001425743103,0.1988416314125061,-0.053436219692230225,0.5870015025138855
2268,42.4531135559082,24.632076263427734,0.5034500360488892,0.19891023635864258,-0.059615619480609894,0.5825064182281494
2269,42.90631866455078,25.969377517700195,0.503250002861023,0.1989748775959015,-0.06126244738698006,0.5722948908805847
2270,42.29254150390625,24.366466522216797,0.5100374817848206,0.19917459785938263,-0.029494689777493477,0.5841083526611328
2271,42.682228088378906,25.030702590942383,0.5056625008583069,0.19928738474845886,-0.09505369514226913,0.5788105130195618
2272,42.07221603393555,24.004261016845703,0.5098375678062439,0.19948342442512512,-0.08006136864423752,0.5846307277679443
2273,42.179595947265625,24.37978744506836,0.5058250427246094,0.19959960877895355,-0.11170273274183273,0.6241925358772278
2274,42.3446159362793,24.816020965576172,0.5014625191688538,0.1996288001537323,-0.052648548036813736,0.5972232222557068
2275,42.2330436706543,24.243579864501953,0.5054875612258911,0.19973833858966827,-0.11184073984622955,0.6202452182769775
2276,42.497135162353516,25.100296020507812,0.4980125427246094,0.19969864189624786,-0.12455028295516968,0.5956565737724304
2277,42.22703552246094,24.473737716674805,0.5007500052452087,0.19971361756324768,-0.08813055604696274,0.5926632285118103
2278,42.54489517211914,25.537439346313477,0.4988250434398651,0.19969014823436737,-0.0559949167072773,0.5882485508918762
2279,42.82947540283203,26.144908905029297,0.503837525844574,0.19976677000522614,-0.07862716168165207,0.588013768196106
2280,42.697357177734375,25.616315841674805,0.5021250247955322,0.1998092234134674,-0.07958175987005234,0.5743352174758911
2281,42.47974395751953,25.043195724487305,0.5104000568389893,0.2000170201063156,-0.06363293528556824,0.5709543228149414
2282,42.34298324584961,24.394207000732422,0.5115125179290771,0.20024728775024414,-0.06879229843616486,0.5964640974998474
2283,42.27812194824219,24.607492446899414,0.5067875385284424,0.20038321614265442,-0.03546199947595596,0.5906850695610046
2284,42.335750579833984,24.937896728515625,0.5057375431060791,0.20049819350242615,-0.03622133657336235,0.5983579754829407
2285,42.6839599609375,25.316007614135742,0.502625048160553,0.20055082440376282,-0.06073861941695213,0.5931646227836609
2286,42.51782989501953,25.17713165283203,0.497637540102005,0.20050343871116638,-0.04526060074567795,0.5857741832733154
2287,42.479583740234375,25.14031219482422,0.49160006642341614,0.20033501088619232,-0.0826319232583046,0.5770296454429626
2288,42.29909133911133,24.8874454498291,0.49541252851486206,0.20024311542510986,-0.06038181856274605,0.5853789448738098
2289,42.4420166015625,25.179340362548828,0.4953000247478485,0.20014899969100952,-0.06880844384431839,0.5874363780021667
2290,42.256317138671875,24.6229305267334,0.49133750796318054,0.1999756246805191,-0.10606804490089417,0.5840020179748535
2291,42.27577590942383,24.83835792541504,0.4999125301837921,0.19997386634349823,-0.08993028849363327,0.5909003615379333
2292,42.330543518066406,24.2999210357666,0.5030500292778015,0.20003487169742584,-0.10946956276893616,0.6020350456237793
2293,42.081729888916016,23.869897842407227,0.50576251745224,0.20015014708042145,-0.08056562393903732,0.6154230833053589
2294,42.456459045410156,24.634401321411133,0.5030875205993652,0.20021194219589233,-0.0732019916176796,0.6056325435638428
2295,42.1888542175293,24.451923370361328,0.5052250027656555,0.20031654834747314,-0.07154423743486404,0.6014092564582825
2296,42.050724029541016,23.893447875976562,0.5033750534057617,0.20038415491580963,-0.0979839563369751,0.5606225728988647
2297,42.4830436706543,24.90144157409668,0.49588754773139954,0.20030173659324646,-0.06565562635660172,0.57001793384552
2298,42.502010345458984,25.46906280517578,0.4906500279903412,0.200114443898201,-0.11139854043722153,0.5831546783447266
2299,42.59734344482422,25.532020568847656,0.4926500618457794,0.1999673694372177,-0.08646843582391739,0.5780178904533386
2300,42.43091583251953,24.881555557250977,0.49508750438690186,0.19986912608146667,-0.05703215301036835,0.5921128988265991
2301,42.2700080871582,24.72279930114746,0.4974250793457031,0.19981765747070312,-0.08331091701984406,0.596405029296875
2302,42.2263069152832,24.68603515625,0.501550018787384,0.19984862208366394,-0.05800607427954674,0.5977522134780884
2303,41.97994613647461,24.053281784057617,0.5018500089645386,0.19988559186458588,-0.04578794538974762,0.5705108642578125
2304,42.2671012878418,24.678239822387695,0.5018375515937805,0.19992230832576752,-0.046412575989961624,0.576854944229126
2305,42.68144989013672,25.611621856689453,0.49900001287460327,0.19990231096744537,-0.0406954400241375,0.5836727023124695
2306,42.111412048339844,24.04173469543457,0.5024000406265259,0.19995027780532837,-0.06232699751853943,0.5978845357894897
2307,42.54214859008789,25.53858184814453,0.4989500045776367,0.19992928206920624,-0.07353070378303528,0.5892674922943115
2308,42.43619155883789,25.16347312927246,0.5010250210762024,0.19994978606700897,-0.0681285560131073,0.6001688241958618
2309,42.38588333129883,24.816017150878906,0.5028250217437744,0.20000627636909485,-0.0901714339852333,0.6100209951400757
2310,42.44987106323242,25.07429313659668,0.49922502040863037,0.19999077916145325,-0.07536842674016953,0.608696699142456
2311,42.6531867980957,25.37294578552246,0.49736252427101135,0.19993802905082703,-0.06751222908496857,0.5916396379470825
2312,42.281585693359375,24.704833984375,0.5040250420570374,0.2000184953212738,-0.06930162012577057,0.6060281991958618
2313,42.16881561279297,24.530736923217773,0.49922502040863037,0.2000029981136322,-0.07978245615959167,0.5917070508003235
2314,42.52018356323242,24.948862075805664,0.498912513256073,0.19998125731945038,-0.07317734509706497,0.598034679889679
2315,42.118812561035156,24.391239166259766,0.5056124925613403,0.20009349286556244,-0.05402035266160965,0.6193644404411316
2316,42.58226013183594,25.537765502929688,0.49602505564689636,0.20001395046710968,-0.04409189149737358,0.5853582620620728
2317,42.31281280517578,24.789430618286133,0.496550053358078,0.19994494318962097,-0.042997095733881,0.6017282009124756
2318,41.726688385009766,23.691064834594727,0.49307504296302795,0.19980648159980774,-0.049362484365701675,0.6031290292739868
2319,42.005802154541016,24.251806259155273,0.49675002694129944,0.19974154233932495,-0.07202950865030289,0.5511747002601624
2320,41.98466110229492,23.91207504272461,0.4938250482082367,0.19961820542812347,-0.036510318517684937,0.5756502151489258
2321,41.91210174560547,24.332704544067383,0.49547502398490906,0.19952787458896637,-0.07441890239715576,0.5639604926109314
2322,42.630638122558594,25.67131805419922,0.49598756432533264,0.19944781064987183,-0.04845571517944336,0.5729647278785706
2323,42.418399810791016,24.995100021362305,0.49547499418258667,0.1993575543165207,-0.054795537143945694,0.5709628462791443
2324,42.26078414916992,24.749738693237305,0.4929500222206116,0.19921700656414032,-0.08108153939247131,0.5590923428535461
2325,42.52983474731445,25.24993896484375,0.5011250376701355,0.19923941791057587,-0.08317606151103973,0.5872045755386353
2326,42.34550094604492,24.825244903564453,0.5001624822616577,0.19924265146255493,-0.08442766219377518,0.6017693281173706
2327,42.39592361450195,24.927122116088867,0.5027750730514526,0.1992979496717453,-0.0585479699075222,0.5846560001373291
2328,42.39634323120117,24.749671936035156,0.5079125165939331,0.19945566356182098,-0.0981232076883316,0.5832805037498474
2329,42.39051818847656,25.048887252807617,0.5030250549316406,0.19951601326465607,-0.060784243047237396,0.6018900871276855
2330,42.00700759887695,23.698749542236328,0.502875030040741,0.19957338273525238,-0.09720417112112045,0.5759899020195007
2331,42.163726806640625,24.369779586791992,0.502387523651123,0.1996210366487503,-0.07175350189208984,0.5849985480308533
2332,42.24056625366211,24.05660057067871,0.5030875205993652,0.19968266785144806,-0.07444944977760315,0.5825749039649963
2333,42.47974395751953,25.070213317871094,0.49931252002716064,0.19966894388198853,-0.08463127166032791,0.5959508419036865
2334,42.1237678527832,23.892173767089844,0.4954625368118286,0.19957834482192993,-0.038385387510061264,0.5786876082420349
2335,42.79266357421875,25.53812599182129,0.49755001068115234,0.19952945411205292,-0.018325041979551315,0.5670113563537598
2336,42.41847229003906,24.851022720336914,0.4959750473499298,0.19944913685321808,-0.062349654734134674,0.5725714564323425
2337,42.560546875,25.428726196289062,0.4994250237941742,0.19943766295909882,-0.0490400567650795,0.5709660053253174
2338,42.24781799316406,24.142133712768555,0.49758753180503845,0.19938956201076508,-0.06146664917469025,0.5884372591972351
2339,42.52676773071289,25.0655517578125,0.4934750497341156,0.1992594599723816,-0.0719464123249054,0.5917148590087891
2340,42.29973220825195,24.780149459838867,0.5010625123977661,0.19928061962127686,-0.06462635844945908,0.5724415183067322
2341,42.298667907714844,24.218860626220703,0.5020250678062439,0.199320986866951,-0.07475580275058746,0.6023183465003967
2342,42.54411315917969,25.2345027923584,0.5058125257492065,0.19943684339523315,-0.064407579600811,0.5877480506896973
2343,42.02865982055664,23.899078369140625,0.5061250329017639,0.19955900311470032,-0.06688264012336731,0.6153944730758667
2344,42.550872802734375,24.998069763183594,0.5006375312805176,0.19957172870635986,-0.07626976817846298,0.6045992374420166
2345,42.95828628540039,26.13802146911621,0.5026125311851501,0.19962388277053833,-0.09673454612493515,0.5804644227027893
2346,42.55613327026367,25.26345443725586,0.5062750577926636,0.199749156832695,-0.07589420676231384,0.6018040776252747
2347,42.49700164794922,25.113971710205078,0.5020250678062439,0.1997896134853363,-0.07925665378570557,0.5956873297691345
2348,42.08589172363281,23.809986114501953,0.5010875463485718,0.19981133937835693,-0.03604551777243614,0.5900644063949585
2349,42.13254928588867,24.38449478149414,0.5003875494003296,0.19981908798217773,-0.058122001588344574,0.578356146812439
2350,42.34192657470703,25.017885208129883,0.49733754992485046,0.1997658908367157,-0.06245753914117813,0.5873875617980957
2351,42.3751335144043,24.843326568603516,0.498850017786026,0.19974292814731598,-0.06493428349494934,0.5993989706039429
2352,42.64433288574219,24.901342391967773,0.4948875308036804,0.19964081048965454,-0.056174181401729584,0.6136501431465149
2353,42.2753791809082,24.635356903076172,0.49608755111694336,0.1995626986026764,-0.04283738136291504,0.5894298553466797
2354,42.43533706665039,24.62407875061035,0.4969625473022461,0.19950208067893982,-0.05941050127148628,0.5703092217445374
2355,42.22000503540039,24.222116470336914,0.49566254019737244,0.19941554963588715,-0.08325598388910294,0.5685704946517944
2356,42.15561294555664,24.035158157348633,0.49636250734329224,0.1993430107831955,-0.04179117828607559,0.5805825591087341
2357,42.41152572631836,25.05545997619629,0.49851253628730774,0.19931335747241974,-0.05485258251428604,0.5744134783744812
2358,42.35868453979492,24.65932273864746,0.49582502245903015,0.1992301493883133,-0.0684661716222763,0.5671179890632629
2359,42.2484016418457,24.427261352539062,0.49265003204345703,0.19908371567726135,-0.048903465270996094,0.5762924551963806
2360,42.31897735595703,24.78124237060547,0.4930000305175781,0.1989443600177765,-0.044206321239471436,0.5917085409164429
2361,42.45451354980469,25.328590393066406,0.49572503566741943,0.1988593190908432,-0.07810071110725403,0.5649211406707764
2362,42.477760314941406,25.242431640625,0.5011125802993774,0.19888143241405487,-0.08094348013401031,0.5733191967010498
2363,42.53333282470703,25.465253829956055,0.5016000866889954,0.19891324639320374,-0.08152657002210617,0.5711405873298645
2364,42.36977005004883,24.612539291381836,0.510075032711029,0.199113667011261,-0.08053124696016312,0.5854407548904419
2365,42.32875442504883,24.660301208496094,0.5094500184059143,0.1993018239736557,-0.06851590424776077,0.5827857851982117
2366,42.47854232788086,25.35963249206543,0.5040500164031982,0.19938252866268158,-0.09298378974199295,0.5758217573165894
2367,42.3758659362793,24.493623733520508,0.501300036907196,0.19940845668315887,-0.06488718092441559,0.5907366871833801
2368,42.908203125,26.227832794189453,0.4979250133037567,0.19936707615852356,-0.11173983663320541,0.5798824429512024
2369,42.484214782714844,25.44838523864746,0.4977875351905823,0.19932296872138977,-0.053470682352781296,0.5615823268890381
2370,42.03819274902344,24.280887603759766,0.49563753604888916,0.19923602044582367,-0.059241075068712234,0.5456547141075134
2371,42.421875,24.87648582458496,0.4954875409603119,0.19914610683918,-0.0606684684753418,0.5752065777778625
2372,42.32473373413086,25.0896053314209,0.5008500218391418,0.1991630345582962,-0.03381217643618584,0.5728755593299866
2373,42.430538177490234,25.124618530273438,0.5006375312805176,0.19917573034763336,-0.07071205228567123,0.5777707099914551
2374,42.361297607421875,24.722444534301758,0.503962516784668,0.19925464689731598,-0.06114881858229637,0.5853434205055237
2375,42.51338195800781,24.849071502685547,0.4997375011444092,0.19924941658973694,-0.06373987346887589,0.5998639464378357
2376,42.971534729003906,25.785551071166992,0.5051500201225281,0.19935202598571777,-0.05614824220538139,0.5967302918434143
2377,42.51722717285156,24.988435745239258,0.5073000192642212,0.19949756562709808,-0.07639334350824356,0.5546720623970032
2378,42.240047454833984,24.724740982055664,0.5057874917984009,0.19961301982402802,-0.07601190358400345,0.6069399118423462
2379,42.45730972290039,24.87616729736328,0.5045125484466553,0.19970308244228363,-0.059244658797979355,0.5913258790969849
2380,42.73869323730469,25.983556747436523,0.5022000074386597,0.1997470259666443,-0.08170705288648605,0.5667021870613098
2381,42.148277282714844,24.04244613647461,0.4985125660896301,0.19971731305122375,-0.06907234340906143,0.601287841796875
2382,42.38520431518555,24.833200454711914,0.4985250234603882,0.19968785345554352,-0.0827825590968132,0.5930356979370117
2383,42.14531707763672,24.48505973815918,0.500837504863739,0.1997045874595642,-0.09420168399810791,0.6075270175933838
2384,42.529781341552734,25.411895751953125,0.4981500208377838,0.19966763257980347,-0.044666822999715805,0.6082468032836914
2385,42.168087005615234,24.482431411743164,0.49748751521110535,0.19961747527122498,-0.09385817497968674,0.6028837561607361
2386,42.1047477722168,24.246280670166016,0.49457502365112305,0.1995091736316681,-0.05063233524560928,0.5947932004928589
2387,42.6569938659668,25.389606475830078,0.5047374963760376,0.19960369169712067,-0.08026448637247086,0.5637862682342529
2388,42.22674560546875,24.580232620239258,0.5011000037193298,0.1996256560087204,-0.07270900160074234,0.5735164284706116
2389,42.18235778808594,24.6448917388916,0.5054250359535217,0.19973395764827728,-0.09597892314195633,0.5818442702293396
2390,42.44361877441406,25.06831169128418,0.5050625205039978,0.19983507692813873,-0.03324637934565544,0.5890699625015259
2391,42.44101333618164,25.18360137939453,0.49945002794265747,0.19982407987117767,-0.07298734039068222,0.58640056848526
2392,42.224090576171875,24.97039031982422,0.49755001068115234,0.19977512955665588,-0.014615247957408428,0.5946820974349976
2393,42.18687057495117,24.49238395690918,0.4975000321865082,0.1997251957654953,-0.08015023171901703,0.6015565991401672
2394,42.21986770629883,24.673931121826172,0.4955500066280365,0.199636310338974,-0.0985693633556366,0.5842229127883911
2395,42.10992431640625,24.221546173095703,0.4963875412940979,0.19956418871879578,-0.10309143364429474,0.608132541179657
2396,42.270870208740234,24.540254592895508,0.49160003662109375,0.199396550655365,-0.07972105592489243,0.5940665006637573
2397,42.140621185302734,24.085304260253906,0.4957375228404999,0.19931155443191528,-0.07033335417509079,0.5736943483352661
2398,42.021968841552734,24.177087783813477,0.4970875382423401,0.19925351440906525,-0.07297959923744202,0.5558373332023621
2399,42.3223876953125,24.781147003173828,0.4966750144958496,0.1991872638463974,-0.02466641366481781,0.5915109515190125
2400,42.25838851928711,24.93642234802246,0.5014625191688538,0.19921639561653137,-0.05562611669301987,0.5819271206855774
2401,42.685089111328125,25.872507095336914,0.499500036239624,0.1992064267396927,-0.047405168414115906,0.5814130902290344
2402,42.49223327636719,25.090797424316406,0.5043875575065613,0.1992938369512558,-0.011616786010563374,0.60139399766922
2403,42.62138366699219,25.319072723388672,0.4983625113964081,0.19926120340824127,-0.05962079390883446,0.5906974077224731
2404,42.48143768310547,25.32061767578125,0.5005250573158264,0.19927164912223816,-0.06374464929103851,0.5730113983154297
2405,41.991058349609375,23.905424118041992,0.49783751368522644,0.19922855496406555,-0.06814442574977875,0.5714325904846191
2406,41.98453903198242,24.044822692871094,0.49720004200935364,0.1991727650165558,-0.05491628497838974,0.5806654691696167
2407,42.77037048339844,26.05599021911621,0.49768751859664917,0.1991267055273056,-0.10307101160287857,0.5855461955070496
2408,42.43425750732422,25.043909072875977,0.4972250461578369,0.19907143712043762,-0.08296598494052887,0.6041978597640991
2409,42.5143928527832,25.41537094116211,0.4967750310897827,0.19900722801685333,-0.08089621365070343,0.5667898058891296
2410,42.43229293823242,24.97817039489746,0.5040625333786011,0.19908808171749115,-0.08906538784503937,0.5716366767883301
2411,42.64826583862305,25.3120059967041,0.5031124949455261,0.19915005564689636,-0.056908488273620605,0.5856081247329712
2412,42.31155014038086,25.064102172851562,0.5068875551223755,0.19928723573684692,-0.04278723523020744,0.5987985730171204
2413,42.10183334350586,23.911619186401367,0.5055500268936157,0.19939784705638885,-0.03274421766400337,0.5688592791557312
2414,42.379459381103516,25.000873565673828,0.5059125423431396,0.19951574504375458,-0.055476393550634384,0.5909468531608582
2415,42.35255813598633,24.690467834472656,0.5071500539779663,0.19965840876102448,-0.052012987434864044,0.5773715972900391
2416,42.46779251098633,24.855087280273438,0.4962250292301178,0.199583038687706,-0.05535053834319115,0.5767651200294495
2417,42.17689895629883,24.318130493164062,0.498199999332428,0.19954711198806763,-0.015203297138214111,0.5611042380332947
2418,42.202980041503906,24.53211212158203,0.49713754653930664,0.1994899958372116,-0.09123656153678894,0.5684910416603088
2419,42.081016540527344,23.966344833374023,0.49563753604888916,0.19940297305583954,-0.057828422635793686,0.583681046962738
2420,42.28545379638672,24.810129165649414,0.49213752150535583,0.19924619793891907,-0.11031309515237808,0.5674129724502563
2421,41.99814224243164,24.14447021484375,0.48895004391670227,0.19902603328227997,-0.0752650648355484,0.5912693738937378
2422,42.28435516357422,24.70774269104004,0.49342501163482666,0.1988951712846756,-0.06174039840698242,0.5841365456581116
2423,42.44539260864258,25.040283203125,0.49250003695487976,0.198745995759964,-0.052597709000110626,0.5855045318603516
2424,42.58394241333008,25.315662384033203,0.49755004048347473,0.1986973136663437,-0.061864301562309265,0.5396775603294373
2425,42.63467788696289,25.272096633911133,0.4927250146865845,0.19855277240276337,-0.05947019159793854,0.5593512058258057
2426,41.874542236328125,23.59956169128418,0.4928375482559204,0.19841055572032928,-0.07568030804395676,0.5922407507896423
2427,42.512733459472656,25.56781578063965,0.4927125573158264,0.19826596975326538,-0.03149693086743355,0.5900213122367859
2428,42.435638427734375,25.016756057739258,0.49721255898475647,0.1982107013463974,-0.04773259162902832,0.5789595246315002
2429,42.181400299072266,24.604572296142578,0.4985000193119049,0.19818095862865448,-0.08296647667884827,0.589881956577301
2430,42.36238479614258,24.738048553466797,0.5051875114440918,0.19828377664089203,-0.05921655893325806,0.6012176275253296
2431,42.391300201416016,24.673723220825195,0.5099375247955322,0.19848081469535828,-0.06761562079191208,0.6062241196632385
2432,42.250160217285156,24.506532669067383,0.5094375014305115,0.19866813719272614,-0.08433380722999573,0.611778974533081
2433,41.867156982421875,23.741016387939453,0.5094500184059143,0.19885587692260742,-0.08642085641622543,0.6153134703636169
2434,42.25884246826172,24.38945770263672,0.5113750100135803,0.19908207654953003,-0.11691145598888397,0.5926017761230469
2435,42.39232635498047,24.985702514648438,0.5100125074386597,0.19928140938282013,-0.07524210214614868,0.5708997249603271
2436,42.39338302612305,24.860179901123047,0.5100500583648682,0.19948169589042664,-0.07103737443685532,0.6000885963439941
2437,42.176658630371094,23.994081497192383,0.5035000443458557,0.1995515078306198,-0.06073373183608055,0.6074817180633545
2438,42.47774887084961,25.267589569091797,0.502512514591217,0.1996016502380371,-0.0964774563908577,0.5818532109260559
2439,42.141361236572266,25.109638214111328,0.499562531709671,0.19959291815757751,-0.055306266993284225,0.5846821069717407
2440,42.52244186401367,25.435367584228516,0.4969000518321991,0.19953104853630066,-0.09151490032672882,0.5872714519500732
2441,42.590457916259766,25.17939567565918,0.4974125325679779,0.19947941601276398,-0.04119310528039932,0.5946941375732422
2442,42.44826889038086,25.496780395507812,0.49771252274513245,0.19943378865718842,-0.08428066223859787,0.5774010419845581
2443,42.484886169433594,24.917844772338867,0.5006250739097595,0.19944624602794647,-0.02917393483221531,0.5973964929580688
2444,42.21501541137695,24.44614601135254,0.4982750415802002,0.19941183924674988,-0.052086953073740005,0.5731315612792969
2445,42.41282653808594,24.88440704345703,0.5033625364303589,0.1994788944721222,-0.05009348690509796,0.5656462907791138
2446,42.56193923950195,25.268827438354492,0.5013750791549683,0.19950634241104126,-0.02302057109773159,0.5917340517044067
2447,42.522216796875,25.183269500732422,0.500462532043457,0.19951556622982025,-0.08523955196142197,0.5650373101234436
2448,42.848182678222656,25.764406204223633,0.5053375363349915,0.1996220499277115,-0.08596611022949219,0.589837372303009
2449,42.45109939575195,25.095722198486328,0.5010875463485718,0.19964374601840973,-0.0957115963101387,0.5786556005477905
2450,42.41995620727539,24.86728858947754,0.506100058555603,0.19976553320884705,-0.0961417555809021,0.6097250580787659
2451,42.338661193847656,24.764820098876953,0.5012000203132629,0.19978950917720795,-0.03746431693434715,0.5982721447944641
2452,42.458351135253906,25.200008392333984,0.4980250298976898,0.19975005090236664,-0.044899262487888336,0.5858251452445984
2453,42.547481536865234,25.13148307800293,0.49303752183914185,0.19961097836494446,-0.06238019838929176,0.5960693955421448
2454,42.13053894042969,24.158973693847656,0.49591249227523804,0.19952937960624695,-0.07979894429445267,0.5678545832633972
2455,42.190032958984375,24.1807918548584,0.4963875412940979,0.1994573026895523,-0.059524934738874435,0.5890347361564636
2456,42.687889099121094,25.86298942565918,0.49211254715919495,0.19929997622966766,-0.05707308650016785,0.5773409008979797
2457,41.98225021362305,23.82779312133789,0.5021750330924988,0.19934333860874176,-0.06851071864366531,0.587705135345459
2458,42.489952087402344,24.794578552246094,0.5010375380516052,0.19936400651931763,-0.07260861247777939,0.6141735911369324
2459,42.269935607910156,24.255352020263672,0.5008625388145447,0.19938121736049652,-0.058104921132326126,0.597821056842804
2460,42.06769561767578,24.101285934448242,0.5032874941825867,0.19944676756858826,-0.030114464461803436,0.597894549369812
2461,42.32431411743164,24.697940826416016,0.502637505531311,0.19949935376644135,-0.09787099808454514,0.5955134630203247
2462,42.070404052734375,23.99825668334961,0.5045875310897827,0.19959086179733276,-0.06989151984453201,0.5839661955833435
2463,42.433929443359375,25.204572677612305,0.4991750121116638,0.19957439601421356,-0.08509408682584763,0.5756359696388245
2464,42.63248062133789,25.55510902404785,0.5031625032424927,0.1996375173330307,-0.08984581381082535,0.5817697644233704
2465,42.221744537353516,24.886943817138672,0.4937875270843506,0.1995134949684143,-0.024139218032360077,0.5813357830047607
2466,42.256351470947266,24.777530670166016,0.495837539434433,0.199430450797081,-0.06313374638557434,0.5582767128944397
2467,42.423500061035156,25.514066696166992,0.4945875108242035,0.19932250678539276,-0.06100882217288017,0.5892574191093445
2468,42.075008392333984,24.118919372558594,0.49980002641677856,0.1993185132741928,-0.07116211205720901,0.5844199061393738
2469,42.0838508605957,24.131675720214844,0.49896255135536194,0.19929783046245575,-0.045009877532720566,0.5705426335334778
2470,42.479366302490234,24.999704360961914,0.502512514591217,0.19934791326522827,-0.027656899765133858,0.5807924866676331
2471,42.06548309326172,23.78141212463379,0.49652501940727234,0.19927863776683807,-0.06707558780908585,0.581644594669342
2472,42.240970611572266,24.3455753326416,0.4963875412940979,0.1992066502571106,-0.04351368919014931,0.5839053392410278
2473,42.749141693115234,25.446178436279297,0.501175045967102,0.19923005998134613,-0.06735914200544357,0.5512678623199463
2474,42.46464538574219,25.06914520263672,0.500837504863739,0.19924674928188324,-0.04997679963707924,0.5881040692329407
2475,42.46195983886719,24.765274047851562,0.5043625235557556,0.19933368265628815,-0.044272102415561676,0.5763127207756042
2476,42.435115814208984,24.82691192626953,0.4977875351905823,0.19928957521915436,-0.06204088777303696,0.5799784660339355
2477,42.356834411621094,24.613462448120117,0.49621251225471497,0.19921410083770752,-0.032111700624227524,0.590951681137085
2478,42.40061569213867,24.932180404663086,0.49572500586509705,0.19912894070148468,-0.06160338222980499,0.5967844724655151
2479,42.2054557800293,24.70452117919922,0.49903756380081177,0.1991097778081894,-0.07811111956834793,0.6146851181983948
2480,42.19859313964844,24.8187255859375,0.4960750341415405,0.19903162121772766,-0.1012268140912056,0.5801929235458374
2481,41.9609260559082,23.953691482543945,0.4979875087738037,0.1989915668964386,-0.08728472143411636,0.5946246385574341
2482,42.191917419433594,24.63689422607422,0.4971250295639038,0.19893436133861542,-0.08759211748838425,0.5962314605712891
2483,42.29218673706055,25.102882385253906,0.49720004200935364,0.19887866079807281,-0.05520975589752197,0.5737802386283875
2484,42.08049774169922,24.239215850830078,0.501075029373169,0.198900043964386,-0.06932076066732407,0.5800014734268188
2485,42.33451461791992,24.607776641845703,0.5082125067710876,0.19906339049339294,-0.056827373802661896,0.6035712361335754
2486,42.04896545410156,23.743850708007812,0.5073625445365906,0.19920994341373444,-0.031392358243465424,0.5873847603797913
2487,42.85660934448242,25.801414489746094,0.5051000118255615,0.1993115395307541,-0.0486447811126709,0.5776798129081726
2488,42.56908416748047,25.34975814819336,0.505387544631958,0.19941891729831696,-0.021876119077205658,0.5767738819122314
2489,42.13954162597656,24.30976676940918,0.5019625425338745,0.199458047747612,-0.03499002382159233,0.6062967777252197
2490,41.97200012207031,24.084964752197266,0.5022125244140625,0.19950218498706818,-0.05683911219239235,0.6009185910224915
2491,42.00480651855469,24.43265724182129,0.498287558555603,0.19946801662445068,-0.10295470803976059,0.5950726270675659
2492,42.266639709472656,24.7802791595459,0.4954124987125397,0.19937650859355927,-0.08894635736942291,0.577399492263794
2493,42.4939079284668,25.483381271362305,0.5010875463485718,0.1993981897830963,-0.13038480281829834,0.5836573243141174
2494,42.4666748046875,25.44526481628418,0.5001625418663025,0.19940142333507538,-0.11806857585906982,0.6219766736030579
2495,42.34410858154297,24.751205444335938,0.49803751707077026,0.19936229288578033,-0.10855522006750107,0.5789733529090881
2496,42.6279182434082,25.292280197143555,0.5007750391960144,0.19937774538993835,-0.09880247712135315,0.6040865182876587
2497,42.62615203857422,25.583568572998047,0.5012750029563904,0.19940318167209625,-0.08021363615989685,0.5937807559967041
2498,42.19829559326172,24.672346115112305,0.5031750202178955,0.19946648180484772,-0.06962145119905472,0.6024689078330994
2499,42.11314392089844,24.01763343811035,0.5019500255584717,0.19950538873672485,-0.04867832362651825,0.5988312363624573
2500,42.4311408996582,25.079465866088867,0.5011500716209412,0.19952833652496338,-0.046092018485069275,0.5655883550643921
2501,42.404441833496094,25.080169677734375,0.49748751521110535,0.19947820901870728,-0.0688985139131546,0.5643396377563477
2502,42.2070198059082,24.328929901123047,0.5023625493049622,0.19952534139156342,-0.04235983267426491,0.5900138020515442
2503,42.20615005493164,24.264671325683594,0.5034875273704529,0.19959492981433868,-0.05606132000684738,0.5918766260147095
2504,42.09109115600586,23.78011131286621,0.4982750415802002,0.1995604932308197,-0.06619136035442352,0.6033194065093994
2505,42.202693939208984,24.11922264099121,0.49693751335144043,0.19949938356876373,-0.050028443336486816,0.5764163136482239
2506,42.752357482910156,25.964834213256836,0.49588754773139954,0.1994173377752304,-0.06496746838092804,0.5895401239395142
2507,42.02314376831055,23.87677764892578,0.5010250210762024,0.19943778216838837,-0.07314471900463104,0.5717045664787292
2508,41.874961853027344,23.755268096923828,0.496987521648407,0.19937770068645477,-0.08852088451385498,0.5840194225311279
2509,42.422943115234375,24.93926239013672,0.4971875250339508,0.19932162761688232,-0.07523871213197708,0.5823783874511719
2510,42.78878402709961,25.572036743164062,0.4989875555038452,0.19930143654346466,-0.08084196597337723,0.5964537262916565
2511,42.33195114135742,24.687728881835938,0.49768751859664917,0.1992553472518921,-0.08989424258470535,0.5913302302360535
2512,42.49355697631836,25.131393432617188,0.49986252188682556,0.19925260543823242,-0.08968295156955719,0.5838384032249451
2513,42.467567443847656,25.186092376708984,0.4976000189781189,0.19920478761196136,-0.053780581802129745,0.5658984184265137
2514,42.555885314941406,25.047269821166992,0.4934375286102295,0.19907405972480774,-0.05558019131422043,0.5787888765335083
2515,42.236900329589844,24.803165435791016,0.499687522649765,0.1990678459405899,-0.05812987685203552,0.574328601360321
2516,42.28373336791992,24.493854522705078,0.499625027179718,0.1990603804588318,-0.0615750253200531,0.583623468875885
2517,42.409461975097656,24.850692749023438,0.5016750693321228,0.19909371435642242,-0.05846436694264412,0.5788585543632507
2518,42.3058967590332,24.595365524291992,0.4983125329017639,0.1990601122379303,-0.029436249285936356,0.5677139163017273
2519,42.661041259765625,25.357328414916992,0.49720001220703125,0.1990043669939041,-0.0003845939936581999,0.5674479007720947
2520,42.445106506347656,24.75208854675293,0.5013375282287598,0.19903098046779633,-0.030743107199668884,0.557767927646637
2521,42.152130126953125,24.241254806518555,0.4989875555038452,0.19901081919670105,-0.03309441730380058,0.565689206123352
2522,42.71260070800781,25.520977020263672,0.5007500052452087,0.1990257352590561,-0.07204543799161911,0.582507312297821
2523,42.50289535522461,25.214807510375977,0.4974500238895416,0.19897498190402985,-0.08792561292648315,0.569661557674408
2524,42.72191619873047,25.365827560424805,0.49869999289512634,0.19894911348819733,-0.06508167833089828,0.5908385515213013
2525,42.383079528808594,25.040721893310547,0.5014625191688538,0.1989782154560089,-0.09641935676336288,0.5935162901878357
2526,42.231483459472656,24.634084701538086,0.5028875470161438,0.1990356594324112,-0.06790602207183838,0.5911744236946106
2527,42.64733123779297,25.16118621826172,0.5033500790596008,0.19910232722759247,-0.07698263972997665,0.6074427962303162
2528,42.273658752441406,24.546592712402344,0.5054625272750854,0.19921107590198517,-0.1107260063290596,0.5908225178718567
2529,42.417633056640625,24.816755294799805,0.5033750534057617,0.1992783099412918,-0.09624247252941132,0.591746985912323
2530,41.961463928222656,23.755517959594727,0.5038750171661377,0.19935554265975952,-0.08208154886960983,0.5748946070671082
2531,42.21871566772461,24.56021499633789,0.4996500313282013,0.1993485689163208,-0.04272930324077606,0.5894703269004822
2532,42.40342712402344,25.106082916259766,0.49835002422332764,0.19931568205356598,-0.0775221586227417,0.6021222472190857
2533,42.77674865722656,25.472055435180664,0.49692502617836,0.19925439357757568,-0.07299162447452545,0.5913901925086975
2534,41.83124542236328,23.819068908691406,0.4972250163555145,0.19919909536838531,-0.060662515461444855,0.5613941550254822
2535,42.22909927368164,24.180561065673828,0.4956500232219696,0.1991124451160431,-0.09759555757045746,0.5688355565071106
2536,42.429962158203125,25.118553161621094,0.49365004897117615,0.1989860087633133,-0.05034743621945381,0.5631039142608643
2537,42.275856018066406,24.607526779174805,0.4905000329017639,0.19879697263240814,-0.07328293472528458,0.5780214071273804
2538,42.17019271850586,24.76621437072754,0.49490004777908325,0.1986955851316452,-0.02577955648303032,0.5812625885009766
2539,42.586219787597656,25.583309173583984,0.4961625337600708,0.19861933588981628,-0.046240441501140594,0.5826281309127808
2540,42.162540435791016,24.02811050415039,0.4989500343799591,0.1985984742641449,-0.07092349231243134,0.6048021912574768
2541,42.423011779785156,25.247718811035156,0.5037875175476074,0.19867369532585144,-0.04070417582988739,0.5829066634178162
2542,42.50707244873047,25.18994140625,0.5029000639915466,0.19873131811618805,-0.07135539501905441,0.5743113160133362
2543,42.28919219970703,24.6079044342041,0.5087875127792358,0.19890595972537994,-0.07374969869852066,0.6004552245140076
2544,42.47425842285156,25.02867889404297,0.5055375099182129,0.19901609420776367,-0.07240636646747589,0.5861390829086304
2545,42.06261444091797,23.868013381958008,0.5122874975204468,0.1992606520652771,-0.08776454627513885,0.6020113229751587
2546,42.39667892456055,24.939098358154297,0.509225070476532,0.1994444876909256,-0.07045406848192215,0.5905277132987976
2547,42.273677825927734,24.552038192749023,0.5045250058174133,0.19953474402427673,-0.1011236235499382,0.5879054665565491
2548,42.09352111816406,24.158973693847656,0.4968375563621521,0.1994716376066208,-0.0674564465880394,0.6059898734092712
2549,42.4250602722168,24.975154876708984,0.49650001525878906,0.1994018256664276,-0.04738294333219528,0.5910792946815491
2550,42.07575988769531,24.100082397460938,0.4980875253677368,0.19936367869377136,-0.04694828763604164,0.5824125409126282
2551,42.40520477294922,24.48285675048828,0.4935625195503235,0.19923533499240875,-0.042084839195013046,0.5586714148521423
2552,42.581581115722656,25.58064079284668,0.4929250478744507,0.19909437000751495,-0.037229735404253006,0.5755422115325928
2553,42.40216827392578,24.93125343322754,0.4898125231266022,0.1988915354013443,-0.05700729787349701,0.5275735855102539
2554,42.70461654663086,25.848196029663086,0.4903000295162201,0.19869861006736755,-0.0063425470143556595,0.5596197843551636
2555,42.51340866088867,24.864742279052734,0.4932500123977661,0.19856448471546173,-0.026351729407906532,0.5710315704345703
2556,42.54108810424805,25.219497680664062,0.49470004439353943,0.19845923781394958,-0.059033822268247604,0.544918954372406
2557,42.490665435791016,25.20331573486328,0.5025750398635864,0.1985103338956833,-0.04880886897444725,0.5822495818138123
2558,42.460853576660156,24.812562942504883,0.5066875219345093,0.19864308834075928,-0.06637323647737503,0.5741234421730042
2559,42.13092803955078,24.2946834564209,0.501787543296814,0.1986786127090454,-0.06755243241786957,0.5888722538948059
2560,42.044578552246094,24.067779541015625,0.5016375184059143,0.19871115684509277,-0.06613536179065704,0.5735898017883301
2561,42.50006866455078,25.031843185424805,0.497825026512146,0.19866794347763062,-0.09838319569826126,0.5870628952980042
2562,42.437767028808594,25.065025329589844,0.5031125545501709,0.19872978329658508,-0.0726577639579773,0.5891343951225281
2563,42.1060791015625,24.25423240661621,0.49990004301071167,0.1987277865409851,-0.06095968931913376,0.584252119064331
2564,42.31260299682617,24.60590934753418,0.5028374791145325,0.19878417253494263,-0.060799382627010345,0.5852508544921875
2565,42.31952667236328,24.270601272583008,0.49900001287460327,0.19876429438591003,-0.061800528317689896,0.5716084241867065
2566,42.27501678466797,24.39058494567871,0.5004875659942627,0.19877398014068604,-0.04028978571295738,0.5724040269851685
2567,42.15088653564453,24.373119354248047,0.4960625171661377,0.19869571924209595,-0.059247225522994995,0.5625420212745667
2568,42.159324645996094,24.182546615600586,0.49652501940727234,0.19862666726112366,-0.03132385388016701,0.5972147583961487
2569,42.31629180908203,25.08405113220215,0.4928250312805176,0.1984841525554657,-0.049565620720386505,0.5823564529418945
2570,42.07761764526367,24.528732299804688,0.49018752574920654,0.19828937947750092,-0.09658504277467728,0.5919080376625061
2571,41.995399475097656,24.252727508544922,0.4967375099658966,0.19822467863559723,-0.07439053058624268,0.5618084073066711
2572,42.1385612487793,24.518596649169922,0.49242502450942993,0.19807451963424683,-0.0990668460726738,0.594679594039917
2573,42.42720031738281,25.270124435424805,0.49435004591941833,0.19796261191368103,-0.08709517121315002,0.5972815752029419
2574,42.390419006347656,25.149526596069336,0.5033125281333923,0.19802819192409515,-0.0837608203291893,0.62297123670578
2575,42.24530792236328,24.627676010131836,0.5070750117301941,0.1981682926416397,-0.07358374446630478,0.5958413481712341
2576,42.1497688293457,24.078351974487305,0.5091000199317932,0.19834864139556885,-0.10046748071908951,0.5868414044380188
2577,42.687198638916016,25.705005645751953,0.49992501735687256,0.19834715127944946,-0.09075784683227539,0.5818894505500793
2578,42.068790435791016,24.086416244506836,0.5058125257492065,0.19846244156360626,-0.09230242669582367,0.5721880793571472
2579,42.196475982666016,24.52067756652832,0.5024999976158142,0.19851204752922058,-0.0971466675400734,0.5997897386550903
2580,42.0592155456543,24.20978546142578,0.5002124905586243,0.19851626455783844,-0.05404914170503616,0.5782566666603088
2581,42.100563049316406,24.791797637939453,0.49812501668930054,0.1984790414571762,-0.07721899449825287,0.5772626399993896
2582,42.49264907836914,25.275976181030273,0.4984000623226166,0.19844728708267212,-0.07481225579977036,0.5956407189369202
2583,42.38250732421875,25.165199279785156,0.4968375265598297,0.19838452339172363,-0.06841892004013062,0.5808274149894714
2584,42.48637390136719,25.212465286254883,0.5003875494003296,0.19839221239089966,-0.049139589071273804,0.5599865913391113
2585,42.6158447265625,25.097652435302734,0.4984000623226166,0.19836047291755676,-0.04132673889398575,0.567085862159729
2586,42.627532958984375,25.327810287475586,0.5018375515937805,0.19839690625667572,-0.026267535984516144,0.5768705606460571
2587,42.70000076293945,25.07252311706543,0.5115125179290771,0.19862529635429382,-0.03951903432607651,0.5837032794952393
2588,42.28067398071289,23.914827346801758,0.5125125646591187,0.19887381792068481,-0.01703052408993244,0.578722357749939
2589,42.379791259765625,24.607271194458008,0.5100375413894653,0.1990734338760376,-0.051236435770988464,0.5776348114013672
2590,42.23769760131836,24.08155632019043,0.5029750466346741,0.19913266599178314,-0.06264148652553558,0.5619657039642334
2591,42.50979995727539,25.12449836730957,0.5018125176429749,0.19916874170303345,-0.09510882198810577,0.6035511493682861
2592,42.42619323730469,24.76765251159668,0.49813753366470337,0.19913163781166077,-0.09924649447202682,0.5889171957969666
2593,42.295616149902344,24.507658004760742,0.49633756279945374,0.19905869662761688,-0.10431462526321411,0.5910158157348633
2594,42.10070037841797,24.12381935119629,0.49602505564689636,0.19897957146167755,-0.08627161383628845,0.607656717300415
2595,42.69746780395508,25.48408317565918,0.49031251668930054,0.19878681004047394,-0.07949848473072052,0.5907611846923828
2596,42.50137710571289,25.346830368041992,0.49710002541542053,0.19872917234897614,-0.07612951844930649,0.623211145401001
2597,42.192413330078125,24.429866790771484,0.49996253848075867,0.19872842729091644,-0.09087250381708145,0.5879573822021484
2598,42.229713439941406,24.372699737548828,0.4996500611305237,0.19872146844863892,-0.0779673233628273,0.6116287112236023
2599,41.976226806640625,23.838159561157227,0.4998500645160675,0.19871848821640015,-0.055270154029130936,0.5843311548233032
2600,42.22056198120117,24.80183982849121,0.5050374865531921,0.19881859421730042,-0.06722384691238403,0.5843844413757324
2601,42.30830383300781,24.759933471679688,0.50371253490448,0.19889239966869354,-0.12724697589874268,0.5817525386810303
2602,42.344482421875,24.912294387817383,0.5037750005722046,0.19896748661994934,-0.09064694494009018,0.5948898196220398
2603,42.50239181518555,25.48919677734375,0.5072625279426575,0.19911198318004608,-0.07839161902666092,0.612821102142334
2604,42.33842849731445,24.718585968017578,0.503250002861023,0.19917668402194977,-0.07747907191514969,0.5984709858894348
2605,42.19539260864258,24.428131103515625,0.5057375431060791,0.19929096102714539,-0.1000959649682045,0.5918693542480469
2606,42.35955810546875,24.946029663085938,0.5061500668525696,0.19941352307796478,-0.08321560174226761,0.5976802110671997
2607,42.25239181518555,24.421539306640625,0.5013500452041626,0.19944043457508087,-0.09312302619218826,0.5905168056488037
2608,42.00619888305664,24.309112548828125,0.5024500489234924,0.1994892954826355,-0.07564590871334076,0.6213727593421936
2609,42.28541564941406,24.56791114807129,0.49803751707077026,0.19945015013217926,-0.07173319160938263,0.5930027365684509
2610,42.447509765625,24.657432556152344,0.49681252241134644,0.1993865668773651,-0.09595679491758347,0.5790185332298279
2611,42.53616714477539,25.48174476623535,0.49582502245903015,0.19930332899093628,-0.050055380910634995,0.5673821568489075
2612,41.97347640991211,24.007526397705078,0.4970625340938568,0.19924478232860565,-0.06886107474565506,0.5468262434005737
2613,42.53232192993164,25.505962371826172,0.49310004711151123,0.1991073042154312,-0.03454494848847389,0.5757189989089966
2614,42.50383758544922,25.034196853637695,0.4895875155925751,0.1988999843597412,-0.023475926369428635,0.5335535407066345
2615,42.6689338684082,25.275789260864258,0.49787503480911255,0.19885772466659546,-0.03242528811097145,0.5635257363319397
2616,42.406761169433594,24.60507583618164,0.49666252732276917,0.19879135489463806,-0.04148703068494797,0.5717173218727112
2617,42.50747299194336,25.080530166625977,0.49951252341270447,0.19878166913986206,-0.043289490044116974,0.5909243822097778
2618,42.09641647338867,24.198118209838867,0.5026125311851501,0.1988336145877838,-0.06886722147464752,0.5726539492607117
2619,42.9471435546875,26.36235809326172,0.4985625147819519,0.198805034160614,-0.055120788514614105,0.5834718942642212
2620,42.3857536315918,24.554641723632812,0.5030250549316406,0.19886519014835358,-0.07482811063528061,0.5962657332420349
2621,42.422691345214844,24.68121337890625,0.5070750117301941,0.1990058869123459,-0.08939023315906525,0.6003982424736023
2622,42.37226867675781,24.986894607543945,0.501912534236908,0.19904394447803497,-0.08585463464260101,0.5766188502311707
2623,42.529266357421875,25.293867111206055,0.503350019454956,0.19911062717437744,-0.07123272866010666,0.6085489988327026
2624,42.07133483886719,24.22946548461914,0.5069625377655029,0.199249267578125,-0.073207326233387,0.5955022573471069
2625,42.01409912109375,23.471614837646484,0.49897506833076477,0.19922883808612823,-0.09648475050926208,0.5973211526870728
2626,42.20997619628906,24.43703842163086,0.5054250359535217,0.1993369311094284,-0.08132603764533997,0.5925148725509644
2627,42.47299575805664,24.8325252532959,0.5062249898910522,0.19946101307868958,-0.08106447011232376,0.6234763264656067
2628,42.67620849609375,25.39081573486328,0.5055000185966492,0.19957073032855988,-0.09751974791288376,0.5816230177879333
2629,42.370697021484375,25.123403549194336,0.5032750368118286,0.1996360868215561,-0.09128710627555847,0.6059017777442932
2630,42.462890625,25.0606746673584,0.508025050163269,0.19979630410671234,-0.07531760632991791,0.5934612154960632
2631,42.29275894165039,24.559581756591797,0.5080000162124634,0.19995614886283875,-0.08995536714792252,0.5655070543289185
2632,42.26401901245117,24.721115112304688,0.5033625364303589,0.20002339780330658,-0.05340059846639633,0.5691644549369812
2633,42.61270523071289,24.98624038696289,0.4985499978065491,0.19999438524246216,-0.06677255034446716,0.5921934247016907
2634,42.09495162963867,24.021623611450195,0.49543753266334534,0.19990313053131104,-0.0338088758289814,0.5878739356994629
2635,42.56253433227539,25.182519912719727,0.4919874966144562,0.19974295794963837,-0.05499107763171196,0.5823132395744324
2636,42.32452392578125,25.00994300842285,0.4876374900341034,0.19949603080749512,-0.051079168915748596,0.5974703431129456
2637,42.51011657714844,25.361034393310547,0.48920002579689026,0.19928057491779327,-0.055473241955041885,0.5896536111831665
2638,42.19974136352539,24.461515426635742,0.4874875545501709,0.19903123378753662,-0.0242222361266613,0.57759690284729
2639,42.6068229675293,25.433366775512695,0.49323755502700806,0.1988966315984726,-0.03771182522177696,0.5750008225440979
2640,42.70890808105469,25.575777053833008,0.49490004777908325,0.19879519939422607,-0.0744452252984047,0.5696287751197815
2641,42.387142181396484,24.672740936279297,0.5013875365257263,0.1988227814435959,-0.06520181894302368,0.5837479829788208
2642,42.30706024169922,24.39806365966797,0.511412501335144,0.1990496963262558,-0.04265782982110977,0.6034020781517029
2643,42.433902740478516,24.59226417541504,0.5111250281333923,0.19927112758159637,-0.05117518827319145,0.585360586643219
2644,42.422367095947266,24.92784881591797,0.5133625268936157,0.19953739643096924,-0.06256178766489029,0.5701456069946289
2645,42.6303825378418,25.408489227294922,0.5001000165939331,0.1995393931865692,-0.07784253358840942,0.5778483748435974
2646,42.11354064941406,24.41314125061035,0.5021250247955322,0.1995818018913269,-0.0835527554154396,0.593386173248291
2647,42.37174987792969,25.080669403076172,0.4924375116825104,0.19943086802959442,-0.06980820000171661,0.587243378162384
2648,41.955989837646484,23.6647891998291,0.4894750118255615,0.19922097027301788,-0.08224762976169586,0.603613018989563
2649,42.180633544921875,24.77640724182129,0.48702502250671387,0.1989624798297882,-0.08622761070728302,0.5823952555656433
2650,42.59564971923828,25.6998291015625,0.49088752269744873,0.19878117740154266,-0.07027546316385269,0.5946381092071533
2651,42.01169204711914,23.961204528808594,0.48718753457069397,0.19852648675441742,-0.0949116051197052,0.5783390402793884
2652,42.52193069458008,25.387435913085938,0.4927250146865845,0.19838206470012665,-0.09395941346883774,0.5668930411338806
2653,42.28860855102539,24.7460994720459,0.499812513589859,0.19837833940982819,-0.09621141850948334,0.570738673210144
2654,42.32080841064453,24.893720626831055,0.50371253490448,0.19845198094844818,-0.04288606345653534,0.6005581021308899
2655,42.220340728759766,24.417011260986328,0.5096625089645386,0.1986437439918518,-0.06242383271455765,0.6023160815238953
2656,42.646324157714844,25.05011558532715,0.5143250226974487,0.19892831146717072,-0.08014264702796936,0.5964489579200745
2657,42.20176315307617,23.471031188964844,0.5108000636100769,0.1991431564092636,-0.04494982585310936,0.5806235074996948
2658,42.74358367919922,25.385156631469727,0.5076250433921814,0.19929499924182892,-0.04213123768568039,0.5713218450546265
2659,42.872676849365234,25.665006637573242,0.4991750419139862,0.1992785632610321,-0.08622127026319504,0.57676100730896
2660,42.41661834716797,24.874629974365234,0.49246254563331604,0.19912835955619812,-0.06150905415415764,0.5597192645072937
2661,42.118282318115234,24.436491012573242,0.4891875088214874,0.19891305267810822,-0.08786067366600037,0.5732121467590332
2662,42.332550048828125,24.963775634765625,0.49402502179145813,0.1987942010164261,-0.06389986723661423,0.5881967544555664
2663,42.52824401855469,25.531383514404297,0.4925125241279602,0.19864535331726074,-0.10156631469726562,0.5750481486320496
2664,42.02655792236328,24.265417098999023,0.49059998989105225,0.19845862686634064,-0.08390242606401443,0.5776095986366272
2665,42.35050964355469,24.896650314331055,0.49988752603530884,0.19845639169216156,-0.04797776788473129,0.587563157081604
2666,42.523223876953125,25.0418758392334,0.5027875304222107,0.19851170480251312,-0.07386457920074463,0.5981025695800781
2667,42.55756759643555,24.940753936767578,0.5075000524520874,0.19866059720516205,-0.09800074994564056,0.5918498039245605
2668,42.168540954589844,24.25303077697754,0.5108875036239624,0.19887688755989075,-0.09156975150108337,0.5942381620407104
2669,42.139652252197266,24.104290008544922,0.5080875158309937,0.19903771579265594,-0.053218990564346313,0.5855149626731873
2670,42.42792510986328,24.94169044494629,0.5076625347137451,0.19919022917747498,-0.06724599003791809,0.5963830351829529
2671,42.541160583496094,25.267866134643555,0.49822500348091125,0.19915486872196198,-0.06485132873058319,0.6049743294715881
2672,42.33858108520508,24.907630920410156,0.5005000233650208,0.19916482269763947,-0.04141345992684364,0.6019704341888428
2673,42.366580963134766,24.6743221282959,0.4942750334739685,0.19905079901218414,-0.05625145882368088,0.5545529723167419
2674,42.250431060791016,24.450937271118164,0.5014749765396118,0.19908015429973602,-0.04284616932272911,0.5846722722053528
2675,42.33201599121094,24.21463966369629,0.4926625192165375,0.19893407821655273,-0.04938569292426109,0.5800988674163818
2676,42.761077880859375,25.818307876586914,0.502887487411499,0.19899152219295502,-0.05883919820189476,0.5859447717666626
2677,42.45803451538086,24.972148895263672,0.4979500472545624,0.19895073771476746,-0.03034902550280094,0.5794482827186584
2678,42.25074768066406,24.57672882080078,0.5003875494003296,0.19895844161510468,-0.00806000828742981,0.5641045570373535
2679,42.21522521972656,24.4619083404541,0.5022000074386597,0.1990022212266922,-0.04006202891469002,0.5581153631210327
2680,42.33203125,24.691917419433594,0.5030625462532043,0.19906316697597504,-0.030938532203435898,0.5807490348815918
2681,42.464576721191406,24.874366760253906,0.49688753485679626,0.19900120794773102,-0.05246458575129509,0.5796300768852234
2682,42.41350555419922,25.000350952148438,0.49451252818107605,0.1988920122385025,-0.06414055824279785,0.5674422979354858
2683,42.304561614990234,24.961532592773438,0.48497503995895386,0.1985931694507599,-0.0490758903324604,0.5734899044036865
2684,42.39846420288086,24.678356170654297,0.48801252245903015,0.19835510849952698,-0.07004335522651672,0.5595300197601318
2685,42.4459228515625,25.06987762451172,0.49797502160072327,0.19831494987010956,-0.08693172037601471,0.568209171295166
2686,42.438880920410156,24.913728713989258,0.5042000412940979,0.19839823246002197,-0.07769510895013809,0.586644172668457
2687,42.76064682006836,25.64225196838379,0.5042875409126282,0.19848330318927765,-0.08741080015897751,0.5825846791267395
2688,42.18218231201172,24.276569366455078,0.5135499835014343,0.1987522542476654,-0.06107468530535698,0.6093490719795227
2689,42.5443000793457,25.285621643066406,0.5141000151634216,0.1990325003862381,-0.09562727808952332,0.6006042957305908
2690,42.177642822265625,23.834238052368164,0.5158125162124634,0.19934721291065216,-0.059737399220466614,0.6124729514122009
2691,42.40718460083008,24.45355987548828,0.5147625207901001,0.19964151084423065,-0.08287301659584045,0.5862724184989929
2692,42.8465576171875,26.154264450073242,0.5125125050544739,0.19989129900932312,-0.05750073865056038,0.585677444934845
2693,41.95448684692383,23.744359970092773,0.5026625394821167,0.19994452595710754,-0.053208790719509125,0.5941059589385986
2694,42.681983947753906,25.519132614135742,0.50347501039505,0.20001401007175446,-0.07075390964746475,0.6059494614601135
2695,42.57817077636719,25.51565170288086,0.49597498774528503,0.1999334990978241,-0.05754938721656799,0.5804003477096558
2696,42.566715240478516,25.610719680786133,0.4933750331401825,0.19980104267597198,-0.054730646312236786,0.5768925547599792
2697,42.400390625,25.166610717773438,0.49457499384880066,0.19969265162944794,-0.03218287229537964,0.553550660610199
2698,42.318763732910156,24.75484275817871,0.4946875274181366,0.19958657026290894,-0.00910446047782898,0.5676853060722351
2699,42.026893615722656,24.20824432373047,0.4948250353336334,0.19948329031467438,-0.04225723445415497,0.5887649655342102
2700,42.522342681884766,25.17454719543457,0.4968625009059906,0.19942070543766022,-0.024621620774269104,0.5577322840690613
2701,42.495765686035156,25.173053741455078,0.49736252427101135,0.19936810433864594,-0.05234337970614433,0.5690791606903076
2702,42.96747970581055,26.137531280517578,0.49988752603530884,0.19936585426330566,-0.028788510710000992,0.5618818402290344
2703,42.3087043762207,24.553009033203125,0.5041124820709229,0.1994478404521942,-0.06332708895206451,0.5863901972770691
2704,42.029884338378906,23.787506103515625,0.5027375221252441,0.19950242340564728,-0.04761221632361412,0.5861502289772034
2705,42.24668502807617,24.430391311645508,0.5068750381469727,0.19963957369327545,-0.06855081766843796,0.603606641292572
2706,41.872467041015625,23.457916259765625,0.5088750123977661,0.1998167634010315,-0.06450743228197098,0.5992563962936401
2707,42.140174865722656,24.12529945373535,0.5038250088691711,0.19989320635795593,-0.05798642337322235,0.567572295665741
2708,42.169925689697266,24.050701141357422,0.49972501397132874,0.1998877078294754,-0.07861673086881638,0.5944942831993103
2709,42.394161224365234,25.15631866455078,0.5039499998092651,0.1999666690826416,-0.0814262107014656,0.5842587947845459
2710,42.30170822143555,24.49884796142578,0.5005000233650208,0.19997665286064148,-0.09042124450206757,0.5816863775253296
2711,42.49855422973633,25.02935791015625,0.5000500082969666,0.19997765123844147,-0.06514010578393936,0.5640471577644348
2712,41.9426155090332,23.605525970458984,0.4963250160217285,0.1999041587114334,-0.04611343517899513,0.5623593330383301
2713,42.61501693725586,25.657602310180664,0.4939625561237335,0.19978347420692444,-0.07255291193723679,0.5807282328605652
2714,42.15275573730469,24.241344451904297,0.4976000189781189,0.19973553717136383,-0.07309535890817642,0.549838125705719
2715,41.952110290527344,23.666351318359375,0.49598750472068787,0.19965539872646332,-0.06593271344900131,0.58211749792099
2716,42.24453353881836,24.919076919555664,0.4961250126361847,0.19957803189754486,-0.10577507317066193,0.5703858733177185
2717,42.41223907470703,25.149938583374023,0.49716252088546753,0.19952140748500824,-0.05020662769675255,0.5958141088485718
2718,42.454105377197266,25.201353073120117,0.4992375373840332,0.19950619339942932,-0.04446030780673027,0.5945191383361816
2719,42.47392654418945,25.243038177490234,0.5011125206947327,0.19952838122844696,-0.07778127491474152,0.6007750034332275
2720,42.37770462036133,25.043554306030273,0.4990500509738922,0.1995094269514084,-0.039044760167598724,0.5862970352172852
2721,42.16987609863281,24.390098571777344,0.5005500316619873,0.19952039420604706,-0.07210031151771545,0.5964353084564209
2722,41.68461990356445,22.752904891967773,0.5014625191688538,0.1995495706796646,-0.07152873277664185,0.5991107821464539
2723,42.35689926147461,25.08075523376465,0.5029750466346741,0.1996089518070221,-0.044998858124017715,0.5793697834014893
2724,42.27507781982422,24.45430564880371,0.4957750141620636,0.1995246261358261,-0.06994330137968063,0.5775523781776428
2725,42.148433685302734,24.26396942138672,0.49601253867149353,0.19944506883621216,-0.05664212256669998,0.5845731496810913
2726,42.11814498901367,24.42031478881836,0.4936375319957733,0.19931817054748535,-0.0774732381105423,0.5810177326202393
2727,42.57085037231445,25.432048797607422,0.4958750307559967,0.1992359459400177,-0.0655696913599968,0.569663405418396
2728,42.340087890625,24.86882972717285,0.4962625503540039,0.19916148483753204,-0.05727606266736984,0.6050984263420105
2729,42.44744110107422,25.31965446472168,0.4993000030517578,0.1991475522518158,-0.07312221080064774,0.5909045934677124
2730,42.204833984375,24.51974868774414,0.5012625455856323,0.19917269051074982,-0.08891066163778305,0.6047881841659546
2731,42.355987548828125,24.697338104248047,0.506475031375885,0.19930166006088257,-0.07662376016378403,0.6085208058357239
2732,42.44873809814453,25.0291748046875,0.5062000155448914,0.19942523539066315,-0.06338034570217133,0.5985155701637268
2733,42.2038459777832,24.355213165283203,0.50513756275177,0.19952769577503204,-0.08991101384162903,0.5978272557258606
2734,42.226741790771484,24.318796157836914,0.4999625086784363,0.19952695071697235,-0.09465242177248001,0.624902606010437
2735,42.50712203979492,25.38404655456543,0.5029500126838684,0.19958582520484924,-0.05744269862771034,0.6020510196685791
2736,42.31233215332031,24.73197364807129,0.4952000379562378,0.199490025639534,-0.06785442680120468,0.5933836698532104
2737,41.85671615600586,23.55461311340332,0.49591249227523804,0.19940848648548126,-0.0522121861577034,0.5858339071273804
2738,42.39045333862305,24.971757888793945,0.49573755264282227,0.19932349026203156,-0.04306088015437126,0.5681068897247314
2739,42.37405776977539,24.94073486328125,0.49380001425743103,0.19919991493225098,-0.05515234172344208,0.5816715359687805
2740,42.36064147949219,24.83677864074707,0.48940005898475647,0.19898876547813416,-0.011619591154158115,0.570430338382721
2741,42.44468307495117,25.012882232666016,0.49915000796318054,0.19897185266017914,-0.06745380163192749,0.5809261202812195
2742,42.49937438964844,25.27084732055664,0.5058750510215759,0.19908873736858368,-0.030575662851333618,0.5937076210975647
2743,42.43195724487305,24.934162139892578,0.5052250623703003,0.19919276237487793,-0.05512329190969467,0.567450761795044
2744,42.33682632446289,24.5186710357666,0.5094500184059143,0.1993809938430786,-0.042942192405462265,0.6024582982063293
2745,42.14611053466797,24.013341903686523,0.5116625428199768,0.1996135115623474,-0.06698072701692581,0.6009047627449036
2746,42.46424865722656,25.11652374267578,0.5117500424385071,0.19984807074069977,-0.07024087011814117,0.5855621099472046
2747,42.4171028137207,25.08500862121582,0.5086000561714172,0.2000199407339096,-0.06943055987358093,0.582953929901123
2748,42.07732391357422,24.310941696166992,0.4980875551700592,0.199981689453125,-0.09844096004962921,0.5774303674697876
2749,42.64540100097656,25.769424438476562,0.49467501044273376,0.19987519085407257,-0.06021582707762718,0.6018086671829224
2750,42.6663932800293,25.60443687438965,0.49432504177093506,0.199761763215065,-0.028616387397050858,0.6119107604026794
2751,42.2460823059082,24.46847152709961,0.48980003595352173,0.19955800473690033,-0.04025958105921745,0.5552994608879089
2752,42.58665466308594,25.399354934692383,0.49367502331733704,0.19943177700042725,-0.024638384580612183,0.5757699608802795
2753,42.32875442504883,24.741865158081055,0.4893750250339508,0.19921988248825073,-0.06644861400127411,0.5698748826980591
2754,42.00900650024414,24.07868766784668,0.49275001883506775,0.19907546043395996,-0.04713260009884834,0.5747866630554199
2755,42.802772521972656,25.84397315979004,0.4905875027179718,0.19888807833194733,-0.08322910219430923,0.5897080898284912
2756,42.13014602661133,24.305511474609375,0.49591249227523804,0.1988067775964737,-0.06244814768433571,0.5841333866119385
2757,42.26112365722656,24.76549530029297,0.4965875446796417,0.1987389326095581,-0.0448005385696888,0.5843610167503357
2758,42.516334533691406,25.150968551635742,0.5002999901771545,0.19874490797519684,-0.06450119614601135,0.5731863379478455
2759,42.10972595214844,24.181955337524414,0.5001875162124634,0.1987486332654953,-0.056986477226018906,0.5770195126533508
2760,42.250885009765625,24.29694366455078,0.5048875212669373,0.198845773935318,-0.060255587100982666,0.5868562459945679
2761,42.38649368286133,24.976224899291992,0.5056750774383545,0.1989586353302002,-0.060160357505083084,0.5712145566940308
2762,42.65277862548828,25.48322868347168,0.5071750283241272,0.19910138845443726,-0.03555950149893761,0.5648726224899292
2763,42.03291702270508,23.89815330505371,0.5032375454902649,0.19916585087776184,-0.07466954737901688,0.5998794436454773
2764,42.41715621948242,24.86849594116211,0.5012875199317932,0.19919149577617645,-0.07393398135900497,0.5797742009162903
2765,42.19327163696289,24.371065139770508,0.5052750706672668,0.19929656386375427,-0.07767432928085327,0.5767706036567688
2766,42.622901916503906,25.433908462524414,0.5044750571250916,0.19938574731349945,-0.06446056813001633,0.5949432849884033
2767,42.18645477294922,24.53691864013672,0.503849983215332,0.19946251809597015,-0.09856513142585754,0.6026785969734192
2768,41.814266204833984,23.423194885253906,0.5019750595092773,0.1995019167661667,-0.08465436100959778,0.6045866012573242
2769,42.30207824707031,24.385108947753906,0.5039250254631042,0.19958023726940155,-0.07601567357778549,0.5898086428642273
2770,42.25443649291992,24.39820098876953,0.5043125152587891,0.1996663212776184,-0.0899030938744545,0.5883626341819763
2771,42.37893295288086,25.2133846282959,0.4994875192642212,0.19965608417987823,-0.07148302346467972,0.592407763004303
2772,42.281776428222656,24.720239639282227,0.495587557554245,0.1995679885149002,-0.06804683804512024,0.5839245915412903
2773,42.2117805480957,24.41313362121582,0.49611255526542664,0.19949041306972504,-0.0420466847717762,0.5713242292404175
2774,42.5330924987793,25.528871536254883,0.4924375116825104,0.19933953881263733,-0.047120045870542526,0.5580413937568665
2775,42.379432678222656,24.751731872558594,0.4953875243663788,0.1992475986480713,-0.01393207535147667,0.5775970816612244
2776,42.636558532714844,25.682130813598633,0.4849625527858734,0.1989479809999466,-0.04421338811516762,0.5692152380943298
2777,42.152076721191406,24.27216339111328,0.49182504415512085,0.19878534972667694,-0.0639527440071106,0.5825837254524231
2778,42.14905548095703,24.30545425415039,0.4913250207901001,0.19861291348934174,-0.08795192837715149,0.5841089487075806
2779,42.10261154174805,24.147367477416992,0.49931252002716064,0.19859926402568817,-0.03682573512196541,0.5859536528587341
2780,41.954158782958984,24.05113410949707,0.49963754415512085,0.19859206676483154,-0.11922574788331985,0.6141944527626038
2781,42.271915435791016,24.659271240234375,0.5002000331878662,0.1985960453748703,-0.06844563037157059,0.5852153897285461
2782,42.75099563598633,25.447195053100586,0.5041500329971313,0.19867846369743347,-0.06525546312332153,0.5806145071983337
2783,42.44199752807617,24.566791534423828,0.5090625286102295,0.19885851442813873,-0.06493516266345978,0.5969721674919128
2784,42.49863052368164,24.457473754882812,0.5171750783920288,0.19920006394386292,-0.06558150053024292,0.5842289328575134
2785,42.36411666870117,24.41590690612793,0.5104250311851501,0.19940772652626038,-0.041678979992866516,0.6075958013534546
2786,42.49140930175781,24.978992462158203,0.5107625126838684,0.19962233304977417,-0.04701768606901169,0.5797489881515503
2787,42.199745178222656,24.35797882080078,0.5027125477790833,0.19967646896839142,-0.023708710446953773,0.5461735129356384
2788,42.31202697753906,24.656631469726562,0.49608755111694336,0.19959834218025208,-0.05169147253036499,0.5655674934387207
2789,42.21665954589844,25.043167114257812,0.4925374984741211,0.19944939017295837,-0.07202459871768951,0.5804628729820251
2790,42.29570770263672,24.970766067504883,0.4897875487804413,0.19924570620059967,-0.08020174503326416,0.5740042924880981
2791,41.834171295166016,23.599246978759766,0.4894125163555145,0.19903475046157837,-0.06715216487646103,0.5915476679801941
2792,42.65231704711914,26.182937622070312,0.48493751883506775,0.19873495399951935,-0.07202655076980591,0.582271933555603
2793,42.23268508911133,24.798372268676758,0.4952375292778015,0.19864030182361603,-0.040196944028139114,0.5932636260986328
2794,42.564327239990234,25.264511108398438,0.4973750114440918,0.19858816266059875,-0.07433962821960449,0.6097254157066345
2795,42.044151306152344,24.08036994934082,0.503000020980835,0.19864775240421295,-0.044397156685590744,0.5935491323471069
2796,42.201717376708984,24.292306900024414,0.5049500465393066,0.19874607026576996,-0.04392031952738762,0.5999059677124023
2797,42.131690979003906,24.086593627929688,0.5110999941825867,0.19896666705608368,-0.04302241653203964,0.5722051858901978
2798,42.185829162597656,24.44308853149414,0.514662504196167,0.19925840198993683,-0.03692749887704849,0.6027154326438904
2799,42.417449951171875,24.792070388793945,0.5084125399589539,0.19942602515220642,-0.06335091590881348,0.6195878386497498
2800,42.56797790527344,25.601430892944336,0.5047250390052795,0.1995202600955963,-0.04636462777853012,0.5926592350006104
2801,42.33161544799805,25.081941604614258,0.49611252546310425,0.19944269955158234,-0.04996434226632118,0.5502928495407104
2802,42.49155807495117,25.317140579223633,0.4929875433444977,0.19930283725261688,-0.06922627985477448,0.5654616951942444
2803,42.422828674316406,25.200767517089844,0.49387502670288086,0.19918076694011688,-0.08028862625360489,0.5672644972801208
2804,42.337371826171875,24.818714141845703,0.4926125109195709,0.19903361797332764,-0.10805446654558182,0.5982126593589783
2805,42.43439483642578,25.366926193237305,0.4991375505924225,0.19901645183563232,-0.11616846174001694,0.5935758948326111
2806,42.43091583251953,25.05955696105957,0.5038125514984131,0.1990923285484314,-0.10726456344127655,0.5772824883460999
2807,42.301517486572266,24.713804244995117,0.5034500360488892,0.19916100800037384,-0.061959393322467804,0.6166077256202698
2808,42.354820251464844,24.7385196685791,0.5104250311851501,0.19936862587928772,-0.04622062295675278,0.5779871940612793
2809,42.13158416748047,24.09585189819336,0.5123875141143799,0.19961558282375336,-0.024431370198726654,0.6186587810516357
2810,42.12000274658203,23.99489974975586,0.5089000463485718,0.1997932493686676,-0.06213226914405823,0.5905153155326843
2811,42.40119171142578,24.810392379760742,0.5019625425338745,0.19983245432376862,-0.0413651168346405,0.5812204480171204
2812,42.26559066772461,24.662601470947266,0.4945875108242035,0.19972428679466248,-0.033186644315719604,0.586418092250824
2813,42.27920913696289,25.21060562133789,0.48805001378059387,0.19948561489582062,-0.05664472281932831,0.5786555409431458
2814,41.9805908203125,24.171497344970703,0.48423755168914795,0.19917117059230804,-0.054307613521814346,0.5930752754211426
2815,42.450172424316406,25.106609344482422,0.48788753151893616,0.19892993569374084,-0.04112659767270088,0.5768797397613525
2816,42.64618682861328,25.670989990234375,0.4899875223636627,0.19873075187206268,-0.08138224482536316,0.5670923590660095
2817,42.44834518432617,25.064035415649414,0.49682503938674927,0.19866764545440674,-0.07668254524469376,0.5862700343132019
2818,42.514949798583984,24.861711502075195,0.4948125183582306,0.1985645890235901,-0.08778858184814453,0.5821489095687866
2819,42.40529251098633,24.51458740234375,0.5066625475883484,0.19869688153266907,-0.11644764989614487,0.6019263863563538
2820,41.902793884277344,23.63581085205078,0.5085625052452087,0.19886702299118042,-0.09111829102039337,0.5866543054580688
2821,42.39018630981445,24.451791763305664,0.5134625434875488,0.1991347372531891,-0.0508265495300293,0.6115347146987915
2822,42.19093322753906,24.53131103515625,0.5155375003814697,0.19944414496421814,-0.07460388541221619,0.602373480796814
2823,42.11921691894531,23.81090545654297,0.5083125233650208,0.1996099352836609,-0.09180012345314026,0.6023761034011841
2824,42.24060821533203,24.4534912109375,0.5056000351905823,0.19972172379493713,-0.06934060901403427,0.6045775413513184
2825,42.179481506347656,24.23847007751465,0.4947500228881836,0.19961686432361603,-0.05924035981297493,0.5748275518417358
2826,42.56813430786133,25.470460891723633,0.4901750385761261,0.1994207352399826,-0.05817834660410881,0.5736172795295715
2827,42.63970184326172,25.544689178466797,0.4884375333786011,0.199190154671669,-0.07690178602933884,0.5687377452850342
2828,42.01511001586914,24.349687576293945,0.4938000440597534,0.1990666538476944,-0.045354995876550674,0.5723000764846802
2829,42.155696868896484,24.33514976501465,0.49076253175735474,0.19888275861740112,-0.03897487744688988,0.5769490599632263
2830,42.25972366333008,25.099727630615234,0.49184998869895935,0.19872067868709564,-0.028162164613604546,0.5830795764923096
2831,42.472373962402344,24.93088150024414,0.4974749982357025,0.19867050647735596,-0.05158504098653793,0.5817378759384155
2832,41.81800079345703,23.269521713256836,0.49813753366470337,0.19863350689411163,-0.05668806657195091,0.5575377941131592
2833,42.47832107543945,25.061874389648438,0.5080375075340271,0.19879314303398132,-0.0497562438249588,0.5779052972793579
2834,42.14575958251953,24.21796989440918,0.5016124844551086,0.19882521033287048,-0.06375058740377426,0.5625588297843933
2835,41.9090576171875,23.494237899780273,0.5016250014305115,0.19885751605033875,-0.10354695469141006,0.5863966345787048
2836,42.11211013793945,23.955291748046875,0.5000125169754028,0.19885775446891785,-0.07173112034797668,0.5797467231750488
2837,42.38671875,25.061100006103516,0.5035125613212585,0.1989276111125946,-0.07238756120204926,0.6042618751525879
2838,42.45446014404297,24.863908767700195,0.5054125189781189,0.19903527200222015,-0.08914203196763992,0.5672661066055298
2839,42.021461486816406,23.82474136352539,0.504087507724762,0.19911663234233856,-0.14422236382961273,0.5868151187896729
2840,42.35218048095703,25.16059112548828,0.5047625303268433,0.1992114633321762,-0.06479208171367645,0.590592086315155
2841,42.23481750488281,24.737306594848633,0.5029875636100769,0.19927097856998444,-0.0992346704006195,0.6183276176452637
2842,42.41761779785156,25.265783309936523,0.49691253900527954,0.19920945167541504,-0.05443250387907028,0.568520724773407
2843,42.23094177246094,24.634489059448242,0.49838754534721375,0.1991773396730423,-0.056644145399332047,0.5784616470336914
2844,42.229732513427734,24.73963737487793,0.5005500912666321,0.19918829202651978,-0.014762073755264282,0.5985546708106995
2845,42.320186614990234,24.616867065429688,0.49707502126693726,0.19913002848625183,-0.049633804708719254,0.5936314463615417
2846,42.342193603515625,25.41878890991211,0.492775022983551,0.19898615777492523,-0.07285336405038834,0.584416925907135
2847,42.368324279785156,25.004480361938477,0.4948875308036804,0.19888442754745483,-0.025773830711841583,0.5662733316421509
2848,42.581871032714844,25.758142471313477,0.4945375323295593,0.19877579808235168,-0.049691714346408844,0.5589291453361511
2849,42.21138381958008,24.387657165527344,0.5030249953269958,0.19883593916893005,-0.07072017341852188,0.609418511390686
2850,42.546844482421875,25.448545455932617,0.501300036907196,0.19886179268360138,-0.0939093828201294,0.5754572153091431
2851,42.4973258972168,25.173295974731445,0.5098250508308411,0.1990571767091751,-0.0884794145822525,0.6092723608016968
2852,42.47642517089844,24.873849868774414,0.514275074005127,0.19934134185314178,-0.12434425204992294,0.6017289757728577
2853,42.066200256347656,23.661636352539062,0.5111875534057617,0.1995643675327301,-0.11089139431715012,0.6163173913955688
2854,42.09418487548828,24.15374183654785,0.5068000555038452,0.19970007240772247,-0.10302245616912842,0.6131508350372314
2855,42.40406799316406,24.897056579589844,0.5031375288963318,0.1997627317905426,-0.09953247755765915,0.590207040309906
2856,42.08285140991211,24.252378463745117,0.5028250217437744,0.1998191773891449,-0.0912870466709137,0.6129791140556335
2857,42.25271987915039,24.365222930908203,0.4996500313282013,0.19981218874454498,-0.062286682426929474,0.5888038277626038
2858,42.4649543762207,25.037517547607422,0.4954875111579895,0.199722021818161,-0.0635526180267334,0.5819727778434753
2859,42.42448806762695,24.90311050415039,0.49010002613067627,0.19952429831027985,-0.0644131675362587,0.560100257396698
2860,42.36378479003906,24.643468856811523,0.48631250858306885,0.199251189827919,-0.055893152952194214,0.5705778002738953
2861,42.47891616821289,24.617919921875,0.49053752422332764,0.19906266033649445,-0.06391008198261261,0.5722050070762634
2862,42.20766830444336,24.494400024414062,0.4963875412940979,0.19899074733257294,-0.052425485104322433,0.5887811183929443
2863,42.470516204833984,25.521635055541992,0.49268752336502075,0.19884523749351501,-0.04765523597598076,0.5690797567367554
2864,42.255802154541016,24.246074676513672,0.49348750710487366,0.19871574640274048,-0.04687245562672615,0.5794573426246643
2865,42.360267639160156,24.939733505249023,0.5004875659942627,0.19872543215751648,-0.05797795206308365,0.6063550114631653
2866,42.31796646118164,24.712892532348633,0.5050125122070312,0.19882504642009735,-0.08992251753807068,0.5872058272361755
2867,42.38148498535156,24.60318946838379,0.5011500716209412,0.1988479197025299,-0.1041039302945137,0.6099781394004822
2868,42.287132263183594,24.37416648864746,0.503125011920929,0.19891004264354706,-0.08824195712804794,0.5693086981773376
2869,42.45265197753906,24.96143913269043,0.5016375184059143,0.1989426165819168,-0.09265978634357452,0.5700122714042664
2870,41.85309982299805,23.36203384399414,0.4981750547885895,0.1989063024520874,-0.07943132519721985,0.6043930649757385
2871,42.14363479614258,24.534896850585938,0.49768751859664917,0.198860302567482,-0.08268138766288757,0.5930303335189819
2872,42.39663314819336,25.08017349243164,0.4919000566005707,0.1986992359161377,-0.06695391982793808,0.5804443359375
2873,42.28187561035156,24.604961395263672,0.49088752269744873,0.19851817190647125,-0.03017042949795723,0.5588961839675903
2874,42.12870407104492,24.354507446289062,0.49631252884864807,0.19844496250152588,-0.03669092804193497,0.5665943026542664
2875,42.59317398071289,25.090103149414062,0.4890250265598297,0.1982271671295166,-0.04269613325595856,0.5485715270042419
2876,42.449520111083984,24.75494956970215,0.4923500120639801,0.19807551801204681,-0.028408177196979523,0.5514910221099854
2877,42.50703430175781,25.120101928710938,0.49207502603530884,0.19791854918003082,-0.024582643061876297,0.5640360116958618
2878,42.377925872802734,24.378616333007812,0.49941253662109375,0.19790691137313843,-0.04396640509366989,0.5643840432167053
2879,42.305641174316406,24.367767333984375,0.5031625628471375,0.1979694962501526,-0.04218803718686104,0.5605759620666504
2880,42.46753692626953,25.398466110229492,0.5024250149726868,0.19801749289035797,-0.03535039722919464,0.5588819980621338
2881,42.54025650024414,25.333707809448242,0.5008125305175781,0.19803358614444733,-0.08180459588766098,0.5985921621322632
2882,42.15231704711914,24.356403350830078,0.5050375461578369,0.19813334941864014,-0.09393652528524399,0.5941100716590881
2883,42.4747314453125,24.735116958618164,0.5019375085830688,0.1981717348098755,-0.10145647078752518,0.6122477650642395
2884,42.57432556152344,25.27910614013672,0.5018750429153442,0.19820889830589294,-0.08572789281606674,0.6206867694854736
2885,42.52751541137695,25.086442947387695,0.5033000111579895,0.19827429950237274,-0.0938919261097908,0.5981749296188354
2886,42.31404113769531,24.589296340942383,0.5002625584602356,0.1982795000076294,-0.08873384445905685,0.5991280674934387
2887,42.32784652709961,24.708940505981445,0.5019375085830688,0.19831791520118713,-0.06905980408191681,0.5949351787567139
2888,42.478729248046875,24.8488712310791,0.5030625462532043,0.19837865233421326,-0.0944707989692688,0.569196879863739
2889,42.54247283935547,24.94898223876953,0.5062500238418579,0.19850264489650726,-0.014127090573310852,0.5587043762207031
2890,42.33674240112305,24.57660484313965,0.5029374957084656,0.1985609531402588,-0.026863642036914825,0.5854148864746094
2891,42.507266998291016,25.168991088867188,0.5062000155448914,0.19868406653404236,-0.0714750587940216,0.5854178071022034
2892,42.60694885253906,25.68978500366211,0.49755001068115234,0.19863539934158325,-0.050483338534832,0.5904845595359802
2893,42.392303466796875,25.125347137451172,0.49678751826286316,0.19857157766819,-0.08393939584493637,0.5872812271118164
2894,42.16923522949219,24.21036148071289,0.49937501549720764,0.19855916500091553,-0.06878383457660675,0.5658077001571655
2895,42.46056365966797,25.296600341796875,0.5028499960899353,0.19861575961112976,-0.0801554024219513,0.590023934841156
2896,42.10974884033203,24.526472091674805,0.49858754873275757,0.19858770072460175,-0.051578667014837265,0.6001570820808411
2897,42.451297760009766,24.92381477355957,0.4990125298500061,0.19856809079647064,-0.057177431881427765,0.6018092632293701
2898,42.520633697509766,25.144020080566406,0.5033750534057617,0.19863510131835938,-0.062242258340120316,0.5986760258674622
2899,42.35369873046875,24.805994033813477,0.5057000517845154,0.19874833524227142,-0.0485115684568882,0.602226197719574
2900,42.16830825805664,24.155624389648438,0.5033000111579895,0.19881391525268555,-0.07482707500457764,0.5963118672370911
2901,42.357749938964844,24.955791473388672,0.5024000406265259,0.19886162877082825,-0.10650739073753357,0.5739178657531738
2902,42.61125183105469,25.344058990478516,0.49925002455711365,0.1988467127084732,-0.08326835930347443,0.5798933506011963
2903,42.438899993896484,25.026445388793945,0.500587522983551,0.19885839521884918,-0.08244020491838455,0.5856555700302124
2904,42.48372268676758,24.9117488861084,0.4998375475406647,0.19885516166687012,-0.0976301059126854,0.598688542842865
2905,42.527687072753906,25.524791717529297,0.5052000284194946,0.19895856082439423,-0.028219154104590416,0.5967667698860168
2906,42.21817398071289,24.523273468017578,0.5025500059127808,0.19900929927825928,-0.05757594481110573,0.5700929760932922
2907,42.232826232910156,24.192333221435547,0.5025500655174255,0.19906003773212433,-0.015199580229818821,0.5721051692962646
2908,42.14744186401367,24.316490173339844,0.5038250088691711,0.1991361826658249,-0.06624699383974075,0.5742210745811462
2909,42.345314025878906,24.511367797851562,0.49412500858306885,0.1990191787481308,-0.05056537315249443,0.5704607963562012
2910,42.246368408203125,24.756322860717773,0.5005000233650208,0.1990291178226471,-0.015584670007228851,0.5650627613067627
2911,42.51456832885742,25.22445297241211,0.4943125247955322,0.19891591370105743,-0.022757988423109055,0.5723605155944824
2912,42.12248229980469,24.280488967895508,0.49813753366470337,0.19887886941432953,-0.07077701389789581,0.5746321678161621
2913,42.134300231933594,24.233129501342773,0.49925002455711365,0.1988639533519745,-0.0649508386850357,0.5935234427452087
2914,42.62819290161133,25.662073135375977,0.4957375228404999,0.19877919554710388,-0.10477106273174286,0.585595428943634
2915,42.05719757080078,24.16400909423828,0.4982750415802002,0.19874490797519684,-0.08733838051557541,0.5954134464263916
2916,42.19995880126953,24.654953002929688,0.4971500337123871,0.19868826866149902,-0.04936030134558678,0.6122277975082397
2917,42.484649658203125,24.57378578186035,0.5054125189781189,0.19879579544067383,-0.08014558255672455,0.6177296042442322
2918,42.563758850097656,24.915252685546875,0.5050375461578369,0.19889594614505768,-0.10904356837272644,0.5844801664352417
2919,42.13588333129883,24.0080509185791,0.5048125386238098,0.19899167120456696,-0.055418696254491806,0.5898226499557495
2920,42.14765167236328,23.976890563964844,0.5061375498771667,0.19911381602287292,-0.03658398613333702,0.5899201035499573
2921,42.105342864990234,23.99956512451172,0.5034000277519226,0.19918151199817657,-0.039090417325496674,0.5741432905197144
2922,42.161033630371094,24.187463760375977,0.502387523651123,0.19922907650470734,-0.04636344686150551,0.5771573781967163
2923,42.52703094482422,25.305274963378906,0.4948750138282776,0.1991269737482071,-0.05678589642047882,0.5848708748817444
2924,42.505615234375,25.268692016601562,0.4847375154495239,0.19882306456565857,-0.06731906533241272,0.5695697069168091
2925,42.10374069213867,24.26401138305664,0.48317500948905945,0.1984885334968567,-0.09391053766012192,0.5758888721466064
2926,42.25680923461914,24.54631996154785,0.48952504992485046,0.19828061759471893,-0.09478077292442322,0.5531662106513977
2927,42.33586883544922,25.035009384155273,0.49512502551078796,0.19818395376205444,-0.08778587728738785,0.5685601830482483
2928,42.326507568359375,24.74658203125,0.5028499960899353,0.19824044406414032,-0.11117615550756454,0.5787352323532104
2929,42.48539733886719,25.095861434936523,0.5065375566482544,0.1983700394630432,-0.07680872082710266,0.5743522047996521
2930,42.2403678894043,23.851816177368164,0.5097125768661499,0.19856272637844086,-0.06306380033493042,0.5919866561889648
2931,42.17570114135742,23.95170021057129,0.5155749917030334,0.19887198507785797,-0.07035191357135773,0.5806623697280884
2932,42.17998123168945,24.107528686523438,0.514862596988678,0.19916756451129913,-0.06378927081823349,0.5836545825004578
2933,42.321128845214844,24.3806095123291,0.5072000622749329,0.19931097328662872,-0.055304620414972305,0.5583795309066772
2934,42.429100036621094,24.423912048339844,0.5004624724388123,0.19932019710540771,-0.04455656558275223,0.5791462063789368
2935,42.35911560058594,24.718090057373047,0.5024000406265259,0.19936802983283997,-0.08685679733753204,0.585803210735321
2936,42.30596160888672,24.75847053527832,0.49480000138282776,0.19926436245441437,-0.06101798638701439,0.5752735137939453
2937,42.27067947387695,24.397655487060547,0.49496254324913025,0.1991639882326126,-0.05714944005012512,0.604160487651825
2938,41.996700286865234,23.90108299255371,0.4911750555038452,0.19898822903633118,-0.08476278185844421,0.5718845725059509
2939,42.42426681518555,24.810264587402344,0.4942375123500824,0.19887356460094452,-0.07771161198616028,0.5806241631507874
2940,42.4022216796875,25.01519203186035,0.48641252517700195,0.19860334694385529,-0.07654331624507904,0.5816989541053772
2941,42.11140823364258,24.135374069213867,0.4950500428676605,0.19850502908229828,-0.0742645114660263,0.5879310965538025
2942,42.1084098815918,24.329700469970703,0.5012875199317932,0.19853058457374573,-0.09111366420984268,0.583055317401886
2943,42.559757232666016,25.205183029174805,0.4974125325679779,0.19847922027111053,-0.11197299510240555,0.5893418788909912
2944,42.62507629394531,24.890104293823242,0.49945002794265747,0.19846829771995544,-0.1033843606710434,0.5584800839424133
2945,42.65592575073242,24.974594116210938,0.5045875310897827,0.19855934381484985,-0.054579589515924454,0.58708655834198
2946,42.20109939575195,24.199050903320312,0.5097125768661499,0.19875220954418182,-0.08774879574775696,0.5917491912841797
2947,41.568424224853516,22.862878799438477,0.505050003528595,0.1988525688648224,-0.038225702941417694,0.5928878784179688
2948,42.31858444213867,25.281116485595703,0.5059375166893005,0.19897064566612244,-0.06400623172521591,0.5680444240570068
2949,42.10227584838867,24.362548828125,0.5012624859809875,0.19899576902389526,-0.05961427465081215,0.5710182189941406
2950,42.50883865356445,25.05708885192871,0.49928751587867737,0.19898159801959991,-0.06620428711175919,0.5785431265830994
2951,42.05580139160156,24.72931671142578,0.4940125346183777,0.1988624632358551,-0.08728208392858505,0.5756864547729492
2952,42.319183349609375,25.14837074279785,0.4958500266075134,0.19877994060516357,-0.08412053436040878,0.5828395485877991
2953,41.89492416381836,23.796783447265625,0.49951252341270447,0.19877025485038757,-0.02212352119386196,0.6017712354660034
2954,42.58824920654297,25.22922134399414,0.4977875351905823,0.19872628152370453,-0.05686543509364128,0.5775375366210938
2955,42.71049880981445,25.693849563598633,0.49383750557899475,0.1986038088798523,-0.06617183238267899,0.5683810114860535
2956,42.06261444091797,24.226016998291016,0.4991125464439392,0.19858618080615997,-0.05030171200633049,0.5831652879714966
2957,42.3673095703125,24.978557586669922,0.501087486743927,0.19860777258872986,-0.04774647578597069,0.5736749768257141
2958,42.615230560302734,25.506492614746094,0.49691256880760193,0.19854645431041718,-0.08366651087999344,0.5684580206871033
2959,42.03760528564453,24.20527458190918,0.5005249977111816,0.19855687022209167,-0.07747241109609604,0.5882649421691895
2960,42.05195236206055,24.19976234436035,0.5034624934196472,0.1986256241798401,-0.07851636409759521,0.5851635336875916
2961,42.17494201660156,24.044605255126953,0.5065625309944153,0.19875596463680267,-0.08497964590787888,0.6070361137390137
2962,42.2911262512207,24.94605827331543,0.5016875267028809,0.19878952205181122,-0.07091303914785385,0.6199538111686707
2963,42.57472229003906,25.10498809814453,0.5029000639915466,0.19884717464447021,-0.0691848024725914,0.5934222936630249
2964,42.45321273803711,25.48495864868164,0.5038125514984131,0.19892297685146332,-0.11188417673110962,0.587016761302948
2965,42.14369583129883,24.573184967041016,0.5016124844551086,0.19895505905151367,-0.10781519114971161,0.5835157632827759
2966,42.320220947265625,24.826852798461914,0.4975999891757965,0.1989073008298874,-0.09960322082042694,0.5696461796760559
2967,42.31632614135742,25.010690689086914,0.5007249712944031,0.19892171025276184,-0.05858234688639641,0.5949869155883789
2968,42.21171951293945,24.70557403564453,0.4999000132083893,0.19891971349716187,-0.04095493629574776,0.5899333357810974
2969,42.05589294433594,24.09808349609375,0.4979000389575958,0.1988779455423355,-0.04229506105184555,0.5718458294868469
2970,42.46843338012695,25.19182014465332,0.4980875551700592,0.19883990287780762,-0.09155347943305969,0.576873242855072
2971,42.30916976928711,24.927982330322266,0.49668753147125244,0.1987740397453308,-0.047419194132089615,0.5762589573860168
2972,42.173492431640625,24.56352996826172,0.49682503938674927,0.19871093332767487,-0.0799512192606926,0.5615797638893127
2973,42.483131408691406,25.435455322265625,0.49980002641677856,0.1987069547176361,-0.08748094737529755,0.583961546421051
2974,42.384376525878906,24.628677368164062,0.5041875839233398,0.19879016280174255,-0.08429957926273346,0.5846180319786072
2975,42.136451721191406,23.863649368286133,0.5107625126838684,0.19900409877300262,-0.054275695234537125,0.6086925268173218
2976,42.12272262573242,24.179441452026367,0.5138000845909119,0.19927871227264404,-0.062796451151371,0.6028503179550171
2977,42.4556770324707,24.90851593017578,0.5102250576019287,0.19948247075080872,-0.06374574452638626,0.5702184438705444
2978,42.851200103759766,25.420215606689453,0.5077250599861145,0.1996365636587143,-0.05164530500769615,0.579071581363678
2979,42.64645004272461,25.153322219848633,0.5013500452041626,0.19966350495815277,-0.039971817284822464,0.5830749869346619
2980,42.50883102416992,24.697906494140625,0.5030375123023987,0.19972415268421173,-0.04778943210840225,0.5662832260131836
2981,42.58858108520508,25.213838577270508,0.49588754773139954,0.19964201748371124,-0.03737621381878853,0.572557806968689
2982,42.18406677246094,24.534833908081055,0.496025025844574,0.1995626538991928,-0.045773062855005264,0.6007400751113892
2983,42.261905670166016,24.636518478393555,0.4910000264644623,0.19938305020332336,-0.04648027941584587,0.5727223753929138
2984,42.3221435546875,24.6035099029541,0.4882625341415405,0.199149027466774,-0.038880184292793274,0.5823950171470642
2985,42.224449157714844,24.22671127319336,0.4931500554084778,0.1990126222372055,-0.04463556408882141,0.5906623005867004
2986,41.81169128417969,23.52100372314453,0.4904375374317169,0.19882231950759888,-0.059727542102336884,0.5726061463356018
2987,42.68107604980469,25.693641662597656,0.48686251044273376,0.19856111705303192,-0.05890703201293945,0.5621150732040405
2988,42.27613830566406,24.746612548828125,0.49425002932548523,0.19844694435596466,-0.07183285802602768,0.5996202230453491
2989,42.3165283203125,24.78221893310547,0.4913625121116638,0.19827553629875183,-0.0611891970038414,0.5751644968986511
2990,42.30124282836914,24.392793655395508,0.4978500306606293,0.19823290407657623,-0.04840948060154915,0.5934142470359802
2991,41.9585075378418,23.96866226196289,0.4956749975681305,0.19814716279506683,-0.04998842999339104,0.5794309973716736
2992,42.46274185180664,24.77686882019043,0.49576249718666077,0.1980631947517395,-0.06733943521976471,0.584298849105835
2993,42.731101989746094,25.894874572753906,0.498600035905838,0.19803546369075775,-0.07053180038928986,0.5855132341384888
2994,42.32715606689453,24.707000732421875,0.5039000511169434,0.19811271131038666,-0.04148094356060028,0.603327214717865
2995,42.32384490966797,24.62175750732422,0.507224977016449,0.19825585186481476,-0.06214959919452667,0.605539858341217
2996,42.00433349609375,23.520261764526367,0.5079250335693359,0.1984129697084427,-0.08508241176605225,0.5931272506713867
2997,42.3475456237793,24.83963394165039,0.5065500140190125,0.19854293763637543,-0.054390862584114075,0.5901173949241638
2998,42.4112663269043,24.80274772644043,0.5052375197410583,0.1986469328403473,-0.07537141442298889,0.5682661533355713
2999,42.61102294921875,25.336423873901367,0.5031625032424927,0.19870975613594055,-0.08782169222831726,0.5969968438148499
3000,42.23067855834961,24.795635223388672,0.4977250397205353,0.19866454601287842,-0.07617592066526413,0.5838173627853394
3001,42.36288833618164,25.00090789794922,0.504800021648407,0.19875991344451904,-0.09660349786281586,0.5977030396461487
3002,42.175872802734375,24.468416213989258,0.4970250427722931,0.19870078563690186,-0.08937109261751175,0.5589234232902527
3003,42.66341018676758,25.552797317504883,0.4996750056743622,0.19869433343410492,-0.06322496384382248,0.5802339315414429
3004,42.31875991821289,24.463306427001953,0.5032374858856201,0.19875866174697876,-0.04956289008259773,0.5961352586746216
3005,42.0650520324707,24.288949966430664,0.49652498960494995,0.19868959486484528,-0.04364435747265816,0.5897567868232727
3006,41.859432220458984,23.65899085998535,0.4988750219345093,0.1986672431230545,-0.03448469564318657,0.5823726654052734
3007,42.50763702392578,25.357501983642578,0.5024124979972839,0.1987151801586151,-0.07035275548696518,0.58160400390625
3008,42.240116119384766,24.404090881347656,0.5031500458717346,0.19877776503562927,-0.07992993295192719,0.592285692691803
3009,42.0543327331543,24.307592391967773,0.5006250143051147,0.19879017770290375,-0.05589226260781288,0.5847508311271667
3010,42.512107849121094,24.953857421875,0.5025750398635864,0.19884136319160461,-0.04678991064429283,0.5997132658958435
3011,42.409423828125,24.746580123901367,0.5060625076293945,0.19896191358566284,-0.08698116987943649,0.5956578850746155
3012,42.349403381347656,24.78497886657715,0.4997875392436981,0.19895769655704498,-0.05270437151193619,0.6005735397338867
3013,41.92263412475586,23.729930877685547,0.497825026512146,0.19891442358493805,-0.07126883417367935,0.5922027826309204
3014,42.155643463134766,24.1351261138916,0.4975125193595886,0.19886495172977448,-0.09062252193689346,0.5828720331192017
3015,42.6487922668457,25.72964096069336,0.49723750352859497,0.19881001114845276,-0.08198728412389755,0.5986382961273193
3016,42.3707160949707,24.67780303955078,0.4967249929904938,0.19874489307403564,-0.08633359521627426,0.5838450193405151
3017,42.61025619506836,25.341312408447266,0.5006000399589539,0.19875681400299072,-0.05751007795333862,0.5819175839424133
3018,42.401493072509766,25.018543243408203,0.4994250237941742,0.19874538481235504,-0.0495646633207798,0.5745447278022766
3019,42.07298278808594,23.99506187438965,0.504300057888031,0.19883084297180176,-0.04424000158905983,0.5921534895896912
3020,42.45505905151367,24.597867965698242,0.5042000412940979,0.19891434907913208,-0.05097934231162071,0.5582162737846375
3021,42.72640609741211,25.49340057373047,0.5092625021934509,0.199098601937294,-0.05830145627260208,0.5890847444534302
3022,42.389442443847656,24.692407608032227,0.5092625617980957,0.19928301870822906,-0.0519585944712162,0.5842648148536682
3023,42.238834381103516,24.271808624267578,0.5052250027656555,0.19938714802265167,-0.05508803203701973,0.5960096716880798
3024,42.42449188232422,24.861604690551758,0.5004374980926514,0.19939586520195007,-0.09255114942789078,0.6061221957206726
3025,42.329620361328125,24.93627166748047,0.49870002269744873,0.19936993718147278,-0.09877675771713257,0.5832081437110901
3026,42.2081184387207,24.291831970214844,0.5006250143051147,0.19938239455223083,-0.10012722760438919,0.5807813405990601
3027,41.934967041015625,23.794857025146484,0.49358755350112915,0.19925454258918762,-0.08687054365873337,0.5822252631187439
3028,41.988037109375,24.049274444580078,0.49608752131462097,0.1991765797138214,-0.08214527368545532,0.5874624252319336
3029,42.35390090942383,25.015405654907227,0.49051254987716675,0.19898761808872223,-0.067539282143116,0.5710353851318359
3030,42.23149108886719,24.626577377319336,0.49118751287460327,0.19881226122379303,-0.04867066442966461,0.5783145427703857
3031,42.08588409423828,24.052553176879883,0.4945875108242035,0.19870464503765106,-0.03584831580519676,0.5638372898101807
3032,42.1324577331543,24.687503814697266,0.49303752183914185,0.19856630265712738,-0.08093271404504776,0.5954633355140686
3033,41.722530364990234,23.518674850463867,0.49408748745918274,0.19844889640808105,-0.04970959946513176,0.5778172612190247
3034,42.720577239990234,25.832799911499023,0.4914000332355499,0.19827823340892792,-0.07741859555244446,0.5889014005661011
3035,42.56858444213867,25.26972007751465,0.49592500925064087,0.19819742441177368,-0.051669713109731674,0.6077492833137512
3036,41.856849670410156,23.477764129638672,0.5003625154495239,0.19820460677146912,-0.09003343433141708,0.5789295434951782
3037,42.296810150146484,24.683481216430664,0.5009875893592834,0.19822417199611664,-0.09334779530763626,0.5787489414215088
3038,42.24275207519531,24.211423873901367,0.5092874765396118,0.19840827584266663,-0.11656930297613144,0.5659716129302979
3039,42.35769271850586,24.680225372314453,0.5107000470161438,0.19862057268619537,-0.10570643842220306,0.5823076367378235
3040,42.467891693115234,24.909557342529297,0.5112125277519226,0.19884328544139862,-0.09208332002162933,0.5973206162452698
3041,42.2430305480957,24.192060470581055,0.5101500153541565,0.1990451067686081,-0.08260521292686462,0.586297869682312
3042,42.26089859008789,24.19756507873535,0.5067999958992004,0.1991804540157318,-0.08450232446193695,0.5711508393287659
3043,42.355506896972656,24.654870986938477,0.5044375061988831,0.19926883280277252,-0.1135210171341896,0.6053341031074524
3044,42.612640380859375,25.149843215942383,0.49951252341270447,0.19925911724567413,-0.022143719717860222,0.5835894346237183
3045,42.917442321777344,25.50324821472168,0.4939000606536865,0.19913756847381592,-0.0442068837583065,0.5757546424865723
3046,42.28377914428711,24.667098999023438,0.4956875145435333,0.19905169308185577,-0.0436924546957016,0.5696011781692505
3047,42.325660705566406,24.598215103149414,0.49630001187324524,0.19897803664207458,-0.04805925115942955,0.5691335797309875
3048,42.64146041870117,25.341123580932617,0.4922250509262085,0.19882333278656006,-0.02574879117310047,0.5914341807365417
3049,42.30711364746094,24.87738037109375,0.4916500151157379,0.1986573189496994,-0.06715550273656845,0.5505154728889465
3050,42.060218811035156,24.182025909423828,0.4911250174045563,0.1984810084104538,-0.09911505877971649,0.589668333530426
3051,42.88166046142578,25.773406982421875,0.49681252241134644,0.19841773808002472,-0.09819337725639343,0.6010244488716125
3052,42.750732421875,25.638063430786133,0.5068125128746033,0.1985529214143753,-0.06872311979532242,0.597743809223175
3053,42.28158950805664,24.554058074951172,0.5133750438690186,0.19881848990917206,-0.0693279281258583,0.6059693694114685
3054,42.60824203491211,25.278024673461914,0.5150250196456909,0.19911721348762512,-0.07350511103868484,0.6220987439155579
3055,42.12310791015625,23.945449829101562,0.5172125697135925,0.19945994019508362,-0.08465413749217987,0.6102348566055298
3056,42.25017547607422,24.534914016723633,0.5125500559806824,0.19971026480197906,-0.03523848205804825,0.6081420183181763
3057,42.40361022949219,24.777996063232422,0.5089375376701355,0.19988875091075897,-0.068601593375206,0.5958500504493713
3058,42.395267486572266,24.7000732421875,0.5033000111579895,0.19995470345020294,-0.06919751316308975,0.575931191444397
3059,41.99776840209961,24.000213623046875,0.4978500306606293,0.1999117136001587,-0.0657445564866066,0.5881560444831848
3060,42.23786544799805,24.265287399291992,0.48750001192092896,0.19966182112693787,-0.02896447665989399,0.5689813494682312
3061,42.69565963745117,25.51309585571289,0.48596253991127014,0.19938154518604279,-0.046727504581213,0.5658319592475891
3062,42.38392639160156,25.290266036987305,0.48563751578330994,0.19909518957138062,-0.05869680643081665,0.5622113943099976
3063,42.38610076904297,25.436080932617188,0.48368752002716064,0.1987704187631607,-0.06350556015968323,0.5848814845085144
3064,42.111183166503906,23.90422821044922,0.4952625334262848,0.19867625832557678,-0.05747169256210327,0.5844206809997559
3065,42.67380142211914,25.6094913482666,0.4946000576019287,0.19856896996498108,-0.053420115262269974,0.592181384563446
3066,42.39353942871094,24.849096298217773,0.49865004420280457,0.19854216277599335,-0.06625756621360779,0.5824466943740845
3067,42.756439208984375,25.55862808227539,0.5080000162124634,0.19870099425315857,-0.052620913833379745,0.5835440754890442
3068,42.7253303527832,25.572540283203125,0.5099499821662903,0.19889870285987854,-0.06551385670900345,0.5958954691886902
3069,42.099586486816406,23.72078514099121,0.5203624963760376,0.19930370151996613,-0.06714915484189987,0.5996227264404297
3070,42.6297492980957,25.400789260864258,0.5185750126838684,0.19967390596866608,-0.07430099695920944,0.599566638469696
3071,42.77052688598633,25.530012130737305,0.5136875510215759,0.19994720816612244,-0.06001094728708267,0.6045635342597961
3072,42.704490661621094,25.405128479003906,0.5107750296592712,0.20016266405582428,-0.08357413858175278,0.6024929285049438
3073,42.46588134765625,24.927276611328125,0.5038125514984131,0.20023897290229797,-0.07442843168973923,0.5931917428970337
3074,42.23889923095703,24.432981491088867,0.5038875341415405,0.20031681656837463,-0.06951745599508286,0.5787313580513
3075,42.001060485839844,23.731918334960938,0.497700035572052,0.20027074217796326,-0.06223618611693382,0.6015692949295044
3076,42.24514389038086,24.902402877807617,0.4972125291824341,0.2002149075269699,-0.06430041044950485,0.5868781805038452
3077,42.3515510559082,24.96415901184082,0.49576249718666077,0.20013007521629333,-0.06879077106714249,0.6046376824378967
3078,42.59122085571289,25.727994918823242,0.4884750247001648,0.19989942014217377,-0.035914406180381775,0.5843976140022278
3079,42.539398193359375,24.98885726928711,0.4966750144958496,0.1998329609632492,-0.032396480441093445,0.5877050161361694
3080,42.04362106323242,23.6046142578125,0.5015249848365784,0.19986343383789062,-0.03643864393234253,0.6036037802696228
3081,42.0513916015625,23.883312225341797,0.5022374987602234,0.19990815222263336,-0.0573015995323658,0.5840200781822205
3082,42.41877365112305,24.91119956970215,0.5036875009536743,0.19998186826705933,-0.07695364207029343,0.5761439204216003
3083,42.337425231933594,24.651613235473633,0.5034375190734863,0.20005062222480774,-0.10654754936695099,0.5913981795310974
3084,42.540775299072266,25.416790008544922,0.5074875354766846,0.2002004086971283,-0.06717772036790848,0.6130993366241455
3085,42.19899368286133,24.314184188842773,0.4992625415325165,0.2001856416463852,-0.07944150269031525,0.6046117544174194
3086,42.17948532104492,24.973867416381836,0.4948750138282776,0.20008304715156555,-0.10375603288412094,0.6027124524116516
3087,42.24394226074219,24.349435806274414,0.49790000915527344,0.2000410258769989,-0.0914136990904808,0.60610032081604
3088,42.623817443847656,25.72734832763672,0.4967750310897827,0.19997650384902954,-0.06283747404813766,0.5954359769821167
3089,41.89384078979492,23.82746124267578,0.4974375367164612,0.1999252587556839,-0.06703317910432816,0.5986654162406921
3090,42.17991638183594,24.731136322021484,0.49863752722740173,0.19989801943302155,-0.053088247776031494,0.5804932713508606
3091,42.364261627197266,24.767242431640625,0.49746251106262207,0.1998472958803177,-0.058280833065509796,0.5985679626464844
3092,42.78382110595703,25.90153694152832,0.49746254086494446,0.19979658722877502,-0.07571691274642944,0.5870650410652161
3093,41.88886642456055,23.51556968688965,0.5018625259399414,0.19983379542827606,-0.06706150621175766,0.59320068359375
3094,42.39231872558594,24.536542892456055,0.5000125169754028,0.19983403384685516,-0.07759915292263031,0.5859677791595459
3095,42.01968765258789,23.828208923339844,0.502375066280365,0.19988149404525757,-0.06862348318099976,0.6007205843925476
3096,42.065433502197266,23.679157257080078,0.5026750564575195,0.1999349594116211,-0.07270447164773941,0.5698379278182983
3097,42.42638397216797,25.096166610717773,0.5006625056266785,0.19994820654392242,-0.056579165160655975,0.5889624953269958
3098,42.5914306640625,25.55487060546875,0.49687501788139343,0.19988572597503662,-0.06535051017999649,0.5984849333763123
3099,42.31455993652344,24.81072998046875,0.49434998631477356,0.19977279007434845,-0.09854838997125626,0.5564700961112976
3100,42.29648208618164,25.119117736816406,0.489887535572052,0.19957077503204346,-0.07246746867895126,0.6163690090179443
3101,42.52070236206055,25.341352462768555,0.49480003118515015,0.1994670033454895,-0.07298564165830612,0.5830242037773132
3102,42.311832427978516,24.960865020751953,0.4972125291824341,0.19941139221191406,-0.08180689066648483,0.6002361178398132
3103,42.19618606567383,24.3387451171875,0.5018000602722168,0.19944728910923004,-0.058755919337272644,0.5821601152420044
3104,42.79859161376953,25.514554977416992,0.5046999454498291,0.19954103231430054,-0.02766580693423748,0.5868741273880005
3105,42.55583190917969,24.951828002929688,0.5083500146865845,0.19970764219760895,-0.04144030809402466,0.5655595660209656
3106,42.23080062866211,24.210107803344727,0.5081125497817993,0.19986964762210846,-0.027609171345829964,0.5807622075080872
3107,42.245697021484375,24.661083221435547,0.5056250095367432,0.19998207688331604,-0.02731926366686821,0.572195291519165
3108,42.794151306152344,25.95800018310547,0.49457502365112305,0.19987358152866364,-0.0745619460940361,0.5725046396255493
3109,42.558082580566406,25.27504539489746,0.4862750470638275,0.1995992511510849,-0.070223368704319,0.5849086046218872
3110,42.1879768371582,24.84608268737793,0.4942750036716461,0.19948497414588928,-0.0918460413813591,0.5706270933151245
3111,42.22516632080078,24.741533279418945,0.48948749899864197,0.19927527010440826,-0.11133234947919846,0.5688287019729614
3112,42.404541015625,25.262218475341797,0.48912501335144043,0.19905856251716614,-0.08781039714813232,0.6098464727401733
3113,41.933284759521484,24.252071380615234,0.49355000257492065,0.19893017411231995,-0.09168033301830292,0.5851669907569885
3114,42.13609313964844,24.47101402282715,0.499750018119812,0.1989252120256424,-0.049967166036367416,0.5856351852416992
3115,42.34248352050781,24.523725509643555,0.5063125491142273,0.19905076920986176,-0.05336609110236168,0.5756528377532959
3116,42.60770797729492,25.599641799926758,0.5054625272750854,0.19915948808193207,-0.0009846286848187447,0.6108191013336182
3117,42.61355209350586,25.023080825805664,0.508525013923645,0.19932927191257477,-0.02769564278423786,0.5762847065925598
3118,42.56038284301758,24.8543758392334,0.5044750571250916,0.19941847026348114,-0.02930418588221073,0.5682365894317627
3119,42.35365295410156,24.672143936157227,0.5064875483512878,0.19954784214496613,-0.07052681595087051,0.5596054196357727
3120,41.93838882446289,23.77948760986328,0.5056625008583069,0.19966083765029907,-0.06193345785140991,0.5943892598152161
3121,42.51055908203125,25.26876449584961,0.49455001950263977,0.1995520144701004,-0.08207623660564423,0.575094997882843
3122,42.62299346923828,25.739538192749023,0.49048754572868347,0.19936218857765198,-0.0817471444606781,0.6020569205284119
3123,42.26872634887695,24.932910919189453,0.4936375319957733,0.19923534989356995,-0.08595102280378342,0.5959162712097168
3124,42.37471008300781,25.225936889648438,0.497512549161911,0.1991857886314392,-0.0677427276968956,0.6130794882774353
3125,42.3709602355957,25.111366271972656,0.4977250099182129,0.19914047420024872,-0.07591480016708374,0.609862208366394
3126,42.48207473754883,25.125839233398438,0.5046875476837158,0.19923381507396698,-0.07677385210990906,0.6111361980438232
3127,41.874576568603516,23.672340393066406,0.5056999921798706,0.1993473917245865,-0.08822706341743469,0.6057395339012146
3128,42.522239685058594,24.763858795166016,0.5068250298500061,0.19948343932628632,-0.09244753420352936,0.6054643392562866
3129,42.4089241027832,24.972686767578125,0.5031500458717346,0.19954626262187958,-0.06529585272073746,0.5663897395133972
3130,42.38222885131836,24.84288787841797,0.5026000142097473,0.19959814846515656,-0.07573506981134415,0.5775458216667175
3131,42.41313552856445,24.835161209106445,0.4996500611305237,0.19959115982055664,-0.08761142939329147,0.5873715877532959
3132,42.48833465576172,25.20365333557129,0.5016000270843506,0.19962309300899506,-0.08057192713022232,0.5766865015029907
3133,42.02865982055664,23.825408935546875,0.5029000639915466,0.19968098402023315,-0.0744599848985672,0.594501256942749
3134,42.32719039916992,24.46994400024414,0.5052000284194946,0.19978481531143188,-0.07657168060541153,0.583644449710846
3135,41.860130310058594,23.823471069335938,0.49980005621910095,0.19978082180023193,-0.03544556722044945,0.5956553220748901
3136,42.209835052490234,24.302400588989258,0.497512549161911,0.19973112642765045,-0.0848383978009224,0.5827409625053406
3137,42.346778869628906,25.079784393310547,0.4937250018119812,0.199605792760849,-0.06754394620656967,0.5910565257072449
3138,41.801727294921875,23.83199119567871,0.49551254510879517,0.19951622188091278,-0.07384500652551651,0.5940216779708862
3139,42.30001449584961,24.81709861755371,0.4956875145435333,0.1994301825761795,-0.06450316309928894,0.5842995047569275
3140,42.333343505859375,24.912765502929688,0.4913250207901001,0.19925718009471893,-0.053410883992910385,0.558148980140686
3141,42.16848373413086,24.31791114807129,0.4960625171661377,0.19917872548103333,-0.05802301689982414,0.5638229846954346
3142,42.4294548034668,24.994190216064453,0.49870002269744873,0.19915282726287842,-0.05146731063723564,0.5627546906471252
3143,42.07851028442383,24.34183692932129,0.5021875500679016,0.19919639825820923,-0.0682249665260315,0.5957834720611572
3144,42.14052963256836,24.22903060913086,0.5077750086784363,0.1993512660264969,-0.02995060198009014,0.5835511684417725
3145,42.46028518676758,25.01465606689453,0.5036625266075134,0.19942426681518555,-0.048744142055511475,0.5963072776794434
3146,41.90146255493164,24.272064208984375,0.5016375184059143,0.19945693016052246,-0.07253599166870117,0.5832015872001648
3147,42.21762466430664,24.282814025878906,0.4991750419139862,0.19944047927856445,-0.05930343270301819,0.5823072791099548
3148,42.417640686035156,24.763036727905273,0.49886253476142883,0.19941779971122742,-0.02984008938074112,0.5808960199356079
3149,42.11820983886719,24.243701934814453,0.4961625039577484,0.199341282248497,-0.06479767709970474,0.5901219248771667
3150,42.235557556152344,24.36329460144043,0.49892503023147583,0.19931985437870026,-0.06196323409676552,0.5931097865104675
3151,41.969608306884766,24.05656623840332,0.4929000437259674,0.19917833805084229,-0.0961240902543068,0.5794849395751953
3152,42.33820724487305,24.844228744506836,0.49637502431869507,0.1991061270236969,-0.054836828261613846,0.5923945903778076
3153,42.382930755615234,25.433517456054688,0.49648749828338623,0.19903619587421417,-0.06118031591176987,0.6024283170700073
3154,41.953216552734375,24.123218536376953,0.4915750026702881,0.1988684982061386,-0.032403796911239624,0.5754964351654053
3155,42.3802375793457,24.778644561767578,0.4949750006198883,0.19876855611801147,-0.054819125682115555,0.5828080177307129
3156,42.127708435058594,24.384321212768555,0.495650053024292,0.19868209958076477,-0.050851576030254364,0.599256157875061
3157,42.30188751220703,24.103710174560547,0.5022500157356262,0.19872678816318512,-0.0387154258787632,0.5833559036254883
3158,42.50596618652344,25.124643325805664,0.5057750344276428,0.19884154200553894,-0.03482826054096222,0.585236668586731
3159,42.373226165771484,24.869009017944336,0.5020875334739685,0.1988830417394638,-0.030818182975053787,0.5948354005813599
3160,42.23214340209961,24.38909149169922,0.5043375492095947,0.19896931946277618,-0.09218840301036835,0.5693985819816589
3161,41.96991729736328,24.002765655517578,0.5042000412940979,0.19905288517475128,-0.10940898954868317,0.6087448596954346
3162,42.389705657958984,24.901546478271484,0.500700056552887,0.19906681776046753,-0.06634625792503357,0.5921226739883423
3163,42.25495910644531,24.483142852783203,0.4992000460624695,0.1990508884191513,-0.08502336591482162,0.5944265127182007
3164,42.60599899291992,25.531461715698242,0.4982125163078308,0.1990153044462204,-0.10686662048101425,0.5821296572685242
3165,42.417335510253906,25.405826568603516,0.5003750324249268,0.1990227848291397,-0.10483046621084213,0.5833861231803894
3166,42.670318603515625,25.5087947845459,0.49963754415512085,0.1990155726671219,-0.04882848635315895,0.6057981848716736
3167,41.802188873291016,23.630252838134766,0.4946875274181366,0.19890984892845154,-0.0874723270535469,0.5904244780540466
3168,42.230133056640625,24.267099380493164,0.4948500394821167,0.19880741834640503,-0.0778476744890213,0.5657632350921631
3169,42.323020935058594,24.70035171508789,0.49828752875328064,0.1987733691930771,-0.08349066227674484,0.5856404304504395
3170,41.89353942871094,23.994802474975586,0.4983000159263611,0.19873957335948944,-0.03380117937922478,0.5877644419670105
3171,42.284332275390625,24.559385299682617,0.49996253848075867,0.19873882830142975,-0.022631553933024406,0.5785525441169739
3172,42.1217155456543,24.11907196044922,0.5055750608444214,0.1988496333360672,-0.04163651540875435,0.5908611416816711
3173,42.40786361694336,24.710664749145508,0.5029374957084656,0.19890804588794708,-0.04494103789329529,0.604676365852356
3174,42.3538703918457,24.150527954101562,0.505387544631958,0.19901520013809204,-0.04029570147395134,0.571583092212677
3175,42.621299743652344,25.181861877441406,0.5080125331878662,0.1991746574640274,-0.0721915140748024,0.6076152920722961
3176,42.4761848449707,24.54131507873535,0.5027750730514526,0.19922992587089539,-0.06748102605342865,0.5776932239532471
3177,42.360328674316406,24.831703186035156,0.5025374889373779,0.1992804855108261,-0.077666737139225,0.5751270055770874
3178,42.251407623291016,24.473310470581055,0.5024250149726868,0.19932880997657776,-0.06282633543014526,0.5763672590255737
3179,41.94977951049805,23.786224365234375,0.49486249685287476,0.19922640919685364,-0.09135611355304718,0.5961353778839111
3180,42.77841567993164,25.870267868041992,0.49303752183914185,0.1990876942873001,-0.1055312231183052,0.5625597238540649
3181,42.07706832885742,24.11727523803711,0.5054000616073608,0.19919520616531372,-0.05141361802816391,0.5965575575828552
3182,42.13422393798828,23.838682174682617,0.49978750944137573,0.19919097423553467,-0.0887194499373436,0.6076436638832092
3183,42.25864791870117,24.11142921447754,0.5009375214576721,0.19920964539051056,-0.07983403652906418,0.5773764848709106
3184,42.26765823364258,24.387676239013672,0.5042625069618225,0.1992945671081543,-0.09097347408533096,0.5887632369995117
3185,42.19813537597656,24.53228187561035,0.4996625483036041,0.19928784668445587,-0.04348214343190193,0.5849100351333618
3186,42.10750961303711,23.98868179321289,0.4994625151157379,0.1992771327495575,-0.0512576699256897,0.5747702717781067
3187,41.87326431274414,23.645889282226562,0.4999750256538391,0.1992766410112381,-0.04282478615641594,0.5747206211090088
3188,42.48229217529297,25.151817321777344,0.5026125311851501,0.1993287205696106,-0.05536126345396042,0.5608438849449158
3189,42.09687423706055,23.842391967773438,0.4940875470638275,0.19921086728572845,-0.049843013286590576,0.601017415523529
3190,42.235660552978516,24.26074981689453,0.5020624995231628,0.1992519497871399,-0.06468649953603745,0.5811352729797363
3191,41.92587661743164,23.41901969909668,0.4975375533103943,0.19920289516448975,-0.047653697431087494,0.5922581553459167
3192,42.35711669921875,24.634666442871094,0.49666252732276917,0.199136421084404,-0.056879475712776184,0.5833653807640076
3193,42.15465545654297,24.284181594848633,0.49559998512268066,0.19904880225658417,-0.08716386556625366,0.5711047649383545
3194,42.52668380737305,25.280925750732422,0.49393752217292786,0.1989281326532364,-0.07509683817625046,0.5886465907096863
3195,41.90812301635742,23.881071090698242,0.49490004777908325,0.19882668554782867,-0.05297306180000305,0.5969293117523193
3196,41.991241455078125,23.87684440612793,0.49841248989105225,0.1987951248884201,-0.09810806065797806,0.5797312259674072
3197,42.22385787963867,24.732999801635742,0.4951750338077545,0.1986992061138153,-0.08371348679065704,0.5953570604324341
3198,42.16944122314453,24.690813064575195,0.4981500208377838,0.19866244494915009,-0.08560426533222198,0.5956224799156189
3199,42.59049987792969,25.49852752685547,0.5003500580787659,0.1986694037914276,-0.09949075430631638,0.602603018283844
3200,42.19662857055664,24.378787994384766,0.5046499967575073,0.19876179099082947,-0.06450820714235306,0.5861746072769165
3201,42.318607330322266,24.27686882019043,0.510824978351593,0.19897696375846863,-0.1098637804389,0.6101835370063782
3202,42.1300163269043,24.023216247558594,0.510325014591217,0.1991824060678482,-0.06754816323518753,0.6076892614364624
3203,42.29676055908203,24.30541229248047,0.5083250403404236,0.19934824109077454,-0.08865296095609665,0.6175626516342163
3204,41.95988082885742,23.72053337097168,0.5013250112533569,0.19937466084957123,-0.06922348588705063,0.59385746717453
3205,42.297515869140625,24.712297439575195,0.496025025844574,0.19929540157318115,-0.052860621362924576,0.6058354377746582
3206,42.38934326171875,25.051246643066406,0.49053752422332764,0.199106827378273,-0.07732845097780228,0.5705633163452148
3207,42.355892181396484,24.989538192749023,0.4912875294685364,0.19893336296081543,-0.041727762669324875,0.5766971111297607
3208,42.262638092041016,24.640453338623047,0.4905500113964081,0.19874536991119385,-0.06910093873739243,0.5807660818099976
3209,42.3876838684082,24.997272491455078,0.48657503724098206,0.198478564620018,-0.06784641742706299,0.5769001841545105
3210,42.6715087890625,25.470294952392578,0.49426254630088806,0.19836468994617462,-0.041104018688201904,0.5734270811080933
3211,42.524208068847656,25.050817489624023,0.49890005588531494,0.19834287464618683,-0.035164352506399155,0.5946606993675232
3212,42.33245849609375,25.101701736450195,0.5025625228881836,0.19839370250701904,-0.07005755603313446,0.5935394167900085
3213,42.26540756225586,24.55870819091797,0.5052250027656555,0.19849735498428345,-0.059553466737270355,0.5708041787147522
3214,42.521610260009766,25.381755828857422,0.5090125203132629,0.1986762434244156,-0.08116667717695236,0.5849514007568359
3215,42.292327880859375,24.159610748291016,0.508887529373169,0.1988528072834015,-0.09567449241876602,0.580997884273529
3216,42.58948516845703,25.011756896972656,0.510450005531311,0.1990606039762497,-0.0772329792380333,0.6181198358535767
3217,42.19381332397461,24.1530818939209,0.5065625309944153,0.19919124245643616,-0.07321391999721527,0.5971807241439819
3218,42.510257720947266,24.988983154296875,0.5004875659942627,0.19920095801353455,-0.06417413800954819,0.5883327126502991
3219,42.25569152832031,24.836687088012695,0.498537540435791,0.19917182624340057,-0.08202840387821198,0.593044102191925
3220,42.404754638671875,25.102577209472656,0.49806252121925354,0.1991332322359085,-0.04995153099298477,0.5776864886283875
3221,42.270240783691406,24.634122848510742,0.4900500178337097,0.19893509149551392,-0.055145569145679474,0.5775359272956848
3222,42.43177032470703,24.994543075561523,0.49012503027915955,0.19873864948749542,-0.055498626083135605,0.5706283450126648
3223,42.51091003417969,25.210384368896484,0.4947500228881836,0.1986343115568161,-0.06602969765663147,0.5812859535217285
3224,42.358558654785156,25.352970123291016,0.4943625032901764,0.19852232933044434,-0.057483721524477005,0.5859819650650024
3225,42.296974182128906,24.73189353942871,0.5000750422477722,0.19852381944656372,-0.07398897409439087,0.6070924401283264
3226,42.4442138671875,24.896930694580078,0.5010375380516052,0.19854441285133362,-0.10712311416864395,0.5793711543083191
3227,42.046504974365234,24.03537940979004,0.5047750473022461,0.19863922894001007,-0.052257973700761795,0.6163796186447144
3228,42.0708122253418,24.318496704101562,0.5078750252723694,0.19879566133022308,-0.08278059959411621,0.6155300736427307
3229,41.74581527709961,23.2012996673584,0.5058500170707703,0.19891194999217987,-0.08397318422794342,0.5940048098564148
3230,42.28561782836914,24.840164184570312,0.5096250176429749,0.19910340011119843,-0.11116380989551544,0.6195192337036133
3231,41.916160583496094,23.658796310424805,0.5003750324249268,0.19911088049411774,-0.10678666085004807,0.5926634073257446
3232,42.19388198852539,24.293489456176758,0.5005000233650208,0.19912081956863403,-0.07589110732078552,0.582440972328186
3233,42.26323318481445,24.80147933959961,0.49947506189346313,0.19911035895347595,-0.07985270768404007,0.5920711159706116
3234,42.414085388183594,24.867679595947266,0.5003750324249268,0.19911783933639526,-0.047312181442976,0.604260265827179
3235,42.400108337402344,24.95482635498047,0.4962000250816345,0.1990421712398529,-0.04654162749648094,0.5932666063308716
3236,42.60567092895508,25.47014617919922,0.49326252937316895,0.19890806078910828,-0.030341736972332,0.5832142233848572
3237,42.405174255371094,25.053403854370117,0.49807503819465637,0.1988697648048401,-0.07686425745487213,0.5696208477020264
3238,42.38880157470703,24.611663818359375,0.5017125010490417,0.19890382885932922,-0.05652831867337227,0.5548028945922852
3239,42.39781188964844,24.60187339782715,0.509362518787384,0.19909006357192993,-0.05888047441840172,0.591362476348877
3240,42.257835388183594,24.173309326171875,0.5080500245094299,0.19925034046173096,-0.06274168193340302,0.5887930989265442
3241,42.00189971923828,24.082408905029297,0.5033125281333923,0.1993163526058197,-0.07795106619596481,0.6063037514686584
3242,42.44948959350586,25.3338680267334,0.5039500594139099,0.199395090341568,-0.08500789105892181,0.5875858068466187
3243,42.32719039916992,24.757612228393555,0.5045875310897827,0.19948655366897583,-0.08312007039785385,0.5936473608016968
3244,42.103309631347656,24.17476463317871,0.5030500292778015,0.1995474100112915,-0.09967441111803055,0.5994713306427002
3245,42.3144416809082,25.159780502319336,0.5023625493049622,0.19959455728530884,-0.1049274206161499,0.5972833633422852
3246,42.09782409667969,24.585371017456055,0.5030750632286072,0.1996559500694275,-0.09116987138986588,0.6254132986068726
3247,41.94241714477539,23.888671875,0.49738752841949463,0.19960379600524902,-0.06611913442611694,0.5877657532691956
3248,42.14992904663086,24.03685760498047,0.5038125514984131,0.199679896235466,-0.04648217558860779,0.6063646674156189
3249,42.0041389465332,24.286418914794922,0.5016000270843506,0.1997118443250656,-0.06974664330482483,0.5850098729133606
3250,42.372501373291016,24.833812713623047,0.4980125427246094,0.1996721625328064,-0.08243461698293686,0.5812826752662659
3251,42.18436813354492,24.204639434814453,0.5010125637054443,0.19969236850738525,-0.07313333451747894,0.5999182462692261
3252,41.83681869506836,23.30743408203125,0.5015749931335449,0.19972380995750427,-0.048096757382154465,0.5890199542045593
3253,42.53260803222656,25.438705444335938,0.4950999915599823,0.19962593913078308,-0.041469622403383255,0.5770811438560486
3254,42.24079895019531,24.543046951293945,0.493987500667572,0.19950591027736664,-0.06623075902462006,0.5607450604438782
3255,42.05804443359375,24.000404357910156,0.500212550163269,0.1995101422071457,-0.07266273349523544,0.6087017059326172
3256,41.56809997558594,23.03199577331543,0.4957375228404999,0.1994251012802124,-0.07859181612730026,0.5834876298904419
3257,42.420875549316406,24.76499366760254,0.49248751997947693,0.19927528500556946,-0.0728207379579544,0.5716657638549805
3258,41.96989440917969,23.850902557373047,0.4938875436782837,0.19915348291397095,-0.07684929668903351,0.5707797408103943
3259,42.41346740722656,25.199060440063477,0.4937250018119812,0.19902850687503815,-0.07839207351207733,0.5953088998794556
3260,41.91001892089844,23.636791229248047,0.497575044631958,0.19898024201393127,-0.05771424621343613,0.5751863121986389
3261,42.24517822265625,24.512144088745117,0.4986500144004822,0.19895337522029877,-0.10241241753101349,0.6005272269248962
3262,42.23007583618164,24.57527732849121,0.5000874996185303,0.19895510375499725,-0.08260731399059296,0.5795626044273376
3263,41.83301544189453,23.412540435791016,0.5056250691413879,0.19906702637672424,-0.05356459319591522,0.5786612033843994
3264,42.099090576171875,24.27471160888672,0.5063999891281128,0.19919443130493164,-0.07787372916936874,0.5857442617416382
3265,42.426151275634766,24.83513069152832,0.5088125467300415,0.19936996698379517,-0.05534011498093605,0.5713092684745789
3266,42.23585891723633,24.090160369873047,0.5049625635147095,0.19946891069412231,-0.07318956404924393,0.5736881494522095
3267,42.05708312988281,23.73244285583496,0.5062875151634216,0.19959431886672974,-0.030427444726228714,0.5731760859489441
3268,42.294212341308594,24.650470733642578,0.509725034236908,0.1997884213924408,-0.0646611675620079,0.5870543122291565
3269,41.94989776611328,23.951194763183594,0.49701252579689026,0.19972874224185944,-0.07598204165697098,0.5852516293525696
3270,41.849082946777344,23.932113647460938,0.49410000443458557,0.1996109038591385,-0.06997642666101456,0.59142005443573
3271,42.40756607055664,24.834531784057617,0.4927625358104706,0.19946643710136414,-0.08713411539793015,0.5880956649780273
3272,42.169700622558594,24.131933212280273,0.4881250262260437,0.19922956824302673,-0.058828387409448624,0.5902499556541443
3273,42.058685302734375,24.21233558654785,0.4967750608921051,0.19916531443595886,-0.07747502624988556,0.5958790183067322
3274,42.33184051513672,24.603273391723633,0.5026625394821167,0.19921834766864777,-0.10041443258523941,0.5912236571311951
3275,41.90532684326172,23.765745162963867,0.49996253848075867,0.19921760261058807,-0.07948371022939682,0.5927446484565735
3276,42.291988372802734,24.68742561340332,0.5007625222206116,0.1992328017950058,-0.08397740870714188,0.5883986949920654
3277,42.01820755004883,24.08549690246582,0.5060375332832336,0.19935309886932373,-0.07931316643953323,0.6011480093002319
3278,42.08373260498047,23.584712982177734,0.5091750621795654,0.1995360106229782,-0.045096736401319504,0.6137612462043762
3279,42.14619064331055,24.08476448059082,0.5056875348091125,0.19964949786663055,-0.055229898542165756,0.5978588461875916
3280,42.02989959716797,24.01905059814453,0.49957504868507385,0.19964101910591125,-0.0353182889521122,0.5890848636627197
3281,42.42421340942383,25.12824058532715,0.49687501788139343,0.19957862794399261,-0.05050155520439148,0.5836358666419983
3282,42.089332580566406,24.222354888916016,0.49217501282691956,0.1994224637746811,-0.026253169402480125,0.5801181793212891
3283,42.3066520690918,24.66204261779785,0.48848751187324524,0.19919288158416748,-0.07327140122652054,0.5718070268630981
3284,42.31887435913086,24.926990509033203,0.4964750409126282,0.19912266731262207,-0.05800364539027214,0.5763424634933472
3285,42.41469955444336,25.05048179626465,0.4950750470161438,0.19902460277080536,-0.052846215665340424,0.5909444689750671
3286,42.334617614746094,24.69948387145996,0.4963250458240509,0.19895145297050476,-0.057186469435691833,0.5717918872833252
3287,42.222999572753906,24.050466537475586,0.49937501549720764,0.1989390105009079,-0.04983830451965332,0.5968825221061707
3288,42.45191955566406,25.198293685913086,0.5030250549316406,0.19899919629096985,-0.057706911116838455,0.5658954381942749
3289,41.97998046875,23.796905517578125,0.5039625763893127,0.1990780532360077,-0.07217621803283691,0.5904885530471802
3290,42.245426177978516,24.483280181884766,0.5066750645637512,0.19921092689037323,-0.08873186260461807,0.6280601620674133
3291,41.96992492675781,23.731857299804688,0.5097500085830688,0.19940516352653503,-0.10342025011777878,0.5906571745872498
3292,42.3567008972168,24.60190200805664,0.5141374468803406,0.19968706369400024,-0.11411110311746597,0.6159342527389526
3293,42.398040771484375,24.92503547668457,0.5090875625610352,0.19986853003501892,-0.0808306336402893,0.6144726276397705
3294,42.23261642456055,24.48883056640625,0.507437527179718,0.20001718401908875,-0.07199503481388092,0.5780973434448242
3295,42.07586669921875,23.949462890625,0.5012499690055847,0.20004220306873322,-0.08869186043739319,0.611984133720398
3296,42.74354934692383,25.6730899810791,0.5004000663757324,0.2000502198934555,-0.09393835067749023,0.5773422122001648
3297,42.08879470825195,24.037487030029297,0.4991125464439392,0.20003247261047363,-0.06946303695440292,0.5712354779243469
3298,42.198482513427734,24.578922271728516,0.49865004420280457,0.20000547170639038,-0.09368431568145752,0.5798442959785461
3299,42.109066009521484,24.731731414794922,0.49326252937316895,0.19987072050571442,-0.06958446651697159,0.5846330523490906
3300,42.16181564331055,24.356380462646484,0.4917125403881073,0.1997050791978836,-0.08434701710939407,0.5803364515304565
3301,42.4267463684082,24.859033584594727,0.49230000376701355,0.1995513141155243,-0.0462159737944603,0.5774310231208801
3302,42.40650939941406,24.850994110107422,0.4975374937057495,0.19950218498706818,-0.0552554689347744,0.5768527984619141
3303,42.5103874206543,25.365604400634766,0.49912503361701965,0.19948473572731018,-0.030248919501900673,0.5885341167449951
3304,42.65315628051758,25.633098602294922,0.5014125108718872,0.19951291382312775,-0.021290842443704605,0.5775471925735474
3305,42.24962615966797,24.517898559570312,0.5037875175476074,0.19958847761154175,-0.029694123193621635,0.5740740299224854
3306,42.50043487548828,24.691707611083984,0.5025125741958618,0.19963863492012024,-0.03154836222529411,0.5643564462661743
3307,42.135528564453125,24.163040161132812,0.4943375587463379,0.1995255947113037,-0.04494582489132881,0.5826408267021179
3308,42.14330291748047,24.419361114501953,0.4970875382423401,0.1994674801826477,-0.06754954904317856,0.5606651902198792
3309,42.23474884033203,24.341569900512695,0.49211251735687256,0.19931015372276306,-0.0778399407863617,0.5665860772132874
3310,42.22087097167969,24.54293441772461,0.49375003576278687,0.1991855800151825,-0.08746149390935898,0.5808067321777344
3311,42.6528434753418,26.01334571838379,0.4902999997138977,0.19899237155914307,-0.07136134058237076,0.60007643699646
3312,42.68406677246094,25.78681182861328,0.49553748965263367,0.19890357553958893,-0.05447036400437355,0.5895503759384155
3313,42.61018371582031,25.790393829345703,0.5043125748634338,0.1989893615245819,-0.08334996551275253,0.592562198638916
3314,42.1966438293457,24.339435577392578,0.5029125213623047,0.19904731214046478,-0.08009650558233261,0.5865526795387268
3315,42.07956314086914,24.254667282104492,0.5113750100135803,0.1992737203836441,-0.08260644972324371,0.5974071621894836
3316,42.16264724731445,24.466772079467773,0.5111875534057617,0.19949665665626526,-0.0890386626124382,0.5849212408065796
3317,42.08742141723633,24.589433670043945,0.5094000101089478,0.19968417286872864,-0.030932709574699402,0.6117228269577026
3318,42.014625549316406,23.926231384277344,0.5029125213623047,0.19974233210086823,-0.07290103286504745,0.6082408428192139
3319,42.25655746459961,24.396221160888672,0.5010374784469604,0.19976304471492767,-0.0638178139925003,0.5680366158485413
3320,42.532955169677734,25.336997985839844,0.4953250288963318,0.19966965913772583,-0.08618692308664322,0.5555107593536377
3321,42.25994873046875,24.517303466796875,0.4967375099658966,0.19960451126098633,-0.10616060346364975,0.5882152915000916
3322,42.09214401245117,24.007400512695312,0.4902750253677368,0.19941039383411407,-0.057262882590293884,0.5625996589660645
3323,42.7387580871582,25.765785217285156,0.48788753151893616,0.199168860912323,-0.09102223813533783,0.5823343396186829
3324,42.60356140136719,25.542709350585938,0.489950031042099,0.19896869361400604,-0.056051261723041534,0.584807813167572
3325,42.108551025390625,24.19584846496582,0.49471256136894226,0.19886349141597748,-0.07503506541252136,0.5659871101379395
3326,42.551170349121094,25.450340270996094,0.49966251850128174,0.19885678589344025,-0.05630575120449066,0.5768135786056519
3327,42.234886169433594,24.25950050354004,0.5014750361442566,0.19888611137866974,-0.07717496156692505,0.5846012234687805
3328,42.48464584350586,24.841350555419922,0.5070000290870667,0.19902533292770386,-0.06829460710287094,0.5891895890235901
3329,41.96222686767578,23.299983978271484,0.5070125460624695,0.19916491210460663,-0.06878113001585007,0.574925422668457
3330,42.30171585083008,24.105371475219727,0.5044749975204468,0.19925403594970703,-0.02973906323313713,0.5869295001029968
3331,42.373287200927734,24.565689086914062,0.5016000270843506,0.19928590953350067,-0.06735875457525253,0.5711050629615784
3332,42.51395034790039,24.95247459411621,0.5048375725746155,0.19938232004642487,-0.06713517010211945,0.6049041748046875
3333,42.385841369628906,24.795583724975586,0.4975374937057495,0.19933322072029114,-0.06713641434907913,0.5751388669013977
3334,42.483909606933594,25.38467025756836,0.493987500667572,0.19921337068080902,-0.04973214864730835,0.5875321626663208
3335,42.68123245239258,25.86273765563965,0.4966125190258026,0.19914588332176208,-0.07590208947658539,0.5836188793182373
3336,42.428768157958984,25.224279403686523,0.4960625171661377,0.19906747341156006,-0.05550941824913025,0.5609071254730225
3337,42.361000061035156,24.470109939575195,0.4966375231742859,0.1990005373954773,-0.0333712100982666,0.580903172492981
3338,42.445533752441406,25.08782958984375,0.5012375116348267,0.19902516901493073,-0.05509355291724205,0.5756798386573792
3339,42.25770568847656,24.362287521362305,0.49906253814697266,0.19900651276111603,-0.06224307045340538,0.5833653211593628
3340,42.1036491394043,23.947708129882812,0.500575065612793,0.1990179419517517,-0.05810415744781494,0.5680195093154907
3341,41.757240295410156,23.326435089111328,0.5007250308990479,0.19903236627578735,-0.0351695753633976,0.5789442658424377
3342,42.237850189208984,24.843290328979492,0.4932500123977661,0.19889801740646362,-0.0518375039100647,0.5927071571350098
3343,42.39616394042969,25.076988220214844,0.49900001287460327,0.19887812435626984,-0.07631101459264755,0.5844003558158875
3344,41.93002700805664,23.666152954101562,0.49590003490448,0.1987965852022171,-0.07167093455791473,0.6146062612533569
3345,42.51138687133789,24.756528854370117,0.49957504868507385,0.1987881362438202,-0.0847824290394783,0.6124208569526672
3346,42.786399841308594,25.616230010986328,0.5088375210762024,0.19896380603313446,-0.08139379322528839,0.6146543025970459
3347,42.04464340209961,23.63570785522461,0.5061375498771667,0.19908593595027924,-0.07233890891075134,0.5953230857849121
3348,42.4615592956543,25.186508178710938,0.5063624978065491,0.19921259582042694,-0.09272797405719757,0.5956743359565735
3349,42.604026794433594,25.497379302978516,0.5074625015258789,0.19936126470565796,-0.08248699456453323,0.6008415222167969
3350,42.132232666015625,24.453805923461914,0.5050250291824341,0.199461430311203,-0.08881392329931259,0.6179383993148804
3351,42.088043212890625,24.006484985351562,0.5023624897003174,0.19950856268405914,-0.06589598208665848,0.5938701629638672
3352,42.12642288208008,24.61141586303711,0.5039374828338623,0.1995871216058731,-0.06691798567771912,0.601830005645752
3353,42.528724670410156,25.220020294189453,0.4961250424385071,0.19950978457927704,-0.0756242573261261,0.5967772603034973
3354,42.64084243774414,25.286073684692383,0.49746251106262207,0.19945916533470154,-0.09648893028497696,0.5608314275741577
3355,42.22270202636719,24.361570358276367,0.5020500421524048,0.19950006902217865,-0.03044244647026062,0.5647706985473633
3356,42.16391372680664,24.34098243713379,0.503600001335144,0.199571892619133,-0.05757683515548706,0.5843911170959473
3357,42.265586853027344,24.356212615966797,0.503125011920929,0.19963425397872925,-0.031209874898195267,0.5756163001060486
3358,42.66431427001953,25.4755802154541,0.49818751215934753,0.19959807395935059,-0.041028231382369995,0.5967891812324524
3359,42.29103469848633,24.731264114379883,0.5031125545501709,0.19966019690036774,-0.03358713164925575,0.5747111439704895
3360,42.15309143066406,24.25438690185547,0.5006000399589539,0.1996721625328064,-0.0467299148440361,0.5702805519104004
3361,42.15243911743164,24.36627197265625,0.4955500066280365,0.19958330690860748,-0.06514819711446762,0.5790841579437256
3362,42.240516662597656,24.928943634033203,0.4949750304222107,0.1994830220937729,-0.07333952188491821,0.5793697237968445
3363,42.55828094482422,25.336572647094727,0.49323752522468567,0.19934812188148499,-0.04455043375492096,0.5869758129119873
3364,41.87403106689453,23.43770408630371,0.4930500090122223,0.1992095708847046,-0.05272304639220238,0.5980687141418457
3365,42.45317077636719,24.98409652709961,0.49031251668930054,0.19901658594608307,-0.06507287919521332,0.5850850343704224
3366,42.66487121582031,25.45127296447754,0.497050017118454,0.1989578753709793,-0.03806852921843529,0.5796144604682922
3367,42.695831298828125,25.582231521606445,0.49746254086494446,0.19890739023685455,-0.051089487969875336,0.5933997631072998
3368,42.2408561706543,24.236995697021484,0.5023375153541565,0.19895388185977936,-0.08307655155658722,0.5738787055015564
3369,42.06489562988281,23.93132781982422,0.5020750164985657,0.1989951729774475,-0.09979403764009476,0.5802072882652283
3370,42.08921432495117,24.074312210083008,0.5009875297546387,0.199014812707901,-0.08669739216566086,0.6101961135864258
3371,42.27262878417969,24.463298797607422,0.5004750490188599,0.1990242600440979,-0.08724614232778549,0.5958995819091797
3372,42.43381881713867,25.00926399230957,0.49941253662109375,0.19901256263256073,-0.08315631747245789,0.5890769958496094
3373,42.298500061035156,24.91252899169922,0.49826252460479736,0.198977991938591,-0.053095996379852295,0.5976183414459229
3374,42.69635009765625,25.567955017089844,0.5009125471115112,0.1989961564540863,-0.045588187873363495,0.5773590803146362
3375,42.09516525268555,23.97031593322754,0.5053125023841858,0.19910186529159546,-0.07362700998783112,0.5995804071426392
3376,42.405029296875,24.845367431640625,0.5044375061988831,0.1991901993751526,-0.06482389569282532,0.5923787355422974
3377,42.11357116699219,24.596599578857422,0.5030125379562378,0.1992502063512802,-0.10081563144922256,0.5959318280220032
3378,42.4772834777832,25.065425872802734,0.49941253662109375,0.19923849403858185,-0.07876822352409363,0.6071791052818298
3379,42.31097412109375,25.191736221313477,0.5007750391960144,0.19925393164157867,-0.10821359604597092,0.5941690802574158
3380,42.18049240112305,24.536964416503906,0.5005625486373901,0.19926513731479645,-0.1070648729801178,0.5739442110061646
3381,42.00648498535156,23.678422927856445,0.4967750608921051,0.19920086860656738,-0.10100969672203064,0.5839176774024963
3382,42.04586410522461,24.332006454467773,0.4946499764919281,0.19909429550170898,-0.06277411431074142,0.5766363143920898
3383,42.36045837402344,24.717803955078125,0.49358752369880676,0.1989666372537613,-0.0894160345196724,0.5627139806747437
3384,42.226318359375,24.913963317871094,0.495712548494339,0.1988813281059265,-0.07083060592412949,0.5477206707000732
3385,41.94002914428711,23.747831344604492,0.5008875727653503,0.19889898598194122,-0.03690900281071663,0.5800344347953796
3386,42.25906753540039,24.578847885131836,0.4979124963283539,0.19885747134685516,-0.028860459104180336,0.5785765647888184
3387,42.5991325378418,25.33951759338379,0.5017375349998474,0.1988920271396637,-0.03520827740430832,0.5720058083534241
3388,42.64704513549805,25.3743896484375,0.4990375339984894,0.1988728791475296,-0.06656455248594284,0.6079226732254028
3389,42.035926818847656,23.762754440307617,0.504087507724762,0.19895416498184204,-0.050122104585170746,0.5864942669868469
3390,41.948978424072266,23.564115524291992,0.5065000057220459,0.19908349215984344,-0.03840799257159233,0.5898362398147583
3391,42.117244720458984,24.21624755859375,0.5022500157356262,0.19912827014923096,-0.07649285346269608,0.5925469994544983
3392,42.49066162109375,24.952762603759766,0.5070250630378723,0.1992681622505188,-0.08008889853954315,0.6068712472915649
3393,42.289161682128906,24.505630493164062,0.5038000345230103,0.19934388995170593,-0.06924687325954437,0.604404091835022
3394,42.276466369628906,24.41156768798828,0.5044500231742859,0.1994325965642929,-0.09969029575586319,0.6090117692947388
3395,42.58163833618164,25.135852813720703,0.5027124881744385,0.19948668777942657,-0.07774355262517929,0.5717188119888306
3396,41.95933532714844,23.790477752685547,0.49842503666877747,0.19945527613162994,-0.06655950844287872,0.5849929451942444
3397,41.930484771728516,23.795373916625977,0.4960375428199768,0.19937624037265778,-0.07838369905948639,0.5776069760322571
3398,41.977325439453125,24.059358596801758,0.49992501735687256,0.1993747502565384,-0.08648418635129929,0.5858372449874878
3399,41.8182373046875,23.691919326782227,0.49566251039505005,0.1992882788181305,-0.07193054258823395,0.5847253203392029
3400,42.37894058227539,24.439884185791016,0.4990500807762146,0.1992693394422531,-0.08624884486198425,0.5600964426994324
3401,42.10319900512695,24.506959915161133,0.49908754229545593,0.19925116002559662,-0.07690468430519104,0.6043723225593567
3402,42.57563781738281,25.083663940429688,0.49621254205703735,0.19917570054531097,-0.06606312841176987,0.5846844911575317
3403,42.24250030517578,24.579212188720703,0.4962500333786011,0.1991010159254074,-0.08767584711313248,0.5810638070106506
3404,42.4744758605957,25.120431900024414,0.4966000020503998,0.19903331995010376,-0.0928637906908989,0.608424723148346
3405,42.14274978637695,24.23827362060547,0.49528753757476807,0.19893953204154968,-0.07653000205755234,0.6074092388153076
3406,42.40082550048828,25.5311336517334,0.49978750944137573,0.19893531501293182,-0.06483963131904602,0.60209059715271
3407,42.52153778076172,25.142911911010742,0.5033875107765198,0.1990027129650116,-0.05350371077656746,0.5959526300430298
3408,42.069740295410156,23.714988708496094,0.5067625641822815,0.19913730025291443,-0.07552555948495865,0.5927120447158813
3409,42.22822570800781,24.11907386779785,0.5102375149726868,0.19934117794036865,-0.06324155628681183,0.617502748966217
3410,42.21796798706055,23.809925079345703,0.5076375603675842,0.1994934231042862,-0.03227698430418968,0.5856048464775085
3411,42.1773681640625,23.98727035522461,0.5122125744819641,0.1997370570898056,-0.09052467346191406,0.6171178221702576
3412,42.39691162109375,24.69028091430664,0.5039125680923462,0.19981519877910614,-0.055662255734205246,0.576653003692627
3413,42.489173889160156,25.189361572265625,0.5008875131607056,0.19983291625976562,-0.09050099551677704,0.6072233319282532
3414,42.2696647644043,24.63010025024414,0.4906875193119049,0.19964681565761566,-0.07057031244039536,0.5580974817276001
3415,42.38093566894531,24.922836303710938,0.49461251497268677,0.19953925907611847,-0.09277147054672241,0.5753868222236633
3416,41.88985824584961,24.034555435180664,0.4925999939441681,0.19939160346984863,-0.10649321228265762,0.6047136783599854
3417,42.29558563232422,24.867870330810547,0.4954500198364258,0.1993008702993393,-0.07394276559352875,0.5960627794265747
3418,42.608375549316406,25.503597259521484,0.493987500667572,0.19918105006217957,-0.08349519222974777,0.5799506306648254
3419,42.275177001953125,24.875932693481445,0.5023000240325928,0.19922685623168945,-0.08020314574241638,0.5996085405349731
3420,42.24217224121094,25.02906036376953,0.5036500096321106,0.19929957389831543,-0.0723453089594841,0.5811313986778259
3421,42.24835968017578,24.294225692749023,0.5124500393867493,0.19954770803451538,-0.07107719033956528,0.5984567403793335
3422,42.42930221557617,24.550764083862305,0.5103750824928284,0.1997547298669815,-0.05083403363823891,0.5852476954460144
3423,42.24323272705078,24.222291946411133,0.5106625556945801,0.19996771216392517,-0.041130077093839645,0.5882668495178223
3424,42.30960464477539,24.19054412841797,0.5115375518798828,0.20019841194152832,-0.06639516353607178,0.5798815488815308
3425,41.9882926940918,23.727617263793945,0.5048625469207764,0.20029576122760773,-0.0834447368979454,0.5879815816879272
3426,42.476165771484375,24.76734161376953,0.500087559223175,0.2002975046634674,-0.06580635160207748,0.5850033760070801
3427,41.84202575683594,23.454294204711914,0.4996500611305237,0.2002905011177063,-0.03745228052139282,0.5911784172058105
3428,42.22327423095703,24.486774444580078,0.49230003356933594,0.20013628900051117,-0.0294694472104311,0.5793502330780029
3429,42.57065963745117,25.43120765686035,0.489175021648407,0.19991964101791382,-0.05905545875430107,0.582116961479187
3430,42.2307014465332,24.45891761779785,0.4872625470161438,0.19966499507427216,-0.03083118423819542,0.5849336981773376
3431,42.71353530883789,25.731061935424805,0.49086251854896545,0.19948256015777588,-0.011584669351577759,0.5720817446708679
3432,42.52540588378906,25.464513778686523,0.49268752336502075,0.1993366926908493,-0.05199467018246651,0.5748469829559326
3433,42.37057113647461,24.632545471191406,0.4959375262260437,0.19925570487976074,-0.04645920917391777,0.6011360287666321
3434,42.4984245300293,25.56431770324707,0.4943750202655792,0.19914361834526062,-0.047018762677907944,0.567702054977417
3435,42.01267623901367,23.828290939331055,0.5043375492095947,0.19923000037670135,-0.06501408666372299,0.5858922600746155
3436,42.25608825683594,24.70667839050293,0.5008375644683838,0.19924668967723846,-0.08438213914632797,0.576263964176178
3437,42.07737731933594,24.331392288208008,0.502037525177002,0.1992872804403305,-0.0834081768989563,0.5554916858673096
3438,42.54581069946289,25.31123924255371,0.49996253848075867,0.1992865353822708,-0.09052188694477081,0.5797833800315857
3439,42.13050842285156,24.350971221923828,0.49637502431869507,0.19921429455280304,-0.06434588134288788,0.6021689772605896
3440,42.40679931640625,25.013652801513672,0.4987625479698181,0.19918964803218842,-0.07423915714025497,0.5816912055015564
3441,42.401336669921875,25.141010284423828,0.4951625168323517,0.199093297123909,-0.07667896896600723,0.5870181322097778
3442,42.45481872558594,25.047121047973633,0.5022000074386597,0.1991371065378189,-0.07580392062664032,0.5939281582832336
3443,42.610626220703125,25.409969329833984,0.5052500367164612,0.19924165308475494,-0.06602023541927338,0.5634018182754517
3444,42.59734344482422,25.141386032104492,0.5021750330924988,0.19928500056266785,-0.08396902680397034,0.5560338497161865
3445,42.29764175415039,24.382247924804688,0.5080875158309937,0.1994461715221405,-0.0981021597981453,0.5896141529083252
3446,42.025665283203125,23.609207153320312,0.5057250261306763,0.19956034421920776,-0.05089801922440529,0.5826898813247681
3447,42.31365203857422,24.361583709716797,0.5033250451087952,0.19962669909000397,-0.06642169505357742,0.5952684283256531
3448,42.24196243286133,24.33673858642578,0.5026875138282776,0.19968034327030182,-0.06679856777191162,0.6127808094024658
3449,42.289398193359375,24.94757080078125,0.500825047492981,0.19969680905342102,-0.09789229184389114,0.5857096910476685
3450,42.12397384643555,24.188791275024414,0.4985625147819519,0.19966809451580048,-0.10645364969968796,0.5804497003555298
3451,42.21820831298828,24.871240615844727,0.49061253666877747,0.19948065280914307,-0.08762764185667038,0.5730440020561218
3452,42.49519348144531,25.05331039428711,0.4917125105857849,0.19931533932685852,-0.05295479670166969,0.5833521485328674
3453,42.114925384521484,24.526309967041016,0.49188753962516785,0.19915364682674408,-0.06140317767858505,0.5964486002922058
3454,42.19880294799805,24.29678726196289,0.49293753504753113,0.19901299476623535,-0.0615827813744545,0.5662083625793457
3455,42.43147659301758,25.018836975097656,0.49221253395080566,0.19885802268981934,-0.03789180517196655,0.5810337662696838
3456,42.500160217285156,25.08051300048828,0.4963875412940979,0.1987861841917038,-0.04491162300109863,0.5661025047302246
3457,42.298282623291016,24.363618850708008,0.5026624798774719,0.19883909821510315,-0.033207397907972336,0.5787011384963989
3458,42.5331916809082,25.018892288208008,0.5042000412940979,0.19892260432243347,-0.05268723517656326,0.585232675075531
3459,42.097286224365234,23.819276809692383,0.5088125467300415,0.1990978866815567,-0.05393914878368378,0.576974630355835
3460,42.472145080566406,24.885557174682617,0.5040625333786011,0.1991787701845169,-0.027234895154833794,0.5825688242912292
3461,42.06318283081055,23.913372039794922,0.5082874894142151,0.19934384524822235,-0.03330355882644653,0.595021665096283
3462,42.315032958984375,24.70916748046875,0.5041624903678894,0.1994268298149109,-0.07341224700212479,0.5787792801856995
3463,42.26776885986328,24.330230712890625,0.49688753485679626,0.19936475157737732,-0.07423439621925354,0.593662440776825
3464,42.4190788269043,25.074289321899414,0.49783754348754883,0.19932164251804352,-0.0727270245552063,0.5752007961273193
3465,42.28590774536133,25.091167449951172,0.49166253209114075,0.19915546476840973,-0.08573202043771744,0.5633997917175293
3466,42.296024322509766,25.00713539123535,0.4983125329017639,0.1991218626499176,-0.0755816400051117,0.5778923034667969
3467,42.76451110839844,25.98821258544922,0.49890002608299255,0.19909995794296265,-0.08870529383420944,0.5834079384803772
3468,42.39388656616211,24.775144577026367,0.49678751826286316,0.19903598725795746,-0.027248691767454147,0.5722200274467468
3469,42.25469207763672,24.23211669921875,0.5031375288963318,0.19909843802452087,-0.03913043439388275,0.5657402276992798
3470,42.38142776489258,24.679046630859375,0.5094249844551086,0.199286088347435,-0.08126427233219147,0.5851390361785889
3471,42.10491180419922,23.861642837524414,0.5065125226974487,0.1994158774614334,-0.0694061890244484,0.5816715955734253
3472,42.698585510253906,25.417442321777344,0.5032750368118286,0.19948117434978485,-0.08500563353300095,0.5679583549499512
3473,41.9554328918457,23.759336471557617,0.5034624934196472,0.19955025613307953,-0.09356123954057693,0.6012170910835266
3474,42.15721130371094,24.43113899230957,0.503250002861023,0.19961510598659515,-0.10301056504249573,0.5848553776741028
3475,42.42291259765625,25.021577835083008,0.4962500333786011,0.19954025745391846,-0.08792818337678909,0.5982316136360168
3476,42.683082580566406,25.829153060913086,0.49480003118515015,0.1994365006685257,-0.0829366073012352,0.579851508140564
3477,42.328102111816406,25.076385498046875,0.4950375258922577,0.19933752715587616,-0.10071031004190445,0.5961064696311951
3478,41.97888946533203,23.84621238708496,0.4981500208377838,0.1993006467819214,-0.06726229935884476,0.5763428211212158
3479,42.455867767333984,25.007614135742188,0.5017125606536865,0.1993347853422165,-0.10700981318950653,0.5859547853469849
3480,42.38334274291992,25.0467472076416,0.5011000633239746,0.19935671985149384,-0.09639313817024231,0.5907219052314758
3481,42.13071823120117,24.144990921020508,0.49918755888938904,0.19934052228927612,-0.039777666330337524,0.6154301762580872
3482,42.389217376708984,24.54879379272461,0.5003625154495239,0.19934774935245514,-0.0537150502204895,0.5999128222465515
3483,41.93721008300781,23.498458862304688,0.5034875273704529,0.19941727817058563,-0.05594213306903839,0.5495598912239075
3484,42.33070755004883,24.534305572509766,0.5017750263214111,0.19945266842842102,-0.06690774857997894,0.578361451625824
3485,42.392127990722656,24.692420959472656,0.49768751859664917,0.19940653443336487,-0.06255917996168137,0.6013332009315491
3486,42.26715087890625,24.35457992553711,0.4928625226020813,0.19926419854164124,-0.07340466976165771,0.5681290626525879
3487,42.2106819152832,24.664981842041016,0.49631252884864807,0.19919072091579437,-0.039256952702999115,0.584224283695221
3488,42.062530517578125,24.330158233642578,0.49053749442100525,0.1990022361278534,-0.04356272146105766,0.5816501975059509
3489,42.5655403137207,25.41194725036621,0.4890875518321991,0.19878508150577545,-0.06229720637202263,0.561985969543457
3490,42.18695068359375,24.189367294311523,0.49601253867149353,0.19870582222938538,-0.03879101574420929,0.5840393900871277
3491,42.0671272277832,24.19954490661621,0.49773749709129333,0.19866086542606354,-0.03467724844813347,0.5811264514923096
3492,42.26923751831055,24.813444137573242,0.49820005893707275,0.1986251026391983,-0.051389969885349274,0.5862175822257996
3493,41.99688720703125,23.943378448486328,0.5007500052452087,0.19863998889923096,-0.08339609205722809,0.5923430919647217
3494,42.59640121459961,25.569664001464844,0.5052125453948975,0.198743537068367,-0.06316062062978745,0.600277841091156
3495,42.18730926513672,24.665254592895508,0.5003874897956848,0.19875124096870422,-0.08860035240650177,0.597518801689148
3496,41.894859313964844,23.3455753326416,0.501537561416626,0.1987818032503128,-0.09118837118148804,0.572460412979126
3497,42.19314193725586,24.383668899536133,0.5000250339508057,0.1987822949886322,-0.06464654207229614,0.5894777178764343
3498,42.627498626708984,25.44512939453125,0.49410003423690796,0.19866502285003662,-0.0795956403017044,0.6018446087837219
3499,42.58597946166992,25.30597686767578,0.4942125380039215,0.1985500454902649,-0.08057858794927597,0.5572087168693542
3500,42.56199264526367,25.15101432800293,0.5041875243186951,0.19863319396972656,-0.07526461780071259,0.5956244468688965
3501,41.97487258911133,23.769084930419922,0.5053000450134277,0.1987384706735611,-0.06475493311882019,0.5813769102096558
3502,42.4173583984375,25.239572525024414,0.501924991607666,0.1987767368555069,-0.11826647073030472,0.5858829021453857
3503,42.0174446105957,23.82931900024414,0.5069375038146973,0.19891464710235596,-0.0693185031414032,0.5809785723686218
3504,42.50613784790039,24.996253967285156,0.5066750645637512,0.19904741644859314,-0.0650942251086235,0.6048488020896912
3505,42.19606018066406,24.40077018737793,0.5047000646591187,0.1991409808397293,-0.08173507452011108,0.5837598443031311
3506,42.460086822509766,25.039522171020508,0.5024750232696533,0.19919025897979736,-0.05112331733107567,0.6081027388572693
3507,42.40212631225586,25.11948013305664,0.5030249953269958,0.19925051927566528,-0.07477608323097229,0.60503751039505
3508,42.92945098876953,26.054580688476562,0.4997750222682953,0.19924604892730713,-0.0676422044634819,0.5951204895973206
3509,42.241004943847656,24.27716827392578,0.5004500150680542,0.19925503432750702,-0.08362613618373871,0.5826237797737122
3510,42.32356643676758,24.7727108001709,0.4998375475406647,0.19925178587436676,-0.07396209985017776,0.5776411294937134
3511,42.482330322265625,25.38471221923828,0.5010625123977661,0.19927294552326202,-0.060849059373140335,0.5649385452270508
3512,42.268943786621094,23.99544334411621,0.5045375227928162,0.1993633508682251,-0.058934736996889114,0.6089489459991455
3513,42.6649169921875,25.30602264404297,0.5031375288963318,0.19942590594291687,-0.08614422380924225,0.6069233417510986
3514,42.572566986083984,25.522768020629883,0.5060999989509583,0.19954755902290344,-0.05496646836400032,0.6004368662834167
3515,42.250850677490234,24.366432189941406,0.505299985408783,0.19965332746505737,-0.06978389620780945,0.5824636220932007
3516,42.26998519897461,24.421646118164062,0.5050125122070312,0.19975340366363525,-0.04768132418394089,0.5973665714263916
3517,42.144535064697266,24.40546226501465,0.5026375651359558,0.1998060941696167,-0.10981591790914536,0.5957925915718079
3518,42.375858306884766,24.902587890625,0.4967125356197357,0.19974040985107422,-0.08463063091039658,0.6068620085716248
3519,41.904537200927734,23.64162826538086,0.4991375505924225,0.19972318410873413,-0.060283999890089035,0.5991867184638977
3520,42.321754455566406,24.619321823120117,0.4976375102996826,0.19967599213123322,-0.0788513645529747,0.5831114649772644
3521,42.414573669433594,24.55086898803711,0.4933125376701355,0.19954246282577515,-0.08452202379703522,0.5916193723678589
3522,42.36337661743164,24.742286682128906,0.49746254086494446,0.19949182868003845,-0.0362330824136734,0.5844024419784546
3523,42.32856750488281,24.81850242614746,0.49908751249313354,0.19947361946105957,-0.05777619779109955,0.5622133016586304
3524,42.43010711669922,24.883544921875,0.5010375380516052,0.19949430227279663,-0.0258333757519722,0.606577455997467
3525,41.790306091308594,23.260038375854492,0.4945375323295593,0.19938533008098602,-0.07200467586517334,0.5744020342826843
3526,42.472503662109375,25.2563533782959,0.4943125247955322,0.19927193224430084,-0.06260136514902115,0.5870034694671631
3527,41.7524528503418,23.36351203918457,0.4961625337600708,0.19919545948505402,-0.045985545963048935,0.6085335612297058
3528,42.40245056152344,25.126754760742188,0.4993000328540802,0.19918152689933777,-0.04232187196612358,0.58607017993927
3529,42.28226852416992,25.155227661132812,0.5010000467300415,0.19920144975185394,-0.06605205684900284,0.5855916142463684
3530,42.5109977722168,25.24397087097168,0.50433748960495,0.19928786158561707,-0.057888515293598175,0.6224962472915649
3531,41.947265625,23.50556182861328,0.5037250518798828,0.19936209917068481,-0.06284962594509125,0.6144090294837952
3532,42.31910705566406,24.451364517211914,0.5004500150680542,0.1993710845708847,-0.07292323559522629,0.594412088394165
3533,42.03049087524414,24.095849990844727,0.5057500004768372,0.19948571920394897,-0.0814424529671669,0.6120365858078003
3534,42.104408264160156,24.29763412475586,0.5033250451087952,0.1995520442724228,-0.10151790827512741,0.6046707630157471
3535,42.1199836730957,24.569442749023438,0.4974000155925751,0.1995001584291458,-0.08346264064311981,0.5939819812774658
3536,42.13101577758789,24.47333526611328,0.4987125098705292,0.19947446882724762,-0.08400806784629822,0.5823463201522827
3537,42.16364288330078,24.44154930114746,0.49658751487731934,0.19940640032291412,-0.08808784931898117,0.572627604007721
3538,42.462615966796875,24.628494262695312,0.4970625340938568,0.1993478238582611,-0.06447330117225647,0.5978543758392334
3539,42.46510696411133,25.107154846191406,0.5005375146865845,0.19935853779315948,-0.03773428872227669,0.6033012270927429
3540,42.541324615478516,25.24859046936035,0.49390003085136414,0.1992369294166565,-0.07639361917972565,0.5631398558616638
3541,42.2893180847168,24.712594985961914,0.49822503328323364,0.1992015689611435,-0.05742396041750908,0.5649321675300598
3542,42.3964729309082,24.798171997070312,0.4985250234603882,0.19917218387126923,-0.01320941187441349,0.5743418335914612
3543,42.29448318481445,24.790857315063477,0.4947875440120697,0.1990683674812317,-0.06552310287952423,0.5861563682556152
3544,42.12277603149414,24.149795532226562,0.4932750463485718,0.19893449544906616,-0.059542831033468246,0.5761180520057678
3545,41.952003479003906,23.796072006225586,0.5014874935150146,0.19896408915519714,-0.0858420878648758,0.5825275182723999
3546,42.17513656616211,24.39261817932129,0.4987125098705292,0.19893847405910492,-0.08974894881248474,0.6022067070007324
3547,42.47650146484375,25.18543815612793,0.5023500323295593,0.19898521900177002,-0.06787988543510437,0.5731891393661499
3548,42.320098876953125,24.552200317382812,0.5037875175476074,0.1990605741739273,-0.08401382714509964,0.6116079688072205
3549,42.127750396728516,23.940160751342773,0.5034375190734863,0.19912901520729065,-0.00917961448431015,0.5615887641906738
3550,41.787750244140625,23.25817108154297,0.5007750391960144,0.19914443790912628,-0.07692667096853256,0.5660194158554077
3551,42.42670822143555,24.798036575317383,0.5015250444412231,0.19917480647563934,-0.03566232696175575,0.5585477948188782
3552,42.25703048706055,24.497997283935547,0.4967625141143799,0.19911031424999237,-0.05282401293516159,0.5678923726081848
3553,42.25554275512695,24.2913818359375,0.4962500333786011,0.1990356594324112,-0.027774015441536903,0.5858858823776245
3554,42.19572830200195,24.729917526245117,0.4879375100135803,0.19879557192325592,-0.035315755754709244,0.5674511194229126
3555,42.525718688964844,25.68234634399414,0.48823752999305725,0.19856174290180206,-0.054428424686193466,0.5573402643203735
3556,42.57552719116211,25.642059326171875,0.4879625141620636,0.19832271337509155,-0.06820538640022278,0.5878409147262573
3557,42.22814178466797,24.957155227661133,0.4925375282764435,0.19817471504211426,-0.04948284476995468,0.5617112517356873
3558,42.3412971496582,24.953739166259766,0.49781250953674316,0.19813136756420135,-0.08833034336566925,0.6057531833648682
3559,42.2208251953125,24.302074432373047,0.5034499764442444,0.19819971919059753,-0.09736880660057068,0.5925367474555969
3560,42.39548110961914,24.508045196533203,0.5077875852584839,0.1983540803194046,-0.10419977456331253,0.5947055816650391
3561,42.42758560180664,24.445354461669922,0.5120999813079834,0.1985940784215927,-0.07179867476224899,0.5674484968185425
3562,42.5371208190918,25.21940040588379,0.5112625360488892,0.19881775975227356,-0.04463599994778633,0.5938075184822083
3563,42.58333206176758,25.0109920501709,0.5113125443458557,0.1990426778793335,-0.057491596788167953,0.5830402970314026
3564,42.24010467529297,24.306215286254883,0.5077999830245972,0.1991979330778122,-0.02984742633998394,0.5747127532958984
3565,42.37728500366211,24.34121322631836,0.5026875138282776,0.1992514580488205,-0.04047606140375137,0.5914431810379028
3566,42.07398986816406,23.596355438232422,0.497575044631958,0.19920314848423004,-0.08641223609447479,0.5989136099815369
3567,42.16228485107422,24.067731857299805,0.49727505445480347,0.19914886355400085,-0.062233276665210724,0.5599416494369507
3568,42.255550384521484,24.497161865234375,0.4896625280380249,0.19894300401210785,-0.06818275898694992,0.588250458240509
3569,42.24544906616211,24.41116714477539,0.4887625277042389,0.19871944189071655,-0.0724342092871666,0.5797804594039917
3570,42.343963623046875,25.106796264648438,0.4854000508785248,0.19842930138111115,-0.07065699994564056,0.5760112404823303
3571,42.593116760253906,25.152366638183594,0.4895000159740448,0.19822095334529877,-0.04339711368083954,0.5655989050865173
3572,42.41745376586914,24.80698585510254,0.49373751878738403,0.19809681177139282,-0.06999078392982483,0.5519367456436157
3573,42.25039291381836,24.601253509521484,0.5040375590324402,0.1981768012046814,-0.06489447504281998,0.586765706539154
3574,42.211124420166016,23.8979549407959,0.5077125430107117,0.19832965731620789,-0.053287386894226074,0.5702236294746399
3575,42.26201629638672,24.38821792602539,0.5099000334739685,0.19852600991725922,-0.0441926009953022,0.5864272117614746
3576,42.36174392700195,24.52852439880371,0.5128499865531921,0.1987811028957367,-0.05025457218289375,0.602365255355835
3577,41.975914001464844,23.56905174255371,0.5087875127792358,0.19895578920841217,-0.08872462809085846,0.6072499752044678
3578,42.525333404541016,24.802953720092773,0.505512535572052,0.1990654617547989,-0.09742950648069382,0.6144959330558777
3579,42.370872497558594,24.909530639648438,0.504175066947937,0.19914856553077698,-0.10229531675577164,0.5761662125587463
3580,42.25040817260742,24.504253387451172,0.5011749863624573,0.1991719752550125,-0.10714992880821228,0.6017974615097046
3581,42.03232192993164,24.356691360473633,0.49896252155303955,0.19915130734443665,-0.07801918685436249,0.570263147354126
3582,42.27796173095703,24.878137588500977,0.495712548494339,0.1990659236907959,-0.10268533229827881,0.5845674276351929
3583,42.47975158691406,25.152015686035156,0.4941375255584717,0.19894921779632568,-0.09291215986013412,0.589013934135437
3584,42.41084289550781,25.450841903686523,0.4981124997138977,0.1989116668701172,-0.08311211317777634,0.5745783448219299
3585,41.666046142578125,23.432493209838867,0.49813753366470337,0.19887462258338928,-0.08831413835287094,0.5928522944450378
3586,42.189151763916016,24.514060974121094,0.501075029373169,0.19889600574970245,-0.05789559707045555,0.6119055151939392
3587,42.59913635253906,25.207277297973633,0.501300036907196,0.19892187416553497,-0.03371356427669525,0.5841947793960571
3588,42.24365234375,24.466981887817383,0.4970875084400177,0.1988639384508133,-0.06223195791244507,0.5715717673301697
3589,42.52263259887695,24.987092971801758,0.4957125186920166,0.1987786740064621,0.0006219091592356563,0.5722463130950928
3590,42.260684967041016,24.43414306640625,0.5014125108718872,0.1988067477941513,-0.06128641217947006,0.576546311378479
3591,42.27202224731445,24.413000106811523,0.496675044298172,0.1987406462430954,-0.023692067712545395,0.5992991328239441
3592,42.50830841064453,25.102001190185547,0.49367502331733704,0.1986149400472641,-0.05490771681070328,0.555910587310791
3593,42.09585952758789,24.182405471801758,0.4984250068664551,0.1985836625099182,-0.06224079430103302,0.5601479411125183
3594,42.08503723144531,24.450414657592773,0.4990500211715698,0.1985647976398468,-0.09935618937015533,0.5723822116851807
3595,41.93465805053711,23.519271850585938,0.49863752722740173,0.19853773713111877,-0.10681124031543732,0.5889134407043457
3596,42.631065368652344,25.566999435424805,0.5027999877929688,0.19859333336353302,-0.0846477821469307,0.5988602042198181
3597,42.356266021728516,24.643892288208008,0.49845004081726074,0.19856256246566772,-0.08325821161270142,0.5768576264381409
3598,41.863807678222656,23.705352783203125,0.499162495136261,0.1985459327697754,-0.06197997182607651,0.5756948590278625
3599,42.24811553955078,24.305089950561523,0.5002625584602356,0.19855113327503204,-0.04457428306341171,0.5741872191429138
3600,42.21064376831055,24.318458557128906,0.4981250464916229,0.19851389527320862,-0.07020801305770874,0.5786401033401489
3601,42.357872009277344,24.71538734436035,0.49572503566741943,0.19842903316020966,-0.012165186926722527,0.5692397356033325
3602,42.367042541503906,24.505786895751953,0.4963875412940979,0.19835734367370605,-0.04312235489487648,0.5538399815559387
3603,42.58722686767578,25.588024139404297,0.4992625415325165,0.1983427256345749,-0.04856181517243385,0.5802327990531921
3604,42.23871612548828,24.191097259521484,0.49291250109672546,0.19820214807987213,-0.03420085832476616,0.5719038248062134
3605,42.425376892089844,24.871671676635742,0.5061124563217163,0.1983233094215393,-0.061843253672122955,0.5676156282424927
3606,42.625125885009766,25.109743118286133,0.5059250593185425,0.1984408050775528,0.015794936567544937,0.5919197201728821
3607,42.701385498046875,25.314476013183594,0.5066999793052673,0.1985737532377243,-0.05696459487080574,0.5816836953163147
3608,42.518211364746094,24.87372589111328,0.5038999915122986,0.19865120947360992,-0.046425629407167435,0.5756222009658813
3609,42.5224723815918,25.56698226928711,0.5063625574111938,0.19877760112285614,-0.033321820199489594,0.5836403369903564
3610,42.05712127685547,24.018959045410156,0.500700056552887,0.19879150390625,-0.07077493518590927,0.5929343104362488
3611,42.2383918762207,24.321178436279297,0.5069000720977783,0.19892866909503937,-0.0805930495262146,0.5924702882766724
3612,41.85677719116211,23.497211456298828,0.49517500400543213,0.1988326907157898,-0.0727398619055748,0.5640518069267273
3613,42.24402618408203,24.767330169677734,0.495962530374527,0.19875240325927734,-0.10691281408071518,0.5728604197502136
3614,42.0115852355957,23.8863525390625,0.4904375374317169,0.198562353849411,-0.12756361067295074,0.6036914587020874
3615,41.8699836730957,24.068008422851562,0.49432504177093506,0.19844967126846313,-0.11583788692951202,0.5869161486625671
3616,42.405067443847656,25.130245208740234,0.49455001950263977,0.1983415186405182,-0.10414127260446548,0.5922650098800659
3617,42.42048263549805,25.816308975219727,0.499562531709671,0.19833284616470337,-0.05452575907111168,0.5955927968025208
3618,42.221923828125,24.48348617553711,0.49941256642341614,0.19832119345664978,-0.06318335980176926,0.5772446990013123
3619,41.87240982055664,23.370820999145508,0.5044249892234802,0.19840894639492035,-0.05704260990023613,0.5822477340698242
3620,42.17493438720703,23.90011978149414,0.5053375363349915,0.19851483404636383,-0.04325415566563606,0.5740702152252197
3621,42.24129867553711,23.546899795532227,0.5074250102043152,0.19866223633289337,-0.022753285244107246,0.5892119407653809
3622,41.8677864074707,23.19843292236328,0.50718754529953,0.19880501925945282,-0.03531058877706528,0.5804731845855713
3623,42.45195007324219,24.58485221862793,0.5024375319480896,0.1988534778356552,-0.052734412252902985,0.5767779350280762
3624,41.83169937133789,23.44074249267578,0.49816253781318665,0.1988169401884079,-0.05291086807847023,0.6000878810882568
3625,42.44505310058594,24.976577758789062,0.4941125214099884,0.19869987666606903,-0.07619290798902512,0.5821376442909241
3626,42.374000549316406,24.94771385192871,0.4867750108242035,0.19843709468841553,-0.07255282253026962,0.5727605223655701
3627,42.51641845703125,25.2918701171875,0.48621252179145813,0.1981634944677353,-0.06934188306331635,0.5651651620864868
3628,41.93694305419922,24.111507415771484,0.4928875267505646,0.19802254438400269,-0.08439912647008896,0.5645126700401306
3629,42.37006378173828,25.149751663208008,0.492962509393692,0.19788318872451782,-0.08950711786746979,0.571867048740387
3630,41.98609161376953,23.81020736694336,0.49963754415512085,0.19787602126598358,-0.09145314991474152,0.5731613636016846
3631,42.320335388183594,24.354246139526367,0.5069125890731812,0.1980128139257431,-0.07902774214744568,0.5825549960136414
3632,42.3956184387207,24.437469482421875,0.5089375376701355,0.19818978011608124,-0.03644445911049843,0.5936912298202515
3633,42.05862808227539,23.350051879882812,0.5129125118255615,0.19844569265842438,-0.06408648192882538,0.5842987895011902
3634,42.02108383178711,23.755189895629883,0.5166000127792358,0.19877511262893677,-0.07674488425254822,0.5818500518798828
3635,42.124755859375,24.03668785095215,0.5085000395774841,0.1989440619945526,-0.06510697305202484,0.5715346336364746
3636,42.07456970214844,23.990663528442383,0.4980125427246094,0.19890452921390533,-0.08047530055046082,0.5556485056877136
3637,42.37178421020508,24.945980072021484,0.49557504057884216,0.19881650805473328,-0.02869524620473385,0.5653842687606812
3638,42.439266204833984,25.610252380371094,0.49116256833076477,0.19864080846309662,-0.09303032606840134,0.5759567618370056
3639,42.52859115600586,25.051111221313477,0.4889875054359436,0.19842205941677094,-0.0994548350572586,0.5839601159095764
3640,42.19552993774414,24.93669319152832,0.4852375388145447,0.19812914729118347,-0.08747883886098862,0.574029266834259
3641,42.01995086669922,24.325349807739258,0.49223750829696655,0.19797535240650177,-0.09690875560045242,0.5922154188156128
3642,42.32120895385742,25.190488815307617,0.495712548494339,0.1978904753923416,-0.09745565056800842,0.6002190113067627
3643,42.143375396728516,24.224544525146484,0.5092250108718872,0.19807301461696625,-0.09484454989433289,0.6236807703971863
3644,42.32749938964844,24.520496368408203,0.511025071144104,0.1982913762331009,-0.09774474054574966,0.6014965176582336
3645,42.36570739746094,24.5749454498291,0.5109249949455261,0.19850802421569824,-0.11118000000715256,0.6078226566314697
3646,42.13489532470703,23.83043098449707,0.5133500099182129,0.19877304136753082,-0.026845350861549377,0.592792272567749
3647,42.28670120239258,24.526493072509766,0.5162625312805176,0.19909629225730896,-0.029233083128929138,0.5905157327651978
3648,42.34953308105469,24.234914779663086,0.5111750364303589,0.1993187814950943,-0.04118844121694565,0.5890064239501953
3649,42.33189392089844,24.433000564575195,0.5080999732017517,0.19948023557662964,-0.03319256752729416,0.5738146305084229
3650,42.2487907409668,25.08700942993164,0.49681252241134644,0.1994166523218155,-0.05832434445619583,0.5515474081039429
3651,41.97199630737305,23.397314071655273,0.4953250288963318,0.19932343065738678,-0.05310986936092377,0.5818636417388916
3652,42.32345962524414,24.86814308166504,0.4900500178337097,0.19912511110305786,-0.06131270155310631,0.5623703002929688
3653,42.515377044677734,25.21296501159668,0.4850750267505646,0.19882792234420776,-0.04717244952917099,0.5523041486740112
3654,42.1864013671875,24.518795013427734,0.48510003089904785,0.19853167235851288,-0.03403337299823761,0.5604267716407776
3655,42.33347702026367,24.819494247436523,0.4915250241756439,0.19836340844631195,-0.0634976401925087,0.5644271969795227
3656,41.94242477416992,23.954042434692383,0.4978625178337097,0.19832101464271545,-0.06807339936494827,0.5874885320663452
3657,42.24103546142578,24.546825408935547,0.49602505564689636,0.1982421875,-0.0445234552025795,0.5819782018661499
3658,42.63908386230469,25.340166091918945,0.5022749900817871,0.19828727841377258,-0.10677266120910645,0.578036367893219
3659,42.28532409667969,23.99879264831543,0.502750039100647,0.19834181666374207,-0.0829557552933693,0.593646228313446
3660,42.25271987915039,24.170639038085938,0.506350040435791,0.19846777617931366,-0.07460633665323257,0.5904384851455688
3661,42.22772216796875,24.232177734375,0.507687509059906,0.19862034916877747,-0.049177851527929306,0.5952703356742859
3662,42.382484436035156,24.586078643798828,0.50371253490448,0.19869408011436462,-0.062460120767354965,0.5808999538421631
3663,42.315826416015625,24.430021286010742,0.5090250372886658,0.19887341558933258,-0.04816233366727829,0.580511212348938
3664,42.325443267822266,24.42762565612793,0.5003125667572021,0.19887962937355042,-0.08086955547332764,0.5845314264297485
3665,41.954261779785156,23.890642166137695,0.5006875395774841,0.19889330863952637,-0.025760192424058914,0.5629444122314453
3666,42.445068359375,24.979270935058594,0.4919625520706177,0.19873344898223877,-0.06006919965147972,0.5771042704582214
3667,42.59049606323242,25.257165908813477,0.48861250281333923,0.1985071450471878,-0.07181744277477264,0.5663914680480957
3668,42.26826858520508,24.512176513671875,0.4928000271320343,0.19836421310901642,-0.032827429473400116,0.5744192004203796
3669,42.15669250488281,24.511205673217773,0.49410000443458557,0.19824717938899994,-0.08111296594142914,0.5899890661239624
3670,41.90641403198242,24.10358238220215,0.49545004963874817,0.19815696775913239,-0.0646938681602478,0.5850590467453003
3671,41.88789367675781,23.606975555419922,0.49797505140304565,0.19811683893203735,-0.10137631744146347,0.5770551562309265
3672,42.10865020751953,24.672313690185547,0.5013875365257263,0.19814433157444,-0.10447625070810318,0.578241765499115
3673,42.495975494384766,25.18611717224121,0.5013500452041626,0.19817106425762177,-0.10165012627840042,0.5970723032951355
3674,42.0240592956543,23.760395050048828,0.5085124969482422,0.19833976030349731,-0.08425145596265793,0.6001071929931641
3675,41.7711181640625,23.255535125732422,0.5040625333786011,0.19842034578323364,-0.09736894816160202,0.596458375453949
3676,42.44743728637695,24.91704559326172,0.5023375749588013,0.1984667330980301,-0.09355156123638153,0.6043579578399658
3677,42.32552719116211,24.180925369262695,0.5018625259399414,0.19850368797779083,-0.07255727052688599,0.5845184922218323
3678,41.82907485961914,24.093563079833984,0.4979875385761261,0.19846373796463013,-0.0861382782459259,0.5825721621513367
3679,42.09564971923828,23.963150024414062,0.5005999803543091,0.198475643992424,-0.049983490258455276,0.5813107490539551
3680,42.770259857177734,25.4876651763916,0.493725061416626,0.19835110008716583,-0.025928514078259468,0.5642605423927307
3681,42.70796203613281,25.39876365661621,0.4910000264644623,0.19817258417606354,-0.04319629818201065,0.5306958556175232
3682,42.24177551269531,24.259912490844727,0.4960375428199768,0.19809405505657196,-0.051224831491708755,0.5779878497123718
3683,42.07357406616211,23.894134521484375,0.4975000321865082,0.1980445384979248,-0.018959393724799156,0.5562406778335571
3684,42.269718170166016,24.78945541381836,0.4948250353336334,0.19794204831123352,-0.027666445821523666,0.5674117803573608
3685,42.65507507324219,25.390541076660156,0.4973750114440918,0.19789008796215057,-0.03738873451948166,0.5822386741638184
3686,42.22119140625,24.52430534362793,0.4914875030517578,0.19772163033485413,-0.052498187869787216,0.5862443447113037
3687,42.688663482666016,26.213748931884766,0.4936625361442566,0.19759632647037506,-0.07334338873624802,0.5746782422065735
3688,42.263675689697266,24.792373657226562,0.5007500052452087,0.19761113822460175,-0.07312989234924316,0.5945776700973511
3689,42.480838775634766,25.20820426940918,0.5062500238418579,0.19773465394973755,-0.04938569292426109,0.5870229601860046
3690,42.1049690246582,23.904541015625,0.5009000301361084,0.197752445936203,-0.072100430727005,0.5929194688796997
3691,42.613426208496094,25.099241256713867,0.49992501735687256,0.19775095582008362,-0.07412330061197281,0.5841256380081177
3692,41.98964309692383,24.10296058654785,0.5036375522613525,0.19782288372516632,-0.07161226123571396,0.5675768852233887
3693,42.58169174194336,25.040197372436523,0.5009875297546387,0.19784240424633026,-0.03581458702683449,0.5872563123703003
3694,42.22954177856445,24.671857833862305,0.499562531709671,0.19783374667167664,-0.07363853603601456,0.6042828559875488
3695,42.763797760009766,25.25905418395996,0.497887521982193,0.1977919638156891,-0.05233345553278923,0.5673592686653137
3696,42.5885124206543,24.950088500976562,0.5027375221252441,0.19784609973430634,-0.02100641280412674,0.5771684050559998
3697,42.27472686767578,24.45949363708496,0.506725013256073,0.197979137301445,-0.06334694474935532,0.5936704277992249
3698,42.66742706298828,25.26290512084961,0.5070750117301941,0.19811920821666718,-0.050923146307468414,0.596930742263794
3699,42.20505905151367,24.17273712158203,0.5097750425338745,0.1983128786087036,-0.0937289297580719,0.5941061973571777
3700,42.41170883178711,24.391571044921875,0.5076125264167786,0.19846384227275848,-0.06792305409908295,0.5842639803886414
3701,41.95026779174805,23.814470291137695,0.5066125392913818,0.1985950767993927,-0.0710672065615654,0.5917350053787231
3702,42.132408142089844,24.202133178710938,0.5022250413894653,0.19863925874233246,-0.08834484219551086,0.5932890772819519
3703,42.35576629638672,24.696701049804688,0.5022625923156738,0.1986842006444931,-0.10681673884391785,0.5735464692115784
3704,42.17042922973633,24.087562561035156,0.4980125427246094,0.1986447125673294,-0.1071782112121582,0.5821245312690735
3705,42.06550979614258,24.08001136779785,0.501175045967102,0.19866806268692017,-0.0719018206000328,0.5950034260749817
3706,41.731468200683594,23.24176788330078,0.489887535572052,0.1984671652317047,-0.07641960680484772,0.5626746416091919
3707,42.15674591064453,24.206279754638672,0.4933125376701355,0.1983344405889511,-0.09516679495573044,0.5911532044410706
3708,42.3843879699707,24.972368240356445,0.4994625151157379,0.19832377135753632,-0.0698113664984703,0.5816096663475037
3709,42.58409881591797,25.097261428833008,0.5088125467300415,0.19849853217601776,-0.04918249696493149,0.5773481726646423
3710,42.392608642578125,24.114015579223633,0.5048375725746155,0.19859455525875092,-0.04700438678264618,0.5893262028694153
3711,42.31427001953125,24.069711685180664,0.509225070476532,0.19877776503562927,-0.017216509208083153,0.5781904458999634
3712,42.845375061035156,25.387962341308594,0.5024999976158142,0.19882746040821075,-0.06142027676105499,0.5833867788314819
3713,41.913818359375,23.58071517944336,0.49691253900527954,0.1987660676240921,-0.0645533874630928,0.5775827169418335
3714,42.72270202636719,25.818193435668945,0.48997506499290466,0.19856680929660797,-0.03781307488679886,0.574138343334198
3715,42.26355743408203,24.510963439941406,0.49028751254081726,0.198373943567276,-0.09485356509685516,0.5438448786735535
3716,42.350341796875,24.541275024414062,0.49162501096725464,0.1982078105211258,-0.07007239758968353,0.5524372458457947
3717,42.63154983520508,25.541738510131836,0.4933125376701355,0.19807524979114532,-0.07007509469985962,0.5953423380851746
3718,42.88899230957031,25.821020126342773,0.49836254119873047,0.1980428248643875,-0.06234624609351158,0.5539249777793884
3719,42.52511978149414,24.7482852935791,0.5004500150680542,0.19805175065994263,-0.05443526804447174,0.5769155621528625
3720,42.501522064208984,24.98263931274414,0.5036749839782715,0.19812454283237457,-0.05325767397880554,0.5764765739440918
3721,42.36820983886719,24.277280807495117,0.5100250244140625,0.19832317531108856,-0.037287428975105286,0.6227953433990479
3722,42.0995979309082,24.051334381103516,0.5101875066757202,0.19852522015571594,-0.09905783832073212,0.6085692048072815
3723,41.98731231689453,24.007522583007812,0.5070375204086304,0.19866494834423065,-0.09543368965387344,0.5990564823150635
3724,42.25412368774414,24.184335708618164,0.5110875368118286,0.1988852173089981,-0.10902075469493866,0.5847944617271423
3725,42.29726028442383,24.39752960205078,0.5034500360488892,0.19895383715629578,-0.09690361469984055,0.5775988101959229
3726,41.9371223449707,23.783823013305664,0.5023375153541565,0.19900034368038177,-0.09157997369766235,0.5953165292739868
3727,41.977352142333984,24.16301155090332,0.49586254358291626,0.19891799986362457,-0.06693350523710251,0.5681195855140686
3728,42.181884765625,24.591419219970703,0.49517500400543213,0.198822021484375,-0.06710242480039597,0.5842124819755554
3729,42.63055419921875,25.08295249938965,0.496025025844574,0.19874298572540283,-0.06188063323497772,0.5752390027046204
3730,42.68914031982422,25.12595558166504,0.49557504057884216,0.19865503907203674,-0.0341763012111187,0.573742151260376
3731,42.09010696411133,24.098703384399414,0.5038500428199768,0.19873152673244476,-0.03797684609889984,0.5682545304298401
3732,42.75831985473633,25.49480438232422,0.4970250427722931,0.19867241382598877,-0.044635433703660965,0.5896642804145813
3733,42.46666717529297,25.05942153930664,0.5040000081062317,0.19875186681747437,-0.04540759325027466,0.6094708442687988
3734,42.12247085571289,23.93577766418457,0.5008125305175781,0.1987680196762085,-0.08172907680273056,0.5756725668907166
3735,42.64482116699219,25.510910034179688,0.5031000375747681,0.19882962107658386,-0.09730987250804901,0.5968503952026367
3736,41.964359283447266,24.008808135986328,0.5035499930381775,0.19890020787715912,-0.09284447133541107,0.5976874828338623
3737,42.32716751098633,24.89305305480957,0.5029250383377075,0.1989583969116211,-0.08130607008934021,0.611178457736969
3738,42.09055709838867,23.90061378479004,0.5058500170707703,0.19907477498054504,-0.11048949509859085,0.5955100655555725
3739,42.124366760253906,24.7508602142334,0.5044125318527222,0.19916263222694397,-0.08126502484083176,0.5988386869430542
3740,42.110076904296875,24.063451766967773,0.50204998254776,0.1992034614086151,-0.0704222023487091,0.5599899888038635
3741,42.37938690185547,24.73516845703125,0.49463754892349243,0.19909663498401642,-0.05246836319565773,0.5839582085609436
3742,42.48261642456055,25.331798553466797,0.4994000196456909,0.19908468425273895,-0.03462924808263779,0.5782771706581116
3743,42.041831970214844,23.853300094604492,0.5013875365257263,0.19911231100559235,-0.04733696207404137,0.5852183103561401
3744,42.34025192260742,24.76049041748047,0.4970625638961792,0.1990538239479065,-0.04986312985420227,0.5552873611450195
3745,42.63841247558594,25.247861862182617,0.49980002641677856,0.19904983043670654,-0.03069523721933365,0.5586819648742676
3746,42.43754196166992,24.74146270751953,0.49541252851486206,0.19895851612091064,-0.045994967222213745,0.5583099126815796
3747,42.17296600341797,24.689882278442383,0.49640005826950073,0.19888688623905182,-0.03854448348283768,0.5849390029907227
3748,42.05934143066406,24.176389694213867,0.4982500374317169,0.198852077126503,-0.010932093486189842,0.5879202485084534
3749,41.65708541870117,22.912765502929688,0.49425002932548523,0.1987377405166626,-0.065566286444664,0.569346010684967
3750,41.682621002197266,23.442907333374023,0.49602505564689636,0.19865873456001282,-0.06795790791511536,0.578249454498291
3751,42.22857666015625,24.576557159423828,0.4955500066280365,0.19857032597064972,-0.05518203601241112,0.6083385348320007
3752,41.793148040771484,23.74587059020996,0.48973751068115234,0.19836653769016266,-0.09971514344215393,0.579517126083374
3753,42.412506103515625,25.227943420410156,0.49900001287460327,0.19834670424461365,-0.08515294641256332,0.5789762139320374
3754,42.36973190307617,25.210372924804688,0.4925750494003296,0.19819943606853485,-0.1022467389702797,0.6044702529907227
3755,41.57868194580078,23.10940933227539,0.4949125349521637,0.19809859991073608,-0.07038187980651855,0.5932375192642212
3756,41.814701080322266,23.14893341064453,0.5025250315666199,0.19814862310886383,-0.04635971412062645,0.5897670388221741
3757,42.15031051635742,24.35728645324707,0.5046500563621521,0.19824077188968658,-0.09120011329650879,0.5858273506164551
3758,42.58604049682617,25.262447357177734,0.5081750154495239,0.19840283691883087,-0.037810638546943665,0.5868329405784607
3759,42.310142517089844,24.80008888244629,0.5048250555992126,0.19849857687950134,-0.05347669497132301,0.5931483507156372
3760,42.03413391113281,23.85401725769043,0.507437527179718,0.1986462026834488,-0.0558072067797184,0.6019503474235535
3761,42.125614166259766,24.1552791595459,0.4969625473022461,0.1985858678817749,-0.04174085333943367,0.5624372959136963
3762,42.306983947753906,24.672595977783203,0.497887521982193,0.19854392111301422,-0.038681428879499435,0.5771719217300415
3763,42.18861770629883,24.486631393432617,0.49953752756118774,0.1985347419977188,-0.06417781114578247,0.5783472061157227
3764,42.03479766845703,24.251262664794922,0.49512502551078796,0.19843795895576477,-0.06585802137851715,0.5802865624427795
3765,42.39009094238281,25.023151397705078,0.4943750202655792,0.19832633435726166,-0.07309167087078094,0.572757363319397
3766,42.19353485107422,24.28230857849121,0.49807503819465637,0.19828815758228302,-0.10524414479732513,0.5936498641967773
3767,41.963584899902344,24.001995086669922,0.4982750117778778,0.19825395941734314,-0.0829969048500061,0.6030701994895935
3768,42.13972473144531,24.34273910522461,0.5001500248908997,0.1982569396495819,-0.09792083501815796,0.5770605206489563
3769,42.209205627441406,24.42831802368164,0.5040500164031982,0.19833722710609436,-0.07508969306945801,0.5976593494415283
3770,42.18270492553711,24.464195251464844,0.50347501039505,0.1984061449766159,-0.09830903261899948,0.6218480467796326
3771,42.40172576904297,24.723125457763672,0.49953752756118774,0.1983969658613205,-0.10465730726718903,0.5853420495986938
3772,42.240318298339844,24.284353256225586,0.4996125400066376,0.19838927686214447,-0.05854257568717003,0.5631211400032043
3773,42.189701080322266,24.144609451293945,0.5017625093460083,0.19842423498630524,-0.07165470719337463,0.5752962827682495
3774,41.648624420166016,22.663251876831055,0.4992750585079193,0.19840985536575317,-0.08336421102285385,0.5708141326904297
3775,42.54368209838867,25.67913055419922,0.5000625252723694,0.19841109216213226,-0.039468515664339066,0.5657580494880676
3776,42.2849006652832,24.543367385864258,0.5030375123023987,0.19847135245800018,-0.07728990912437439,0.5711126327514648
3777,42.28480529785156,24.50203514099121,0.5003250241279602,0.19847780466079712,-0.0346260629594326,0.5523163080215454
3778,42.25510025024414,24.34946632385254,0.5037750005722046,0.19855274260044098,-0.06537098437547684,0.5896157622337341
3779,42.23398208618164,24.712678909301758,0.49937504529953003,0.1985403448343277,-0.04554418846964836,0.584145188331604
3780,42.22538757324219,24.522510528564453,0.5024125576019287,0.19858825206756592,-0.0781073048710823,0.6062767505645752
3781,42.27549743652344,24.52483558654785,0.4989375174045563,0.19856715202331543,-0.07635173201560974,0.5809298753738403
3782,42.0721321105957,23.997783660888672,0.5006875395774841,0.1985808163881302,-0.06053957715630531,0.5934476852416992
3783,42.01423263549805,24.123010635375977,0.4979500472545624,0.1985401064157486,-0.08560620248317719,0.5576999187469482
3784,42.28422164916992,24.486499786376953,0.500712513923645,0.19855426251888275,-0.057780489325523376,0.5762852430343628
3785,42.19619369506836,24.539371490478516,0.49738752841949463,0.19850239157676697,-0.05737918242812157,0.5725457668304443
3786,42.24394226074219,24.37466049194336,0.4974125623703003,0.19845102727413177,-0.03478560969233513,0.5886096358299255
3787,42.48248291015625,24.823789596557617,0.5030125379562378,0.1985108107328415,-0.0636117234826088,0.5677528977394104
3788,42.551109313964844,24.9584903717041,0.5032374858856201,0.19857507944107056,-0.08831742405891418,0.5911498069763184
3789,42.16641616821289,24.57076072692871,0.5009875297546387,0.19859467446804047,-0.06317134201526642,0.589773952960968
3790,42.30146408081055,24.261764526367188,0.5014374852180481,0.19862322509288788,-0.07024631649255753,0.5910961627960205
3791,42.092811584472656,24.370473861694336,0.49791252613067627,0.1985817700624466,-0.06551610678434372,0.5820972323417664
3792,41.67380905151367,23.276092529296875,0.4955250322818756,0.1984928995370865,-0.0987408310174942,0.5855501294136047
3793,42.29235076904297,25.155773162841797,0.4981875419616699,0.19845692813396454,-0.09015434980392456,0.5834357738494873
3794,42.16075897216797,24.02751350402832,0.49511250853538513,0.19835993647575378,-0.0771094262599945,0.5827495455741882
3795,42.10032653808594,23.997005462646484,0.4955250322818756,0.19827117025852203,-0.06661934405565262,0.5590505599975586
3796,42.12614059448242,24.116899490356445,0.49621254205703735,0.19819608330726624,-0.061799388378858566,0.6137761473655701
3797,42.242584228515625,24.65981674194336,0.4948750138282776,0.19809451699256897,-0.059484608471393585,0.5940916538238525
3798,42.005821228027344,24.080652236938477,0.5020125508308411,0.1981343775987625,-0.0780731812119484,0.5953701734542847
3799,42.560298919677734,25.48372459411621,0.49941253662109375,0.19812273979187012,-0.045968446880578995,0.606060802936554
3800,42.1373176574707,24.05990982055664,0.5077500343322754,0.19827628135681152,-0.10511939227581024,0.589810848236084
3801,42.2845458984375,24.61395835876465,0.5036375522613525,0.19834840297698975,-0.06342338770627975,0.5942075252532959
3802,42.447750091552734,25.053939819335938,0.5006499886512756,0.19836129248142242,-0.08482897281646729,0.5808640122413635
3803,41.976478576660156,23.77916145324707,0.5039750337600708,0.19844013452529907,-0.08842003345489502,0.5940993428230286
3804,42.24532699584961,24.27414894104004,0.5036125183105469,0.19851180911064148,-0.06254833191633224,0.5548952221870422
3805,42.395992279052734,25.07691192626953,0.495712548494339,0.19842669367790222,-0.07260249555110931,0.5954145193099976
3806,42.530120849609375,25.452136993408203,0.49627500772476196,0.19835276901721954,-0.105524443089962,0.5848846435546875
3807,42.14875030517578,23.983314514160156,0.49707502126693726,0.1982947587966919,-0.0794890820980072,0.566286027431488
3808,42.70534133911133,25.332195281982422,0.4934500455856323,0.19816488027572632,-0.03453763574361801,0.5839054584503174
3809,42.21394729614258,23.885034561157227,0.5033875107765198,0.1982320100069046,-0.041760798543691635,0.5795049667358398
3810,42.751094818115234,25.455968856811523,0.5053625702857971,0.19833829998970032,-0.005522106308490038,0.5731522440910339
3811,42.88717269897461,25.59145736694336,0.5024875402450562,0.19838763773441315,-0.013873311690986156,0.5526167154312134
3812,42.17637634277344,23.77223777770996,0.5022375583648682,0.19843202829360962,-0.05306165665388107,0.5733821988105774
3813,42.03535842895508,23.454368591308594,0.5019000768661499,0.19846972823143005,-0.0305686853826046,0.5729408860206604
3814,42.62127685546875,25.090818405151367,0.49992501735687256,0.19846823811531067,-0.05934680998325348,0.5795924663543701
3815,42.28246307373047,24.44673728942871,0.4899875223636627,0.1982695311307907,-0.0640471801161766,0.5629647970199585
3816,42.259124755859375,24.55124855041504,0.4932250380516052,0.19813521206378937,-0.06725583225488663,0.5701991319656372
3817,42.34809875488281,24.99225616455078,0.491750031709671,0.19797174632549286,-0.057077787816524506,0.5822190642356873
3818,42.001399993896484,23.884681701660156,0.48941248655319214,0.1977621465921402,-0.09382522851228714,0.5754528641700745
3819,42.26038360595703,24.901060104370117,0.49435004591941833,0.19765041768550873,-0.06082044914364815,0.5708516240119934
3820,42.04441452026367,24.233694076538086,0.49682503938674927,0.19758765399456024,-0.046456027776002884,0.5847330093383789
3821,42.10335922241211,24.289653778076172,0.5037375688552856,0.19766148924827576,-0.025487611070275307,0.5652610659599304
3822,42.26372528076172,24.419757843017578,0.5022125244140625,0.1977052241563797,-0.051372282207012177,0.5616034865379333
3823,41.97097396850586,23.857378005981445,0.5084750056266785,0.19787277281284332,-0.02892371267080307,0.5700444579124451
3824,41.97690963745117,23.673297882080078,0.5031375288963318,0.1979348510503769,-0.06194741651415825,0.6274212598800659
3825,42.26420211791992,24.177549362182617,0.49665001034736633,0.19786854088306427,-0.060483429580926895,0.5522174835205078
3826,42.32086181640625,24.352378845214844,0.4971875250339508,0.19781288504600525,-0.060214631259441376,0.5951789617538452
3827,41.86626052856445,23.594104766845703,0.5001125335693359,0.19781510531902313,-0.08737741410732269,0.5769575238227844
3828,42.52985763549805,25.393108367919922,0.49556252360343933,0.19772732257843018,-0.0913873091340065,0.5673654079437256
3829,42.18726348876953,24.40711784362793,0.5038500428199768,0.19780345261096954,-0.071249820291996,0.6195194125175476
3830,41.98893737792969,23.816892623901367,0.5002625584602356,0.197808638215065,-0.06963803619146347,0.5768749713897705
3831,42.236122131347656,24.69792366027832,0.4957500100135803,0.19772456586360931,-0.08189915120601654,0.5820931792259216
3832,41.98446273803711,24.148523330688477,0.5003500580787659,0.19773149490356445,-0.09797981381416321,0.5975460410118103
3833,42.53648376464844,25.072683334350586,0.5060625076293945,0.19785137474536896,-0.08892890065908432,0.59197598695755
3834,42.21161651611328,24.532011032104492,0.5094000101089478,0.19803734123706818,-0.053117770701646805,0.589585542678833
3835,42.27702713012695,23.981290817260742,0.5080625414848328,0.19819700717926025,-0.06461479514837265,0.572456419467926
3836,42.24142837524414,24.489837646484375,0.507312536239624,0.19834193587303162,-0.058210339397192,0.5809431076049805
3837,42.49678421020508,24.78131866455078,0.5055249929428101,0.19845153391361237,-0.050097476691007614,0.5553490519523621
3838,42.482574462890625,25.292909622192383,0.5014375448226929,0.19848006963729858,-0.043078046292066574,0.5540655255317688
3839,42.25076675415039,23.987442016601562,0.49527499079704285,0.1983862966299057,-0.04264067858457565,0.5614509582519531
3840,42.05352020263672,24.031932830810547,0.49816253781318665,0.19834984838962555,-0.08424882590770721,0.5623005032539368
3841,42.10145950317383,24.092512130737305,0.4925125241279602,0.19820132851600647,-0.05655107647180557,0.5614877939224243
3842,42.536865234375,25.182241439819336,0.49627500772476196,0.19812749326229095,-0.08411945402622223,0.5803599953651428
3843,41.993778228759766,23.786224365234375,0.4949500262737274,0.19802744686603546,-0.058750219643116,0.5760989785194397
3844,42.501251220703125,25.094188690185547,0.4992625117301941,0.1980128437280655,-0.091375432908535,0.6084909439086914
3845,42.244815826416016,24.3836612701416,0.5024625062942505,0.19806161522865295,-0.06500338762998581,0.5794222354888916
3846,42.101863861083984,23.619083404541016,0.505887508392334,0.198178231716156,-0.09825784713029861,0.5817328095436096
3847,42.48783874511719,24.947704315185547,0.505262553691864,0.19828253984451294,-0.05819319933652878,0.5602301359176636
3848,42.21900177001953,24.127864837646484,0.5070124864578247,0.19842156767845154,-0.03260989487171173,0.5762624144554138
3849,42.697166442871094,25.456398010253906,0.5031750202178955,0.19848455488681793,-0.056398775428533554,0.5708017945289612
3850,42.43585968017578,24.52897071838379,0.502875030040741,0.19854162633419037,-0.03458929434418678,0.5437890887260437
3851,42.46168899536133,25.002037048339844,0.49697503447532654,0.19848157465457916,-0.02777288109064102,0.5590404868125916
3852,42.11406707763672,24.338153839111328,0.49451252818107605,0.19837266206741333,-0.03326169028878212,0.5391031503677368
3853,42.442569732666016,24.70671272277832,0.49303752183914185,0.19823454320430756,-0.0711638554930687,0.5751052498817444
3854,42.3525505065918,24.623275756835938,0.49082502722740173,0.19805265963077545,-0.05503716692328453,0.5865169167518616
3855,42.27567672729492,24.819215774536133,0.4912250339984894,0.1978788673877716,-0.09092114865779877,0.5633993148803711
3856,42.227699279785156,24.424142837524414,0.49403753876686096,0.19776087999343872,-0.09215982258319855,0.5773335695266724
3857,41.94015884399414,23.81834602355957,0.49908751249313354,0.19774283468723297,-0.07853595167398453,0.5762800574302673
3858,42.044532775878906,23.98698616027832,0.502625048160553,0.19779473543167114,-0.1026621162891388,0.6096224188804626
3859,42.19843673706055,24.423458099365234,0.5075500011444092,0.1979440599679947,-0.1169612780213356,0.5761646032333374
3860,42.31781005859375,24.3331298828125,0.5103124976158142,0.1981481909751892,-0.10764162242412567,0.5987189412117004
3861,42.16887664794922,23.76618194580078,0.5111375451087952,0.1983688771724701,-0.06744873523712158,0.6030949354171753
3862,42.003055572509766,23.923221588134766,0.5066125392913818,0.19850005209445953,-0.09698145091533661,0.616902768611908
3863,42.08346176147461,24.438121795654297,0.5047250390052795,0.1985938549041748,-0.08422939479351044,0.5749822854995728
3864,42.175201416015625,24.43444061279297,0.500087559223175,0.1985955834388733,-0.06446336954832077,0.5908816456794739
3865,42.08884048461914,24.225645065307617,0.4973750114440918,0.1985434591770172,-0.06746860593557358,0.5787845253944397
3866,41.93092727661133,23.561298370361328,0.500700056552887,0.19855734705924988,-0.04282015189528465,0.5740529894828796
3867,42.06978225708008,24.522445678710938,0.4935375154018402,0.19842903316020966,-0.05982346460223198,0.5737202763557434
3868,42.231910705566406,24.440040588378906,0.4978500008583069,0.19838637113571167,-0.05714002624154091,0.5661951899528503
3869,42.11824035644531,23.72657012939453,0.49781250953674316,0.19834297895431519,-0.030216088518500328,0.5912216901779175
3870,42.38462829589844,24.71154022216797,0.49886253476142883,0.1983204185962677,-0.03727303817868233,0.5778053998947144
3871,42.032466888427734,23.588401794433594,0.5060750246047974,0.19844089448451996,-0.07376914471387863,0.6045475006103516
3872,42.35741424560547,24.780733108520508,0.4961250424385071,0.1983640044927597,-0.03386685997247696,0.5696247220039368
3873,42.453025817871094,25.254840850830078,0.49887505173683167,0.19834169745445251,-0.07385609298944473,0.5811051726341248
3874,42.780235290527344,25.703598022460938,0.49980005621910095,0.19833773374557495,-0.08778148144483566,0.5943631529808044
3875,42.53424072265625,24.96575355529785,0.5002750754356384,0.1983432024717331,-0.07445447146892548,0.5704294443130493
3876,43.00580978393555,26.032955169677734,0.5001500248908997,0.19834618270397186,-0.09702187031507492,0.5616913437843323
3877,42.296566009521484,24.585363388061523,0.505887508392334,0.19846296310424805,-0.07144458591938019,0.585923433303833
3878,42.28146743774414,24.53066635131836,0.5074000358581543,0.1986098289489746,-0.07836730778217316,0.5708854794502258
3879,42.37078094482422,24.64876937866211,0.5087375044822693,0.19878336787223816,-0.07043502479791641,0.5536602139472961
3880,42.28706741333008,24.08119010925293,0.5042250156402588,0.19886735081672668,-0.052221521735191345,0.599441647529602
3881,42.3717155456543,24.40639877319336,0.5058750510215759,0.19898417592048645,-0.04511966183781624,0.5614400506019592
3882,42.23705291748047,23.85521697998047,0.5093750357627869,0.19917070865631104,-0.05962560698390007,0.617560088634491
3883,42.352577209472656,24.878599166870117,0.49422499537467957,0.19905568659305573,-0.05607568472623825,0.5727267265319824
3884,42.42431640625,25.12385368347168,0.49522507190704346,0.19896063208580017,-0.048028070479631424,0.5729078054428101
3885,42.196075439453125,24.93147850036621,0.48941248655319214,0.19874997437000275,-0.08002249896526337,0.56969153881073
3886,42.63154602050781,25.595914840698242,0.48986250162124634,0.19854849576950073,-0.06439275294542313,0.5883545279502869
3887,42.32172393798828,24.898414611816406,0.49467504024505615,0.19844277203083038,-0.07846241444349289,0.6137572526931763
3888,42.033721923828125,23.778432846069336,0.5059624910354614,0.19856110215187073,-0.09443480521440506,0.5895998477935791
3889,42.224708557128906,24.36362648010254,0.5066624879837036,0.1986933946609497,-0.08513310551643372,0.5993892550468445
3890,41.88837432861328,23.500329971313477,0.5112500190734863,0.19891692698001862,-0.10113468766212463,0.6033845543861389
3891,41.99624252319336,24.159442901611328,0.5111000537872314,0.19913771748542786,-0.07254213094711304,0.593612015247345
3892,42.451229095458984,25.033517837524414,0.5043875575065613,0.19922509789466858,-0.0864608958363533,0.5828980803489685
3893,42.24242401123047,24.779508590698242,0.5014125108718872,0.19925324618816376,-0.08158136159181595,0.6050575375556946
3894,42.30070877075195,24.553497314453125,0.4981750249862671,0.19921688735485077,-0.07515472173690796,0.5959481000900269
3895,42.033233642578125,24.317049026489258,0.49816250801086426,0.19918027520179749,-0.07888071238994598,0.5875180959701538
3896,42.41166305541992,25.205583572387695,0.49422499537467957,0.19906525313854218,-0.07569493353366852,0.5736430287361145
3897,42.261749267578125,24.499711990356445,0.48957502841949463,0.19885772466659546,-0.07636887580156326,0.5780873894691467
3898,42.10062789916992,24.682613372802734,0.4957375228404999,0.19877296686172485,-0.06672375649213791,0.5770266056060791
3899,42.3968391418457,24.824796676635742,0.4945375323295593,0.19866439700126648,-0.07886382192373276,0.5751594305038452
3900,42.23878479003906,24.497695922851562,0.4952750504016876,0.19857053458690643,-0.09004250168800354,0.5750865936279297
3901,42.42171859741211,24.666738510131836,0.5018375515937805,0.19860701262950897,-0.060449372977018356,0.5968801379203796
3902,42.191165924072266,23.977540969848633,0.50923752784729,0.19879047572612762,-0.06644211709499359,0.5789347887039185
3903,42.08259963989258,23.985685348510742,0.5093125104904175,0.1989756077528,-0.07318471372127533,0.596638560295105
3904,41.943023681640625,23.513010025024414,0.5072749853134155,0.19912037253379822,-0.09183835238218307,0.6074439287185669
3905,42.39655303955078,25.103111267089844,0.5032250285148621,0.1991845816373825,-0.05180049315094948,0.5795691013336182
3906,41.88591003417969,23.528043746948242,0.5012500286102295,0.19920949637889862,-0.07194964587688446,0.5806285738945007
3907,42.225040435791016,24.74460792541504,0.49326252937316895,0.19907528162002563,-0.08059822022914886,0.5846023559570312
3908,41.87063217163086,23.834230422973633,0.48756253719329834,0.19882768392562866,-0.10547652840614319,0.5912153720855713
3909,42.69057846069336,25.943641662597656,0.48890000581741333,0.19860698282718658,-0.09849441796541214,0.5747882723808289
3910,42.07099151611328,24.383953094482422,0.48996254801750183,0.1984076350927353,-0.062231846153736115,0.5902679562568665
3911,42.362876892089844,24.61479949951172,0.4975625276565552,0.19835928082466125,-0.07534932345151901,0.600270688533783
3912,41.88158416748047,23.248573303222656,0.49807503819465637,0.19832108914852142,-0.06007106229662895,0.5698072910308838
3913,42.92264175415039,25.94267463684082,0.5014625191688538,0.19835010170936584,-0.05425035208463669,0.5716565251350403
3914,42.70267868041992,25.536144256591797,0.507900059223175,0.19850680232048035,-0.050374750047922134,0.5872682332992554
3915,42.01981735229492,23.971115112304688,0.5095000267028809,0.1986953765153885,-0.05543432757258415,0.5913082957267761
3916,42.17253875732422,24.02826690673828,0.5137250423431396,0.1989680826663971,-0.06745457649230957,0.6383731961250305
3917,42.14382553100586,24.155014038085938,0.5107250809669495,0.1991814821958542,-0.06340668350458145,0.5925926566123962
3918,42.394508361816406,24.956178665161133,0.5013750195503235,0.19920885562896729,-0.08845777064561844,0.5647531151771545
3919,42.21988296508789,24.689456939697266,0.4982375502586365,0.19917374849319458,-0.06400123238563538,0.5978467464447021
3920,41.99919891357422,24.06203842163086,0.4953750669956207,0.1990816295146942,-0.06711048632860184,0.5850096940994263
3921,42.145164489746094,24.22916030883789,0.490912526845932,0.1989007145166397,-0.10439711809158325,0.5594606399536133
3922,42.45582580566406,25.65977668762207,0.4917375147342682,0.19873636960983276,-0.05397576093673706,0.5910285115242004
3923,42.79638671875,25.871644973754883,0.48906251788139343,0.1985190063714981,-0.09202800691127777,0.5915064811706543
3924,42.143226623535156,24.529422760009766,0.4939500391483307,0.1983989030122757,-0.08170865476131439,0.5808899998664856
3925,42.27046585083008,24.552316665649414,0.4988750219345093,0.1983765810728073,-0.060159504413604736,0.5782502293586731
3926,42.11293411254883,24.07219886779785,0.5082125663757324,0.19853949546813965,-0.07621172070503235,0.5943494439125061
3927,42.63237380981445,25.007328033447266,0.509612500667572,0.19873034954071045,-0.09164749830961227,0.6024167537689209
3928,42.02524948120117,23.86163902282715,0.5156000256538391,0.19904036819934845,-0.09708815813064575,0.5865435004234314
3929,41.949432373046875,23.50774383544922,0.5140250325202942,0.199319526553154,-0.08593900501728058,0.598894476890564
3930,41.66938400268555,22.48261070251465,0.5081625580787659,0.19948221743106842,-0.07477135211229324,0.6019807457923889
3931,42.19718551635742,24.236242294311523,0.5007750391960144,0.19949766993522644,-0.08205220848321915,0.6088967323303223
3932,41.95711898803711,23.61607551574707,0.4947625398635864,0.19939318299293518,-0.061648234724998474,0.5783407092094421
3933,42.4996337890625,25.030742645263672,0.4906875193119049,0.19920749962329865,-0.07031676173210144,0.5656972527503967
3934,42.2709846496582,24.567989349365234,0.4874249994754791,0.19895699620246887,-0.11205477267503738,0.5787851810455322
3935,42.2717170715332,24.7750301361084,0.487775057554245,0.1987137794494629,-0.04434344172477722,0.5838389992713928
3936,42.43935775756836,25.1527099609375,0.49133750796318054,0.19854164123535156,-0.06718507409095764,0.5757362842559814
3937,42.61955642700195,25.023298263549805,0.49646252393722534,0.19847141206264496,-0.06011654809117317,0.5606198906898499
3938,42.496734619140625,25.027599334716797,0.5018875598907471,0.1985088586807251,-0.04579073563218117,0.5746278166770935
3939,42.60896682739258,25.19687843322754,0.5106000304222107,0.19871927797794342,-0.06472726911306381,0.5935505628585815
3940,42.24873733520508,24.024072647094727,0.5079750418663025,0.19887775182724,-0.06756860762834549,0.5883060097694397
3941,42.23482131958008,24.296783447265625,0.5087500214576721,0.19905176758766174,-0.07145754247903824,0.6020281910896301
3942,41.93272018432617,23.413837432861328,0.5041875243186951,0.19913512468338013,-0.0672253742814064,0.5804804563522339
3943,42.225799560546875,24.419042587280273,0.5010875463485718,0.1991567760705948,-0.10495612025260925,0.5892961621284485
3944,41.959957122802734,23.39891815185547,0.4987875521183014,0.19913263618946075,-0.07919596880674362,0.5797584056854248
3945,41.959007263183594,23.82256317138672,0.4902999997138977,0.1989394724369049,-0.07492326945066452,0.572357177734375
3946,42.41203308105469,24.895957946777344,0.4921250641345978,0.1987828016281128,-0.078840471804142,0.5998201370239258
3947,41.73556137084961,23.30169677734375,0.4916125237941742,0.19861607253551483,-0.06406649947166443,0.5915001034736633
3948,42.36899948120117,24.882429122924805,0.4951000213623047,0.1985187530517578,-0.07241486012935638,0.5779855847358704
3949,42.309749603271484,24.648632049560547,0.495525062084198,0.1984299123287201,-0.05558100342750549,0.5459819436073303
3950,42.44738006591797,25.07102394104004,0.4956875145435333,0.19834433495998383,-0.04410694167017937,0.5638665556907654
3951,42.74632263183594,25.127016067504883,0.5022375583648682,0.1983887106180191,-0.10208074003458023,0.5709835886955261
3952,42.20442581176758,24.41868019104004,0.5085999965667725,0.19855931401252747,-0.05039156600832939,0.6197810769081116
3953,42.510780334472656,24.784955978393555,0.5106375217437744,0.19877052307128906,-0.07743106782436371,0.595099151134491
3954,42.63418197631836,24.878686904907227,0.5160000324249268,0.19908855855464935,-0.09620309621095657,0.5830209851264954
3955,42.33839797973633,24.252317428588867,0.50947505235672,0.19927719235420227,-0.0742950513958931,0.6184946894645691
3956,42.490413665771484,24.864757537841797,0.5140500664710999,0.19955717027187347,-0.10180280357599258,0.5990887880325317
3957,42.425960540771484,24.624677658081055,0.5050250291824341,0.19965744018554688,-0.0953635722398758,0.5946906208992004
3958,42.33370590209961,24.624309539794922,0.5007374882698059,0.1996721774339676,-0.09432327747344971,0.5964345335960388
3959,41.795066833496094,23.50050163269043,0.5024375319480896,0.1997208595275879,-0.09444089233875275,0.5945611596107483
3960,41.886962890625,23.258630752563477,0.49621254205703735,0.19964522123336792,-0.07938554883003235,0.6067675948143005
3961,42.18251037597656,24.451732635498047,0.49361252784729004,0.19951769709587097,-0.0953323021531105,0.5953630208969116
3962,42.19038391113281,24.662099838256836,0.49045002460479736,0.19932715594768524,-0.07107347249984741,0.6107068657875061
3963,41.810211181640625,23.671295166015625,0.4881000220775604,0.19908995926380157,-0.03787873312830925,0.5455611348152161
3964,42.46650695800781,25.109153747558594,0.49278753995895386,0.19894637167453766,-0.07943104207515717,0.5836696028709412
3965,41.985877990722656,24.11773109436035,0.49818751215934753,0.19891031086444855,-0.05853448063135147,0.5656238198280334
3966,42.58796691894531,25.330575942993164,0.4997875392436981,0.1989060938358307,-0.04719870164990425,0.5638561248779297
3967,42.29143524169922,24.728256225585938,0.5041375160217285,0.1989883929491043,-0.047948870807886124,0.5963480472564697
3968,42.091339111328125,24.118614196777344,0.5047000646591187,0.1990819275379181,-0.0453922376036644,0.6012322306632996
3969,42.209983825683594,24.87793731689453,0.49886250495910645,0.19905929267406464,-0.05846451222896576,0.5768365263938904
3970,42.37419128417969,24.67543601989746,0.4977875351905823,0.19901524484157562,-0.08330994844436646,0.5818533897399902
3971,42.44752883911133,24.6903076171875,0.49812501668930054,0.19897793233394623,-0.08712587505578995,0.5810515880584717
3972,42.18287658691406,24.323190689086914,0.4922500252723694,0.1988237351179123,-0.03237191215157509,0.5631113052368164
3973,42.531005859375,24.932832717895508,0.4912375211715698,0.19864951074123383,-0.05173496529459953,0.5649360418319702
3974,42.4302864074707,24.6749210357666,0.49230003356933594,0.19849655032157898,-0.04262540489435196,0.5764631628990173
3975,42.35525894165039,24.591453552246094,0.49383750557899475,0.19837422668933868,-0.053389325737953186,0.5539298057556152
3976,42.329017639160156,24.655065536499023,0.4943000078201294,0.19826115667819977,-0.02676771581172943,0.5735350251197815
3977,42.13478469848633,24.27232551574707,0.49746251106262207,0.19821085035800934,-0.029962563887238503,0.5744836330413818
3978,42.30670166015625,24.448335647583008,0.5006875395774841,0.1982244849205017,-0.04366800934076309,0.5700700283050537
3979,42.29368209838867,24.656291961669922,0.5037875175476074,0.1982995569705963,-0.09102241694927216,0.5593244433403015
3980,42.10066223144531,24.42497444152832,0.5006625056266785,0.1983126997947693,-0.10564965009689331,0.6004289984703064
3981,42.19314193725586,24.476072311401367,0.49623751640319824,0.1982380896806717,-0.08174648880958557,0.5900056958198547
3982,42.11934280395508,24.184947967529297,0.5016125440597534,0.1982700675725937,-0.10522215068340302,0.6004121899604797
3983,42.371742248535156,25.014225006103516,0.4970000088214874,0.19821058213710785,-0.09837125241756439,0.5737820267677307
3984,42.11246109008789,24.592880249023438,0.5043500065803528,0.19829680025577545,-0.09605135023593903,0.6051453948020935
3985,42.35295486450195,24.876853942871094,0.5016250014305115,0.19832901656627655,-0.11285506188869476,0.5964945554733276
3986,42.16240310668945,24.254989624023438,0.5013999938964844,0.1983567774295807,-0.0706036239862442,0.5855696201324463
3987,42.27117919921875,24.47188377380371,0.5027750730514526,0.19841182231903076,-0.07388509809970856,0.5873172879219055
3988,42.33919143676758,24.32111930847168,0.506225049495697,0.19853533804416656,-0.05628803372383118,0.588878333568573
3989,41.779441833496094,23.00918197631836,0.5044000148773193,0.1986226886510849,-0.06047745794057846,0.5634701251983643
3990,41.812889099121094,23.142629623413086,0.5042625069618225,0.19870735704898834,-0.0684831291437149,0.5674824714660645
3991,42.27543640136719,24.431236267089844,0.4951625466346741,0.19861122965812683,-0.04834926873445511,0.5724727511405945
3992,42.378082275390625,24.951478958129883,0.48493751883506775,0.19831207394599915,-0.06493911892175674,0.5754410028457642
3993,42.30365753173828,24.646028518676758,0.49172502756118774,0.1981479674577713,-0.0684690922498703,0.5522056221961975
3994,42.300254821777344,24.850736618041992,0.4935000240802765,0.19801917672157288,-0.07514545321464539,0.5642896294593811
3995,42.31930160522461,24.757020950317383,0.4926125109195709,0.19787289202213287,-0.06525420397520065,0.5840069055557251
3996,42.7254753112793,25.555593490600586,0.4997125267982483,0.19786721467971802,-0.060529135167598724,0.5704429745674133
3997,42.242794036865234,24.65850067138672,0.5069250464439392,0.19800423085689545,-0.05898657441139221,0.5677539706230164
3998,42.161231994628906,24.19335174560547,0.5096125602722168,0.19819457828998566,-0.057722628116607666,0.5780502557754517
3999,42.24239730834961,24.154565811157227,0.5137125253677368,0.19846636056900024,-0.07564952224493027,0.5947327017784119
4000,42.04776382446289,23.578807830810547,0.515712559223175,0.1987782120704651,-0.0905228778719902,0.5872945189476013
4001,42.15770721435547,24.256309509277344,0.5087250471115112,0.19895164668560028,-0.0730171948671341,0.5869029760360718
4002,42.466949462890625,24.703399658203125,0.5052500367164612,0.19905608892440796,-0.08004405349493027,0.5548141598701477
4003,42.39856719970703,25.337413787841797,0.4990500509738922,0.19903717935085297,-0.041708994656801224,0.5650399327278137
4004,42.390743255615234,24.912084579467773,0.4980875253677368,0.19899910688400269,-0.07429158687591553,0.5820367336273193
4005,42.091949462890625,24.333833694458008,0.4944000244140625,0.1988876760005951,-0.06706357002258301,0.588442325592041
4006,42.45821762084961,25.04193115234375,0.49426254630088806,0.1987735629081726,-0.07930638641119003,0.5769222974777222
4007,42.23857879638672,24.83420181274414,0.49623751640319824,0.19869877398014069,-0.08743549138307571,0.5972576141357422
4008,42.24288558959961,24.836990356445312,0.49761253595352173,0.19865132868289948,-0.05678882822394371,0.5928513407707214
4009,41.64998245239258,23.12404441833496,0.49729999899864197,0.19859768450260162,-0.10329519957304001,0.6006423234939575
4010,42.01187515258789,23.78919792175293,0.4992000460624695,0.19858179986476898,-0.0752778872847557,0.596866250038147
4011,42.137290954589844,23.915876388549805,0.5004374980926514,0.198590487241745,-0.07763098925352097,0.5707160830497742
4012,42.15970230102539,24.532114028930664,0.5001000165939331,0.19859246909618378,-0.07396584004163742,0.5999454259872437
4013,41.84134292602539,23.6695499420166,0.49662503600120544,0.19852544367313385,-0.07674693316221237,0.5748540163040161
4014,42.2393798828125,24.46768569946289,0.49773749709129333,0.1984805315732956,-0.03000234067440033,0.615943193435669
4015,42.50468063354492,25.400348663330078,0.4994625449180603,0.1984698623418808,-0.06656227260828018,0.5637586116790771
4016,42.36723709106445,24.715028762817383,0.5023375153541565,0.19851626455783844,-0.06390280276536942,0.5574372410774231
4017,41.95290756225586,23.41666030883789,0.5007625222206116,0.1985314041376114,-0.03978242725133896,0.5645623207092285
4018,42.264366149902344,24.601110458374023,0.5031124949455261,0.19859319925308228,-0.06115243211388588,0.580887496471405
4019,42.4015007019043,25.054471969604492,0.5021750330924988,0.19863639771938324,-0.01758568361401558,0.5951849222183228
4020,42.27274703979492,24.199676513671875,0.5033125281333923,0.19870220124721527,-0.07281491905450821,0.5700939297676086
4021,42.00605773925781,23.607017517089844,0.49900004267692566,0.19868232309818268,-0.052454959601163864,0.5851342082023621
4022,42.237972259521484,24.567705154418945,0.49822500348091125,0.19864705204963684,-0.09797044843435287,0.5972185134887695
4023,42.50404357910156,25.241748809814453,0.4941375255584717,0.19853058457374573,-0.10040243715047836,0.5782732367515564
4024,42.16363525390625,24.48500633239746,0.5006124973297119,0.1985427439212799,-0.09631067514419556,0.6059649586677551
4025,41.970733642578125,23.723983764648438,0.5063250064849854,0.19866833090782166,-0.10667619109153748,0.6079023480415344
4026,42.282325744628906,24.66033935546875,0.5045375823974609,0.19875846803188324,-0.128496453166008,0.6306276917457581
4027,41.3964958190918,22.402587890625,0.5033625364303589,0.19882531464099884,-0.10717398673295975,0.6020588278770447
4028,42.18489456176758,24.172269821166992,0.4981750547885895,0.19878903031349182,-0.09031559526920319,0.5992487668991089
4029,42.28139114379883,24.616485595703125,0.5002375245094299,0.19879373908042908,-0.08333254605531693,0.584520697593689
4030,42.47197723388672,24.963420867919922,0.5001625418663025,0.19879695773124695,-0.03825874626636505,0.5923145413398743
4031,42.029109954833984,23.81000328063965,0.4977250099182129,0.19875173270702362,-0.07570046186447144,0.5980424880981445
4032,42.54529571533203,25.267642974853516,0.49847498536109924,0.19872142374515533,-0.03632500767707825,0.5757323503494263
4033,42.1961784362793,24.278812408447266,0.4952125549316406,0.19862627983093262,-0.02418478950858116,0.5742171406745911
4034,42.083221435546875,23.755538940429688,0.4926375448703766,0.1984800398349762,-0.016843821853399277,0.5429162383079529
4035,42.501468658447266,25.280439376831055,0.4939124882221222,0.19835922122001648,-0.062446363270282745,0.5594708919525146
4036,42.240901947021484,24.950790405273438,0.4951000213623047,0.198262020945549,-0.06254227459430695,0.5652667284011841
4037,42.29315948486328,24.73454475402832,0.49588754773139954,0.19818048179149628,-0.05500686168670654,0.5646726489067078
4038,42.31648254394531,24.687660217285156,0.5022000074386597,0.19822409749031067,-0.06828296184539795,0.6087957620620728
4039,42.477787017822266,24.731210708618164,0.5046625137329102,0.1983165144920349,-0.07013089209794998,0.5864626169204712
4040,42.118934631347656,23.888164520263672,0.5112375020980835,0.1985393762588501,-0.0749787762761116,0.6008530855178833
4041,42.03324508666992,23.81645965576172,0.5103999972343445,0.19874584674835205,-0.051235027611255646,0.5992618799209595
4042,42.16130447387695,23.877870559692383,0.5088125467300415,0.19892098009586334,-0.04900070279836655,0.5818533301353455
4043,41.848941802978516,23.185714721679688,0.5090625286102295,0.1991012543439865,-0.04817967116832733,0.5784772634506226
4044,42.487030029296875,24.943212509155273,0.5067625045776367,0.19923590123653412,-0.05993926525115967,0.5582024455070496
4045,42.446624755859375,24.565187454223633,0.4936000406742096,0.19910839200019836,-0.010309896431863308,0.5407431125640869
4046,42.26768112182617,24.564353942871094,0.4900375306606293,0.19891002774238586,-0.043048229068517685,0.5544211864471436
4047,42.13923263549805,24.0223331451416,0.4856500029563904,0.1986245959997177,-0.03912016749382019,0.5508549213409424
4048,42.60511779785156,25.517288208007812,0.4841125011444092,0.1983090341091156,-0.06872735917568207,0.5802857875823975
4049,42.59744644165039,25.688451766967773,0.47975003719329834,0.1979074627161026,-0.04210752993822098,0.5592791438102722
4050,42.06526565551758,24.596134185791016,0.4833125174045563,0.19757720828056335,-0.0753503143787384,0.5705597996711731
4051,42.06014633178711,24.327083587646484,0.4896000325679779,0.1973717361688614,-0.06312544643878937,0.6019933223724365
4052,42.14939880371094,24.54702377319336,0.49857503175735474,0.1973436027765274,-0.09389103949069977,0.5923795700073242
4053,42.627017974853516,25.680593490600586,0.504562497138977,0.19743363559246063,-0.09360794723033905,0.5811012983322144
4054,42.68790054321289,25.297487258911133,0.5118250250816345,0.19766710698604584,-0.09093446284532547,0.6335943937301636
4055,42.41382598876953,24.803796768188477,0.516925036907196,0.1980016678571701,-0.08285678178071976,0.606549859046936
4056,42.58443832397461,25.025056838989258,0.5194000601768494,0.1983857899904251,-0.07123810797929764,0.6222560405731201
4057,42.05832290649414,23.42938232421875,0.5149000287055969,0.19868138432502747,-0.043528150767087936,0.6001874208450317
4058,42.494911193847656,24.653987884521484,0.5092250108718872,0.1988646537065506,-0.04777196794748306,0.5876477360725403
4059,42.34090042114258,24.264265060424805,0.5064250230789185,0.19899243116378784,-0.018684998154640198,0.6048101782798767
4060,42.30821990966797,24.377519607543945,0.5022750496864319,0.19903768599033356,-0.037641819566488266,0.5721971988677979
4061,42.47691345214844,25.734737396240234,0.49611255526542664,0.1989603191614151,-0.0520143136382103,0.56046062707901
4062,42.44370651245117,25.274765014648438,0.4904875159263611,0.19877105951309204,-0.02448694407939911,0.5570060610771179
4063,42.39824676513672,25.31196403503418,0.48965001106262207,0.19856533408164978,-0.045083221048116684,0.5591796040534973
4064,42.25791549682617,24.66428565979004,0.49163752794265747,0.19839929044246674,-0.060293667018413544,0.5470603108406067
4065,42.270965576171875,24.669404983520508,0.48770004510879517,0.1981552541255951,-0.0640675351023674,0.5786593556404114
4066,41.897300720214844,23.9204158782959,0.49738752841949463,0.19810348749160767,-0.10489275306463242,0.5479679703712463
4067,42.167293548583984,24.03905487060547,0.5091875195503235,0.19828549027442932,-0.08919760584831238,0.5951298475265503
4068,41.746734619140625,23.234678268432617,0.5063875317573547,0.19841213524341583,-0.11817871779203415,0.6025277376174927
4069,41.981876373291016,23.96953773498535,0.5065749883651733,0.19854260981082916,-0.1007622703909874,0.5918651819229126
4070,41.92539978027344,23.66478729248047,0.5071750283241272,0.19868506491184235,-0.09094315022230148,0.5907019972801208
4071,42.277435302734375,24.705177307128906,0.5016000270843506,0.19871684908866882,-0.10236827284097672,0.5693069100379944
4072,42.43305206298828,25.217504501342773,0.5013124942779541,0.19874292612075806,-0.10632596164941788,0.591284453868866
4073,42.21072006225586,24.816974639892578,0.4945875108242035,0.19863535463809967,-0.09833415597677231,0.5619543790817261
4074,42.102272033691406,24.15896987915039,0.4970000088214874,0.19857576489448547,-0.0654071718454361,0.5764052867889404
4075,42.17643737792969,24.305145263671875,0.49271252751350403,0.19843105971813202,-0.0520465113222599,0.5773056745529175
4076,42.3228874206543,25.063030242919922,0.501550018787384,0.19846181571483612,-0.07640742510557175,0.5662493109703064
4077,42.39383316040039,25.21812629699707,0.49816250801086426,0.19842535257339478,-0.0617925226688385,0.5875411033630371
4078,42.4742431640625,25.503293991088867,0.5002750158309937,0.19843082129955292,-0.0892658457159996,0.5767290592193604
4079,42.224029541015625,24.108583450317383,0.5039875507354736,0.19850994646549225,-0.06338746100664139,0.5926370620727539
4080,42.406410217285156,24.812183380126953,0.502750039100647,0.1985645443201065,-0.03386244922876358,0.618049144744873
4081,42.627891540527344,24.91874122619629,0.497637540102005,0.19851763546466827,-0.07275141030550003,0.5769376754760742
4082,42.177433013916016,23.87540054321289,0.5069750547409058,0.1986560970544815,-0.057887375354766846,0.5633974671363831
4083,41.92414855957031,23.088607788085938,0.5078125,0.19881130754947662,-0.058959756046533585,0.5859791040420532
4084,42.6251335144043,25.516183853149414,0.49791252613067627,0.19876980781555176,-0.048926942050457,0.5613842010498047
4085,42.975067138671875,25.76797866821289,0.5004875063896179,0.19877949357032776,-0.024949850514531136,0.5835310816764832
4086,42.18163299560547,24.098129272460938,0.5006375312805176,0.19879217445850372,-0.05052747577428818,0.5723289847373962
4087,42.01959228515625,23.7371883392334,0.4942125380039215,0.19867712259292603,-0.04830002412199974,0.593797504901886
4088,41.85564041137695,23.319311141967773,0.48992499709129333,0.19847695529460907,-0.06169307231903076,0.5657013058662415
4089,42.011844635009766,23.943513870239258,0.4932250380516052,0.1983424872159958,-0.07130908966064453,0.5699259638786316
4090,42.356651306152344,24.711761474609375,0.48996251821517944,0.19814340770244598,-0.08240105211734772,0.5743767619132996
4091,42.436466217041016,24.95743751525879,0.4847875237464905,0.19784198701381683,-0.06469853222370148,0.5900892019271851
4092,41.7028923034668,23.22085952758789,0.4926750063896179,0.19769707322120667,-0.02754475176334381,0.5778087377548218
4093,41.82438278198242,23.37006187438965,0.49611252546310425,0.1976202130317688,-0.04235149547457695,0.5454375743865967
4094,42.507938385009766,24.96749496459961,0.49535003304481506,0.19752831757068634,-0.06558618694543839,0.5740379691123962
4095,42.23432540893555,24.2235164642334,0.50166255235672,0.19756115972995758,-0.05331364646553993,0.5666583776473999
4096,42.261409759521484,24.204423904418945,0.503837525844574,0.19763697683811188,-0.09066629409790039,0.5772311091423035
4097,42.234954833984375,24.323198318481445,0.4992000460624695,0.1976211667060852,-0.0871024951338768,0.5956397652626038
4098,42.138816833496094,24.326324462890625,0.5060875415802002,0.19774147868156433,-0.06509306281805038,0.6139112710952759
4099,41.88594055175781,23.919723510742188,0.5034375190734863,0.19780945777893066,-0.08235067874193192,0.6005898118019104
4100,42.45790100097656,25.087108612060547,0.499687522649765,0.19780327379703522,-0.060033731162548065,0.580723762512207
4101,42.15111541748047,24.558969497680664,0.4968000054359436,0.19773997366428375,-0.09008775651454926,0.5649829506874084
4102,41.983951568603516,24.159740447998047,0.4953250288963318,0.19764754176139832,-0.0849360004067421,0.5897281765937805
4103,42.26053237915039,24.814659118652344,0.4922875165939331,0.19749511778354645,-0.0850096121430397,0.5901890993118286
4104,41.954681396484375,24.036680221557617,0.49633756279945374,0.1974227875471115,-0.04894309863448143,0.5549193024635315
4105,42.23629379272461,24.190654754638672,0.49681252241134644,0.1973598599433899,-0.06075466796755791,0.6052010655403137
4106,42.16379928588867,24.442251205444336,0.5021000504493713,0.19740131497383118,-0.04431593045592308,0.5830674171447754
4107,42.40213394165039,24.508970260620117,0.5009375214576721,0.19741980731487274,-0.07990779727697372,0.5981334447860718
4108,41.99344253540039,23.45815086364746,0.5082000494003296,0.1975816935300827,-0.05339319631457329,0.5801206231117249
4109,42.30916976928711,24.386014938354492,0.5056750178337097,0.1976938247680664,-0.05663427710533142,0.5832536220550537
4110,41.875083923339844,23.608991622924805,0.5062625408172607,0.1978176236152649,-0.06368999928236008,0.5810153484344482
4111,42.13920593261719,24.47011375427246,0.49937501549720764,0.197805255651474,-0.059562042355537415,0.5812796354293823
4112,42.37110137939453,24.88612937927246,0.5003499984741211,0.19781218469142914,-0.10171786695718765,0.5975134968757629
4113,42.204708099365234,24.62522315979004,0.49880000948905945,0.19778844714164734,-0.05481986328959465,0.5804271697998047
4114,41.96367263793945,23.984146118164062,0.49668753147125244,0.19772294163703918,-0.08408553153276443,0.5886174440383911
4115,42.004058837890625,23.91106605529785,0.49681252241134644,0.1976599097251892,-0.09226789325475693,0.5787359476089478
4116,42.36308288574219,25.12040138244629,0.4947250187397003,0.19755564630031586,-0.0828642025589943,0.5916605591773987
4117,42.256141662597656,24.73059844970703,0.5047249794006348,0.1976490020751953,-0.06935066729784012,0.5835310816764832
4118,42.32645797729492,24.675819396972656,0.5,0.1976490020751953,-0.09470226615667343,0.6066707968711853
4119,42.09442138671875,24.07914924621582,0.5070750117301941,0.19778883457183838,-0.06281770765781403,0.5933073163032532
4120,42.33127975463867,24.342304229736328,0.5109249949455261,0.19800493121147156,-0.037183959037065506,0.5878681540489197
4121,42.202449798583984,24.321374893188477,0.5073000192642212,0.19814948737621307,-0.05461367592215538,0.5883023738861084
4122,42.5662841796875,25.246484756469727,0.5044375061988831,0.19823740422725677,-0.08365075290203094,0.5927630662918091
4123,42.33576965332031,24.486013412475586,0.5088750123977661,0.19841334223747253,-0.09489642828702927,0.587218701839447
4124,42.283145904541016,24.50107765197754,0.5027124881744385,0.19846715033054352,-0.04943811893463135,0.582952618598938
4125,42.60900115966797,25.32888412475586,0.5089625716209412,0.19864502549171448,-0.0553182028234005,0.5772582292556763
4126,42.17504119873047,24.61343765258789,0.5023500323295593,0.1986916959285736,-0.04695124179124832,0.5853530764579773
4127,42.561283111572266,25.19799041748047,0.49935001134872437,0.19867879152297974,-0.06468816101551056,0.5708732008934021
4128,41.87246322631836,23.21530532836914,0.4982125163078308,0.1986432820558548,-0.10241133719682693,0.5770003199577332
4129,42.22282409667969,24.397611618041992,0.49459999799728394,0.1985360085964203,-0.07042387872934341,0.5890308022499084
4130,41.92454528808594,23.636043548583984,0.5013999938964844,0.19856379926204681,-0.04142415151000023,0.5704999566078186
4131,42.39420700073242,24.56804847717285,0.4947875738143921,0.19846029579639435,-0.07324407249689102,0.5849364995956421
4132,42.344024658203125,24.934436798095703,0.4969750642776489,0.19840025901794434,-0.10879825800657272,0.5886602997779846
4133,43.12730026245117,26.513046264648438,0.49512502551078796,0.19830353558063507,0.010921929962933064,0.5562877058982849
4134,42.2349739074707,24.20783042907715,0.49803751707077026,0.19826462864875793,-0.05233168974518776,0.6006757020950317
4135,42.123775482177734,24.39225196838379,0.5027124881744385,0.19831839203834534,-0.06202784180641174,0.5601353645324707
4136,42.43763732910156,24.80669403076172,0.5020000338554382,0.19835805892944336,-0.045138537883758545,0.5683425068855286
4137,42.39488220214844,24.85868263244629,0.4983625113964081,0.19832557439804077,-0.04849137365818024,0.5856958627700806
4138,42.156883239746094,23.839675903320312,0.49648749828338623,0.19825591146945953,-0.06741272658109665,0.5779168605804443
4139,42.664466857910156,25.543289184570312,0.5009125471115112,0.19827401638031006,-0.07801651209592819,0.5890835523605347
4140,42.36935043334961,24.643508911132812,0.5085750222206116,0.19844402372837067,-0.08530938625335693,0.5879175066947937
4141,42.24156951904297,24.22606658935547,0.5050875544548035,0.19854499399662018,-0.07989354431629181,0.5797683596611023
4142,42.323814392089844,24.502063751220703,0.507312536239624,0.19869017601013184,-0.08152363449335098,0.5858849287033081
4143,42.59856033325195,25.172513961791992,0.50371253490448,0.19876393675804138,-0.08455590903759003,0.5961518287658691
4144,42.05019760131836,23.960227966308594,0.5048125386238098,0.1988595873117447,-0.07775690406560898,0.5923563838005066
4145,42.15677261352539,24.052478790283203,0.5001750588417053,0.19886307418346405,-0.08477823436260223,0.5934222340583801
4146,42.505516052246094,24.98341178894043,0.49851253628730774,0.19883349537849426,-0.05411677062511444,0.5928639769554138
4147,42.54373550415039,24.943143844604492,0.5018125176429749,0.198869526386261,-0.06939949095249176,0.5890055298805237
4148,42.33344268798828,24.76056671142578,0.5003250241279602,0.19887599349021912,-0.06427709758281708,0.5815366506576538
4149,42.52738571166992,24.850566864013672,0.5001500248908997,0.19887897372245789,-0.05802467092871666,0.5820637941360474
4150,41.77640914916992,23.242267608642578,0.4974375367164612,0.19882801175117493,-0.013796299695968628,0.57879638671875
4151,42.093109130859375,23.983997344970703,0.49633756279945374,0.1987551897764206,-0.055356431752443314,0.6010395884513855
4152,42.10166549682617,23.863826751708984,0.4923500418663025,0.19860315322875977,-0.04129953682422638,0.5798078775405884
4153,42.44394302368164,25.34050178527832,0.4913250207901001,0.1984308660030365,-0.05568718537688255,0.575024425983429
4154,41.91469955444336,23.733562469482422,0.4928375482559204,0.19828873872756958,-0.04501418396830559,0.5571396946907043
4155,42.08085632324219,24.182743072509766,0.4984000027179718,0.19825701415538788,-0.04482418671250343,0.5720280408859253
4156,42.328590393066406,24.500263214111328,0.4948750138282776,0.19815541803836823,-0.08836384117603302,0.5648350715637207
4157,42.61588668823242,25.395015716552734,0.4958500266075134,0.19807319343090057,-0.057105012238025665,0.5808718204498291
4158,42.359046936035156,25.110309600830078,0.49355000257492065,0.19794544577598572,-0.03644757345318794,0.5841387510299683
4159,42.214962005615234,24.56332778930664,0.4982500374317169,0.19791080057621002,-0.08794519305229187,0.5561635494232178
4160,42.25654983520508,24.176176071166992,0.5026000142097473,0.19796225428581238,-0.06343124061822891,0.5915431380271912
4161,42.64185333251953,25.409460067749023,0.505050003528595,0.1980622261762619,-0.07280717045068741,0.5735481977462769
4162,42.286766052246094,24.559589385986328,0.5113875269889832,0.19828778505325317,-0.08392691612243652,0.5773796439170837
4163,42.304115295410156,24.522266387939453,0.5107250213623047,0.19850045442581177,-0.04417728632688522,0.5673766136169434
4164,41.93470764160156,23.68138313293457,0.5089500546455383,0.198678120970726,-0.08806238323450089,0.5985679626464844
4165,42.19829177856445,24.196611404418945,0.50347501039505,0.1987471580505371,-0.055898092687129974,0.5799326300621033
4166,42.16031265258789,24.13839340209961,0.503587543964386,0.19881844520568848,-0.04690999910235405,0.5890992283821106
4167,41.80284118652344,23.393444061279297,0.4997125566005707,0.19881273806095123,-0.05404201149940491,0.5977885723114014
4168,42.04323196411133,24.15218734741211,0.4936875104904175,0.19868722558021545,-0.08420257270336151,0.5823127627372742
4169,42.6316032409668,25.75774383544922,0.4862000346183777,0.19841304421424866,-0.06284582614898682,0.5554506182670593
4170,42.34123229980469,24.9034481048584,0.48725003004074097,0.1981600672006607,-0.05051424726843834,0.5750896334648132
4171,42.22306823730469,24.496553421020508,0.49691253900527954,0.19809888303279877,-0.06979864835739136,0.570615291595459
4172,42.36409378051758,24.794851303100586,0.4928625524044037,0.19795748591423035,-0.07168401032686234,0.596523642539978
4173,42.1879997253418,24.522138595581055,0.5029875636100769,0.19801662862300873,-0.07108838856220245,0.5619942545890808
4174,42.62466049194336,25.501995086669922,0.5000874996185303,0.19801835715770721,-0.06543824076652527,0.5791258215904236
4175,42.321998596191406,24.493688583374023,0.5091875195503235,0.1982002854347229,-0.04964118450880051,0.5804304480552673
4176,42.332210540771484,24.35169219970703,0.5117000341415405,0.19843219220638275,-0.027979549020528793,0.6111475825309753
4177,41.97114562988281,23.76461410522461,0.5110000371932983,0.19865047931671143,-0.06244326010346413,0.5788444876670837
4178,42.07960891723633,23.739891052246094,0.5108250379562378,0.19886553287506104,-0.05237884819507599,0.6031082272529602
4179,42.173274993896484,24.444610595703125,0.5097750425338745,0.19905993342399597,-0.08344084769487381,0.5830087661743164
4180,42.383907318115234,24.92372703552246,0.5008375644683838,0.19907662272453308,-0.0647558942437172,0.5999230146408081
4181,42.322967529296875,24.96293830871582,0.4967000484466553,0.1990109384059906,-0.05982547998428345,0.5774654746055603
4182,42.329368591308594,25.107770919799805,0.48600003123283386,0.19873233139514923,-0.0727488249540329,0.5794960856437683
4183,42.11297607421875,24.4032039642334,0.49505001306533813,0.19863395392894745,-0.048801783472299576,0.5837390422821045
4184,41.850399017333984,23.69760513305664,0.49217501282691956,0.19847851991653442,-0.09586505591869354,0.5910664796829224
4185,41.720726013183594,23.001461029052734,0.49362504482269287,0.19835199415683746,-0.06649543344974518,0.5822056531906128
4186,41.76420974731445,23.335777282714844,0.4933125674724579,0.19821934401988983,-0.0846560150384903,0.5921921133995056
4187,42.321136474609375,24.496997833251953,0.49580004811286926,0.1981360912322998,-0.062244560569524765,0.5567877888679504
4188,41.91556167602539,23.56932830810547,0.5016375184059143,0.19816854596138,-0.03905940428376198,0.5928078889846802
4189,42.39229965209961,25.05378532409668,0.5001749992370605,0.19817201793193817,-0.04937989264726639,0.5829073786735535
4190,42.30659103393555,24.442943572998047,0.5040500164031982,0.19825227558612823,-0.04820723086595535,0.5868631601333618
4191,41.864990234375,23.780323028564453,0.5003875494003296,0.19825994968414307,-0.038647692650556564,0.5852762460708618
4192,42.25925064086914,24.493993759155273,0.5001500248908997,0.19826292991638184,-0.06373848021030426,0.5567594170570374
4193,42.26692581176758,24.501697540283203,0.49900001287460327,0.19824309647083282,-0.05098101124167442,0.5749415755271912
4194,42.23518753051758,24.267330169677734,0.49963754415512085,0.1982359141111374,-0.07984418421983719,0.597080647945404
4195,42.30379104614258,24.747344970703125,0.49285003542900085,0.1980941742658615,-0.05631999671459198,0.5606529116630554
4196,41.98836135864258,24.101781845092773,0.49742501974105835,0.19804316759109497,-0.011209121905267239,0.5862352848052979
4197,42.66020584106445,25.943927764892578,0.49540001153945923,0.1979520618915558,-0.04783954098820686,0.5843623876571655
4198,41.96147537231445,24.24656867980957,0.49676254391670227,0.19788797199726105,-0.05498456954956055,0.5685128569602966
4199,42.29118347167969,24.625635147094727,0.49666255712509155,0.19782193005084991,-0.0756978914141655,0.5687450170516968
4200,42.14151382446289,24.2497615814209,0.4936375319957733,0.19769607484340668,-0.04124848172068596,0.5497007966041565
4201,42.43899154663086,24.8923282623291,0.5004000067710876,0.1977039873600006,-0.04986059293150902,0.5817340612411499
4202,42.470951080322266,24.706031799316406,0.5043625235557556,0.1977902501821518,-0.04328712821006775,0.5789301991462708
4203,42.300785064697266,24.732303619384766,0.5073375701904297,0.19793537259101868,-0.061483271420001984,0.5855308771133423
4204,42.369117736816406,24.461599349975586,0.5049125552177429,0.19803261756896973,-0.042572442442178726,0.6039385199546814
4205,42.46125411987305,24.99532127380371,0.5082375407218933,0.19819574058055878,-0.05649534985423088,0.5820916295051575
4206,42.05656433105469,23.81329345703125,0.5015625357627869,0.1982267200946808,-0.052268095314502716,0.5649150609970093
4207,42.215370178222656,24.024761199951172,0.5065500140190125,0.19835656881332397,-0.0727444663643837,0.5899465084075928
4208,42.51554489135742,25.18827247619629,0.5022875070571899,0.19840194284915924,-0.0592845119535923,0.5845351815223694
4209,42.547325134277344,24.904170989990234,0.5019375085830688,0.19844037294387817,-0.05866316333413124,0.5738303661346436
4210,42.075157165527344,23.65520477294922,0.5018375515937805,0.19847682118415833,-0.0605018325150013,0.5965747833251953
4211,42.28515625,24.131153106689453,0.5024625062942505,0.19852569699287415,-0.08721117675304413,0.581605076789856
4212,41.969573974609375,23.788049697875977,0.49775001406669617,0.198481023311615,-0.09252475202083588,0.5743348598480225
4213,41.88822555541992,23.70673942565918,0.498262494802475,0.19844654202461243,-0.06501611322164536,0.5845689177513123
4214,42.24472427368164,24.319965362548828,0.500087559223175,0.1984482705593109,-0.05166153982281685,0.5710309147834778
4215,42.090370178222656,24.071636199951172,0.495650053024292,0.19836194813251495,-0.10690183192491531,0.5685656070709229
4216,41.87592697143555,23.496475219726562,0.5003874897956848,0.19836963713169098,-0.08225255459547043,0.586880087852478
4217,42.714359283447266,25.426576614379883,0.5022125244140625,0.19841352105140686,-0.1108730137348175,0.5897793173789978
4218,42.12833023071289,24.16287612915039,0.5007750391960144,0.1984288990497589,-0.06885397434234619,0.5992225408554077
4219,41.94245147705078,23.510910034179688,0.4979000389575958,0.1983872354030609,-0.054872479289770126,0.5985433459281921
4220,42.235652923583984,24.742441177368164,0.5063125491142273,0.198512464761734,-0.06302502006292343,0.5593206286430359
4221,42.01607894897461,23.864925384521484,0.5092625617980957,0.1986963450908661,-0.0544356107711792,0.589917778968811
4222,42.10388946533203,24.277639389038086,0.5024875402450562,0.19874577224254608,-0.06156983971595764,0.6061937808990479
4223,41.88660430908203,23.485179901123047,0.5018250942230225,0.1987820416688919,-0.07982613146305084,0.5848870873451233
4224,42.21238708496094,24.185094833374023,0.49902501702308655,0.1987626552581787,-0.061131950467824936,0.597242534160614
4225,42.356266021728516,25.145015716552734,0.49211251735687256,0.19860588014125824,-0.09169035404920578,0.5702741742134094
4226,42.085479736328125,24.09691047668457,0.49375003576278687,0.1984817534685135,-0.07773096859455109,0.5911626815795898
4227,42.32637023925781,24.709280014038086,0.49611252546310425,0.19840459525585175,-0.08751320093870163,0.5835517048835754
4228,41.95344924926758,23.807825088500977,0.4994250535964966,0.19839318096637726,-0.08777334541082382,0.5889989733695984
4229,42.394187927246094,25.065521240234375,0.5024999976158142,0.19844277203083038,-0.07464878261089325,0.5797512531280518
4230,42.178489685058594,23.871797561645508,0.5068375468254089,0.19857846200466156,-0.03936409577727318,0.5894664525985718
4231,42.235931396484375,24.265954971313477,0.5082625150680542,0.19874253869056702,-0.07088896632194519,0.5861344337463379
4232,42.4046516418457,24.81493377685547,0.5038500428199768,0.19881907105445862,-0.05381730943918228,0.5725192427635193
4233,42.23907470703125,23.870044708251953,0.5121875405311584,0.19906139373779297,-0.06160848215222359,0.5753757953643799
4234,42.24750518798828,24.20101547241211,0.5004500150680542,0.19907036423683167,-0.04590218886733055,0.578421950340271
4235,42.480918884277344,24.898303985595703,0.4993875026702881,0.1990581601858139,-0.030763166025280952,0.5740507245063782
4236,42.20109939575195,24.013078689575195,0.4967000484466553,0.19899247586727142,-0.05215226486325264,0.5722144246101379
4237,42.09459686279297,24.25373649597168,0.4932875335216522,0.19885890185832977,-0.0703912004828453,0.5732255578041077
4238,42.14390563964844,24.27658462524414,0.48809999227523804,0.19862225651741028,-0.06278705596923828,0.5606623291969299
4239,42.5400505065918,24.88784408569336,0.490012526512146,0.19842389225959778,-0.06315964460372925,0.5774781107902527
4240,42.38469314575195,25.20049285888672,0.49383753538131714,0.19830161333084106,-0.058795057237148285,0.5755398869514465
4241,42.047462463378906,24.37023162841797,0.4963250458240509,0.19822873175144196,-0.06203088536858559,0.5793278217315674
4242,42.23248291015625,24.37208366394043,0.49223753809928894,0.19807486236095428,-0.04488339275121689,0.5657651424407959
4243,42.704978942871094,25.40269660949707,0.49676254391670227,0.19801072776317596,-0.038578543812036514,0.5746268033981323
4244,42.19314193725586,24.178146362304688,0.4979749917984009,0.19797062873840332,-0.06137609854340553,0.5622752904891968
4245,42.42802429199219,24.866762161254883,0.4960375130176544,0.1978921890258789,-0.02639460563659668,0.5785167217254639
4246,42.31851577758789,24.263986587524414,0.5028375387191772,0.19794833660125732,-0.027653753757476807,0.566165566444397
4247,42.378883361816406,24.715656280517578,0.5017375349998474,0.19798274338245392,-0.03336569294333458,0.58240807056427
4248,42.52106475830078,24.955371856689453,0.5055625438690186,0.19809286296367645,-0.05872688442468643,0.5484744906425476
4249,41.95927429199219,23.710556030273438,0.5036875009536743,0.1981659084558487,-0.06547047942876816,0.5779382586479187
4250,42.51576232910156,24.57050895690918,0.5002874732017517,0.19817160069942474,-0.04975849762558937,0.5973391532897949
4251,41.75321578979492,23.280027389526367,0.5022374987602234,0.19821594655513763,-0.05955566465854645,0.6075006127357483
4252,42.10165023803711,24.071029663085938,0.49492505192756653,0.19811536371707916,-0.08903700113296509,0.5843666791915894
4253,42.01063537597656,24.17292022705078,0.49595004320144653,0.1980351209640503,-0.06429174542427063,0.5903258919715881
4254,42.034820556640625,24.092166900634766,0.4921625256538391,0.19787991046905518,-0.07495855540037155,0.5782613754272461
4255,42.25156784057617,24.735227584838867,0.4950500428676605,0.19778195023536682,-0.08916224539279938,0.5748158693313599
4256,42.710975646972656,25.35326385498047,0.4974500238895416,0.19773152470588684,-0.07749007642269135,0.5974673628807068
4257,42.48649215698242,24.71183967590332,0.4940875470638275,0.1976146250963211,-0.0743120089173317,0.5763525366783142
4258,42.22060012817383,24.31064224243164,0.5063624978065491,0.1977403461933136,-0.024004802107810974,0.6066014766693115
4259,41.74528884887695,22.942617416381836,0.5097500085830688,0.1979331523180008,-0.09309614449739456,0.6081660389900208
4260,42.209144592285156,24.151323318481445,0.506812572479248,0.19806800782680511,-0.08004207164049149,0.6147221326828003
4261,41.997310638427734,24.079187393188477,0.5080500245094299,0.19822745025157928,-0.11238805949687958,0.6017428636550903
4262,41.657432556152344,23.10734748840332,0.5046125650405884,0.19831888377666473,-0.08080393075942993,0.5810244083404541
4263,41.90507125854492,23.832136154174805,0.4979000389575958,0.19827723503112793,-0.10091152042150497,0.5960177779197693
4264,41.956790924072266,24.25103187561035,0.4931250214576721,0.1981409192085266,-0.09100522845983505,0.5826369524002075
4265,41.92045974731445,23.690914154052734,0.4915499985218048,0.19797348976135254,-0.06895631551742554,0.5700862407684326
4266,42.2758903503418,24.883337020874023,0.4886375367641449,0.19774854183197021,-0.06892377138137817,0.5790919065475464
4267,42.25768280029297,24.45600700378418,0.4949500262737274,0.19764868915081024,-0.07717287540435791,0.5612149238586426
4268,42.12220764160156,24.127099990844727,0.49707502126693726,0.1975908875465393,-0.05185696855187416,0.5370387434959412
4269,42.18449401855469,24.268558502197266,0.4984250068664551,0.19755977392196655,-0.038428351283073425,0.5561306476593018
4270,42.09360122680664,24.120569229125977,0.5015125274658203,0.1975896656513214,-0.034275222569704056,0.5884916186332703
4271,42.03983688354492,23.63738441467285,0.5041500329971313,0.19767165184020996,-0.046054545789957047,0.5767278671264648
4272,42.127742767333984,24.190824508666992,0.5047374963760376,0.1977652907371521,-0.07768743485212326,0.5851731896400452
4273,41.7796516418457,22.86652374267578,0.5058500170707703,0.19788096845149994,-0.0885029137134552,0.5892002582550049
4274,41.87251663208008,23.294437408447266,0.5046625137329102,0.19797322154045105,-0.12830977141857147,0.5816707015037537
4275,41.97258377075195,23.751789093017578,0.5095750093460083,0.19816277921199799,-0.07027455419301987,0.5976237058639526
4276,42.33717727661133,24.64228630065918,0.5067875385284424,0.19829729199409485,-0.07919451594352722,0.5822882056236267
4277,41.915992736816406,23.677705764770508,0.501550018787384,0.19832801818847656,-0.09087930619716644,0.5926553606987
4278,41.79930877685547,23.757535934448242,0.4940875172615051,0.19821074604988098,-0.07368449121713638,0.6085017323493958
4279,42.25733947753906,25.089630126953125,0.4943750202655792,0.1980992555618286,-0.06606961041688919,0.5815910696983337
4280,42.27766036987305,24.231346130371094,0.49613749980926514,0.1980227380990982,-0.09120365977287292,0.5790256261825562
4281,42.00601577758789,24.150440216064453,0.4961625337600708,0.19794675707817078,-0.08255650103092194,0.5533612370491028
4282,42.334442138671875,24.633663177490234,0.4931875169277191,0.19781191647052765,-0.04335040971636772,0.5766652226448059
4283,42.616539001464844,25.588756561279297,0.49375003576278687,0.1976882815361023,-0.05442213639616966,0.5864916443824768
4284,42.19071578979492,24.222604751586914,0.4974375367164612,0.1976376324892044,-0.03934060037136078,0.5668772459030151
4285,42.22007369995117,24.477642059326172,0.5004500150680542,0.19764654338359833,-0.02865705080330372,0.5627428889274597
4286,42.089054107666016,23.92513084411621,0.49800002574920654,0.19760702550411224,-0.06818278878927231,0.5940764546394348
4287,42.11672592163086,23.796398162841797,0.5060875415802002,0.19772732257843018,-0.057181134819984436,0.5851551294326782
4288,42.18135070800781,23.993539810180664,0.5018500089645386,0.19776390492916107,-0.040183741599321365,0.580268383026123
4289,42.64604949951172,25.10957145690918,0.4990500211715698,0.19774511456489563,-0.04081755504012108,0.5773791670799255
4290,42.08332443237305,23.99964141845703,0.4974750578403473,0.19769518077373505,-0.048360858112573624,0.5623797178268433
4291,42.020809173583984,23.817033767700195,0.4994250237941742,0.19768381118774414,-0.06635388731956482,0.5894319415092468
4292,42.47600555419922,25.02174186706543,0.499562531709671,0.1976751685142517,-0.02298998460173607,0.5918099880218506
4293,42.38789367675781,24.678686141967773,0.49650001525878906,0.19760598242282867,-0.08285526186227798,0.5989079475402832
4294,42.17343521118164,24.496370315551758,0.5043125152587891,0.19769121706485748,-0.08055485039949417,0.5858386754989624
4295,42.22975158691406,24.658245086669922,0.5052375197410583,0.19779476523399353,-0.035595592111349106,0.5879974365234375
4296,42.38262939453125,24.735713958740234,0.5102750658988953,0.19799798727035522,-0.08713295310735703,0.5944558382034302
4297,42.24639892578125,24.465656280517578,0.5093500018119812,0.1981831043958664,-0.1127861961722374,0.568768322467804
4298,42.177860260009766,23.95985984802246,0.5075874924659729,0.1983334720134735,-0.10904301702976227,0.602481484413147
4299,42.275760650634766,24.3704776763916,0.5105875730514526,0.1985434740781784,-0.08825161308050156,0.6073113679885864
4300,41.74403381347656,23.24738121032715,0.5088625550270081,0.19871942698955536,-0.0827644020318985,0.6012430787086487
4301,42.1436653137207,24.33925437927246,0.5063375234603882,0.19884535670280457,-0.10025098919868469,0.5832008719444275
4302,42.14006805419922,24.18054962158203,0.5021625757217407,0.19888836145401,-0.05834406614303589,0.604926586151123
4303,41.975833892822266,23.771316528320312,0.49832504987716675,0.19885504245758057,-0.04625505208969116,0.5713916420936584
4304,42.39670944213867,25.090124130249023,0.4924500286579132,0.19870489835739136,-0.07420308142900467,0.5619643926620483
4305,41.586509704589844,23.192304611206055,0.49377503991127014,0.19858120381832123,-0.05439285188913345,0.5813066363334656
4306,41.84092712402344,23.55288314819336,0.4895875155925751,0.1983744353055954,-0.041030872613191605,0.5740275382995605
4307,42.63443374633789,25.47624397277832,0.4920375347137451,0.1982164829969406,-0.06909409165382385,0.5754550695419312
4308,42.024017333984375,24.097810745239258,0.4924500286579132,0.1980668306350708,-0.03601415827870369,0.5847724676132202
4309,42.252784729003906,24.34255027770996,0.49605000019073486,0.1979885995388031,-0.052548836916685104,0.573559045791626
4310,42.313575744628906,24.46922492980957,0.49716249108314514,0.1979324221611023,-0.04767533019185066,0.5681716799736023
4311,41.864017486572266,23.68718719482422,0.5001624822616577,0.19793562591075897,-0.07767990231513977,0.5740013122558594
4312,42.50798416137695,25.01323890686035,0.5007374882698059,0.19795022904872894,-0.07495169341564178,0.5759243965148926
4313,42.33945846557617,24.771780014038086,0.5025500059127808,0.1980006992816925,-0.05970875918865204,0.5837815403938293
4314,42.20240020751953,24.255891799926758,0.5057500004768372,0.1981145441532135,-0.0922204926609993,0.5855928063392639
4315,42.23978042602539,24.249990463256836,0.5032000541687012,0.19817793369293213,-0.07389436662197113,0.5809291005134583
4316,42.42029571533203,24.815763473510742,0.5069875717163086,0.19831642508506775,-0.06064143404364586,0.5732225775718689
4317,42.08074951171875,23.83274269104004,0.504800021648407,0.19841162860393524,-0.0433737076818943,0.5636374354362488
4318,42.172115325927734,23.935821533203125,0.5066125392913818,0.19854283332824707,-0.031249307096004486,0.602561891078949
4319,42.15432357788086,24.067283630371094,0.5029625296592712,0.1986016482114792,-0.04950937628746033,0.5768465399742126
4320,42.044071197509766,24.406076431274414,0.5004500150680542,0.1986106038093567,-0.09618630260229111,0.5889464616775513
4321,42.3046989440918,24.34202003479004,0.4976624846458435,0.19856417179107666,-0.06058906763792038,0.5635542869567871
4322,42.41775131225586,25.40178680419922,0.499750018119812,0.1985592097043991,-0.08133949339389801,0.5797443985939026
4323,42.50301742553711,25.470624923706055,0.5000500082969666,0.1985602080821991,-0.06368622183799744,0.5818954110145569
4324,42.44689178466797,25.387226104736328,0.5014500021934509,0.1985889971256256,-0.060193225741386414,0.5749664306640625
4325,41.93667984008789,24.076568603515625,0.49982500076293945,0.19858551025390625,-0.08776715397834778,0.6093431711196899
4326,42.96969985961914,26.39325523376465,0.5023249983787537,0.1986316740512848,-0.06916400790214539,0.5755051374435425
4327,42.14444351196289,24.26464080810547,0.5090625286102295,0.19881168007850647,-0.09062575548887253,0.6042832136154175
4328,42.3568229675293,24.405086517333984,0.507687509059906,0.19896452128887177,-0.06998253613710403,0.6059252023696899
4329,42.35826873779297,24.879297256469727,0.5148875117301941,0.19926074147224426,-0.05072886869311333,0.5720936059951782
4330,42.090782165527344,23.858112335205078,0.5125374794006348,0.19951055943965912,-0.04504023864865303,0.5646730065345764
4331,42.30373001098633,24.3275203704834,0.5069375038146973,0.19964897632598877,-0.04814695939421654,0.6017578840255737
4332,42.205074310302734,24.45787239074707,0.5034375190734863,0.19971761107444763,-0.04143942520022392,0.5703441500663757
4333,42.512535095214844,25.086544036865234,0.4945625364780426,0.19960901141166687,-0.06965502351522446,0.5760271549224854
4334,42.37913513183594,24.73489761352539,0.4934500455856323,0.19947826862335205,-0.04439553990960121,0.59773188829422
4335,42.318904876708984,24.7718505859375,0.4907500147819519,0.19929374754428864,-0.09392236918210983,0.5826210379600525
4336,41.878475189208984,24.089771270751953,0.4883125126361847,0.1990608274936676,-0.11123966425657272,0.5818929076194763
4337,42.308990478515625,24.800588607788086,0.49213752150535583,0.19890432059764862,-0.042257364839315414,0.591677188873291
4338,42.1298828125,23.815034866333008,0.49563753604888916,0.19881755113601685,-0.0699857696890831,0.5511320233345032
4339,42.423912048339844,25.157447814941406,0.5007250308990479,0.1988319605588913,-0.07985009253025055,0.6021709442138672
4340,41.967750549316406,23.563352584838867,0.5045999884605408,0.19892342388629913,-0.06960690766572952,0.5789909958839417
4341,42.85292434692383,25.434043884277344,0.5091875195503235,0.19910618662834167,-0.03696722537279129,0.5889303088188171
4342,42.54665756225586,24.297611236572266,0.5117500424385071,0.19934014976024628,-0.05816992372274399,0.5829934477806091
4343,42.758121490478516,25.652698516845703,0.5120625495910645,0.1995806097984314,-0.04066573083400726,0.6019110083580017
4344,42.10240936279297,23.89052963256836,0.5067125558853149,0.19971458613872528,-0.0643988847732544,0.6023836731910706
4345,42.0633430480957,24.192052841186523,0.4990125298500061,0.19969485700130463,-0.027537185698747635,0.5624384880065918
4346,42.28819274902344,24.224233627319336,0.4969500005245209,0.19963395595550537,-0.044111840426921844,0.5740169882774353
4347,42.359375,24.88506317138672,0.48468753695487976,0.19932827353477478,-0.0639927014708519,0.5749131441116333
4348,42.445621490478516,25.718114852905273,0.4922500252723694,0.19917379319667816,-0.08240872621536255,0.5667399764060974
4349,42.4473762512207,25.11004066467285,0.49111250042915344,0.19899676740169525,-0.0890561044216156,0.6018890738487244
4350,42.0672492980957,23.75455665588379,0.4936625361442566,0.19887065887451172,-0.10459242016077042,0.59843510389328
4351,42.382545471191406,24.841245651245117,0.49326252937316895,0.19873666763305664,-0.07238908857107162,0.5927402973175049
4352,42.0784797668457,24.28683090209961,0.5013750195503235,0.19876398146152496,-0.03312288224697113,0.5700141191482544
4353,42.641639709472656,24.99718475341797,0.5099375247955322,0.19896149635314941,-0.05926996469497681,0.5706050992012024
4354,41.927799224853516,23.366493225097656,0.5104625225067139,0.19916966557502747,-0.033563051372766495,0.5942375063896179
4355,42.64624786376953,25.272016525268555,0.5085625052452087,0.19934020936489105,-0.03231191262602806,0.5595797300338745
4356,42.6607666015625,24.84261131286621,0.5096125602722168,0.19953183829784393,-0.030611779540777206,0.5683558583259583
4357,42.21736526489258,23.889719009399414,0.5036375522613525,0.19960440695285797,-0.02448239177465439,0.5835617184638977
4358,42.58082580566406,25.10024070739746,0.5017125010490417,0.19963860511779785,-0.022098680958151817,0.5616346001625061
4359,42.19995880126953,24.591827392578125,0.4927000403404236,0.19949287176132202,-0.024875981733202934,0.601554811000824
4360,42.16870880126953,24.13858413696289,0.49380001425743103,0.19936919212341309,-0.06658713519573212,0.5831180810928345
4361,42.19966125488281,24.34241485595703,0.4940500557422638,0.19925057888031006,-0.08229336887598038,0.5879079103469849
4362,42.13090133666992,24.36400604248047,0.4912625253200531,0.19907648861408234,-0.08341914415359497,0.5751871466636658
4363,41.942134857177734,24.08070945739746,0.4998500645160675,0.19907349348068237,-0.09937571734189987,0.588233232498169
4364,42.12063217163086,24.097496032714844,0.4962000250816345,0.1989978551864624,-0.09389291703701019,0.5926895141601562
4365,42.601593017578125,25.28986358642578,0.49660006165504456,0.19893020391464233,-0.09562034159898758,0.607623815536499
4366,42.223358154296875,24.47640609741211,0.4983125329017639,0.1988966315984726,-0.05998659133911133,0.5759902000427246
4367,42.233055114746094,24.329553604125977,0.5022875070571899,0.1989421248435974,-0.0654531866312027,0.6118009686470032
4368,42.1475944519043,24.29206085205078,0.49550002813339233,0.19885259866714478,-0.024053044617176056,0.5672677159309387
4369,42.254737854003906,24.371652603149414,0.5001500248908997,0.19885557889938354,-0.017221171408891678,0.5627422332763672
4370,42.07179260253906,23.76987075805664,0.49740004539489746,0.1988038718700409,-0.03124394454061985,0.5870022177696228
4371,42.07364273071289,24.04463005065918,0.4961625039577484,0.1987275779247284,-0.04143737256526947,0.5568369626998901
4372,41.748191833496094,22.892911911010742,0.4952125549316406,0.19863243401050568,-0.026970844715833664,0.5740650296211243
4373,42.1981201171875,24.45931053161621,0.4842875301837921,0.19832032918930054,-0.04788116738200188,0.564883291721344
4374,41.935401916503906,23.752639770507812,0.48442503809928894,0.19801145792007446,-0.09265156835317612,0.5536245703697205
4375,42.595787048339844,25.533668518066406,0.4868125319480896,0.19775032997131348,-0.09065545350313187,0.5849637985229492
4376,42.092166900634766,24.201305389404297,0.4926750063896179,0.19760547578334808,-0.08220656216144562,0.5753102898597717
4377,42.39029312133789,24.651226043701172,0.5014750361442566,0.19763462245464325,-0.08881792426109314,0.5623825192451477
4378,42.18852233886719,24.00479507446289,0.503962516784668,0.19771292805671692,-0.0917806476354599,0.5964887142181396
4379,42.36506652832031,24.777854919433594,0.5096375346183777,0.19790348410606384,-0.10155380517244339,0.5865423083305359
4380,42.34364318847656,24.824623107910156,0.5087875127792358,0.19807741045951843,-0.06911224126815796,0.6079443097114563
4381,41.93959045410156,23.64932632446289,0.5117375254631042,0.19830989837646484,-0.0769922137260437,0.5677187442779541
4382,42.59806823730469,24.68511199951172,0.5109125375747681,0.1985263079404831,-0.06722189486026764,0.6078907251358032
4383,42.277034759521484,24.699678421020508,0.5035000443458557,0.19859579205513,-0.05786432325839996,0.5813804864883423
4384,42.50162887573242,24.617795944213867,0.49709999561309814,0.19853819906711578,-0.04519086331129074,0.5680522918701172
4385,42.012882232666016,23.37272071838379,0.4949875473976135,0.19843867421150208,-0.05613984167575836,0.5675760507583618
4386,42.11250305175781,24.205900192260742,0.49060001969337463,0.1982521414756775,-0.05235249176621437,0.5746052861213684
4387,42.487850189208984,25.241783142089844,0.49605002999305725,0.19817383587360382,-0.06211123242974281,0.5708714127540588
4388,42.34346008300781,24.74025535583496,0.4914250075817108,0.19800390303134918,-0.047815851867198944,0.5810539722442627
4389,42.17464065551758,24.354753494262695,0.49688753485679626,0.19794227182865143,-0.03835131973028183,0.5719306468963623
4390,42.52910232543945,25.4066219329834,0.5014875531196594,0.19797171652317047,-0.06891493499279022,0.5670014023780823
4391,42.19011688232422,24.39834976196289,0.5038000345230103,0.1980469524860382,-0.07081619650125504,0.5624871850013733
4392,41.90321350097656,23.667627334594727,0.49943751096725464,0.1980358064174652,-0.05176892876625061,0.5832787752151489
4393,42.37240982055664,24.767688751220703,0.5076500773429871,0.19818729162216187,-0.03386778384447098,0.5817866921424866
4394,42.02367401123047,23.985698699951172,0.5063750743865967,0.1983136385679245,-0.05125121399760246,0.5986868739128113
4395,42.249412536621094,24.303695678710938,0.5086750984191895,0.19848567247390747,-0.06470329314470291,0.5940681099891663
4396,42.176124572753906,24.17763900756836,0.5062750577926636,0.19861023128032684,-0.02402910590171814,0.5825086236000061
4397,42.150733947753906,24.15774917602539,0.5020625591278076,0.19865119457244873,-0.05048097297549248,0.550776481628418
4398,42.460121154785156,24.747352600097656,0.4992750287055969,0.19863680005073547,-0.04444044828414917,0.5798961520195007
4399,42.184303283691406,24.519990921020508,0.4999125003814697,0.1986350566148758,-0.06299996376037598,0.5841543674468994
4400,42.23368835449219,24.17753791809082,0.4940750300884247,0.19851736724376678,-0.04375920444726944,0.6132475733757019
4401,42.10544204711914,23.824481964111328,0.49637502431869507,0.1984453946352005,-0.05826419219374657,0.5764420032501221
4402,41.94033432006836,23.69036865234375,0.49553751945495605,0.19835683703422546,-0.0828416720032692,0.5778816342353821
4403,41.91272735595703,24.110641479492188,0.5001250505447388,0.19835932552814484,-0.058930665254592896,0.5617479085922241
4404,42.171783447265625,24.097524642944336,0.4966750144958496,0.19829337298870087,-0.07816033810377121,0.6005972623825073
4405,42.125343322753906,23.727991104125977,0.5009750127792358,0.19831271469593048,-0.039493486285209656,0.5680381655693054
4406,42.49059295654297,24.81574821472168,0.49733754992485046,0.19825991988182068,-0.06055792421102524,0.5765461921691895
4407,41.93619918823242,23.72429847717285,0.5013250112533569,0.19828620553016663,-0.06490574777126312,0.5649815201759338
4408,42.605350494384766,25.079282760620117,0.4986250102519989,0.19825893640518188,-0.06219935044646263,0.5668079257011414
4409,42.09228515625,23.731260299682617,0.505262553691864,0.1983632892370224,-0.04221013933420181,0.5940136909484863
4410,42.36147689819336,24.911640167236328,0.501924991607666,0.19840148091316223,-0.07023435831069946,0.5789468288421631
4411,42.10669708251953,23.97115135192871,0.5026249885559082,0.19845356047153473,-0.0743589699268341,0.588553249835968
4412,42.09088134765625,24.178613662719727,0.4988750219345093,0.19843123853206635,-0.06947885453701019,0.5767117142677307
4413,42.40006637573242,24.57061767578125,0.4929875135421753,0.1982920914888382,-0.05493968352675438,0.5639058947563171
4414,42.233768463134766,24.326427459716797,0.49621254205703735,0.1982169896364212,-0.07810406386852264,0.6084405779838562
4415,41.924415588378906,23.731281280517578,0.49928751587867737,0.19820287823677063,-0.07848584651947021,0.5973555445671082
4416,42.483375549316406,24.94036293029785,0.4988499879837036,0.19818009436130524,-0.05035344511270523,0.5775741934776306
4417,41.96308517456055,23.453296661376953,0.4992625415325165,0.19816547632217407,-0.08798128366470337,0.5694769024848938
4418,41.56996536254883,22.941104888916016,0.5030750632286072,0.1982264220714569,-0.08034934103488922,0.5863068699836731
4419,42.213722229003906,24.27744483947754,0.505174994468689,0.19832900166511536,-0.052744656801223755,0.5692921876907349
4420,42.32889938354492,24.53742027282715,0.5077750086784363,0.1984831988811493,-0.037720903754234314,0.5829759836196899
4421,42.052974700927734,23.94179916381836,0.5057125091552734,0.19859658181667328,-0.0601571686565876,0.5784677267074585
4422,42.490474700927734,25.1755428314209,0.503800094127655,0.19867205619812012,-0.07160081714391708,0.5633742213249207
4423,41.963600158691406,23.69292640686035,0.4986625611782074,0.1986454874277115,-0.049383800476789474,0.5713866949081421
4424,42.44631576538086,25.04943084716797,0.49566254019737244,0.19855932891368866,-0.05882035195827484,0.5774610042572021
4425,41.98225784301758,24.131114959716797,0.4937250018119812,0.1984347254037857,-0.058234140276908875,0.5654934644699097
4426,42.246463775634766,24.53460693359375,0.4891500473022461,0.198219433426857,-0.061958979815244675,0.5504443049430847
4427,42.37008285522461,24.989625930786133,0.4983375370502472,0.1981864869594574,-0.07310625165700912,0.5639240741729736
4428,41.91693878173828,24.340484619140625,0.4989500343799591,0.1981656700372696,-0.12449800968170166,0.5735155940055847
4429,42.31566619873047,24.285289764404297,0.5018000602722168,0.19820134341716766,-0.09368357062339783,0.5822792053222656
4430,42.13505172729492,24.118579864501953,0.5068125128746033,0.1983363777399063,-0.07025138288736343,0.5775707364082336
4431,42.27584457397461,24.782941818237305,0.5092625617980957,0.19852009415626526,-0.07443378120660782,0.6041737198829651
4432,41.9933967590332,23.58683967590332,0.5109750032424927,0.1987379640340805,-0.08870236575603485,0.6017428636550903
4433,42.14870071411133,24.1645565032959,0.5114375352859497,0.19896526634693146,-0.07908874750137329,0.6011539101600647
4434,42.256805419921875,24.741716384887695,0.5069000124931335,0.19910255074501038,-0.08687784522771835,0.5986557602882385
4435,42.48678207397461,25.14784049987793,0.5006875395774841,0.19911624491214752,-0.12176544964313507,0.5813602209091187
4436,42.026283264160156,23.855859756469727,0.49828752875328064,0.199082151055336,-0.03837873041629791,0.5750007033348083
4437,42.25386047363281,24.46363067626953,0.4989500045776367,0.19906124472618103,-0.052502550184726715,0.5576218366622925
4438,42.2783088684082,24.565954208374023,0.49176254868507385,0.19889727234840393,-0.04358138516545296,0.5571898818016052
4439,41.85578536987305,23.27886390686035,0.4948125183582306,0.19879409670829773,-0.027673810720443726,0.5867546200752258
4440,42.351165771484375,24.917526245117188,0.4914250075817108,0.1986236423254013,-0.044729653745889664,0.5683685541152954
4441,42.33357620239258,24.699508666992188,0.4901500344276428,0.1984279900789261,-0.05587649345397949,0.5868134498596191
4442,42.02375030517578,23.99576759338379,0.4918375313282013,0.19826602935791016,-0.0633731335401535,0.5688397884368896
4443,42.43718719482422,24.71992301940918,0.49268752336502075,0.1981210559606552,-0.06142615154385567,0.5875266194343567
4444,41.8350944519043,23.297016143798828,0.5037750005722046,0.19819585978984833,-0.05557544529438019,0.6170269250869751
4445,42.07592010498047,24.175317764282227,0.506350040435791,0.19832171499729156,-0.09259255230426788,0.6182077527046204
4446,41.94459915161133,23.47597312927246,0.5131875276565552,0.19858324527740479,-0.10717595368623734,0.6335412263870239
4447,42.16840744018555,24.563743591308594,0.507099986076355,0.19872424006462097,-0.12728694081306458,0.5955790281295776
4448,42.11362075805664,24.180931091308594,0.5015375018119812,0.19875480234622955,-0.09348952770233154,0.6032699346542358
4449,41.93159103393555,23.79628562927246,0.5006375312805176,0.19876748323440552,-0.1138550341129303,0.6067211031913757
4450,42.14117431640625,24.402332305908203,0.49623751640319824,0.1986927092075348,-0.11135798692703247,0.5834192633628845
4451,42.61313247680664,25.486682891845703,0.4961875379085541,0.19861696660518646,-0.05149657279253006,0.5880305767059326
4452,41.933998107910156,23.70658302307129,0.49556252360343933,0.19852882623672485,-0.04096665978431702,0.5761201977729797
4453,42.22908020019531,24.797672271728516,0.49578753113746643,0.19844520092010498,-0.051998671144247055,0.5493009090423584
4454,42.50174331665039,25.186357498168945,0.49662503600120544,0.19837823510169983,-0.06276260316371918,0.5683764219284058
4455,42.010196685791016,23.814645767211914,0.49822503328323364,0.19834302365779877,-0.010834183543920517,0.590907633304596
4456,42.05181884765625,24.0441837310791,0.5004374980926514,0.1983516961336136,-0.03501148894429207,0.5849837064743042
4457,42.55674362182617,25.74350357055664,0.49566254019737244,0.1982656568288803,-0.060041628777980804,0.5704100131988525
4458,42.29795837402344,24.530567169189453,0.49957501888275146,0.1982572376728058,-0.0441780649125576,0.5683703422546387
4459,42.21007537841797,24.358659744262695,0.4999750554561615,0.1982567459344864,-0.10877722501754761,0.5675352215766907
4460,42.7198600769043,25.277950286865234,0.497762531042099,0.1982123851776123,-0.07825632393360138,0.5818207859992981
4461,42.21405029296875,24.2943172454834,0.5058000087738037,0.19832733273506165,-0.060358695685863495,0.5797617435455322
4462,42.18181610107422,23.944820404052734,0.5058750510215759,0.19844384491443634,-0.021220717579126358,0.5870871543884277
4463,42.37220764160156,24.934207916259766,0.5105000138282776,0.1986522078514099,-0.07992085814476013,0.5809639096260071
4464,42.45085525512695,24.860061645507812,0.5049625039100647,0.1987507939338684,-0.04635278135538101,0.56959068775177
4465,41.944610595703125,23.624557495117188,0.5069750547409058,0.19888941943645477,-0.02480893023312092,0.5914643406867981
4466,42.481666564941406,24.798812866210938,0.500950038433075,0.19890831410884857,-0.049284808337688446,0.5845620036125183
4467,42.46165084838867,24.826435089111328,0.50576251745224,0.19902293384075165,-0.017725853249430656,0.5914880633354187
4468,42.555030822753906,24.678651809692383,0.49935004115104675,0.1990099996328354,-0.066640704870224,0.5724691152572632
4469,42.05851364135742,23.907947540283203,0.4975374937057495,0.19896100461483002,-0.06554074585437775,0.5776622295379639
4470,42.55670928955078,25.113845825195312,0.4944249987602234,0.19885008037090302,-0.06869197636842728,0.5937885642051697
4471,42.12860107421875,24.52549934387207,0.48951253294944763,0.19864153861999512,-0.0751214250922203,0.5715731382369995
4472,42.3380126953125,24.67415428161621,0.4948750138282776,0.19853973388671875,-0.03226833790540695,0.5911208391189575
4473,42.092742919921875,24.262317657470703,0.49035000801086426,0.19834814965724945,-0.0984545424580574,0.5703715682029724
4474,42.36125946044922,24.84970474243164,0.5021374821662903,0.19839054346084595,-0.06503419578075409,0.5841214656829834
4475,42.00078201293945,23.56772804260254,0.499875009059906,0.19838805496692657,-0.06397252529859543,0.5967103838920593
4476,42.4383430480957,25.205507278442383,0.49518752098083496,0.1982925832271576,-0.07037229835987091,0.5895882248878479
4477,42.42622375488281,25.12896728515625,0.5020125508308411,0.19833248853683472,-0.06207752227783203,0.5771995186805725
4478,42.41404342651367,24.905677795410156,0.5015125274658203,0.19836248457431793,-0.08540767431259155,0.5840688943862915
4479,42.407684326171875,24.573740005493164,0.5030249953269958,0.19842250645160675,-0.0597032867372036,0.6241295337677002
4480,42.093082427978516,24.126073837280273,0.5029374957084656,0.1984807848930359,-0.08837517350912094,0.5846895575523376
4481,42.6018180847168,25.600339889526367,0.5063750147819519,0.19860732555389404,-0.10536714643239975,0.5910136103630066
4482,42.02754592895508,24.100479125976562,0.5016999840736389,0.1986410915851593,-0.11114633828401566,0.6023116111755371
4483,41.983863830566406,24.175405502319336,0.5052000284194946,0.19874438643455505,-0.09340152889490128,0.5941601991653442
4484,42.075599670410156,24.21315574645996,0.5004125237464905,0.19875258207321167,-0.11709238588809967,0.6009161472320557
4485,42.044063568115234,24.153850555419922,0.5037375688552856,0.198826864361763,-0.08952048420906067,0.6100687980651855
4486,42.346317291259766,25.012794494628906,0.4938875436782837,0.19870533049106598,-0.10233412683010101,0.5911596417427063
4487,42.2275390625,24.640560150146484,0.5002375245094299,0.19871003925800323,-0.08133526146411896,0.5812123417854309
4488,41.815101623535156,23.729595184326172,0.4993000030517578,0.19869613647460938,-0.06389553844928741,0.5927104353904724
4489,41.933773040771484,24.01027488708496,0.5026749968528748,0.19874928891658783,-0.0731138288974762,0.6096039414405823
4490,42.07271194458008,24.090118408203125,0.5013500452041626,0.19877611100673676,-0.06478045880794525,0.5844160318374634
4491,42.374183654785156,24.595375061035156,0.505512535572052,0.19888567924499512,-0.03667551279067993,0.5825977921485901
4492,42.51204299926758,24.56817626953125,0.5024000406265259,0.198933407664299,-0.04352085664868355,0.5809611678123474
4493,42.116825103759766,23.47370719909668,0.5052125453948975,0.199037104845047,-0.017122440040111542,0.5685359239578247
4494,42.899574279785156,25.789417266845703,0.49578750133514404,0.1989532709121704,-0.03035992756485939,0.5783353447914124
4495,42.59808349609375,25.30241584777832,0.5002250671386719,0.19895775616168976,-0.018419256433844566,0.5726230144500732
4496,41.995208740234375,23.819120407104492,0.49848753213882446,0.19892765581607819,-0.05220390111207962,0.6008028388023376
4497,41.825660705566406,23.380577087402344,0.4952875077724457,0.1988339126110077,-0.024554019793868065,0.5484285354614258
4498,42.399784088134766,24.592422485351562,0.4989125430583954,0.19881229102611542,-0.08609914034605026,0.5722540616989136
4499,42.06108474731445,23.86212730407715,0.4952000379562378,0.19871686398983002,-0.06039237231016159,0.5960479378700256
4500,42.065303802490234,24.021448135375977,0.4960375428199768,0.19863812625408173,-0.0580916590988636,0.5578294396400452
4501,42.780311584472656,25.851465225219727,0.4945625364780426,0.19853010773658752,-0.06900300085544586,0.5726770162582397
4502,42.40977478027344,24.940649032592773,0.4930500090122223,0.1983921378850937,-0.05015842244029045,0.5854315161705017
4503,42.60521697998047,25.47380256652832,0.49400001764297485,0.19827310740947723,-0.04782026261091232,0.5467031002044678
4504,42.365291595458984,24.736831665039062,0.496800035238266,0.19820965826511383,-0.06286916136741638,0.5668637156486511
4505,42.264217376708984,24.705331802368164,0.5010125637054443,0.19822971522808075,-0.07038017362356186,0.5717770457267761
4506,42.28998565673828,24.195600509643555,0.5083500146865845,0.19839522242546082,-0.05140603706240654,0.5842440128326416
4507,42.30891799926758,24.407825469970703,0.5041624903678894,0.19847780466079712,-0.11043814569711685,0.5840856432914734
4508,42.27062225341797,24.300846099853516,0.5052875876426697,0.19858276844024658,-0.037568897008895874,0.590265691280365
4509,41.98047637939453,23.873703002929688,0.5030625462532043,0.19864358007907867,-0.09489169716835022,0.5752671957015991
4510,42.004798889160156,23.799928665161133,0.5033875107765198,0.1987108737230301,-0.08930540829896927,0.5813694596290588
4511,42.40708541870117,24.58870506286621,0.5040749907493591,0.19879184663295746,-0.06818417459726334,0.5848564505577087
4512,42.15822982788086,24.221105575561523,0.49797502160072327,0.19875159859657288,-0.07731661945581436,0.5754623413085938
4513,42.00114059448242,23.799238204956055,0.5020250678062439,0.19879184663295746,-0.05356927588582039,0.6005379557609558
4514,42.45054244995117,24.865564346313477,0.4942000210285187,0.19867654144763947,-0.022900700569152832,0.5897103548049927
4515,42.6303596496582,25.279438018798828,0.4997750520706177,0.1986720710992813,-0.04909436032176018,0.5678355693817139
4516,42.78791046142578,25.40342903137207,0.4933750331401825,0.19854044914245605,-0.015020220540463924,0.5766459107398987
4517,42.0014762878418,24.055278778076172,0.4974750280380249,0.19849032163619995,-0.05536571517586708,0.5670529007911682
4518,41.77943420410156,23.05938148498535,0.49275001883506775,0.19834642112255096,-0.06882099062204361,0.5845931768417358
4519,42.343017578125,24.48056411743164,0.4962000250816345,0.19827105104923248,-0.05883669853210449,0.5763696432113647
4520,42.37086868286133,24.909420013427734,0.4939500391483307,0.198151096701622,-0.067686527967453,0.5881315469741821
4521,42.66190719604492,25.575668334960938,0.5031499862670898,0.19821350276470184,-0.08207542449235916,0.5808067917823792
4522,42.130550384521484,24.096635818481445,0.5002750158309937,0.1982189565896988,-0.0775834396481514,0.5757189989089966
4523,42.68226623535156,25.361888885498047,0.5060500502586365,0.19833888113498688,-0.06846704334020615,0.5802350640296936
4524,42.17910385131836,24.21167755126953,0.5043375492095947,0.19842492043972015,-0.06437777727842331,0.5830857753753662
4525,42.41594314575195,24.65540885925293,0.5041500329971313,0.19850726425647736,-0.050569962710142136,0.5813413858413696
4526,42.44579315185547,24.923002243041992,0.49947500228881836,0.19849683344364166,-0.06785417348146439,0.5803016424179077
4527,42.305458068847656,24.55659294128418,0.4989875257015228,0.19847673177719116,-0.06672835350036621,0.5790891647338867
4528,42.031822204589844,24.285545349121094,0.49643751978874207,0.19840602576732635,-0.057553768157958984,0.5904284119606018
4529,42.04357147216797,23.857683181762695,0.4965500235557556,0.198337584733963,-0.0822453647851944,0.577299177646637
4530,42.03395080566406,24.045650482177734,0.5016875267028809,0.1983710676431656,-0.07569754123687744,0.5825539231300354
4531,41.97825622558594,24.202972412109375,0.5009375214576721,0.19838964939117432,-0.07749463617801666,0.5841094255447388
4532,42.00674057006836,23.726520538330078,0.5021499991416931,0.1984323114156723,-0.05660659819841385,0.5878392457962036
4533,42.22532272338867,24.677413940429688,0.5038999915122986,0.19850970804691315,-0.08328115195035934,0.6054881811141968
4534,42.24159240722656,24.069656372070312,0.5036500692367554,0.19858217239379883,-0.07264205813407898,0.6013303995132446
4535,42.46637725830078,24.777694702148438,0.5059000253677368,0.19869932532310486,-0.07768537849187851,0.5757458806037903
4536,42.64276885986328,25.668357849121094,0.5089125037193298,0.19887641072273254,-0.032095231115818024,0.5810434818267822
4537,42.3399772644043,24.628023147583008,0.5045750141143799,0.19896739721298218,-0.06828887015581131,0.578612208366394
4538,41.93977355957031,23.82703971862793,0.5101125240325928,0.1991686075925827,-0.04110836982727051,0.5871828198432922
4539,41.95143127441406,23.630977630615234,0.5026125311851501,0.1992206573486328,-0.08826163411140442,0.5620400905609131
4540,42.562191009521484,24.923599243164062,0.4961875379085541,0.19914470613002777,-0.06681977957487106,0.589119553565979
4541,42.13252639770508,24.264785766601562,0.4924750328063965,0.19899484515190125,-0.04801913723349571,0.5640898942947388
4542,42.1028938293457,24.136802673339844,0.489362508058548,0.19878315925598145,-0.04702099785208702,0.5469739437103271
4543,42.24361038208008,24.743820190429688,0.49051254987716675,0.1985945701599121,-0.06731478124856949,0.5847116708755493
4544,42.30525588989258,24.927026748657227,0.4927250146865845,0.19845010340213776,-0.061462774872779846,0.5839328765869141
4545,42.037193298339844,23.979829788208008,0.4906500577926636,0.19826455414295197,-0.06771376729011536,0.5761908292770386
4546,42.72600555419922,26.11749267578125,0.49590003490448,0.19818326830863953,-0.06361989676952362,0.5889804363250732
4547,41.68643569946289,22.845022201538086,0.5038875341415405,0.19826030731201172,-0.056887995451688766,0.5860955715179443
4548,41.81496047973633,23.40266990661621,0.5043250322341919,0.19834604859352112,-0.06606390327215195,0.5746785402297974
4549,41.95928192138672,23.7475528717041,0.5123874545097351,0.19859173893928528,-0.08160743862390518,0.5915499329566956
4550,42.467201232910156,24.757152557373047,0.5126375555992126,0.19884270429611206,-0.06666982918977737,0.6022536158561707
4551,42.35734176635742,24.84360694885254,0.5010250210762024,0.19886308908462524,-0.04135189577937126,0.5963879823684692
4552,42.28767013549805,24.145233154296875,0.5023499727249146,0.19890981912612915,-0.03572214022278786,0.579157292842865
4553,42.3858757019043,24.68621826171875,0.49707502126693726,0.19885164499282837,-0.040245171636343,0.5741884708404541
4554,42.548946380615234,24.987565994262695,0.4964125156402588,0.19878029823303223,-0.06193723529577255,0.5909855365753174
4555,42.44343566894531,25.08685302734375,0.5002500414848328,0.19878527522087097,-0.04181689769029617,0.5785934925079346
4556,42.053401947021484,24.096303939819336,0.49978750944137573,0.1987810581922531,-0.03990115597844124,0.5794672966003418
4557,42.28044128417969,24.794357299804688,0.500575065612793,0.1987924724817276,-0.028020748868584633,0.5795372128486633
4558,41.77210235595703,23.31232452392578,0.503337562084198,0.1988588273525238,-0.08790142834186554,0.5878307223320007
4559,42.15060043334961,24.336048126220703,0.5027000308036804,0.19891251623630524,-0.09280465543270111,0.6070929169654846
4560,42.01198196411133,24.06218147277832,0.5066625475883484,0.19904504716396332,-0.07205145061016083,0.5936029553413391
4561,41.83635330200195,23.801984786987305,0.49643751978874207,0.1989741325378418,-0.09354866296052933,0.5947321653366089
4562,42.53349304199219,25.2795352935791,0.49652501940727234,0.19890499114990234,-0.07151392102241516,0.5987666845321655
4563,42.427955627441406,24.846240997314453,0.4950374960899353,0.1988062858581543,-0.07195768505334854,0.5870911478996277
4564,42.463409423828125,24.997682571411133,0.49945002794265747,0.198795348405838,-0.08706783503293991,0.5640750527381897
4565,42.031822204589844,24.25994300842285,0.49873751401901245,0.19877025485038757,-0.08339038491249084,0.606157660484314
4566,41.79552459716797,23.664478302001953,0.5042250156402588,0.1988542377948761,-0.0697639137506485,0.5799813270568848
4567,42.45175552368164,24.89679527282715,0.5036125183105469,0.19892606139183044,-0.06584332883358002,0.5688088536262512
4568,42.066707611083984,23.96930503845215,0.5027625560760498,0.19898100197315216,-0.061383429914712906,0.5740481019020081
4569,42.45288848876953,24.68001937866211,0.49761250615119934,0.19893349707126617,-0.03547639772295952,0.5693978667259216
4570,41.7259407043457,23.371227264404297,0.5040875673294067,0.199014812707901,-0.041114091873168945,0.5801929831504822
4571,41.947479248046875,23.639339447021484,0.4982750117778778,0.19898048043251038,-0.024395231157541275,0.5887674689292908
4572,42.44029235839844,25.123788833618164,0.49541252851486206,0.19888921082019806,-0.041041627526283264,0.5757248997688293
4573,42.28718566894531,24.508586883544922,0.49505001306533813,0.1987907588481903,-0.07620508968830109,0.5849614143371582
4574,42.5920295715332,25.168996810913086,0.4898500442504883,0.19858898222446442,-0.07351553440093994,0.564470112323761
4575,42.02355194091797,23.88779067993164,0.5011250376701355,0.1986113339662552,-0.05298752337694168,0.5961416959762573
4576,42.02910614013672,23.807357788085938,0.4997375011444092,0.19860611855983734,-0.06132037192583084,0.5712332129478455
4577,42.004154205322266,23.739038467407227,0.5011250376701355,0.1986284703016281,-0.06147989630699158,0.5857895016670227
4578,42.655941009521484,25.040075302124023,0.5068750381469727,0.19876502454280853,-0.07057537883520126,0.5974333882331848
4579,42.17063522338867,23.723947525024414,0.5015250444412231,0.19879533350467682,-0.06016557291150093,0.5871244072914124
4580,41.93488311767578,23.62811851501465,0.5079625248908997,0.19895361363887787,-0.04497307911515236,0.5729488730430603
4581,42.2028694152832,24.278398513793945,0.5015000104904175,0.19898344576358795,-0.06636269390583038,0.5645073652267456
4582,42.45945739746094,24.895984649658203,0.4965250492095947,0.1989143043756485,-0.07698061317205429,0.5701829791069031
4583,42.39887619018555,25.075090408325195,0.4882875680923462,0.1986813247203827,-0.06280461698770523,0.5726813077926636
4584,41.940399169921875,23.564292907714844,0.4924250543117523,0.19853082299232483,-0.047409847378730774,0.5789198875427246
4585,42.25135803222656,24.667898178100586,0.48891252279281616,0.1983107030391693,-0.09430922567844391,0.5644456744194031
4586,42.46184539794922,25.30211639404297,0.49028754234313965,0.19811809062957764,-0.09070152789354324,0.5759003758430481
4587,42.15325927734375,23.896764755249023,0.4952625334262848,0.1980242282152176,-0.1009289100766182,0.5545893907546997
4588,41.93183517456055,24.1317081451416,0.5010375380516052,0.1980447620153427,-0.08740305155515671,0.594136118888855
4589,42.12272644042969,24.10038185119629,0.5021250247955322,0.19808685779571533,-0.07087857276201248,0.607931911945343
4590,42.20342254638672,24.372623443603516,0.5069000124931335,0.1982235312461853,-0.06042901799082756,0.5767624974250793
4591,42.257102966308594,24.42164421081543,0.5072125196456909,0.19836649298667908,-0.07781824469566345,0.5900189876556396
4592,41.766845703125,23.639667510986328,0.5103625655174255,0.1985720545053482,-0.08464432507753372,0.6004173159599304
4593,42.330047607421875,24.592893600463867,0.5094125270843506,0.19875895977020264,-0.08639484643936157,0.5850139856338501
4594,42.717552185058594,25.80120086669922,0.5012625455856323,0.19878405332565308,-0.09043826907873154,0.6027037501335144
4595,42.01285171508789,24.182899475097656,0.5009250044822693,0.19880244135856628,-0.03507949411869049,0.5957745909690857
4596,42.187007904052734,24.40567970275879,0.49982503056526184,0.19879895448684692,-0.08062005043029785,0.592465341091156
4597,42.37156677246094,24.893835067749023,0.4933125376701355,0.19866600632667542,-0.08674469590187073,0.5741961598396301
4598,42.0809211730957,23.953777313232422,0.49543753266334534,0.19857536256313324,-0.08763585984706879,0.5722053647041321
4599,42.44147491455078,25.134563446044922,0.4931875169277191,0.1984400898218155,-0.06663684546947479,0.5587296485900879
4600,42.596500396728516,25.154212951660156,0.49676254391670227,0.19837583601474762,-0.05856265127658844,0.5981705784797668
4601,42.07087707519531,23.862789154052734,0.5001375079154968,0.1983785629272461,-0.06707070767879486,0.5879179239273071
4602,42.15446853637695,24.536075592041016,0.501537561416626,0.1984090656042099,-0.047666147351264954,0.573326826095581
4603,42.24549865722656,24.133373260498047,0.5099500417709351,0.1986064910888672,-0.0422014482319355,0.5999944806098938
4604,42.179466247558594,24.365041732788086,0.5060875415802002,0.19872739911079407,-0.024407682940363884,0.5664136409759521
4605,42.73722839355469,25.611291885375977,0.5047374963760376,0.1988215446472168,-0.007838737219572067,0.5652818083763123
4606,42.09144973754883,23.477678298950195,0.504800021648407,0.1989169865846634,-0.05455194413661957,0.5634939670562744
4607,42.08165740966797,24.032915115356445,0.5016375780105591,0.19894956052303314,-0.047718439251184464,0.5802049040794373
4608,42.43095016479492,24.988420486450195,0.49870002269744873,0.19892369210720062,-0.04802330210804939,0.5776030421257019
4609,42.321205139160156,24.861373901367188,0.49582502245903015,0.1988406479358673,-0.047429993748664856,0.5703630447387695
4610,42.66687774658203,25.55753517150879,0.490725040435791,0.19865621626377106,-0.07963357865810394,0.5895816683769226
4611,42.27979278564453,24.471101760864258,0.49185001850128174,0.1984943151473999,-0.09231536090373993,0.5538801550865173
4612,42.05636978149414,24.24628257751465,0.5015875101089478,0.1985258311033249,-0.06988988071680069,0.5999096632003784
4613,41.98194122314453,24.142040252685547,0.4973500370979309,0.19847321510314941,-0.10855481028556824,0.5586978793144226
4614,41.6724739074707,23.43995475769043,0.499562531709671,0.1984645277261734,-0.09359893202781677,0.6034133434295654
4615,42.312217712402344,24.765756607055664,0.5002500414848328,0.19846948981285095,-0.06636475026607513,0.6001112461090088
4616,42.15740966796875,24.527053833007812,0.5008500218391418,0.1984863579273224,-0.08601406961679459,0.5901615023612976
4617,42.1580924987793,24.18585205078125,0.5034250020980835,0.19855433702468872,-0.07028728723526001,0.6005733013153076
4618,42.164947509765625,24.52597999572754,0.500587522983551,0.1985660046339035,-0.08137570321559906,0.6095215082168579
4619,42.13822555541992,24.225074768066406,0.49322500824928284,0.19843147695064545,-0.04179106652736664,0.5707471966743469
4620,42.01615905761719,24.18825912475586,0.5006750226020813,0.19844485819339752,-0.04613535478711128,0.5818672776222229
4621,42.0443115234375,24.033708572387695,0.497637540102005,0.19839796423912048,-0.05003080889582634,0.5694554448127747
4622,42.00389099121094,24.110668182373047,0.4971500337123871,0.19834142923355103,-0.0708623081445694,0.5667356252670288
4623,42.1599006652832,24.06052589416504,0.49217501282691956,0.1981862336397171,-0.07361344248056412,0.5533140301704407
4624,42.059749603271484,23.97945785522461,0.4933875501155853,0.1980551779270172,-0.05124548450112343,0.5794382095336914
4625,42.07871627807617,24.38988494873047,0.4935750365257263,0.19792793691158295,-0.09311116486787796,0.5863035917282104
4626,42.03274154663086,24.146583557128906,0.49676254391670227,0.1978638470172882,-0.06747230142354965,0.580531120300293
4627,42.40224075317383,25.150989532470703,0.4983125329017639,0.1978304535150528,-0.08373785018920898,0.5944809913635254
4628,42.20161819458008,24.375734329223633,0.5047000646591187,0.1979234367609024,-0.09470576047897339,0.5877580046653748
4629,42.05282974243164,23.874555587768555,0.5059249997138977,0.1980406939983368,-0.0631835088133812,0.5772709250450134
4630,42.44227600097656,24.737241744995117,0.5094500184059143,0.19822783768177032,-0.0857241153717041,0.6017548441886902
4631,42.44857406616211,24.734554290771484,0.508512556552887,0.19839657843112946,-0.0829635038971901,0.6026653051376343
4632,42.13899230957031,23.793882369995117,0.5062875151634216,0.19852131605148315,-0.04872065782546997,0.5725013613700867
4633,42.318199157714844,24.478296279907227,0.5075000524520874,0.19867022335529327,-0.06463035196065903,0.5879692435264587
4634,42.21620559692383,24.226329803466797,0.502387523651123,0.1987176537513733,-0.06787846982479095,0.6046478748321533
4635,42.24161148071289,24.36650276184082,0.49348750710487366,0.19858823716640472,-0.07280830293893814,0.6079431772232056
4636,41.933990478515625,23.904008865356445,0.4943750202655792,0.19847653806209564,-0.051586978137493134,0.5821235775947571
4637,42.1548957824707,24.304357528686523,0.49418753385543823,0.19836117327213287,-0.07246630638837814,0.5603799223899841
4638,42.24955749511719,24.82859992980957,0.49547502398490906,0.19827140867710114,-0.07802023738622665,0.5860216021537781
4639,42.63778305053711,25.216243743896484,0.49471256136894226,0.19816657900810242,-0.11168936640024185,0.5854499936103821
4640,42.50901412963867,25.31269073486328,0.4999125301837921,0.19816483557224274,-0.08312596380710602,0.5919579267501831
4641,41.823604583740234,23.374845504760742,0.5065250396728516,0.19829414784908295,-0.08019537478685379,0.5828619599342346
4642,41.94279861450195,23.64423942565918,0.5052000284194946,0.19839726388454437,-0.10708289593458176,0.5831953287124634
4643,42.10647964477539,24.13184928894043,0.50947505235672,0.19858524203300476,-0.05095791071653366,0.6102734208106995
4644,42.31702423095703,24.50699234008789,0.5053375363349915,0.1986912339925766,-0.06864433735609055,0.5919687747955322
4645,41.7940559387207,23.46090316772461,0.5020000338554382,0.1987309753894806,-0.06084683537483215,0.602708637714386
4646,42.50503921508789,24.7689208984375,0.5054749846458435,0.19883978366851807,-0.0450177863240242,0.5875885486602783
4647,41.961875915527344,23.56923484802246,0.494687557220459,0.19873414933681488,-0.03527456521987915,0.5589318871498108
4648,42.38968276977539,24.50737953186035,0.4945000112056732,0.198624849319458,-0.039791326969861984,0.5672590136528015
4649,42.07327651977539,24.318523406982422,0.4979875087738037,0.1985848844051361,-0.046374086290597916,0.5727353096008301
4650,42.49990463256836,24.8881778717041,0.4893375039100647,0.19837313890457153,-0.06389476358890533,0.5673424601554871
4651,42.21337127685547,24.601598739624023,0.4866875112056732,0.19810904562473297,-0.05731064826250076,0.5776151418685913
4652,42.205482482910156,24.56524658203125,0.49358755350112915,0.19798201322555542,-0.07670557498931885,0.6068150997161865
4653,42.235198974609375,24.382823944091797,0.49880003929138184,0.19795826077461243,-0.08469624817371368,0.5937203764915466
4654,41.879356384277344,23.386751174926758,0.5015000104904175,0.19798794388771057,-0.10683942586183548,0.5856831073760986
4655,42.07626724243164,23.941600799560547,0.5050125122070312,0.1980871856212616,-0.07967877388000488,0.5788401365280151
4656,42.19771957397461,24.33103370666504,0.5047625303268433,0.19818152487277985,-0.07358730584383011,0.5902517437934875
4657,42.18838119506836,24.22983169555664,0.5040625333786011,0.1982620358467102,-0.07489167898893356,0.5900822877883911
4658,42.01887893676758,23.815624237060547,0.5056000351905823,0.19837306439876556,-0.028923112899065018,0.5682585835456848
4659,42.0350456237793,23.731632232666016,0.5038125514984131,0.19844868779182434,-0.049895647913217545,0.588996410369873
4660,42.27220153808594,24.480077743530273,0.49418753385543823,0.19833333790302277,-0.05369449034333229,0.5526522397994995
4661,42.361812591552734,24.723615646362305,0.4947250187397003,0.19822871685028076,-0.05306986719369888,0.5679122805595398
4662,42.354644775390625,24.655550003051758,0.4922125041484833,0.1980743557214737,-0.06539798527956009,0.5650371313095093
4663,42.28428268432617,24.7912654876709,0.4904625117778778,0.1978854387998581,-0.06522108614444733,0.5781151056289673
4664,42.081390380859375,23.80495262145996,0.49861252307891846,0.19785797595977783,-0.07698681950569153,0.5768140554428101
4665,42.258968353271484,24.500349044799805,0.50718754529953,0.19800017774105072,-0.0965796560049057,0.5804377198219299
4666,42.29695129394531,24.590665817260742,0.5024375319480896,0.1980484426021576,-0.07853447645902634,0.5880117416381836
4667,41.98414993286133,23.57586669921875,0.5093000531196594,0.19823262095451355,-0.08827850222587585,0.6103709936141968
4668,42.140262603759766,24.335708618164062,0.5060125589370728,0.19835181534290314,-0.07477377355098724,0.5795472264289856
4669,42.68848419189453,25.6383113861084,0.5026249885559082,0.19840388000011444,-0.08403225243091583,0.5715146660804749
4670,42.10526657104492,23.712339401245117,0.5035625100135803,0.19847455620765686,-0.04914723336696625,0.620117723941803
4671,42.17647171020508,24.319442749023438,0.5007625222206116,0.1984896957874298,-0.0654730424284935,0.5934935212135315
4672,42.571937561035156,25.091264724731445,0.49851253628730774,0.1984601616859436,-0.05842198431491852,0.5550265312194824
4673,41.95248794555664,23.894893646240234,0.49615001678466797,0.19838376343250275,-0.05278740078210831,0.5832611918449402
4674,42.711490631103516,25.539382934570312,0.5019749999046326,0.19842295348644257,-0.0685446560382843,0.5802583694458008
4675,42.19962692260742,24.388961791992188,0.4986875355243683,0.19839690625667572,-0.06384512782096863,0.5839264392852783
4676,42.25075149536133,24.545093536376953,0.5023375749588013,0.19844327867031097,-0.07178846746683121,0.5524495840072632
4677,42.462764739990234,24.663936614990234,0.4989500343799591,0.19842243194580078,-0.04628186300396919,0.5727882981300354
4678,42.26484298706055,24.517948150634766,0.4972750246524811,0.1983683556318283,-0.059905488044023514,0.5752459764480591
4679,42.36338424682617,24.33983039855957,0.49707502126693726,0.19831033051013947,-0.033431276679039,0.5396841168403625
4680,42.10089111328125,23.73809814453125,0.5018875598907471,0.19834774732589722,-0.06690380722284317,0.5667154788970947
4681,42.28376770019531,24.546945571899414,0.4946625232696533,0.19824187457561493,-0.029238898307085037,0.5644077062606812
4682,42.37863540649414,24.994060516357422,0.4957375228404999,0.19815737009048462,-0.06438955664634705,0.5693776607513428
4683,42.02022171020508,23.94904327392578,0.4945875108242035,0.1980501115322113,-0.04846514016389847,0.572675883769989
4684,41.89372253417969,23.886249542236328,0.4931125044822693,0.19791370630264282,-0.06867070496082306,0.5837157964706421
4685,42.02220153808594,24.068483352661133,0.501675009727478,0.19794686138629913,-0.05977099761366844,0.5804676413536072
4686,42.478248596191406,24.87201499938965,0.4981750249862671,0.19791074097156525,-0.06731651723384857,0.5694662928581238
4687,41.89436721801758,23.43052101135254,0.5013750195503235,0.1979379504919052,-0.05958820506930351,0.5987138152122498
4688,42.694175720214844,25.43680763244629,0.4993250072002411,0.19792459905147552,-0.08794388920068741,0.5862765908241272
4689,41.975791931152344,23.784719467163086,0.5019749999046326,0.19796369969844818,-0.05102897807955742,0.5804191827774048
4690,42.2187385559082,24.111431121826172,0.5074750185012817,0.1981116682291031,-0.06253205239772797,0.5924330353736877
4691,41.99995040893555,23.88101577758789,0.5115875601768494,0.1983412206172943,-0.07475664466619492,0.60108482837677
4692,42.04753112792969,23.89002799987793,0.5072000622749329,0.19848403334617615,-0.0820578932762146,0.5713598728179932
4693,42.58882522583008,25.126949310302734,0.5150875449180603,0.1987834870815277,-0.0597524531185627,0.6119490265846252
4694,42.449310302734375,24.26913070678711,0.5115500092506409,0.19901308417320251,-0.07881191372871399,0.5902037620544434
4695,42.42003631591797,25.309724807739258,0.5078999996185303,0.1991703063249588,-0.06067464128136635,0.5891185998916626
4696,42.11819076538086,23.973793029785156,0.5075250267982483,0.19932016730308533,-0.06702446192502975,0.5916232466697693
4697,42.67298126220703,25.707244873046875,0.5023250579833984,0.199366495013237,-0.08983856439590454,0.5902003645896912
4698,42.4268913269043,24.947021484375,0.5038875937461853,0.1994439959526062,-0.045723818242549896,0.5757797956466675
4699,42.2245979309082,24.304203033447266,0.4991750121116638,0.1994275450706482,-0.05716163292527199,0.5675166845321655
4700,42.0301513671875,24.163074493408203,0.5018750429153442,0.19946494698524475,-0.04085548594594002,0.5820813775062561
4701,42.338226318359375,24.90371322631836,0.49791252613067627,0.19942331314086914,-0.07479266822338104,0.5800514221191406
4702,42.327857971191406,24.87981605529785,0.4996500611305237,0.19941633939743042,-0.06239785999059677,0.5661088824272156
4703,42.236717224121094,24.277042388916016,0.4985499978065491,0.19938741624355316,-0.07116759568452835,0.5908451080322266
4704,42.233909606933594,24.21939468383789,0.5029250383377075,0.19944573938846588,-0.07977759838104248,0.5747168064117432
4705,41.76479721069336,23.347946166992188,0.503350019454956,0.1995125561952591,-0.060108162462711334,0.5840271711349487
4706,42.235591888427734,24.717910766601562,0.4960750341415405,0.19943425059318542,-0.029796430841088295,0.5838251113891602
4707,42.57191848754883,25.459903717041016,0.49515005946159363,0.19933752715587616,-0.03757268562912941,0.5692425966262817
4708,42.08002471923828,23.98311996459961,0.49010002613067627,0.19914019107818604,-0.03158159181475639,0.5713552832603455
4709,42.47088623046875,25.064870834350586,0.48903754353523254,0.19892188906669617,-0.04522781819105148,0.5725919008255005
4710,42.19331741333008,24.45622444152832,0.48660004138946533,0.19865533709526062,-0.05553055927157402,0.5832487940788269
4711,42.059383392333984,24.232141494750977,0.4911375343799591,0.1984792798757553,-0.06925944983959198,0.5673419237136841
4712,42.46271896362305,25.194684982299805,0.4967375099658966,0.19841451942920685,-0.08161960542201996,0.5679368376731873
4713,42.360740661621094,24.373592376708984,0.5041625499725342,0.19849711656570435,-0.07955024391412735,0.5901382565498352
4714,42.171607971191406,24.22258186340332,0.504212498664856,0.19858074188232422,-0.08153281360864639,0.5834031105041504
4715,42.26199722290039,24.31966209411621,0.5080625414848328,0.19874083995819092,-0.08579837530851364,0.6094567179679871
4716,42.194549560546875,24.153114318847656,0.5061500668525696,0.19886305928230286,-0.11161002516746521,0.5791001915931702
4717,41.843929290771484,23.62130355834961,0.5085750222206116,0.19903357326984406,-0.09119870513677597,0.5864824652671814
4718,41.981201171875,24.06866455078125,0.5124625563621521,0.19928161799907684,-0.05944524705410004,0.6217229962348938
4719,41.97429275512695,24.243743896484375,0.5028500556945801,0.1993384212255478,-0.10267052054405212,0.5830908417701721
4720,41.83406066894531,23.35089874267578,0.5010499954223633,0.19935935735702515,-0.07367605715990067,0.585541844367981
4721,42.184532165527344,24.437175750732422,0.4941375255584717,0.1992424726486206,-0.1011137142777443,0.5767871141433716
4722,42.24459457397461,24.937755584716797,0.4945875406265259,0.19913463294506073,-0.0843813344836235,0.6001013517379761
4723,41.976593017578125,24.017946243286133,0.4959375262260437,0.19905373454093933,-0.05255843326449394,0.5991164445877075
4724,42.282135009765625,24.897789001464844,0.498287558555603,0.1990196406841278,-0.08911672979593277,0.5995262265205383
4725,42.506858825683594,24.858713150024414,0.4940125346183777,0.1989004760980606,-0.07044362276792526,0.5762036442756653
4726,42.318115234375,24.610637664794922,0.5026125311851501,0.19895245134830475,-0.05912620946764946,0.5930497646331787
4727,42.671234130859375,25.46639060974121,0.504562497138977,0.19904321432113647,-0.054374322295188904,0.5978479385375977
4728,42.14021682739258,24.15898323059082,0.5035000443458557,0.1991128772497177,-0.049711089581251144,0.5725492835044861
4729,42.138851165771484,23.918121337890625,0.5004125237464905,0.19912108778953552,-0.020649544894695282,0.5479696989059448
4730,42.50178527832031,24.608755111694336,0.5005125403404236,0.1991312950849533,-0.04029200226068497,0.5752832293510437
4731,42.12422180175781,24.203184127807617,0.5009875893592834,0.199150949716568,-0.03761190176010132,0.5881321430206299
4732,42.193851470947266,24.371522903442383,0.4954875409603119,0.1990610808134079,-0.06826891750097275,0.5722428560256958
4733,41.94470977783203,23.83656883239746,0.4951625168323517,0.19896478950977325,-0.06233493238687515,0.5664781928062439
4734,42.09098434448242,24.191722869873047,0.4943375587463379,0.19885212182998657,-0.06588923931121826,0.5572835206985474
4735,42.05261993408203,24.155654907226562,0.4948250353336334,0.19874921441078186,-0.044141985476017,0.580725371837616
4736,42.42770767211914,25.155366897583008,0.49230000376701355,0.19859617948532104,-0.0896899551153183,0.5636552572250366
4737,42.789466857910156,25.56949234008789,0.4947875440120697,0.19849266111850739,-0.06998589634895325,0.5606984496116638
4738,42.08864212036133,24.338781356811523,0.5033250451087952,0.19855865836143494,-0.10600818693637848,0.5708299875259399
4739,42.44807052612305,24.634601593017578,0.5069000720977783,0.19869565963745117,-0.05138547345995903,0.587971568107605
4740,42.176300048828125,24.236413955688477,0.5084249973297119,0.19886304438114166,-0.04882537201046944,0.614618182182312
4741,42.070064544677734,23.859399795532227,0.50371253490448,0.19893686473369598,-0.06971951574087143,0.5625250935554504
4742,42.303466796875,24.527658462524414,0.4973750114440918,0.19888465106487274,-0.0757341980934143,0.5689486265182495
4743,42.155799865722656,24.2176570892334,0.5000375509262085,0.19888541102409363,-0.07834300398826599,0.5660183429718018
4744,42.49427795410156,24.906116485595703,0.5000125169754028,0.19888564944267273,-0.08876758813858032,0.5912457704544067
4745,42.25459671020508,24.228599548339844,0.5015125274658203,0.1989157348871231,-0.052525844424963,0.5839728713035583
4746,41.818260192871094,23.490978240966797,0.4961000382900238,0.19883815944194794,-0.025031117722392082,0.6254164576530457
4747,41.88387680053711,23.447782516479492,0.4975000321865082,0.19878844916820526,-0.06994457542896271,0.5949368476867676
4748,41.84297561645508,23.433849334716797,0.4909749925136566,0.19860905408859253,-0.08787314593791962,0.5669932961463928
4749,42.173614501953125,24.28167724609375,0.49807503819465637,0.19857081770896912,-0.08492565155029297,0.5760056376457214
4750,42.18515396118164,24.413816452026367,0.4948875308036804,0.19846929609775543,-0.0639251098036766,0.5553779006004333
4751,42.22624206542969,24.411008834838867,0.4968875050544739,0.19840751588344574,-0.07919953763484955,0.5773668885231018
4752,42.552833557128906,25.15802574157715,0.5002250075340271,0.1984119862318039,-0.0450972244143486,0.5857881903648376
4753,42.330482482910156,24.79668426513672,0.4989125430583954,0.1983904093503952,-0.04951068386435509,0.5778546929359436
4754,41.84621810913086,23.179702758789062,0.5033000111579895,0.19845587015151978,-0.07245054841041565,0.5837761163711548
4755,42.38123321533203,24.625694274902344,0.5063125491142273,0.19858114421367645,-0.0532868467271328,0.575211763381958
4756,42.143836975097656,23.9585018157959,0.5046499967575073,0.19867348670959473,-0.05421021580696106,0.5948388576507568
4757,41.82390213012695,23.483003616333008,0.5016000270843506,0.1987052708864212,-0.06102598085999489,0.6031646728515625
4758,42.19618606567383,24.266910552978516,0.4990125298500061,0.1986856460571289,-0.09281966835260391,0.5567409992218018
4759,42.24555206298828,24.73736572265625,0.49383750557899475,0.19856320321559906,-0.07334252446889877,0.5757747888565063
4760,42.08684158325195,24.26908302307129,0.48928749561309814,0.19835048913955688,-0.0563725121319294,0.6017769575119019
4761,42.07196044921875,23.984682083129883,0.4923250377178192,0.19819825887680054,-0.041976913809776306,0.5935126543045044
4762,41.633583068847656,23.015958786010742,0.48965001106262207,0.19799312949180603,-0.0776493176817894,0.568051278591156
4763,42.15317153930664,24.334762573242188,0.4910000264644623,0.19781494140625,-0.07218314707279205,0.5666251182556152
4764,41.95867156982422,23.566272735595703,0.4990375339984894,0.19779589772224426,-0.07042410969734192,0.5797918438911438
4765,41.88869857788086,23.579729080200195,0.4967375099658966,0.1977313607931137,-0.05133352801203728,0.6076844930648804
4766,41.81684112548828,23.713987350463867,0.49455001950263977,0.1976235955953598,-0.06630869209766388,0.5860402584075928
4767,42.093505859375,24.076290130615234,0.499099999666214,0.19760580360889435,-0.041638974100351334,0.5643424391746521
4768,42.1351203918457,24.622039794921875,0.5014625191688538,0.1976347118616104,-0.06876324117183685,0.5733944177627563
4769,42.38010787963867,24.818557739257812,0.4965125322341919,0.19756579399108887,-0.04950863495469093,0.5658239722251892
4770,42.163490295410156,24.196733474731445,0.5038875341415405,0.19764259457588196,-0.05749855563044548,0.5835449695587158
4771,42.166481018066406,24.19648551940918,0.503724992275238,0.19771622121334076,-0.11966606974601746,0.5754948854446411
4772,42.10466384887695,24.15079116821289,0.5074625611305237,0.19786377251148224,-0.07406604290008545,0.5929949283599854
4773,42.44169235229492,25.097671508789062,0.5042250156402588,0.19794736802577972,-0.07710918039083481,0.5874143242835999
4774,42.447208404541016,24.673480987548828,0.5122000575065613,0.19818885624408722,-0.08330600708723068,0.5896023511886597
4775,42.203372955322266,24.241901397705078,0.510325014591217,0.19839347898960114,-0.06508450955152512,0.5985695719718933
4776,42.007720947265625,23.527633666992188,0.511412501335144,0.19861990213394165,-0.0699678361415863,0.6024550795555115
4777,42.377567291259766,24.63837242126465,0.5073250532150269,0.19876539707183838,-0.09191014617681503,0.6029458045959473
4778,42.406246185302734,24.608543395996094,0.5014500617980957,0.19879421591758728,-0.06635568290948868,0.5812290906906128
4779,42.13078308105469,24.220243453979492,0.500950038433075,0.19881311058998108,-0.04930132254958153,0.6065765023231506
4780,41.9855842590332,23.85102081298828,0.49170002341270447,0.1986480951309204,-0.0670146495103836,0.5617774724960327
4781,42.0201416015625,24.101125717163086,0.48832499980926514,0.19841617345809937,-0.09592746943235397,0.5861177444458008
4782,42.26826477050781,24.583845138549805,0.48813754320144653,0.19818079471588135,-0.07043952494859695,0.5704232454299927
4783,42.459129333496094,25.072120666503906,0.49086251854896545,0.1979997158050537,-0.077730692923069,0.5609501600265503
4784,41.93650817871094,23.40205955505371,0.4950125217437744,0.19790096580982208,-0.08957367390394211,0.5889012813568115
4785,42.484500885009766,25.383607864379883,0.5013500452041626,0.19792766869068146,-0.06852073967456818,0.5917292237281799
4786,42.05903244018555,23.836503982543945,0.5089750289916992,0.1981053203344345,-0.06901945173740387,0.5736528635025024
4787,42.272491455078125,24.38306999206543,0.5119875073432922,0.19834280014038086,-0.04592821002006531,0.602668046951294
4788,42.38566589355469,24.377235412597656,0.5164250731468201,0.19866856932640076,-0.06297257542610168,0.5944665670394897
4789,42.09992218017578,24.111631393432617,0.5101375579833984,0.1988699734210968,-0.05586453527212143,0.5869632959365845
4790,42.18793869018555,23.977882385253906,0.50986248254776,0.19906610250473022,-0.08487965911626816,0.6124644875526428
4791,41.95515823364258,24.01239013671875,0.5032375454902649,0.19913055002689362,-0.09844038635492325,0.5730408430099487
4792,42.25090789794922,24.937917709350586,0.49767500162124634,0.19908425211906433,-0.08895312994718552,0.5990574359893799
4793,41.92710494995117,23.79591178894043,0.4945000112056732,0.19897475838661194,-0.1142459586262703,0.6043842434883118
4794,41.966064453125,24.179933547973633,0.4907374978065491,0.19879046082496643,-0.11175273358821869,0.5753534436225891
4795,42.44810485839844,25.384578704833984,0.49118751287460327,0.19861528277397156,-0.03916119039058685,0.5786370635032654
4796,42.50019073486328,25.202377319335938,0.4970000088214874,0.19855569303035736,-0.0866299644112587,0.5869059562683105
4797,42.089908599853516,23.712196350097656,0.49967503547668457,0.19854924082756042,-0.06325959414243698,0.5749847292900085
4798,42.14683532714844,24.19009017944336,0.506225049495697,0.1986728459596634,-0.07204190641641617,0.5795946717262268
4799,42.002437591552734,23.817136764526367,0.505637526512146,0.19878484308719635,-0.02791171707212925,0.5917357802391052
4800,42.685333251953125,25.233983993530273,0.5077625513076782,0.19893915951251984,-0.08661923557519913,0.5888922810554504
4801,42.24123001098633,24.304075241088867,0.5038875341415405,0.1990164965391159,-0.05941703915596008,0.5713385343551636
4802,42.271034240722656,24.517864227294922,0.5025625228881836,0.19906750321388245,-0.04876842722296715,0.5638908743858337
4803,41.852848052978516,23.37417984008789,0.5001250505447388,0.19906999170780182,-0.020257756114006042,0.5896697044372559
4804,42.0031852722168,23.84184455871582,0.4931250214576721,0.19893313944339752,-0.030299939215183258,0.5792768001556396
4805,42.639076232910156,25.70475959777832,0.4919250011444092,0.19877249002456665,-0.060251057147979736,0.570652186870575
4806,42.32331848144531,25.25347900390625,0.4898125231266022,0.19856998324394226,-0.052220843732357025,0.5844351053237915
4807,42.09841537475586,24.192529678344727,0.4927750527858734,0.1984265297651291,-0.039141252636909485,0.5764117240905762
4808,42.05177688598633,24.152986526489258,0.49650001525878906,0.19835707545280457,-0.07991893589496613,0.5868369936943054
4809,41.942901611328125,23.394468307495117,0.4952125549316406,0.19826211035251617,-0.0637572854757309,0.5681729912757874
4810,42.514442443847656,25.23911476135254,0.5058250427246094,0.1983775943517685,-0.0348847359418869,0.5866193771362305
4811,42.210914611816406,24.49852752685547,0.504212498664856,0.19846117496490479,-0.0771409347653389,0.5840773582458496
4812,42.420318603515625,24.68791961669922,0.5036750435829163,0.19853411614894867,-0.03838729113340378,0.5894429683685303
4813,42.662601470947266,25.413312911987305,0.5027999877929688,0.19858971238136292,-0.055922236293554306,0.5937222242355347
4814,42.43415832519531,24.750619888305664,0.5019000172615051,0.19862744212150574,-0.0896817222237587,0.573311448097229
4815,42.271209716796875,24.241119384765625,0.5,0.19862744212150574,-0.05336694419384003,0.581245481967926
4816,42.18098449707031,24.074995040893555,0.5000874996185303,0.19862917065620422,-0.060539860278367996,0.5864456295967102
4817,41.87913131713867,23.93069839477539,0.502750039100647,0.19868379831314087,-0.08738844841718674,0.6037081480026245
4818,42.27109146118164,24.513031005859375,0.4979500472545624,0.19864307343959808,-0.03457943722605705,0.5805129408836365
4819,42.18613052368164,24.289154052734375,0.5,0.19864307343959808,-0.047115176916122437,0.5888968110084534
4820,42.11314392089844,24.18368911743164,0.49170002341270447,0.19847820699214935,-0.04731396585702896,0.5853894948959351
4821,42.036861419677734,23.764385223388672,0.4961000084877014,0.19840079545974731,-0.04698530212044716,0.590627908706665
4822,42.346866607666016,25.037734985351562,0.49246254563331604,0.19825124740600586,-0.045250751078128815,0.5596176981925964
4823,42.52742004394531,25.423704147338867,0.4992625415325165,0.1982366293668747,-0.056220997124910355,0.5844821333885193
4824,42.28642654418945,24.378578186035156,0.5037875175476074,0.1983117014169693,-0.04157866910099983,0.5733084678649902
4825,42.40007400512695,24.78995704650879,0.5071750283241272,0.19845399260520935,-0.04544788971543312,0.5803657174110413
4826,42.33433532714844,24.300052642822266,0.5061874985694885,0.19857677817344666,-0.05313406512141228,0.6022675633430481
4827,42.43699264526367,24.81851577758789,0.5071625113487244,0.19871899485588074,-0.055691491812467575,0.6019709706306458
4828,42.40372085571289,24.544401168823242,0.5047500133514404,0.19881339371204376,-0.06360002607107162,0.5723185539245605
4829,42.164058685302734,24.342655181884766,0.50347501039505,0.19888247549533844,-0.0697503462433815,0.599159300327301
4830,41.84002685546875,23.4982967376709,0.4985625445842743,0.19885388016700745,-0.0864202156662941,0.5647961497306824
4831,42.17034912109375,24.09808921813965,0.4943625330924988,0.19874177873134613,-0.0805063545703888,0.5793094635009766
4832,41.984474182128906,24.359891891479492,0.4962875247001648,0.1986680030822754,-0.11007852852344513,0.6141822338104248
4833,42.28229904174805,24.588001251220703,0.49281251430511475,0.19852520525455475,-0.07172461599111557,0.5722373127937317
4834,42.3880615234375,24.86067771911621,0.4927250146865845,0.19838078320026398,-0.09061629325151443,0.5815236568450928
4835,42.32925796508789,24.715845108032227,0.4971875250339508,0.19832497835159302,-0.05961216241121292,0.6042829751968384
4836,42.25655746459961,24.351221084594727,0.49890005588531494,0.19830316305160522,-0.08502444624900818,0.5597638487815857
4837,42.39291000366211,24.85464859008789,0.5029500126838684,0.19836166501045227,-0.08891574293375015,0.6034205555915833
4838,42.25928497314453,24.631668090820312,0.503962516784668,0.19844026863574982,-0.06630394607782364,0.5929727554321289
4839,42.216758728027344,24.293100357055664,0.500825047492981,0.19845664501190186,-0.022000521421432495,0.5718763470649719
4840,42.49152374267578,24.847522735595703,0.4989125728607178,0.19843506813049316,0.0035272494424134493,0.5766199231147766
4841,42.54035949707031,24.86597442626953,0.5014625191688538,0.19846409559249878,-0.041700009256601334,0.5748295187950134
4842,42.34514617919922,24.387685775756836,0.5024125576019287,0.1985119879245758,-0.07443124800920486,0.564478874206543
4843,42.061519622802734,23.670991897583008,0.501787543296814,0.19854748249053955,-0.027372710406780243,0.5772658586502075
4844,42.52842712402344,25.030824661254883,0.4991750419139862,0.1985311061143875,-0.04316806420683861,0.5694424510002136
4845,42.0257682800293,23.8697566986084,0.49621251225471497,0.19845591485500336,-0.035419680178165436,0.59669029712677
4846,42.32961654663086,24.605817794799805,0.493862509727478,0.19833411276340485,-0.05604800954461098,0.5661261081695557
4847,42.41073226928711,24.71464729309082,0.4966375231742859,0.19826743006706238,-0.05477927252650261,0.5729340314865112
4848,41.9234504699707,23.680912017822266,0.5037625432014465,0.19834202527999878,-0.06741361320018768,0.5577787160873413
4849,41.875572204589844,23.50433921813965,0.5088250637054443,0.1985170692205429,-0.09266289323568344,0.5811955332756042
4850,42.24322509765625,24.44344711303711,0.5056750178337097,0.1986297369003296,-0.030583953484892845,0.5767152309417725
4851,41.920196533203125,23.65351676940918,0.5052250027656555,0.19873352348804474,-0.10737576335668564,0.5703714489936829
4852,42.10597610473633,24.17840003967285,0.49777501821517944,0.1986893117427826,-0.02625463530421257,0.587327778339386
4853,42.38589096069336,24.886592864990234,0.49662503600120544,0.19862225651741028,-0.06588408350944519,0.6160112023353577
4854,42.283145904541016,24.64607810974121,0.4996750056743622,0.19861580431461334,-0.058924924582242966,0.5710945129394531
4855,42.2260856628418,24.122417449951172,0.4965125322341919,0.19854654371738434,-0.05338604375720024,0.5657125115394592
4856,42.0935173034668,23.907730102539062,0.49543753266334534,0.19845595955848694,-0.04373706877231598,0.5885801315307617
4857,42.114707946777344,23.998939514160156,0.49416252970695496,0.19834010303020477,-0.06475695967674255,0.5683881044387817
4858,42.48518371582031,25.267351150512695,0.4970000088214874,0.19828060269355774,-0.03601190447807312,0.5989537835121155
4859,41.74429702758789,22.8559513092041,0.5002124905586243,0.1982848048210144,-0.06487319618463516,0.5743101239204407
4860,42.1724853515625,24.88323211669922,0.499162495136261,0.19826820492744446,-0.05865151435136795,0.5630184412002563
4861,41.87466049194336,23.659841537475586,0.49937501549720764,0.19825580716133118,-0.08444731682538986,0.576066255569458
4862,42.18826675415039,23.884098052978516,0.5015375018119812,0.1982862949371338,-0.06759736686944962,0.5721198916435242
4863,42.291534423828125,24.654052734375,0.5001375079154968,0.19828900694847107,-0.033243775367736816,0.6073989272117615
4864,42.08057403564453,24.298856735229492,0.5007374882698059,0.19830363988876343,-0.07357972860336304,0.5808796882629395
4865,42.46345901489258,24.919391632080078,0.4992375075817108,0.19828851521015167,-0.07443886250257492,0.5476738810539246
4866,42.39336013793945,24.783584594726562,0.5036250352859497,0.1983603984117508,-0.09381293505430222,0.5983628034591675
4867,42.267574310302734,24.509246826171875,0.49877500534057617,0.19833609461784363,-0.057418107986450195,0.5765857100486755
4868,42.337100982666016,24.938024520874023,0.5002500414848328,0.19834105670452118,-0.03986936807632446,0.58134526014328
4869,42.21030807495117,24.432024002075195,0.49995002150535583,0.1983400583267212,-0.049871448427438736,0.5981742739677429
4870,42.06847381591797,24.123136520385742,0.5011000633239746,0.19836188852787018,-0.05374357849359512,0.5984216928482056
4871,42.100502014160156,24.128820419311523,0.5027000308036804,0.19841544330120087,-0.09119576960802078,0.5918059945106506
4872,42.37501525878906,24.78829574584961,0.5028125047683716,0.19847123324871063,-0.08956515789031982,0.6073602437973022
4873,41.857845306396484,23.268022537231445,0.5082875490188599,0.19863571226596832,-0.07092304527759552,0.6206473112106323
4874,41.89528274536133,23.658031463623047,0.503600001335144,0.1987072229385376,-0.1079135313630104,0.5991634726524353
4875,42.05509567260742,23.718000411987305,0.5042375326156616,0.19879142940044403,-0.09368599206209183,0.5916264057159424
4876,41.91261291503906,23.898639678955078,0.49301254749298096,0.19865252077579498,-0.05066511407494545,0.576978325843811
4877,41.94252395629883,23.672067642211914,0.4943125247955322,0.19853954017162323,-0.0842350497841835,0.5742934942245483
4878,42.7071418762207,25.462547302246094,0.49383753538131714,0.19841718673706055,-0.08647258579730988,0.5808852910995483
4879,42.658836364746094,25.36922836303711,0.4884125292301178,0.19818726181983948,-0.025136465206742287,0.574858546257019
4880,42.58411407470703,25.44860076904297,0.49207499623298645,0.19803020358085632,-0.06973889470100403,0.5585094690322876
4881,42.52589797973633,24.597412109375,0.4916500449180603,0.1978648453950882,-0.04559618979692459,0.5548577904701233
4882,42.28392791748047,24.625200271606445,0.49675002694129944,0.19780053198337555,-0.043309055268764496,0.582184910774231
4883,42.86524963378906,25.69654655456543,0.5059000253677368,0.19791722297668457,-0.05540839582681656,0.5784061551094055
4884,42.803218841552734,25.46015739440918,0.5091375112533569,0.1980980634689331,-0.019351938739418983,0.5956782698631287
4885,42.31000900268555,24.064956665039062,0.5140750408172607,0.19837689399719238,-0.054676156491041183,0.5656101703643799
4886,42.35783386230469,24.13237953186035,0.5153625011444092,0.19868165254592896,-0.03417724370956421,0.5557085871696472
4887,42.16422653198242,23.894025802612305,0.5173875093460083,0.19902712106704712,-0.035340070724487305,0.6026084423065186
4888,42.366268157958984,24.70189094543457,0.5093375444412231,0.1992129683494568,-0.07218854129314423,0.604767382144928
4889,42.40058517456055,24.6063175201416,0.501675009727478,0.1992463320493698,-0.054583728313446045,0.5764971375465393
4890,42.50605773925781,24.46436882019043,0.5022750496864319,0.1992916464805603,-0.06757398694753647,0.5538529753684998
4891,42.4290771484375,24.902042388916016,0.49425002932548523,0.19917705655097961,-0.0693388506770134,0.583439290523529
4892,42.72758865356445,25.90188980102539,0.4914875030517578,0.19900749623775482,-0.07095736265182495,0.602170467376709
4893,42.2280387878418,23.991323471069336,0.4919750392436981,0.19884778559207916,-0.09223245829343796,0.5714011788368225
4894,42.03268051147461,23.890165328979492,0.4956125319004059,0.19876053929328918,-0.069131039083004,0.5822942852973938
4895,42.01131057739258,23.754945755004883,0.49653753638267517,0.198691725730896,-0.07808462530374527,0.595577597618103
4896,42.17921447753906,24.54555892944336,0.5005625486373901,0.19870290160179138,-0.11448094248771667,0.5849354863166809
4897,41.928287506103516,23.545747756958008,0.5075125098228455,0.19885218143463135,-0.1062527671456337,0.6026219725608826
4898,42.36819076538086,24.825040817260742,0.5052125453948975,0.19895584881305695,-0.06830079108476639,0.6101190447807312
4899,41.91354751586914,23.648256301879883,0.5100250244140625,0.1991553157567978,-0.08081158250570297,0.6023573875427246
4900,42.13566589355469,23.9799747467041,0.5028375387191772,0.19921182096004486,-0.08975313603878021,0.591684103012085
4901,42.06671142578125,23.84330940246582,0.505174994468689,0.1993149071931839,-0.07014816254377365,0.6217156648635864
4902,42.11621856689453,23.899194717407227,0.5024999976158142,0.19936473667621613,-0.08799687772989273,0.5888745784759521
4903,42.24327850341797,24.530603408813477,0.497825026512146,0.19932137429714203,-0.08145472407341003,0.6104860901832581
4904,42.16865158081055,24.07292366027832,0.4970250427722931,0.1992620825767517,-0.0651358962059021,0.5711028575897217
4905,42.15647506713867,24.720298767089844,0.5010000467300415,0.19928200542926788,-0.052384357899427414,0.6051146388053894
4906,42.421871185302734,25.091951370239258,0.49688753485679626,0.1992199718952179,-0.06340456008911133,0.5683480501174927
4907,42.51409149169922,24.846235275268555,0.4986875355243683,0.1991938203573227,-0.024103913456201553,0.5832757949829102
4908,41.78285598754883,23.348880767822266,0.5030249953269958,0.1992540806531906,-0.058051545172929764,0.5679376721382141
4909,41.80759811401367,23.3391170501709,0.5076250433921814,0.1994059979915619,-0.08660023659467697,0.594659686088562
4910,42.21232223510742,24.139436721801758,0.5067500472068787,0.19954058527946472,-0.08668098598718643,0.5911304354667664
4911,42.47140884399414,25.06783676147461,0.503350019454956,0.19960743188858032,-0.08223732560873032,0.5938531756401062
4912,42.3658332824707,24.615652084350586,0.5085000395774841,0.19977709650993347,-0.0900501161813736,0.5956701636314392
4913,42.045291900634766,23.75147819519043,0.5033250451087952,0.19984351098537445,-0.09636647999286652,0.5869343876838684
4914,42.48102569580078,25.281064987182617,0.49483755230903625,0.19974035024642944,-0.05410498380661011,0.5869396328926086
4915,41.844085693359375,23.47355079650879,0.49233752489089966,0.19958730041980743,-0.045592937618494034,0.5871698260307312
4916,42.523887634277344,25.341304779052734,0.49966251850128174,0.19958056509494781,-0.028928158804774284,0.5992808938026428
4917,41.85738754272461,23.123743057250977,0.49396252632141113,0.19946007430553436,-0.0416443794965744,0.5806993842124939
4918,41.81410217285156,23.14410400390625,0.4931625723838806,0.19932369887828827,-0.022070158272981644,0.5831751823425293
4919,42.41316604614258,25.007328033447266,0.49687501788139343,0.19926141202449799,-0.012479615397751331,0.5832558870315552
4920,41.91790771484375,23.657154083251953,0.4993250370025635,0.19924797117710114,-0.04326889291405678,0.5659053325653076
4921,41.99733352661133,23.854167938232422,0.49675002694129944,0.19918321073055267,-0.06001349538564682,0.5886193513870239
4922,42.24895095825195,24.79930877685547,0.498725026845932,0.19915781915187836,-0.030195677652955055,0.5746929049491882
4923,41.99624252319336,24.19892120361328,0.4925375282764435,0.19900919497013092,-0.04217477887868881,0.5869656801223755
4924,42.36873245239258,25.010568618774414,0.4935000240802765,0.19887983798980713,-0.060090769082307816,0.5700151324272156
4925,42.14848709106445,24.30662727355957,0.4965250492095947,0.19881072640419006,-0.028484394773840904,0.5627834796905518
4926,42.545475006103516,24.956769943237305,0.49953752756118774,0.19880153238773346,-0.011915130540728569,0.5983173847198486
4927,42.23799133300781,24.448862075805664,0.5015625357627869,0.19883260130882263,-0.04119625687599182,0.5716437101364136
4928,42.138580322265625,24.08236312866211,0.5067750215530396,0.19896730780601501,-0.05455831438302994,0.5826631784439087
4929,42.2224006652832,24.01572608947754,0.5039500594139099,0.19904591143131256,-0.07430413365364075,0.5976883172988892
4930,42.051116943359375,24.584054946899414,0.5020250082015991,0.19908621907234192,-0.06350934505462646,0.58265221118927
4931,42.13816833496094,24.34902000427246,0.4992375373840332,0.1990710347890854,-0.08027124404907227,0.5872645378112793
4932,42.2993049621582,24.808460235595703,0.496987521648407,0.19901107251644135,-0.06395306438207626,0.5914292335510254
4933,42.44595718383789,25.3818359375,0.49863752722740173,0.19898395240306854,-0.06003418192267418,0.5851747989654541
4934,42.07084274291992,24.208942413330078,0.49838754534721375,0.1989518702030182,-0.0887184590101242,0.594459593296051
4935,42.34471893310547,24.826568603515625,0.49693751335144043,0.19889093935489655,-0.1102597564458847,0.5963223576545715
4936,42.38169479370117,24.812786102294922,0.5005500912666321,0.19890187680721283,-0.053410012274980545,0.6057220697402954
4937,42.485050201416016,24.790294647216797,0.507437527179718,0.19904981553554535,-0.09082799404859543,0.5897097587585449
4938,42.430213928222656,24.84598159790039,0.5093375444412231,0.1992356777191162,-0.06484151631593704,0.5948513746261597
4939,42.26905059814453,23.871267318725586,0.5125000476837158,0.199484720826149,-0.06876231729984283,0.5946375727653503
4940,42.08570861816406,24.04656219482422,0.5032750368118286,0.19955004751682281,-0.0567275695502758,0.5735810399055481
4941,42.25830078125,24.30756187438965,0.49988752603530884,0.19954779744148254,-0.08064552396535873,0.5804458856582642
4942,42.521392822265625,24.995882034301758,0.49578753113746643,0.19946373999118805,-0.09382080286741257,0.5597110390663147
4943,42.52348327636719,25.620084762573242,0.48993751406669617,0.19926303625106812,-0.06240328401327133,0.6069867610931396
4944,42.32583236694336,24.578725814819336,0.4911750555038452,0.19908718764781952,-0.07134317606687546,0.5887326002120972
4945,41.933467864990234,24.118938446044922,0.49233755469322205,0.1989346444606781,-0.055094413459300995,0.5702866911888123
4946,42.6297492980957,25.559486389160156,0.493025004863739,0.198795884847641,-0.05931725725531578,0.5700820684432983
4947,41.800079345703125,23.19341278076172,0.4993875324726105,0.19878371059894562,-0.031511031091213226,0.5792478919029236
4948,42.35674285888672,24.762893676757812,0.5029000043869019,0.19884136319160461,-0.032399263232946396,0.5869963765144348
4949,42.494903564453125,24.81747817993164,0.5029125809669495,0.1988992691040039,-0.05381946638226509,0.5942946076393127
4950,42.0274543762207,23.970293045043945,0.5029749870300293,0.19895845651626587,-0.06989158689975739,0.5767412185668945
4951,42.442626953125,24.905839920043945,0.5047500133514404,0.19905297458171844,-0.05916783586144447,0.5873510241508484
4952,42.448970794677734,25.05510711669922,0.5039875507354736,0.19913235306739807,-0.06364817917346954,0.6085169911384583
4953,41.81843948364258,23.20856285095215,0.5041500329971313,0.19921498000621796,-0.057186756283044815,0.5832677483558655
4954,42.22301483154297,23.958276748657227,0.5015249848365784,0.19924534857273102,-0.046468812972307205,0.6093069314956665
4955,42.331268310546875,24.619016647338867,0.5018500685691833,0.1992822140455246,-0.07384448498487473,0.5869893431663513
4956,42.13511657714844,24.199878692626953,0.495712548494339,0.19919677078723907,-0.054467443376779556,0.5783072113990784
4957,42.41269302368164,25.204057693481445,0.4953874945640564,0.1991048902273178,-0.07582397013902664,0.5612173080444336
4958,42.18777084350586,24.418378829956055,0.4935750365257263,0.19897696375846863,-0.07091275602579117,0.5722262263298035
4959,42.09561538696289,24.512187957763672,0.4999125003814697,0.19897522032260895,-0.09544309228658676,0.5974563360214233
4960,42.52824401855469,25.122846603393555,0.5040375590324402,0.19905555248260498,-0.07131993770599365,0.5842804312705994
4961,41.92453384399414,23.65955352783203,0.504550039768219,0.1991461217403412,-0.11262797564268112,0.5960659384727478
4962,42.023380279541016,23.86957550048828,0.5039000511169434,0.19922380149364471,-0.06001318618655205,0.6201663613319397
4963,42.158782958984375,24.42544174194336,0.5053250193595886,0.19932988286018372,-0.06956110149621964,0.577102541923523
4964,41.887779235839844,23.227060317993164,0.5059625506401062,0.19944873452186584,-0.03887782618403435,0.5980450510978699
4965,41.96220016479492,23.765663146972656,0.5027250051498413,0.199503093957901,-0.05966263636946678,0.607681393623352
4966,42.24480438232422,24.866878509521484,0.49675002694129944,0.19943824410438538,-0.04872574284672737,0.5757044553756714
4967,41.78718566894531,23.651479721069336,0.49973756074905396,0.19943301379680634,-0.03445083647966385,0.5753669142723083
4968,41.89754104614258,24.234561920166016,0.4987500309944153,0.19940808415412903,-0.05444588139653206,0.5722865462303162
4969,42.407142639160156,25.134586334228516,0.4972250163555145,0.19935274124145508,-0.052665986120700836,0.585040271282196
4970,42.5344352722168,25.4215030670166,0.4975625276565552,0.19930414855480194,-0.08279995620250702,0.5825206637382507
4971,42.21023941040039,24.63196563720703,0.49595004320144653,0.19922342896461487,-0.0730225220322609,0.5596799254417419
4972,42.16865921020508,24.19784164428711,0.49662503600120544,0.19915619492530823,-0.060957469046115875,0.5992429256439209
4973,42.089717864990234,24.117265701293945,0.50371253490448,0.1992301195859909,-0.05818454176187515,0.5899026989936829
4974,42.049564361572266,23.8734073638916,0.5080375075340271,0.19939024746418,-0.0840829536318779,0.6018306612968445
4975,42.80378341674805,25.786968231201172,0.5031750202178955,0.19945354759693146,-0.08516625314950943,0.5835399031639099
4976,42.308441162109375,24.663543701171875,0.5035750269889832,0.19952484965324402,-0.07056205719709396,0.5997166633605957
4977,42.37971878051758,25.090871810913086,0.49922505021095276,0.1995093822479248,-0.07636788487434387,0.5797296762466431
4978,41.94105911254883,23.652822494506836,0.5098375678062439,0.19970564544200897,-0.03454907238483429,0.6034603714942932
4979,42.14534378051758,24.152204513549805,0.5002999901771545,0.1997116506099701,-0.08423037827014923,0.6066380143165588
4980,42.063140869140625,23.954029083251953,0.49945002794265747,0.19970066845417023,-0.07007896900177002,0.5746287107467651
4981,42.47743225097656,24.91814613342285,0.4960375130176544,0.1996215432882309,-0.07732489705085754,0.5788435339927673
4982,42.32058334350586,24.921939849853516,0.49947500228881836,0.19961106777191162,-0.07738414406776428,0.58538818359375
4983,42.04443359375,24.383363723754883,0.49800002574920654,0.1995711475610733,-0.06208634376525879,0.5756996273994446
4984,42.29741287231445,24.595478057861328,0.49925005435943604,0.19955618679523468,-0.08332739025354385,0.5770145058631897
4985,42.44892501831055,24.794601440429688,0.5012000203132629,0.1995801478624344,-0.05209379643201828,0.5896850824356079
4986,42.358646392822266,24.633949279785156,0.5036500096321106,0.1996529996395111,-0.05926232412457466,0.5848881602287292
4987,41.949310302734375,23.858537673950195,0.5007374882698059,0.19966773688793182,-0.0704280287027359,0.5893640518188477
4988,42.184303283691406,24.35883140563965,0.505850076675415,0.1997845321893692,-0.0645768791437149,0.5961558222770691
4989,42.17390060424805,24.46621322631836,0.5051875114440918,0.1998881846666336,-0.08572756499052048,0.6028638482093811
4990,42.236114501953125,24.46914291381836,0.5032375454902649,0.1999529004096985,-0.08675622940063477,0.5964920520782471
4991,42.20520782470703,24.52300262451172,0.5030875205993652,0.2000146359205246,-0.1019018143415451,0.5800197720527649
4992,42.22962188720703,24.205764770507812,0.5063625574111938,0.20014189183712006,-0.04897744208574295,0.5833086371421814
4993,42.5513916015625,25.30670166015625,0.5060750842094421,0.20026347041130066,-0.05029390752315521,0.5631670355796814
4994,42.14130783081055,24.130916595458984,0.5072374939918518,0.20040839910507202,-0.037043314427137375,0.579858660697937
4995,42.487770080566406,24.919174194335938,0.503250002861023,0.20047353208065033,-0.07188524305820465,0.5721052289009094
4996,42.21025085449219,24.515501022338867,0.49995002150535583,0.20047253370285034,-0.06529049575328827,0.5914093852043152
4997,42.27845764160156,25.155183792114258,0.4987249970436096,0.2004469782114029,-0.1122533306479454,0.5845510363578796
4998,42.28184127807617,24.88286590576172,0.4989500045776367,0.200425922870636,-0.06396076828241348,0.5984830856323242
4999,41.94600296020508,23.689350128173828,0.4946500360965729,0.20031869411468506,-0.060182489454746246,0.564335823059082
