step,energy,std,acceptance_rate,step_size,cm_mean,cm_std
0,5.183498859405518,1.5902507305145264,0.9115599989891052,0.5205780267715454,-0.4505160450935364,1.8333041667938232
1,5.0723795890808105,1.4617358446121216,0.9198099970817566,0.542432427406311,-0.2978099584579468,1.739719033241272
2,4.8735270500183105,1.2992703914642334,0.8981999754905701,0.5640320777893066,-0.17301952838897705,1.615930438041687
3,4.764943599700928,1.1949373483657837,0.8550900220870972,0.5840603113174438,-0.03758113831281662,1.512811303138733
4,4.729027271270752,1.1696887016296387,0.8121200203895569,0.6022899746894836,0.04061751067638397,1.4232068061828613
5,4.729678153991699,1.1680160760879517,0.7750599980354309,0.6188565492630005,0.005634440574795008,1.3213329315185547
6,4.770259380340576,1.171836495399475,0.7467799782752991,0.6341286897659302,0.02954498678445816,1.2624889612197876
7,4.753020763397217,1.1689623594284058,0.7218500375747681,0.648196816444397,0.050782158970832825,1.2158037424087524
8,4.725423336029053,1.1353174448013306,0.7050599455833435,0.6614887714385986,0.034421227872371674,1.1683486700057983
9,4.717711448669434,1.1283140182495117,0.6962900161743164,0.6744731068611145,-0.028568197041749954,1.1761842966079712
10,4.672080039978027,1.0911369323730469,0.6829599738121033,0.6868132948875427,-0.04825800657272339,1.1043603420257568
11,4.637040615081787,1.0641003847122192,0.6765400171279907,0.698938250541687,-0.017329096794128418,1.1579437255859375
12,4.6198625564575195,1.0326515436172485,0.6701500415802002,0.7108306884765625,-0.060910664498806,1.1977263689041138
13,4.549496173858643,0.9846123456954956,0.6636899709701538,0.7224662899971008,-0.06583163142204285,1.1942791938781738
14,4.543291091918945,0.9541705250740051,0.6571599245071411,0.7338205575942993,-0.1103794202208519,1.1976960897445679
15,4.525088310241699,0.920119047164917,0.647849977016449,0.7446701526641846,-0.07248203456401825,1.180086374282837
16,4.493869781494141,0.8847402930259705,0.6402400135993958,0.755113422870636,-0.04770972579717636,1.1900177001953125
17,4.480102062225342,0.869570255279541,0.6372600197792053,0.7654781341552734,-0.06438235938549042,1.249394178390503
18,4.489164352416992,0.8535798192024231,0.6275100111961365,0.7752387523651123,-0.03654252365231514,1.2208797931671143
19,4.4877848625183105,0.8515165448188782,0.6170299649238586,0.7843113541603088,-0.03058432601392269,1.227870225906372
20,4.47462797164917,0.8303830027580261,0.6098499894142151,0.7929270267486572,-0.09517932683229446,1.2719613313674927
21,4.461236953735352,0.8177045583724976,0.5999399423599243,0.800851583480835,-0.10939092189073563,1.1802964210510254
22,4.457522392272949,0.8056167960166931,0.592710018157959,0.8082762956619263,-0.07225306332111359,1.2023698091506958
23,4.4518022537231445,0.7899259924888611,0.5846400260925293,0.8151175379753113,-0.06514889001846313,1.2140228748321533
24,4.437021732330322,0.7818830609321594,0.576229989528656,0.8213311433792114,-0.06713574379682541,1.1866283416748047
25,4.413328170776367,0.766595184803009,0.5718399882316589,0.8272315859794617,-0.11082001775503159,1.1336915493011475
26,4.403578758239746,0.7540658116340637,0.5659000277519226,0.8326830267906189,-0.04532714560627937,1.1013855934143066
27,4.406252861022949,0.7429736256599426,0.552590012550354,0.8370621204376221,-0.12427005916833878,1.1007723808288574
28,4.3928141593933105,0.7335507869720459,0.5496100187301636,0.8412147760391235,-0.017784608528017998,1.137609839439392
29,4.3853325843811035,0.7248661518096924,0.5448399782180786,0.8449867367744446,-0.05905434861779213,1.0458166599273682
30,4.38338041305542,0.7200383543968201,0.542739987373352,0.8485982418060303,-0.06990077346563339,1.0561491250991821
31,4.367185592651367,0.702915370464325,0.5337300300598145,0.8514605760574341,-0.04024054855108261,1.0377087593078613
32,4.379692554473877,0.707543671131134,0.5310999751091003,0.8541086912155151,-0.012391140684485435,1.0369666814804077
33,4.36306619644165,0.7030724287033081,0.5240600109100342,0.8561636805534363,0.00734392274171114,1.085731029510498
34,4.369592189788818,0.7002400755882263,0.5263500213623047,0.85841965675354,0.025211788713932037,1.0146695375442505
35,4.371496200561523,0.6982207298278809,0.5240300297737122,0.8604824542999268,0.035726726055145264,1.075381875038147
36,4.357841968536377,0.6793377995491028,0.5229899883270264,0.8624606728553772,-0.01936495490372181,1.105777621269226
37,4.350488185882568,0.6762021780014038,0.5247200131416321,0.8645927309989929,0.050645556300878525,1.0323477983474731
38,4.351836204528809,0.686640739440918,0.5233800411224365,0.8666142225265503,0.014467180706560612,1.0695720911026
39,4.3320631980896,0.6605932712554932,0.52156001329422,0.8684826493263245,0.020183930173516273,1.0456509590148926
40,4.3492326736450195,0.6780339479446411,0.5215399861335754,0.8703533411026001,0.00917432177811861,1.1078078746795654
41,4.329672336578369,0.6664249300956726,0.5233399868011475,0.8723847270011902,0.018343878909945488,1.1356121301651
42,4.338001251220703,0.6581972241401672,0.5232400298118591,0.8744121193885803,0.026152923703193665,1.1282087564468384
43,4.324135780334473,0.6606630682945251,0.5259699821472168,0.8766829371452332,-0.05246836692094803,1.173616647720337
44,4.3209757804870605,0.6505611538887024,0.529770016670227,0.8792928457260132,-0.02056611329317093,1.1416893005371094
45,4.324787139892578,0.6515551209449768,0.5303599834442139,0.8819624185562134,-0.01376525592058897,1.1621237993240356
46,4.322170734405518,0.6605834364891052,0.531309962272644,0.8847238421440125,-0.05448238551616669,1.2256126403808594
47,4.31719970703125,0.6435779929161072,0.5285899639129639,0.8872532844543457,0.025617681443691254,1.2460356950759888
48,4.317938804626465,0.6551190614700317,0.5339400172233582,0.890264630317688,-0.009612235240638256,1.2217628955841064
49,4.313345909118652,0.6439403295516968,0.5342999696731567,0.893318235874176,-0.03610151261091232,1.2368416786193848
50,4.3155083656311035,0.6582291722297668,0.5339699983596802,0.8963528275489807,-0.05556604266166687,1.234900712966919
51,4.309137344360352,0.6491310000419617,0.5363199710845947,0.899608314037323,0.02360467240214348,1.2470332384109497
52,4.310165882110596,0.649558424949646,0.5331599712371826,0.9025914669036865,-0.01660834066569805,1.2521170377731323
53,4.310348987579346,0.6477407217025757,0.532829999923706,0.9055547118186951,-0.04743381589651108,1.2647625207901
54,4.304302215576172,0.6496549248695374,0.5362800359725952,0.9088400602340698,0.06559440493583679,1.3176556825637817
55,4.307958126068115,0.6460645794868469,0.5338299870491028,0.9119147062301636,0.0006253357278183103,1.32776939868927
56,4.297061443328857,0.6456054449081421,0.532990038394928,0.9149231314659119,-0.05479385703802109,1.318115234375
57,4.300332069396973,0.6478532552719116,0.5311300158500671,0.9177713394165039,0.017371701076626778,1.3251545429229736
58,4.297718524932861,0.6461217403411865,0.5323300361633301,0.9207384586334229,0.0009499349980615079,1.3028690814971924
59,4.302994251251221,0.6495301723480225,0.5293800234794617,0.923443615436554,-0.034534428268671036,1.261857271194458
60,4.2906813621521,0.631808340549469,0.525909960269928,0.9258362650871277,-0.02247132919728756,1.3195500373840332
61,4.29724645614624,0.646803081035614,0.5266600251197815,0.9283045530319214,-0.028289124369621277,1.3065534830093384
62,4.296378135681152,0.6361573934555054,0.5277400016784668,0.9308796525001526,0.05239640921354294,1.3333442211151123
63,4.307572364807129,0.6533157229423523,0.5256999731063843,0.9332720637321472,0.04745228588581085,1.2770916223526
64,4.290555953979492,0.63978511095047,0.5247800350189209,0.9355847239494324,0.022121567279100418,1.376281499862671
65,4.298580646514893,0.6413635015487671,0.525629997253418,0.9379826188087463,-0.029232170432806015,1.2942805290222168
66,4.294614791870117,0.6318690776824951,0.5181100368499756,0.939681351184845,-0.0327175110578537,1.3099201917648315
67,4.293055057525635,0.6332482695579529,0.5189499855041504,0.941461980342865,0.0010873713763430715,1.2871248722076416
68,4.287397384643555,0.6288846731185913,0.5210300087928772,0.9434418678283691,0.01723131723701954,1.2951759099960327
69,4.282354831695557,0.6284040808677673,0.518589973449707,0.9451956748962402,0.01651754043996334,1.3580914735794067
70,4.286355495452881,0.6242187023162842,0.5177199840545654,0.9468706250190735,-0.0028814184479415417,1.3271785974502563
71,4.282247066497803,0.6291806101799011,0.5196700096130371,0.9487330913543701,0.015026248060166836,1.3250564336776733
72,4.283202171325684,0.6247225999832153,0.5155900120735168,0.9502121806144714,0.02681303769350052,1.3092230558395386
73,4.279069423675537,0.6236034631729126,0.5162200331687927,0.9517533779144287,0.07698578387498856,1.3377156257629395
74,4.289738178253174,0.6207565665245056,0.5158199667930603,0.9532590508460999,0.02186375856399536,1.3138298988342285
75,4.281490325927734,0.6246744394302368,0.5168900489807129,0.9548690915107727,-0.000380942365154624,1.2851942777633667
76,4.286459922790527,0.6239210367202759,0.5139999985694885,0.9562059044837952,0.00869713444262743,1.2891572713851929
77,4.28088903427124,0.6138350367546082,0.5141499638557434,0.9575589299201965,0.026036221534013748,1.3491032123565674
78,4.274003028869629,0.6140578985214233,0.5131299495697021,0.9588161706924438,0.006910871714353561,1.2857221364974976
79,4.273658275604248,0.6126163601875305,0.509719967842102,0.9597481489181519,0.0035666634794324636,1.3118845224380493
80,4.27609920501709,0.6129897236824036,0.5134599804878235,0.9610399603843689,-0.014338833279907703,1.3363512754440308
81,4.275119304656982,0.6210839152336121,0.5143200159072876,0.9624161124229431,-0.01862572692334652,1.3328139781951904
82,4.26088809967041,0.6018086075782776,0.513480007648468,0.9637134671211243,0.003012291621416807,1.3114184141159058
83,4.273500919342041,0.6089276671409607,0.5151500701904297,0.9651735424995422,0.02348078042268753,1.3595075607299805
84,4.273169994354248,0.6086861491203308,0.5124900341033936,0.9663789868354797,-0.0013888712273910642,1.347965121269226
85,4.276913166046143,0.6076641082763672,0.5133700370788574,0.9676710963249207,0.047976505011320114,1.3160468339920044
86,4.268619537353516,0.6004227995872498,0.5138800144195557,0.9690141677856445,-0.0071448395028710365,1.278481125831604
87,4.266256809234619,0.6044136881828308,0.5151699781417847,0.97048419713974,0.052621643990278244,1.3153307437896729
88,4.264710903167725,0.6098396182060242,0.5156800150871277,0.9720059037208557,-0.012614269740879536,1.3456906080245972
89,4.269589900970459,0.6026674509048462,0.513729989528656,0.9733405113220215,-0.018983857706189156,1.3647398948669434
90,4.262904167175293,0.6080045700073242,0.5156100392341614,0.9748599529266357,0.09720981121063232,1.3144779205322266
91,4.2629241943359375,0.6070157885551453,0.5149800181388855,0.9763202667236328,0.006934965495020151,1.3761428594589233
92,4.256433963775635,0.599808931350708,0.5151899456977844,0.9778032898902893,-0.0176719818264246,1.3466908931732178
93,4.266205310821533,0.5971969366073608,0.5159100294113159,0.979358971118927,0.029980236664414406,1.3926026821136475
94,4.264979839324951,0.6024833917617798,0.517810046672821,0.9811031818389893,0.03987942636013031,1.3621280193328857
95,4.266232013702393,0.6121665835380554,0.5187600255012512,0.9829437136650085,0.01566220633685589,1.3686931133270264
96,4.260143756866455,0.5990903973579407,0.5140199661254883,0.9843218326568604,-0.030167801305651665,1.3801616430282593
97,4.258944988250732,0.6049614548683167,0.5153900384902954,0.9858366847038269,-0.010412121191620827,1.3938285112380981
98,4.2559638023376465,0.5934247970581055,0.5170699954032898,0.9875194430351257,0.015601218678057194,1.3543227910995483
99,4.260910511016846,0.6041645407676697,0.5157099962234497,0.9890707731246948,-0.045537691563367844,1.420720100402832
100,4.260993480682373,0.5969851613044739,0.5135000348091125,0.9904060363769531,-0.02150828205049038,1.299912691116333
101,4.247587203979492,0.5857570171356201,0.509909987449646,0.9913874864578247,-0.046691492199897766,1.3663206100463867
102,4.253018856048584,0.5916407108306885,0.5115099549293518,0.9925285577774048,-0.02074792981147766,1.3920196294784546
103,4.252679347991943,0.5916140675544739,0.5134400129318237,0.993862509727478,0.017307087779045105,1.4059526920318604
104,4.248637676239014,0.5887226462364197,0.5123699903488159,0.99509197473526,-0.06220155581831932,1.3344676494598389
105,4.251437187194824,0.5868152379989624,0.5126799941062927,0.996353805065155,0.008418750949203968,1.375219464302063
106,4.250118732452393,0.5839354991912842,0.5081300139427185,0.9971638321876526,-0.058120813220739365,1.3415160179138184
107,4.252689838409424,0.5802530646324158,0.5101699829101562,0.9981779456138611,0.05208345130085945,1.3677701950073242
108,4.254385948181152,0.5926724076271057,0.5117000341415405,0.9993458390235901,0.04059123247861862,1.4120794534683228
109,4.251376628875732,0.586995542049408,0.5107100009918213,1.0004161596298218,-0.03585662692785263,1.3477364778518677
110,4.250096321105957,0.5815690159797668,0.5122500061988831,1.0016416311264038,0.02185022458434105,1.3420547246932983
111,4.239276885986328,0.5860542058944702,0.5122299790382385,1.0028666257858276,0.03074307180941105,1.3986918926239014
112,4.244189262390137,0.5738502740859985,0.5068399906158447,1.0035525560379028,-0.06372562795877457,1.34328293800354
113,4.241560935974121,0.5742418766021729,0.510390043258667,1.0045952796936035,-0.03230016306042671,1.3509974479675293
114,4.242709159851074,0.5710847973823547,0.5080600380897522,1.0054049491882324,-0.012722468003630638,1.3706955909729004
115,4.235637187957764,0.5746185183525085,0.5120099782943726,1.0066124200820923,-0.01368805207312107,1.3631874322891235
116,4.239406108856201,0.5695895552635193,0.5075200200080872,1.0073693990707397,0.018136784434318542,1.3433291912078857
117,4.242757797241211,0.5727424621582031,0.508150041103363,1.008190393447876,-0.026059908792376518,1.3389723300933838
118,4.238255977630615,0.5688149929046631,0.5062299966812134,1.008818507194519,-0.04884803667664528,1.385567307472229
119,4.237429618835449,0.5622390508651733,0.5081899762153625,1.0096447467803955,0.013613294810056686,1.3479605913162231
120,4.233135223388672,0.5655670166015625,0.5102499723434448,1.0106796026229858,-0.055732451379299164,1.3690564632415771
121,4.243216514587402,0.5649013519287109,0.5100300312042236,1.0116933584213257,0.007568708620965481,1.4103807210922241
122,4.237961292266846,0.5620644092559814,0.506630003452301,1.012364149093628,-0.03694643825292587,1.3587759733200073
123,4.232007026672363,0.5545995235443115,0.509880006313324,1.013364315032959,0.04258005693554878,1.362001895904541
124,4.23544454574585,0.555438756942749,0.5103600025177002,1.0144141912460327,-0.0763867199420929,1.403874397277832
125,4.232336521148682,0.5530387163162231,0.5046499967575073,1.0148859024047852,-0.065129354596138,1.3691319227218628
126,4.231020927429199,0.5534428358078003,0.5082500576972961,1.0157232284545898,0.05448455736041069,1.3988410234451294
127,4.236370086669922,0.548708975315094,0.5064799785614014,1.0163813829421997,-0.04312853515148163,1.3852430582046509
128,4.237114429473877,0.5497657656669617,0.5063400268554688,1.0170257091522217,-0.03174874559044838,1.3494690656661987
129,4.224294185638428,0.5477200746536255,0.5074400305747986,1.0177823305130005,-0.08831175416707993,1.3620327711105347
130,4.228609561920166,0.5481266379356384,0.5061900019645691,1.0184123516082764,-0.06680278480052948,1.4280452728271484
131,4.226446151733398,0.5430983304977417,0.5053099989891052,1.0189530849456787,0.03644223511219025,1.342952847480774
132,4.2260661125183105,0.538196325302124,0.5040600299835205,1.0193668603897095,0.01661086268723011,1.3381116390228271
133,4.224552154541016,0.5402991771697998,0.505299985408783,1.0199071168899536,-0.05720292776823044,1.339200496673584
134,4.227902889251709,0.5444664359092712,0.5085499882698059,1.0207791328430176,-0.024821694940328598,1.3490244150161743
135,4.228671073913574,0.5388422608375549,0.5051900148391724,1.0213088989257812,0.04857311025261879,1.338059902191162
136,4.225306510925293,0.531499445438385,0.5055899620056152,1.02187979221344,-0.06943167001008987,1.4005123376846313
137,4.222421169281006,0.5360236763954163,0.502780020236969,1.0221638679504395,-0.035069651901721954,1.378674030303955
138,4.220881938934326,0.535047709941864,0.5057900547981262,1.022755742073059,-0.02759772539138794,1.4075946807861328
139,4.226556301116943,0.541376531124115,0.505329966545105,1.0233008861541748,-0.01634758524596691,1.4004669189453125
140,4.216955184936523,0.5283362865447998,0.5057000517845154,1.0238841772079468,0.010748079046607018,1.3686946630477905
141,4.224318027496338,0.5312328934669495,0.5034400224685669,1.0242364406585693,-0.028387820348143578,1.3391238451004028
142,4.223180294036865,0.5254806280136108,0.5004299879074097,1.0242805480957031,-0.020994309335947037,1.4066332578659058
143,4.218737602233887,0.5236002802848816,0.5042400360107422,1.0247148275375366,0.0010611992329359055,1.3594417572021484
144,4.2198004722595215,0.5224494338035583,0.5018600225448608,1.0249054431915283,-0.01616903394460678,1.3488065004348755
145,4.220718860626221,0.5239559412002563,0.5015400052070618,1.0250632762908936,-0.033859338611364365,1.3860383033752441
146,4.218920707702637,0.514304518699646,0.5029799938201904,1.0253688097000122,0.008760141208767891,1.3686577081680298
147,4.216685771942139,0.5091311931610107,0.5010499954223633,1.0254764556884766,-0.029990287497639656,1.3857340812683105
148,4.218063831329346,0.5190247893333435,0.4991599917411804,1.025390386581421,0.01938898116350174,1.3444136381149292
149,4.211943626403809,0.505855143070221,0.4994300305843353,1.025331974029541,-0.020700683817267418,1.332289457321167
150,4.2142109870910645,0.5060825943946838,0.4995500147342682,1.0252858400344849,-0.008642389439046383,1.3440263271331787
151,4.216300010681152,0.508223295211792,0.49717003107070923,1.0249956846237183,0.023210648447275162,1.330759048461914
152,4.215880393981934,0.5079885125160217,0.49803999066352844,1.0247948169708252,-0.017058292403817177,1.3720239400863647
153,4.204503059387207,0.4988294243812561,0.4971599876880646,1.0245037078857422,0.0244307778775692,1.270754098892212
154,4.213266372680664,0.5195669531822205,0.5005600452423096,1.0245611667633057,-0.02490609511733055,1.3745341300964355
155,4.209606170654297,0.5003690123558044,0.49883002042770386,1.0244412422180176,0.029703304171562195,1.3767008781433105
156,4.2076945304870605,0.4927166700363159,0.49616000056266785,1.0240478515625,0.009731749072670937,1.3534071445465088
157,4.2100090980529785,0.5001395344734192,0.4987800121307373,1.0239229202270508,-0.02933671325445175,1.3328633308410645
158,4.207780361175537,0.5078113675117493,0.5023300051689148,1.0241615772247314,0.010486611165106297,1.3904343843460083
159,4.20916223526001,0.5006130933761597,0.49894002079963684,1.0240530967712402,-0.011133868247270584,1.3237545490264893
160,4.2082929611206055,0.49312400817871094,0.5012200474739075,1.0241780281066895,-0.009255100041627884,1.304958462715149
161,4.206994533538818,0.48791393637657166,0.49762001633644104,1.023934245109558,0.034144409000873566,1.3159226179122925
162,4.205898284912109,0.49401623010635376,0.5007299780845642,1.0240089893341064,0.053893931210041046,1.359816312789917
163,4.205052852630615,0.48505258560180664,0.49949997663497925,1.0239577293395996,0.003355186665430665,1.30829918384552
164,4.201649188995361,0.48141899704933167,0.4963500201702118,1.023584008216858,-0.0181056410074234,1.3548341989517212
165,4.2030463218688965,0.4861641228199005,0.49807003140449524,1.0233864784240723,0.03937062248587608,1.3009319305419922
166,4.20365047454834,0.48129746317863464,0.503350019454956,1.0237293243408203,-0.026441441848874092,1.3367621898651123
167,4.204428672790527,0.4758075475692749,0.49692001938819885,1.0234140157699585,-0.02380121685564518,1.3608509302139282
168,4.200774192810059,0.4781540036201477,0.49949002265930176,1.0233618021011353,-0.03637285530567169,1.3607463836669922
169,4.198848247528076,0.4796084761619568,0.49935001134872437,1.023295283317566,-0.012331007979810238,1.3831596374511719
170,4.204312324523926,0.478882759809494,0.499830037355423,1.0232778787612915,0.006367317400872707,1.3031303882598877
171,4.20731258392334,0.4815021753311157,0.4981499910354614,1.0230885744094849,-0.0012969046365469694,1.360607624053955
172,4.199960231781006,0.468025267124176,0.49769002199172974,1.0228521823883057,0.022050146013498306,1.2968811988830566
173,4.196467399597168,0.46839800477027893,0.4993800222873688,1.0227887630462646,0.00025736523093655705,1.3157364130020142
174,4.200160980224609,0.4702310562133789,0.4952299892902374,1.0223008394241333,0.0009035873808898032,1.344382405281067
175,4.195809841156006,0.45936399698257446,0.4973600208759308,1.0220309495925903,-0.010713405907154083,1.3202123641967773
176,4.199200630187988,0.4750473201274872,0.4997100234031677,1.0220013856887817,0.016864774748682976,1.3490972518920898
177,4.1978302001953125,0.46530309319496155,0.49685004353523254,1.021679401397705,0.03302865847945213,1.2776010036468506
178,4.198738098144531,0.4627736806869507,0.4983000159263611,1.0215057134628296,-0.05959687754511833,1.3501800298690796
179,4.1977458000183105,0.4558895230293274,0.49605000019073486,1.0211021900177002,0.026816485449671745,1.283232569694519
180,4.196292400360107,0.45675772428512573,0.49651002883911133,1.020745873451233,0.011181648820638657,1.338315725326538
181,4.195255279541016,0.45830991864204407,0.49720001220703125,1.0204600095748901,-0.01960757188498974,1.3028185367584229
182,4.191686153411865,0.4589768946170807,0.497219979763031,1.0201762914657593,0.02499995194375515,1.3003504276275635
183,4.188201427459717,0.45497971773147583,0.49883005023002625,1.020056962966919,-0.0839536041021347,1.3404664993286133
184,4.195701599121094,0.4609788656234741,0.4964800179004669,1.019697904586792,0.04376859962940216,1.3901090621948242
185,4.192906856536865,0.4544377028942108,0.4972900450229645,1.0194215774536133,-0.0223529189825058,1.3141909837722778
186,4.189553260803223,0.45488348603248596,0.4991300404071808,1.0193328857421875,-0.0632084459066391,1.3244208097457886
187,4.190424919128418,0.4561288356781006,0.4961400032043457,1.0189393758773804,-0.015214919112622738,1.2676985263824463
188,4.186923503875732,0.4407757818698883,0.4975600242614746,1.0186907052993774,-0.014396688900887966,1.2643076181411743
189,4.196584224700928,0.46276548504829407,0.49949005246162415,1.0186387300491333,-0.00024337388458661735,1.33762526512146
190,4.191433429718018,0.4481296241283417,0.49818000197410583,1.0184533596038818,-0.010546169243752956,1.331404209136963
191,4.1930718421936035,0.4433082640171051,0.49588003754615784,1.018033742904663,-0.001205062959343195,1.3329511880874634
192,4.191103935241699,0.4525391161441803,0.49929001927375793,1.0179615020751953,-0.011430948972702026,1.333991289138794
193,4.178818702697754,0.4458330571651459,0.4972100257873535,1.0176774263381958,-0.0064570182003080845,1.340718388557434
194,4.192810535430908,0.44459453225135803,0.4990299940109253,1.0175787210464478,-0.01196256373077631,1.3105628490447998
195,4.190807819366455,0.44628098607063293,0.5004299879074097,1.017622470855713,0.02854802832007408,1.370155692100525
196,4.1900715827941895,0.44240888953208923,0.4985300302505493,1.0174728631973267,0.011262274347245693,1.3280502557754517
197,4.188705921173096,0.4495784640312195,0.5001000761985779,1.0174829959869385,0.02472204901278019,1.3572852611541748
198,4.192178726196289,0.44787126779556274,0.5001800060272217,1.0175013542175293,-0.02293848991394043,1.3576079607009888
199,4.184671878814697,0.4490417242050171,0.5025299787521362,1.0177587270736694,0.012070083990693092,1.2919222116470337
200,4.18853759765625,0.43976330757141113,0.4997600317001343,1.0177342891693115,-0.0531451515853405,1.333742618560791
201,4.186015605926514,0.44348323345184326,0.49921002984046936,1.0176539421081543,0.008058547042310238,1.3365447521209717
202,4.186502456665039,0.4363401234149933,0.4971800148487091,1.0173670053482056,-0.014150013215839863,1.3327970504760742
203,4.188864707946777,0.45073047280311584,0.5024800300598145,1.017619252204895,-0.0024213562719523907,1.34524667263031
204,4.190138339996338,0.4476677179336548,0.5034700036048889,1.0179723501205444,-0.05060978978872299,1.3018091917037964
205,4.188732147216797,0.44265690445899963,0.4987800121307373,1.0178481340408325,0.030127935111522675,1.3322941064834595
206,4.1867594718933105,0.43983760476112366,0.49928998947143555,1.0177758932113647,0.0208699069917202,1.380868673324585
207,4.182877063751221,0.4334147870540619,0.49950000643730164,1.0177249908447266,-0.019220571964979172,1.3583943843841553
208,4.186868667602539,0.43519070744514465,0.5015400052070618,1.0178817510604858,0.034464266151189804,1.3702783584594727
209,4.184299945831299,0.43395596742630005,0.49597999453544617,1.0174726247787476,0.013273409567773342,1.3465677499771118
210,4.189146995544434,0.4434111714363098,0.498060017824173,1.0172752141952515,-0.05616365373134613,1.3525760173797607
211,4.182137489318848,0.4390341639518738,0.49834999442100525,1.017107367515564,-0.009043451398611069,1.321189284324646
212,4.185344219207764,0.4325718581676483,0.49689003825187683,1.0167909860610962,0.015234630554914474,1.3053771257400513
213,4.182527542114258,0.42797163128852844,0.4976100027561188,1.0165479183197021,-0.02654287964105606,1.314209222793579
214,4.1841864585876465,0.430070161819458,0.5006000399589539,1.0166088342666626,0.010137640871107578,1.398422360420227
215,4.180060863494873,0.43196573853492737,0.5000800490379333,1.016616940498352,-0.044613007456064224,1.3082947731018066
216,4.18176794052124,0.43252143263816833,0.49716001749038696,1.01632821559906,-0.028108859434723854,1.2884820699691772
217,4.182919502258301,0.4370172321796417,0.5030699968338013,1.0166401863098145,0.016271283850073814,1.3932057619094849
218,4.187023162841797,0.43318668007850647,0.4982300102710724,1.0164601802825928,-0.018302537500858307,1.3177342414855957
219,4.181874752044678,0.43095171451568604,0.502020001411438,1.0166654586791992,0.008894658647477627,1.3540016412734985
220,4.180966377258301,0.4294920563697815,0.4990899860858917,1.0165729522705078,-0.03244110941886902,1.305812954902649
221,4.183574676513672,0.43567702174186707,0.5008200407028198,1.0166562795639038,0.02116117812693119,1.3620611429214478
222,4.1822710037231445,0.42648613452911377,0.4996200203895569,1.0166176557540894,-0.006245981436222792,1.3674815893173218
223,4.179790496826172,0.43594273924827576,0.5013400316238403,1.016753911972046,0.000313205731799826,1.3259330987930298
224,4.179194450378418,0.4220487177371979,0.49689003825187683,1.0164376497268677,-0.007880812510848045,1.345473051071167
225,4.176450252532959,0.418960303068161,0.49633002281188965,1.0160646438598633,0.03762416914105415,1.3287068605422974
226,4.182068824768066,0.4205935001373291,0.49553999304771423,1.0156114101409912,-0.020366661250591278,1.293219804763794
227,4.175848484039307,0.4195701777935028,0.4995500147342682,1.0155657529830933,0.015022631734609604,1.3215923309326172
228,4.178897380828857,0.4243200421333313,0.5006600022315979,1.0156328678131104,-0.00801832228899002,1.372959852218628
229,4.176786422729492,0.42400693893432617,0.5014100074768066,1.0157760381698608,-0.0069426740519702435,1.3526650667190552
230,4.1819257736206055,0.42685744166374207,0.5033900141716003,1.016120433807373,-0.0042014154605567455,1.3098030090332031
231,4.177661418914795,0.42205438017845154,0.5028400421142578,1.016408920288086,-0.017818985506892204,1.2964543104171753
232,4.178659439086914,0.42108646035194397,0.5016099810600281,1.0165725946426392,0.04441485181450844,1.333701252937317
233,4.174602031707764,0.4223763644695282,0.5040300488471985,1.0169823169708252,-0.003180566942319274,1.3041313886642456
234,4.174636363983154,0.4183863699436188,0.5018700361251831,1.0171725749969482,0.03144223988056183,1.3267742395401
235,4.175485610961914,0.4213067293167114,0.503000020980835,1.0174777507781982,-0.025590945035219193,1.3603384494781494
236,4.179628849029541,0.4192996025085449,0.5022000074386597,1.0177016258239746,-0.04173754155635834,1.330142855644226
237,4.172236442565918,0.4103008508682251,0.5030500292778015,1.0180120468139648,0.015802402049303055,1.3564691543579102
238,4.175703525543213,0.4104641079902649,0.49796998500823975,1.0178053379058838,-0.013095052912831306,1.3288365602493286
239,4.175602436065674,0.4160800576210022,0.5016000270843506,1.0179681777954102,0.01142377033829689,1.376314401626587
240,4.177341938018799,0.4115266799926758,0.49977004528045654,1.0179448127746582,0.0121112996712327,1.3365558385849
241,4.174593448638916,0.41074472665786743,0.49797001481056213,1.0177381038665771,0.016251513734459877,1.3629791736602783
242,4.1730546951293945,0.4138871729373932,0.5018399953842163,1.0179253816604614,0.061064764857292175,1.3355633020401
243,4.171046733856201,0.40968048572540283,0.5001200437545776,1.0179376602172852,-0.005859482102096081,1.3454891443252563
244,4.172562599182129,0.41360265016555786,0.5042600631713867,1.018371343612671,0.0024643652141094208,1.4131149053573608
245,4.177482604980469,0.41394057869911194,0.5039800405502319,1.0187766551971436,-0.007541300263255835,1.3431795835494995
246,4.169610023498535,0.40486228466033936,0.5028600096702576,1.0190680027008057,-0.027770012617111206,1.3074387311935425
247,4.1740522384643555,0.41159844398498535,0.5017200112342834,1.0192433595657349,-0.016843698918819427,1.3688997030258179
248,4.172794342041016,0.4155486822128296,0.5027700066566467,1.0195257663726807,0.025495294481515884,1.399731159210205
249,4.174472332000732,0.41932082176208496,0.504800021648407,1.0200151205062866,-0.0194682776927948,1.3653830289840698
250,4.168403148651123,0.4097155034542084,0.5045799612998962,1.0204823017120361,0.05870291218161583,1.3998173475265503
251,4.1706156730651855,0.41470178961753845,0.5036200284957886,1.020851731300354,0.056815363466739655,1.4170533418655396
252,4.171395301818848,0.4077005386352539,0.5013399720191956,1.0209884643554688,0.0019919355399906635,1.3484715223312378
253,4.169284820556641,0.4043664038181305,0.4981200098991394,1.020796537399292,0.07289334386587143,1.3945927619934082
254,4.167291164398193,0.4063850939273834,0.5019299983978271,1.0209935903549194,0.005964649375528097,1.378873586654663
255,4.170551300048828,0.4091227352619171,0.5000600218772888,1.0209996700286865,0.027362393215298653,1.3391011953353882
256,4.169627666473389,0.401931494474411,0.4987200200557709,1.0208690166473389,-0.00231262412853539,1.341208815574646
257,4.168266296386719,0.406428724527359,0.5015900135040283,1.021031379699707,0.004467323888093233,1.3434484004974365
258,4.167243480682373,0.4019325077533722,0.4985000193119049,1.0208781957626343,-0.028295354917645454,1.3435077667236328
259,4.174627304077148,0.4043388068675995,0.5011300444602966,1.0209935903549194,0.07353004813194275,1.3572509288787842
260,4.171725749969482,0.4097478687763214,0.4994300305843353,1.0209354162216187,-0.050592683255672455,1.3325681686401367
261,4.167105197906494,0.39750781655311584,0.5010900497436523,1.0210466384887695,-0.027203097939491272,1.3671108484268188
262,4.167604446411133,0.40139779448509216,0.5013999938964844,1.021189570426941,0.01188857015222311,1.3979309797286987
263,4.169227600097656,0.4024925231933594,0.5017000436782837,1.0213631391525269,0.021474501118063927,1.3783220052719116
264,4.167336463928223,0.39639630913734436,0.5016199946403503,1.0215286016464233,0.01936102844774723,1.3253371715545654
265,4.168312072753906,0.3976902663707733,0.5025500059127808,1.0217890739440918,0.0416274294257164,1.3463250398635864
266,4.167037487030029,0.40109214186668396,0.5059599876403809,1.0223981142044067,0.0040076132863759995,1.3899190425872803
267,4.1667561531066895,0.395756334066391,0.5023400187492371,1.0226373672485352,0.027450527995824814,1.4219943284988403
268,4.168216228485107,0.3996715843677521,0.5021400451660156,1.0228562355041504,-0.03179685026407242,1.4077274799346924
269,4.168464660644531,0.39695265889167786,0.5020999908447266,1.023071050643921,0.027558673173189163,1.3380296230316162
270,4.163501739501953,0.3934112787246704,0.5018500089645386,1.0232603549957275,-0.02619609236717224,1.3786752223968506
271,4.162470817565918,0.3958844542503357,0.5037400126457214,1.0236430168151855,-0.054851796478033066,1.360115885734558
272,4.1656270027160645,0.39518529176712036,0.5041700005531311,1.024069905281067,-0.009165323339402676,1.383207082748413
273,4.164026260375977,0.3910696506500244,0.5019800066947937,1.0242726802825928,-0.04405289515852928,1.3492408990859985
274,4.165724277496338,0.40002796053886414,0.5003100037574768,1.0243043899536133,-0.058986421674489975,1.3994488716125488
275,4.162004470825195,0.38814133405685425,0.5016700625419617,1.0244754552841187,0.0008295651059597731,1.338398814201355
276,4.163913726806641,0.3904827833175659,0.5008000135421753,1.02455735206604,0.03545999526977539,1.370535135269165
277,4.163569450378418,0.3847510814666748,0.5020400285720825,1.0247663259506226,-0.008396335877478123,1.3269832134246826
278,4.164303302764893,0.3886009454727173,0.5026800036430359,1.0250409841537476,-0.014234512113034725,1.449412226676941
279,4.16029691696167,0.38351431488990784,0.4986000061035156,1.0248974561691284,-0.02470649778842926,1.3530012369155884
280,4.168573379516602,0.39901861548423767,0.5029200315475464,1.0251967906951904,0.043505653738975525,1.3893051147460938
281,4.16354513168335,0.3872670531272888,0.5017600059509277,1.0253771543502808,0.0054800440557301044,1.3213094472885132
282,4.1660051345825195,0.3907742202281952,0.5031500458717346,1.0257000923156738,0.02913312055170536,1.3743534088134766
283,4.167714595794678,0.38646402955055237,0.5006200075149536,1.0257636308670044,0.006765732076019049,1.3603330850601196
284,4.163663387298584,0.38455909490585327,0.4999200105667114,1.0257554054260254,-0.05804231017827988,1.3640820980072021
285,4.165774822235107,0.38560038805007935,0.49949002265930176,1.0257030725479126,-0.02039564959704876,1.3480582237243652
286,4.16713809967041,0.38311508297920227,0.499830037355423,1.0256856679916382,0.029061228036880493,1.3301225900650024
287,4.161537170410156,0.3827676773071289,0.5000100135803223,1.0256866216659546,0.038906726986169815,1.38093900680542
288,4.164730548858643,0.37785106897354126,0.5004500150680542,1.0257328748703003,0.038963258266448975,1.3894678354263306
289,4.158058166503906,0.38240745663642883,0.49605000019073486,1.0253276824951172,-0.08503071218729019,1.3797545433044434
290,4.162806510925293,0.3785110116004944,0.4964800477027893,1.0249667167663574,-0.027332471683621407,1.325108528137207
291,4.163535118103027,0.3762657940387726,0.4997299909591675,1.0249390602111816,0.07211794704198837,1.409347414970398
292,4.160470962524414,0.38086074590682983,0.4975700378417969,1.02469003200531,-0.04829670861363411,1.4074503183364868
293,4.161070823669434,0.37961289286613464,0.5023400187492371,1.0249297618865967,0.02222289703786373,1.3767019510269165
294,4.161692142486572,0.3788931369781494,0.5022299885749817,1.025158405303955,0.06266546994447708,1.3948700428009033
295,4.1584367752075195,0.37897640466690063,0.5006099939346313,1.0252209901809692,0.0655846893787384,1.4129310846328735
296,4.160493850708008,0.3737024962902069,0.49842002987861633,1.0250589847564697,0.004048074129968882,1.3879985809326172
297,4.159008502960205,0.37908971309661865,0.5016700029373169,1.0252301692962646,-0.048659395426511765,1.3799288272857666
298,4.157229423522949,0.3707118034362793,0.5024899840354919,1.0254855155944824,0.04852892830967903,1.3750298023223877
299,4.158637523651123,0.37494704127311707,0.5019100308418274,1.0256813764572144,-0.053054165095090866,1.3348908424377441
300,4.160354137420654,0.36936572194099426,0.5023400187492371,1.02592134475708,0.002085203304886818,1.4079221487045288
301,4.158899307250977,0.3703157901763916,0.5015100240707397,1.026076316833496,-0.042230118066072464,1.3777365684509277
302,4.156805992126465,0.3734246790409088,0.49814003705978394,1.0258854627609253,-9.03863983694464e-05,1.292447805404663
303,4.161820888519287,0.3784734904766083,0.5026900768280029,1.0261614322662354,0.026753747835755348,1.411637306213379
304,4.153994560241699,0.3618905544281006,0.49651002883911133,1.0258033275604248,0.024028155952692032,1.3927569389343262
305,4.164927959442139,0.3712904751300812,0.5019199848175049,1.0260003805160522,-0.05655234679579735,1.3890045881271362
306,4.158507823944092,0.3698945641517639,0.5017899870872498,1.02618408203125,0.0336708128452301,1.3802275657653809
307,4.157494068145752,0.3696458637714386,0.5012500286102295,1.0263123512268066,0.09630180150270462,1.3583004474639893
308,4.157173156738281,0.3664467930793762,0.5019599795341492,1.0265134572982788,-0.011670469306409359,1.2732584476470947
309,4.157739162445068,0.36255115270614624,0.5015900135040283,1.0266766548156738,-0.0346536710858345,1.4119552373886108
310,4.151504993438721,0.3714466392993927,0.5006600022315979,1.0267444849014282,-0.022034477442502975,1.3603684902191162
311,4.159629821777344,0.3721321225166321,0.500540018081665,1.0267999172210693,0.051028165966272354,1.3573944568634033
312,4.158047676086426,0.3729793131351471,0.5021100044250488,1.027016520500183,0.053270842880010605,1.3875339031219482
313,4.15782356262207,0.3673497140407562,0.501740038394928,1.0271952152252197,0.01799651049077511,1.348305344581604
314,4.156802177429199,0.36537066102027893,0.5008699893951416,1.0272846221923828,0.005549377761781216,1.3814899921417236
315,4.156131744384766,0.3594517409801483,0.5002099871635437,1.0273061990737915,-0.05649614706635475,1.3587738275527954
316,4.155342102050781,0.3581240475177765,0.5017900466918945,1.0274901390075684,0.03596077114343643,1.340213656425476
317,4.157764911651611,0.3696063160896301,0.49870002269744873,1.0273566246032715,0.02564428001642227,1.407127857208252
318,4.154247760772705,0.3588506579399109,0.498740017414093,1.0272271633148193,-0.004662004765123129,1.3817591667175293
319,4.154526233673096,0.3508918285369873,0.49521002173423767,1.0267351865768433,0.005675275344401598,1.4065830707550049
320,4.15226411819458,0.35468435287475586,0.4988600015640259,1.0266181230545044,-0.05040686950087547,1.3964682817459106
321,4.151406288146973,0.35233449935913086,0.5011700391769409,1.026738166809082,0.015120789408683777,1.3739569187164307
322,4.155541896820068,0.35775089263916016,0.49935004115104675,1.0266714096069336,0.0067137074656784534,1.3884724378585815
323,4.155104160308838,0.36249586939811707,0.5016199946403503,1.026837706565857,0.0064895967952907085,1.3947941064834595
324,4.1511101722717285,0.36008694767951965,0.49928000569343567,1.0267637968063354,0.028803016990423203,1.314401626586914
325,4.149262428283691,0.35286250710487366,0.5011699795722961,1.026883840560913,0.021398844197392464,1.346629023551941
326,4.153552055358887,0.357572078704834,0.5008200407028198,1.026968002319336,0.02132417820394039,1.3933569192886353
327,4.15623140335083,0.3600752055644989,0.5021700263023376,1.0271908044815063,0.03043631836771965,1.395364761352539
328,4.15240478515625,0.3530658483505249,0.5026400089263916,1.0274620056152344,0.004800642374902964,1.3829939365386963
329,4.151840686798096,0.3482540249824524,0.49959999322891235,1.0274208784103394,0.030087636783719063,1.3519519567489624
330,4.156017780303955,0.3515373170375824,0.5003799796104431,1.027459979057312,-0.006135338917374611,1.3983136415481567
331,4.150384426116943,0.34860435128211975,0.4970100224018097,1.0271527767181396,-0.01575629971921444,1.383925437927246
332,4.153857231140137,0.34593573212623596,0.49858999252319336,1.0270079374313354,0.018344014883041382,1.4102835655212402
333,4.149997711181641,0.35104015469551086,0.5009400248527527,1.0271044969558716,-0.06353897601366043,1.3944908380508423
334,4.153072357177734,0.34740206599235535,0.5001399517059326,1.0271188020706177,-0.013238869607448578,1.4179823398590088
335,4.154629707336426,0.3493706285953522,0.5019599795341492,1.027320146560669,0.01794333942234516,1.4299737215042114
336,4.152256488800049,0.34931984543800354,0.49873003363609314,1.0271896123886108,-0.05933370813727379,1.4256839752197266
337,4.147761821746826,0.3446408808231354,0.49980002641677856,1.0271689891815186,-0.012043945491313934,1.3553063869476318
338,4.153041362762451,0.3470406234264374,0.49865004420280457,1.027030348777771,-0.032478004693984985,1.3684037923812866
339,4.145776748657227,0.3402487337589264,0.49966999888420105,1.0269964933395386,0.025727659463882446,1.4151297807693481
340,4.15172815322876,0.3420450687408447,0.50177001953125,1.0271782875061035,0.0151373241096735,1.4079049825668335
341,4.151913166046143,0.3467338979244232,0.4965900480747223,1.0268280506134033,-0.03860735148191452,1.3569400310516357
342,4.154652118682861,0.34097740054130554,0.49914002418518066,1.0267397165298462,-0.036612704396247864,1.4102283716201782
343,4.149403095245361,0.3453059494495392,0.4986500144004822,1.0266010761260986,0.0270579531788826,1.4020731449127197
344,4.149362564086914,0.3411900997161865,0.4999699890613556,1.0265979766845703,0.03299028426408768,1.4369635581970215
345,4.148898124694824,0.3418787121772766,0.5002700090408325,1.026625633239746,0.007002971135079861,1.3486618995666504
346,4.149497985839844,0.3406294584274292,0.5004299879074097,1.0266698598861694,-0.04314221441745758,1.4185006618499756
347,4.147554397583008,0.3417545258998871,0.5026100277900696,1.02693772315979,0.03217272832989693,1.371117353439331
348,4.150818824768066,0.33817258477211,0.5026100277900696,1.0272057056427002,0.02144457958638668,1.3737869262695312
349,4.148303508758545,0.33345934748649597,0.5009599924087524,1.0273042917251587,0.022936318069696426,1.4014294147491455
350,4.147817134857178,0.3353911340236664,0.49981001019477844,1.0272847414016724,0.006327880080789328,1.3250758647918701
351,4.148918628692627,0.33681362867355347,0.5024999976158142,1.0275415182113647,-7.591629400849342e-05,1.3900572061538696
352,4.15308141708374,0.3394980728626251,0.49818000197410583,1.0273544788360596,-0.03611011058092117,1.433280348777771
353,4.149704933166504,0.33477357029914856,0.5000800490379333,1.0273627042770386,-0.05720551684498787,1.4306825399398804
354,4.147948265075684,0.328991174697876,0.4983900487422943,1.0271973609924316,-0.03677235171198845,1.3743715286254883
355,4.14752197265625,0.33776581287384033,0.49869003891944885,1.0270627737045288,0.033448897302150726,1.3878954648971558
356,4.145870208740234,0.33220764994621277,0.49685999751091003,1.026740312576294,0.018297431990504265,1.4040430784225464
357,4.148347854614258,0.33493396639823914,0.5000700354576111,1.0267475843429565,-0.0498143807053566,1.4285755157470703
358,4.147944450378418,0.33472415804862976,0.49814003705978394,1.0265566110610962,0.01900903880596161,1.4558807611465454
359,4.148165702819824,0.33321645855903625,0.5030900239944458,1.0268738269805908,0.03856763243675232,1.4083364009857178
360,4.148746490478516,0.3327697515487671,0.49796000123023987,1.02666437625885,-0.028924018144607544,1.3675247430801392
361,4.147205829620361,0.3338525593280792,0.5008500218391418,1.0267516374588013,-0.02552712708711624,1.4046831130981445
362,4.148763656616211,0.33389541506767273,0.49945002794265747,1.0266951322555542,0.010719924233853817,1.4383270740509033
363,4.146613597869873,0.33363744616508484,0.4991599917411804,1.026608943939209,0.016942251473665237,1.4051214456558228
364,4.149077892303467,0.3258650600910187,0.49734002351760864,1.0263358354568481,-0.04935287684202194,1.3684968948364258
365,4.144797325134277,0.3296468257904053,0.4988499879837036,1.0262178182601929,-0.04749930649995804,1.4417475461959839
366,4.147396087646484,0.3288290798664093,0.49820002913475037,1.0260330438613892,0.06609173119068146,1.4032734632492065
367,4.14613151550293,0.32637014985084534,0.49818000197410583,1.025846242904663,-0.015181397087872028,1.3463407754898071
368,4.143657684326172,0.3276444375514984,0.4977700114250183,1.0256174802780151,0.0374743826687336,1.4288376569747925
369,4.148547649383545,0.32241109013557434,0.503570020198822,1.0259836912155151,-0.0292749535292387,1.4146811962127686
370,4.144692420959473,0.3275761902332306,0.4978000223636627,1.0257580280303955,0.0018415788654237986,1.3757563829421997
371,4.145444393157959,0.3282598853111267,0.5019099712371826,1.0259538888931274,-0.0010550909209996462,1.4311877489089966
372,4.144739627838135,0.3284231722354889,0.49946004152297974,1.0258984565734863,0.0007518282509408891,1.3979237079620361
373,4.143293857574463,0.32599177956581116,0.5018799901008606,1.0260913372039795,-0.053207553923130035,1.417790412902832
374,4.144282817840576,0.32633519172668457,0.50177001953125,1.0262730121612549,0.03889567032456398,1.373228669166565
375,4.1437764167785645,0.32376062870025635,0.49949002265930176,1.026220679283142,-0.038072921335697174,1.410823106765747
376,4.142310619354248,0.326040118932724,0.5001400113105774,1.0262349843978882,0.018177369609475136,1.4412113428115845
377,4.144735813140869,0.33102214336395264,0.5015300512313843,1.0263919830322266,0.033326271921396255,1.4162310361862183
378,4.147159576416016,0.3242172300815582,0.5,1.0263919830322266,0.01491519808769226,1.374191403388977
379,4.147419452667236,0.3258170187473297,0.4983900189399719,1.0262267589569092,-0.0977821946144104,1.4038712978363037
380,4.140639781951904,0.3176368474960327,0.496690034866333,1.025887131690979,0.034025032073259354,1.391463041305542
381,4.1446075439453125,0.3199020028114319,0.5018100142478943,1.0260727405548096,-0.020835015922784805,1.4278522729873657
382,4.143980979919434,0.3190910816192627,0.4953800141811371,1.0255986452102661,0.002976557007059455,1.34293794631958
383,4.145096778869629,0.3227262496948242,0.5012500286102295,1.0257269144058228,0.013126235455274582,1.415055751800537
384,4.145655632019043,0.3236325681209564,0.4974600076675415,1.0254664421081543,-0.035974014550447464,1.4009671211242676
385,4.144881725311279,0.3165139853954315,0.4987500309944153,1.0253382921218872,0.011747881770133972,1.4437962770462036
386,4.142503261566162,0.3184056580066681,0.5009000301361084,1.0254305601119995,0.045044489204883575,1.3826239109039307
387,4.143566131591797,0.31455665826797485,0.5007700324058533,1.0255094766616821,-0.027643581852316856,1.4015108346939087
388,4.1472368240356445,0.31864550709724426,0.49876999855041504,1.0253833532333374,-0.028437595814466476,1.4372315406799316
389,4.146139621734619,0.3156271278858185,0.5005099773406982,1.0254356861114502,0.033803775906562805,1.3802745342254639
390,4.142473220825195,0.32034048438072205,0.5000300407409668,1.0254387855529785,-0.028416480869054794,1.4083715677261353
391,4.142044544219971,0.3186340630054474,0.4990299940109253,1.0253393650054932,-0.028428703546524048,1.3967139720916748
392,4.144394397735596,0.31655237078666687,0.499500036239624,1.0252881050109863,-0.014931285753846169,1.3909339904785156
393,4.144587993621826,0.3150583505630493,0.5000799894332886,1.0252963304519653,0.03859459236264229,1.3394525051116943
394,4.143557548522949,0.31528913974761963,0.5010200142860413,1.025400996208191,0.04793892800807953,1.4196045398712158
395,4.140621662139893,0.31409692764282227,0.5006300210952759,1.025465488433838,-0.02202022075653076,1.401483416557312
396,4.141323566436768,0.30944207310676575,0.49717000126838684,1.0251753330230713,0.03484243154525757,1.3390305042266846
397,4.141941547393799,0.31146469712257385,0.49970003962516785,1.0251445770263672,-0.018615491688251495,1.3995075225830078
398,4.143914699554443,0.3097948431968689,0.49935001134872437,1.0250779390335083,-0.0243919026106596,1.43621826171875
399,4.141340255737305,0.3117387890815735,0.5027700066566467,1.0253618955612183,0.013500671833753586,1.4214142560958862
400,4.140807151794434,0.3043787479400635,0.49738001823425293,1.0250931978225708,-0.03222484886646271,1.3634411096572876
401,4.142826080322266,0.3067705035209656,0.4994399845600128,1.0250357389450073,0.03546036407351494,1.4408024549484253
402,4.141056060791016,0.3053106367588043,0.496910035610199,1.024718999862671,-0.038372959941625595,1.3414088487625122
403,4.139400482177734,0.31195777654647827,0.5020400881767273,1.0249279737472534,-0.030790310353040695,1.3750813007354736
404,4.143380641937256,0.30854982137680054,0.5042900443077087,1.0253677368164062,-0.004278587643057108,1.4783742427825928
405,4.144974708557129,0.3057762086391449,0.5009400248527527,1.0254641771316528,-0.0044756606221199036,1.416090488433838
406,4.142461776733398,0.3060455620288849,0.5027199983596802,1.0257431268692017,-0.05467424914240837,1.3942598104476929
407,4.144132137298584,0.31087276339530945,0.5000600218772888,1.0257492065429688,0.03041541390120983,1.4280815124511719
408,4.1399335861206055,0.3077593743801117,0.4990299940109253,1.0256497859954834,-0.006136912852525711,1.4072511196136475
409,4.141124725341797,0.3043491840362549,0.5018500089645386,1.0258395671844482,-0.10603013634681702,1.4429117441177368
410,4.146020412445068,0.3104446232318878,0.4971599876880646,1.0255482196807861,-0.013836400583386421,1.3935099840164185
411,4.143681049346924,0.30927708745002747,0.4985400438308716,1.0253984928131104,-0.013081301935017109,1.4073504209518433
412,4.138204574584961,0.302968293428421,0.4983000159263611,1.025224208831787,0.03719090297818184,1.3996753692626953
413,4.13992166519165,0.30382758378982544,0.49994999170303345,1.0252190828323364,0.00256207468919456,1.409076452255249
414,4.139040946960449,0.3064039945602417,0.500700056552887,1.025290846824646,0.03535499796271324,1.4134457111358643
415,4.140560150146484,0.3022407293319702,0.4975300133228302,1.0250376462936401,0.01915546879172325,1.3367613554000854
416,4.14361572265625,0.30530717968940735,0.4977400004863739,1.024806022644043,-0.051566027104854584,1.4212948083877563
417,4.1394453048706055,0.30408182740211487,0.498820036649704,1.024685025215149,-0.06758537888526917,1.3964236974716187
418,4.138437271118164,0.30397942662239075,0.496830016374588,1.024360179901123,0.0156033243983984,1.3616117238998413
419,4.141486644744873,0.30399325489997864,0.5016899704933167,1.0245333909988403,0.0747261494398117,1.3606610298156738
420,4.14009428024292,0.301152765750885,0.49995002150535583,1.0245282649993896,-0.017932916060090065,1.4384466409683228
421,4.138774394989014,0.3020698130130768,0.5004700422286987,1.0245764255523682,0.004334963858127594,1.3951265811920166
422,4.139409065246582,0.2998054623603821,0.5033000111579895,1.0249145030975342,0.021268825978040695,1.3620127439498901
423,4.14146614074707,0.3077245354652405,0.500980019569397,1.025014877319336,0.05142662674188614,1.4678113460540771
424,4.140113830566406,0.30052947998046875,0.5008800029754639,1.0251049995422363,-0.03119567781686783,1.3915743827819824
425,4.134863376617432,0.29604673385620117,0.4977800250053406,1.0248774290084839,-0.07094801217317581,1.370317816734314
426,4.139751434326172,0.2990160882472992,0.498339980840683,1.024707317352295,0.005439699627459049,1.3807610273361206
427,4.140131950378418,0.29514461755752563,0.4983200430870056,1.0245351791381836,-0.04573798552155495,1.402889370918274
428,4.142556667327881,0.2969292998313904,0.4982599914073944,1.0243569612503052,-0.04006997495889664,1.427491545677185
429,4.140679359436035,0.2983132004737854,0.499860018491745,1.024342656135559,-0.0020858526695519686,1.3855420351028442
430,4.1418023109436035,0.30242565274238586,0.5008000135421753,1.0244245529174805,-0.012129711918532848,1.4405264854431152
431,4.1378583908081055,0.293969064950943,0.49797001481056213,1.0242165327072144,-0.0387030690908432,1.3504018783569336
432,4.139270782470703,0.2947600781917572,0.5004700422286987,1.0242646932601929,0.012041601352393627,1.4309507608413696
433,4.140515327453613,0.29964137077331543,0.4990900456905365,1.0241714715957642,-0.028751865029335022,1.3878428936004639
434,4.1379075050354,0.295421838760376,0.5011500120162964,1.0242892503738403,-0.07333219051361084,1.41891348361969
435,4.138810634613037,0.2968166470527649,0.4990200400352478,1.0241888761520386,-0.004441066179424524,1.3833255767822266
436,4.138454437255859,0.29262879490852356,0.49709001183509827,1.0238908529281616,0.018319489434361458,1.417518973350525
437,4.142638206481934,0.29871663451194763,0.49887001514434814,1.0237751007080078,0.08072203397750854,1.441326379776001
438,4.135172367095947,0.2909487783908844,0.4979099929332733,1.0235611200332642,0.021297700703144073,1.4125851392745972
439,4.137510776519775,0.2922009229660034,0.4975700378417969,1.0233123302459717,-0.00993961188942194,1.4064953327178955
440,4.137401580810547,0.2928837239742279,0.49703001976013184,1.0230083465576172,0.006495331879705191,1.385179877281189
441,4.136982440948486,0.2912411689758301,0.5018700361251831,1.0231996774673462,-0.07203471660614014,1.482089638710022
442,4.139809608459473,0.2907952070236206,0.49952003359794617,1.0231505632400513,0.00674064876511693,1.4166089296340942
443,4.140769004821777,0.2932939827442169,0.5013399720191956,1.0232876539230347,-0.007431217934936285,1.4053552150726318
444,4.136625289916992,0.2925061285495758,0.5032100677490234,1.0236161947250366,0.02287626825273037,1.391181468963623
445,4.139261245727539,0.29150980710983276,0.4994400143623352,1.0235588550567627,0.016103798523545265,1.3556945323944092
446,4.139408588409424,0.29316091537475586,0.5007299780845642,1.0236334800720215,-0.014568493701517582,1.4128351211547852
447,4.139214038848877,0.29009920358657837,0.501300036907196,1.0237666368484497,0.06554823368787766,1.4177846908569336
448,4.140012264251709,0.28966253995895386,0.49932003021240234,1.023697018623352,0.02340547740459442,1.376892328262329
449,4.137194633483887,0.2896750271320343,0.5014000535011292,1.023840308189392,-0.010570984333753586,1.3980156183242798
450,4.1399126052856445,0.29443028569221497,0.4994700253009796,1.0237860679626465,-0.002543535316362977,1.335026502609253
451,4.140653610229492,0.29046735167503357,0.4977700114250183,1.0235577821731567,0.02208436280488968,1.4266020059585571
452,4.14120626449585,0.28765571117401123,0.49675002694129944,1.0232250690460205,-0.007759182248264551,1.3019646406173706
453,4.1379075050354,0.2858773469924927,0.4971500039100647,1.0229333639144897,-0.00859238300472498,1.3890374898910522
454,4.13664436340332,0.2884107828140259,0.5000900030136108,1.0229426622390747,-0.016771523281931877,1.4519472122192383
455,4.13721227645874,0.28624001145362854,0.49883002042770386,1.0228229761123657,-0.09633740037679672,1.4425475597381592
456,4.137485980987549,0.28662630915641785,0.4971800148487091,1.0225346088409424,-0.04894408583641052,1.4385712146759033
457,4.138739585876465,0.28769105672836304,0.49842000007629395,1.022373080253601,-0.07337722927331924,1.3991128206253052
458,4.1394429206848145,0.28641170263290405,0.4973999857902527,1.0221072435379028,0.009671486914157867,1.4246149063110352
459,4.138305187225342,0.2841022312641144,0.49660003185272217,1.0217597484588623,-0.03802226111292839,1.4113223552703857
460,4.137993335723877,0.28431227803230286,0.49838003516197205,1.0215941667556763,0.03845356032252312,1.389305830001831
461,4.134562015533447,0.2769171893596649,0.4990200102329254,1.0214940309524536,-0.011362220160663128,1.4027390480041504
462,4.138516902923584,0.2817658483982086,0.49831002950668335,1.021321415901184,-0.00135659275110811,1.4206217527389526
463,4.136847019195557,0.28372761607170105,0.4993700087070465,1.0212570428848267,-0.005528345238417387,1.3896054029464722
464,4.138192653656006,0.28386497497558594,0.5019400119781494,1.02145516872406,0.03271956369280815,1.408619999885559
465,4.137935161590576,0.2828500270843506,0.4990300238132477,1.0213561058044434,0.004780384246259928,1.4058518409729004
466,4.138595104217529,0.28618526458740234,0.5010600090026855,1.0214643478393555,-0.017378194257616997,1.3654732704162598
467,4.137417793273926,0.28571319580078125,0.4996599853038788,1.0214296579360962,-0.0023331833072006702,1.4328991174697876
468,4.136911392211914,0.28201019763946533,0.5008000135421753,1.0215113162994385,0.013598721474409103,1.421105146408081
469,4.135899066925049,0.27782467007637024,0.4984000027179718,1.0213478803634644,0.005827299319207668,1.4208406209945679
470,4.134523391723633,0.28304606676101685,0.49928003549575806,1.0212743282318115,0.00041394808795303106,1.4273723363876343
471,4.136420249938965,0.2800785005092621,0.5020700097084045,1.021485686302185,0.0009539948077872396,1.4393718242645264
472,4.139621734619141,0.28312236070632935,0.500260055065155,1.0215122699737549,0.023361360654234886,1.4013261795043945
473,4.133541584014893,0.2758558690547943,0.4987500309944153,1.021384596824646,-0.029118524864315987,1.393816351890564
474,4.137457847595215,0.2805451452732086,0.5021200180053711,1.0216010808944702,-0.017988979816436768,1.4130442142486572
475,4.13539457321167,0.2751418352127075,0.49901002645492554,1.0214999914169312,-0.004455064423382282,1.3990466594696045
476,4.135098934173584,0.27726009488105774,0.4975300133228302,1.0212476253509521,-0.020468976348638535,1.4004921913146973
477,4.134331703186035,0.2765682339668274,0.4989500343799591,1.0211403369903564,0.02059319242835045,1.3993946313858032
478,4.134958267211914,0.2785678207874298,0.4994000196456909,1.0210790634155273,0.004779336974024773,1.370003342628479
479,4.132883548736572,0.2792213559150696,0.499970018863678,1.021075963973999,-0.01293636392802,1.361695408821106
480,4.1375555992126465,0.2794731557369232,0.4976300001144409,1.020833969116211,-0.008274354971945286,1.4262551069259644
481,4.13676643371582,0.275852769613266,0.5000300407409668,1.0208370685577393,0.01503274217247963,1.4060332775115967
482,4.134567737579346,0.27866652607917786,0.5039799809455872,1.0212434530258179,0.07144056260585785,1.4024760723114014
483,4.139055252075195,0.2763464152812958,0.49949005246162415,1.0211913585662842,0.028622804209589958,1.4462311267852783
484,4.137372970581055,0.27713021636009216,0.4982500374317169,1.0210126638412476,-0.0003481893800199032,1.4435689449310303
485,4.1353759765625,0.2737680673599243,0.4984799921512604,1.0208574533462524,-0.015576882287859917,1.3717269897460938
486,4.137357711791992,0.2764386832714081,0.5011000037193298,1.0209697484970093,-0.02860241010785103,1.3936409950256348
487,4.135128974914551,0.27814429998397827,0.4980500340461731,1.0207706689834595,0.0011830483563244343,1.3561580181121826
488,4.134798049926758,0.27641409635543823,0.5014200210571289,1.0209156274795532,-0.0027724402025341988,1.3975259065628052
489,4.136597633361816,0.2753952443599701,0.5013499855995178,1.021053433418274,0.033133458346128464,1.3949956893920898
490,4.136631965637207,0.2773175537586212,0.4966600239276886,1.0207123756408691,0.05715816095471382,1.4334888458251953
491,4.132488250732422,0.27519485354423523,0.49945002794265747,1.0206562280654907,0.03319733217358589,1.4173901081085205
492,4.1342949867248535,0.2697550356388092,0.4986800253391266,1.0205215215682983,-0.01605953462421894,1.4481302499771118
493,4.135571002960205,0.2764720022678375,0.5007399916648865,1.0205971002578735,0.006060400046408176,1.4004008769989014
494,4.132785797119141,0.27521589398384094,0.5013200044631958,1.020731806755066,0.0029071790631860495,1.385295033454895
495,4.136627197265625,0.27826619148254395,0.49695003032684326,1.0204204320907593,0.014306938275694847,1.3907790184020996
496,4.1344523429870605,0.2744483947753906,0.4981200098991394,1.020228624343872,0.009600426070392132,1.4067590236663818
497,4.1354546546936035,0.27234652638435364,0.5005600452423096,1.0202858448028564,0.03629975765943527,1.3909705877304077
498,4.133310794830322,0.2703363001346588,0.49627000093460083,1.0199053287506104,0.026319099590182304,1.3921080827713013
499,4.135525703430176,0.2736937701702118,0.49994999170303345,1.0199002027511597,-0.059263236820697784,1.3850504159927368
500,4.132500648498535,0.27229103446006775,0.4978199899196625,1.0196778774261475,-0.002754200017079711,1.3956164121627808
501,4.135551452636719,0.2746208608150482,0.4988200068473816,1.0195575952529907,-0.02347259595990181,1.3834649324417114
502,4.1346917152404785,0.2733306288719177,0.49900001287460327,1.0194556713104248,-0.01810067519545555,1.39008367061615
503,4.132903099060059,0.26953813433647156,0.5023300647735596,1.0196932554244995,0.011262534186244011,1.4097808599472046
504,4.133535861968994,0.2691620886325836,0.4982199966907501,1.0195118188858032,-0.023107804358005524,1.4159002304077148
505,4.132224082946777,0.2675960063934326,0.5042400360107422,1.0199440717697144,0.0013406153302639723,1.3762927055358887
506,4.135673999786377,0.27109044790267944,0.4993300437927246,1.0198757648468018,-0.020330633968114853,1.4353119134902954
507,4.134183406829834,0.27739614248275757,0.5022200345993042,1.0201021432876587,-0.014025217853486538,1.397835373878479
508,4.1365790367126465,0.26765745878219604,0.500190019607544,1.020121455192566,0.02725517377257347,1.3661664724349976
509,4.131925106048584,0.2667875587940216,0.5015000104904175,1.0202744007110596,0.008074537850916386,1.3968374729156494
510,4.133848190307617,0.2703073024749756,0.5016700029373169,1.0204447507858276,-0.015044457279145718,1.4737391471862793
511,4.134162425994873,0.26831236481666565,0.4998999834060669,1.0204344987869263,-0.054937150329351425,1.3748903274536133
512,4.137384414672852,0.2656456232070923,0.500290036201477,1.0204640626907349,-0.0018753944896161556,1.3592047691345215
513,4.135024547576904,0.26907873153686523,0.5010799765586853,1.0205743312835693,0.05927580967545509,1.398922085762024
514,4.1337971687316895,0.26603949069976807,0.500980019569397,1.0206743478775024,0.031335603445768356,1.4036463499069214
515,4.137199401855469,0.2663746178150177,0.49918001890182495,1.0205906629562378,0.009850273840129375,1.373242974281311
516,4.132562160491943,0.2626122832298279,0.4994499981403351,1.0205345153808594,-0.015146151185035706,1.3503854274749756
517,4.1349053382873535,0.2697453498840332,0.49817001819610596,1.0203477144241333,0.03279660642147064,1.3406527042388916
518,4.135209560394287,0.2674407958984375,0.4985300302505493,1.0201977491378784,-0.033669717609882355,1.4521656036376953
519,4.134316444396973,0.2662885785102844,0.4985800087451935,1.0200529098510742,-0.008579476736485958,1.3866500854492188
520,4.135289669036865,0.2706151008605957,0.49814003705978394,1.0198631286621094,0.043510500341653824,1.4205000400543213
521,4.1324381828308105,0.2641553580760956,0.5018500089645386,1.0200518369674683,0.004052883479744196,1.3511466979980469
522,4.1343770027160645,0.26260510087013245,0.4983900487422943,1.0198875665664673,-0.007126753218472004,1.4263708591461182
523,4.136651515960693,0.26511603593826294,0.5005099773406982,1.019939661026001,-0.03579225391149521,1.3829401731491089
524,4.134787082672119,0.2645495533943176,0.4986800253391266,1.0198049545288086,-0.07013832777738571,1.3499032258987427
525,4.1329450607299805,0.26710307598114014,0.4995500147342682,1.0197590589523315,0.021545443683862686,1.3956694602966309
526,4.1341328620910645,0.26146528124809265,0.4991200268268585,1.0196692943572998,0.008241325616836548,1.4339171648025513
527,4.132936000823975,0.26044753193855286,0.5016500353813171,1.019837498664856,-0.002796383108943701,1.4167879819869995
528,4.134321212768555,0.2602880299091339,0.5019500255584717,1.0200363397598267,-0.008797756396234035,1.3994373083114624
529,4.1330885887146,0.2652829885482788,0.5015699863433838,1.0201964378356934,-0.00900330487638712,1.4511951208114624
530,4.1376872062683105,0.2631131708621979,0.4963900148868561,1.019828200340271,0.021176934242248535,1.4390721321105957
531,4.13555908203125,0.2627071142196655,0.4984600245952606,1.019671082496643,0.047747574746608734,1.4117960929870605
532,4.133060932159424,0.2601512670516968,0.5010600090026855,1.019779086112976,-0.011537338607013226,1.3606020212173462
533,4.136590480804443,0.2591652274131775,0.5015700459480286,1.0199391841888428,0.024195749312639236,1.3930855989456177
534,4.131219387054443,0.2583918273448944,0.500220000743866,1.0199617147445679,-0.03181839361786842,1.4147320985794067
535,4.132012844085693,0.263721227645874,0.5001400113105774,1.0199759006500244,-0.02265983633697033,1.4407161474227905
536,4.1350555419921875,0.2602686583995819,0.4975399971008301,1.01972496509552,-0.012318404391407967,1.4388062953948975
537,4.131936073303223,0.2579213082790375,0.5018399953842163,1.019912600517273,-0.015662094578146935,1.4315952062606812
538,4.1324782371521,0.26139581203460693,0.5012400150299072,1.0200390815734863,0.0530879981815815,1.4040131568908691
539,4.13409423828125,0.25868621468544006,0.4984300136566162,1.0198789834976196,-0.01905449852347374,1.444243311882019
540,4.1355881690979,0.2557792663574219,0.5005700588226318,1.0199371576309204,0.017525069415569305,1.3597698211669922
541,4.132755279541016,0.25689762830734253,0.5004200339317322,1.0199799537658691,-0.0002452917105983943,1.417330265045166
542,4.134259223937988,0.2570200264453888,0.5004799962043762,1.0200289487838745,0.0214312132447958,1.4287301301956177
543,4.132674694061279,0.25705409049987793,0.49994003772735596,1.0200227499008179,0.029493413865566254,1.4070688486099243
544,4.133556842803955,0.26274827122688293,0.5011699795722961,1.0201420783996582,-0.012084818445146084,1.421705722808838
545,4.133101463317871,0.26054924726486206,0.4994100034236908,1.020081877708435,-0.001552291912958026,1.387681484222412
546,4.136239051818848,0.2596750855445862,0.5019299983978271,1.020278811454773,0.03380627557635307,1.4269156455993652
547,4.132078170776367,0.25773707032203674,0.5011000037193298,1.0203911066055298,-0.04142376780509949,1.452783465385437
548,4.1324286460876465,0.2573816478252411,0.4986000061035156,1.020248293876648,0.014240172691643238,1.3360964059829712
549,4.1327805519104,0.2588095963001251,0.4992400109767914,1.02017080783844,0.010762745514512062,1.3219348192214966
550,4.133781433105469,0.262104332447052,0.4971599876880646,1.019881010055542,-0.010956648737192154,1.395289421081543
551,4.133383274078369,0.25653594732284546,0.5013100504875183,1.0200146436691284,0.017531868070364,1.4531850814819336
552,4.130869388580322,0.2560828924179077,0.4963100254535675,1.0196382999420166,-0.014911659993231297,1.3961080312728882
553,4.128535270690918,0.25090491771698,0.4970099925994873,1.0193334817886353,-0.009334005415439606,1.3893297910690308
554,4.1331305503845215,0.25746530294418335,0.4999300241470337,1.0193263292312622,-0.0280025452375412,1.3738210201263428
555,4.133932113647461,0.26081085205078125,0.5027000308036804,1.019601583480835,-0.03936721384525299,1.4221892356872559
556,4.131329536437988,0.25421708822250366,0.4985100030899048,1.0194495916366577,-0.011533623561263084,1.4445074796676636
557,4.130704402923584,0.2539386749267578,0.5003299713134766,1.019483208656311,-0.025842979550361633,1.3625088930130005
558,4.1320013999938965,0.25407910346984863,0.5005500316619873,1.0195392370224,-0.019207270815968513,1.4042242765426636
559,4.131063938140869,0.2509140372276306,0.500789999961853,1.0196198225021362,-0.005611374042928219,1.402646780014038
560,4.133960247039795,0.2553924322128296,0.49994999170303345,1.0196146965026855,-0.022053025662899017,1.4356913566589355
561,4.131263256072998,0.2559391260147095,0.49893999099731445,1.0195066928863525,0.0034085847437381744,1.3888483047485352
562,4.134101867675781,0.2557801902294159,0.5021600127220154,1.0197268724441528,-0.03141595795750618,1.3830111026763916
563,4.131674289703369,0.2537370026111603,0.5012499690055847,1.0198544263839722,0.01545460894703865,1.414026141166687
564,4.131042003631592,0.25501787662506104,0.4994000196456909,1.0197932720184326,0.04491440951824188,1.4556291103363037
565,4.134061336517334,0.25380760431289673,0.5028200149536133,1.0200809240341187,-0.020436910912394524,1.4061199426651
566,4.134241104125977,0.25128161907196045,0.5022100210189819,1.0203063488006592,-0.009000694379210472,1.4154847860336304
567,4.130314826965332,0.250654399394989,0.49831002950668335,1.0201339721679688,0.031140606850385666,1.4072374105453491
568,4.128875732421875,0.24823924899101257,0.5005199909210205,1.0201870203018188,-0.021783914417028427,1.401518702507019
569,4.133632659912109,0.2525990903377533,0.4970700442790985,1.0198880434036255,0.037924475967884064,1.432343602180481
570,4.1370463371276855,0.25449857115745544,0.49949002265930176,1.0198359489440918,-0.0484338104724884,1.4708366394042969
571,4.131725788116455,0.24942541122436523,0.4971500039100647,1.019545316696167,-0.015073073096573353,1.4122408628463745
572,4.132367134094238,0.2536657750606537,0.4991900324821472,1.0194627046585083,0.03290155157446861,1.434910535812378
573,4.133171081542969,0.2516011595726013,0.5000600218772888,1.0194687843322754,-0.04155493527650833,1.3606975078582764
574,4.133463382720947,0.24847468733787537,0.4995200037956238,1.0194199085235596,0.014674393460154533,1.4250034093856812
575,4.13286828994751,0.2500935196876526,0.4979000389575958,1.0192058086395264,-0.022698549553751945,1.3842713832855225
576,4.1339006423950195,0.2531110346317291,0.5032399892807007,1.019536018371582,0.019853932783007622,1.4358882904052734
577,4.132632255554199,0.24775512516498566,0.4989300072193146,1.019426941871643,0.07148756831884384,1.4380862712860107
578,4.1311492919921875,0.2457539439201355,0.4991900324821472,1.0193443298339844,0.008162351325154305,1.3714324235916138
579,4.132420063018799,0.24754829704761505,0.5010700225830078,1.0194534063339233,-0.004541635513305664,1.446344256401062
580,4.133285045623779,0.24537767469882965,0.4978700280189514,1.0192362070083618,-0.03496313467621803,1.3839689493179321
581,4.133608341217041,0.24559931457042694,0.4975700378417969,1.0189884901046753,0.04045482724905014,1.4213086366653442
582,4.131196975708008,0.2500597834587097,0.49775001406669617,1.0187592506408691,-0.0006717100623063743,1.358715534210205
583,4.133614540100098,0.250536173582077,0.500190019607544,1.0187785625457764,-0.02510107308626175,1.409293293952942
584,4.134770393371582,0.24820493161678314,0.49863001704216003,1.0186389684677124,0.056789692491292953,1.4191607236862183
585,4.13477087020874,0.2478298842906952,0.5013300180435181,1.0187745094299316,0.028676239773631096,1.3963979482650757
586,4.131773948669434,0.2466030716896057,0.4967400133609772,1.0184423923492432,-0.024875719100236893,1.4092915058135986
587,4.130638122558594,0.24069251120090485,0.4984000027179718,1.0182794332504272,0.011597774922847748,1.3798277378082275
588,4.130648136138916,0.2443336844444275,0.49998003244400024,1.0182774066925049,-0.040075838565826416,1.3734230995178223
589,4.131992816925049,0.24694956839084625,0.49845004081726074,1.0181195735931396,-0.03633095696568489,1.3995705842971802
590,4.130590438842773,0.24859565496444702,0.4980100393295288,1.0179169178009033,0.021873101592063904,1.3990540504455566
591,4.130857944488525,0.24506990611553192,0.49689003825187683,1.0176002979278564,0.025984937325119972,1.4227105379104614
592,4.13405704498291,0.2428281605243683,0.4972800314426422,1.0173234939575195,-0.0023963013663887978,1.392703890800476
593,4.133060932159424,0.2443830668926239,0.4976100027561188,1.017080307006836,-0.05042298510670662,1.3955219984054565
594,4.1295247077941895,0.24261631071567535,0.5020200610160828,1.017285704612732,-0.01613454334437847,1.3857834339141846
595,4.133465766906738,0.2446722537279129,0.4991300106048584,1.0171971321105957,-0.021792447194457054,1.3766980171203613
596,4.13225793838501,0.24315744638442993,0.4997100234031677,1.0171676874160767,0.051940858364105225,1.4637459516525269
597,4.13122034072876,0.24375499784946442,0.5006099939346313,1.0172297954559326,0.05243127793073654,1.387937307357788
598,4.13100004196167,0.24573582410812378,0.49914997816085815,1.0171433687210083,-0.027759507298469543,1.374476671218872
599,4.131002902984619,0.24101011455059052,0.49907001852989197,1.0170488357543945,-0.026141995564103127,1.4062244892120361
600,4.132307529449463,0.24473896622657776,0.49729999899864197,1.0167741775512695,-0.035128574818372726,1.411641240119934
601,4.13114070892334,0.2468155473470688,0.5044500231742859,1.0172266960144043,-0.04176224395632744,1.4270892143249512
602,4.132575511932373,0.24250462651252747,0.5016700029373169,1.0173965692520142,-0.008997838012874126,1.4657628536224365
603,4.131700038909912,0.2420596480369568,0.5007799863815308,1.0174758434295654,-0.007604128215461969,1.4528813362121582
604,4.128973484039307,0.24146504700183868,0.5024100542068481,1.0177210569381714,-0.04321511462330818,1.4192461967468262
605,4.1317315101623535,0.2379084676504135,0.49779000878334045,1.017496109008789,0.0364384651184082,1.3564658164978027
606,4.13058614730835,0.24236920475959778,0.5008999705314636,1.017587661743164,-0.016267897561192513,1.412520170211792
607,4.130704402923584,0.24664513766765594,0.5013899803161621,1.0177291631698608,-0.02919483371078968,1.4644742012023926
608,4.1301984786987305,0.24355942010879517,0.49818000197410583,1.017543911933899,-0.0077946665696799755,1.4482547044754028
609,4.131328105926514,0.24299293756484985,0.500029981136322,1.0175468921661377,-0.014348706230521202,1.4337894916534424
610,4.1309590339660645,0.24088776111602783,0.5007800459861755,1.017626166343689,0.0529925562441349,1.443127155303955
611,4.130687236785889,0.23880824446678162,0.5011600255966187,1.0177441835403442,0.09838465601205826,1.3917828798294067
612,4.129975318908691,0.23697839677333832,0.4994300305843353,1.0176862478256226,0.05788514390587807,1.37227463722229
613,4.133113384246826,0.23636287450790405,0.49915000796318054,1.0175997018814087,0.028468837961554527,1.413306713104248
614,4.1326422691345215,0.24127843976020813,0.5008299946784973,1.0176841020584106,0.014062099158763885,1.3704866170883179
615,4.13075065612793,0.23739434778690338,0.5002899765968323,1.0177135467529297,0.025412065908312798,1.3932958841323853
616,4.129489421844482,0.23827515542507172,0.49726003408432007,1.0174347162246704,0.035447195172309875,1.3965030908584595
617,4.1288909912109375,0.23941490054130554,0.49786001443862915,1.0172170400619507,0.05840880796313286,1.3618394136428833
618,4.129952907562256,0.23701520264148712,0.4998200237751007,1.0171986818313599,-0.004179049748927355,1.4005192518234253
619,4.131402492523193,0.2351522445678711,0.49987003207206726,1.0171854496002197,-0.05184359848499298,1.3567332029342651
620,4.129766464233398,0.2360093593597412,0.5022199749946594,1.017411231994629,0.019502783194184303,1.4304906129837036
621,4.13010835647583,0.24133767187595367,0.49994999170303345,1.0174061059951782,0.013164876028895378,1.3923499584197998
622,4.12858247756958,0.23712383210659027,0.5019400119781494,1.0176033973693848,-0.023520421236753464,1.4980485439300537
623,4.131888389587402,0.24087190628051758,0.4986400008201599,1.0174649953842163,9.607315587345511e-05,1.4246071577072144
624,4.130506992340088,0.23659345507621765,0.49793002009391785,1.01725435256958,0.02445562742650509,1.386823058128357
625,4.1314897537231445,0.2361837774515152,0.49821001291275024,1.017072319984436,-0.01722189038991928,1.408571481704712
626,4.129450798034668,0.23627883195877075,0.5003200173377991,1.0171048641204834,-0.006872392259538174,1.4331268072128296
627,4.130122184753418,0.23481692373752594,0.49772000312805176,1.0168730020523071,0.018432442098855972,1.3657726049423218
628,4.131335258483887,0.23581881821155548,0.49710002541542053,1.0165780782699585,-0.01773613877594471,1.4215710163116455
629,4.129073143005371,0.2385186403989792,0.5029500126838684,1.0168780088424683,0.00045448876335285604,1.3949474096298218
630,4.12954044342041,0.2340475171804428,0.5006900429725647,1.0169482231140137,-0.027741914615035057,1.351709008216858
631,4.129884243011475,0.23124481737613678,0.49737000465393066,1.0166808366775513,-0.031029382720589638,1.3390060663223267
632,4.133234977722168,0.23480023443698883,0.4980200231075287,1.0164794921875,0.0037681867834180593,1.425930142402649
633,4.130914211273193,0.23346270620822906,0.4986100196838379,1.0163382291793823,0.020399674773216248,1.3943902254104614
634,4.130814075469971,0.23700669407844543,0.4988100230693817,1.0162173509597778,-0.0200879517942667,1.4360501766204834
635,4.129476547241211,0.2371695637702942,0.501740038394928,1.0163942575454712,-0.04825406149029732,1.4683945178985596
636,4.130931854248047,0.23507153987884521,0.5010800361633301,1.0165040493011475,0.04154624789953232,1.4811265468597412
637,4.128973960876465,0.23497596383094788,0.4984400272369385,1.016345500946045,0.04180728271603584,1.35740065574646
638,4.131243705749512,0.23766906559467316,0.4987199902534485,1.0162153244018555,-0.008496180176734924,1.451781988143921
639,4.132530212402344,0.2326125204563141,0.4988600015640259,1.016099452972412,-0.06523299217224121,1.4465007781982422
640,4.132503032684326,0.23335307836532593,0.49824002385139465,1.015920639038086,-0.03826851770281792,1.359433650970459
641,4.126358509063721,0.23626355826854706,0.5007399916648865,1.0159958600997925,0.023118147626519203,1.4045631885528564
642,4.131758689880371,0.2313671112060547,0.49724000692367554,1.015715479850769,0.012062111869454384,1.362182855606079
643,4.128388404846191,0.23085395991802216,0.4973600208759308,1.0154473781585693,0.04205022752285004,1.398983120918274
644,4.130641937255859,0.23138034343719482,0.4965200126171112,1.0150940418243408,-0.05055219680070877,1.3924543857574463
645,4.130804061889648,0.23322701454162598,0.4998900294303894,1.0150829553604126,0.014758364297449589,1.4037789106369019
646,4.12755823135376,0.23237790167331696,0.5022299885749817,1.0153093338012695,-0.02932046353816986,1.4125219583511353
647,4.131364345550537,0.23020952939987183,0.5005700588226318,1.0153671503067017,-0.0024579449091106653,1.4151543378829956
648,4.129179000854492,0.23300887644290924,0.49921002984046936,1.015286922454834,-0.021634507924318314,1.4130406379699707
649,4.1334123611450195,0.22790798544883728,0.5031599998474121,1.0156078338623047,0.033573590219020844,1.423780918121338
650,4.132802963256836,0.23365025222301483,0.4998900294303894,1.015596628189087,-0.013339842669665813,1.4176304340362549
651,4.126608371734619,0.22839616239070892,0.500540018081665,1.0156514644622803,0.00988985039293766,1.4150933027267456
652,4.129086971282959,0.23108039796352386,0.5017200112342834,1.0158262252807617,0.029050154611468315,1.4407179355621338
653,4.129816055297852,0.2319626659154892,0.4991300404071808,1.015737771987915,-0.02657601237297058,1.3983601331710815
654,4.1271209716796875,0.2308361530303955,0.4974300265312195,1.0154767036437988,0.038075193762779236,1.413262128829956
655,4.129733562469482,0.23031075298786163,0.5011699795722961,1.0155954360961914,-0.004243380855768919,1.405526876449585
656,4.126120567321777,0.2301439642906189,0.5011100172996521,1.0157082080841064,0.033793237060308456,1.3828092813491821
657,4.129842281341553,0.23314648866653442,0.5021700263023376,1.0159286260604858,-0.048651061952114105,1.4314520359039307
658,4.129866123199463,0.22715045511722565,0.49795001745224,1.0157203674316406,-0.003143757116049528,1.41208016872406
659,4.128682613372803,0.22462308406829834,0.5010900497436523,1.0158309936523438,0.008484159596264362,1.438728928565979
660,4.1305718421936035,0.2247711718082428,0.502560019493103,1.0160911083221436,-0.07929757982492447,1.4102611541748047
661,4.128147125244141,0.22894646227359772,0.5034400224685669,1.0164406299591064,0.02393435873091221,1.4051687717437744
662,4.129995346069336,0.22955934703350067,0.49956002831459045,1.016395926475525,0.0792643204331398,1.3872051239013672
663,4.1336140632629395,0.22958756983280182,0.5013399720191956,1.016532063484192,-0.03348231688141823,1.373124122619629
664,4.127330303192139,0.22525840997695923,0.501990020275116,1.0167343616485596,-0.03703067824244499,1.4360687732696533
665,4.130509853363037,0.2295893430709839,0.49696001410484314,1.0164252519607544,-0.05471222475171089,1.3711771965026855
666,4.127401351928711,0.22700613737106323,0.5009400248527527,1.0165208578109741,-0.04084518924355507,1.4111865758895874
667,4.130199909210205,0.23311956226825714,0.500819981098175,1.0166041851043701,0.017544202506542206,1.4380178451538086
668,4.128126621246338,0.22743025422096252,0.5035399794578552,1.016964077949524,-0.03706112876534462,1.4128620624542236
669,4.130160331726074,0.2257474660873413,0.4994800090789795,1.016911268234253,0.03468506783246994,1.4072061777114868
670,4.128918170928955,0.2292914241552353,0.4974200129508972,1.0166488885879517,0.019416311755776405,1.4257973432540894
671,4.12893009185791,0.228749617934227,0.5014899969100952,1.0168004035949707,-0.02644101157784462,1.4613245725631714
672,4.128844261169434,0.2252686321735382,0.4992600083351135,1.0167251825332642,-0.021567970514297485,1.432140827178955
673,4.128458499908447,0.22319039702415466,0.5013999938964844,1.0168675184249878,-0.014337106607854366,1.4168871641159058
674,4.13305139541626,0.2238871306180954,0.5008800029754639,1.0169569253921509,0.051906753331422806,1.4171314239501953
675,4.130362033843994,0.22493761777877808,0.5008300542831421,1.0170413255691528,-0.04981421306729317,1.3990029096603394
676,4.126638412475586,0.22379323840141296,0.49981001019477844,1.0170220136642456,0.018391510471701622,1.4437626600265503
677,4.131124019622803,0.2267647534608841,0.4995400011539459,1.0169751644134521,-0.04904628172516823,1.4667549133300781
678,4.1285624504089355,0.22579605877399445,0.5016599893569946,1.017143964767456,0.025598235428333282,1.424963355064392
679,4.130232810974121,0.22368308901786804,0.49911001324653625,1.017053484916687,-0.051345400512218475,1.3896323442459106
680,4.1305108070373535,0.22539649903774261,0.49685004353523254,1.0167330503463745,-0.05980589613318443,1.379103660583496
681,4.12630033493042,0.22299227118492126,0.4984000027179718,1.0165704488754272,0.02697266824543476,1.4227960109710693
682,4.128017425537109,0.22454479336738586,0.5002100467681885,1.0165917873382568,-0.03157896548509598,1.3955483436584473
683,4.128647327423096,0.22472143173217773,0.4976600408554077,1.0163538455963135,-0.0023117305245250463,1.4025856256484985
684,4.1286396980285645,0.2220705896615982,0.49862003326416016,1.0162136554718018,0.01210931409150362,1.3482177257537842
685,4.128572940826416,0.22239530086517334,0.5005500316619873,1.0162694454193115,0.015663303434848785,1.422951579093933
686,4.127475738525391,0.22079338133335114,0.5,1.0162694454193115,0.049728069454431534,1.3531988859176636
687,4.129062175750732,0.22311317920684814,0.5020900368690491,1.016481876373291,-0.014764650724828243,1.3870664834976196
688,4.1282639503479,0.22348375618457794,0.4985400140285492,1.0163334608078003,-0.050081767141819,1.4236325025558472
689,4.130764007568359,0.22154390811920166,0.4995700418949127,1.0162898302078247,-0.03785991296172142,1.4333442449569702
690,4.127504348754883,0.22457608580589294,0.5000399947166443,1.016294002532959,-0.028713583946228027,1.3826026916503906
691,4.125458717346191,0.2238278090953827,0.5021499991416931,1.0165125131607056,0.046644341200590134,1.4297807216644287
692,4.129088401794434,0.22163964807987213,0.5010499954223633,1.016619324684143,0.06628067791461945,1.4172377586364746
693,4.1290740966796875,0.2183302640914917,0.49685001373291016,1.0162991285324097,-0.06588541716337204,1.4026507139205933
694,4.129956245422363,0.22540244460105896,0.4995200037956238,1.0162503719329834,0.03616561368107796,1.4629863500595093
695,4.128003120422363,0.22148250043392181,0.5006600022315979,1.0163174867630005,-0.032171763479709625,1.4019203186035156
696,4.130284309387207,0.2192331701517105,0.499500036239624,1.0162667036056519,-0.0005913100321777165,1.4203224182128906
697,4.12739896774292,0.22147530317306519,0.4985000193119049,1.0161142349243164,-0.02377898432314396,1.4421401023864746
698,4.127896785736084,0.2182273268699646,0.500290036201477,1.0161436796188354,0.009009934030473232,1.4113364219665527
699,4.131732940673828,0.22220386564731598,0.5001100301742554,1.0161547660827637,-0.014215833507478237,1.3773467540740967
700,4.12973690032959,0.2191343605518341,0.4988400340080261,1.016036868095398,-0.00922407116740942,1.417834997177124
701,4.13068151473999,0.21900780498981476,0.49911001324653625,1.0159465074539185,0.006705255713313818,1.4262670278549194
702,4.130620956420898,0.21678459644317627,0.5000700354576111,1.0159536600112915,0.010495243594050407,1.36709725856781
703,4.1300368309021,0.21728193759918213,0.4996500313282013,1.0159181356430054,-0.002190512837842107,1.4642292261123657
704,4.1296868324279785,0.2224188894033432,0.5005599856376648,1.015974998474121,-0.02874007634818554,1.3931242227554321
705,4.127256393432617,0.2254820317029953,0.49980002641677856,1.015954613685608,0.013875490985810757,1.3989325761795044
706,4.126064777374268,0.21921484172344208,0.4983600080013275,1.015787959098816,0.035119976848363876,1.4297889471054077
707,4.13054895401001,0.21693044900894165,0.4974300265312195,1.0155268907546997,-0.010577076114714146,1.4143569469451904
708,4.130775451660156,0.21599933505058289,0.49994999170303345,1.015521764755249,0.00544403214007616,1.440362811088562
709,4.12584114074707,0.2184099704027176,0.5014200210571289,1.015665888786316,-0.004333948250859976,1.402269721031189
710,4.128938674926758,0.2216394990682602,0.4984400272369385,1.015507459640503,-0.005539208650588989,1.4253774881362915
711,4.126156330108643,0.21995553374290466,0.49729999899864197,1.0152332782745361,0.008991217240691185,1.4074653387069702
712,4.128039836883545,0.21449048817157745,0.4992300271987915,1.0151550769805908,-0.014907627366483212,1.3264856338500977
713,4.130946636199951,0.21991261839866638,0.500980019569397,1.0152544975280762,0.03741228207945824,1.434620976448059
714,4.129024028778076,0.21519900858402252,0.4991900324821472,1.0151722431182861,0.053716205060482025,1.3847140073776245
715,4.126237392425537,0.21200375258922577,0.49807003140449524,1.0149762630462646,0.05454367771744728,1.3746553659439087
716,4.127893924713135,0.21576835215091705,0.5005900263786316,1.0150361061096191,-0.007135252468287945,1.4521572589874268
717,4.129029273986816,0.21468709409236908,0.4999600052833557,1.0150320529937744,0.05038028210401535,1.4144926071166992
718,4.123863697052002,0.2141169011592865,0.5011500120162964,1.0151488780975342,0.009973022155463696,1.435106635093689
719,4.128129959106445,0.21574392914772034,0.5016300082206726,1.0153143405914307,0.01302835438400507,1.4304057359695435
720,4.129322052001953,0.21347282826900482,0.5033199787139893,1.0156514644622803,0.006452674977481365,1.4610247611999512
721,4.127991199493408,0.21573340892791748,0.5015699863433838,1.0158109664916992,-0.004673668183386326,1.446189522743225
722,4.128209590911865,0.21396413445472717,0.5006500482559204,1.0158770084381104,-0.03064166195690632,1.3902597427368164
723,4.127691268920898,0.21479931473731995,0.5001700520515442,1.0158942937850952,0.0015009670751169324,1.3870654106140137
724,4.129976749420166,0.2144182324409485,0.502810001373291,1.0161796808242798,-0.04651625081896782,1.3487468957901
725,4.1314897537231445,0.21257618069648743,0.4978400468826294,1.0159602165222168,-0.007234714925289154,1.4273728132247925
726,4.127990245819092,0.21064341068267822,0.4998900294303894,1.015949010848999,0.03600092604756355,1.4102349281311035
727,4.1292266845703125,0.2159794718027115,0.4982700049877167,1.0157732963562012,0.02642018534243107,1.4173344373703003
728,4.127838134765625,0.21651877462863922,0.5017600059509277,1.0159519910812378,0.03348110616207123,1.364620327949524
729,4.126993656158447,0.21478985249996185,0.4994400143623352,1.015895128250122,-0.06519649177789688,1.4007844924926758
730,4.128222942352295,0.2130739837884903,0.4985100328922272,1.0157437324523926,-0.0005394096369855106,1.365027904510498
731,4.129459857940674,0.2133609503507614,0.497840017080307,1.0155242681503296,-0.03043925203382969,1.323481559753418
732,4.129688739776611,0.2129412293434143,0.4993100166320801,1.0154541730880737,0.016647130250930786,1.445662021636963
733,4.127922534942627,0.21394215524196625,0.5002700686454773,1.0154814720153809,-0.050009068101644516,1.4013330936431885
734,4.127533912658691,0.2118360549211502,0.497219979763031,1.0151991844177246,-0.01041670423001051,1.3886667490005493
735,4.127560138702393,0.21292328834533691,0.4997100234031677,1.0151697397232056,-0.03642299771308899,1.379142165184021
736,4.127965450286865,0.21319925785064697,0.5016700029373169,1.0153392553329468,-0.02729049138724804,1.4102145433425903
737,4.126417636871338,0.20836031436920166,0.49672001600265503,1.015006184577942,-0.04539358615875244,1.3948484659194946
738,4.1305084228515625,0.21207192540168762,0.4964199960231781,1.0146428346633911,-0.00434142304584384,1.385427713394165
739,4.125980377197266,0.21047012507915497,0.5008900165557861,1.0147331953048706,0.008673444390296936,1.4037928581237793
740,4.1297993659973145,0.21066178381443024,0.4986400306224823,1.0145951509475708,0.01689295843243599,1.3997901678085327
741,4.1275954246521,0.2118171751499176,0.49856001138687134,1.0144490003585815,0.02281711995601654,1.420021414756775
742,4.128704071044922,0.21164214611053467,0.5020899772644043,1.0146609544754028,-0.03320534527301788,1.4318010807037354
743,4.127732753753662,0.21005795896053314,0.504069983959198,1.0150738954544067,-0.03806866332888603,1.4238369464874268
744,4.126345157623291,0.20981568098068237,0.501010000705719,1.0151764154434204,0.0284944586455822,1.425852656364441
745,4.12618350982666,0.21118302643299103,0.5024800300598145,1.0154281854629517,0.0051557207480072975,1.475903034210205
746,4.127135276794434,0.21209438145160675,0.4988900423049927,1.0153155326843262,0.021903270855545998,1.4289273023605347
747,4.128841876983643,0.2121957689523697,0.5028600096702576,1.0156059265136719,0.04628153145313263,1.4210478067398071
748,4.127120018005371,0.2095564603805542,0.50177001953125,1.0157856941223145,-0.0004429645778145641,1.4365065097808838
749,4.129295825958252,0.2099560797214508,0.49952003359794617,1.0157369375228882,0.007804539520293474,1.415321946144104
750,4.128314971923828,0.21290186047554016,0.5022799968719482,1.0159685611724854,-0.04379278048872948,1.4404270648956299
751,4.1277756690979,0.2101643830537796,0.4988900423049927,1.0158557891845703,0.042419835925102234,1.4121252298355103
752,4.125814914703369,0.2102038860321045,0.4985800087451935,1.0157115459442139,-0.018910694867372513,1.4235154390335083
753,4.128507137298584,0.2114098221063614,0.5034199953079224,1.0160589218139648,0.011464353650808334,1.5054872035980225
754,4.128420352935791,0.2135266214609146,0.5005800127983093,1.0161179304122925,0.036720260977745056,1.4027003049850464
755,4.127104759216309,0.20436693727970123,0.5009999871253967,1.0162196159362793,0.015773769468069077,1.397803783416748
756,4.127261638641357,0.20924094319343567,0.4972100555896759,1.0159361362457275,0.0567597858607769,1.3786773681640625
757,4.128612518310547,0.2086377590894699,0.4973600208759308,1.0156679153442383,0.04859328642487526,1.404264211654663
758,4.127343654632568,0.2182619422674179,0.4992700517177582,1.0155937671661377,-0.025661688297986984,1.3758283853530884
759,4.128472805023193,0.21302242577075958,0.4976699948310852,1.0153571367263794,-0.06658871471881866,1.3729157447814941
760,4.128814697265625,0.2063668668270111,0.5001500248908997,1.015372395515442,0.01630406267940998,1.4468340873718262
761,4.131032466888428,0.20977339148521423,0.49963000416755676,1.0153348445892334,0.056758202612400055,1.460433006286621
762,4.129754066467285,0.20795348286628723,0.49828001856803894,1.0151602029800415,-0.05051266774535179,1.4426789283752441
763,4.126760959625244,0.20874089002609253,0.4997600317001343,1.0151357650756836,0.04028639569878578,1.4048970937728882
764,4.127459526062012,0.2097623497247696,0.5000900030136108,1.015144944190979,-0.04396015778183937,1.444836139678955
765,4.126094818115234,0.2061520665884018,0.500260055065155,1.0151712894439697,0.008297521620988846,1.3843841552734375
766,4.127059459686279,0.2065456658601761,0.5006800293922424,1.0152403116226196,-0.042455874383449554,1.3965439796447754
767,4.1294450759887695,0.2067059874534607,0.5000500082969666,1.0152454376220703,-0.03806147351861,1.4361575841903687
768,4.127321720123291,0.2052263468503952,0.5038099884986877,1.0156322717666626,-0.05892994999885559,1.410482406616211
769,4.1270012855529785,0.20530056953430176,0.5003700256347656,1.015669822692871,0.0015882760053500533,1.3756459951400757
770,4.127150535583496,0.2077244520187378,0.5013100504875183,1.0158028602600098,0.0027935730759054422,1.4142680168151855
771,4.129279613494873,0.2096458226442337,0.4994400143623352,1.015745997428894,-0.059048596769571304,1.4456437826156616
772,4.126478672027588,0.20573347806930542,0.5009400248527527,1.0158414840698242,0.0010040331399068236,1.380421757698059
773,4.127681732177734,0.2050882875919342,0.5011300444602966,1.0159562826156616,0.029939480125904083,1.4372540712356567
774,4.127852439880371,0.20621928572654724,0.4986100196838379,1.015815019607544,-0.014048246666789055,1.3740826845169067
775,4.128457069396973,0.20584680140018463,0.4958500266075134,1.0153933763504028,-0.03653577342629433,1.4456217288970947
776,4.126245975494385,0.20649661123752594,0.4971400201320648,1.0151029825210571,-0.027646176517009735,1.387181282043457
777,4.1283769607543945,0.20829863846302032,0.5014000535011292,1.0152450799942017,0.04536262899637222,1.4296263456344604
778,4.127908706665039,0.20430271327495575,0.49849000573158264,1.0150917768478394,0.027909310534596443,1.3885613679885864
779,4.1286821365356445,0.20305895805358887,0.5003300309181213,1.0151252746582031,0.023974251002073288,1.4115567207336426
780,4.126122951507568,0.20278196036815643,0.4988499879837036,1.015008568763733,-0.008556659333407879,1.4232834577560425
781,4.125228404998779,0.2009478211402893,0.499970018863678,1.0150055885314941,-0.03103104792535305,1.3948800563812256
782,4.126768589019775,0.20000922679901123,0.49731001257896423,1.0147325992584229,-0.02567489631474018,1.3423399925231934
783,4.128126621246338,0.20740815997123718,0.4997900128364563,1.0147112607955933,0.061744119971990585,1.461207389831543
784,4.1274871826171875,0.20552776753902435,0.49768000841140747,1.0144758224487305,-0.01865178532898426,1.4051562547683716
785,4.12794828414917,0.2025599479675293,0.500980019569397,1.0145752429962158,-0.014695580117404461,1.3906632661819458
786,4.127933979034424,0.20493267476558685,0.4999200403690338,1.0145671367645264,-0.07539912313222885,1.441868543624878
787,4.126396179199219,0.20367805659770966,0.4996400475502014,1.0145306587219238,-0.011168424971401691,1.3548812866210938
788,4.127982139587402,0.20270279049873352,0.49949002265930176,1.0144789218902588,0.03533275052905083,1.3228950500488281
789,4.128834247589111,0.20304280519485474,0.5016900300979614,1.0146504640579224,0.08013878762722015,1.4156765937805176
790,4.127607822418213,0.20314860343933105,0.5001300573348999,1.0146636962890625,-0.003336462192237377,1.4468951225280762
791,4.126615524291992,0.2022450715303421,0.49737000465393066,1.0143969058990479,-0.010863242670893669,1.418271541595459
792,4.127686500549316,0.20363569259643555,0.5008600354194641,1.0144840478897095,0.026134174317121506,1.376017689704895
793,4.127398490905762,0.20342835783958435,0.5043100118637085,1.0149213075637817,0.012550638988614082,1.4145243167877197
794,4.126363277435303,0.20481668412685394,0.5012099742889404,1.015044093132019,0.020297804847359657,1.4555567502975464
795,4.1269683837890625,0.2004443258047104,0.501520037651062,1.0151983499526978,-0.017082184553146362,1.438562035560608
796,4.127695083618164,0.20343434810638428,0.4982700049877167,1.0150227546691895,-0.015767216682434082,1.4606229066848755
797,4.128697395324707,0.19924959540367126,0.4984000027179718,1.0148603916168213,-0.00663582282140851,1.3859940767288208
798,4.126367092132568,0.19854162633419037,0.49810001254081726,1.0146675109863281,-0.01364170666784048,1.4343713521957397
799,4.1286940574646,0.2004641443490982,0.4986400306224823,1.0145294666290283,-0.02815140224993229,1.3520177602767944
800,4.129128932952881,0.20169010758399963,0.4996900260448456,1.014497995376587,-0.035401854664087296,1.427924633026123
801,4.12567663192749,0.19862426817417145,0.49894002079963684,1.014390468597412,-0.02974928356707096,1.429054617881775
802,4.126911163330078,0.20271503925323486,0.5012100338935852,1.0145132541656494,-0.01477778609842062,1.4565930366516113
803,4.125433444976807,0.2007809579372406,0.4985400438308716,1.0143651962280273,-4.5845034037483856e-05,1.3892314434051514
804,4.127041339874268,0.20208203792572021,0.5021899938583374,1.0145872831344604,0.010837492533028126,1.401366949081421
805,4.1268792152404785,0.19853408634662628,0.49665001034736633,1.0142474174499512,0.0036012078635394573,1.3912655115127563
806,4.126855373382568,0.20058797299861908,0.5002700090408325,1.0142747163772583,0.03124854527413845,1.4346033334732056
807,4.125166416168213,0.19931860268115997,0.4994800090789795,1.0142220258712769,-0.002501137787476182,1.42952561378479
808,4.129287242889404,0.1984882652759552,0.4979500472545624,1.0140141248703003,-0.01375522743910551,1.3923221826553345
809,4.127356052398682,0.20120906829833984,0.5006200075149536,1.0140769481658936,-0.0550391711294651,1.4357603788375854
810,4.1277899742126465,0.19855213165283203,0.5019400119781494,1.0142736434936523,-0.026895921677350998,1.3186582326889038
811,4.127536773681641,0.1995399296283722,0.5034400224685669,1.0146225690841675,0.007189763244241476,1.4129981994628906
812,4.125152111053467,0.1997423619031906,0.501270055770874,1.0147514343261719,-0.010573677718639374,1.379837989807129
813,4.1266655921936035,0.19707392156124115,0.49748000502586365,1.0144957304000854,-0.05031544342637062,1.4162296056747437
814,4.127692699432373,0.19731327891349792,0.4975399971008301,1.0142462253570557,0.017819039523601532,1.381064534187317
815,4.127232551574707,0.19841009378433228,0.49952003359794617,1.014197587966919,0.007267553824931383,1.3857232332229614
816,4.124670028686523,0.1981581151485443,0.5018700361251831,1.0143872499465942,-0.0278888251632452,1.4231206178665161
817,4.127213954925537,0.1952982395887375,0.49963003396987915,1.0143496990203857,-0.005251412745565176,1.4176585674285889
818,4.127780437469482,0.19873185455799103,0.5005600452423096,1.0144065618515015,0.021038280799984932,1.441763997077942
819,4.126617908477783,0.20059144496917725,0.5013200044631958,1.014540433883667,0.08823410421609879,1.4802043437957764
820,4.127312183380127,0.19998057186603546,0.500249981880188,1.0145658254623413,-0.010611645877361298,1.4087918996810913
821,4.126059532165527,0.19971874356269836,0.5017099976539612,1.0147392749786377,0.0031804335303604603,1.4536160230636597
822,4.126585483551025,0.19858554005622864,0.502269983291626,1.0149695873260498,-0.003986072260886431,1.4100384712219238
823,4.127915382385254,0.1993332803249359,0.49994999170303345,1.0149644613265991,0.041308317333459854,1.404726266860962
824,4.12899923324585,0.1995556503534317,0.5039600133895874,1.0153664350509644,0.021640855818986893,1.430544376373291
825,4.129207134246826,0.19900615513324738,0.5016599893569946,1.0155348777770996,-0.019800381734967232,1.3674386739730835
826,4.1257219314575195,0.19642296433448792,0.501990020275116,1.0157369375228882,0.0443941131234169,1.4504681825637817
827,4.12699031829834,0.19862794876098633,0.5001499652862549,1.0157521963119507,-0.0425046943128109,1.4468350410461426
828,4.126273155212402,0.1953946053981781,0.5007399916648865,1.0158274173736572,0.033010926097631454,1.396016001701355
829,4.124808311462402,0.19463516771793365,0.4972500205039978,1.0155479907989502,-0.03484628349542618,1.4091390371322632
830,4.125437259674072,0.2000134438276291,0.4999200105667114,1.0155398845672607,-0.04866411164402962,1.409245491027832
831,4.128346920013428,0.19655859470367432,0.4963400363922119,1.0151681900024414,0.027779625728726387,1.3940796852111816
832,4.126302719116211,0.20032255351543427,0.5007900595664978,1.015248417854309,-0.01193179376423359,1.4175046682357788
833,4.126211643218994,0.1966470628976822,0.5017099976539612,1.015421986579895,0.026325682178139687,1.4216969013214111
834,4.1257243156433105,0.19445933401584625,0.500220000743866,1.0154443979263306,-0.011940189637243748,1.4056577682495117
835,4.126902103424072,0.1987236887216568,0.5008500218391418,1.0155307054519653,0.01092156395316124,1.3778367042541504
836,4.124814987182617,0.19478784501552582,0.5020300149917603,1.0157368183135986,0.006389778573065996,1.4482481479644775
837,4.126814842224121,0.19327884912490845,0.5002000331878662,1.0157572031021118,0.0044830781407654285,1.409688949584961
838,4.124258518218994,0.19267244637012482,0.4974000155925751,1.0154931545257568,-0.008285856805741787,1.415218472480774
839,4.126495361328125,0.1937231868505478,0.5011699795722961,1.0156118869781494,-0.05437915027141571,1.3876348733901978
840,4.126205921173096,0.19380761682987213,0.4949600100517273,1.0151000022888184,0.01305652130395174,1.4060198068618774
841,4.125694274902344,0.19412875175476074,0.5027400255203247,1.0153781175613403,0.06404594331979752,1.4554004669189453
842,4.125244617462158,0.1960085779428482,0.5006200075149536,1.0154410600662231,-0.0389578603208065,1.443706750869751
843,4.126623153686523,0.19539444148540497,0.5017300248146057,1.0156166553497314,-0.01139812171459198,1.4067878723144531
844,4.127195835113525,0.19592946767807007,0.5016000270843506,1.0157791376113892,0.005693637300282717,1.4521453380584717
845,4.12498664855957,0.19547107815742493,0.5031800270080566,1.0161021947860718,-0.014415348879992962,1.4327610731124878
846,4.123673439025879,0.19520524144172668,0.5029399991035461,1.016400933265686,-0.06548352539539337,1.4283803701400757
847,4.12398624420166,0.19301199913024902,0.5019299983978271,1.0165971517562866,-0.06278117001056671,1.4087882041931152
848,4.126078128814697,0.19420458376407623,0.5008899569511414,1.0166876316070557,0.031211107969284058,1.406866431236267
849,4.126247406005859,0.19250498712062836,0.4976300299167633,1.0164467096328735,0.013148646801710129,1.4082624912261963
850,4.124912261962891,0.19660982489585876,0.5011100172996521,1.0165594816207886,-0.020588377490639687,1.407416820526123
851,4.1295270919799805,0.19442631304264069,0.5034400224685669,1.0169092416763306,-0.02236725389957428,1.4736958742141724
852,4.126359939575195,0.19238661229610443,0.5003899931907654,1.016948938369751,-0.037633128464221954,1.4035569429397583
853,4.127206325531006,0.19435811042785645,0.4996200203895569,1.0169103145599365,-0.007282750681042671,1.4194961786270142
854,4.124532699584961,0.19037993252277374,0.5004799962043762,1.0169591903686523,0.03239904344081879,1.4247108697891235
855,4.126628398895264,0.1956254094839096,0.5001599788665771,1.0169754028320312,-0.02735440991818905,1.4530340433120728
856,4.1255388259887695,0.19045482575893402,0.4952400028705597,1.0164912939071655,0.031873419880867004,1.4182748794555664
857,4.126035690307617,0.19375082850456238,0.4997600317001343,1.0164668560028076,0.04107518121600151,1.4241174459457397
858,4.127731800079346,0.1951644867658615,0.5015700459480286,1.0166264772415161,0.010430182330310345,1.4355616569519043
859,4.1263227462768555,0.1893341839313507,0.501270055770874,1.0167555809020996,-0.015242818742990494,1.4096460342407227
860,4.12449312210083,0.19249138236045837,0.4992299973964691,1.0166772603988647,0.02282208390533924,1.396794319152832
861,4.125677108764648,0.19077184796333313,0.5018900036811829,1.016869306564331,-0.04719236120581627,1.4303998947143555
862,4.125094413757324,0.19099284708499908,0.498989999294281,1.0167666673660278,0.07780330628156662,1.4735445976257324
863,4.1253275871276855,0.19153378903865814,0.4969000220298767,1.0164514780044556,0.03267215937376022,1.4380601644515991
864,4.125243663787842,0.1932896226644516,0.49959999322891235,1.0164108276367188,0.017406079918146133,1.4466750621795654
865,4.125797271728516,0.18978632986545563,0.498060017824173,1.0162136554718018,0.0034122373908758163,1.3733775615692139
866,4.125041484832764,0.19300293922424316,0.5005699992179871,1.0162715911865234,0.009175260551273823,1.4076697826385498
867,4.127526760101318,0.19176281988620758,0.4986500144004822,1.0161343812942505,0.013594613410532475,1.4130421876907349
868,4.126667022705078,0.189656063914299,0.4960000216960907,1.0157278776168823,0.01100964192301035,1.3896279335021973
869,4.126184463500977,0.1913173645734787,0.499860018491745,1.0157136917114258,0.055671047419309616,1.4447517395019531
870,4.125199794769287,0.19058772921562195,0.49883002042770386,1.0155948400497437,0.001535446266643703,1.4100221395492554
871,4.127748489379883,0.19078561663627625,0.49957001209259033,1.015551209449768,0.01051032729446888,1.394270658493042
872,4.1268792152404785,0.1895359754562378,0.4999900162220001,1.015550136566162,0.061823487281799316,1.3699947595596313
873,4.123807907104492,0.18771129846572876,0.49723002314567566,1.0152688026428223,-0.018383920192718506,1.387183427810669
874,4.126458644866943,0.18816854059696198,0.4980200231075287,1.0150678157806396,-0.010962902568280697,1.3986889123916626
875,4.128025054931641,0.19133955240249634,0.4986000061035156,1.0149257183074951,0.0064122783951461315,1.4241905212402344
876,4.126678943634033,0.18933242559432983,0.4997299909591675,1.0148983001708984,0.02669588290154934,1.4013813734054565
877,4.12584924697876,0.18885867297649384,0.5023900270462036,1.0151408910751343,-0.014082252979278564,1.4295594692230225
878,4.126890659332275,0.18831183016300201,0.5016499757766724,1.0153083801269531,-0.04454496130347252,1.4198799133300781
879,4.126096248626709,0.1896173357963562,0.49879002571105957,1.0151854753494263,0.04301774129271507,1.442246437072754
880,4.126659393310547,0.18821512162685394,0.4983000159263611,1.0150128602981567,0.03653740882873535,1.388458490371704
881,4.123528003692627,0.18699990212917328,0.49744004011154175,1.014752984046936,0.024169599637389183,1.383721113204956
882,4.122888565063477,0.18644335865974426,0.5008000135421753,1.0148341655731201,-0.00478453328832984,1.363106369972229
883,4.125608444213867,0.18716032803058624,0.5019000172615051,1.0150270462036133,-0.047418612986803055,1.3849351406097412
884,4.126441478729248,0.18975317478179932,0.4985400140285492,1.0148788690567017,0.03606473654508591,1.3825846910476685
885,4.123721599578857,0.19107307493686676,0.49987003207206726,1.0148656368255615,0.0036412307526916265,1.394538402557373
886,4.123748779296875,0.18778014183044434,0.49863001704216003,1.0147266387939453,0.013625041581690311,1.406187891960144
887,4.1261820793151855,0.190564826130867,0.5019500255584717,1.0149245262145996,-0.03732144460082054,1.433142066001892
888,4.127434730529785,0.18871784210205078,0.4997800588607788,1.0149022340774536,0.0030155444983392954,1.4558113813400269
889,4.1247453689575195,0.18561500310897827,0.49935999512672424,1.0148372650146484,-0.027033764868974686,1.385581374168396
890,4.127479076385498,0.18339420855045319,0.4972500205039978,1.01455819606781,0.02373284287750721,1.3537808656692505
891,4.125601291656494,0.18572939932346344,0.5006400346755981,1.0146231651306152,-0.008408802561461926,1.457993745803833
892,4.12503719329834,0.1860581487417221,0.49726003408432007,1.0143451690673828,0.06642738729715347,1.3768017292022705
893,4.124893665313721,0.18517620861530304,0.5017200112342834,1.0145196914672852,0.020752502605319023,1.3523389101028442
894,4.125030994415283,0.18506541848182678,0.5012400150299072,1.0146454572677612,-0.027717944234609604,1.4454874992370605
895,4.126480579376221,0.18666550517082214,0.5023300051689148,1.01488196849823,0.019316326826810837,1.3814185857772827
896,4.124791145324707,0.18459101021289825,0.49702998995780945,1.014580488204956,0.010725707747042179,1.3859878778457642
897,4.125449180603027,0.1846131831407547,0.4964900016784668,1.0142244100570679,-0.0269768126308918,1.3886735439300537
898,4.126896381378174,0.18529006838798523,0.4977700412273407,1.01399827003479,0.028206096962094307,1.3777320384979248
899,4.128826141357422,0.18886929750442505,0.49845004081726074,1.013841152191162,0.0007817221339792013,1.421500563621521
900,4.124589920043945,0.18623746931552887,0.5003000497817993,1.0138715505599976,0.005441389512270689,1.4308785200119019
901,4.127026557922363,0.1869366616010666,0.4999300241470337,1.013864517211914,-0.014762647449970245,1.406522274017334
902,4.125109672546387,0.1853581964969635,0.5000900030136108,1.0138736963272095,-0.008470109663903713,1.403105616569519
903,4.127805233001709,0.18504278361797333,0.5002500414848328,1.0138990879058838,0.007825275883078575,1.4285461902618408
904,4.126073360443115,0.18559612333774567,0.4971200227737427,1.0136070251464844,0.01515293586999178,1.4236637353897095
905,4.125436305999756,0.18358533084392548,0.5013600587844849,1.0137449502944946,-0.006776751019060612,1.3886239528656006
906,4.125997543334961,0.18379829823970795,0.5002800226211548,1.0137733221054077,-0.028851384297013283,1.4062726497650146
907,4.126912593841553,0.18669646978378296,0.4998600482940674,1.0137591361999512,0.03227647393941879,1.4885714054107666
908,4.126115322113037,0.18473437428474426,0.4993400573730469,1.0136922597885132,-0.031810544431209564,1.3927282094955444
909,4.126063823699951,0.185537651181221,0.49786001443862915,1.0134752988815308,-0.03736156225204468,1.4081048965454102
910,4.126338958740234,0.18608734011650085,0.5000900030136108,1.0134844779968262,0.024625740945339203,1.389591097831726
911,4.125699996948242,0.18419115245342255,0.4984600245952606,1.0133284330368042,0.010569279082119465,1.4012665748596191
912,4.125514507293701,0.18569661676883698,0.50177001953125,1.0135078430175781,-0.01159658282995224,1.387362003326416
913,4.125877857208252,0.18675236403942108,0.5011100172996521,1.013620376586914,-0.01726539619266987,1.440165638923645
914,4.1243672370910645,0.18411794304847717,0.504610002040863,1.0140876770019531,-0.01266439538449049,1.4426146745681763
915,4.123668670654297,0.1827402114868164,0.49967002868652344,1.0140541791915894,-0.04722589999437332,1.4059092998504639
916,4.124920845031738,0.1818411946296692,0.4990900456905365,1.013961911201477,-0.0073352777399122715,1.4140269756317139
917,4.1251349449157715,0.185606449842453,0.5014699697494507,1.0141109228134155,-0.031134380027651787,1.4229576587677002
918,4.125955581665039,0.18338501453399658,0.5023699998855591,1.01435124874115,-0.010968628339469433,1.398650884628296
919,4.126185894012451,0.18338964879512787,0.501520037651062,1.014505386352539,0.008187892846763134,1.440720558166504
920,4.125349998474121,0.18577325344085693,0.49660003185272217,1.0141605138778687,0.02204173617064953,1.4095267057418823
921,4.125533103942871,0.18305358290672302,0.49925002455711365,1.0140844583511353,-0.030377263203263283,1.3510136604309082
922,4.126007556915283,0.18560291826725006,0.5032299757003784,1.0144120454788208,0.01268610917031765,1.4873172044754028
923,4.12412166595459,0.18424491584300995,0.50177001953125,1.0145915746688843,-0.01779094897210598,1.4270975589752197
924,4.124715805053711,0.1836419254541397,0.4985400140285492,1.0144435167312622,0.04436319321393967,1.442568063735962
925,4.126974105834961,0.18401314318180084,0.5003200173377991,1.01447594165802,-0.013754515908658504,1.4352823495864868
926,4.126806259155273,0.18274492025375366,0.5007399916648865,1.014551043510437,0.007892130874097347,1.4879320859909058
927,4.124492645263672,0.1813385933637619,0.5017300248146057,1.0147265195846558,0.0482015497982502,1.3745609521865845
928,4.127347469329834,0.1848209947347641,0.5016099810600281,1.0148899555206299,0.0012867198092862964,1.3968430757522583
929,4.12528133392334,0.1789260357618332,0.49972003698349,1.0148615837097168,-0.041866011917591095,1.4002079963684082
930,4.126628398895264,0.18159471452236176,0.4987199902534485,1.0147316455841064,0.01925414428114891,1.408203125
931,4.1253743171691895,0.1812676340341568,0.5025400519371033,1.0149893760681152,-0.026794277131557465,1.3408960103988647
932,4.12625789642334,0.18423500657081604,0.49928998947143555,1.0149173736572266,-0.021924829110503197,1.4111300706863403
933,4.12643575668335,0.1872917264699936,0.5033299922943115,1.015255331993103,-0.02858879789710045,1.3931087255477905
934,4.1255621910095215,0.18403740227222443,0.5013800263404846,1.0153955221176147,0.010771981440484524,1.4093434810638428
935,4.1251349449157715,0.1805422157049179,0.4988800287246704,1.0152817964553833,0.012237022630870342,1.447617769241333
936,4.126491069793701,0.18118610978126526,0.49876004457473755,1.0151559114456177,-0.0070299734361469746,1.327940821647644
937,4.1246843338012695,0.1801433116197586,0.5016199946403503,1.0153204202651978,-0.02707182988524437,1.4472229480743408
938,4.125633716583252,0.17994211614131927,0.5029100775718689,1.0156158208847046,-0.012009147554636002,1.4958992004394531
939,4.126370429992676,0.18181674182415009,0.4982500374317169,1.0154380798339844,0.03929322212934494,1.448521375656128
940,4.125123500823975,0.18332326412200928,0.49803003668785095,1.0152380466461182,0.04417122155427933,1.441404938697815
941,4.12445068359375,0.17966032028198242,0.49900001287460327,1.015136480331421,0.03778916969895363,1.3968206644058228
942,4.1264119148254395,0.1845564842224121,0.49869003891944885,1.0150034427642822,0.0036241509951651096,1.492019772529602
943,4.12543249130249,0.17954716086387634,0.5012499690055847,1.0151304006576538,-0.0638435110449791,1.3944686651229858
944,4.12477970123291,0.17679530382156372,0.4982300102710724,1.0149507522583008,0.06016462296247482,1.387274980545044
945,4.126239776611328,0.18630148470401764,0.4990300238132477,1.0148522853851318,-0.04037747532129288,1.40565824508667
946,4.125146865844727,0.1812179684638977,0.4974900186061859,1.0145975351333618,0.08732671290636063,1.446589469909668
947,4.1265645027160645,0.18238072097301483,0.5015800595283508,1.014757752418518,0.0021155911963433027,1.40177583694458
948,4.12507963180542,0.17795293033123016,0.4961000084877014,1.0143619775772095,-0.03704424574971199,1.3781839609146118
949,4.123961448669434,0.18088068068027496,0.49727004766464233,1.014085054397583,0.06464321911334991,1.4056007862091064
950,4.124823570251465,0.17977949976921082,0.5018500089645386,1.014272689819336,-0.010796946473419666,1.4233943223953247
951,4.126192092895508,0.18180514872074127,0.5016000270843506,1.0144349336624146,0.012836783193051815,1.448768138885498
952,4.126413345336914,0.1794324815273285,0.49918001890182495,1.014351725578308,0.0033520557917654514,1.4033433198928833
953,4.125147342681885,0.1812174916267395,0.4978000223636627,1.014128565788269,0.006566214840859175,1.4526764154434204
954,4.126348972320557,0.1817791908979416,0.5026800036430359,1.0144003629684448,0.03050427883863449,1.3658721446990967
955,4.126298904418945,0.179959237575531,0.4967000186443329,1.0140656232833862,-0.0033778760116547346,1.411935567855835
956,4.1241583824157715,0.1769661009311676,0.4980299770832062,1.0138658285140991,0.057425741106271744,1.405027985572815
957,4.123517036437988,0.17601391673088074,0.4974200427532196,1.0136042833328247,0.0006499195587821305,1.379853367805481
958,4.125077247619629,0.17624486982822418,0.49942001700401306,1.0135455131530762,-0.007221725769340992,1.4281034469604492
959,4.124752044677734,0.17778219282627106,0.4978500306606293,1.0133275985717773,0.014031600207090378,1.3353569507598877
960,4.1250481605529785,0.18052996695041656,0.5009199976921082,1.013420820236206,0.014910958707332611,1.4031002521514893
961,4.126461505889893,0.17998139560222626,0.49887001514434814,1.0133062601089478,0.0017086754087358713,1.450272798538208
962,4.1259002685546875,0.17809008061885834,0.49731001257896423,1.0130336284637451,-0.05383717641234398,1.369821310043335
963,4.125279426574707,0.17580030858516693,0.5056399703025818,1.013604998588562,-0.016933461651206017,1.475319266319275
964,4.1247406005859375,0.17718838155269623,0.49987003207206726,1.0135918855667114,-0.05497723072767258,1.4457303285598755
965,4.124218463897705,0.17758631706237793,0.4984799921512604,1.0134378671646118,-0.002355362055823207,1.350050687789917
966,4.123872756958008,0.17820513248443604,0.5020999908447266,1.0136507749557495,-0.027296943590044975,1.4700692892074585
967,4.126569747924805,0.1776321679353714,0.5004599690437317,1.0136973857879639,0.015081781893968582,1.4358911514282227
968,4.124790668487549,0.17789286375045776,0.49762001633644104,1.013456106185913,0.0458337776362896,1.4675095081329346
969,4.123842239379883,0.1813303679227829,0.5006899833679199,1.0135260820388794,-0.03978098928928375,1.4046133756637573
970,4.12484073638916,0.17485815286636353,0.49970003962516785,1.013495683670044,-0.0355762355029583,1.449407935142517
971,4.125183582305908,0.1757250875234604,0.49790000915527344,1.0132828950881958,0.02879713661968708,1.450414776802063
972,4.124550819396973,0.17703436315059662,0.4985000193119049,1.0131309032440186,0.03303148224949837,1.3777316808700562
973,4.125121593475342,0.17500759661197662,0.5010200142860413,1.013234257698059,-0.02153666876256466,1.3711843490600586
974,4.124603748321533,0.17902474105358124,0.5022099614143372,1.013458251953125,-0.0013118777424097061,1.4447981119155884
975,4.124542713165283,0.17629055678844452,0.5030099749565125,1.0137633085250854,0.0279142614454031,1.4236140251159668
976,4.125023365020752,0.1757955551147461,0.49834001064300537,1.0135949850082397,-0.012696460820734501,1.4449442625045776
977,4.12476921081543,0.17572419345378876,0.49831002950668335,1.0134236812591553,0.05227994546294212,1.3617361783981323
978,4.1255903244018555,0.17629745602607727,0.501960039138794,1.0136222839355469,0.07270140200853348,1.4614012241363525
979,4.125537395477295,0.17413398623466492,0.4986400008201599,1.0134843587875366,-0.01897185668349266,1.400782585144043
980,4.1231889724731445,0.17543525993824005,0.4991200268268585,1.0133951902389526,-0.01522840466350317,1.429461121559143
981,4.1253204345703125,0.17739936709403992,0.5015199780464172,1.0135492086410522,0.0151329655200243,1.4049677848815918
982,4.125065326690674,0.17755693197250366,0.5007900595664978,1.0136293172836304,-0.0028519555926322937,1.4185490608215332
983,4.124307155609131,0.1742626130580902,0.5027300119400024,1.0139060020446777,-0.02791663073003292,1.3862361907958984
984,4.123619079589844,0.17447881400585175,0.4995500147342682,1.0138603448867798,-0.08212441951036453,1.4359703063964844
985,4.123087406158447,0.1752748042345047,0.49710002541542053,1.0135663747787476,-0.0058466168120503426,1.334142804145813
986,4.124544620513916,0.17393773794174194,0.5010300278663635,1.013670802116394,0.024943621829152107,1.4191476106643677
987,4.126154899597168,0.17653882503509521,0.5013399720191956,1.0138065814971924,-0.048830438405275345,1.3781033754348755
988,4.124140739440918,0.1763119250535965,0.5021499991416931,1.0140246152877808,-0.0027189408428967,1.4142366647720337
989,4.125850200653076,0.1737457662820816,0.49751004576683044,1.0137721300125122,-0.00014629174256697297,1.441352367401123
990,4.1248698234558105,0.1746412068605423,0.5011200308799744,1.013885736465454,-0.006963201332837343,1.4930046796798706
991,4.125035285949707,0.17410048842430115,0.5026400089263916,1.0141534805297852,-0.05223916471004486,1.4088819026947021
992,4.124257564544678,0.17462672293186188,0.5028900504112244,1.014446496963501,0.03523845970630646,1.466804027557373
993,4.122437953948975,0.17447151243686676,0.502240002155304,1.0146737098693848,0.01083782222121954,1.425260305404663
994,4.124213218688965,0.17343346774578094,0.4981900155544281,1.014490008354187,-0.02912563644349575,1.4574240446090698
995,4.12533712387085,0.17367151379585266,0.49852001667022705,1.0143399238586426,-0.026869330555200577,1.409256935119629
996,4.126640796661377,0.17450940608978271,0.49796000123023987,1.0141329765319824,-0.023576604202389717,1.4125840663909912
997,4.126611709594727,0.17210891842842102,0.4993100166320801,1.0140630006790161,-0.03612130135297775,1.4028414487838745
998,4.125723361968994,0.17304633557796478,0.4993000030517578,1.0139920711517334,0.025489652529358864,1.3949930667877197
999,4.124624729156494,0.17383819818496704,0.4994499683380127,1.0139362812042236,0.0021232757717370987,1.488316297531128
1000,4.124690055847168,0.17442187666893005,0.4978500008583069,1.0137182474136353,-0.0358751080930233,1.4405555725097656
1001,4.122509002685547,0.17375768721103668,0.5005999803543091,1.0137790441513062,0.017373399809002876,1.4112855195999146
1002,4.125348091125488,0.17481419444084167,0.4983000159263611,1.0136066675186157,-0.020412025973200798,1.4190398454666138
1003,4.124345779418945,0.17421099543571472,0.4994400143623352,1.0135499238967896,0.0278503205627203,1.4137052297592163
1004,4.123552322387695,0.16925521194934845,0.4989199936389923,1.013440489768982,-0.02997717820107937,1.3501958847045898
1005,4.1258015632629395,0.17102457582950592,0.4999699890613556,1.0134375095367432,-0.025471238419413567,1.350247859954834
1006,4.123874187469482,0.16761928796768188,0.4988499879837036,1.013321042060852,-0.05454828590154648,1.4186843633651733
1007,4.123762130737305,0.1721937209367752,0.4991300404071808,1.0132328271865845,-0.002783187897875905,1.4330806732177734
1008,4.124337196350098,0.17376841604709625,0.5024900436401367,1.0134851932525635,-0.01197138987481594,1.4423824548721313
1009,4.12553071975708,0.1756606251001358,0.5071499943733215,1.0142098665237427,-0.01489284262061119,1.4365723133087158
1010,4.125137805938721,0.17405036091804504,0.501460075378418,1.0143579244613647,-0.04455690085887909,1.4411511421203613
1011,4.1249895095825195,0.17249107360839844,0.4982599914073944,1.0141814947128296,-0.0014091397169977427,1.4297924041748047
1012,4.125296592712402,0.17391301691532135,0.503760039806366,1.0145628452301025,0.03607337176799774,1.3983999490737915
1013,4.124675273895264,0.16953520476818085,0.49988001585006714,1.0145506858825684,-0.015589970164000988,1.3887823820114136
1014,4.124547481536865,0.17158789932727814,0.5011400580406189,1.0146663188934326,-0.0030959483701735735,1.4398013353347778
1015,4.123917102813721,0.1713506132364273,0.5007700324058533,1.0147444009780884,0.049337372183799744,1.4587639570236206
1016,4.122916221618652,0.1731407344341278,0.5000200271606445,1.0147464275360107,0.03384155407547951,1.4031050205230713
1017,4.125672340393066,0.1742824763059616,0.5001500248908997,1.0147616863250732,-0.007114143576472998,1.398926854133606
1018,4.1264328956604,0.17320749163627625,0.5028899908065796,1.0150549411773682,0.004135527648031712,1.447214961051941
1019,4.124443054199219,0.17212191224098206,0.4975600242614746,1.0148072242736816,0.024671997874975204,1.3758295774459839
1020,4.123166084289551,0.1729390025138855,0.5006099939346313,1.014869213104248,0.058976586908102036,1.4694260358810425
1021,4.124801158905029,0.1681918352842331,0.5001699924468994,1.014886498451233,-0.049348387867212296,1.4192254543304443
1022,4.123661041259766,0.16908396780490875,0.5011000037193298,1.014998197555542,-0.008724071085453033,1.359570860862732
1023,4.12699031829834,0.1718355268239975,0.5000500082969666,1.0150033235549927,0.0016857801238074899,1.3591556549072266
1024,4.123178958892822,0.17110539972782135,0.5056500434875488,1.0155768394470215,-0.01528630219399929,1.4766314029693604
1025,4.124356746673584,0.17287792265415192,0.4989500343799591,1.0154701471328735,-0.01931954361498356,1.4284464120864868
1026,4.12561559677124,0.17259542644023895,0.49755001068115234,1.015221357345581,-0.007287823129445314,1.4369773864746094
1027,4.123993873596191,0.17458505928516388,0.49898001551628113,1.0151177644729614,0.04022181034088135,1.4341989755630493
1028,4.126054763793945,0.17051146924495697,0.49883005023002625,1.0149990320205688,0.01453062891960144,1.4613546133041382
1029,4.122142314910889,0.16849522292613983,0.4981600344181061,1.0148122310638428,-0.014894811436533928,1.3642442226409912
1030,4.123366832733154,0.17090536653995514,0.49928003549575806,1.0147391557693481,0.0035289269872009754,1.431908130645752
1031,4.124049186706543,0.17024455964565277,0.49738001823425293,1.01447331905365,-0.017332861199975014,1.4472427368164062
1032,4.124791145324707,0.16948452591896057,0.4964500367641449,1.014113187789917,-0.01154035609215498,1.4091289043426514
1033,4.124217987060547,0.17401108145713806,0.5029900670051575,1.0144163370132446,0.01660560443997383,1.4219920635223389
1034,4.124842643737793,0.17092813551425934,0.5014400482177734,1.0145623683929443,-0.014136375859379768,1.4245773553848267
1035,4.123743534088135,0.16845214366912842,0.5006600022315979,1.0146293640136719,0.016524048522114754,1.4278037548065186
1036,4.124317646026611,0.1705959439277649,0.5014500021934509,1.0147764682769775,-0.04240771010518074,1.4169803857803345
1037,4.123906135559082,0.1694575846195221,0.5002700686454773,1.0148038864135742,-0.027242494747042656,1.4876365661621094
1038,4.124214172363281,0.16841387748718262,0.4996200203895569,1.0147652626037598,-0.022905725985765457,1.4703444242477417
1039,4.124859809875488,0.1695711314678192,0.49914002418518066,1.0146780014038086,-0.0016026702942326665,1.4539588689804077
1040,4.123782634735107,0.1714756190776825,0.5003000497817993,1.0147085189819336,-0.05658663809299469,1.4361602067947388
1041,4.124425888061523,0.1692061871290207,0.497979998588562,1.0145035982131958,0.017557697370648384,1.397430419921875
1042,4.1240410804748535,0.16876628994941711,0.4987500309944153,1.0143767595291138,-0.0005157909472472966,1.4180824756622314
1043,4.1228556632995605,0.16754703223705292,0.4986500144004822,1.01423978805542,-0.060397692024707794,1.3801771402359009
1044,4.124680995941162,0.16976091265678406,0.497730016708374,1.0140095949172974,-0.00968146976083517,1.4206526279449463
1045,4.124269485473633,0.17126311361789703,0.4984799921512604,1.0138554573059082,-0.04732779040932655,1.4355882406234741
1046,4.121640682220459,0.17151732742786407,0.4997100234031677,1.0138261318206787,-0.00803148653358221,1.424056053161621
1047,4.124774932861328,0.16674675047397614,0.5028900504112244,1.0141191482543945,-0.08508772403001785,1.4026031494140625
1048,4.124721050262451,0.16770082712173462,0.4999599754810333,1.0141150951385498,0.015005466528236866,1.4552077054977417
1049,4.124482154846191,0.16520391404628754,0.4997200071811676,1.0140867233276367,-0.07281184941530228,1.3966747522354126
1050,4.124107837677002,0.16956301033496857,0.5023599863052368,1.0143260955810547,-0.010058246552944183,1.417110562324524
1051,4.1221818923950195,0.16821318864822388,0.49970003962516785,1.0142956972122192,-0.012756149284541607,1.464893102645874
1052,4.123698711395264,0.16737757623195648,0.498740017414093,1.0141679048538208,0.007907821796834469,1.3896840810775757
1053,4.124350070953369,0.17056946456432343,0.5028400421142578,1.0144559144973755,-0.023805540055036545,1.4575486183166504
1054,4.121954441070557,0.16785234212875366,0.5010899901390076,1.014566421508789,-0.027166521176695824,1.418318510055542
1055,4.125603199005127,0.1663319617509842,0.49870002269744873,1.014434576034546,-0.0008552799699828029,1.3726141452789307
1056,4.123112201690674,0.16502009332180023,0.5002999901771545,1.014465093612671,-0.04274607077240944,1.401365041732788
1057,4.123970031738281,0.1686074286699295,0.5039699673652649,1.0148677825927734,0.028793705627322197,1.4519569873809814
1058,4.121848106384277,0.16998527944087982,0.501300036907196,1.0149997472763062,-0.01651197113096714,1.4231854677200317
1059,4.122762203216553,0.16808895766735077,0.49869003891944885,1.014866828918457,-0.05519368126988411,1.4389206171035767
1060,4.124141216278076,0.16655130684375763,0.5019299983978271,1.015062689781189,0.023161720484495163,1.40589439868927
1061,4.123693943023682,0.16540612280368805,0.49740999937057495,1.0147998332977295,-0.04248712956905365,1.421392798423767
1062,4.123310089111328,0.1657414585351944,0.500249981880188,1.0148252248764038,-0.026728615164756775,1.4159990549087524
1063,4.12594747543335,0.16722404956817627,0.5026500225067139,1.0150941610336304,-0.042886149138212204,1.4393585920333862
1064,4.125717639923096,0.16905367374420166,0.4976600110530853,1.0148565769195557,0.0007339039002545178,1.4092882871627808
1065,4.1235504150390625,0.16752758622169495,0.5004100203514099,1.0148981809616089,0.014869416132569313,1.457924723625183
1066,4.123489856719971,0.1666201800107956,0.4994499981403351,1.0148423910140991,-0.01296186912804842,1.493943214416504
1067,4.1237101554870605,0.1676810085773468,0.500760018825531,1.0149195194244385,0.00463119987398386,1.4658116102218628
1068,4.12449312210083,0.1690007597208023,0.49793002009391785,1.01470947265625,-0.013148159720003605,1.4546442031860352
1069,4.123103618621826,0.16583414375782013,0.500510036945343,1.014761209487915,0.07509540766477585,1.4383678436279297
1070,4.124515533447266,0.1632014364004135,0.49928000569343567,1.0146881341934204,0.013822274282574654,1.4077070951461792
1071,4.121244430541992,0.16616244614124298,0.5011699795722961,1.0148067474365234,0.004752847831696272,1.3975447416305542
1072,4.123902797698975,0.16625471413135529,0.5016399621963501,1.0149731636047363,0.013395196758210659,1.4434994459152222
1073,4.1237473487854,0.169600248336792,0.5026299953460693,1.0152400732040405,-0.03659475967288017,1.394723653793335
1074,4.124339580535889,0.1667342334985733,0.49988001585006714,1.0152279138565063,-0.08705590665340424,1.451669692993164
1075,4.123879432678223,0.16686606407165527,0.5009700059890747,1.0153263807296753,-0.027461718767881393,1.450849175453186
1076,4.124692916870117,0.16655315458774567,0.5018399953842163,1.015513300895691,0.004615005571395159,1.4569810628890991
1077,4.124147415161133,0.16451308131217957,0.5002400279045105,1.0155376195907593,-0.038233090192079544,1.385483741760254
1078,4.124602317810059,0.16713590919971466,0.4995400011539459,1.0154908895492554,-0.04630247876048088,1.466773509979248
1079,4.1237101554870605,0.1633308231830597,0.4996800124645233,1.015458345413208,-0.03608246147632599,1.4306964874267578
1080,4.123486518859863,0.16353340446949005,0.4993800222873688,1.0153954029083252,-0.005452078301459551,1.4278477430343628
1081,4.122405529022217,0.16645319759845734,0.5008600354194641,1.0154826641082764,-0.002306579612195492,1.3874390125274658
1082,4.1252875328063965,0.1669270098209381,0.5006400346755981,1.0155476331710815,-0.026572274044156075,1.4072784185409546
1083,4.125095844268799,0.1672467738389969,0.5044699907302856,1.016001582145691,0.0056596663780510426,1.4485772848129272
1084,4.123842716217041,0.16394567489624023,0.4972800314426422,1.0157252550125122,0.07098212093114853,1.4371371269226074
1085,4.122855186462402,0.1659618765115738,0.498060017824173,1.0155282020568848,-0.019017325714230537,1.4502122402191162
1086,4.122241973876953,0.16353856027126312,0.501550018787384,1.0156855583190918,-0.018481479957699776,1.418233871459961
1087,4.1229729652404785,0.16497588157653809,0.4993100166320801,1.015615463256836,-0.015847450122237206,1.3996978998184204
1088,4.123369216918945,0.16526854038238525,0.5015800595283508,1.0157759189605713,-0.014805831015110016,1.4005732536315918
1089,4.123767375946045,0.16707947850227356,0.5014699697494507,1.0159251689910889,0.05160898715257645,1.403878092765808
1090,4.124821186065674,0.1616007685661316,0.49630001187324524,1.0155493021011353,-0.019328566268086433,1.4390462636947632
1091,4.124810218811035,0.16684915125370026,0.4983700215816498,1.0153837203979492,-0.06011321768164635,1.4166765213012695
1092,4.124780178070068,0.16347865760326385,0.4994800090789795,1.0153309106826782,0.012349921278655529,1.4135161638259888
1093,4.123584270477295,0.1622520089149475,0.5023300051689148,1.0155675411224365,0.017070744186639786,1.4229453802108765
1094,4.124520778656006,0.16544701159000397,0.504010021686554,1.015974760055542,-0.014947716146707535,1.4997026920318604
1095,4.123077392578125,0.16577903926372528,0.5052300095558167,1.0165060758590698,0.02788018248975277,1.4860389232635498
1096,4.123856067657471,0.16247490048408508,0.5001300573348999,1.01651930809021,0.03891437500715256,1.4257683753967285
1097,4.124311447143555,0.16374549269676208,0.499970018863678,1.0165163278579712,-0.004220270551741123,1.397154688835144
1098,4.125496864318848,0.16392189264297485,0.4995400309562683,1.0164695978164673,0.02457570470869541,1.4815864562988281
1099,4.123869895935059,0.1638782024383545,0.5004299879074097,1.0165133476257324,0.027506951242685318,1.4182695150375366
1100,4.125447750091553,0.1653144359588623,0.5000700354576111,1.0165205001831055,-0.05335409194231033,1.364816427230835
1101,4.123836517333984,0.16198493540287018,0.4961300194263458,1.016127109527588,-0.019030209630727768,1.4670194387435913
1102,4.123396396636963,0.16251741349697113,0.49977001547813416,1.016103744506836,-0.001719019957818091,1.3588612079620361
1103,4.124434471130371,0.16033616662025452,0.49967002868652344,1.0160702466964722,0.031293582171201706,1.3898162841796875
1104,4.123326301574707,0.16128066182136536,0.4994100034236908,1.0160102844238281,-0.02161136083304882,1.474075198173523
1105,4.12202787399292,0.16201284527778625,0.4997600317001343,1.0159858465194702,0.022646095603704453,1.398889422416687
1106,4.123085021972656,0.159634530544281,0.49810001254081726,1.0157928466796875,0.0015535412821918726,1.4081969261169434
1107,4.12410831451416,0.16105152666568756,0.5005000233650208,1.0158436298370361,-0.019230350852012634,1.4538145065307617
1108,4.125931262969971,0.16577360033988953,0.5000300407409668,1.015846610069275,0.06809964776039124,1.4303187131881714
1109,4.123218059539795,0.1641886681318283,0.5023200511932373,1.0160822868347168,0.03557537496089935,1.4658318758010864
1110,4.124151229858398,0.16003170609474182,0.5013800263404846,1.016222596168518,-0.029337052255868912,1.4403094053268433
1111,4.123274326324463,0.1624830812215805,0.5000200271606445,1.0162246227264404,-0.020681679248809814,1.4610637426376343
1112,4.123628616333008,0.1627642661333084,0.49671003222465515,1.0158902406692505,0.010915127582848072,1.404430627822876
1113,4.1247358322143555,0.15839128196239471,0.49776002764701843,1.015662670135498,-0.05508359521627426,1.405387043952942
1114,4.1240973472595215,0.1607394814491272,0.5003899931907654,1.015702247619629,-0.030158791691064835,1.4087916612625122
1115,4.122916221618652,0.15755264461040497,0.49695003032684326,1.0153924226760864,0.016102993860840797,1.442137360572815
1116,4.122840404510498,0.1592206358909607,0.5016700029373169,1.0155620574951172,-0.010469896718859673,1.4024978876113892
1117,4.124725818634033,0.1610032618045807,0.499099999666214,1.0154706239700317,-0.00326133263297379,1.3988845348358154
1118,4.121795177459717,0.16052360832691193,0.5009099841117859,1.0155630111694336,-0.006033202633261681,1.4159042835235596
1119,4.124592304229736,0.1638561189174652,0.5011300444602966,1.015677809715271,0.00512061920017004,1.4422508478164673
1120,4.124633312225342,0.15850666165351868,0.497979998588562,1.015472650527954,-0.0197281576693058,1.4055768251419067
1121,4.1218342781066895,0.1593429446220398,0.4989300072193146,1.0153640508651733,-0.004581871442496777,1.3503403663635254
1122,4.126091003417969,0.1600024700164795,0.5012300610542297,1.0154889822006226,-0.014881462790071964,1.3835958242416382
1123,4.1250505447387695,0.16113486886024475,0.49894002079963684,1.0153813362121582,0.025783739984035492,1.4138911962509155
1124,4.123981952667236,0.1605255901813507,0.49540001153945923,1.0149142742156982,0.021569250151515007,1.4295440912246704
1125,4.125010013580322,0.15858539938926697,0.5009400248527527,1.0150097608566284,0.015861308202147484,1.4260368347167969
1126,4.124728202819824,0.15833494067192078,0.5011200308799744,1.0151234865188599,0.02282901294529438,1.4089399576187134
1127,4.122676372528076,0.16235460340976715,0.4996800124645233,1.0150909423828125,-0.04131847620010376,1.3794605731964111
1128,4.124067306518555,0.1607293039560318,0.4967600107192993,1.014762043952942,-0.0011288527166470885,1.4059507846832275
1129,4.12318229675293,0.16012723743915558,0.5019599795341492,1.0149608850479126,-0.04518754780292511,1.4011179208755493
1130,4.124162197113037,0.1562872678041458,0.49898001551628113,1.0148574113845825,-0.022224334999918938,1.3665343523025513
1131,4.1223859786987305,0.16166207194328308,0.5016899704933167,1.015028953552246,0.00458889827132225,1.384266972541809
1132,4.123178958892822,0.16305430233478546,0.502020001411438,1.0152338743209839,0.015981461852788925,1.4172998666763306
1133,4.123196125030518,0.1617688685655594,0.49813002347946167,1.015044093132019,-0.009846579283475876,1.466070532798767
1134,4.123898029327393,0.15823696553707123,0.4992600381374359,1.014968991279602,0.04536382481455803,1.397705316543579
1135,4.123867988586426,0.1607794612646103,0.4998500347137451,1.0149537324905396,0.021584397181868553,1.4478590488433838
1136,4.124477386474609,0.15724967420101166,0.5,1.0149537324905396,0.061070334166288376,1.4287351369857788
1137,4.1221771240234375,0.15744784474372864,0.49651002883911133,1.0145995616912842,-0.003907386213541031,1.3985872268676758
1138,4.123398780822754,0.15676051378250122,0.49985000491142273,1.0145843029022217,-0.01712368056178093,1.3840566873550415
1139,4.124745845794678,0.1591063290834427,0.4975299835205078,1.014333724975586,-0.07645344734191895,1.4281021356582642
1140,4.124887466430664,0.16027016937732697,0.49980002641677856,1.0143134593963623,0.08274292945861816,1.4173775911331177
1141,4.123473167419434,0.1566077321767807,0.4979500472545624,1.0141055583953857,0.006433948874473572,1.4263229370117188
1142,4.121813774108887,0.15910470485687256,0.49959999322891235,1.0140650272369385,-0.017818061634898186,1.4339908361434937
1143,4.124439716339111,0.16007180511951447,0.5005599856376648,1.0141218900680542,-0.07956133782863617,1.4005392789840698
1144,4.123690605163574,0.15595929324626923,0.5007700324058533,1.01419997215271,-0.006544412113726139,1.3999360799789429
1145,4.12502908706665,0.16069062054157257,0.5008699893951416,1.0142881870269775,-0.002733031287789345,1.4918519258499146
1146,4.123079776763916,0.15702533721923828,0.5004000067710876,1.0143288373947144,0.014382212422788143,1.4596049785614014
1147,4.122276306152344,0.15962263941764832,0.5004000067710876,1.0143694877624512,0.027986647561192513,1.444176197052002
1148,4.122636795043945,0.15785753726959229,0.4990500211715698,1.0142731666564941,-0.04861258715391159,1.4412978887557983
1149,4.124785423278809,0.15776735544204712,0.5023800134658813,1.014514446258545,-0.0007859134930185974,1.4023367166519165
1150,4.125165939331055,0.159727081656456,0.5001100301742554,1.0145255327224731,0.018419446423649788,1.4192863702774048
1151,4.123910903930664,0.1558769792318344,0.4990600347518921,1.0144301652908325,0.0008806228870525956,1.4365819692611694
1152,4.124195575714111,0.159956693649292,0.49800002574920654,1.014227271080017,-0.031596023589372635,1.3917503356933594
1153,4.123459815979004,0.1584179699420929,0.49827998876571655,1.0140527486801147,-0.03576471284031868,1.4242069721221924
1154,4.124209880828857,0.15985557436943054,0.4981500208377838,1.0138651132583618,-0.007079916540533304,1.442155122756958
1155,4.125045299530029,0.15850909054279327,0.49817001819610596,1.0136796236038208,0.033237274736166,1.3661867380142212
1156,4.124204635620117,0.15504764020442963,0.498710036277771,1.0135488510131836,-0.012379780411720276,1.3901960849761963
1157,4.124560832977295,0.15663856267929077,0.5005000233650208,1.0135995149612427,0.031117811799049377,1.4528825283050537
1158,4.123143672943115,0.16009148955345154,0.4983700215816498,1.0134342908859253,0.0020030089654028416,1.4692254066467285
1159,4.122391223907471,0.1552724838256836,0.4995400309562683,1.013387680053711,0.0167942326515913,1.386454463005066
1160,4.122287273406982,0.1590830683708191,0.4990200400352478,1.0132883787155151,0.030544515699148178,1.4193212985992432
1161,4.124348163604736,0.15695589780807495,0.5037299990653992,1.0136663913726807,0.06718412786722183,1.4304105043411255
1162,4.123945713043213,0.15843960642814636,0.4993400275707245,1.0135995149612427,-0.017057478427886963,1.4420835971832275
1163,4.123019218444824,0.15899357199668884,0.4998200237751007,1.0135812759399414,-0.01038343459367752,1.405687928199768
1164,4.123432159423828,0.15839625895023346,0.5006099939346313,1.0136431455612183,-0.07928706705570221,1.3812891244888306
1165,4.123973846435547,0.15557317435741425,0.5003400444984436,1.0136775970458984,-0.00876704603433609,1.4162955284118652
1166,4.123934268951416,0.1562528759241104,0.498199999332428,1.0134950876235962,-0.06818512082099915,1.4062471389770508
1167,4.125361919403076,0.15931540727615356,0.4987200200557709,1.013365387916565,-0.028484174981713295,1.4193360805511475
1168,4.1242852210998535,0.15770688652992249,0.4994400143623352,1.0133086442947388,0.05814433842897415,1.4195889234542847
1169,4.122475624084473,0.15527130663394928,0.4999900162220001,1.0133075714111328,-0.058672357350587845,1.3878222703933716
1170,4.122808933258057,0.15465104579925537,0.5005199909210205,1.0133602619171143,-0.0033598099835217,1.3746731281280518
1171,4.125317096710205,0.15730591118335724,0.4966200292110443,1.0130177736282349,0.01706099696457386,1.3978615999221802
1172,4.123342037200928,0.15530869364738464,0.49740999937057495,1.0127553939819336,-0.0007123565883375704,1.4519150257110596
1173,4.124767303466797,0.15907365083694458,0.5002000331878662,1.0127756595611572,0.03225604444742203,1.4004156589508057
1174,4.124506950378418,0.1588386446237564,0.5001499652862549,1.0127909183502197,0.04170142859220505,1.4352787733078003
1175,4.124107360839844,0.15380336344242096,0.49883002042770386,1.0126724243164062,0.03877445310354233,1.412882685661316
1176,4.122204780578613,0.153378427028656,0.5003200173377991,1.0127047300338745,-0.00701748114079237,1.4309898614883423
1177,4.12359094619751,0.1537056714296341,0.49795001745224,1.0124971866607666,-0.004660455044358969,1.3997046947479248
1178,4.1247334480285645,0.15421612560749054,0.4996900260448456,1.0124658346176147,-0.06642993539571762,1.4026731252670288
1179,4.123064041137695,0.15429283678531647,0.5015300512313843,1.0126208066940308,0.052548814564943314,1.4485613107681274
1180,4.123287200927734,0.15400153398513794,0.4970800280570984,1.0123251676559448,0.010660739615559578,1.425157904624939
1181,4.122219562530518,0.1541687250137329,0.49790000915527344,1.0121126174926758,-0.008082451298832893,1.4364047050476074
1182,4.123444080352783,0.1565869152545929,0.49988001585006714,1.0121004581451416,-0.013156101107597351,1.4391517639160156
1183,4.124303817749023,0.15628817677497864,0.5001000165939331,1.0121105909347534,0.0020195026881992817,1.424595832824707
1184,4.124406337738037,0.15752524137496948,0.5004600286483765,1.0121572017669678,-0.023569902405142784,1.4320627450942993
1185,4.123701095581055,0.15646156668663025,0.5017000436782837,1.0123292207717896,0.026460770517587662,1.4183430671691895
1186,4.123603820800781,0.15319670736789703,0.5016300082206726,1.0124942064285278,-0.025980567559599876,1.4747549295425415
1187,4.123383522033691,0.15306487679481506,0.5001300573348999,1.0125073194503784,0.03880393132567406,1.395085334777832
1188,4.1233649253845215,0.15639321506023407,0.5044099688529968,1.012953758239746,-0.007336887530982494,1.399753451347351
1189,4.123205184936523,0.15507087111473083,0.5011500120162964,1.0130703449249268,-3.6037446989212185e-05,1.4488757848739624
1190,4.1228742599487305,0.15496285259723663,0.5023699998855591,1.013310432434082,0.0316513292491436,1.4651566743850708
1191,4.125043869018555,0.15413494408130646,0.4965800344944,1.012963891029358,0.019364213570952415,1.3892817497253418
1192,4.122738361358643,0.15237964689731598,0.5021800398826599,1.0131847858428955,-0.02127508819103241,1.4132609367370605
1193,4.123929023742676,0.1546948105096817,0.5004000067710876,1.0132253170013428,-0.022678496316075325,1.4148362874984741
1194,4.123702049255371,0.15566764771938324,0.4981200098991394,1.0130348205566406,-0.01952941343188286,1.4333134889602661
1195,4.124142169952393,0.15160825848579407,0.5006400346755981,1.0130996704101562,-0.03644862398505211,1.3964450359344482
1196,4.123531341552734,0.15410535037517548,0.5020900368690491,1.0133113861083984,-0.004230499267578125,1.3849060535430908
1197,4.124342918395996,0.15437020361423492,0.5007900595664978,1.0133914947509766,0.0221873726695776,1.4420119524002075
1198,4.123614311218262,0.15207120776176453,0.5016700029373169,1.0135607719421387,-0.04815905913710594,1.3811304569244385
1199,4.1225481033325195,0.15251637995243073,0.5022199749946594,1.013785719871521,-0.03114052303135395,1.429645299911499
1200,4.123508453369141,0.15465284883975983,0.5013300180435181,1.013920545578003,0.02290746010839939,1.4584269523620605
1201,4.123594284057617,0.15439154207706451,0.5000900626182556,1.0139297246932983,-0.009765724651515484,1.4449306726455688
1202,4.121959686279297,0.15728656947612762,0.49605000019073486,1.0135291814804077,0.01210915856063366,1.4145153760910034
1203,4.122681140899658,0.1541111022233963,0.49946004152297974,1.013474464416504,0.020950671285390854,1.4499620199203491
1204,4.12465238571167,0.1559787392616272,0.4980299770832062,1.0132747888565063,-0.015509672462940216,1.4425443410873413
1205,4.121075630187988,0.1558593511581421,0.4982900023460388,1.0131014585494995,-0.05269528180360794,1.4373568296432495
1206,4.122564792633057,0.15242820978164673,0.4988600015640259,1.0129859447479248,0.0008076515514403582,1.3891912698745728
1207,4.123982906341553,0.15172076225280762,0.496690034866333,1.0126506090164185,0.025548532605171204,1.3267927169799805
1208,4.122084140777588,0.15265575051307678,0.4991200268268585,1.012561559677124,0.08597943186759949,1.4833379983901978
1209,4.124224662780762,0.1519937366247177,0.5001500248908997,1.0125768184661865,-0.034069281071424484,1.4204516410827637
1210,4.1243815422058105,0.15418806672096252,0.5004600286483765,1.0126234292984009,-0.040719226002693176,1.4309419393539429
1211,4.122551441192627,0.15201742947101593,0.5004000663757324,1.0126639604568481,0.042399462312459946,1.413709282875061
1212,4.1227264404296875,0.14984285831451416,0.4991900324821472,1.0125819444656372,0.003993607591837645,1.434652328491211
1213,4.124007701873779,0.1532766968011856,0.4994499981403351,1.012526273727417,0.023625565692782402,1.4294943809509277
1214,4.1240763664245605,0.15629544854164124,0.4971800148487091,1.0122407674789429,-0.07594594359397888,1.4344300031661987
1215,4.122295379638672,0.1543208509683609,0.5004200339317322,1.012283205986023,-0.0029130899347364902,1.4641096591949463
1216,4.121891021728516,0.15243034064769745,0.5030999779701233,1.0125969648361206,0.02454579994082451,1.4120447635650635
1217,4.122312545776367,0.1504349559545517,0.4976700246334076,1.0123610496520996,0.007482735440135002,1.410386562347412
1218,4.122120380401611,0.15164145827293396,0.5029600262641907,1.0126607418060303,0.013756769709289074,1.41988205909729
1219,4.122474193572998,0.15505503118038177,0.5008000135421753,1.0127416849136353,0.02753063105046749,1.4133176803588867
1220,4.122272491455078,0.15233035385608673,0.5000600218772888,1.0127477645874023,-0.05542504042387009,1.4146467447280884
1221,4.125173568725586,0.1548159420490265,0.4977400004863739,1.0125188827514648,-0.026126638054847717,1.3969982862472534
1222,4.1234588623046875,0.1522398442029953,0.5011900067329407,1.0126392841339111,0.008822946809232235,1.3898699283599854
1223,4.123134136199951,0.15090586245059967,0.5024900436401367,1.012891411781311,-0.013324589468538761,1.405185341835022
1224,4.1237993240356445,0.15298861265182495,0.49640998244285583,1.0125278234481812,0.01875949278473854,1.4291142225265503
1225,4.124460220336914,0.15144973993301392,0.5040700435638428,1.0129399299621582,-0.020309440791606903,1.4660212993621826
1226,4.123805999755859,0.15123508870601654,0.4994400143623352,1.012883186340332,-0.004793092608451843,1.3894057273864746
1227,4.1240997314453125,0.14751172065734863,0.5004000067710876,1.0129237174987793,-0.0873054563999176,1.3999818563461304
1228,4.123359203338623,0.14944417774677277,0.500789999961853,1.0130038261413574,-0.0019831086974591017,1.4058891534805298
1229,4.124213218688965,0.14848241209983826,0.4995799958705902,1.0129612684249878,-0.043800946325063705,1.396712064743042
1230,4.1208295822143555,0.15225861966609955,0.5007700324058533,1.013039231300354,-0.0020924010314047337,1.4352713823318481
1231,4.123401641845703,0.14994217455387115,0.5003600120544434,1.0130757093429565,-0.06412762403488159,1.3966879844665527
1232,4.122768878936768,0.14949995279312134,0.499500036239624,1.0130250453948975,0.034319765865802765,1.4992390871047974
1233,4.121636390686035,0.14925728738307953,0.5010299682617188,1.0131293535232544,-0.012560801580548286,1.4062074422836304
1234,4.123269557952881,0.15057483315467834,0.4995099902153015,1.0130797624588013,0.04671986401081085,1.4351850748062134
1235,4.122541904449463,0.1492438167333603,0.4984600245952606,1.0129237174987793,0.02033250406384468,1.3821767568588257
1236,4.122567176818848,0.14958278834819794,0.5044600367546082,1.0133754014968872,-0.043060146272182465,1.440771222114563
1237,4.120737552642822,0.1502380222082138,0.5014500617980957,1.0135222673416138,-0.027249084785580635,1.3825589418411255
1238,4.121772766113281,0.14942926168441772,0.5006800293922424,1.0135911703109741,0.03204371780157089,1.4231375455856323
1239,4.122508525848389,0.1504167914390564,0.5006600022315979,1.0136581659317017,0.0070944419130682945,1.3510645627975464
1240,4.122239112854004,0.15127883851528168,0.501800000667572,1.013840675354004,0.016195660457015038,1.4481992721557617
1241,4.123952388763428,0.15119633078575134,0.49807000160217285,1.013645052909851,0.0008966923342086375,1.408125638961792
1242,4.12217903137207,0.1514621526002884,0.49955999851226807,1.013600468635559,-0.002210718346759677,1.4523276090621948
1243,4.121475696563721,0.15301677584648132,0.49783000349998474,1.013380527496338,0.023210855200886726,1.436730980873108
1244,4.122784614562988,0.14808155596256256,0.5011000037193298,1.0134919881820679,-0.061971649527549744,1.4041504859924316
1245,4.121361255645752,0.14955349266529083,0.503320038318634,1.0138285160064697,-0.0005113621009513736,1.4191464185714722
1246,4.122915744781494,0.15167374908924103,0.5007399916648865,1.0139036178588867,-0.02208338864147663,1.4461143016815186
1247,4.123927116394043,0.1494162231683731,0.5041899681091309,1.0143284797668457,-0.012601278722286224,1.450092077255249
1248,4.124813079833984,0.15308041870594025,0.5029900670051575,1.014631748199463,-0.007505684159696102,1.4362781047821045
1249,4.122759819030762,0.1494375616312027,0.4983200430870056,1.0144612789154053,-0.02971264161169529,1.4334162473678589
1250,4.121584415435791,0.1473352611064911,0.49966001510620117,1.014426827430725,0.005877241492271423,1.3899341821670532
1251,4.1219964027404785,0.14738111197948456,0.4979200065135956,1.0142158269882202,-0.03757014498114586,1.3414959907531738
1252,4.122533321380615,0.14895930886268616,0.4995799958705902,1.014173150062561,0.017611000686883926,1.4377111196517944
1253,4.123559474945068,0.1532284915447235,0.4964800179004669,1.0138161182403564,0.0541817732155323,1.4354206323623657
1254,4.1240553855896,0.14725399017333984,0.4990300238132477,1.013717770576477,-0.004739312455058098,1.4159358739852905
1255,4.123833656311035,0.14965593814849854,0.5025100111961365,1.013972282409668,-0.03461825102567673,1.4649993181228638
1256,4.124322414398193,0.15071849524974823,0.4998200237751007,1.0139540433883667,-0.005120274145156145,1.463417410850525
1257,4.121398448944092,0.14914381504058838,0.5025200247764587,1.014209508895874,-0.008229130879044533,1.4104440212249756
1258,4.125182151794434,0.14915063977241516,0.4996500313282013,1.014173984527588,0.02624928019940853,1.3679461479187012
1259,4.123038291931152,0.1486920416355133,0.49911001324653625,1.014083743095398,0.022150477394461632,1.3937766551971436
1260,4.123628616333008,0.15123343467712402,0.49945002794265747,1.0140279531478882,-0.07784608751535416,1.411489725112915
1261,4.123337268829346,0.14693999290466309,0.5005799531936646,1.0140868425369263,0.018973320722579956,1.3502075672149658
1262,4.124126434326172,0.1476021111011505,0.4980199933052063,1.0138860940933228,-0.0764656662940979,1.3921138048171997
1263,4.123323917388916,0.1500849723815918,0.4991000294685364,1.0137948989868164,0.005548757966607809,1.456433653831482
1264,4.12269926071167,0.14956308901309967,0.5014400482177734,1.0139409303665161,0.032617561519145966,1.4767265319824219
1265,4.122929096221924,0.15035484731197357,0.5022100210189819,1.0141650438308716,-0.0359918549656868,1.4500162601470947
1266,4.123886585235596,0.1498410403728485,0.4987899959087372,1.0140423774719238,-0.011830251663923264,1.426595687866211
1267,4.122981071472168,0.14973250031471252,0.499970018863678,1.014039397239685,0.017369400709867477,1.4303206205368042
1268,4.122179985046387,0.14941193163394928,0.5006300210952759,1.0141031742095947,0.003324175952002406,1.3777523040771484
1269,4.122929096221924,0.14312081038951874,0.49928000569343567,1.0140300989151,-0.03358609974384308,1.4102988243103027
1270,4.122463226318359,0.14875003695487976,0.4975399971008301,1.0137807130813599,-0.016437828540802002,1.3812074661254883
1271,4.121912956237793,0.14782492816448212,0.501740038394928,1.013957142829895,0.022916777059435844,1.435022234916687
1272,4.122749328613281,0.14811013638973236,0.5005600452423096,1.0140140056610107,-0.019581623375415802,1.506553053855896
1273,4.123300075531006,0.14734095335006714,0.5009499788284302,1.0141103267669678,0.03229612857103348,1.443878412246704
1274,4.122790336608887,0.1471017748117447,0.4967200458049774,1.013777732849121,0.014931168407201767,1.4120486974716187
1275,4.121780872344971,0.15001456439495087,0.49980002641677856,1.0137574672698975,0.052514124661684036,1.4225937128067017
1276,4.122204780578613,0.1476065069437027,0.4987799823284149,1.0136337280273438,0.022619489580392838,1.4233813285827637
1277,4.123772621154785,0.14875277876853943,0.5005999803543091,1.0136945247650146,-0.00316679198294878,1.4658957719802856
1278,4.123157978057861,0.14762815833091736,0.49834999442100525,1.013527274131775,-0.013327179476618767,1.4195581674575806
1279,4.123545169830322,0.1459600031375885,0.5008200407028198,1.0136103630065918,-0.00046393205411732197,1.3889700174331665
1280,4.1226654052734375,0.1487218290567398,0.499889999628067,1.013599157333374,-0.012196442112326622,1.4812408685684204
1281,4.122520923614502,0.14873608946800232,0.5023200511932373,1.0138342380523682,0.019669700413942337,1.4439265727996826
1282,4.123467922210693,0.14589431881904602,0.4990600347518921,1.013738989830017,0.016837021335959435,1.4460679292678833
1283,4.123883247375488,0.1456984281539917,0.49963000416755676,1.0137014389038086,-0.049493566155433655,1.4313421249389648
1284,4.121316909790039,0.14578984677791595,0.5009900331497192,1.0138016939163208,0.020400168374180794,1.4547637701034546
1285,4.123655319213867,0.14552146196365356,0.500510036945343,1.0138534307479858,0.008456395007669926,1.4064775705337524
1286,4.124923229217529,0.15239296853542328,0.5038800239562988,1.0142468214035034,-0.04494009166955948,1.46243417263031
1287,4.121401309967041,0.14694933593273163,0.5025399923324585,1.0145044326782227,0.028791191056370735,1.4103915691375732
1288,4.121567726135254,0.14444556832313538,0.4969700276851654,1.0141969919204712,-0.024590859189629555,1.4022785425186157
1289,4.122320175170898,0.14666399359703064,0.5010900497436523,1.0143074989318848,-0.03531820327043533,1.3874092102050781
1290,4.123157501220703,0.14583820104599,0.4987100064754486,1.0141767263412476,0.057945169508457184,1.3827810287475586
1291,4.123897552490234,0.14648041129112244,0.5014699697494507,1.014325737953186,0.026994474232196808,1.4445812702178955
1292,4.12350606918335,0.1453934907913208,0.5004200339317322,1.0143682956695557,0.024963412433862686,1.473961591720581
1293,4.122106075286865,0.14467008411884308,0.50382000207901,1.0147557258605957,-0.043821725994348526,1.4521664381027222
1294,4.121857166290283,0.1433703601360321,0.49972003698349,1.0147273540496826,-0.03296148031949997,1.4124270677566528
1295,4.1231889724731445,0.1440744549036026,0.4968000054359436,1.0144026279449463,0.0005713196005672216,1.3961926698684692
1296,4.123057842254639,0.14565376937389374,0.4999300539493561,1.0143955945968628,0.006191536318510771,1.41696298122406
1297,4.121362686157227,0.14710094034671783,0.4997600018978119,1.0143712759017944,-0.06049313768744469,1.4451532363891602
1298,4.122280597686768,0.14751572906970978,0.5027599930763245,1.0146511793136597,0.04217049106955528,1.3975918292999268
1299,4.123948097229004,0.14573897421360016,0.49977999925613403,1.0146288871765137,-0.019659100100398064,1.418033242225647
1300,4.123517990112305,0.147748664021492,0.5003900527954102,1.0146684646606445,-0.012884165160357952,1.4890681505203247
1301,4.122386455535889,0.14815735816955566,0.5011900067329407,1.0147892236709595,-0.058877985924482346,1.5204763412475586
1302,4.124049663543701,0.14598117768764496,0.4989800453186035,1.0146857500076294,-0.005956144537776709,1.4521524906158447
1303,4.122734546661377,0.14414873719215393,0.49921998381614685,1.0146065950393677,0.013634956441819668,1.4515368938446045
1304,4.12199068069458,0.1464141309261322,0.5010300278663635,1.0147111415863037,-0.003972988110035658,1.4175671339035034
1305,4.123604774475098,0.14412681758403778,0.4997800290584564,1.0146888494491577,-0.029451996088027954,1.3914300203323364
1306,4.1224446296691895,0.14386232197284698,0.49765002727508545,1.0144504308700562,0.061682138592004776,1.415735125541687
1307,4.123159885406494,0.14515233039855957,0.4997600317001343,1.0144261121749878,0.06063877418637276,1.4506756067276
1308,4.124021053314209,0.1477002203464508,0.5,1.0144261121749878,0.02231219969689846,1.470748782157898
1309,4.1230788230896,0.14624278247356415,0.4981200098991394,1.0142353773117065,0.029179761186242104,1.4301832914352417
1310,4.122608661651611,0.142886683344841,0.49853000044822693,1.0140862464904785,-0.0018996477592736483,1.3786509037017822
1311,4.123051643371582,0.14347341656684875,0.5005599856376648,1.0141431093215942,-0.0029823877848684788,1.4729810953140259
1312,4.122043132781982,0.14299000799655914,0.4990899860858917,1.014050841331482,-0.025828592479228973,1.411366581916809
1313,4.123306751251221,0.14420369267463684,0.5009599924087524,1.0141481161117554,0.02097260020673275,1.3956353664398193
1314,4.1216278076171875,0.14607742428779602,0.5006600022315979,1.014215111732483,-0.014510700479149818,1.4629021883010864
1315,4.1230149269104,0.142140194773674,0.499099999666214,1.014123797416687,0.035488054156303406,1.4208574295043945
1316,4.123344898223877,0.1452147215604782,0.49852004647254944,1.0139737129211426,0.007061527576297522,1.413272500038147
1317,4.121852874755859,0.14479821920394897,0.5001500248908997,1.013988971710205,0.0207667276263237,1.4215896129608154
1318,4.124181270599365,0.14416545629501343,0.4991900324821472,1.0139068365097046,-0.037169236689805984,1.4194287061691284
1319,4.122977256774902,0.14376646280288696,0.49882999062538147,1.0137882232666016,-0.04287557676434517,1.4256902933120728
1320,4.124267101287842,0.14383508265018463,0.49880000948905945,1.0136666297912598,0.046216029673814774,1.4126981496810913
1321,4.125080585479736,0.14515231549739838,0.5007700324058533,1.0137447118759155,0.043811116367578506,1.4744280576705933
1322,4.123467922210693,0.14311611652374268,0.5001000165939331,1.0137548446655273,-0.03396214544773102,1.3793929815292358
1323,4.1216654777526855,0.14370854198932648,0.4967400133609772,1.0134243965148926,0.040765680372714996,1.4371507167816162
1324,4.123198986053467,0.14514875411987305,0.5018399953842163,1.0136109590530396,-0.047890741378068924,1.4189214706420898
1325,4.123307704925537,0.14391887187957764,0.5020999908447266,1.0138238668441772,0.033950865268707275,1.5171570777893066
1326,4.122603893280029,0.14215758442878723,0.497840017080307,1.0136048793792725,0.00849322322756052,1.4504060745239258
1327,4.122557163238525,0.14285804331302643,0.5009700059890747,1.0137032270431519,0.04158831387758255,1.4413777589797974
1328,4.123103618621826,0.14480814337730408,0.5019299983978271,1.0138988494873047,-0.06511744111776352,1.4304618835449219
1329,4.122195243835449,0.1440877467393875,0.5012400150299072,1.0140244960784912,0.03874693438410759,1.4279162883758545
1330,4.123024940490723,0.14204522967338562,0.4999200105667114,1.0140163898468018,0.08805177360773087,1.4023925065994263
1331,4.123165607452393,0.1423606425523758,0.4991600513458252,1.0139312744140625,0.05441929027438164,1.4144155979156494
1332,4.122851371765137,0.1435692459344864,0.5005800127983093,1.0139901638031006,0.007161546032875776,1.4424850940704346
1333,4.12286376953125,0.14332275092601776,0.496830016374588,1.0136687755584717,0.009099815972149372,1.4299651384353638
1334,4.122919082641602,0.14163219928741455,0.49716001749038696,1.0133808851242065,0.021422717720270157,1.4548754692077637
1335,4.120541095733643,0.14337807893753052,0.4986400008201599,1.0132430791854858,0.04509565606713295,1.4821767807006836
1336,4.12278413772583,0.1419895440340042,0.5029000043869019,1.0135369300842285,0.011129661463201046,1.418806791305542
1337,4.123680114746094,0.14345858991146088,0.5011300444602966,1.0136514902114868,0.023796310648322105,1.4028452634811401
1338,4.122522354125977,0.14351701736450195,0.5015700459480286,1.013810634613037,0.012515343725681305,1.465254545211792
1339,4.122753143310547,0.14158153533935547,0.4987800121307373,1.0136868953704834,0.007906930521130562,1.4280550479888916
1340,4.122094631195068,0.1421448290348053,0.4985400140285492,1.0135389566421509,-0.01031793374568224,1.4554224014282227
1341,4.122705459594727,0.14102423191070557,0.4999900162220001,1.013537883758545,-0.07089407742023468,1.364034652709961
1342,4.121753215789795,0.14384672045707703,0.5030099749565125,1.0138429403305054,-0.053445857018232346,1.452821969985962
1343,4.122934818267822,0.1424594521522522,0.499860018491745,1.0138287544250488,0.019143689423799515,1.3991495370864868
1344,4.121712684631348,0.14424164593219757,0.503000020980835,1.0141329765319824,0.054822128266096115,1.4273613691329956
1345,4.122275352478027,0.14303070306777954,0.5026600360870361,1.0144027471542358,0.007414074148982763,1.3932526111602783
1346,4.121607780456543,0.1405978947877884,0.49921002984046936,1.0143226385116577,-0.036740001291036606,1.3839789628982544
1347,4.122471809387207,0.1443507969379425,0.5005500316619873,1.0143784284591675,-0.005652481224387884,1.476494550704956
1348,4.122767448425293,0.14042696356773376,0.4938100576400757,1.0137505531311035,0.0345686674118042,1.3926111459732056
1349,4.121894359588623,0.13995297253131866,0.49699002504348755,1.0134453773498535,0.00803502555936575,1.3731164932250977
1350,4.123170852661133,0.14268754422664642,0.5016000270843506,1.0136075019836426,0.017299124971032143,1.4268091917037964
1351,4.1220784187316895,0.1423136442899704,0.49858999252319336,1.0134645700454712,0.0018640405032783747,1.3559575080871582
1352,4.12310791015625,0.14063407480716705,0.4985400140285492,1.0133166313171387,-0.0016135636251419783,1.4047672748565674
1353,4.12352991104126,0.14172127842903137,0.4991200268268585,1.0132274627685547,-0.04487751051783562,1.4299354553222656
1354,4.124082088470459,0.14050844311714172,0.5001300573348999,1.0132405757904053,-0.014512483961880207,1.3535195589065552
1355,4.122924327850342,0.14272461831569672,0.5008100271224976,1.0133225917816162,0.06880103051662445,1.4102224111557007
1356,4.122075080871582,0.14508095383644104,0.5013999938964844,1.0134644508361816,-0.03925085812807083,1.4387236833572388
1357,4.122313022613525,0.14013440907001495,0.4994800090789795,1.0134117603302002,-0.0008303013164550066,1.4179404973983765
1358,4.122795581817627,0.1408221423625946,0.49748000502586365,1.0131564140319824,-0.07095137238502502,1.3951321840286255
1359,4.12271785736084,0.1423545926809311,0.49789002537727356,1.0129426717758179,0.014474445953965187,1.4185014963150024
1360,4.12235689163208,0.14218901097774506,0.5020800232887268,1.0131534337997437,0.046170152723789215,1.4223906993865967
1361,4.122933387756348,0.141462504863739,0.5032100081443787,1.0134786367416382,0.0004241814895067364,1.4022583961486816
1362,4.122644424438477,0.1407758891582489,0.5007200241088867,1.0135515928268433,-0.037708498537540436,1.3566043376922607
1363,4.121818542480469,0.14138662815093994,0.5050600171089172,1.0140645503997803,-0.009768279269337654,1.4037927389144897
1364,4.1213788986206055,0.14484986662864685,0.5008500218391418,1.0141507387161255,0.011016754433512688,1.5044900178909302
1365,4.122988224029541,0.1432579755783081,0.5033400058746338,1.0144895315170288,-0.0013551017036661506,1.453167200088501
1366,4.122326374053955,0.14099101722240448,0.500220000743866,1.0145119428634644,0.02546672895550728,1.4135042428970337
1367,4.121761798858643,0.13899992406368256,0.4992300271987915,1.0144338607788086,-0.039440594613552094,1.4178005456924438
1368,4.122186660766602,0.1388145089149475,0.5022199749946594,1.01465904712677,-0.006697079166769981,1.4136098623275757
1369,4.121326923370361,0.14199239015579224,0.4956100285053253,1.0142136812210083,-0.01459521148353815,1.4244219064712524
1370,4.121342182159424,0.13920386135578156,0.4985400438308716,1.0140656232833862,0.03558420017361641,1.400359034538269
1371,4.121748447418213,0.13918675482273102,0.4942600131034851,1.0134835243225098,-0.04708010330796242,1.4377361536026
1372,4.120733737945557,0.14188659191131592,0.5003700256347656,1.0135209560394287,-0.0017515106592327356,1.3698176145553589
1373,4.12301778793335,0.13931846618652344,0.5005700588226318,1.0135786533355713,0.03171517699956894,1.4420244693756104
1374,4.12361478805542,0.1420327126979828,0.500980019569397,1.013677954673767,0.053740933537483215,1.4380362033843994
1375,4.123648166656494,0.1430416852235794,0.4985699951648712,1.0135329961776733,-0.061735473573207855,1.3828915357589722
1376,4.120842933654785,0.1400327831506729,0.5008900165557861,1.0136232376098633,0.043267156928777695,1.4438027143478394
1377,4.122610092163086,0.13992443680763245,0.503000020980835,1.0139273405075073,-0.012644653208553791,1.4324833154678345
1378,4.123525142669678,0.13882951438426971,0.49876999855041504,1.0138026475906372,0.015060344710946083,1.42401921749115
1379,4.121865749359131,0.13982242345809937,0.501039981842041,1.0139080286026,-0.013090151362121105,1.3956083059310913
1380,4.123202323913574,0.13939659297466278,0.498740017414093,1.0137802362442017,-0.036061108112335205,1.4181874990463257
1381,4.123016834259033,0.14370065927505493,0.49897003173828125,1.0136758089065552,0.019619854167103767,1.4408615827560425
1382,4.122909069061279,0.13693247735500336,0.5002999901771545,1.0137062072753906,0.01738816872239113,1.4178152084350586
1383,4.122805595397949,0.14118514955043793,0.49963003396987915,1.0136686563491821,-0.03187446668744087,1.469083309173584
1384,4.122578144073486,0.14006434381008148,0.5021499991416931,1.0138866901397705,0.014494700357317924,1.442952275276184
1385,4.122543811798096,0.13953886926174164,0.49765002727508545,1.0136483907699585,0.029507623985409737,1.4192767143249512
1386,4.1216583251953125,0.13914136588573456,0.4994699954986572,1.013594627380371,0.05383158475160599,1.4465079307556152
1387,4.122625827789307,0.1443069577217102,0.49796998500823975,1.0133888721466064,-0.04270494729280472,1.467886209487915
1388,4.1224365234375,0.1390087753534317,0.5006400346755981,1.013453722000122,0.0351504310965538,1.489969253540039
1389,4.123441219329834,0.13824491202831268,0.5024099946022034,1.0136979818344116,0.027866924181580544,1.4090543985366821
1390,4.123147010803223,0.1409776508808136,0.5024500489234924,1.013946294784546,-0.0036585780326277018,1.4142060279846191
1391,4.124433517456055,0.14011946320533752,0.5003500580787659,1.013981819152832,0.022975603118538857,1.4131383895874023
1392,4.122820854187012,0.1395992934703827,0.5027199983596802,1.0142576694488525,0.014384790323674679,1.4708324670791626
1393,4.121260643005371,0.13788388669490814,0.4985499978065491,1.0141105651855469,0.03864137828350067,1.4431390762329102
1394,4.123998641967773,0.141372948884964,0.49865004420280457,1.0139737129211426,-0.03177143260836601,1.4076491594314575
1395,4.1215643882751465,0.13873013854026794,0.4993100166320801,1.0139037370681763,-0.012083171866834164,1.422478199005127
1396,4.122342109680176,0.1378210335969925,0.4970800280570984,1.0136076211929321,0.027581021189689636,1.3458651304244995
1397,4.122566223144531,0.13799898326396942,0.5028899908065796,1.0139005184173584,-0.014458904974162579,1.4221327304840088
1398,4.123795986175537,0.14099733531475067,0.49924004077911377,1.0138235092163086,-0.06561291962862015,1.4306422472000122
1399,4.12367057800293,0.14106683433055878,0.4994300305843353,1.0137656927108765,-0.023683128878474236,1.4280016422271729
1400,4.123043060302734,0.13767720758914948,0.4953400194644928,1.0132932662963867,0.029689081013202667,1.438814640045166
1401,4.123574256896973,0.13976705074310303,0.5000199675559998,1.013295292854309,0.03174500912427902,1.4442603588104248
1402,4.121518611907959,0.13871164619922638,0.49972003698349,1.013266921043396,0.026884056627750397,1.4711737632751465
1403,4.12197208404541,0.13902568817138672,0.5014700293540955,1.013415813446045,-0.07827010750770569,1.3988906145095825
1404,4.123629570007324,0.13811691105365753,0.49869999289512634,1.0132840871810913,-0.027499856427311897,1.4154527187347412
1405,4.1219162940979,0.1393452286720276,0.5004200339317322,1.013326644897461,0.05180341750383377,1.4166483879089355
1406,4.121026515960693,0.1367139369249344,0.4994699954986572,1.013273000717163,0.028897862881422043,1.424909234046936
1407,4.122033596038818,0.1400483399629593,0.5005000233650208,1.0133236646652222,-0.007353825028985739,1.450622320175171
1408,4.122429370880127,0.13819488883018494,0.4995799958705902,1.0132811069488525,-0.018963539972901344,1.425755500793457
1409,4.1223368644714355,0.1383238285779953,0.4992299973964691,1.0132030248641968,-0.0565764456987381,1.4736069440841675
1410,4.1223554611206055,0.13661153614521027,0.5011699795722961,1.0133215188980103,-0.024569444358348846,1.419886589050293
1411,4.1221022605896,0.13916440308094025,0.5031999945640564,1.0136457681655884,-0.018093574792146683,1.5089480876922607
1412,4.123734474182129,0.14035022258758545,0.49911001324653625,1.0135555267333984,-0.03132195770740509,1.4422225952148438
1413,4.1221208572387695,0.1367589682340622,0.5008300542831421,1.0136395692825317,0.004305191338062286,1.475180983543396
1414,4.122647762298584,0.13816238939762115,0.49853000044822693,1.0134905576705933,-0.07195506989955902,1.4393815994262695
1415,4.123090744018555,0.1380607932806015,0.5014899969100952,1.013641595840454,-0.004156256094574928,1.418205976486206
1416,4.122319221496582,0.1382044404745102,0.4998199939727783,1.0136233568191528,0.018107986077666283,1.4211938381195068
1417,4.121805191040039,0.13694241642951965,0.4988400340080261,1.0135058164596558,-0.013231722638010979,1.4310402870178223
1418,4.121850490570068,0.13812585175037384,0.49842000007629395,1.013345718383789,0.0004975299816578627,1.420054316520691
1419,4.123970985412598,0.13813719153404236,0.5024700164794922,1.0135960578918457,0.06710659712553024,1.4066262245178223
1420,4.1208906173706055,0.1381710022687912,0.5019400119781494,1.013792634010315,0.022163856774568558,1.4577205181121826
1421,4.122824192047119,0.13844680786132812,0.5006700158119202,1.0138605833053589,-0.053384196013212204,1.4386399984359741
1422,4.123190402984619,0.1424330621957779,0.4983300268650055,1.0136913061141968,-0.014692463912069798,1.4614630937576294
1423,4.123514652252197,0.13669511675834656,0.49702000617980957,1.013389229774475,-0.011097381822764874,1.402674674987793
1424,4.1238274574279785,0.13728287816047668,0.5011600255966187,1.0135067701339722,-0.07096096128225327,1.3544813394546509
1425,4.123579978942871,0.13682301342487335,0.4974500238895416,1.013248324394226,-0.020024942234158516,1.4464213848114014
1426,4.123425006866455,0.13764892518520355,0.49818000197410583,1.013063907623291,0.03396228328347206,1.4698216915130615
1427,4.121444225311279,0.13707150518894196,0.5028200149536133,1.0133496522903442,0.04017636179924011,1.462235927581787
1428,4.123024940490723,0.13600018620491028,0.502269983291626,1.0135796070098877,-0.06545668840408325,1.4556437730789185
1429,4.121826648712158,0.1373986303806305,0.5008400082588196,1.0136648416519165,-0.053781457245349884,1.448955774307251
1430,4.121646881103516,0.1379300355911255,0.5028899908065796,1.0139577388763428,0.0675031915307045,1.424745798110962
1431,4.122159481048584,0.13645882904529572,0.5022199749946594,1.0141828060150146,0.009491439908742905,1.453689694404602
1432,4.122262954711914,0.13655433058738708,0.4992600381374359,1.0141077041625977,-0.026243781670928,1.4442572593688965
1433,4.121142864227295,0.13584797084331512,0.5001699924468994,1.0141249895095825,-0.03062950260937214,1.4399895668029785
1434,4.122389793395996,0.13612742722034454,0.49952003359794617,1.0140763521194458,-0.008381013758480549,1.4575543403625488
1435,4.123020648956299,0.136622354388237,0.5022700428962708,1.0143065452575684,-0.049493808299303055,1.3962955474853516
1436,4.122320652008057,0.13744208216667175,0.5045899748802185,1.0147720575332642,0.03358716145157814,1.4597841501235962
1437,4.12246561050415,0.1371648758649826,0.501579999923706,1.01493239402771,-0.030104583129286766,1.433268427848816
1438,4.121666431427002,0.13723352551460266,0.49928998947143555,1.0148603916168213,0.026904286816716194,1.4403562545776367
1439,4.123492240905762,0.13707397878170013,0.5048499703407288,1.015352487564087,0.008075577206909657,1.3808963298797607
1440,4.1222758293151855,0.13922178745269775,0.502750039100647,1.0156316757202148,0.051262546330690384,1.5000605583190918
1441,4.121933937072754,0.13375742733478546,0.5015199780464172,1.015786051750183,-0.02966456301510334,1.448013186454773
1442,4.122308731079102,0.13594557344913483,0.49786001443862915,1.015568733215332,0.019710619002580643,1.4205598831176758
1443,4.122229099273682,0.13834398984909058,0.5003700256347656,1.0156062841415405,-0.044434189796447754,1.4291824102401733
1444,4.121146202087402,0.13668368756771088,0.49995002150535583,1.0156011581420898,-0.06830573081970215,1.4245785474777222
1445,4.1232757568359375,0.13587605953216553,0.5009599924087524,1.0156986713409424,-0.0005157719133421779,1.425950288772583
1446,4.123841285705566,0.13821107149124146,0.49581003189086914,1.015273094177246,0.006464420817792416,1.4352357387542725
1447,4.121485233306885,0.13546466827392578,0.5007100701332092,1.0153452157974243,-0.025456661358475685,1.4454258680343628
1448,4.124096870422363,0.13633063435554504,0.4966200292110443,1.0150020122528076,-0.003463506931439042,1.3602776527404785
1449,4.121578693389893,0.1368846893310547,0.5010800361633301,1.0151116847991943,-0.020727353170514107,1.4622162580490112
1450,4.122101306915283,0.13575735688209534,0.5009400248527527,1.0152071714401245,0.0022108922712504864,1.3855537176132202
1451,4.1226420402526855,0.13378793001174927,0.5001400113105774,1.015221357345581,-0.04845530167222023,1.4260278940200806
1452,4.122921943664551,0.13317787647247314,0.49859005212783813,1.0150781869888306,0.0023252384271472692,1.3718503713607788
1453,4.1234450340271,0.13665474951267242,0.49964001774787903,1.0150415897369385,0.010351955890655518,1.4261980056762695
1454,4.12257719039917,0.13664153218269348,0.5018600225448608,1.0152302980422974,-0.004800787195563316,1.4389172792434692
1455,4.122081756591797,0.1355711668729782,0.5004799962043762,1.0152790546417236,-0.01858113333582878,1.4183826446533203
1456,4.121170997619629,0.13399530947208405,0.500510036945343,1.0153309106826782,-0.06473606824874878,1.3806304931640625
1457,4.121420860290527,0.13291038572788239,0.500190019607544,1.015350103378296,0.05772329121828079,1.4534833431243896
1458,4.122954845428467,0.1343543976545334,0.49869999289512634,1.0152181386947632,-0.012426177971065044,1.4692192077636719
1459,4.121893405914307,0.13434138894081116,0.4985400140285492,1.0150699615478516,-0.012290564365684986,1.4344322681427002
1460,4.1214423179626465,0.13631843030452728,0.5021900534629822,1.0152922868728638,0.01212420966476202,1.4039894342422485
1461,4.121984004974365,0.13604982197284698,0.498879998922348,1.0151785612106323,-0.009250747971236706,1.4697105884552002
1462,4.120354175567627,0.135268434882164,0.49887001514434814,1.0150638818740845,0.0066587249748408794,1.4470455646514893
1463,4.121949195861816,0.13426926732063293,0.500260055065155,1.0150902271270752,-0.020513104274868965,1.4024724960327148
1464,4.123112201690674,0.1345841884613037,0.4981200098991394,1.0148993730545044,0.007047147955745459,1.4798585176467896
1465,4.123164176940918,0.1340724378824234,0.501300036907196,1.015031337738037,-0.06420790404081345,1.4490324258804321
1466,4.121807098388672,0.13486382365226746,0.5013300180435181,1.0151664018630981,-0.027711212635040283,1.4964876174926758
1467,4.122023105621338,0.1342410445213318,0.5013399720191956,1.0153024196624756,-0.04719505459070206,1.3959859609603882
1468,4.121456146240234,0.13394148647785187,0.4983900189399719,1.0151389837265015,0.029040226712822914,1.436704158782959
1469,4.121290683746338,0.13505405187606812,0.4987800121307373,1.0150151252746582,-0.047472674399614334,1.3930540084838867
1470,4.123416900634766,0.13857676088809967,0.49900999665260315,1.014914631843567,-0.0025494806468486786,1.3877449035644531
1471,4.122498512268066,0.13337473571300507,0.5019700527191162,1.015114665031433,0.0029510785825550556,1.466707706451416
1472,4.12230110168457,0.13391441106796265,0.49810999631881714,1.014922857284546,-0.005837883334606886,1.4241670370101929
1473,4.121982097625732,0.1346920281648636,0.49703001976013184,1.014621376991272,0.04423542320728302,1.461944341659546
1474,4.121623516082764,0.1329808384180069,0.5037000179290771,1.0149967670440674,-0.033026907593011856,1.4443459510803223
1475,4.121805191040039,0.1333332508802414,0.5022799968719482,1.015228271484375,-0.007778673432767391,1.392444372177124
1476,4.123239994049072,0.13427013158798218,0.5009099841117859,1.0153206586837769,-0.04268879443407059,1.4251582622528076
1477,4.121856212615967,0.13402102887630463,0.4996199905872345,1.0152820348739624,-0.0562044158577919,1.4406448602676392
1478,4.122045993804932,0.13377395272254944,0.5005300045013428,1.0153359174728394,-0.010682087391614914,1.428643822669983
1479,4.122228622436523,0.13329997658729553,0.4996599853038788,1.0153014659881592,0.005685310810804367,1.4266351461410522
1480,4.1213812828063965,0.1317681074142456,0.4988099932670593,1.0151807069778442,-0.033551283180713654,1.4357298612594604
1481,4.122018814086914,0.13646094501018524,0.5004299879074097,1.0152243375778198,-0.01122980285435915,1.4787737131118774
1482,4.122971534729004,0.13528184592723846,0.5012100338935852,1.0153471231460571,0.0005251665133982897,1.4311275482177734
1483,4.1219563484191895,0.13516798615455627,0.4992700517177582,1.0152729749679565,0.017656950280070305,1.3905445337295532
1484,4.123044490814209,0.13336960971355438,0.4996100068092346,1.0152333974838257,-0.02724922075867653,1.4521313905715942
1485,4.121785640716553,0.13578267395496368,0.5040900111198425,1.015648603439331,0.024561526253819466,1.4138438701629639
1486,4.12180233001709,0.1343449205160141,0.5028300285339355,1.015936017036438,0.022983092814683914,1.4317821264266968
1487,4.122383117675781,0.13269184529781342,0.4940800070762634,1.0153346061706543,0.018327610567212105,1.4383094310760498
1488,4.1216325759887695,0.1339123398065567,0.49814003705978394,1.0151457786560059,0.020860154181718826,1.4340052604675293
1489,4.1222920417785645,0.13508599996566772,0.5003400444984436,1.015180230140686,0.04855884984135628,1.407464623451233
1490,4.122710227966309,0.13374477624893188,0.5004100203514099,1.0152218341827393,-0.044226016849279404,1.4237719774246216
1491,4.121939659118652,0.1317962408065796,0.5004700422286987,1.0152695178985596,-0.035680729895830154,1.4708225727081299
1492,4.122204303741455,0.13706357777118683,0.49949002265930176,1.015217661857605,-0.009827131405472755,1.4484434127807617
1493,4.1244049072265625,0.13148756325244904,0.5012900233268738,1.0153485536575317,-0.018376784399151802,1.3768649101257324
1494,4.122614860534668,0.13296911120414734,0.49820002913475037,1.0151658058166504,0.012280195020139217,1.4430041313171387
1495,4.122868061065674,0.1314098834991455,0.5000700354576111,1.0151729583740234,0.07826152443885803,1.424257516860962
1496,4.12406587600708,0.13625198602676392,0.4978099763393402,1.0149506330490112,-0.0069144004955887794,1.4617515802383423
1497,4.122011661529541,0.1320156455039978,0.5005200505256653,1.0150034427642822,0.06084538996219635,1.4060685634613037
1498,4.121546745300293,0.13170529901981354,0.4980100393295288,1.0148013830184937,0.03744279220700264,1.4418489933013916
1499,4.123258590698242,0.1365702748298645,0.5002800226211548,1.0148297548294067,-0.013045971281826496,1.4559314250946045
1500,4.123234272003174,0.13124507665634155,0.49709999561309814,1.0145354270935059,-0.011398911476135254,1.3875724077224731
1501,4.123600006103516,0.13308534026145935,0.5015600323677063,1.0146937370300293,0.04301098361611366,1.4154670238494873
1502,4.122541427612305,0.1323040872812271,0.5014699697494507,1.0148428678512573,-0.021897174417972565,1.3813241720199585
1503,4.1237897872924805,0.13221582770347595,0.4993000030517578,1.014771819114685,-0.018222833052277565,1.4037044048309326
1504,4.122927665710449,0.13245926797389984,0.49755001068115234,1.0145232677459717,0.030907826498150826,1.3601800203323364
1505,4.122644424438477,0.13069146871566772,0.49980005621910095,1.014503002166748,-0.005632061045616865,1.452254295349121
1506,4.1218695640563965,0.1331464946269989,0.49727004766464233,1.0142260789871216,0.0016748219495639205,1.3787068128585815
1507,4.123293876647949,0.1341053992509842,0.497730016708374,1.013995885848999,0.01763702929019928,1.4204981327056885
1508,4.1211137771606445,0.13308440148830414,0.49653002619743347,1.0136439800262451,-0.038592416793107986,1.4145528078079224
1509,4.122542858123779,0.13150422275066376,0.5002999901771545,1.0136743783950806,0.02849739044904709,1.4024523496627808
1510,4.121847152709961,0.13052865862846375,0.5011100172996521,1.0137869119644165,0.03460031375288963,1.3746620416641235
1511,4.12235164642334,0.1331750601530075,0.5007500052452087,1.01386296749115,-0.01294535119086504,1.3972103595733643
1512,4.121614456176758,0.13183529675006866,0.4993000030517578,1.0137920379638672,-0.010850679129362106,1.4554880857467651
1513,4.122189521789551,0.12976591289043427,0.499860018491745,1.0137778520584106,-0.014976933598518372,1.3788020610809326
1514,4.11991024017334,0.13462033867835999,0.5021200180053711,1.0139926671981812,-0.05951990559697151,1.5281119346618652
1515,4.122162342071533,0.13266049325466156,0.5008699893951416,1.0140808820724487,-0.003107113065198064,1.4810017347335815
1516,4.121049404144287,0.13484953343868256,0.5006700158119202,1.0141488313674927,-0.0017553196521475911,1.473081111907959
1517,4.121176242828369,0.13272733986377716,0.501230001449585,1.0142736434936523,-0.058598071336746216,1.4308857917785645
1518,4.122248649597168,0.13177916407585144,0.5026900172233582,1.014546513557434,0.039368659257888794,1.4533971548080444
1519,4.121927261352539,0.12996193766593933,0.5021999478340149,1.0147696733474731,-0.07447442412376404,1.4219856262207031
1520,4.120987415313721,0.1304028481245041,0.4990200400352478,1.0146702527999878,0.014026408083736897,1.4413295984268188
1521,4.122768878936768,0.13293755054473877,0.4991700053215027,1.014586091041565,-3.63864928658586e-05,1.4313573837280273
1522,4.121341228485107,0.13122723996639252,0.5009400248527527,1.0146815776824951,-0.014283998869359493,1.4706535339355469
1523,4.122334957122803,0.13206492364406586,0.4998199939727783,1.0146633386611938,0.01748884655535221,1.4469014406204224
1524,4.121262550354004,0.1344033032655716,0.5010100603103638,1.014765739440918,0.018745748326182365,1.5284050703048706
1525,4.124174118041992,0.13331520557403564,0.5024100542068481,1.0150103569030762,-0.016103466972708702,1.3955568075180054
1526,4.1218156814575195,0.13321137428283691,0.4993000030517578,1.014939308166504,0.01804298162460327,1.4604756832122803
1527,4.121730327606201,0.1322680413722992,0.5029100179672241,1.0152345895767212,0.006917801219969988,1.4144319295883179
1528,4.121949672698975,0.13243728876113892,0.5009499788284302,1.0153310298919678,0.04413198307156563,1.3988810777664185
1529,4.120841979980469,0.1324840784072876,0.4985700249671936,1.015185832977295,0.023049509152770042,1.4570387601852417
1530,4.122085094451904,0.13192439079284668,0.5021300315856934,1.01540207862854,0.016337063163518906,1.4491938352584839
1531,4.121219158172607,0.13308972120285034,0.5001000165939331,1.0154122114181519,0.037349823862314224,1.4408766031265259
1532,4.121621608734131,0.12875844538211823,0.49887001514434814,1.0152974128723145,0.02056247554719448,1.4383591413497925
1533,4.121356010437012,0.12813426554203033,0.4979400336742401,1.0150883197784424,-0.01600484922528267,1.3721799850463867
1534,4.120873928070068,0.12921708822250366,0.5000399947166443,1.0150924921035767,0.03768238425254822,1.4001579284667969
1535,4.121867656707764,0.13205254077911377,0.5022799968719482,1.0153239965438843,0.04815796762704849,1.4379669427871704
1536,4.120131492614746,0.13165254890918732,0.5004299879074097,1.0153677463531494,0.045306071639060974,1.4494678974151611
1537,4.121603012084961,0.12827438116073608,0.49633002281188965,1.0149950981140137,0.06068655103445053,1.4020068645477295
1538,4.122389793395996,0.13479675352573395,0.5018900036811829,1.0151869058609009,0.04665406793355942,1.4938522577285767
1539,4.121223449707031,0.1298825591802597,0.49759000539779663,1.0149422883987427,0.011957169510424137,1.4203494787216187
1540,4.1215081214904785,0.13085182011127472,0.5008300542831421,1.0150264501571655,-0.035997360944747925,1.4197096824645996
1541,4.122678756713867,0.1321326047182083,0.500760018825531,1.0151036977767944,0.010376036167144775,1.4181102514266968
1542,4.120608806610107,0.13272908329963684,0.5017300248146057,1.0152792930603027,-0.010375303216278553,1.4130487442016602
1543,4.122295379638672,0.130832701921463,0.5035800337791443,1.015642762184143,-0.026534447446465492,1.4302700757980347
1544,4.121892929077148,0.1284732222557068,0.49876999855041504,1.0155178308486938,-0.005938120651990175,1.3580081462860107
1545,4.121880054473877,0.13295650482177734,0.4991200566291809,1.0154285430908203,-0.022622745484113693,1.512802243232727
1546,4.121910095214844,0.13096624612808228,0.502240002155304,1.0156559944152832,0.008600684814155102,1.3815170526504517
1547,4.122430324554443,0.12967802584171295,0.5036600828170776,1.0160276889801025,0.013094293884932995,1.37666916847229
1548,4.122379779815674,0.13182400166988373,0.5026699900627136,1.0162990093231201,-0.03865611180663109,1.4140537977218628
1549,4.121835708618164,0.13313105702400208,0.4974900186061859,1.0160439014434814,-0.015814708545804024,1.392317295074463
1550,4.122034072875977,0.13127809762954712,0.49644002318382263,1.0156822204589844,0.05469290167093277,1.4351423978805542
1551,4.121688365936279,0.1303534209728241,0.501960039138794,1.0158812999725342,0.0035975659266114235,1.4496439695358276
1552,4.120385646820068,0.13068760931491852,0.49956002831459045,1.0158365964889526,-0.0188938956707716,1.4307315349578857
1553,4.123256683349609,0.12882162630558014,0.5010100603103638,1.0159391164779663,-0.025526685640215874,1.4160206317901611
1554,4.1217498779296875,0.13024429976940155,0.5020000338554382,1.0161423683166504,0.04665055871009827,1.4764310121536255
1555,4.122048854827881,0.13250693678855896,0.5008200407028198,1.0162256956100464,-0.07629865407943726,1.4013432264328003
1556,4.123196125030518,0.12963074445724487,0.49988001585006714,1.0162135362625122,0.031295232474803925,1.4142358303070068
1557,4.1205973625183105,0.13020513951778412,0.4992700219154358,1.0161393880844116,-0.013496525585651398,1.450219750404358
1558,4.122483253479004,0.1282014697790146,0.5,1.0161393880844116,0.02011074498295784,1.4448639154434204
1559,4.122424125671387,0.1321841925382614,0.4982700049877167,1.0159636735916138,-0.02560805343091488,1.5108014345169067
1560,4.12185525894165,0.1289122998714447,0.49939000606536865,1.0159016847610474,-0.012141112238168716,1.4248384237289429
1561,4.122075080871582,0.12920252978801727,0.4964600205421448,1.0155420303344727,0.014887863770127296,1.3879197835922241
1562,4.123232364654541,0.1254836618900299,0.4979400336742401,1.015332818031311,-0.0006133861606940627,1.4387216567993164
1563,4.12223482131958,0.1291348934173584,0.49762001633644104,1.0150911808013916,-0.02226286381483078,1.398046612739563
1564,4.121707916259766,0.13308805227279663,0.5005300045013428,1.0151450634002686,-0.04672932252287865,1.4222935438156128
1565,4.121494770050049,0.12854231894016266,0.4983000159263611,1.014972448348999,0.005489510949701071,1.387265682220459
1566,4.122326850891113,0.129511296749115,0.49817001819610596,1.014786720275879,0.0030527859926223755,1.4110567569732666
1567,4.12034273147583,0.13046197593212128,0.5029000639915466,1.0150810480117798,0.041171710938215256,1.4754455089569092
1568,4.121331691741943,0.13062360882759094,0.5003700256347656,1.0151185989379883,0.06813887506723404,1.446556806564331
1569,4.122756481170654,0.1295734941959381,0.5032399892807007,1.0154474973678589,-0.016217337921261787,1.4294933080673218
1570,4.123273849487305,0.13140597939491272,0.5005300045013428,1.0155013799667358,0.014500763267278671,1.4041270017623901
1571,4.121718883514404,0.12973099946975708,0.5018600225448608,1.0156902074813843,0.011783723719418049,1.4659192562103271
1572,4.120849132537842,0.12964791059494019,0.4981299936771393,1.0155003070831299,0.007500872015953064,1.4307358264923096
1573,4.122236728668213,0.13035333156585693,0.4993700087070465,1.0154362916946411,0.01693735644221306,1.4010785818099976
1574,4.12105655670166,0.12809807062149048,0.4985000193119049,1.0152839422225952,-0.01336292177438736,1.445758581161499
1575,4.122485637664795,0.12854957580566406,0.49824002385139465,1.0151052474975586,0.04440327733755112,1.4225990772247314
1576,4.122408390045166,0.12906046211719513,0.49935999512672424,1.0150402784347534,0.011941319331526756,1.4036486148834229
1577,4.122095584869385,0.12733659148216248,0.4993700087070465,1.0149763822555542,-0.028649885207414627,1.3676645755767822
1578,4.12153959274292,0.13009588420391083,0.5020900368690491,1.015188455581665,-0.016446944326162338,1.3868178129196167
1579,4.120202541351318,0.12582507729530334,0.5005600452423096,1.0152453184127808,-0.024842707440257072,1.4310752153396606
1580,4.1217756271362305,0.12856844067573547,0.49921005964279175,1.015165090560913,-0.015642866492271423,1.463342308998108
1581,4.1224188804626465,0.12885726988315582,0.5017800331115723,1.015345811843872,0.01748223975300789,1.4223337173461914
1582,4.120975494384766,0.1271645873785019,0.5020800232887268,1.015557050704956,-0.0031095773447304964,1.4194000959396362
1583,4.120672702789307,0.1280633509159088,0.4996100068092346,1.0155174732208252,-0.03457009792327881,1.4470499753952026
1584,4.122221946716309,0.1310023069381714,0.500950038433075,1.0156139135360718,0.033517636358737946,1.421291708946228
1585,4.121688365936279,0.13134272396564484,0.5011900067329407,1.0157347917556763,-0.026210010051727295,1.4425437450408936
1586,4.121102333068848,0.12986207008361816,0.501960039138794,1.015933871269226,0.0076903728768229485,1.4840285778045654
1587,4.122017860412598,0.12956254184246063,0.5041100382804871,1.0163514614105225,-0.007442458067089319,1.4801528453826904
1588,4.121267795562744,0.12571533024311066,0.49994003772735596,1.0163453817367554,0.03743954375386238,1.4369652271270752
1589,4.123495101928711,0.1303439736366272,0.4989200234413147,1.016235589981079,-0.022352345287799835,1.472364068031311
1590,4.121875762939453,0.1281721442937851,0.4994100034236908,1.016175627708435,0.0294700525701046,1.4902682304382324
1591,4.120781898498535,0.1252729892730713,0.5016099810600281,1.0163393020629883,0.018745020031929016,1.365523338317871
1592,4.121777057647705,0.12769865989685059,0.4967000484466553,1.016003966331482,0.005477784667164087,1.4362155199050903
1593,4.122519016265869,0.12751345336437225,0.498740017414093,1.0158759355545044,-0.02611900120973587,1.3892521858215332
1594,4.122691631317139,0.1295986771583557,0.49887001514434814,1.015761137008667,-0.019675595685839653,1.3767298460006714
1595,4.1214399337768555,0.12615908682346344,0.4970700442790985,1.0154634714126587,0.0018767948495224118,1.4292067289352417
1596,4.1202826499938965,0.1284538060426712,0.5026300549507141,1.0157305002212524,-0.01780008152127266,1.428286075592041
1597,4.1197967529296875,0.1295953392982483,0.4974000155925751,1.0154664516448975,0.023390619084239006,1.4225445985794067
1598,4.1218438148498535,0.12830395996570587,0.5031700134277344,1.0157883167266846,0.015992125496268272,1.4560929536819458
1599,4.121114253997803,0.13014867901802063,0.499830037355423,1.0157710313796997,0.0041199782863259315,1.4644482135772705
1600,4.121649265289307,0.1293724775314331,0.5011100172996521,1.0158838033676147,0.023553121834993362,1.455198049545288
1601,4.123284339904785,0.12884892523288727,0.5003499984741211,1.0159194469451904,0.0009232673910446465,1.4328597784042358
1602,4.121242046356201,0.12623153626918793,0.5004400014877319,1.015964150428772,-0.0007600169628858566,1.4333834648132324
1603,4.1216301918029785,0.12771518528461456,0.5019299983978271,1.016160249710083,-0.01962926611304283,1.4233715534210205
1604,4.120867729187012,0.12914904952049255,0.49636000394821167,1.015790343284607,-0.021302057430148125,1.4134256839752197
1605,4.120498180389404,0.1268652230501175,0.49991002678871155,1.0157811641693115,0.021069301292300224,1.462977409362793
1606,4.121586799621582,0.1294403374195099,0.5008600354194641,1.0158684253692627,-0.011400030925869942,1.4074276685714722
1607,4.121842861175537,0.1264454573392868,0.4994100034236908,1.0158084630966187,-0.023904606699943542,1.394152283668518
1608,4.119476318359375,0.12620531022548676,0.5003900527954102,1.0158480405807495,-0.01725318469107151,1.4428859949111938
1609,4.1222147941589355,0.13066650927066803,0.5017799735069275,1.016028881072998,-0.047667525708675385,1.430281400680542
1610,4.121628284454346,0.12418300658464432,0.49851998686790466,1.0158785581588745,-0.0068492405116558075,1.409580111503601
1611,4.121947765350342,0.12619440257549286,0.49754002690315247,1.015628695487976,0.01312619261443615,1.448242425918579
1612,4.122475624084473,0.12392862141132355,0.5013499855995178,1.0157657861709595,0.031082050874829292,1.4351383447647095
1613,4.122281551361084,0.12857484817504883,0.5004799962043762,1.0158145427703857,-0.023751800879836082,1.4671517610549927
1614,4.121488571166992,0.12753714621067047,0.4984000027179718,1.015652060508728,0.027392152696847916,1.401166558265686
1615,4.121377468109131,0.13026902079582214,0.499500036239624,1.0156012773513794,-0.040818776935338974,1.439771056175232
1616,4.122761249542236,0.12848900258541107,0.5006500482559204,1.0156673192977905,0.030864331871271133,1.4569921493530273
1617,4.121976375579834,0.12799987196922302,0.5014300346374512,1.015812635421753,-0.014185107313096523,1.429052472114563
1618,4.122047424316406,0.12628303468227386,0.49987003207206726,1.0157994031906128,-0.038475245237350464,1.3595244884490967
1619,4.121409893035889,0.12831558287143707,0.49853000044822693,1.0156501531600952,0.006671085488051176,1.413923978805542
1620,4.121432781219482,0.12643256783485413,0.5002400279045105,1.0156744718551636,0.01980103738605976,1.4369957447052002
1621,4.123539924621582,0.12724576890468597,0.49994999170303345,1.015669345855713,0.004284698516130447,1.4706562757492065
1622,4.121235370635986,0.12587013840675354,0.5008699893951416,1.01575767993927,-0.0014999810373410583,1.4345182180404663
1623,4.121612071990967,0.12560899555683136,0.5019000172615051,1.0159506797790527,-0.0011065802536904812,1.459181547164917
1624,4.122462272644043,0.12606100738048553,0.4986400306224823,1.0158125162124634,-0.009016742929816246,1.4637846946716309
1625,4.121488571166992,0.1263611614704132,0.497079998254776,1.015515923500061,0.034152671694755554,1.3870738744735718
1626,4.122402191162109,0.12610097229480743,0.4998199939727783,1.0154976844787598,-0.0843464806675911,1.395593285560608
1627,4.121302127838135,0.12637300789356232,0.4995799958705902,1.0154550075531006,-0.0013497715117409825,1.4333820343017578
1628,4.120815753936768,0.12524637579917908,0.495930016040802,1.015041708946228,0.01746876910328865,1.4163527488708496
1629,4.121739864349365,0.12582896649837494,0.4990899860858917,1.0149493217468262,0.022739199921488762,1.4423478841781616
1630,4.122775554656982,0.1239018589258194,0.4979400336742401,1.014740228652954,-0.019543159753084183,1.363410472869873
1631,4.121315002441406,0.12624157965183258,0.5013200044631958,1.0148741006851196,-0.0057144928723573685,1.4590559005737305
1632,4.121062278747559,0.12623196840286255,0.49879002571105957,1.0147513151168823,-0.028307000175118446,1.444280982017517
1633,4.121628761291504,0.12465298175811768,0.5003799796104431,1.0147899389266968,-0.013199998065829277,1.4628833532333374
1634,4.1224188804626465,0.12591756880283356,0.49788999557495117,1.0145758390426636,0.05051263049244881,1.4353513717651367
1635,4.122019290924072,0.12711413204669952,0.5039500594139099,1.0149766206741333,-0.03550165146589279,1.4555542469024658
1636,4.123137950897217,0.12603333592414856,0.49995002150535583,1.0149714946746826,-0.025680042803287506,1.4238232374191284
1637,4.121822357177734,0.12387999147176743,0.5001500248908997,1.0149867534637451,0.0005890708416700363,1.3855009078979492
1638,4.121673107147217,0.12693573534488678,0.5041400194168091,1.0154069662094116,0.01061172503978014,1.4660379886627197
1639,4.121431827545166,0.1259031593799591,0.4972800314426422,1.0151307582855225,-0.06208530813455582,1.4085197448730469
1640,4.1216936111450195,0.1267831176519394,0.5006400346755981,1.0151957273483276,-0.010646576061844826,1.4048219919204712
1641,4.121098518371582,0.12602265179157257,0.4999300241470337,1.0151886940002441,-0.01555711030960083,1.4819904565811157
1642,4.121876239776611,0.126322403550148,0.498060017824173,1.0149917602539062,0.009846989065408707,1.3695030212402344
1643,4.12108039855957,0.12523595988750458,0.4990699887275696,1.014897346496582,-0.02164149284362793,1.4260112047195435
1644,4.12160587310791,0.12561295926570892,0.5001699924468994,1.014914631843567,-0.012488603591918945,1.3897581100463867
1645,4.12274694442749,0.1258903294801712,0.5010100603103638,1.0150171518325806,0.01922481134533882,1.438301682472229
1646,4.121164798736572,0.12575198709964752,0.4980200529098511,1.014816164970398,0.03234954550862312,1.4412932395935059
1647,4.121906280517578,0.12720511853694916,0.4985700249671936,1.0146710872650146,-0.019276274368166924,1.4329473972320557
1648,4.121404647827148,0.12307906895875931,0.4974600076675415,1.0144133567810059,-0.05931317061185837,1.4237042665481567
1649,4.119946002960205,0.12335009127855301,0.5007699728012085,1.0144914388656616,-0.03519248589873314,1.4149675369262695
1650,4.121894359588623,0.1239345446228981,0.5001300573348999,1.0145046710968018,-0.004343471955507994,1.4228376150131226
1651,4.121419429779053,0.12653790414333344,0.5015199780464172,1.014658808708191,0.029708977788686752,1.4399052858352661
1652,4.122096538543701,0.12285292148590088,0.4995199739933014,1.0146101713180542,-0.005800968501716852,1.4656615257263184
1653,4.121856212615967,0.12612886726856232,0.5001100301742554,1.0146212577819824,-0.01493955496698618,1.4074596166610718
1654,4.122010231018066,0.1262195110321045,0.5004000067710876,1.0146619081497192,0.03579021617770195,1.447088599205017
1655,4.121974945068359,0.12248742580413818,0.49744004011154175,1.014402151107788,0.016362443566322327,1.4251347780227661
1656,4.1208415031433105,0.12296469509601593,0.49869003891944885,1.014269232749939,-0.01491607166826725,1.4089094400405884
1657,4.121420383453369,0.12597882747650146,0.5002200603485107,1.0142916440963745,0.022327356040477753,1.4330713748931885
1658,4.121546745300293,0.12686039507389069,0.5021399855613708,1.0145087242126465,0.045910321176052094,1.4545185565948486
1659,4.122894763946533,0.12499899417161942,0.5009900331497192,1.0146090984344482,0.007073821034282446,1.4558049440383911
1660,4.121791839599609,0.12488902360200882,0.4991300404071808,1.0145207643508911,-0.025114506483078003,1.4221495389938354
1661,4.122756004333496,0.12459437549114227,0.5000600218772888,1.0145268440246582,0.01753794215619564,1.3980991840362549
1662,4.120905876159668,0.12422382831573486,0.5003100037574768,1.0145583152770996,0.00795919168740511,1.4929965734481812
1663,4.121596813201904,0.12292464822530746,0.4993100166320801,1.0144883394241333,0.022842325270175934,1.4573396444320679
1664,4.122246742248535,0.12683072686195374,0.5021200180053711,1.014703392982483,-0.03207772225141525,1.4405163526535034
1665,4.122032642364502,0.12379015237092972,0.5000900030136108,1.0147125720977783,0.004533635452389717,1.4568243026733398
1666,4.12264347076416,0.12207850813865662,0.5002999901771545,1.0147430896759033,0.012453904375433922,1.3965634107589722
1667,4.121459484100342,0.12527552247047424,0.4992299973964691,1.014664888381958,0.0211234949529171,1.378340482711792
1668,4.120975017547607,0.12432043999433517,0.5003300309181213,1.0146983861923218,-0.010957903228700161,1.402180790901184
1669,4.121885776519775,0.12531675398349762,0.5000100135803223,1.0146993398666382,0.008029589429497719,1.4032275676727295
1670,4.122628211975098,0.12359244376420975,0.5026599764823914,1.0149692296981812,0.05792294070124626,1.4369251728057861
1671,4.122006416320801,0.12466886639595032,0.49484002590179443,1.0144455432891846,0.03431699052453041,1.3879244327545166
1672,4.122223377227783,0.12551471590995789,0.49935001134872437,1.014379620552063,-0.05369085818529129,1.447692632675171
1673,4.121392250061035,0.1235673725605011,0.5001400113105774,1.0143938064575195,0.022797217592597008,1.4277229309082031
1674,4.122642993927002,0.12416664510965347,0.4984799921512604,1.0142396688461304,-0.03577667847275734,1.3809807300567627
1675,4.1222052574157715,0.12317821383476257,0.50204998254776,1.014447569847107,0.015388906002044678,1.396428108215332
1676,4.122450828552246,0.12365870177745819,0.501479983329773,1.014597773551941,0.001064720214344561,1.4091582298278809
1677,4.122011661529541,0.1236082911491394,0.498820036649704,1.014478087425232,0.04307955503463745,1.4581085443496704
1678,4.1212029457092285,0.1259644776582718,0.4984400272369385,1.014319896697998,0.0017201319569721818,1.4459364414215088
1679,4.122120380401611,0.12436312437057495,0.4972500205039978,1.0140409469604492,-0.005962857510894537,1.4085052013397217
1680,4.1208696365356445,0.12272841483354568,0.5022100210189819,1.0142650604248047,0.03588695824146271,1.3901716470718384
1681,4.122369289398193,0.12398885190486908,0.49810999631881714,1.014073371887207,-0.023502659052610397,1.4284566640853882
1682,4.12168550491333,0.12569919228553772,0.4993800222873688,1.0140105485916138,0.02587655745446682,1.473071813583374
1683,4.122036457061768,0.12362710386514664,0.49918001890182495,1.0139273405075073,0.038114793598651886,1.385702133178711
1684,4.121678829193115,0.12144932150840759,0.49657002091407776,1.0135794878005981,-0.019796356558799744,1.3967907428741455
1685,4.1214680671691895,0.12309835851192474,0.49796000123023987,1.0133726596832275,0.0071666045114398,1.388044834136963
1686,4.121398448944092,0.12303131818771362,0.4969000518321991,1.0130585432052612,-0.0364939346909523,1.4529401063919067
1687,4.121511459350586,0.12271694093942642,0.49876004457473755,1.0129328966140747,-0.021778568625450134,1.448553204536438
1688,4.120859146118164,0.12524555623531342,0.49977999925613403,1.0129106044769287,-0.009959598071873188,1.4404209852218628
1689,4.122453212738037,0.12600503861904144,0.4989500045776367,1.0128042697906494,-0.0067971497774124146,1.4522671699523926
1690,4.122045040130615,0.1256105899810791,0.5002500414848328,1.0128296613693237,-0.04522118344902992,1.4487699270248413
1691,4.120880126953125,0.12486106902360916,0.501740038394928,1.0130059719085693,-0.039818696677684784,1.4656331539154053
1692,4.12247371673584,0.12334473431110382,0.5026300549507141,1.0132724046707153,0.024387719109654427,1.4118149280548096
1693,4.120365619659424,0.12132363021373749,0.5019099712371826,1.0134658813476562,0.007339777424931526,1.4623264074325562
1694,4.12156867980957,0.12332859635353088,0.5008000135421753,1.0135469436645508,0.013846147805452347,1.3833812475204468
1695,4.121501445770264,0.12474983930587769,0.500950038433075,1.0136432647705078,-0.033249400556087494,1.474867820739746
1696,4.121908664703369,0.1278124749660492,0.5005500316619873,1.013698935508728,0.004893377888947725,1.4235445261001587
1697,4.121963024139404,0.12538723647594452,0.49654000997543335,1.0133482217788696,-0.0209177378565073,1.4217956066131592
1698,4.121189594268799,0.1224295049905777,0.5016800165176392,1.0135184526443481,0.05060199275612831,1.4064016342163086
1699,4.122425079345703,0.12413246929645538,0.5000500082969666,1.0135235786437988,0.03501001000404358,1.4278278350830078
1700,4.121409893035889,0.12345949560403824,0.500789999961853,1.013603687286377,-0.032795488834381104,1.4325525760650635
1701,4.122372627258301,0.12327677011489868,0.5013800263404846,1.0137436389923096,0.008050709031522274,1.4523321390151978
1702,4.1219048500061035,0.12478876113891602,0.4990600347518921,1.0136483907699585,-0.016932372003793716,1.462203025817871
1703,4.121511936187744,0.12121231108903885,0.49849000573158264,1.0134953260421753,-0.0275002121925354,1.397222638130188
1704,4.122292995452881,0.1234816238284111,0.5010499954223633,1.0136017799377441,-0.015196179039776325,1.4217599630355835
1705,4.12069034576416,0.12361037731170654,0.5012800097465515,1.013731598854065,0.09018795192241669,1.4913878440856934
1706,4.121856212615967,0.12410977482795715,0.5008100271224976,1.0138136148452759,0.02314194291830063,1.4396908283233643
1707,4.121847629547119,0.12195301055908203,0.5047799944877625,1.0142982006072998,-0.01900145784020424,1.4058730602264404
1708,4.121736526489258,0.12123209983110428,0.5019199848175049,1.0144929885864258,0.011579258367419243,1.4115511178970337
1709,4.122103691101074,0.11972541362047195,0.49660003185272217,1.0141481161117554,-0.06439652293920517,1.394549012184143
1710,4.121189594268799,0.12149017304182053,0.50204998254776,1.014356017112732,0.03116285800933838,1.4116110801696777
1711,4.121262073516846,0.12295518815517426,0.500220000743866,1.0143784284591675,0.07064098864793777,1.447955846786499
1712,4.122749328613281,0.12255927175283432,0.5003200173377991,1.0144108533859253,0.024594789370894432,1.459723949432373
1713,4.122864723205566,0.12683528661727905,0.5009400248527527,1.014506220817566,-0.01599200628697872,1.4040180444717407
1714,4.120434761047363,0.12095619738101959,0.4981500506401062,1.0143184661865234,-0.06990088522434235,1.4957444667816162
1715,4.121553897857666,0.12383655458688736,0.4997600018978119,1.014294147491455,0.02102828025817871,1.462723970413208
1716,4.120639801025391,0.12416888028383255,0.4996800124645233,1.0142617225646973,0.040893565863370895,1.457414984703064
1717,4.121621608734131,0.12010406702756882,0.49804002046585083,1.0140630006790161,0.011072722263634205,1.3989911079406738
1718,4.12217903137207,0.12507374584674835,0.49713003635406494,1.0137720108032227,0.032497305423021317,1.456811547279358
1719,4.120675563812256,0.11964136362075806,0.49751999974250793,1.01352059841156,0.009285122156143188,1.4136509895324707
1720,4.121626377105713,0.12333986163139343,0.49990999698638916,1.0135114192962646,-0.018731413409113884,1.4288843870162964
1721,4.120723247528076,0.12258588522672653,0.49985000491142273,1.0134961605072021,-0.01595131680369377,1.3977923393249512
1722,4.120931148529053,0.12265685200691223,0.5039799809455872,1.013899564743042,-0.012060606852173805,1.4648252725601196
1723,4.121714115142822,0.12227942794561386,0.4997200667858124,1.013871192932129,0.007036956958472729,1.454818606376648
1724,4.121059894561768,0.12078146636486053,0.4996200203895569,1.013832688331604,0.024465391412377357,1.3986519575119019
1725,4.120675086975098,0.12334445118904114,0.5032399892807007,1.014161229133606,-0.0039029670879244804,1.4528731107711792
1726,4.1217241287231445,0.1192193478345871,0.5011100172996521,1.014273762702942,0.027889804914593697,1.3918509483337402
1727,4.1228132247924805,0.1189926415681839,0.4990200102329254,1.0141743421554565,-0.00535809900611639,1.3765192031860352
1728,4.121506690979004,0.12178672850131989,0.5000399947166443,1.0141783952713013,0.03519945219159126,1.4396430253982544
1729,4.1222991943359375,0.1234935075044632,0.5011300444602966,1.0142929553985596,-0.05014467239379883,1.4383423328399658
1730,4.121265411376953,0.12093254178762436,0.5000100135803223,1.014293909072876,-0.03419084846973419,1.4340802431106567
1731,4.120389461517334,0.12104158103466034,0.4971599876880646,1.0140057802200317,-0.015854138880968094,1.3930258750915527
1732,4.121042728424072,0.12270721793174744,0.5013999938964844,1.0141476392745972,-0.03222217038273811,1.427924394607544
1733,4.1208930015563965,0.12061154842376709,0.4998199939727783,1.014129400253296,-0.08272691816091537,1.4460339546203613
1734,4.121035099029541,0.1223520040512085,0.49863001704216003,1.0139905214309692,-0.0013332368107512593,1.4061784744262695
1735,4.121487617492676,0.12142821401357651,0.4990299940109253,1.0138921737670898,-0.015944890677928925,1.4286595582962036
1736,4.120776653289795,0.12048710137605667,0.5017200112342834,1.0140665769577026,0.002637839410454035,1.4448809623718262
1737,4.12080192565918,0.11900170892477036,0.5003800392150879,1.0141050815582275,0.02853168547153473,1.4186543226242065
1738,4.122598171234131,0.12263173609972,0.49988001585006714,1.0140929222106934,0.0004101057129446417,1.4093211889266968
1739,4.120738983154297,0.12049058079719543,0.5022200345993042,1.0143179893493652,0.01633273810148239,1.3973020315170288
1740,4.120145797729492,0.12098526954650879,0.49928998947143555,1.0142459869384766,-0.03203719109296799,1.3714185953140259
1741,4.121326446533203,0.12346851825714111,0.5021600127220154,1.014465093612671,0.003235495649278164,1.4208582639694214
1742,4.121625900268555,0.120295949280262,0.4983900487422943,1.0143017768859863,-0.056638795882463455,1.4433315992355347
1743,4.1216559410095215,0.12130777537822723,0.4984400272369385,1.0141435861587524,-0.0313778780400753,1.419774055480957
1744,4.120702266693115,0.12003067880868912,0.5016800165176392,1.0143139362335205,-0.03597116842865944,1.413846731185913
1745,4.122555255889893,0.12039230763912201,0.5002500414848328,1.0143393278121948,0.03894713521003723,1.4459985494613647
1746,4.12130069732666,0.12386924028396606,0.49900999665260315,1.014238953590393,0.033875174820423126,1.4389564990997314
1747,4.120759963989258,0.11976644396781921,0.5008999705314636,1.014330267906189,-0.017829442396759987,1.4503215551376343
1748,4.120697975158691,0.1183631643652916,0.49959999322891235,1.0142897367477417,0.015604082494974136,1.447026014328003
1749,4.12070369720459,0.1215701699256897,0.5012199878692627,1.0144134759902954,0.005075794644653797,1.4065405130386353
1750,4.120859146118164,0.12058127671480179,0.5001599788665771,1.0144296884536743,-0.07051407545804977,1.4676311016082764
1751,4.122270584106445,0.12247568368911743,0.49898001551628113,1.0143262147903442,0.023810146376490593,1.4821885824203491
1752,4.121647357940674,0.118051677942276,0.4986400306224823,1.014188289642334,-0.034401118755340576,1.400335669517517
1753,4.122536659240723,0.1194843277335167,0.49858003854751587,1.0140442848205566,0.024952299892902374,1.3720048666000366
1754,4.1208696365356445,0.12263669818639755,0.5003500580787659,1.0140798091888428,0.018022647127509117,1.4715405702590942
1755,4.120565414428711,0.12208010256290436,0.5041100382804871,1.0144966840744019,-0.03150340914726257,1.4532945156097412
1756,4.121452808380127,0.11945048719644547,0.5006400346755981,1.014561653137207,0.04533599689602852,1.4535527229309082
1757,4.120420455932617,0.12258953601121902,0.5004799962043762,1.0146104097366333,-0.012904053553938866,1.401354193687439
1758,4.121424674987793,0.12169686704874039,0.4973500370979309,1.0143415927886963,0.024462996050715446,1.4354592561721802
1759,4.120210647583008,0.11950661242008209,0.5002000331878662,1.01436185836792,0.03740895539522171,1.4065227508544922
1760,4.121009349822998,0.11949250102043152,0.5007700324058533,1.0144399404525757,-0.04585863649845123,1.447056531906128
1761,4.121938228607178,0.12109976261854172,0.5012300610542297,1.0145647525787354,0.06349635869264603,1.4149430990219116
1762,4.121613025665283,0.12136286497116089,0.4996500015258789,1.0145292282104492,-0.04899896681308746,1.4955998659133911
1763,4.121084213256836,0.12004969269037247,0.4993799924850464,1.0144662857055664,0.01687079481780529,1.498948097229004
1764,4.121001720428467,0.1191149428486824,0.49894002079963684,1.0143587589263916,-0.013162571005523205,1.4193891286849976
1765,4.121473789215088,0.12018946558237076,0.5033100247383118,1.0146945714950562,-0.038612689822912216,1.471993088722229
1766,4.122347831726074,0.12111541628837585,0.5005799531936646,1.0147534608840942,0.015232464298605919,1.4078212976455688
1767,4.12144660949707,0.12080900371074677,0.5031800270080566,1.0150761604309082,-0.009934485889971256,1.42244553565979
1768,4.122057914733887,0.1219470202922821,0.5015700459480286,1.0152355432510376,-0.01065670233219862,1.4461053609848022
1769,4.120851039886475,0.11827438324689865,0.4988400340080261,1.0151177644729614,0.07352741062641144,1.4235934019088745
1770,4.122310161590576,0.1195235401391983,0.500760018825531,1.0151950120925903,0.026740623638033867,1.3974390029907227
1771,4.121766090393066,0.12000017613172531,0.4990500509738922,1.0150985717773438,0.017463015392422676,1.437002420425415
1772,4.121850490570068,0.11964613944292068,0.4989300072193146,1.014989972114563,-0.04369845986366272,1.4323089122772217
1773,4.122169017791748,0.12133185565471649,0.49990004301071167,1.0149798393249512,-0.015981514006853104,1.3657468557357788
1774,4.121807098388672,0.11980389058589935,0.49751001596450806,1.0147271156311035,-0.06547526270151138,1.4222673177719116
1775,4.121259689331055,0.11806653439998627,0.49972003698349,1.0146987438201904,0.036635786294937134,1.407139539718628
1776,4.120931148529053,0.12168822437524796,0.5011600255966187,1.014816403388977,0.00783759355545044,1.425339698791504
1777,4.121359348297119,0.12083765119314194,0.5006099939346313,1.0148783922195435,-0.009715350344777107,1.432071566581726
1778,4.122308254241943,0.1206539124250412,0.4996500611305237,1.0148428678512573,0.03671455755829811,1.4383398294448853
1779,4.121786594390869,0.11930800974369049,0.500510036945343,1.0148946046829224,0.02477257139980793,1.4382933378219604
1780,4.121176242828369,0.11886265873908997,0.5001200437545776,1.014906883239746,-0.01709534227848053,1.4307804107666016
1781,4.120885848999023,0.121116042137146,0.5011300444602966,1.015021562576294,-0.044109515845775604,1.3959206342697144
1782,4.122487545013428,0.11732099950313568,0.49729999899864197,1.0147475004196167,0.0181764867156744,1.3986163139343262
1783,4.121130466461182,0.12039397656917572,0.5005800127983093,1.0148062705993652,0.01731845550239086,1.4260472059249878
1784,4.12246561050415,0.11856193840503693,0.4981200098991394,1.014615535736084,0.0075217862613499165,1.4047847986221313
1785,4.1212053298950195,0.1195702776312828,0.4997100532054901,1.014586091041565,-0.04869398474693298,1.4152206182479858
1786,4.121995449066162,0.12010383605957031,0.49918001890182495,1.0145028829574585,-0.02911914326250553,1.386043906211853
1787,4.120562553405762,0.1193121001124382,0.5038599967956543,1.0148944854736328,0.013386822305619717,1.3934227228164673
1788,4.121136665344238,0.1199849545955658,0.5008099675178528,1.0149767398834229,0.0012782622361555696,1.4116185903549194
1789,4.121267318725586,0.11900592595338821,0.49894002079963684,1.014869213104248,-0.03247684985399246,1.417405605316162
1790,4.122064113616943,0.11885499209165573,0.49998000264167786,1.0148671865463257,0.011348064057528973,1.4649211168289185
1791,4.121910572052002,0.11805777996778488,0.501990020275116,1.0150691270828247,-0.03158038109540939,1.4812992811203003
1792,4.121248245239258,0.11929921060800552,0.4994300305843353,1.0150113105773926,0.029412373900413513,1.3860845565795898
1793,4.122061729431152,0.12100886553525925,0.5034599900245667,1.0153625011444092,0.007565355859696865,1.45633065700531
1794,4.120939254760742,0.11765636503696442,0.49729999899864197,1.0150883197784424,0.04223577678203583,1.4161325693130493
1795,4.121912956237793,0.11920405179262161,0.5006900429725647,1.0151584148406982,-0.013230045326054096,1.440650463104248
1796,4.121642112731934,0.11619556695222855,0.4963800311088562,1.0147908926010132,-0.05006765201687813,1.406551718711853
1797,4.1222004890441895,0.11681320518255234,0.5002300143241882,1.0148142576217651,0.027095722034573555,1.4169856309890747
1798,4.121204853057861,0.11609973013401031,0.5006499886512756,1.0148801803588867,-0.02534319832921028,1.4441903829574585
1799,4.1216325759887695,0.11787063628435135,0.4992000460624695,1.0147989988327026,0.018683556467294693,1.4774129390716553
1800,4.12147855758667,0.11755658686161041,0.4988499879837036,1.0146822929382324,-0.04845940321683884,1.4540232419967651
1801,4.121671199798584,0.11906789988279343,0.5029399991035461,1.0149805545806885,-0.013335702009499073,1.460106372833252
1802,4.1224164962768555,0.11846541613340378,0.4997900426387787,1.0149592161178589,0.01283679623156786,1.4109697341918945
1803,4.121236801147461,0.11791253089904785,0.49998003244400024,1.0149571895599365,0.01448929961770773,1.4782038927078247
1804,4.121500492095947,0.11531828343868256,0.5016300082206726,1.0151225328445435,0.048755913972854614,1.4528154134750366
1805,4.121952056884766,0.12001950293779373,0.5011799931526184,1.015242338180542,-0.06323283165693283,1.4413009881973267
1806,4.121956825256348,0.11765957623720169,0.5017899870872498,1.015424132347107,-0.017774544656276703,1.3974672555923462
1807,4.121703624725342,0.11771997064352036,0.4972600042819977,1.0151458978652954,0.002331201685592532,1.4206115007400513
1808,4.122133731842041,0.1176527887582779,0.49869003891944885,1.0150128602981567,0.007445105351507664,1.4272021055221558
1809,4.121755599975586,0.11882586032152176,0.49807003140449524,1.0148169994354248,0.029197420924901962,1.4523593187332153
1810,4.120913982391357,0.12080515176057816,0.5007100105285645,1.014889121055603,-0.07403877377510071,1.3965115547180176
1811,4.121523380279541,0.11660128086805344,0.4978500008583069,1.014670968055725,-0.0668291226029396,1.3795716762542725
1812,4.121506214141846,0.11655664443969727,0.4994100034236908,1.0146111249923706,-0.03177482262253761,1.4521386623382568
1813,4.1216630935668945,0.11552990227937698,0.4998300075531006,1.0145938396453857,0.004424425307661295,1.4410076141357422
1814,4.121891498565674,0.1188671663403511,0.5002300143241882,1.0146172046661377,0.00856004562228918,1.4922248125076294
1815,4.120541095733643,0.12004554271697998,0.49964001774787903,1.0145807266235352,0.04361806809902191,1.4280283451080322
1816,4.121391296386719,0.11907865852117538,0.4992700517177582,1.0145066976547241,0.0718158483505249,1.4249119758605957
1817,4.121297359466553,0.1169607937335968,0.49682003259658813,1.0141841173171997,0.04633110761642456,1.4918233156204224
1818,4.122464656829834,0.1164807677268982,0.4978800415992737,1.01396906375885,-0.02152162604033947,1.3943171501159668
1819,4.121566295623779,0.12022725492715836,0.5055299997329712,1.014529824256897,0.02140340581536293,1.3757479190826416
1820,4.121290683746338,0.11977482587099075,0.5015600323677063,1.0146881341934204,-0.02912883460521698,1.4195337295532227
1821,4.122499465942383,0.1208777204155922,0.5011500120162964,1.0148048400878906,-0.03159896284341812,1.501908779144287
1822,4.121459007263184,0.11856702715158463,0.5023400187492371,1.0150423049926758,-0.05958270654082298,1.4313547611236572
1823,4.120100498199463,0.11681591719388962,0.49942001700401306,1.0149834156036377,-0.02977956086397171,1.372840166091919
1824,4.1208977699279785,0.11764851212501526,0.5010200142860413,1.0150870084762573,-0.018173405900597572,1.4951584339141846
1825,4.120813369750977,0.11949348449707031,0.4999900162220001,1.0150859355926514,-0.011127224192023277,1.393489122390747
1826,4.120301246643066,0.11711287498474121,0.5003300309181213,1.0151194334030151,-0.04434160143136978,1.4372413158416748
1827,4.121291160583496,0.12019313126802444,0.5003100037574768,1.0151509046554565,-0.006129521876573563,1.4658188819885254
1828,4.121709823608398,0.11846359819173813,0.500499963760376,1.0152015686035156,0.0010729656787589192,1.4371165037155151
1829,4.120747089385986,0.1165694072842598,0.5005099773406982,1.0152534246444702,-0.01887519098818302,1.4126815795898438
1830,4.122876167297363,0.11676575988531113,0.4992000162601471,1.0151722431182861,0.032559555023908615,1.4388384819030762
1831,4.122061252593994,0.11957839131355286,0.49759000539779663,1.014927625656128,-0.018674815073609352,1.4315096139907837
1832,4.120924949645996,0.11728651821613312,0.5019299983978271,1.0151234865188599,0.04772818833589554,1.4761642217636108
1833,4.120621681213379,0.11656853556632996,0.49904003739356995,1.0150259733200073,0.0225931778550148,1.4532842636108398
1834,4.122223377227783,0.114509716629982,0.5021499991416931,1.0152442455291748,-0.014307660050690174,1.4684233665466309
1835,4.121577262878418,0.11819740384817123,0.5013500452041626,1.0153812170028687,-0.025199489668011665,1.4369406700134277
1836,4.121414661407471,0.11538862437009811,0.49983999133110046,1.0153650045394897,-0.009000957943499088,1.3939201831817627
1837,4.12164831161499,0.11603312939405441,0.4974600076675415,1.0151071548461914,-0.004478624556213617,1.4276814460754395
1838,4.121536731719971,0.11567691713571548,0.5017899870872498,1.0152889490127563,0.026235617697238922,1.4413193464279175
1839,4.120645999908447,0.1164432018995285,0.4991700053215027,1.015204668045044,0.038643963634967804,1.4613713026046753
1840,4.1218647956848145,0.11692440509796143,0.5000800490379333,1.0152127742767334,0.04294427111744881,1.4502602815628052
1841,4.121983528137207,0.1195332407951355,0.4991399943828583,1.0151255130767822,0.026770416647195816,1.4347054958343506
1842,4.120733261108398,0.11497709900140762,0.5011600852012634,1.0152432918548584,0.05250316858291626,1.4346988201141357
1843,4.121899127960205,0.11816108971834183,0.4970899820327759,1.0149478912353516,0.015888947993516922,1.4432172775268555
1844,4.121006965637207,0.11648301035165787,0.5005600452423096,1.0150047540664673,-0.005559499841183424,1.412815809249878
1845,4.121426582336426,0.11778121441602707,0.5028300285339355,1.0152920484542847,0.010220764204859734,1.4380180835723877
1846,4.121962547302246,0.11709627509117126,0.49869003891944885,1.015159010887146,0.010208678431808949,1.3879814147949219
1847,4.12198543548584,0.11562494188547134,0.49807003140449524,1.0149630308151245,-0.0327964723110199,1.4355196952819824
1848,4.121844291687012,0.11375512927770615,0.49974000453948975,1.0149366855621338,0.026294011622667313,1.4307342767715454
1849,4.121888160705566,0.1179099828004837,0.5008200407028198,1.0150198936462402,-0.013113071210682392,1.4480568170547485
1850,4.121829509735107,0.11660372465848923,0.49970000982284546,1.0149894952774048,0.05037763714790344,1.399788498878479
1851,4.121444225311279,0.11527343839406967,0.49963003396987915,1.0149519443511963,-0.005971998441964388,1.45077383518219
1852,4.119505405426025,0.11622381955385208,0.4966200292110443,1.0146088600158691,0.03644367307424545,1.4232710599899292
1853,4.120916843414307,0.11545483022928238,0.5002899765968323,1.0146383047103882,0.011971709318459034,1.4457603693008423
1854,4.121004581451416,0.11754460632801056,0.49960005283355713,1.014597773551941,-0.021094119176268578,1.4788050651550293
1855,4.120585918426514,0.11543609946966171,0.4992400109767914,1.0145206451416016,-0.040664441883563995,1.4548159837722778
1856,4.121009349822998,0.11570679396390915,0.5011000037193298,1.014632225036621,-0.009653069078922272,1.4706765413284302
1857,4.119399547576904,0.11816069483757019,0.5040300488471985,1.0150411128997803,0.046940818428993225,1.4887802600860596
1858,4.120394229888916,0.11732809245586395,0.5001699924468994,1.0150583982467651,0.0022421486210078,1.4252687692642212
1859,4.121682643890381,0.11813980340957642,0.4965500235557556,1.014708161354065,0.05201948061585426,1.4056199789047241
1860,4.120323181152344,0.115076944231987,0.499750018119812,1.0146827697753906,0.041931137442588806,1.4347103834152222
1861,4.121095180511475,0.11745171993970871,0.4984799921512604,1.014528512954712,0.06437747180461884,1.3974723815917969
1862,4.121942043304443,0.11722408980131149,0.4993800222873688,1.014465570449829,0.037291452288627625,1.4282103776931763
1863,4.121764183044434,0.11482018977403641,0.49796000123023987,1.014258623123169,0.015290260314941406,1.4256980419158936
1864,4.1203155517578125,0.11597474664449692,0.49998000264167786,1.0142565965652466,-0.05707629770040512,1.372799277305603
1865,4.122425556182861,0.11804479360580444,0.5007700324058533,1.0143346786499023,-0.05051645636558533,1.4200971126556396
1866,4.121239185333252,0.11807769536972046,0.5003600120544434,1.0143711566925049,-0.013811689801514149,1.4221851825714111
1867,4.121089935302734,0.11773324757814407,0.5008500218391418,1.01445734500885,-0.022203488275408745,1.3932479619979858
1868,4.12113094329834,0.11518912017345428,0.5006300210952759,1.0145212411880493,-0.033159032464027405,1.408192753791809
1869,4.121232509613037,0.1139872595667839,0.49901002645492554,1.014420747756958,-0.02597070299088955,1.4455068111419678
1870,4.121823310852051,0.11865218728780746,0.5008699893951416,1.0145090818405151,0.00377767626196146,1.4220105409622192
1871,4.1209492683410645,0.11525750905275345,0.5002899765968323,1.0145385265350342,-0.04774276167154312,1.4262018203735352
1872,4.121898174285889,0.11685442179441452,0.4994300305843353,1.014480710029602,0.03791365772485733,1.3712091445922852
1873,4.121050834655762,0.11531049013137817,0.5000300407409668,1.0144836902618408,0.021635083481669426,1.4394813776016235
1874,4.120862007141113,0.11425233632326126,0.4995500147342682,1.0144380331039429,0.036639872938394547,1.443914532661438
1875,4.1198225021362305,0.11929183453321457,0.49859002232551575,1.014294981956482,0.02457030676305294,1.4788494110107422
1876,4.121028900146484,0.11782659590244293,0.5006700158119202,1.0143629312515259,0.037719886749982834,1.482334852218628
1877,4.12137508392334,0.11534521728754044,0.5001400113105774,1.0143771171569824,-0.016824128106236458,1.390412449836731
1878,4.121388912200928,0.11342615634202957,0.49963003396987915,1.014339566230774,0.04285283759236336,1.4473702907562256
1879,4.121049880981445,0.11323293298482895,0.5001699924468994,1.0143568515777588,0.015948444604873657,1.39175283908844
1880,4.121150970458984,0.11822459101676941,0.5024700164794922,1.0146074295043945,-0.026911547407507896,1.399150013923645
1881,4.120692253112793,0.11510423570871353,0.5027999877929688,1.014891505241394,0.014945213682949543,1.5069540739059448
1882,4.122567653656006,0.11855684220790863,0.49889999628067017,1.014779806137085,0.025446444749832153,1.471639633178711
1883,4.121389865875244,0.11563734710216522,0.5013200044631958,1.0149136781692505,-0.012950525619089603,1.4050527811050415
1884,4.1222453117370605,0.1152738556265831,0.5000100135803223,1.014914631843567,0.010274539701640606,1.454781413078308
1885,4.120611667633057,0.1143338605761528,0.498680055141449,1.0147806406021118,-0.013861479237675667,1.3850376605987549
1886,4.121777057647705,0.11550880968570709,0.49949002265930176,1.0147289037704468,0.008588857017457485,1.4366227388381958
1887,4.121435165405273,0.1151968464255333,0.5003700256347656,1.0147664546966553,0.016977496445178986,1.424936294555664
1888,4.121935844421387,0.11622795462608337,0.49924004077911377,1.014689326286316,-0.015230786055326462,1.4005191326141357
1889,4.121401309967041,0.11572977155447006,0.4998999834060669,1.014679193496704,-0.00093973329057917,1.3967573642730713
1890,4.119654655456543,0.11339501291513443,0.49722999334335327,1.0143980979919434,0.0006913776742294431,1.401824712753296
1891,4.1208176612854,0.11676456779241562,0.5028400421142578,1.014686107635498,-0.013442428782582283,1.4626425504684448
1892,4.120796203613281,0.11556718498468399,0.4999300241470337,1.0146790742874146,0.009517109021544456,1.4021265506744385
1893,4.121055603027344,0.11504954099655151,0.4980200529098511,1.0144782066345215,0.07092434912919998,1.446420669555664
1894,4.121932506561279,0.11393817514181137,0.5003100037574768,1.014509677886963,0.01426063384860754,1.4910049438476562
1895,4.120693683624268,0.115842305123806,0.5003399848937988,1.014544129371643,0.039104118943214417,1.4118807315826416
1896,4.120663642883301,0.11418253183364868,0.4994400143623352,1.0144872665405273,-0.023355728015303612,1.4231497049331665
1897,4.121562480926514,0.11390042304992676,0.4992700517177582,1.0144132375717163,-0.039780713617801666,1.4200326204299927
1898,4.12172269821167,0.11653798073530197,0.5011200308799744,1.0145269632339478,0.05111253634095192,1.4176729917526245
1899,4.120337963104248,0.11641499400138855,0.5001499652862549,1.0145422220230103,0.0031280999537557364,1.4315801858901978
1900,4.1213555335998535,0.1122812032699585,0.4994300305843353,1.0144844055175781,0.01852753758430481,1.3986729383468628
1901,4.12158727645874,0.11619346588850021,0.50204998254776,1.0146924257278442,-0.016548316925764084,1.3943688869476318
1902,4.120507717132568,0.11632923781871796,0.5004600286483765,1.0147391557693481,-0.009914921596646309,1.437625527381897
1903,4.1218719482421875,0.11560037732124329,0.4988499879837036,1.014622449874878,-0.04341071471571922,1.474117636680603
1904,4.121401309967041,0.11265731602907181,0.499580055475235,1.0145797729492188,-0.01794332265853882,1.457429051399231
1905,4.121139049530029,0.11581415683031082,0.4996500611305237,1.0145442485809326,-0.022526636719703674,1.4334020614624023
1906,4.121874809265137,0.11162999272346497,0.49852004647254944,1.0143940448760986,-0.007502052467316389,1.4262795448303223
1907,4.121426582336426,0.11357215791940689,0.5016700029373169,1.0145634412765503,-0.009374101646244526,1.3628300428390503
1908,4.1216325759887695,0.11379721760749817,0.49897003173828125,1.0144588947296143,0.028376247733831406,1.3815717697143555
1909,4.119477272033691,0.1149429902434349,0.4985100030899048,1.0143077373504639,-0.0340975821018219,1.4595290422439575
1910,4.121616363525391,0.11391545087099075,0.49633997678756714,1.0139365196228027,-0.03131455183029175,1.443557620048523
1911,4.121328353881836,0.11497624963521957,0.4984799921512604,1.0137823820114136,0.026807421818375587,1.4506373405456543
1912,4.120765686035156,0.11512263864278793,0.5015100240707397,1.0139354467391968,-0.011500208638608456,1.4136524200439453
1913,4.12202262878418,0.11256483942270279,0.5006499886512756,1.0140013694763184,-0.017875518649816513,1.4685590267181396
1914,4.120882987976074,0.11362291872501373,0.4971599876880646,1.0137133598327637,-0.0014984302688390017,1.393019676208496
1915,4.1213226318359375,0.1141178160905838,0.49737000465393066,1.0134468078613281,-0.0695798397064209,1.4324740171432495
1916,4.120063781738281,0.11300400644540787,0.49796000123023987,1.0132399797439575,-0.022572387009859085,1.423462986946106
1917,4.1214447021484375,0.11537960171699524,0.5019000172615051,1.013432502746582,0.020360952243208885,1.4208539724349976
1918,4.121683597564697,0.11563105881214142,0.49845001101493835,1.0132755041122437,-0.035603754222393036,1.426171898841858
1919,4.121845722198486,0.11467983573675156,0.500499963760376,1.0133261680603027,0.029268933460116386,1.4746757745742798
1920,4.120398044586182,0.11213148385286331,0.5018399953842163,1.0135127305984497,0.03563201054930687,1.4608731269836426
1921,4.121410846710205,0.11414138972759247,0.5005199909210205,1.0135654211044312,-0.01670187897980213,1.4702706336975098
1922,4.120752811431885,0.11394643783569336,0.502020001411438,1.0137701034545898,0.09062183648347855,1.451041340827942
1923,4.1211395263671875,0.11383560299873352,0.5040700435638428,1.014182686805725,0.012564617209136486,1.4465796947479248
1924,4.1207075119018555,0.1161411702632904,0.5019999742507935,1.0143855810165405,-0.043337393552064896,1.49812912940979
1925,4.121639251708984,0.11462987214326859,0.5000500082969666,1.0143907070159912,0.030719388276338577,1.4554073810577393
1926,4.120856761932373,0.11220128834247589,0.49828001856803894,1.0142161846160889,0.008646756410598755,1.4415398836135864
1927,4.121448040008545,0.11497810482978821,0.5004500150680542,1.0142618417739868,0.0066029685549438,1.4574174880981445
1928,4.121777057647705,0.11386823654174805,0.4966200292110443,1.0139189958572388,0.039752885699272156,1.379199504852295
1929,4.121978759765625,0.11696762591600418,0.49928000569343567,1.0138460397720337,0.05074087157845497,1.390454649925232
1930,4.1214280128479,0.11293890327215195,0.5014500617980957,1.0139930248260498,0.0505935475230217,1.4471876621246338
1931,4.1214375495910645,0.11447129398584366,0.4984600245952606,1.0138368606567383,0.03682415187358856,1.4189051389694214
1932,4.120993137359619,0.11454574018716812,0.4994300305843353,1.0137790441513062,0.03890557214617729,1.4411859512329102
1933,4.120700359344482,0.11276708543300629,0.5003600120544434,1.0138155221939087,-0.026972761377692223,1.430620551109314
1934,4.121845245361328,0.11490605771541595,0.49900001287460327,1.013714075088501,-0.056379687041044235,1.3924230337142944
1935,4.120719909667969,0.11351555585861206,0.49911004304885864,1.013623833656311,-0.07461915910243988,1.4238604307174683
1936,4.1219258308410645,0.11311972886323929,0.4996599853038788,1.0135893821716309,0.007125552743673325,1.4309325218200684
1937,4.120756149291992,0.11268925666809082,0.5000399947166443,1.0135934352874756,-0.050728198140859604,1.4863723516464233
1938,4.121737957000732,0.11368264257907867,0.5038100481033325,1.0139795541763306,0.009846950881183147,1.4058846235275269
1939,4.1222381591796875,0.11423057317733765,0.5007100701332092,1.0140515565872192,-0.0049241757951676846,1.4447410106658936
1940,4.1208062171936035,0.11367464065551758,0.5008400678634644,1.014136791229248,0.020170141011476517,1.3920913934707642
1941,4.120383262634277,0.11111646145582199,0.5009300112724304,1.0142310857772827,0.019700314849615097,1.4407018423080444
1942,4.1208109855651855,0.11107221245765686,0.5015900135040283,1.014392375946045,-0.012279259040951729,1.428285002708435
1943,4.120930194854736,0.1109493300318718,0.500260055065155,1.0144187211990356,0.009725311771035194,1.4217199087142944
1944,4.119711875915527,0.11247526854276657,0.4998999834060669,1.0144085884094238,0.002083881525322795,1.4469249248504639
1945,4.121436595916748,0.11421985924243927,0.49887001514434814,1.014293909072876,-0.032061897218227386,1.4719594717025757
1946,4.121508598327637,0.114242784678936,0.5001300573348999,1.0143071413040161,-0.019892903044819832,1.4527109861373901
1947,4.122644424438477,0.1117185652256012,0.5022799968719482,1.0145384073257446,0.053065262734889984,1.4017412662506104
1948,4.1206536293029785,0.11220329999923706,0.5000399947166443,1.0145424604415894,-0.05123186111450195,1.4512733221054077
1949,4.122080326080322,0.11306624114513397,0.5010100603103638,1.0146448612213135,0.0025735360104590654,1.4269788265228271
1950,4.121213436126709,0.11317422240972519,0.5019400119781494,1.0148416757583618,-0.05889841914176941,1.3524384498596191
1951,4.120850563049316,0.11353185772895813,0.5011000037193298,1.014953374862671,0.0011000719387084246,1.431480884552002
1952,4.120750904083252,0.11545346677303314,0.5001400113105774,1.0149675607681274,0.02744600549340248,1.4417684078216553
1953,4.120908737182617,0.11385002732276917,0.5014899969100952,1.0151188373565674,0.024840565398335457,1.4375752210617065
1954,4.121150970458984,0.11320478469133377,0.5016600489616394,1.0152872800827026,-0.006990942172706127,1.421729326248169
1955,4.121396064758301,0.11163769662380219,0.5027599930763245,1.015567421913147,-0.02748306281864643,1.406557321548462
1956,4.120108127593994,0.11244617402553558,0.499500036239624,1.0155166387557983,-0.002299474785104394,1.4385937452316284
1957,4.12192440032959,0.11239409446716309,0.5008299946784973,1.0156009197235107,0.057139553129673004,1.445168137550354
1958,4.121769428253174,0.11446899175643921,0.4983999729156494,1.015438437461853,0.012859773822128773,1.4339816570281982
1959,4.121356964111328,0.11343250423669815,0.5028499960899353,1.0157278776168823,0.008973507210612297,1.4213517904281616
1960,4.120710849761963,0.11335025727748871,0.5020599961280823,1.015937089920044,-0.003904334269464016,1.4292218685150146
1961,4.121249675750732,0.11260788887739182,0.49869003891944885,1.0158039331436157,0.015630237758159637,1.4030689001083374
1962,4.120914459228516,0.11234854906797409,0.5001300573348999,1.0158171653747559,-0.06590449810028076,1.4686280488967896
1963,4.121798038482666,0.11187608540058136,0.4997900128364563,1.0157958269119263,0.03230806067585945,1.4083248376846313
1964,4.120683670043945,0.11144039034843445,0.5011799931526184,1.0159157514572144,0.049135345965623856,1.4142770767211914
1965,4.1220598220825195,0.11219355463981628,0.4994699954986572,1.0158618688583374,-0.026467494666576385,1.4228686094284058
1966,4.122025489807129,0.11246903985738754,0.49897003173828125,1.0157572031021118,-0.006033413112163544,1.3943253755569458
1967,4.120932102203369,0.11086409538984299,0.49894002079963684,1.0156495571136475,-0.006960086990147829,1.4146732091903687
1968,4.120768070220947,0.1106518879532814,0.4993300139904022,1.015581488609314,0.020953072234988213,1.427223563194275
1969,4.12139892578125,0.11335239559412003,0.5007700324058533,1.0156596899032593,0.01881014183163643,1.453810691833496
1970,4.12119197845459,0.11343585699796677,0.5005600452423096,1.015716552734375,0.0589568130671978,1.4267289638519287
1971,4.121424198150635,0.11267843097448349,0.5007100105285645,1.0157886743545532,-0.03193719685077667,1.4325567483901978
1972,4.120440483093262,0.1116056740283966,0.5010400414466858,1.0158942937850952,-0.0006227045087143779,1.4616001844406128
1973,4.120919227600098,0.10973833501338959,0.4984799921512604,1.015739917755127,-0.035838402807712555,1.3868073225021362
1974,4.120865345001221,0.11339885741472244,0.5034700036048889,1.0160924196243286,0.03627895191311836,1.4445725679397583
1975,4.120946884155273,0.11314890533685684,0.49810999631881714,1.0159003734588623,0.058970388025045395,1.4833850860595703
1976,4.120601654052734,0.11259928345680237,0.4987899959087372,1.0157774686813354,0.012281113304197788,1.4127094745635986
1977,4.12071418762207,0.11057335883378983,0.500540018081665,1.0158323049545288,0.011656992137432098,1.4444594383239746
1978,4.121092319488525,0.1131092980504036,0.5015400052070618,1.0159887075424194,0.020533068105578423,1.454235315322876
1979,4.120307922363281,0.11398264020681381,0.5010200142860413,1.0160924196243286,0.03624965250492096,1.4444748163223267
1980,4.121621131896973,0.11143749952316284,0.5016400218009949,1.0162590742111206,0.0008436565985903144,1.411483883857727
1981,4.120940685272217,0.11441672593355179,0.5008699893951416,1.0163475275039673,0.010051715187728405,1.4179329872131348
1982,4.121837615966797,0.11246246099472046,0.4984400272369385,1.0161889791488647,0.01249655056744814,1.4249025583267212
1983,4.121866703033447,0.11224495619535446,0.5011600255966187,1.0163068771362305,0.03022618778049946,1.486397624015808
1984,4.121833324432373,0.11183145642280579,0.5003200173377991,1.0163393020629883,-0.015477783977985382,1.4472790956497192
1985,4.1207709312438965,0.11066240072250366,0.4976700246334076,1.0161025524139404,0.002551319310441613,1.3607347011566162
1986,4.12101411819458,0.1111903041601181,0.4982900023460388,1.0159287452697754,-0.09087761491537094,1.434850811958313
1987,4.120594501495361,0.11252637952566147,0.499750018119812,1.015903353691101,-0.0208855252712965,1.4075018167495728
1988,4.121388912200928,0.11187450587749481,0.49876004457473755,1.015777349472046,0.030598271638154984,1.4181119203567505
1989,4.120131969451904,0.11184028536081314,0.4995899796485901,1.0157357454299927,0.008483165875077248,1.4799327850341797
1990,4.121133327484131,0.11136386543512344,0.5006000399589539,1.0157966613769531,-0.0020773010328412056,1.4517663717269897
1991,4.121136665344238,0.11203103512525558,0.5006800293922424,1.015865683555603,0.029344473034143448,1.3966131210327148
1992,4.121841907501221,0.1134510412812233,0.4993300437927246,1.0157976150512695,-0.009726342745125294,1.4667916297912598
1993,4.120553493499756,0.10796483606100082,0.501270055770874,1.0159265995025635,0.038434553891420364,1.4169832468032837
1994,4.120657920837402,0.11065156012773514,0.5015700459480286,1.0160861015319824,0.006778853014111519,1.4407528638839722
1995,4.12227725982666,0.11346817761659622,0.4970400035381317,1.0157853364944458,0.04692292958498001,1.4378951787948608
1996,4.121344089508057,0.11061334609985352,0.4982300102710724,1.0156055688858032,-0.0016328669153153896,1.403488278388977
1997,4.121522426605225,0.111988864839077,0.4983000159263611,1.0154329538345337,0.006173379253596067,1.433173418045044
1998,4.121337413787842,0.11176431179046631,0.4984799921512604,1.0152785778045654,0.01087121106684208,1.4192537069320679
1999,4.120906352996826,0.11110658198595047,0.5003200173377991,1.0153110027313232,0.04985058680176735,1.4444589614868164
2000,4.1206512451171875,0.11530989408493042,0.501300036907196,1.0154430866241455,-3.403473237995058e-05,1.4110530614852905
2001,4.121026992797852,0.11146245896816254,0.4988900423049927,1.01533043384552,-0.020282434299588203,1.4470643997192383
2002,4.120608329772949,0.10949399322271347,0.49726003408432007,1.0150521993637085,-0.018238501623272896,1.4551805257797241
2003,4.1205153465271,0.10960805416107178,0.4984300136566162,1.014892816543579,-0.004409171175211668,1.4784196615219116
2004,4.121475696563721,0.11258844286203384,0.5006300210952759,1.0149567127227783,0.0035057521890848875,1.4941476583480835
2005,4.121386528015137,0.11304178833961487,0.5006500482559204,1.0150226354599,0.03551958501338959,1.4538451433181763
2006,4.1209235191345215,0.11174099892377853,0.5004100203514099,1.0150642395019531,0.00888463482260704,1.5208945274353027
2007,4.121967315673828,0.1117015853524208,0.5001100301742554,1.0150753259658813,0.05773705616593361,1.4742127656936646
2008,4.12075138092041,0.11096426844596863,0.5014000535011292,1.0152174234390259,0.0015916634583845735,1.4189682006835938
2009,4.121331691741943,0.11090240627527237,0.49988001585006714,1.0152052640914917,-0.022207513451576233,1.4304004907608032
2010,4.1210222244262695,0.11131374537944794,0.500789999961853,1.0152854919433594,0.013002106919884682,1.416961908340454
2011,4.120940685272217,0.111878402531147,0.4980500042438507,1.0150874853134155,0.05014413222670555,1.4232741594314575
2012,4.120284080505371,0.10913629084825516,0.4995700418949127,1.01504385471344,0.004337843507528305,1.4500901699066162
2013,4.1212029457092285,0.10964455455541611,0.49790000915527344,1.0148307085037231,-0.03115103207528591,1.4448997974395752
2014,4.122314929962158,0.11036469787359238,0.5025800466537476,1.0150924921035767,-0.006700085010379553,1.4127671718597412
2015,4.119716644287109,0.1090918704867363,0.5016199946403503,1.0152570009231567,0.05456480011343956,1.4229936599731445
2016,4.120577812194824,0.10989439487457275,0.500980019569397,1.0153565406799316,-0.007939924485981464,1.4591798782348633
2017,4.121652126312256,0.10858236253261566,0.49737000465393066,1.015089511871338,-0.018590623512864113,1.4682800769805908
2018,4.121237754821777,0.10980454087257385,0.5006100535392761,1.0151515007019043,0.010559392161667347,1.4069575071334839
2019,4.121557712554932,0.1110270619392395,0.5011200308799744,1.0152652263641357,-0.017171688377857208,1.4478212594985962
2020,4.121457576751709,0.11134379357099533,0.5003200173377991,1.0152976512908936,0.00074770551873371,1.431395411491394
2021,4.121255397796631,0.11021177470684052,0.499830037355423,1.0152803659439087,0.008207188919186592,1.4326938390731812
2022,4.120755195617676,0.11045736819505692,0.4980800151824951,1.0150854587554932,-0.08015827089548111,1.441163182258606
2023,4.121771812438965,0.11127965152263641,0.5010700225830078,1.0151941776275635,-0.021979467943310738,1.4672352075576782
2024,4.120243072509766,0.1062973290681839,0.4983700215816498,1.015028715133667,0.004697864875197411,1.3765555620193481
2025,4.121012210845947,0.10813815891742706,0.4995900094509125,1.0149871110916138,0.003317622933536768,1.3653764724731445
2026,4.120244026184082,0.11012893170118332,0.49914997816085815,1.014900803565979,0.01212378405034542,1.4321051836013794
2027,4.121027946472168,0.11175952851772308,0.5021800398826599,1.0151220560073853,0.037632640451192856,1.4197819232940674
2028,4.12084436416626,0.10893823206424713,0.5018100142478943,1.015305757522583,0.08149150758981705,1.4524515867233276
2029,4.120997905731201,0.11044826358556747,0.5029600262641907,1.0156062841415405,0.010121815837919712,1.4549732208251953
2030,4.121424674987793,0.10980457812547684,0.4982199966907501,1.0154255628585815,0.03290589153766632,1.4510102272033691
2031,4.120114326477051,0.11009059101343155,0.4999900162220001,1.0154244899749756,-0.005135537125170231,1.4222705364227295
2032,4.120460510253906,0.10775315016508102,0.497079998254776,1.0151280164718628,0.006344572175294161,1.4592360258102417
2033,4.1206159591674805,0.10988551378250122,0.4985499978065491,1.0149807929992676,0.012918863445520401,1.4113295078277588
2034,4.119673252105713,0.11116286367177963,0.501300036907196,1.0151127576828003,-0.019356781616806984,1.45486319065094
2035,4.121338367462158,0.11090409010648727,0.49981001019477844,1.015093445777893,-0.020853271707892418,1.485125184059143
2036,4.120973587036133,0.11051507294178009,0.49932003021240234,1.0150244235992432,0.008359911851584911,1.4602484703063965
2037,4.121252059936523,0.11060914397239685,0.5006600022315979,1.0150914192199707,0.02984497882425785,1.4586071968078613
2038,4.1205153465271,0.11153992265462875,0.5025400519371033,1.015349268913269,0.01879425346851349,1.4306503534317017
2039,4.120722770690918,0.10830723494291306,0.499580055475235,1.0153065919876099,-0.12457689642906189,1.4550416469573975
2040,4.120990753173828,0.11093658208847046,0.4979100227355957,1.0150943994522095,-0.02184242568910122,1.461503267288208
2041,4.12073278427124,0.10897210985422134,0.4978700280189514,1.0148781538009644,0.050482384860515594,1.421484112739563
2042,4.121552467346191,0.11000356078147888,0.49595001339912415,1.0144671201705933,-0.013532103039324284,1.485244631767273
2043,4.120640754699707,0.10817523300647736,0.49876999855041504,1.0143423080444336,-0.027795372530817986,1.4206680059432983
2044,4.1194748878479,0.10995180904865265,0.5025500059127808,1.0146009922027588,-0.010955425910651684,1.4457707405090332
2045,4.1218743324279785,0.11166630685329437,0.5028700232505798,1.0148922204971313,0.047290656715631485,1.474721908569336
2046,4.12219762802124,0.11080314218997955,0.5009199976921082,1.0149855613708496,0.025553753599524498,1.4414377212524414
2047,4.120516777038574,0.10846442729234695,0.49758005142211914,1.014739990234375,-0.023638403043150902,1.435564637184143
2048,4.120833396911621,0.10911953449249268,0.49924004077911377,1.0146628618240356,0.024675624445080757,1.4253171682357788
2049,4.121614456176758,0.11100352555513382,0.5013399720191956,1.0147987604141235,0.039676956832408905,1.4277878999710083
2050,4.12076997756958,0.10738153010606766,0.5003400444984436,1.0148332118988037,0.005675300024449825,1.3781570196151733
2051,4.120511054992676,0.10986321419477463,0.498060017824173,1.0146362781524658,0.006451645400375128,1.3879417181015015
2052,4.1215715408325195,0.10940589755773544,0.5003600120544434,1.0146727561950684,0.01897546462714672,1.4626014232635498
2053,4.122196674346924,0.10772744566202164,0.4975600242614746,1.0144251585006714,-0.01989409513771534,1.4322999715805054
2054,4.120593070983887,0.10987420380115509,0.49898001551628113,1.0143216848373413,-0.0033657022286206484,1.400861144065857
2055,4.121640205383301,0.109580397605896,0.498960018157959,1.0142161846160889,0.01987955905497074,1.504042387008667
2056,4.120617389678955,0.10980594158172607,0.5026500225067139,1.0144850015640259,-0.019083764404058456,1.419883370399475
2057,4.119622230529785,0.10565940290689468,0.49759000539779663,1.0142405033111572,0.028856242075562477,1.3935902118682861
2058,4.120601177215576,0.11017186939716339,0.499830037355423,1.0142232179641724,-0.04899231716990471,1.440874457359314
2059,4.120467185974121,0.11026069521903992,0.498089998960495,1.0140295028686523,0.03152884915471077,1.4283396005630493
2060,4.119488716125488,0.10897591710090637,0.5013100504875183,1.014162302017212,0.01079152524471283,1.450026035308838
2061,4.121438026428223,0.11077636480331421,0.5011200308799744,1.0142759084701538,0.04087582975625992,1.5053194761276245
2062,4.120755195617676,0.10795871168375015,0.5003200173377991,1.0143083333969116,0.038349878042936325,1.4906818866729736
2063,4.121829032897949,0.10894451290369034,0.4998200237751007,1.0142900943756104,0.03514472022652626,1.4825115203857422
2064,4.121553897857666,0.10951025784015656,0.5012500286102295,1.0144169330596924,-0.06892933696508408,1.43071448802948
2065,4.120934963226318,0.10884455591440201,0.4997100234031677,1.0143874883651733,-0.012599512934684753,1.493770718574524
2066,4.121737957000732,0.10806182771921158,0.5015300512313843,1.0145426988601685,-0.011671999469399452,1.3720142841339111
2067,4.12249755859375,0.10956822335720062,0.5018600225448608,1.0147314071655273,0.020894603803753853,1.4215949773788452
2068,4.121248245239258,0.10649403184652328,0.4966299831867218,1.0143893957138062,0.014058349654078484,1.4197947978973389
2069,4.12078332901001,0.10894305258989334,0.5046799778938293,1.0148640871047974,-0.005196502897888422,1.4462109804153442
2070,4.121539115905762,0.10804245620965958,0.5,1.0148640871047974,-0.042701639235019684,1.4467750787734985
2071,4.1200785636901855,0.1079796850681305,0.5001100301742554,1.0148751735687256,-0.02144462615251541,1.4365100860595703
2072,4.121366500854492,0.10679852962493896,0.4970400333404541,1.0145747661590576,-0.0009529076050966978,1.4054051637649536
2073,4.120296001434326,0.10657642781734467,0.5023400187492371,1.0148122310638428,-0.004430847242474556,1.4398834705352783
2074,4.120755195617676,0.11046599596738815,0.5014100074768066,1.0149554014205933,-0.006389206275343895,1.4359301328659058
2075,4.120863914489746,0.10970649123191833,0.49859002232551575,1.0148122310638428,0.005372070241719484,1.3615869283676147
2076,4.121002197265625,0.10847608000040054,0.5014800429344177,1.0149624347686768,0.003941362723708153,1.406110405921936
2077,4.121891975402832,0.11087240278720856,0.5006400346755981,1.015027403831482,-0.03293412923812866,1.457796573638916
2078,4.12115478515625,0.10802460461854935,0.49949002265930176,1.014975666999817,0.0003093271516263485,1.4087207317352295
2079,4.120264530181885,0.10754619538784027,0.5007900595664978,1.0150558948516846,0.006555467844009399,1.3962700366973877
2080,4.120841026306152,0.1111985370516777,0.5011100172996521,1.01516854763031,-0.011101591400802135,1.4884064197540283
2081,4.119914531707764,0.10723122954368591,0.49880000948905945,1.0150467157363892,-0.03251319378614426,1.4098132848739624
2082,4.1192946434021,0.10844264924526215,0.5007800459861755,1.0151258707046509,-0.04065319523215294,1.5002557039260864
2083,4.12088680267334,0.10811611264944077,0.5000100135803223,1.0151268243789673,-0.0815846174955368,1.4311461448669434
2084,4.121757984161377,0.1065981388092041,0.49998998641967773,1.0151257514953613,0.011736572720110416,1.4866712093353271
2085,4.121452808380127,0.10985569655895233,0.5020200610160828,1.0153307914733887,-0.033594921231269836,1.4301151037216187
2086,4.121809482574463,0.10910746455192566,0.500260055065155,1.0153571367263794,0.012066973373293877,1.410994291305542
2087,4.121198654174805,0.10650065541267395,0.49810999631881714,1.0151652097702026,-0.024397805333137512,1.4503523111343384
2088,4.121560573577881,0.11180621385574341,0.5018800497055054,1.0153560638427734,-0.020430387929081917,1.4717158079147339
2089,4.121652126312256,0.10754238069057465,0.5004900097846985,1.0154057741165161,0.02636757493019104,1.4376754760742188
2090,4.120980739593506,0.10943058878183365,0.5022000074386597,1.0156291723251343,-0.0007954578613862395,1.472551703453064
2091,4.121226787567139,0.10783226042985916,0.49952003359794617,1.015580415725708,0.005080685019493103,1.463214635848999
2092,4.1219353675842285,0.10782332718372345,0.49762001633644104,1.015338659286499,0.023056000471115112,1.3983992338180542
2093,4.120238304138184,0.10658325999975204,0.5011699795722961,1.0154573917388916,-0.005419005174189806,1.3424855470657349
2094,4.120906829833984,0.10434713214635849,0.49559998512268066,1.0150105953216553,-0.02553621493279934,1.3836917877197266
2095,4.119797706604004,0.10965091735124588,0.49865999817848206,1.0148745775222778,0.07017648220062256,1.4311668872833252
2096,4.120680332183838,0.10686110705137253,0.4983900487422943,1.0147111415863037,-0.007609998341649771,1.4654614925384521
2097,4.1200127601623535,0.10844624787569046,0.5014899969100952,1.014862298965454,0.03606892004609108,1.4549931287765503
2098,4.121406555175781,0.10709410905838013,0.5029900074005127,1.0151656866073608,-0.03959893435239792,1.4382095336914062
2099,4.120380878448486,0.10851170867681503,0.5008100271224976,1.0152478218078613,0.04842020571231842,1.468733310699463
2100,4.12105131149292,0.10737402737140656,0.5008500218391418,1.015334129333496,-0.009969006292521954,1.417007565498352
2101,4.121873378753662,0.10661700367927551,0.4980900287628174,1.015140175819397,0.021668335422873497,1.441900610923767
2102,4.120357036590576,0.10583881288766861,0.49928003549575806,1.0150671005249023,-0.006396295037120581,1.3756263256072998
2103,4.120512962341309,0.10700991004705429,0.4994700253009796,1.015013337135315,0.01264229230582714,1.477100133895874
2104,4.1199750900268555,0.10677624493837357,0.5000100135803223,1.0150142908096313,0.025158582255244255,1.4737575054168701
2105,4.120729446411133,0.10854572802782059,0.5022100210189819,1.015238642692566,0.020466698333621025,1.464090347290039
2106,4.120757102966309,0.1071859747171402,0.4994000196456909,1.0151777267456055,-0.02114473097026348,1.4385687112808228
2107,4.121288299560547,0.10641505569219589,0.5017000436782837,1.015350341796875,0.0024985400959849358,1.4341611862182617
2108,4.121420383453369,0.10789775848388672,0.5008200407028198,1.015433669090271,0.008939651772379875,1.4988019466400146
2109,4.121448040008545,0.10882806032896042,0.5012400150299072,1.0155595541000366,0.009154636412858963,1.4717669486999512
2110,4.119953632354736,0.10654886811971664,0.5008600354194641,1.0156468152999878,-0.009154322557151318,1.3610342741012573
2111,4.121006011962891,0.10861950367689133,0.49738001823425293,1.0153807401657104,0.03270614519715309,1.4267284870147705
2112,4.120600700378418,0.11065499484539032,0.5002400279045105,1.0154050588607788,-0.010230894200503826,1.409289002418518
2113,4.121093273162842,0.10568966716527939,0.49972003698349,1.0153765678405762,0.019544927403330803,1.438287377357483
2114,4.1212544441223145,0.10512665659189224,0.5007800459861755,1.015455722808838,-0.012877910397946835,1.4903740882873535
2115,4.1214823722839355,0.10690794140100479,0.5011600852012634,1.015573501586914,-0.0024443017318844795,1.4351509809494019
2116,4.120923042297363,0.10716553032398224,0.4989800453186035,1.0154699087142944,0.08344879746437073,1.4587721824645996
2117,4.12192964553833,0.1087927520275116,0.5013599991798401,1.0156080722808838,-0.04444735124707222,1.446470856666565
2118,4.121678829193115,0.10603497922420502,0.4981200098991394,1.0154170989990234,-0.03978310525417328,1.3640599250793457
2119,4.1203789710998535,0.1080382689833641,0.49838003516197205,1.0152525901794434,-0.007350640371441841,1.4490448236465454
2120,4.120614528656006,0.10806424915790558,0.4975399971008301,1.0150028467178345,-0.0054182554595172405,1.3922998905181885
2121,4.120567321777344,0.1111404225230217,0.5000500082969666,1.0150079727172852,0.030707571655511856,1.461181640625
2122,4.120475769042969,0.10876104235649109,0.5017099976539612,1.015181541442871,0.08263037353754044,1.461310863494873
2123,4.1203999519348145,0.10880692303180695,0.4975000321865082,1.0149277448654175,0.03668350353837013,1.4521403312683105
2124,4.121206760406494,0.11022954434156418,0.499750018119812,1.0149023532867432,-0.02037501148879528,1.408672571182251
2125,4.121992111206055,0.10516682267189026,0.4979100227355957,1.0146902799606323,0.0031446563079953194,1.4329897165298462
2126,4.120529651641846,0.10497929900884628,0.5004900693893433,1.014739990234375,-0.025951186195015907,1.4501776695251465
2127,4.1200761795043945,0.10443522036075592,0.4964900016784668,1.0143837928771973,-0.04180420935153961,1.439856767654419
2128,4.1207122802734375,0.10824941098690033,0.501460075378418,1.0145319700241089,-0.03524433448910713,1.4541945457458496
2129,4.121128082275391,0.10834627598524094,0.4978700280189514,1.0143158435821533,-0.00654186075553298,1.43875253200531
2130,4.120486736297607,0.1075931191444397,0.49956002831459045,1.0142712593078613,-0.050756655633449554,1.4064157009124756
2131,4.1204352378845215,0.10661980509757996,0.5027400255203247,1.0145491361618042,0.020515743643045425,1.480881690979004
2132,4.12042760848999,0.10637163370847702,0.49769002199172974,1.0143147706985474,-0.07415127754211426,1.434926152229309
2133,4.121674060821533,0.10713931918144226,0.500260055065155,1.014341115951538,0.02261023223400116,1.4113612174987793
2134,4.121321201324463,0.1078147366642952,0.5009300112724304,1.0144354104995728,0.006486015859991312,1.424662470817566
2135,4.1203389167785645,0.10719063133001328,0.4996900260448456,1.0144039392471313,-0.005066936835646629,1.4015357494354248
2136,4.121480464935303,0.1044827401638031,0.4991900324821472,1.0143218040466309,-0.01754397340118885,1.4698203802108765
2137,4.1209259033203125,0.10602765530347824,0.5020300149917603,1.014527678489685,0.019312502816319466,1.4674839973449707
2138,4.120573997497559,0.10625922679901123,0.4984300136566162,1.0143684148788452,-0.0019146328559145331,1.4484392404556274
2139,4.120692253112793,0.10709438472986221,0.5003899931907654,1.014407992362976,-0.01190918032079935,1.4534059762954712
2140,4.121128082275391,0.10550583899021149,0.5002000331878662,1.0144282579421997,0.0045868572778999805,1.445946216583252
2141,4.120038986206055,0.10835817456245422,0.5023000240325928,1.0146615505218506,-0.017637545242905617,1.414808988571167
2142,4.121547698974609,0.10690446943044662,0.5000300407409668,1.0146645307540894,0.009875278919935226,1.4550343751907349
2143,4.120871543884277,0.10571660101413727,0.5016399621963501,1.0148309469223022,-0.03367781266570091,1.4601452350616455
2144,4.121671199798584,0.10913558304309845,0.5004900097846985,1.014880657196045,0.027922706678509712,1.431349277496338
2145,4.120791912078857,0.10694583505392075,0.5018800497055054,1.0150713920593262,-0.050909556448459625,1.4534571170806885
2146,4.121107578277588,0.10333184152841568,0.49946001172065735,1.0150165557861328,-0.03964577615261078,1.4433804750442505
2147,4.12107515335083,0.10687848925590515,0.49932003021240234,1.014947533607483,0.003126932308077812,1.4032549858093262
2148,4.1206536293029785,0.1065656766295433,0.4986700117588043,1.0148125886917114,0.015156219713389874,1.4151042699813843
2149,4.121522426605225,0.10722070187330246,0.5022799968719482,1.0150439739227295,-0.00326869310811162,1.4269354343414307
2150,4.120857238769531,0.10351601988077164,0.49751999974250793,1.0147922039031982,0.029168536886572838,1.3752071857452393
2151,4.121248245239258,0.10521156340837479,0.5018399953842163,1.0149790048599243,-0.01640481874346733,1.4274624586105347
2152,4.120248317718506,0.10645926743745804,0.5003300309181213,1.015012502670288,0.04877697303891182,1.448384165763855
2153,4.120050430297852,0.10473962128162384,0.49898001551628113,1.014909029006958,-0.05172676593065262,1.4430104494094849
2154,4.120376110076904,0.10529222339391708,0.5008200407028198,1.0149922370910645,-0.0073098414577543736,1.4060907363891602
2155,4.120545387268066,0.10539916902780533,0.4974600374698639,1.0147345066070557,-0.006564076989889145,1.4083231687545776
2156,4.120964527130127,0.10560231655836105,0.5015900731086731,1.0148959159851074,0.023063713684678078,1.4224443435668945
2157,4.121639728546143,0.10590806603431702,0.5001400113105774,1.014910101890564,0.01906908117234707,1.450520396232605
2158,4.120952606201172,0.10742264986038208,0.4990600347518921,1.0148147344589233,0.036839865148067474,1.391734004020691
2159,4.121391296386719,0.10598441958427429,0.4985700249671936,1.01466965675354,0.04524921998381615,1.410849928855896
2160,4.121280193328857,0.1038593053817749,0.4989300072193146,1.0145610570907593,0.01948700100183487,1.4396164417266846
2161,4.120615005493164,0.10516712814569473,0.49907997250556946,1.014467716217041,0.004778917413204908,1.4689135551452637
2162,4.120659351348877,0.10494057089090347,0.5003600120544434,1.0145041942596436,-0.05730903893709183,1.4120399951934814
2163,4.120497703552246,0.10645314306020737,0.49956002831459045,1.0144596099853516,0.002913839416578412,1.440506100654602
2164,4.120530128479004,0.10520216822624207,0.499580055475235,1.0144169330596924,0.042901527136564255,1.436457872390747
2165,4.121077537536621,0.10359671711921692,0.5001399517059326,1.014431118965149,-0.03224031627178192,1.4324829578399658
2166,4.120877265930176,0.1061701700091362,0.5012399554252625,1.014556884765625,0.013441452756524086,1.4812777042388916
2167,4.121061325073242,0.10669680684804916,0.5028799772262573,1.014849066734314,-0.03355366736650467,1.4801918268203735
2168,4.120532035827637,0.10733359307050705,0.5033600330352783,1.0151901245117188,-0.025264626368880272,1.4110760688781738
2169,4.120850086212158,0.10701586306095123,0.501579999923706,1.0153504610061646,-0.03867189958691597,1.4239026308059692
2170,4.1208319664001465,0.10508078336715698,0.501520037651062,1.0155048370361328,-0.018189920112490654,1.4128392934799194
2171,4.119833469390869,0.1063830628991127,0.5010900497436523,1.015615463256836,0.01523981150239706,1.450797200202942
2172,4.120753288269043,0.10461755841970444,0.5004200339317322,1.0156580209732056,-0.006053929682821035,1.4653441905975342
2173,4.120656967163086,0.10494088381528854,0.49994003772735596,1.0156519412994385,0.0199210774153471,1.4322484731674194
2174,4.120815753936768,0.10520970076322556,0.4965500235557556,1.0153015851974487,-0.0046652453020215034,1.4585328102111816
2175,4.121552467346191,0.10672158002853394,0.5012100338935852,1.0154244899749756,0.018863733857870102,1.417062759399414
2176,4.119949817657471,0.10515105724334717,0.4981500506401062,1.0152366161346436,0.03131068870425224,1.4175950288772583
2177,4.121479034423828,0.10518917441368103,0.49709999561309814,1.0149421691894531,0.025512002408504486,1.4232581853866577
2178,4.120696544647217,0.10679660737514496,0.49918001890182495,1.0148589611053467,0.047573160380125046,1.462154746055603
2179,4.12030553817749,0.10936637967824936,0.5009300112724304,1.014953374862671,0.035294309258461,1.4868367910385132
2180,4.122090816497803,0.10459588468074799,0.49702998995780945,1.014651894569397,-0.0428713783621788,1.4148629903793335
2181,4.121374130249023,0.1072397381067276,0.4978399872779846,1.014432668685913,-0.0003419704735279083,1.4552053213119507
2182,4.119645118713379,0.10666859894990921,0.4999200403690338,1.0144245624542236,-0.033266130834817886,1.4654046297073364
2183,4.120833396911621,0.1064176931977272,0.5005999803543091,1.0144853591918945,0.016385920345783234,1.4374922513961792
2184,4.120235919952393,0.10468771308660507,0.4987199902534485,1.0143554210662842,0.036771759390830994,1.4289522171020508
2185,4.1199445724487305,0.10305821150541306,0.4984000027179718,1.0141931772232056,-0.047282058745622635,1.4448426961898804
2186,4.120591640472412,0.1042678952217102,0.49908003211021423,1.0140998363494873,0.004694280680269003,1.4947803020477295
2187,4.121217727661133,0.10627511143684387,0.5004400014877319,1.0141444206237793,-0.026472192257642746,1.411551594734192
2188,4.120156288146973,0.10417138785123825,0.5025700330734253,1.0144050121307373,0.01776881143450737,1.4454277753829956
2189,4.1204681396484375,0.10500431805849075,0.5016199946403503,1.0145694017410278,0.002478082664310932,1.387687087059021
2190,4.120845317840576,0.10518472641706467,0.5005000233650208,1.014620065689087,0.02895038202404976,1.4367893934249878
2191,4.1215386390686035,0.10458977520465851,0.4992600381374359,1.01454496383667,-0.010647865943610668,1.4443442821502686
2192,4.121097564697266,0.10747841000556946,0.5042700171470642,1.0149781703948975,0.02459263987839222,1.512444019317627
2193,4.121321201324463,0.10409179329872131,0.4987800121307373,1.0148543119430542,-0.03773551434278488,1.4096462726593018
2194,4.120842933654785,0.106578528881073,0.5021100044250488,1.0150684118270874,-0.07107549160718918,1.3830368518829346
2195,4.1201491355896,0.10449747741222382,0.4990699887275696,1.0149739980697632,-0.04243668541312218,1.5127081871032715
2196,4.120873928070068,0.10497550666332245,0.5010200142860413,1.0150775909423828,-0.003525745589286089,1.4873743057250977
2197,4.120716094970703,0.10984435677528381,0.4986700117588043,1.0149426460266113,0.0008059482788667083,1.462296724319458
2198,4.122156620025635,0.10454221814870834,0.5005600452423096,1.014999508857727,0.056327227503061295,1.3901828527450562
2199,4.121461868286133,0.10459743440151215,0.49672001600265503,1.0146665573120117,0.006404611747711897,1.4159960746765137
2200,4.12041711807251,0.10535658150911331,0.4999300241470337,1.0146595239639282,0.022394582629203796,1.4086415767669678
2201,4.122461795806885,0.1061578094959259,0.49925002455711365,1.0145834684371948,0.0163639597594738,1.3999533653259277
2202,4.119937419891357,0.10420301556587219,0.5006499886512756,1.0146493911743164,0.009926372207701206,1.4599978923797607
2203,4.120326995849609,0.10781785845756531,0.5030999779701233,1.0149638652801514,-0.0330146886408329,1.4636977910995483
2204,4.121539115905762,0.10257866978645325,0.49865999817848206,1.014827847480774,0.04569120332598686,1.471171259880066
2205,4.12086296081543,0.10393344610929489,0.49966999888420105,1.0147943496704102,0.010125539265573025,1.4281387329101562
2206,4.120532035827637,0.105180524289608,0.501300036907196,1.0149263143539429,-0.022855641320347786,1.3975439071655273
2207,4.120542049407959,0.10478385537862778,0.5029500126838684,1.0152257680892944,0.02755938284099102,1.4761571884155273
2208,4.120293617248535,0.10567107796669006,0.49953001737594604,1.0151779651641846,0.03449943661689758,1.4407577514648438
2209,4.121277332305908,0.10600652545690536,0.5008000135421753,1.0152591466903687,0.0367715060710907,1.4644780158996582
2210,4.121273517608643,0.10385855287313461,0.5002599954605103,1.0152854919433594,0.027220727875828743,1.4130890369415283
2211,4.1210618019104,0.10477379709482193,0.5017099976539612,1.0154590606689453,0.013056159019470215,1.430305004119873
2212,4.121201038360596,0.10784032195806503,0.4986100196838379,1.0153179168701172,0.0263071209192276,1.4700871706008911
2213,4.12068510055542,0.10669772326946259,0.5016700029373169,1.0154874324798584,-0.02105553448200226,1.44529128074646
2214,4.12054443359375,0.10710758715867996,0.5004600286483765,1.0155341625213623,-0.009153399616479874,1.432210087776184
2215,4.120635032653809,0.10383583605289459,0.49911001324653625,1.0154438018798828,-0.0003034987603314221,1.4406538009643555
2216,4.120936870574951,0.10292410850524902,0.5006400346755981,1.015508770942688,-0.016455158591270447,1.4380333423614502
2217,4.120920181274414,0.10452552139759064,0.5004100203514099,1.0155503749847412,-0.03811463341116905,1.383232593536377
2218,4.120409965515137,0.10337092727422714,0.502780020236969,1.0158326625823975,0.019610287621617317,1.446067452430725
2219,4.120973587036133,0.10032591223716736,0.49657002091407776,1.0154842138290405,0.025856608524918556,1.3849859237670898
2220,4.1205220222473145,0.10321760922670364,0.49675002694129944,1.0151541233062744,-0.0803198590874672,1.4109094142913818
2221,4.120917797088623,0.10501883924007416,0.5000300407409668,1.0151571035385132,-0.01180732250213623,1.3519349098205566
2222,4.121222972869873,0.10575859993696213,0.5015400052070618,1.0153135061264038,0.029234524816274643,1.4643148183822632
2223,4.120339870452881,0.10395621508359909,0.4972100555896759,1.0150302648544312,0.001569463755004108,1.4156773090362549
2224,4.120730400085449,0.1057853251695633,0.5032600164413452,1.0153611898422241,-0.0026816301979124546,1.4697362184524536
2225,4.120180130004883,0.10601527243852615,0.5002400279045105,1.0153855085372925,0.012628166936337948,1.4412615299224854
2226,4.120478630065918,0.10533778369426727,0.49817001819610596,1.0151996612548828,0.011425540782511234,1.451723337173462
2227,4.120806694030762,0.10375355929136276,0.5000500082969666,1.0152047872543335,-0.005140078719705343,1.4531962871551514
2228,4.1206955909729,0.1051332950592041,0.5013899803161621,1.0153459310531616,-0.014177669771015644,1.4056615829467773
2229,4.121481895446777,0.10686226189136505,0.5007200241088867,1.0154190063476562,-0.03970881924033165,1.473264217376709
2230,4.121046543121338,0.10375668853521347,0.5005800127983093,1.0154780149459839,0.0014834728790447116,1.4486271142959595
2231,4.120202541351318,0.10318093746900558,0.49918001890182495,1.015394687652588,-0.017259804531931877,1.4298501014709473
2232,4.121255874633789,0.10404130071401596,0.4984099864959717,1.0152331590652466,-0.02337806113064289,1.4316434860229492
2233,4.120389938354492,0.10514074563980103,0.5005300641059875,1.0152870416641235,-0.003032822860404849,1.4898581504821777
2234,4.121139049530029,0.10468867421150208,0.49873000383377075,1.0151580572128296,0.021533681079745293,1.4026075601577759
2235,4.119656085968018,0.10197362303733826,0.49980002641677856,1.0151376724243164,0.054161857813596725,1.4209345579147339
2236,4.121060848236084,0.1046501025557518,0.49894002079963684,1.0150301456451416,-0.019079076126217842,1.4284831285476685
2237,4.120194911956787,0.10533886402845383,0.5021700263023376,1.015250325202942,-0.012675452046096325,1.4650911092758179
2238,4.1204833984375,0.10095731914043427,0.49776002764701843,1.015022873878479,-0.023086456581950188,1.4028160572052002
2239,4.119812965393066,0.10425268858671188,0.501960039138794,1.0152218341827393,0.01794644258916378,1.4196795225143433
2240,4.1211395263671875,0.10512278228998184,0.49845001101493835,1.0150644779205322,0.069364532828331,1.4477378129959106
2241,4.120800018310547,0.1041751578450203,0.4978700280189514,1.014848232269287,-0.0032868015114217997,1.378494143486023
2242,4.120763301849365,0.10305381566286087,0.5023300051689148,1.0150847434997559,-0.0075188009068369865,1.420864224433899
2243,4.121078014373779,0.10458157956600189,0.4974500238895416,1.0148259401321411,0.04521331191062927,1.4049785137176514
2244,4.119861602783203,0.10465234518051147,0.4990600049495697,1.0147305727005005,-0.022334210574626923,1.448028326034546
2245,4.121488094329834,0.103645458817482,0.49949002265930176,1.0146788358688354,0.010529781691730022,1.471365213394165
2246,4.1202592849731445,0.10389310866594315,0.4997299909591675,1.0146514177322388,-0.03442280739545822,1.3944686651229858
2247,4.1208176612854,0.10558100044727325,0.4986700117588043,1.0145164728164673,0.0385204553604126,1.4743318557739258
2248,4.120462417602539,0.10423506051301956,0.4979599714279175,1.0143095254898071,0.06345997750759125,1.4332860708236694
2249,4.121387481689453,0.10115037113428116,0.49985000491142273,1.0142942667007446,0.040291473269462585,1.4768413305282593
2250,4.120840549468994,0.10325851291418076,0.497810035943985,1.0140721797943115,-0.0333452932536602,1.4096499681472778
2251,4.121267795562744,0.10225658863782883,0.5005300045013428,1.014125943183899,0.052374567836523056,1.3946384191513062
2252,4.121221542358398,0.10248123109340668,0.497810035943985,1.0139038562774658,-0.048609327524900436,1.4554288387298584
2253,4.120047569274902,0.10115358978509903,0.5005300045013428,1.0139576196670532,-0.02152712270617485,1.4030824899673462
2254,4.121004581451416,0.104395292699337,0.5007299780845642,1.0140316486358643,-0.010389706119894981,1.4627292156219482
2255,4.118824005126953,0.10345112532377243,0.5024400353431702,1.0142791271209717,0.01156244333833456,1.4760204553604126
2256,4.121397018432617,0.10442401468753815,0.49692001938819885,1.0139667987823486,-0.014841360971331596,1.3981291055679321
2257,4.120861530303955,0.10520720481872559,0.5009499788284302,1.0140631198883057,-0.03616384416818619,1.4827197790145874
2258,4.121438503265381,0.10337220877408981,0.5008800029754639,1.0141522884368896,0.05433056876063347,1.4838908910751343
2259,4.12128210067749,0.10254161059856415,0.49744004011154175,1.013892650604248,0.011563099920749664,1.4647623300552368
2260,4.121345043182373,0.10563288629055023,0.5039799809455872,1.0142961740493774,-0.0692254975438118,1.4531874656677246
2261,4.120677947998047,0.10188034921884537,0.49918001890182495,1.014212965965271,-0.013694756664335728,1.4137409925460815
2262,4.120471954345703,0.10228673368692398,0.4995500147342682,1.014167308807373,0.020551545545458794,1.419501543045044
2263,4.121638298034668,0.10356965661048889,0.5001599788665771,1.014183521270752,-0.036618318408727646,1.4595575332641602
2264,4.12117862701416,0.10264340043067932,0.4993300139904022,1.014115571975708,-0.02320357784628868,1.4030921459197998
2265,4.1202545166015625,0.1038375198841095,0.49862003326416016,1.0139756202697754,0.06660100817680359,1.393967628479004
2266,4.120935916900635,0.10411188006401062,0.5027999877929688,1.0142595767974854,0.028223823755979538,1.4297765493392944
2267,4.1203083992004395,0.10260700434446335,0.49904003739356995,1.0141621828079224,-0.0021189928520470858,1.4604880809783936
2268,4.12144660949707,0.10574318468570709,0.4992300271987915,1.0140841007232666,-0.047183968126773834,1.3988099098205566
2269,4.12161922454834,0.10234656184911728,0.5018600225448608,1.014272689819336,-0.07384967803955078,1.4819155931472778
2270,4.121128082275391,0.1044335812330246,0.502720057964325,1.014548659324646,-0.008902296423912048,1.4070138931274414
2271,4.120000839233398,0.10121266543865204,0.4996900260448456,1.0145171880722046,0.013580551370978355,1.4307053089141846
2272,4.121618747711182,0.10221345722675323,0.503040075302124,1.0148255825042725,0.03996335342526436,1.4575574398040771
2273,4.121999740600586,0.10280314087867737,0.501800000667572,1.0150082111358643,-0.024633057415485382,1.4615405797958374
2274,4.120336532592773,0.10164788365364075,0.4987899959087372,1.014885425567627,0.036837730556726456,1.3809294700622559
2275,4.121545791625977,0.10252784937620163,0.4975000321865082,1.014631748199463,-0.045670948922634125,1.3709501028060913
2276,4.120432376861572,0.10301297903060913,0.49729999899864197,1.0143578052520752,-0.05425814166665077,1.4377243518829346
2277,4.1206817626953125,0.10303862392902374,0.49644002318382263,1.0139967203140259,0.008795485831797123,1.4301034212112427
2278,4.120352268218994,0.1020120307803154,0.5016199946403503,1.0141609907150269,-0.007473621517419815,1.3791826963424683
2279,4.120141506195068,0.10273666679859161,0.5028699636459351,1.0144520998001099,-0.008225380443036556,1.4278054237365723
2280,4.1191887855529785,0.1012113094329834,0.4988200068473816,1.0143324136734009,-0.017722370103001595,1.428587555885315
2281,4.119992256164551,0.10161319375038147,0.5016800165176392,1.014502763748169,-0.004924898501485586,1.3789926767349243
2282,4.12100887298584,0.10216609388589859,0.5021800398826599,1.0147240161895752,0.015434361062943935,1.4912468194961548
2283,4.121753215789795,0.10497301816940308,0.49722999334335327,1.0144429206848145,0.005652223713696003,1.4415278434753418
2284,4.120500087738037,0.10350465029478073,0.5020900368690491,1.0146548748016357,-0.002210878534242511,1.4026401042938232
2285,4.120964050292969,0.1016332134604454,0.5002899765968323,1.0146843194961548,-0.025366492569446564,1.3616080284118652
2286,4.121335983276367,0.10025134682655334,0.5006000399589539,1.0147451162338257,0.020077355206012726,1.4590963125228882
2287,4.120812892913818,0.10179842263460159,0.4992600083351135,1.0146700143814087,0.06098271533846855,1.4266507625579834
2288,4.121316432952881,0.10223480314016342,0.5007799863815308,1.0147491693496704,-0.004105095285922289,1.4860999584197998
2289,4.120511531829834,0.10261623561382294,0.5027100443840027,1.015024185180664,0.020098021253943443,1.4599262475967407
2290,4.121450901031494,0.10249673575162888,0.5019700527191162,1.0152242183685303,-0.042904797941446304,1.4482684135437012
2291,4.120076656341553,0.10318498313426971,0.49821001291275024,1.0150425434112549,-0.001167240203358233,1.4592998027801514
2292,4.121081829071045,0.10013964027166367,0.4985400438308716,1.0148943662643433,-0.017441241070628166,1.3745698928833008
2293,4.120645999908447,0.1023794487118721,0.4986100196838379,1.0147533416748047,-0.011230247095227242,1.4516290426254272
2294,4.120737552642822,0.10067678242921829,0.5015100240707397,1.014906644821167,0.005998619366437197,1.4572134017944336
2295,4.11940336227417,0.09930236637592316,0.5005200505256653,1.0149593353271484,0.02168714813888073,1.445632815361023
2296,4.12037467956543,0.10193181037902832,0.5032899975776672,1.0152932405471802,-0.03811187669634819,1.4351747035980225
2297,4.120948791503906,0.10118557512760162,0.49702003598213196,1.0149906873703003,-0.030848529189825058,1.4144831895828247
2298,4.121150970458984,0.10081867128610611,0.4980100393295288,1.0147886276245117,-0.10002686828374863,1.4632515907287598
2299,4.12153959274292,0.10270114988088608,0.4994100034236908,1.0147287845611572,0.025024211034178734,1.4565941095352173
2300,4.121671199798584,0.10113196820020676,0.5032600164413452,1.0150595903396606,0.0012505932245403528,1.46163010597229
2301,4.121267795562744,0.10208308696746826,0.49995002150535583,1.01505446434021,0.015857063233852386,1.4626191854476929
2302,4.120861530303955,0.10169009864330292,0.5012900233268738,1.0151853561401367,0.02474093623459339,1.4552149772644043
2303,4.11998176574707,0.10278808325529099,0.5004799962043762,1.015234112739563,0.039160098880529404,1.489760160446167
2304,4.121157646179199,0.10196688771247864,0.4993000030517578,1.0151630640029907,-0.04951198771595955,1.4456737041473389
2305,4.1208109855651855,0.10140170902013779,0.4995500147342682,1.0151174068450928,0.0037330323830246925,1.4162763357162476
2306,4.120039463043213,0.10094543546438217,0.5023899674415588,1.0153599977493286,-0.01147591881453991,1.4606618881225586
2307,4.120173931121826,0.10177963972091675,0.5011699795722961,1.0154787302017212,-0.05033131688833237,1.451436996459961
2308,4.121677398681641,0.10216252505779266,0.4981899857521057,1.0152949094772339,0.015684260055422783,1.3997251987457275
2309,4.120588779449463,0.10156947374343872,0.4995400011539459,1.01524817943573,-0.036874543875455856,1.4191837310791016
2310,4.120212554931641,0.10268284380435944,0.49994000792503357,1.015242099761963,-0.011213421821594238,1.4531117677688599
2311,4.120591163635254,0.10151668637990952,0.49726998805999756,1.0149649381637573,-0.023069078102707863,1.3521240949630737
2312,4.1198554039001465,0.10258595645427704,0.5009899735450745,1.015065312385559,-0.05166108161211014,1.4428541660308838
2313,4.12037467956543,0.10014709830284119,0.49963003396987915,1.0150277614593506,0.029192030429840088,1.4284402132034302
2314,4.12022590637207,0.10176895558834076,0.4947899878025055,1.0144989490509033,0.04329951852560043,1.4055631160736084
2315,4.120258331298828,0.1051829531788826,0.5011799931526184,1.0146186351776123,0.06226911023259163,1.4509152173995972
2316,4.120805263519287,0.10376747697591782,0.5032399892807007,1.0149474143981934,0.03631570562720299,1.5150537490844727
2317,4.1204328536987305,0.10187078267335892,0.5009700059890747,1.0150458812713623,0.016252465546131134,1.4065611362457275
2318,4.121435165405273,0.10155928134918213,0.4955800175666809,1.0145971775054932,-0.0017711801920086145,1.4394327402114868
2319,4.1211113929748535,0.10172999650239944,0.5018700361251831,1.014786958694458,-0.0074835573323071,1.4064499139785767
2320,4.120272159576416,0.09916377812623978,0.4991900324821472,1.014704704284668,-0.02989477850496769,1.4808669090270996
2321,4.121376991271973,0.10227739065885544,0.5001800060272217,1.0147229433059692,-0.025506513193249702,1.4005770683288574
2322,4.121483325958252,0.10217704623937607,0.4966599941253662,1.0143840312957764,0.019851578399538994,1.4246187210083008
2323,4.1198649406433105,0.10134022682905197,0.5018100142478943,1.0145676136016846,0.06806888431310654,1.410913109779358
2324,4.120980739593506,0.10099554061889648,0.5008100271224976,1.014649748802185,-0.017470985651016235,1.425825595855713
2325,4.120190143585205,0.09930419921875,0.5005599856376648,1.0147066116333008,-0.02026139572262764,1.4341094493865967
2326,4.119597434997559,0.10054091364145279,0.4987799823284149,1.0145827531814575,-0.027299480512738228,1.4333958625793457
2327,4.120839595794678,0.09982211887836456,0.5020599961280823,1.01479172706604,-0.037127960473299026,1.4719228744506836
2328,4.1202521324157715,0.100871741771698,0.5013999938964844,1.014933705329895,0.011271183378994465,1.4656016826629639
2329,4.120767116546631,0.10109806060791016,0.5008900165557861,1.0150240659713745,0.0034548742696642876,1.4180949926376343
2330,4.121502876281738,0.09827550500631332,0.5004900693893433,1.0150737762451172,-0.02460680529475212,1.4110252857208252
2331,4.120117664337158,0.10490494966506958,0.5001400113105774,1.0150879621505737,-0.04172924906015396,1.4408385753631592
2332,4.120067119598389,0.10153237730264664,0.5039699673652649,1.0154908895492554,-0.01912740431725979,1.4569953680038452
2333,4.121547698974609,0.10570752620697021,0.4996599853038788,1.0154564380645752,-0.03313112258911133,1.490113615989685
2334,4.121449947357178,0.10368262976408005,0.5019699931144714,1.015656590461731,0.01463959738612175,1.4275881052017212
2335,4.119835376739502,0.09997153282165527,0.5001100301742554,1.0156676769256592,0.029518457129597664,1.4166918992996216
2336,4.121415138244629,0.10012276470661163,0.5014700293540955,1.0158169269561768,-0.012794194743037224,1.420244812965393
2337,4.120587348937988,0.10097619146108627,0.498989999294281,1.015714406967163,0.06355389207601547,1.4347070455551147
2338,4.120424747467041,0.10115962475538254,0.4999200105667114,1.0157063007354736,-0.009384602308273315,1.470178246498108
2339,4.120725631713867,0.10090726613998413,0.4994700253009796,1.0156525373458862,-0.012528588064014912,1.4239000082015991
2340,4.120361804962158,0.1025427058339119,0.5013300180435181,1.0157876014709473,0.005138389766216278,1.4242697954177856
2341,4.121056079864502,0.09888232499361038,0.4969700276851654,1.0154798030853271,-0.024730980396270752,1.3728740215301514
2342,4.120028972625732,0.099089115858078,0.498199999332428,1.0152970552444458,0.013631901703774929,1.3959200382232666
2343,4.120434284210205,0.100921630859375,0.5005000233650208,1.0153477191925049,-0.0054196943528950214,1.4640140533447266
2344,4.121513366699219,0.10091201961040497,0.5008900165557861,1.0154380798339844,0.0019282036228105426,1.4560737609863281
2345,4.1200079917907715,0.10046103596687317,0.4999000132083893,1.0154279470443726,-0.03572346642613411,1.433714509010315
2346,4.119801044464111,0.09911971539258957,0.49932003021240234,1.0153589248657227,-0.009729603305459023,1.4229217767715454
2347,4.121013164520264,0.10064085572957993,0.4964800179004669,1.0150015354156494,0.026235297322273254,1.436669111251831
2348,4.12059211730957,0.10176649689674377,0.4988900125026703,1.014888882637024,0.031993310898542404,1.3997029066085815
2349,4.120777130126953,0.09826255589723587,0.5005699992179871,1.014946699142456,0.0323714055120945,1.392745018005371
2350,4.120141506195068,0.10025377571582794,0.5023400187492371,1.0151841640472412,-0.014992939308285713,1.465898036956787
2351,4.120474338531494,0.10203135758638382,0.4991700053215027,1.0150998830795288,-0.021715208888053894,1.4439144134521484
2352,4.120767116546631,0.09978791326284409,0.5008600354194641,1.01518714427948,0.004780866205692291,1.4727022647857666
2353,4.121194362640381,0.10040227323770523,0.49869003891944885,1.0150541067123413,-0.03768403083086014,1.4355722665786743
2354,4.119897842407227,0.09855807572603226,0.5014100074768066,1.0151972770690918,0.010220574215054512,1.3685672283172607
2355,4.120082855224609,0.09816893190145493,0.5000700354576111,1.0152044296264648,-0.020626598969101906,1.3787201642990112
2356,4.121184825897217,0.10382098704576492,0.49842000007629395,1.0150439739227295,0.017918413504958153,1.469374179840088
2357,4.119897365570068,0.10052403807640076,0.5009400248527527,1.0151394605636597,0.05996916815638542,1.4662092924118042
2358,4.121106147766113,0.10018651932477951,0.4974300265312195,1.014878511428833,0.006434527691453695,1.4027293920516968
2359,4.120771884918213,0.10065704584121704,0.5009400248527527,1.0149739980697632,0.042541127651929855,1.4015142917633057
2360,4.1205949783325195,0.10239781439304352,0.4992400109767914,1.0148968696594238,0.002431262983009219,1.4882276058197021
2361,4.1197190284729,0.10070879757404327,0.5007200241088867,1.0149699449539185,-0.016511788591742516,1.4056986570358276
2362,4.121275901794434,0.1020604819059372,0.5000300407409668,1.0149729251861572,-0.01810283772647381,1.495313286781311
2363,4.120696067810059,0.09996109455823898,0.5003600120544434,1.0150095224380493,-0.009572813287377357,1.4130232334136963
2364,4.120223045349121,0.09902340173721313,0.5008000135421753,1.0150907039642334,0.02846916764974594,1.4378690719604492
2365,4.120943069458008,0.10099729895591736,0.4985400140285492,1.0149425268173218,0.01227023545652628,1.4061311483383179
2366,4.121209621429443,0.10072138905525208,0.500980019569397,1.0150419473648071,-0.022034963592886925,1.4528100490570068
2367,4.1203460693359375,0.09946711361408234,0.49966999888420105,1.0150084495544434,-0.0030442215502262115,1.4042932987213135
2368,4.12108039855957,0.09930921345949173,0.4999200105667114,1.015000343322754,-0.0567147321999073,1.4167165756225586
2369,4.120150089263916,0.10011543333530426,0.4996800124645233,1.0149677991867065,0.02610486000776291,1.4325729608535767
2370,4.120093822479248,0.09953854233026505,0.498089998960495,1.014773964881897,0.02593492530286312,1.4091092348098755
2371,4.121152877807617,0.09938088059425354,0.49883005023002625,1.0146552324295044,0.052233532071113586,1.4338396787643433
2372,4.121167182922363,0.09919747710227966,0.4993399977684021,1.0145882368087769,0.026719627901911736,1.4293100833892822
2373,4.120848178863525,0.0999799445271492,0.4978000223636627,1.0143650770187378,0.03170287609100342,1.4559011459350586
2374,4.122053146362305,0.09851448237895966,0.5000100135803223,1.0143660306930542,-0.03876330330967903,1.3668919801712036
2375,4.120491981506348,0.09759213775396347,0.49985000491142273,1.0143507719039917,-0.005481640342622995,1.4542405605316162
2376,4.1196770668029785,0.0984741821885109,0.49972003698349,1.0143224000930786,0.03688054904341698,1.3964414596557617
2377,4.120401382446289,0.09875490516424179,0.5010200142860413,1.0144258737564087,0.04697335138916969,1.4536893367767334
2378,4.1210551261901855,0.09990513324737549,0.4994000494480133,1.0143649578094482,-0.013597633689641953,1.402206301689148
2379,4.120587348937988,0.0993945300579071,0.4998900294303894,1.01435387134552,0.028764694929122925,1.4159634113311768
2380,4.119696617126465,0.10124482214450836,0.49929001927375793,1.0142818689346313,-0.03752906993031502,1.469481348991394
2381,4.121428966522217,0.10082399100065231,0.5001299977302551,1.0142951011657715,0.013976948335766792,1.497362494468689
2382,4.1204376220703125,0.10224861651659012,0.49949002265930176,1.0142433643341064,0.01463230885565281,1.4147676229476929
2383,4.12042760848999,0.0994597002863884,0.499500036239624,1.0141927003860474,-0.024581722915172577,1.4621788263320923
2384,4.120414733886719,0.0979207381606102,0.49660003185272217,1.0138479471206665,0.02158898115158081,1.3874282836914062
2385,4.121114730834961,0.10036689043045044,0.5026600360870361,1.0141175985336304,-0.026891309767961502,1.4004793167114258
2386,4.121108531951904,0.09879960864782333,0.49994999170303345,1.0141124725341797,0.030559325590729713,1.4252324104309082
2387,4.120437145233154,0.09890652447938919,0.500480055809021,1.014161229133606,-0.017605958506464958,1.4566731452941895
2388,4.120795249938965,0.09906423091888428,0.501300036907196,1.0142930746078491,0.001746204448863864,1.4131814241409302
2389,4.120362281799316,0.10014696419239044,0.5021400451660156,1.014510154724121,-0.0405968502163887,1.429667353630066
2390,4.1211419105529785,0.0998462662100792,0.503849983215332,1.014900803565979,-0.009422940202057362,1.4657762050628662
2391,4.120404243469238,0.10244835913181305,0.5019099712371826,1.0150946378707886,0.013249795883893967,1.4449363946914673
2392,4.121040344238281,0.09830295294523239,0.5003200173377991,1.0151270627975464,0.02745896950364113,1.477768063545227
2393,4.1219563484191895,0.10041198134422302,0.500290036201477,1.0151565074920654,-0.008845186792314053,1.4199929237365723
2394,4.120878219604492,0.1004333421587944,0.5017499923706055,1.015334129333496,-0.017117317765951157,1.4066753387451172
2395,4.1213250160217285,0.09731954336166382,0.49883002042770386,1.015215277671814,-0.013956185430288315,1.3752299547195435
2396,4.120262622833252,0.10078579187393188,0.49974000453948975,1.0151889324188232,0.037830743938684464,1.4246641397476196
2397,4.120181083679199,0.10077748447656631,0.49959999322891235,1.0151482820510864,0.03944198042154312,1.414774775505066
2398,4.120275497436523,0.09871088713407516,0.4994699954986572,1.015094518661499,-0.03307970240712166,1.4331202507019043
2399,4.121218681335449,0.10109428316354752,0.5016599893569946,1.0152629613876343,0.03930411860346794,1.4830598831176758
2400,4.119853496551514,0.09714189171791077,0.5011399984359741,1.015378713607788,-0.03477253392338753,1.445268988609314
2401,4.121777057647705,0.09916725754737854,0.4996100068092346,1.0153391361236572,0.03455306589603424,1.4216963052749634
2402,4.121419429779053,0.10127955675125122,0.5020400285720825,1.015546202659607,-0.01432226411998272,1.436415195465088
2403,4.120119571685791,0.09888838231563568,0.4998300075531006,1.015528917312622,-0.00756636168807745,1.4671845436096191
2404,4.120621681213379,0.09883450716733932,0.501520037651062,1.0156832933425903,0.011089149862527847,1.4379570484161377
2405,4.120797634124756,0.09873871505260468,0.5001599788665771,1.0156995058059692,0.020175866782665253,1.4296916723251343
2406,4.121736526489258,0.10052838921546936,0.5008500218391418,1.015785813331604,0.02597140334546566,1.4211738109588623
2407,4.119378566741943,0.10003946721553802,0.4992700219154358,1.0157116651535034,0.049963437020778656,1.4237054586410522
2408,4.12037992477417,0.09720778465270996,0.49782001972198486,1.0154902935028076,-0.016155652701854706,1.4047337770462036
2409,4.1213579177856445,0.09914014488458633,0.49722999334335327,1.0152090787887573,0.08826379477977753,1.3775956630706787
2410,4.119523525238037,0.09896504878997803,0.49845004081726074,1.0150517225265503,-0.00011738134344341233,1.42162024974823
2411,4.120692253112793,0.1000559851527214,0.5011799931526184,1.0151715278625488,0.003516735276207328,1.4039403200149536
2412,4.1211395263671875,0.100152388215065,0.4981200098991394,1.014980673789978,0.0413784384727478,1.4124641418457031
2413,4.121782302856445,0.09937889873981476,0.5003600120544434,1.0150172710418701,0.03602153807878494,1.4532300233840942
2414,4.121375560760498,0.10024891793727875,0.4996100068092346,1.0149776935577393,0.06970978528261185,1.4217183589935303
2415,4.120456695556641,0.09851495921611786,0.4999900162220001,1.0149766206741333,-0.01287010870873928,1.4045734405517578
2416,4.121274948120117,0.09841810911893845,0.4977400004863739,1.0147472620010376,-0.01092555932700634,1.3977771997451782
2417,4.120638370513916,0.09959038347005844,0.5009700655937195,1.0148457288742065,0.07103006541728973,1.4179821014404297
2418,4.12064790725708,0.09932422637939453,0.503250002861023,1.015175461769104,0.013401935808360577,1.4508367776870728
2419,4.120150566101074,0.09847624599933624,0.5022000074386597,1.0153988599777222,-0.022711066529154778,1.4102939367294312
2420,4.1208882331848145,0.09920667856931686,0.5006400346755981,1.0154638290405273,0.00943655427545309,1.450256109237671
2421,4.120450496673584,0.09813718497753143,0.4973200261592865,1.015191674232483,0.044177185744047165,1.4603487253189087
2422,4.121181964874268,0.09735265374183655,0.5016100406646729,1.0153552293777466,0.017467079684138298,1.4024662971496582
2423,4.121939182281494,0.09822820872068405,0.4964600205421448,1.014995813369751,0.007208912167698145,1.4434095621109009
2424,4.120562553405762,0.09872524440288544,0.5000100135803223,1.0149967670440674,0.025180859491229057,1.4275130033493042
2425,4.121188163757324,0.09848009049892426,0.49515002965927124,1.0145044326782227,0.0023654771503061056,1.4531947374343872
2426,4.120406627655029,0.09810525923967361,0.5022200345993042,1.014729619026184,-0.005185175221413374,1.45651376247406
2427,4.121142387390137,0.09845905750989914,0.49720004200935364,1.014445424079895,0.02310827374458313,1.4256205558776855
2428,4.1202712059021,0.09951768070459366,0.5023199915885925,1.0146807432174683,0.016582783311605453,1.4191683530807495
2429,4.120988845825195,0.09826412796974182,0.5010200142860413,1.014784336090088,0.02754831127822399,1.4661290645599365
2430,4.120242118835449,0.09974347800016403,0.5006499886512756,1.0148502588272095,0.018660126253962517,1.4466320276260376
2431,4.119473457336426,0.09837151318788528,0.5011300444602966,1.0149649381637573,-0.002967600477859378,1.4615753889083862
2432,4.119621276855469,0.09731565415859222,0.4997100532054901,1.0149354934692383,-0.0261590126901865,1.4280219078063965
2433,4.121340751647949,0.09870372712612152,0.5009300112724304,1.0150299072265625,0.022011784836649895,1.4648990631103516
2434,4.121157646179199,0.09897642582654953,0.4997600317001343,1.0150054693222046,0.011135498061776161,1.3882906436920166
2435,4.121289253234863,0.09720486402511597,0.5011699795722961,1.0151242017745972,-0.019879616796970367,1.4141038656234741
2436,4.12069845199585,0.09980638325214386,0.5025799870491028,1.0153861045837402,0.0592661015689373,1.4463728666305542
2437,4.120081424713135,0.09928809851408005,0.4983700215816498,1.0152205228805542,0.02965317666530609,1.4670134782791138
2438,4.12135124206543,0.09697788953781128,0.49876001477241516,1.0150946378707886,-0.01249784231185913,1.4636096954345703
2439,4.119821548461914,0.09746527671813965,0.4993800222873688,1.0150316953659058,0.03863321244716644,1.4395134449005127
2440,4.119767189025879,0.09836187958717346,0.5017799735069275,1.0152122974395752,0.03327358514070511,1.443151593208313
2441,4.120512962341309,0.09722395986318588,0.4983600080013275,1.0150457620620728,0.031594742089509964,1.450401782989502
2442,4.1204328536987305,0.09640566259622574,0.49768000841140747,1.01481032371521,-0.0582563541829586,1.3883088827133179
2443,4.118640422821045,0.09792234003543854,0.5009099841117859,1.0149025917053223,0.0061736642383039,1.4646698236465454
2444,4.1204657554626465,0.09597519040107727,0.5001100301742554,1.0149136781692505,-0.01742096245288849,1.4470988512039185
2445,4.121953964233398,0.10056927055120468,0.500260055065155,1.0149400234222412,-0.034565653651952744,1.4789408445358276
2446,4.120327949523926,0.09918486326932907,0.49952003359794617,1.014891266822815,-0.0343845933675766,1.450439453125
2447,4.119830131530762,0.09827689826488495,0.5014899969100952,1.0150425434112549,-0.006939982064068317,1.4066886901855469
2448,4.121007919311523,0.09766755998134613,0.5021600127220154,1.0152617692947388,-0.04819394275546074,1.4521598815917969
2449,4.119096755981445,0.09738173335790634,0.5011600255966187,1.015379548072815,0.016237229108810425,1.4710345268249512
2450,4.1199493408203125,0.0966893807053566,0.49876001477241516,1.0152536630630493,0.002067240886390209,1.4650752544403076
2451,4.121262550354004,0.09963773936033249,0.5014699697494507,1.015402913093567,0.07330265641212463,1.4608609676361084
2452,4.120288848876953,0.09757015854120255,0.49925002455711365,1.015326738357544,0.009161005727946758,1.4630125761032104
2453,4.120115756988525,0.09783351421356201,0.49904000759124756,1.0152292251586914,-0.04356518015265465,1.4813512563705444
2454,4.121269702911377,0.0993933379650116,0.49407002329826355,1.01462721824646,-0.02160351350903511,1.4246149063110352
2455,4.1202521324157715,0.0986785814166069,0.4990600347518921,1.0145318508148193,0.006685157772153616,1.3770997524261475
2456,4.121089458465576,0.10050521045923233,0.49911001324653625,1.0144416093826294,0.009487184695899487,1.4231293201446533
2457,4.120561122894287,0.09693104028701782,0.5010899901390076,1.014552116394043,-0.05500036105513573,1.4042412042617798
2458,4.119570255279541,0.09774787724018097,0.4996500313282013,1.0145165920257568,0.0032030106522142887,1.4435194730758667
2459,4.120572090148926,0.09799306094646454,0.5012199878692627,1.0146403312683105,0.05609608069062233,1.468873143196106
2460,4.1199493408203125,0.09682813286781311,0.5010100603103638,1.0147427320480347,-0.0010782338213175535,1.5043514966964722
2461,4.120254039764404,0.09734916687011719,0.49505001306533813,1.0142403841018677,0.03372867405414581,1.4059102535247803
2462,4.120444297790527,0.09825219213962555,0.5006400346755981,1.0143053531646729,-0.025417013093829155,1.5218830108642578
2463,4.120575904846191,0.09904636442661285,0.49897003173828125,1.0142009258270264,-0.03707434609532356,1.4089231491088867
2464,4.1202239990234375,0.09529482573270798,0.5034000277519226,1.0145457983016968,0.020838137716054916,1.392122745513916
2465,4.121932506561279,0.0999973714351654,0.5008100271224976,1.0146279335021973,0.052036937326192856,1.4449944496154785
2466,4.1202473640441895,0.09856384247541428,0.4996400475502014,1.0145914554595947,-0.044193658977746964,1.3863152265548706
2467,4.120499610900879,0.0982586070895195,0.4994499981403351,1.014535665512085,0.015414808876812458,1.4348968267440796
2468,4.120441913604736,0.09658900648355484,0.5009400248527527,1.0146310329437256,-0.04315652698278427,1.4246691465377808
2469,4.120536804199219,0.09775122255086899,0.497730016708374,1.0144007205963135,0.04098350554704666,1.429810881614685
2470,4.120143890380859,0.09827737510204315,0.5027100443840027,1.0146756172180176,0.033446796238422394,1.4528131484985352
2471,4.120924949645996,0.09783414006233215,0.49821001291275024,1.0144939422607422,-0.025838425382971764,1.4065032005310059
2472,4.119459629058838,0.0975838378071785,0.49744004011154175,1.014234185218811,0.031647272408008575,1.4265408515930176
2473,4.121102809906006,0.09880033135414124,0.5001400113105774,1.0142483711242676,0.012633410282433033,1.432253122329712
2474,4.121007919311523,0.09803901612758636,0.4994100034236908,1.014188528060913,-0.03383707255125046,1.405653953552246
2475,4.120855331420898,0.09767070412635803,0.4986400306224823,1.0140506029129028,0.010315824300050735,1.4416157007217407
2476,4.120973110198975,0.10010609030723572,0.4993800222873688,1.0139877796173096,-0.010541163384914398,1.3996471166610718
2477,4.121263027191162,0.10014835000038147,0.5025400519371033,1.0142453908920288,0.041919175535440445,1.459197998046875
2478,4.121244430541992,0.09893137216567993,0.5007100105285645,1.0143173933029175,0.030910534784197807,1.4660305976867676
2479,4.121092796325684,0.09782019257545471,0.500029981136322,1.0143203735351562,-0.017913687974214554,1.4313939809799194
2480,4.119679927825928,0.09612071514129639,0.49987003207206726,1.0143071413040161,0.010680997744202614,1.3495635986328125
2481,4.120955467224121,0.0982099398970604,0.5004100203514099,1.0143487453460693,-0.034403931349515915,1.4513874053955078
2482,4.1208295822143555,0.09872350096702576,0.5012400150299072,1.0144745111465454,-0.006785816513001919,1.4566603899002075
2483,4.12148380279541,0.09908617287874222,0.5016000270843506,1.014636754989624,0.012136842124164104,1.4591574668884277
2484,4.121040344238281,0.09600859880447388,0.4991200268268585,1.0145474672317505,0.0067651476711034775,1.4127105474472046
2485,4.1202569007873535,0.09590467065572739,0.5015900135040283,1.0147087574005127,0.01506754383444786,1.404933214187622
2486,4.120769500732422,0.09752006083726883,0.49731001257896423,1.0144357681274414,-0.028777385130524635,1.4460749626159668
2487,4.1206560134887695,0.09923724830150604,0.4989300072193146,1.0143272876739502,-0.007781526073813438,1.4502686262130737
2488,4.119839668273926,0.09769478440284729,0.5029000043869019,1.0146214962005615,0.054895464330911636,1.4721472263336182
2489,4.120288372039795,0.0958651527762413,0.49800002574920654,1.014418601989746,0.013417210429906845,1.4380879402160645
2490,4.119670391082764,0.09651031345129013,0.5006900429725647,1.0144885778427124,-0.040979351848363876,1.4506280422210693
2491,4.120111465454102,0.0977989062666893,0.501800000667572,1.0146712064743042,0.025821255519986153,1.4529122114181519
2492,4.119990348815918,0.09804904460906982,0.5013399720191956,1.014807105064392,-0.02130972407758236,1.449185848236084
2493,4.120209693908691,0.09722427278757095,0.49942001700401306,1.014748215675354,-0.015942247584462166,1.430140733718872
2494,4.120535850524902,0.09649822860956192,0.49939000606536865,1.0146863460540771,-0.026132943108677864,1.4645135402679443
2495,4.12037992477417,0.0978039801120758,0.5003200173377991,1.014718770980835,-0.02878398634493351,1.3937498331069946
2496,4.119564056396484,0.09816953539848328,0.5007799863815308,1.0147979259490967,-0.008064928464591503,1.4536904096603394
2497,4.120547294616699,0.09871628880500793,0.50027996301651,1.0148262977600098,0.00586314219981432,1.4176452159881592
2498,4.120670795440674,0.09571284055709839,0.5024099946022034,1.015070915222168,0.04102315008640289,1.4282418489456177
2499,4.120401382446289,0.09813033789396286,0.5010799765586853,1.0151805877685547,-0.006594505626708269,1.468219518661499
2500,4.120737552642822,0.09754129499197006,0.4996800124645233,1.0151480436325073,0.012684428133070469,1.42069411277771
2501,4.120664596557617,0.09716109186410904,0.4994300305843353,1.0150902271270752,-0.017033284530043602,1.4071192741394043
2502,4.11941385269165,0.09944614768028259,0.4967799782752991,1.014763355255127,0.015037091448903084,1.4432452917099
2503,4.119870185852051,0.09802567958831787,0.49828001856803894,1.0145888328552246,0.028716137632727623,1.464234471321106
2504,4.120830535888672,0.09593220055103302,0.5008500218391418,1.0146750211715698,-0.08032386004924774,1.4070781469345093
2505,4.1205153465271,0.09873651713132858,0.4995700418949127,1.0146313905715942,-0.05630230903625488,1.3953776359558105
2506,4.1212334632873535,0.09815657883882523,0.49894002079963684,1.0145238637924194,0.008511408232152462,1.4229892492294312
2507,4.121430397033691,0.09742330759763718,0.5,1.0145238637924194,-0.04182663559913635,1.434943675994873
2508,4.12056827545166,0.09577271342277527,0.4995900094509125,1.0144822597503662,-0.035127609968185425,1.4708184003829956
2509,4.120309352874756,0.09511373192071915,0.5002999901771545,1.0145127773284912,-0.010190321132540703,1.4246279001235962
2510,4.120048522949219,0.0969001054763794,0.499099999666214,1.0144214630126953,0.0681588277220726,1.45749831199646
2511,4.120765686035156,0.09574311226606369,0.4995400011539459,1.0143747329711914,-0.0011278333840891719,1.4318329095840454
2512,4.122229099273682,0.09638536721467972,0.4995500147342682,1.0143290758132935,-0.031143834814429283,1.4381804466247559
2513,4.121358394622803,0.09794263541698456,0.5005900263786316,1.014388918876648,-0.036871131509542465,1.3817949295043945
2514,4.120627403259277,0.09479747712612152,0.49765002727508545,1.0141505002975464,-0.0029914360493421555,1.4290655851364136
2515,4.120889663696289,0.095027856528759,0.5006800293922424,1.0142194032669067,0.03905563801527023,1.429871678352356
2516,4.1204142570495605,0.09730345010757446,0.4994699954986572,1.0141656398773193,-0.036120880395174026,1.39954674243927
2517,4.120539665222168,0.09785773605108261,0.5023599863052368,1.0144050121307373,-0.016062714159488678,1.4794344902038574
2518,4.121338367462158,0.09532968699932098,0.5001100301742554,1.0144160985946655,0.031451866030693054,1.4051693677902222
2519,4.121349334716797,0.09574898332357407,0.500819981098175,1.014499306678772,0.017571816220879555,1.473578691482544
2520,4.121239185333252,0.0966322049498558,0.4988600015640259,1.0143836736679077,0.007026823237538338,1.442461609840393
2521,4.121169567108154,0.09700270742177963,0.49810999631881714,1.01419198513031,-0.004160206764936447,1.4468029737472534
2522,4.120511054992676,0.09588116407394409,0.5016099810600281,1.0143553018569946,-0.014454281888902187,1.4412480592727661
2523,4.121822357177734,0.09728416800498962,0.5017500519752502,1.0145328044891357,0.021596776321530342,1.4503483772277832
2524,4.119892120361328,0.09601610898971558,0.5016199946403503,1.0146971940994263,-0.0041479747742414474,1.4751923084259033
2525,4.119819641113281,0.09676813334226608,0.5011600255966187,1.014814853668213,-0.010775905102491379,1.4554297924041748
2526,4.120779991149902,0.0970771536231041,0.49956002831459045,1.014770269393921,-0.01630556955933571,1.4380533695220947
2527,4.121050834655762,0.096821628510952,0.5005300045013428,1.0148241519927979,0.0038937493227422237,1.444247841835022
2528,4.120504856109619,0.09641274809837341,0.5004799962043762,1.0148729085922241,-0.05504249036312103,1.4629162549972534
2529,4.120944976806641,0.09393542259931564,0.500540018081665,1.0149277448654175,-0.05018964782357216,1.4189502000808716
2530,4.120184898376465,0.09514033049345016,0.4949200451374054,1.0144121646881104,-0.029553677886724472,1.4167860746383667
2531,4.120467185974121,0.09638486802577972,0.501259982585907,1.0145399570465088,-0.06931040436029434,1.4615904092788696
2532,4.120311260223389,0.09655541926622391,0.49849000573158264,1.014386773109436,-0.01469143945723772,1.4001213312149048
2533,4.120255947113037,0.09515409171581268,0.5002500414848328,1.0144121646881104,-0.019103161990642548,1.441269874572754
2534,4.120608329772949,0.09586521238088608,0.5037200450897217,1.0147895812988281,-0.0462130606174469,1.4566030502319336
2535,4.121054172515869,0.09657635539770126,0.503089964389801,1.0151031017303467,0.019026456400752068,1.4609003067016602
2536,4.120558261871338,0.09660404175519943,0.5012699961662292,1.015231966972351,0.012677708640694618,1.3891522884368896
2537,4.120119571685791,0.09484297037124634,0.49949002265930176,1.0151801109313965,-0.02738347463309765,1.4551178216934204
2538,4.120476722717285,0.09610972553491592,0.4991599917411804,1.0150948762893677,0.022928038612008095,1.3967037200927734
2539,4.1207475662231445,0.09679733961820602,0.4965900182723999,1.0147486925125122,0.038019392639398575,1.4453147649765015
2540,4.120598316192627,0.09384433180093765,0.49852001667022705,1.0145984888076782,0.018804101273417473,1.427689790725708
2541,4.120168685913086,0.096905916929245,0.4992700219154358,1.0145244598388672,0.011721325106918812,1.4604878425598145
2542,4.120666980743408,0.09753601998090744,0.49751999974250793,1.0142728090286255,-0.01698727160692215,1.4526236057281494
2543,4.120763778686523,0.09560579061508179,0.5002099871635437,1.014294147491455,0.01402109395712614,1.4060431718826294
2544,4.121387004852295,0.09746170789003372,0.5010800361633301,1.0144037008285522,-0.010217071510851383,1.4530997276306152
2545,4.120217800140381,0.09539381414651871,0.5001500248908997,1.0144189596176147,-0.036566171795129776,1.4962078332901
2546,4.121251583099365,0.09712862968444824,0.5013600587844849,1.014556884765625,0.021174347028136253,1.405715823173523
2547,4.119758129119873,0.09620394557714462,0.49726003408432007,1.0142788887023926,-0.027200957760214806,1.3903518915176392
2548,4.120956897735596,0.09321629256010056,0.49918001890182495,1.0141956806182861,0.020578190684318542,1.4620790481567383
2549,4.121150016784668,0.09438187628984451,0.49994003772735596,1.014189600944519,0.04357880726456642,1.3970156908035278
2550,4.11963415145874,0.09612129628658295,0.5015000104904175,1.0143417119979858,0.019588418304920197,1.4276076555252075
2551,4.120102882385254,0.0947224572300911,0.5006499886512756,1.0144076347351074,0.03233392536640167,1.4530094861984253
2552,4.121472358703613,0.09668150544166565,0.5008300542831421,1.0144917964935303,-0.026244577020406723,1.4551206827163696
2553,4.11963415145874,0.09678663313388824,0.5023300647735596,1.0147281885147095,-0.006834265310317278,1.4398685693740845
2554,4.121079444885254,0.09761601686477661,0.5009700059890747,1.0148266553878784,0.036658089607954025,1.4395650625228882
2555,4.121148109436035,0.09583324939012527,0.4988900423049927,1.014714002609253,0.010114818811416626,1.405347228050232
2556,4.12005090713501,0.09661111980676651,0.5022900104522705,1.0149463415145874,-0.001828865148127079,1.472855567932129
2557,4.120139122009277,0.09454403817653656,0.49966001510620117,1.0149118900299072,0.012710659764707088,1.412773609161377
2558,4.120301723480225,0.09476841241121292,0.5008000135421753,1.0149930715560913,-0.06758785992860794,1.4556955099105835
2559,4.120940685272217,0.09824113547801971,0.4983600080013275,1.0148266553878784,-0.02360248565673828,1.4676119089126587
2560,4.119844913482666,0.09555643796920776,0.4980900287628174,1.0146328210830688,-0.008782044053077698,1.4806419610977173
2561,4.120659351348877,0.09511949867010117,0.4989500343799591,1.0145262479782104,0.025880247354507446,1.4410098791122437
2562,4.121127605438232,0.09518832713365555,0.4995899796485901,1.0144846439361572,0.017706727609038353,1.4261729717254639
2563,4.120825290679932,0.09448353201150894,0.49939998984336853,1.0144237279891968,0.013009849935770035,1.3859072923660278
2564,4.120984077453613,0.09622008353471756,0.5003300309181213,1.0144572257995605,-0.061921168118715286,1.440602421760559
2565,4.120474815368652,0.09576752036809921,0.49915000796318054,1.0143710374832153,-0.03502083197236061,1.4106460809707642
2566,4.120286464691162,0.09699613600969315,0.5023300647735596,1.0146074295043945,0.019492922350764275,1.4803040027618408
2567,4.120213985443115,0.09484510123729706,0.49862003326416016,1.014467477798462,0.019861480221152306,1.4530423879623413
2568,4.120761394500732,0.09534110128879547,0.498820036649704,1.014347791671753,-0.02075031027197838,1.3467817306518555
2569,4.121739864349365,0.09600784629583359,0.5004700422286987,1.0143954753875732,-0.019145796075463295,1.434086561203003
2570,4.120189189910889,0.09372862428426743,0.5011799931526184,1.0145151615142822,-0.044209521263837814,1.472113013267517
2571,4.119797706604004,0.09564067423343658,0.49870002269744873,1.014383316040039,-0.04601428657770157,1.4081898927688599
2572,4.120848178863525,0.09900365769863129,0.49893003702163696,1.0142748355865479,0.033780455589294434,1.4537334442138672
2573,4.118978023529053,0.09364865720272064,0.49981001019477844,1.0142555236816406,0.012635738588869572,1.3893046379089355
2574,4.120284080505371,0.09671920537948608,0.5007500052452087,1.014331579208374,0.02350243180990219,1.3915411233901978
2575,4.119872570037842,0.09484216570854187,0.5027499794960022,1.0146105289459229,0.034122295677661896,1.421805739402771
2576,4.120955944061279,0.09517820179462433,0.49696001410484314,1.014302134513855,-0.03566587343811989,1.4157800674438477
2577,4.120904445648193,0.09560267627239227,0.5012000203132629,1.0144238471984863,-0.016645129770040512,1.4930751323699951
2578,4.120012283325195,0.0945962592959404,0.5000800490379333,1.0144319534301758,0.06756488233804703,1.4480957984924316
2579,4.121036529541016,0.09495273232460022,0.5023699998855591,1.0146723985671997,0.00590547127649188,1.3973305225372314
2580,4.120305061340332,0.09507286548614502,0.500540018081665,1.014727234840393,0.13545294106006622,1.4581447839736938
2581,4.120172500610352,0.0925501137971878,0.5034800171852112,1.0150803327560425,-0.011791729368269444,1.423276424407959
2582,4.1203532218933105,0.09553783386945724,0.500700056552887,1.0151513814926147,-0.009512928314507008,1.5112535953521729
2583,4.1204833984375,0.09514842182397842,0.5020999908447266,1.015364646911621,-0.025746170431375504,1.4290814399719238
2584,4.119763374328613,0.09546563029289246,0.4990500211715698,1.0152682065963745,0.004656084347516298,1.4115171432495117
2585,4.121501445770264,0.09682593494653702,0.5010100603103638,1.0153707265853882,-0.022301701828837395,1.4431408643722534
2586,4.121304512023926,0.09523095190525055,0.5026699900627136,1.0156418085098267,0.019418759271502495,1.5048048496246338
2587,4.120676517486572,0.09522456675767899,0.5015800595283508,1.015802264213562,-0.023505832999944687,1.411677360534668
2588,4.120657920837402,0.0955614447593689,0.5018800497055054,1.0159932374954224,-0.013795406557619572,1.4378055334091187
2589,4.121403217315674,0.09464836120605469,0.49959999322891235,1.0159525871276855,0.03591875731945038,1.447940468788147
2590,4.120640277862549,0.09284104406833649,0.500290036201477,1.0159820318222046,-0.004338063765317202,1.4567852020263672
2591,4.119801998138428,0.09496542066335678,0.4958999752998352,1.0155655145645142,0.025821520015597343,1.4571062326431274
2592,4.120913028717041,0.09418526291847229,0.5026100277900696,1.0158305168151855,-0.037357162684202194,1.4695435762405396
2593,4.120030403137207,0.09611204266548157,0.5031499862670898,1.0161504745483398,-0.013719196431338787,1.4430115222930908
2594,4.119137287139893,0.09465724974870682,0.5008299946784973,1.0162347555160522,0.02502480335533619,1.455352783203125
2595,4.120145320892334,0.09529955685138702,0.4967600405216217,1.015905499458313,-0.0011402368545532227,1.4438252449035645
2596,4.120290756225586,0.09485979378223419,0.4978800117969513,1.0156900882720947,-0.006650678347796202,1.4239616394042969
2597,4.119179725646973,0.09495464712381363,0.502560019493103,1.0159502029418945,0.03517020493745804,1.4468863010406494
2598,4.121593475341797,0.09489363431930542,0.5005699992179871,1.0160081386566162,-0.03106730803847313,1.441255807876587
2599,4.119491100311279,0.09286502003669739,0.49887001514434814,1.0158933401107788,-0.0022025604266673326,1.4830493927001953
2600,4.120200157165527,0.09516981989145279,0.5019800066947937,1.016094446182251,0.00016283990407828242,1.4717328548431396
2601,4.120824337005615,0.09504704922437668,0.49981001019477844,1.0160751342773438,-0.04779945686459541,1.4444351196289062
2602,4.120711803436279,0.09547221660614014,0.4986100196838379,1.015933871269226,-0.018031978979706764,1.471702218055725
2603,4.1207146644592285,0.09411659836769104,0.49908003211021423,1.0158404111862183,0.1063811406493187,1.4122459888458252
2604,4.120633602142334,0.09651633352041245,0.49988001585006714,1.015828251838684,0.04360175132751465,1.414201259613037
2605,4.120567798614502,0.0940968245267868,0.49695003032684326,1.0155184268951416,-0.008832646533846855,1.4505795240402222
2606,4.120997905731201,0.09479320049285889,0.4996200203895569,1.0154798030853271,0.020298771560192108,1.4820053577423096
2607,4.121092319488525,0.09573111683130264,0.5005600452423096,1.0155366659164429,-0.06941469758749008,1.4242018461227417
2608,4.120177268981934,0.09461149573326111,0.500190019607544,1.0155558586120605,-0.039823755621910095,1.4701545238494873
2609,4.1207051277160645,0.09395772218704224,0.4985700249671936,1.0154106616973877,0.022510187700390816,1.4013092517852783
2610,4.120703220367432,0.09467332065105438,0.49733003973960876,1.0151394605636597,-0.007280179299414158,1.4380277395248413
2611,4.121269226074219,0.09248410165309906,0.49820002913475037,1.0149567127227783,0.038410674780607224,1.4085217714309692
2612,4.120055198669434,0.09462854266166687,0.5012000203132629,1.0150785446166992,2.1402360289357603e-05,1.4470329284667969
2613,4.1204833984375,0.09195540100336075,0.5016700029373169,1.0152480602264404,-0.034639935940504074,1.4426854848861694
2614,4.119833469390869,0.09536828845739365,0.4985300302505493,1.0150988101959229,0.010805045254528522,1.4310550689697266
2615,4.120729446411133,0.09486745297908783,0.5025400519371033,1.0153566598892212,0.046853821724653244,1.4279299974441528
2616,4.120984077453613,0.09569599479436874,0.49771004915237427,1.0151240825653076,0.026202009990811348,1.3819160461425781
2617,4.120143890380859,0.09386992454528809,0.50149005651474,1.0152753591537476,-0.014418501406908035,1.4712554216384888
2618,4.120771884918213,0.09522724151611328,0.5006300210952759,1.0153392553329468,-0.008972041308879852,1.4317470788955688
2619,4.120467185974121,0.0964166447520256,0.49772003293037415,1.0151077508926392,-0.011738037690520287,1.4317282438278198
2620,4.120555400848389,0.09267279505729675,0.49928003549575806,1.0150346755981445,-0.01924874447286129,1.4691616296768188
2621,4.120504856109619,0.09312915056943893,0.49991002678871155,1.0150254964828491,-0.015090500004589558,1.4430474042892456
2622,4.120534896850586,0.09379713982343674,0.5020899772644043,1.01523756980896,0.0261647067964077,1.3972668647766113
2623,4.120426654815674,0.09442473948001862,0.5021399855613708,1.0154547691345215,-0.011688188649713993,1.4774296283721924
2624,4.120820999145508,0.09354551136493683,0.5026400089263916,1.0157228708267212,0.024582501500844955,1.4109548330307007
2625,4.120175838470459,0.09427937865257263,0.5010100603103638,1.0158253908157349,0.020679615437984467,1.4095078706741333
2626,4.120065689086914,0.0951857715845108,0.5021900534629822,1.0160478353500366,-0.005098132882267237,1.4204436540603638
2627,4.120309829711914,0.09414130449295044,0.5000700354576111,1.0160549879074097,-0.01085191871970892,1.4106024503707886
2628,4.120950698852539,0.09162511676549911,0.4992400109767914,1.0159777402877808,-0.008286413736641407,1.4348646402359009
2629,4.120487689971924,0.09646997600793839,0.4962400496006012,1.01559579372406,0.011867031455039978,1.4799917936325073
2630,4.120159149169922,0.09332074970006943,0.5018800497055054,1.0157867670059204,0.07517274469137192,1.4802179336547852
2631,4.120140552520752,0.09266209602355957,0.49804002046585083,1.0155876874923706,-0.026424972340464592,1.4234192371368408
2632,4.120375633239746,0.09434692561626434,0.5025700330734253,1.0158487558364868,-0.026691854000091553,1.4208160638809204
2633,4.119538307189941,0.09372328221797943,0.4996100068092346,1.015809178352356,0.04292390123009682,1.3941012620925903
2634,4.120258808135986,0.09465707093477249,0.49827003479003906,1.015633463859558,0.05691022798418999,1.4405080080032349
2635,4.119751453399658,0.09435363113880157,0.4997299909591675,1.0156060457229614,-0.013349206186830997,1.41316819190979
2636,4.119590759277344,0.09145589917898178,0.4974200129508972,1.0153440237045288,-0.052774835377931595,1.4785373210906982
2637,4.121423244476318,0.09304871410131454,0.5016700029373169,1.01551353931427,-0.026094013825058937,1.3978468179702759
2638,4.121601581573486,0.09331624209880829,0.49633005261421204,1.0151408910751343,0.019214367493987083,1.4860455989837646
2639,4.12125301361084,0.09414121508598328,0.49966999888420105,1.0151073932647705,-0.04099764674901962,1.3999886512756348
2640,4.119800567626953,0.09447220712900162,0.49830004572868347,1.014934778213501,-0.032204896211624146,1.4595404863357544
2641,4.120660781860352,0.0952550619840622,0.5000900030136108,1.0149439573287964,-0.011537478305399418,1.4853317737579346
2642,4.120607376098633,0.09459784626960754,0.501479983329773,1.01509428024292,-0.011663496494293213,1.4345219135284424
2643,4.120336532592773,0.09523458033800125,0.5015700459480286,1.0152536630630493,-0.016045724973082542,1.4653903245925903
2644,4.120757102966309,0.09320428222417831,0.5001500248908997,1.0152689218521118,0.0022345029283314943,1.4441182613372803
2645,4.1199259757995605,0.09455199539661407,0.4977100193500519,1.0150364637374878,-0.0005633411929011345,1.470454216003418
2646,4.121637344360352,0.09348034113645554,0.5013700127601624,1.015175461769104,0.03933536633849144,1.4664976596832275
2647,4.120571136474609,0.09418521821498871,0.49903005361557007,1.015076994895935,0.04740069806575775,1.4722275733947754
2648,4.1202921867370605,0.09193433076143265,0.49703001976013184,1.0147755146026611,0.018003692850470543,1.3948476314544678
2649,4.120421886444092,0.093337282538414,0.49966999888420105,1.0147420167922974,-0.022325774654746056,1.4364427328109741
2650,4.120163917541504,0.09418606013059616,0.4990899860858917,1.0146496295928955,0.008675681427121162,1.4225842952728271
2651,4.120458602905273,0.09234162420034409,0.5026900172233582,1.0149224996566772,-0.007276277523487806,1.4800050258636475
2652,4.1208672523498535,0.09272173792123795,0.4983900189399719,1.0147590637207031,0.037232011556625366,1.4112434387207031
2653,4.119848251342773,0.09217404574155807,0.4995700418949127,1.0147154331207275,-0.03549070656299591,1.4572256803512573
2654,4.120382785797119,0.09375344216823578,0.4985300302505493,1.0145663022994995,-0.00720025273039937,1.453107476234436
2655,4.120337963104248,0.09245291352272034,0.5001500248908997,1.014581561088562,0.025507226586341858,1.43155038356781
2656,4.119834899902344,0.09192391484975815,0.49803003668785095,1.0143816471099854,-0.03278304263949394,1.3663676977157593
2657,4.120418548583984,0.09652972966432571,0.498740017414093,1.014253854751587,0.025314927101135254,1.4877266883850098
2658,4.120879173278809,0.09271909296512604,0.5020599961280823,1.0144628286361694,-0.0628843754529953,1.4195873737335205
2659,4.121203899383545,0.09396853297948837,0.4999600350856781,1.0144587755203247,-0.0032766018994152546,1.3619861602783203
2660,4.120459079742432,0.09379176050424576,0.5003499984741211,1.0144942998886108,0.028850900009274483,1.3994542360305786
2661,4.120991230010986,0.09374019503593445,0.4994100034236908,1.0144344568252563,-0.018193891271948814,1.458511471748352
2662,4.119478225708008,0.09387998282909393,0.49907001852989197,1.0143401622772217,-0.005355379544198513,1.4255937337875366
2663,4.120619297027588,0.09430911391973495,0.4991900324821472,1.0142580270767212,0.014335707761347294,1.4477068185806274
2664,4.1201887130737305,0.09609486162662506,0.5029100179672241,1.014553189277649,-0.0369725227355957,1.4026906490325928
2665,4.1206231117248535,0.09307844191789627,0.4998900294303894,1.0145421028137207,0.027706502005457878,1.439523696899414
2666,4.119640827178955,0.09085403382778168,0.49973002076148987,1.014514684677124,0.028798766434192657,1.479547142982483
2667,4.120946884155273,0.09565672278404236,0.497050017118454,1.0142154693603516,-0.01871832087635994,1.3911153078079224
2668,4.120612144470215,0.09351672232151031,0.5004500150680542,1.0142611265182495,-0.0015498772263526917,1.459301471710205
2669,4.120015621185303,0.09202875196933746,0.49862003326416016,1.014121174812317,0.03538559749722481,1.3758774995803833
2670,4.120906352996826,0.09400121122598648,0.5021600127220154,1.0143402814865112,-0.04077799618244171,1.4237266778945923
2671,4.120168685913086,0.09261524677276611,0.4994800090789795,1.0142875909805298,0.007266184780746698,1.4727815389633179
2672,4.121244430541992,0.09355010092258453,0.5005300045013428,1.0143413543701172,-0.02233574353158474,1.4869221448898315
2673,4.12074613571167,0.09314128011465073,0.5004200339317322,1.0143839120864868,-0.041358210146427155,1.451334834098816
2674,4.121005535125732,0.09381242096424103,0.4990500211715698,1.0142875909805298,-0.01852811500430107,1.40668785572052
2675,4.120681285858154,0.09346377104520798,0.4979400336742401,1.0140786170959473,0.0182943195104599,1.4381306171417236
2676,4.12039041519165,0.09368035942316055,0.502560019493103,1.0143382549285889,-0.016197623685002327,1.4538995027542114
2677,4.120076656341553,0.09220420569181442,0.49900999665260315,1.014237880706787,0.04037252441048622,1.35942804813385
2678,4.120493412017822,0.09353060275316238,0.5028800368309021,1.0145299434661865,-0.00870375894010067,1.4588721990585327
2679,4.120754718780518,0.09187725186347961,0.5008400678634644,1.0146151781082153,-0.03859788924455643,1.425850510597229
2680,4.120453834533691,0.09298831969499588,0.49800002574920654,1.0144122838974,-0.036265984177589417,1.4465456008911133
2681,4.120759010314941,0.09282893687486649,0.5003500580787659,1.014447808265686,0.034109994769096375,1.4304640293121338
2682,4.1211042404174805,0.0943295806646347,0.5008000135421753,1.0145289897918701,0.04255162924528122,1.4205571413040161
2683,4.120932102203369,0.09398164600133896,0.4975999891757965,1.0142854452133179,-0.019731484353542328,1.4533060789108276
2684,4.120069980621338,0.09100629389286041,0.5,1.0142854452133179,0.04689634218811989,1.458078145980835
2685,4.120031833648682,0.09232772886753082,0.5025700330734253,1.0145461559295654,-0.05307411402463913,1.5004937648773193
2686,4.120264530181885,0.09331991523504257,0.5029600262641907,1.0148464441299438,-0.024757355451583862,1.4724088907241821
2687,4.1207990646362305,0.09250304102897644,0.4993400275707245,1.0147794485092163,-0.020498551428318024,1.4344115257263184
2688,4.11970329284668,0.09560353308916092,0.5020000338554382,1.0149824619293213,-0.04113238304853439,1.4632620811462402
2689,4.120867729187012,0.09264098852872849,0.4995400309562683,1.0149357318878174,-0.053780362010002136,1.4390946626663208
2690,4.120794773101807,0.09045533090829849,0.4971400201320648,1.0146454572677612,-0.024861544370651245,1.4643244743347168
2691,4.119617938995361,0.09414670616388321,0.5017500519752502,1.0148229598999023,-0.05681366100907326,1.431436538696289
2692,4.120983600616455,0.09249002486467361,0.4984300136566162,1.014663577079773,0.04429871588945389,1.451729655265808
2693,4.120729446411133,0.09364934265613556,0.5,1.014663577079773,0.049944713711738586,1.429613709449768
2694,4.121115207672119,0.0946233719587326,0.5004400014877319,1.014708161354065,0.014520680531859398,1.4587867259979248
2695,4.119916915893555,0.09128502011299133,0.4989199936389923,1.0145986080169678,0.03017132729291916,1.429221510887146
2696,4.119513988494873,0.09185289591550827,0.5016599893569946,1.0147669315338135,-0.02817164920270443,1.4303900003433228
2697,4.120593547821045,0.09427250921726227,0.5015100240707397,1.0149202346801758,0.013302771374583244,1.4133449792861938
2698,4.120421409606934,0.09137455374002457,0.5046300292015076,1.015390157699585,-0.004490863997489214,1.4812883138656616
2699,4.121546745300293,0.09424318373203278,0.4997800290584564,1.015367865562439,-0.022984646260738373,1.4544062614440918
2700,4.120785236358643,0.0903104841709137,0.49879002571105957,1.015244960784912,-0.012039173394441605,1.3941737413406372
2701,4.120614528656006,0.09485398232936859,0.49818000197410583,1.0150601863861084,0.002625817432999611,1.3749581575393677
2702,4.119638919830322,0.09443692117929459,0.5010400414466858,1.0151656866073608,-0.004020397551357746,1.4331772327423096
2703,4.120335102081299,0.09121614694595337,0.49901002645492554,1.0150651931762695,-0.047210823744535446,1.3820264339447021
2704,4.119409084320068,0.09199974685907364,0.5012400150299072,1.0151910781860352,-0.003806437598541379,1.4514589309692383
2705,4.1205735206604,0.09193214774131775,0.49870002269744873,1.0150591135025024,-0.056952401995658875,1.4992411136627197
2706,4.120661735534668,0.09441918134689331,0.5018100142478943,1.0152428150177002,0.019981153309345245,1.477582335472107
2707,4.120290756225586,0.09120123088359833,0.5006200075149536,1.015305757522583,0.017395269125699997,1.4063769578933716
2708,4.119905471801758,0.09161457419395447,0.4973600506782532,1.0150377750396729,-0.0171203650534153,1.4176918268203735
2709,4.119955062866211,0.09190554916858673,0.5038000345230103,1.0154235363006592,0.011766416020691395,1.390756607055664
2710,4.120785236358643,0.09254015237092972,0.4993800222873688,1.0153605937957764,0.018126100301742554,1.4975612163543701
2711,4.120744228363037,0.0921856015920639,0.5010700225830078,1.0154693126678467,0.02281566709280014,1.4406987428665161
2712,4.120729923248291,0.09193247556686401,0.5006999969482422,1.015540361404419,-0.025256967172026634,1.4276188611984253
2713,4.120048522949219,0.08929359167814255,0.4974200129508972,1.0152783393859863,-0.024361660704016685,1.3937252759933472
2714,4.121372222900391,0.09416117519140244,0.5002400279045105,1.0153026580810547,-0.02565019764006138,1.491571068763733
2715,4.1202216148376465,0.09164146333932877,0.4990899860858917,1.0152102708816528,-0.026998253539204597,1.4119714498519897
2716,4.1214423179626465,0.08784269541501999,0.49863001704216003,1.0150712728500366,0.007509866263717413,1.4725842475891113
2717,4.120785236358643,0.08988198637962341,0.4983300268650055,1.0149017572402954,-0.00497567281126976,1.4228230714797974
2718,4.120046615600586,0.09113718569278717,0.4999200105667114,1.014893651008606,0.05623350292444229,1.4855291843414307
2719,4.120327472686768,0.09077340364456177,0.49824002385139465,1.0147150754928589,0.020677020773291588,1.4859356880187988
2720,4.120065689086914,0.09337503463029861,0.4988400340080261,1.0145974159240723,0.05122212693095207,1.4068220853805542
2721,4.120008945465088,0.09213085472583771,0.5001299977302551,1.0146106481552124,-0.010632254183292389,1.3936512470245361
2722,4.120761394500732,0.09318769723176956,0.4996899962425232,1.014579176902771,0.011849814094603062,1.4370226860046387
2723,4.119545936584473,0.09104141592979431,0.5006400346755981,1.0146441459655762,0.032433733344078064,1.4763312339782715
2724,4.120614051818848,0.09165170788764954,0.5001400113105774,1.0146583318710327,-0.024502547457814217,1.4891183376312256
2725,4.120409965515137,0.0906171128153801,0.5006800293922424,1.014727234840393,0.015310379676520824,1.3955745697021484
2726,4.121379852294922,0.09182752668857574,0.49974003434181213,1.0147008895874023,-0.05047859251499176,1.4141913652420044
2727,4.120105266571045,0.09051613509654999,0.4969800114631653,1.0143944025039673,0.018731800839304924,1.4061899185180664
2728,4.119923114776611,0.09160265326499939,0.5019700527191162,1.014594316482544,-0.00513725308701396,1.4134342670440674
2729,4.121530532836914,0.09065748751163483,0.49713000655174255,1.0143030881881714,0.024596601724624634,1.4041742086410522
2730,4.120638847351074,0.09139510989189148,0.49758005142211914,1.0140576362609863,-0.03402959927916527,1.4249247312545776
2731,4.121293544769287,0.09201717376708984,0.5008500218391418,1.0141438245773315,-0.015743156895041466,1.469517707824707
2732,4.1199116706848145,0.09133349359035492,0.49966001510620117,1.0141093730926514,-0.08625607192516327,1.4560871124267578
2733,4.120482444763184,0.09192398190498352,0.5007799863815308,1.0141884088516235,-0.07323621213436127,1.4328850507736206
2734,4.1203389167785645,0.09620911628007889,0.5023400187492371,1.0144257545471191,0.06540152430534363,1.4071601629257202
2735,4.120166301727295,0.09084831178188324,0.4992000460624695,1.014344573020935,-0.02663370594382286,1.4133692979812622
2736,4.1202545166015625,0.09120350331068039,0.5013299584388733,1.0144795179367065,0.01300027221441269,1.4860385656356812
2737,4.120538711547852,0.09333234280347824,0.5002800226211548,1.0145078897476196,-0.0411255843937397,1.443526268005371
2738,4.121126651763916,0.09141508489847183,0.5009099841117859,1.014600157737732,0.013234940357506275,1.471149206161499
2739,4.120981693267822,0.09390946477651596,0.5006300210952759,1.0146640539169312,0.016369229182600975,1.4639174938201904
2740,4.120828628540039,0.09125754982233047,0.49849000573158264,1.0145108699798584,-0.016423895955085754,1.4138020277023315
2741,4.120113372802734,0.09081272035837173,0.4970700442790985,1.0142135620117188,-0.035104356706142426,1.4425033330917358
2742,4.11948299407959,0.08908946812152863,0.5006700158119202,1.0142815113067627,-0.011511656455695629,1.4550849199295044
2743,4.120992660522461,0.0936862975358963,0.5002700090408325,1.0143088102340698,0.08250804245471954,1.479644536972046
2744,4.1205830574035645,0.09203897416591644,0.49966999888420105,1.014275312423706,0.04210897907614708,1.43398118019104
2745,4.120038032531738,0.08874330669641495,0.501300036907196,1.0144072771072388,0.025985047221183777,1.464028000831604
2746,4.120358943939209,0.09017039835453033,0.50027996301651,1.0144356489181519,-0.02531556785106659,1.4476500749588013
2747,4.119368553161621,0.08970088511705399,0.5005200505256653,1.0144883394241333,0.022942932322621346,1.4246083498001099
2748,4.119591236114502,0.09013018012046814,0.5001599788665771,1.0145045518875122,0.04642302915453911,1.4570947885513306
2749,4.119476318359375,0.0897001177072525,0.4983200430870056,1.0143340826034546,0.018817869946360588,1.4424149990081787
2750,4.119599342346191,0.09185987710952759,0.499889999628067,1.0143229961395264,0.0276400838047266,1.4095001220703125
2751,4.119969367980957,0.09068065881729126,0.4980299770832062,1.0141232013702393,0.029968099668622017,1.3973671197891235
2752,4.119955539703369,0.09214407950639725,0.4984299838542938,1.0139639377593994,0.034268297255039215,1.4131742715835571
2753,4.119462490081787,0.09027476608753204,0.5010199546813965,1.0140674114227295,0.016242699697613716,1.4193013906478882
2754,4.121007919311523,0.09355102479457855,0.5004200339317322,1.0141099691390991,-0.0071157533675432205,1.4553768634796143
2755,4.121020793914795,0.09007636457681656,0.49449002742767334,1.0135512351989746,-0.002413059351965785,1.388505220413208
2756,4.120285987854004,0.08935094624757767,0.49891000986099243,1.013440728187561,-0.003159095998853445,1.3820608854293823
2757,4.120456218719482,0.09173716604709625,0.5016199946403503,1.0136048793792725,-0.006754104048013687,1.4203115701675415
2758,4.120586395263672,0.09068435430526733,0.5024200081825256,1.013850212097168,0.009524514898657799,1.432291030883789
2759,4.120111465454102,0.091727115213871,0.5010900497436523,1.0139607191085815,0.041596416383981705,1.4119256734848022
2760,4.120975494384766,0.09509354829788208,0.5010499954223633,1.0140671730041504,-0.015725592151284218,1.4224762916564941
2761,4.1201982498168945,0.09329831600189209,0.49939003586769104,1.0140053033828735,0.023530689999461174,1.450608491897583
2762,4.120096206665039,0.09101592749357224,0.4999299943447113,1.01399827003479,-0.03907427936792374,1.4910173416137695
2763,4.119431018829346,0.09062843024730682,0.49946001172065735,1.0139435529708862,-0.06241440400481224,1.4401055574417114
2764,4.11883544921875,0.08958549797534943,0.49918001890182495,1.0138603448867798,-0.013191042467951775,1.4961328506469727
2765,4.120275020599365,0.0922641009092331,0.5001200437545776,1.013872504234314,0.016571952030062675,1.4643574953079224
2766,4.1197052001953125,0.09095649421215057,0.5005500316619873,1.0139281749725342,-0.008874466642737389,1.4145985841751099
2767,4.1202263832092285,0.09314297139644623,0.49987003207206726,1.013914942741394,-0.0006735306233167648,1.4716143608093262
2768,4.120114803314209,0.08914156258106232,0.5029000043869019,1.0142090320587158,-0.031071165576577187,1.4482178688049316
2769,4.120121955871582,0.09072013199329376,0.5003399848937988,1.014243483543396,-0.002737535862252116,1.4277706146240234
2770,4.12056303024292,0.09132252633571625,0.5012800097465515,1.0143733024597168,-0.026709649711847305,1.4665395021438599
2771,4.120471000671387,0.09175151586532593,0.4973600208759308,1.0141055583953857,-0.028651027008891106,1.4350727796554565
2772,4.1208415031433105,0.09145831316709518,0.501960039138794,1.014304280281067,0.034786857664585114,1.436504602432251
2773,4.120904922485352,0.09069233387708664,0.4969800114631653,1.0139979124069214,-0.020176317542791367,1.4067107439041138
2774,4.120919227600098,0.0894419327378273,0.4967299997806549,1.0136663913726807,-0.01502466481178999,1.4224458932876587
2775,4.120636940002441,0.08960020542144775,0.49772003293037415,1.0134352445602417,0.03725316748023033,1.422347903251648
2776,4.119659423828125,0.09138328582048416,0.4974699914455414,1.013178825378418,-0.020774295553565025,1.3820899724960327
2777,4.119600772857666,0.0908254012465477,0.49898001551628113,1.0130754709243774,-0.003876826958730817,1.4189149141311646
2778,4.121310234069824,0.09161841869354248,0.49963003396987915,1.013037919998169,-0.046617988497018814,1.4300425052642822
2779,4.120145320892334,0.0939650759100914,0.5065500140190125,1.0137015581130981,-0.015347178094089031,1.4161075353622437
2780,4.120512962341309,0.09245581179857254,0.49988001585006714,1.013689398765564,-0.057042285799980164,1.4396483898162842
2781,4.120337963104248,0.09136615693569183,0.5013900399208069,1.013830304145813,0.0004359316953923553,1.442821979522705
2782,4.120519638061523,0.08790172636508942,0.49862998723983765,1.0136914253234863,0.016532322391867638,1.4290897846221924
2783,4.120234966278076,0.09000662714242935,0.49897000193595886,1.0135869979858398,0.025038383901119232,1.4449540376663208
2784,4.120501518249512,0.09053747355937958,0.5014400482177734,1.01373291015625,-0.029628640040755272,1.4329959154129028
2785,4.120368480682373,0.0891253873705864,0.4989199936389923,1.0136234760284424,0.018554721027612686,1.4109807014465332
2786,4.120782852172852,0.09192207455635071,0.50204998254776,1.0138312578201294,-0.027123764157295227,1.4110478162765503
2787,4.119621753692627,0.09149117022752762,0.5022799968719482,1.0140624046325684,0.0018663350492715836,1.4007898569107056
2788,4.120294570922852,0.09023623913526535,0.49908003211021423,1.01396906375885,0.014110838063061237,1.3938614130020142
2789,4.120318412780762,0.09023842960596085,0.4985400140285492,1.013821005821228,0.03644989803433418,1.4067238569259644
2790,4.11959981918335,0.09237071126699448,0.4991900324821472,1.0137388706207275,-0.06172511726617813,1.3910490274429321
2791,4.120028495788574,0.08991368860006332,0.5014200210571289,1.0138827562332153,-0.029491648077964783,1.4308178424835205
2792,4.1207499504089355,0.08927416056394577,0.5001200437545776,1.0138949155807495,0.0261883195489645,1.3489830493927002
2793,4.121147632598877,0.09020816534757614,0.5013999938964844,1.014036774635315,0.03584546968340874,1.3999720811843872
2794,4.119654178619385,0.09211897850036621,0.501230001449585,1.014161467552185,-0.014437378384172916,1.3873647451400757
2795,4.1204633712768555,0.08990204334259033,0.5009400248527527,1.0142568349838257,-0.021394893527030945,1.4561165571212769
2796,4.119744300842285,0.0901607796549797,0.49709004163742065,1.013961672782898,-0.012802261859178543,1.4354270696640015
2797,4.1202192306518555,0.09098943322896957,0.5025200247764587,1.0142172574996948,0.03400769084692001,1.4688106775283813
2798,4.120833396911621,0.09064720571041107,0.4985300302505493,1.0140681266784668,0.005183317232877016,1.4407776594161987
2799,4.120713233947754,0.090718574821949,0.5012500286102295,1.0141949653625488,0.0036147243808954954,1.4653106927871704
2800,4.12033224105835,0.0901409462094307,0.4987500309944153,1.0140682458877563,0.04240407794713974,1.4562410116195679
2801,4.119686126708984,0.08949515968561172,0.5018500089645386,1.0142558813095093,0.025822056457400322,1.4006017446517944
2802,4.119882583618164,0.08983097225427628,0.4984400272369385,1.0140976905822754,-0.00971275381743908,1.4628103971481323
2803,4.119926929473877,0.09132798761129379,0.5021000504493713,1.0143107175827026,-0.0013441105838865042,1.4659671783447266
2804,4.120029449462891,0.09037016332149506,0.49946004152297974,1.0142560005187988,-0.01391723845154047,1.4832481145858765
2805,4.120070934295654,0.09142831712961197,0.49987003207206726,1.0142427682876587,-0.04218779131770134,1.469144582748413
2806,4.120749473571777,0.09083788841962814,0.49956002831459045,1.0141981840133667,0.024918625131249428,1.4078376293182373
2807,4.1200032234191895,0.08970976620912552,0.5006700158119202,1.0142661333084106,0.027367185801267624,1.48656165599823
2808,4.120696544647217,0.0931190624833107,0.5002700686454773,1.0142934322357178,0.025505108758807182,1.4711543321609497
2809,4.120255947113037,0.09086080640554428,0.5009099841117859,1.01438570022583,0.039242520928382874,1.4481759071350098
2810,4.121283531188965,0.09188537299633026,0.4993800222873688,1.0143228769302368,0.02139749564230442,1.4631433486938477
2811,4.120068550109863,0.08900929987430573,0.5015300512313843,1.014478087425232,0.047695063054561615,1.393932580947876
2812,4.120785713195801,0.08932475745677948,0.4988600015640259,1.0143624544143677,-0.0019552833400666714,1.3792587518692017
2813,4.1198625564575195,0.09018131345510483,0.49985000491142273,1.0143471956253052,-0.0056848106905817986,1.3991725444793701
2814,4.119771957397461,0.08903858065605164,0.4984700679779053,1.01419198513031,-0.009083010256290436,1.4180707931518555
2815,4.120234489440918,0.09074179083108902,0.49859002232551575,1.0140489339828491,0.06242387741804123,1.4607844352722168
2816,4.1203107833862305,0.08991067856550217,0.4988499879837036,1.0139323472976685,-0.021166224032640457,1.399867296218872
2817,4.120344638824463,0.0913301333785057,0.5010100603103638,1.0140347480773926,-0.016424862667918205,1.4366682767868042
2818,4.120734214782715,0.09006119519472122,0.5023500323295593,1.0142730474472046,0.013743041083216667,1.4297869205474854
2819,4.1197075843811035,0.08894997090101242,0.5007100105285645,1.0143451690673828,-0.08357898145914078,1.4382734298706055
2820,4.12038516998291,0.08945787698030472,0.49970003962516785,1.0143147706985474,0.0012624531518667936,1.4450483322143555
2821,4.120098114013672,0.0884385034441948,0.497979998588562,1.0141098499298096,-0.03870109096169472,1.4301140308380127
2822,4.120514869689941,0.08901067078113556,0.4974500238895416,1.013851284980774,-0.017769722267985344,1.4020655155181885
2823,4.1203837394714355,0.09016935527324677,0.49974003434181213,1.0138249397277832,0.04325757175683975,1.4690089225769043
2824,4.119832515716553,0.091206394135952,0.5009400248527527,1.0139203071594238,0.02130378782749176,1.4238547086715698
2825,4.119960784912109,0.08981028199195862,0.5011300444602966,1.0140348672866821,0.010578774847090244,1.4435278177261353
2826,4.1206231117248535,0.0885985717177391,0.5005699992179871,1.0140926837921143,0.059741877019405365,1.433924913406372
2827,4.120372772216797,0.08936712890863419,0.5021300315856934,1.0143086910247803,0.052437152713537216,1.381698727607727
2828,4.120072364807129,0.08873029798269272,0.4998999834060669,1.0142985582351685,-0.003601935924962163,1.4189281463623047
2829,4.1207170486450195,0.08698002994060516,0.500190019607544,1.0143177509307861,0.05741782858967781,1.385256052017212
2830,4.120419979095459,0.09015841037034988,0.49863001704216003,1.0141788721084595,-0.04920794814825058,1.4060276746749878
2831,4.120287895202637,0.09087251126766205,0.5026699900627136,1.0144497156143188,-0.021336568519473076,1.4433228969573975
2832,4.120423316955566,0.08849633485078812,0.49876999855041504,1.0143249034881592,0.015239003114402294,1.4091951847076416
2833,4.12142276763916,0.09035956859588623,0.49959999322891235,1.014284372329712,0.02856169268488884,1.4170585870742798
2834,4.11966609954834,0.0888812243938446,0.501259982585907,1.0144121646881104,0.044717587530612946,1.3939785957336426
2835,4.119749069213867,0.08895386010408401,0.5004599690437317,1.0144588947296143,-0.03636894002556801,1.418243646621704
2836,4.120298385620117,0.08862217515707016,0.5000300407409668,1.014461874961853,0.010501154698431492,1.4573214054107666
2837,4.118898391723633,0.08950779587030411,0.4991000294685364,1.0143705606460571,0.008418603800237179,1.433951735496521
2838,4.119760036468506,0.08821465075016022,0.49956002831459045,1.0143259763717651,-0.003934395033866167,1.4107108116149902
2839,4.119236469268799,0.08867134898900986,0.501479983329773,1.0144761800765991,-0.038975104689598083,1.4015257358551025
2840,4.120026111602783,0.0902818813920021,0.5023699402809143,1.014716625213623,0.048576753586530685,1.43699312210083
2841,4.119634628295898,0.08952262252569199,0.5017200112342834,1.0148911476135254,0.026313718408346176,1.4162392616271973
2842,4.12018346786499,0.08906899392604828,0.5026000142097473,1.0151549577713013,0.050395604223012924,1.4859669208526611
2843,4.120796203613281,0.0893174260854721,0.498710036277771,1.0150240659713745,-0.0006088485824875534,1.4362133741378784
2844,4.120402812957764,0.08812113106250763,0.49869003891944885,1.0148910284042358,0.012498661875724792,1.4348989725112915
2845,4.119344711303711,0.08808402717113495,0.4997100234031677,1.0148615837097168,0.026954857632517815,1.4431960582733154
2846,4.121369361877441,0.09035055339336395,0.5008400082588196,1.0149468183517456,0.0012510605156421661,1.4610356092453003
2847,4.119454383850098,0.08825346827507019,0.49786001443862915,1.014729619026184,0.008140438236296177,1.4555116891860962
2848,4.120112419128418,0.08917313814163208,0.4984400272369385,1.0145713090896606,-0.032643966376781464,1.4661668539047241
2849,4.120076656341553,0.08691747486591339,0.4996800124645233,1.0145388841629028,-0.02491922490298748,1.4758379459381104
2850,4.120172500610352,0.08949077129364014,0.502810001373291,1.0148239135742188,-0.015848951414227486,1.409518837928772
2851,4.120534420013428,0.08947870135307312,0.49818000197410583,1.0146392583847046,0.012647957541048527,1.4275257587432861
2852,4.119616508483887,0.0880519449710846,0.501740038394928,1.0148158073425293,0.01642097905278206,1.4396929740905762
2853,4.11996603012085,0.08854565024375916,0.5005900263786316,1.0148756504058838,0.018359484151005745,1.4373857975006104
2854,4.120028972625732,0.08735363185405731,0.49981001019477844,1.0148563385009766,0.015396681614220142,1.4064463376998901
2855,4.1206793785095215,0.0906078889966011,0.5001300573348999,1.0148695707321167,-0.001547027612105012,1.4360356330871582
2856,4.120153903961182,0.09021621197462082,0.5028200149536133,1.0151557922363281,0.023289011791348457,1.439239263534546
2857,4.120696544647217,0.09103736281394958,0.5037199854850769,1.015533447265625,0.021308617666363716,1.4441684484481812
2858,4.1194610595703125,0.08887238800525665,0.5009100437164307,1.0156258344650269,0.05788005515933037,1.419886589050293
2859,4.120132923126221,0.08843030035495758,0.5001699924468994,1.0156431198120117,-0.0324481800198555,1.4612044095993042
2860,4.120604515075684,0.08828083425760269,0.5,1.0156431198120117,0.020335324108600616,1.4589722156524658
2861,4.120855331420898,0.09071158617734909,0.4983200430870056,1.0154725313186646,-0.02667135000228882,1.449188470840454
2862,4.119852066040039,0.09216833859682083,0.4990900158882141,1.0153801441192627,-0.010184187442064285,1.4456696510314941
2863,4.120767116546631,0.08965127915143967,0.5003499984741211,1.0154157876968384,0.03608940541744232,1.4355716705322266
2864,4.120452880859375,0.0889463797211647,0.4996800422668457,1.015383243560791,-0.01984458602964878,1.436521053314209
2865,4.120960712432861,0.0883098691701889,0.5010700225830078,1.0154919624328613,0.04160211980342865,1.4494882822036743
2866,4.120728969573975,0.08884111046791077,0.4972800016403198,1.0152157545089722,-0.03690701350569725,1.380181074142456
2867,4.120213985443115,0.08809949457645416,0.49758997559547424,1.014971137046814,0.01249703485518694,1.4273347854614258
2868,4.119919776916504,0.08967108279466629,0.501800000667572,1.0151538848876953,0.03683588653802872,1.432185173034668
2869,4.120489597320557,0.08853127062320709,0.4963800013065338,1.0147863626480103,0.0006238556234166026,1.4346078634262085
2870,4.120521545410156,0.08878979831933975,0.4981800615787506,1.014601707458496,-0.04894192889332771,1.433842658996582
2871,4.119856834411621,0.08942436426877975,0.5006999969482422,1.0146727561950684,-0.021148934960365295,1.4493550062179565
2872,4.12043571472168,0.08958448469638824,0.49925002455711365,1.014596700668335,-0.03674771636724472,1.408456802368164
2873,4.120780944824219,0.09159598499536514,0.5008600354194641,1.0146839618682861,-0.03030691295862198,1.471938967704773
2874,4.119670867919922,0.08931364119052887,0.5033700466156006,1.0150259733200073,-0.06407562643289566,1.4271492958068848
2875,4.120670318603516,0.0885809063911438,0.4993000030517578,1.014954924583435,0.00927054788917303,1.4280987977981567
2876,4.1204681396484375,0.08843360096216202,0.5014700293540955,1.015104055404663,-0.00593982357531786,1.4181708097457886
2877,4.121347904205322,0.08949233591556549,0.5012100338935852,1.0152268409729004,0.04647267982363701,1.4417842626571655
2878,4.120274066925049,0.09007681161165237,0.5018600225448608,1.0154156684875488,-0.006176763214170933,1.440250039100647
2879,4.120307922363281,0.08988313376903534,0.500760018825531,1.0154929161071777,-0.004474867135286331,1.4007686376571655
2880,4.1207594871521,0.09029102325439453,0.5010700225830078,1.015601634979248,-0.0030915462411940098,1.3874785900115967
2881,4.120595455169678,0.0859508216381073,0.5001800060272217,1.0156198740005493,0.0015678521012887359,1.4155259132385254
2882,4.120022296905518,0.08768419921398163,0.4987799823284149,1.015496015548706,-0.005746168550103903,1.4682813882827759
2883,4.119385242462158,0.08884405344724655,0.4979100227355957,1.0152838230133057,0.012940708547830582,1.4437713623046875
2884,4.120193004608154,0.0865984782576561,0.4996400475502014,1.0152472257614136,-0.032375019043684006,1.4295648336410522
2885,4.120163917541504,0.08977463841438293,0.49987006187438965,1.0152339935302734,0.012668514624238014,1.4478141069412231
2886,4.120192050933838,0.08983270823955536,0.49748000502586365,1.0149781703948975,0.0049215396866202354,1.4386500120162964
2887,4.12130880355835,0.09000883996486664,0.49702003598213196,1.0146757364273071,-0.028376517817378044,1.513716459274292
2888,4.120109558105469,0.08772287517786026,0.4982500374317169,1.0144981145858765,-0.06840494275093079,1.4636427164077759
2889,4.120837211608887,0.08989839255809784,0.4994499981403351,1.0144423246383667,0.03202209621667862,1.414060115814209
2890,4.120415687561035,0.08882518112659454,0.5004299879074097,1.0144859552383423,0.010074836201965809,1.48594331741333
2891,4.119399070739746,0.08714545518159866,0.4996500015258789,1.0144504308700562,-0.03974305838346481,1.3775213956832886
2892,4.1199774742126465,0.08865830302238464,0.4991000294685364,1.0143591165542603,0.04005219042301178,1.4255112409591675
2893,4.120860576629639,0.09163981676101685,0.501550018787384,1.0145163536071777,-0.07818090915679932,1.3843404054641724
2894,4.119531154632568,0.08804486691951752,0.5003600120544434,1.0145528316497803,-0.014021160081028938,1.4370660781860352
2895,4.120096683502197,0.08917052298784256,0.5022199749946594,1.0147780179977417,-0.0031368371564894915,1.4375441074371338
2896,4.1202802658081055,0.08868555724620819,0.499970018863678,1.014775037765503,0.014356766827404499,1.4526671171188354
2897,4.119877338409424,0.09024257212877274,0.5001600384712219,1.0147912502288818,0.010786177590489388,1.4562807083129883
2898,4.120541095733643,0.0893302708864212,0.5030800104141235,1.015103816986084,0.04008043184876442,1.4531127214431763
2899,4.120617866516113,0.08971503376960754,0.5021500587463379,1.0153220891952515,0.0519014373421669,1.4410229921340942
2900,4.1201090812683105,0.08860182762145996,0.498710036277771,1.0151910781860352,-0.028542697429656982,1.421464443206787
2901,4.121465682983398,0.09076245129108429,0.5001000165939331,1.015201210975647,-0.012065726332366467,1.4764081239700317
2902,4.119784355163574,0.08998975157737732,0.49977001547813416,1.015177845954895,0.025228993967175484,1.4231915473937988
2903,4.120691299438477,0.08932837843894958,0.5021200180053711,1.0153930187225342,-0.049017854034900665,1.454140067100525
2904,4.119865417480469,0.08669266849756241,0.4986800253391266,1.0152589082717896,0.005295643117278814,1.412564992904663
2905,4.120100498199463,0.0885251984000206,0.5015199780464172,1.0154131650924683,0.010961289517581463,1.4018217325210571
2906,4.120672225952148,0.08938847482204437,0.4996200203895569,1.0153745412826538,-0.039895784109830856,1.463689923286438
2907,4.1208600997924805,0.08880296349525452,0.5001000165939331,1.0153846740722656,-0.013837931677699089,1.4617146253585815
2908,4.120784282684326,0.08734012395143509,0.4987899959087372,1.0152617692947388,-0.0029016914777457714,1.4298174381256104
2909,4.12034273147583,0.089895099401474,0.4994300305843353,1.0152039527893066,0.04000137373805046,1.453334927558899
2910,4.120075225830078,0.08749975264072418,0.5008699893951416,1.0152922868728638,0.054059311747550964,1.418520450592041
2911,4.120858669281006,0.0888560563325882,0.5032200217247009,1.015619158744812,-0.007287825923413038,1.4532626867294312
2912,4.120450973510742,0.08959569782018661,0.5017200112342834,1.0157939195632935,0.027933215722441673,1.497244954109192
2913,4.120921611785889,0.08846455067396164,0.5003200173377991,1.0158263444900513,-0.005376089364290237,1.4204726219177246
2914,4.1196064949035645,0.08777321130037308,0.49564000964164734,1.0153834819793701,-0.04521560296416283,1.4037814140319824
2915,4.119601249694824,0.0881778821349144,0.5022600293159485,1.0156129598617554,-0.03674842044711113,1.49925696849823
2916,4.1208367347717285,0.08801954984664917,0.49946001172065735,1.015558123588562,0.06416499614715576,1.449393630027771
2917,4.120318412780762,0.08679282665252686,0.5008900165557861,1.015648603439331,-0.016688905656337738,1.4389522075653076
2918,4.1201491355896,0.08787526935338974,0.5012999773025513,1.0157806873321533,-0.045286815613508224,1.3840057849884033
2919,4.1194305419921875,0.08817348629236221,0.4989199936389923,1.0156710147857666,0.015767788514494896,1.4232769012451172
2920,4.119303226470947,0.08895626664161682,0.502519965171814,1.0159269571304321,0.023158563300967216,1.4240453243255615
2921,4.120604515075684,0.08838550746440887,0.5004799962043762,1.0159757137298584,0.043943021446466446,1.4179707765579224
2922,4.121042728424072,0.08881136029958725,0.5002800822257996,1.016004204750061,-0.0021658192854374647,1.4585013389587402
2923,4.119958877563477,0.08900121599435806,0.49972003698349,1.0159757137298584,-0.011072070337831974,1.4071581363677979
2924,4.120438098907471,0.08919673413038254,0.496969997882843,1.0156677961349487,0.031914930790662766,1.445772409439087
2925,4.121088027954102,0.08893101662397385,0.49813002347946167,1.0154778957366943,0.023755166679620743,1.4629734754562378
2926,4.119847774505615,0.08795616030693054,0.5026499629020691,1.0157469511032104,-0.006177591625601053,1.4568743705749512
2927,4.1194329261779785,0.08765564858913422,0.49980005621910095,1.0157265663146973,-0.04902650788426399,1.459214687347412
2928,4.119743347167969,0.08897656947374344,0.49706003069877625,1.0154279470443726,-0.036217547953128815,1.4665210247039795
2929,4.119990825653076,0.08804093301296234,0.4996800124645233,1.0153954029083252,0.028587274253368378,1.4519108533859253
2930,4.12007474899292,0.08900022506713867,0.4995700418949127,1.0153517723083496,0.0003957863082177937,1.4434453248977661
2931,4.120480537414551,0.08871009200811386,0.49887001514434814,1.0152369737625122,0.013000586070120335,1.4470089673995972
2932,4.120117664337158,0.08693911880254745,0.5017500519752502,1.0154145956039429,0.010046161711215973,1.4791908264160156
2933,4.119724273681641,0.08742611855268478,0.49852001667022705,1.0152642726898193,0.0012658119667321444,1.4287103414535522
2934,4.1205925941467285,0.09051242470741272,0.5018700361251831,1.0154541730880737,-0.022285355255007744,1.4323095083236694
2935,4.120629787445068,0.0881020650267601,0.5003800392150879,1.0154927968978882,-0.04777669534087181,1.4945229291915894
2936,4.120375633239746,0.08629205822944641,0.4991300404071808,1.015404462814331,0.020148159936070442,1.4517333507537842
2937,4.120063781738281,0.08814853429794312,0.50177001953125,1.0155842304229736,0.015021927654743195,1.420536994934082
2938,4.119034290313721,0.08891408890485764,0.5000600218772888,1.0155903100967407,0.02184690348803997,1.4362759590148926
2939,4.120083332061768,0.08817652612924576,0.498339980840683,1.015421748161316,0.0258552934974432,1.492969036102295
2940,4.120975494384766,0.0875796303153038,0.4976300299167633,1.015181064605713,0.012547251768410206,1.4278804063796997
2941,4.119990825653076,0.08669338375329971,0.4986100196838379,1.0150399208068848,0.014515972696244717,1.4388986825942993
2942,4.120199203491211,0.08747974038124084,0.5003600120544434,1.0150765180587769,0.007013946771621704,1.4634082317352295
2943,4.12018346786499,0.08816543221473694,0.4998500347137451,1.0150612592697144,-0.019572842866182327,1.4210789203643799
2944,4.120630264282227,0.08693481236696243,0.49921998381614685,1.0149821043014526,0.008308845572173595,1.4364359378814697
2945,4.120430946350098,0.086168073117733,0.5010299682617188,1.0150866508483887,-0.02241039089858532,1.408541202545166
2946,4.12079381942749,0.08711133152246475,0.49900001287460327,1.0149850845336914,-0.005064268130809069,1.4403271675109863
2947,4.11911153793335,0.08644339442253113,0.4991600215435028,1.0148998498916626,-0.0165452491492033,1.445877194404602
2948,4.121064186096191,0.08797044306993484,0.500760018825531,1.0149770975112915,-0.01951797492802143,1.4352219104766846
2949,4.121096611022949,0.08622857928276062,0.5012900233268738,1.0151079893112183,-0.011473236605525017,1.4618552923202515
2950,4.1202006340026855,0.08579473197460175,0.4983900189399719,1.0149445533752441,-0.000683433550875634,1.396034836769104
2951,4.120431423187256,0.08855794370174408,0.49853000044822693,1.0147954225540161,-0.01020179595798254,1.4439308643341064
2952,4.119852066040039,0.08609669655561447,0.5017900466918945,1.0149770975112915,-0.03829556331038475,1.4766212701797485
2953,4.119664669036865,0.08651833236217499,0.5003899931907654,1.0150166749954224,0.005838760640472174,1.485204815864563
2954,4.119635105133057,0.08862730860710144,0.4999900162220001,1.0150156021118164,-0.01031196303665638,1.4720317125320435
2955,4.1194634437561035,0.08630166202783585,0.5000900030136108,1.0150247812271118,-0.005176196806132793,1.4292051792144775
2956,4.120545864105225,0.08717463910579681,0.4992700219154358,1.0149506330490112,-0.044551052153110504,1.4950324296951294
2957,4.120144367218018,0.08987601846456528,0.4986000061035156,1.0148085355758667,0.0166251752525568,1.4371482133865356
2958,4.119994640350342,0.08939986675977707,0.499860018491745,1.0147943496704102,-0.04520552605390549,1.4113061428070068
2959,4.1206536293029785,0.08695584535598755,0.4996400475502014,1.0147578716278076,-0.03290512040257454,1.4364928007125854
2960,4.119977951049805,0.08557415008544922,0.4984400272369385,1.0145995616912842,-0.04244817793369293,1.436663269996643
2961,4.120589733123779,0.0876593217253685,0.5015400052070618,1.0147558450698853,-0.057935263961553574,1.4714447259902954
2962,4.119925022125244,0.08684399724006653,0.49724000692367554,1.0144758224487305,-0.015308440662920475,1.4328254461288452
2963,4.120340824127197,0.08691585808992386,0.502020001411438,1.0146807432174683,-0.026822945103049278,1.4144911766052246
2964,4.119294166564941,0.08659136295318604,0.502530038356781,1.014937400817871,-0.032797921448946,1.4311856031417847
2965,4.119719982147217,0.08678735792636871,0.4968700110912323,1.0146197080612183,-0.005152653902769089,1.388745665550232
2966,4.119831085205078,0.08851871639490128,0.5009300112724304,1.014714002609253,-0.005640682298690081,1.4235330820083618
2967,4.1203999519348145,0.08880012482404709,0.5009400248527527,1.014809489250183,-0.004213456995785236,1.4470765590667725
2968,4.119509220123291,0.08729930967092514,0.5,1.014809489250183,0.027294553816318512,1.4413056373596191
2969,4.120382785797119,0.0853688195347786,0.49891000986099243,1.01469886302948,-0.025852395221590996,1.4325486421585083
2970,4.119871139526367,0.08744917064905167,0.500190019607544,1.0147180557250977,-0.008379033766686916,1.4672763347625732
2971,4.1204352378845215,0.08795633167028427,0.5003200173377991,1.0147504806518555,0.04323505610227585,1.4290850162506104
2972,4.121385097503662,0.08637560904026031,0.4995199739933014,1.0147018432617188,0.007645114324986935,1.4044842720031738
2973,4.119510650634766,0.0869411900639534,0.5014000535011292,1.0148438215255737,0.0075715696439146996,1.459280252456665
2974,4.120137691497803,0.08724202960729599,0.49862003326416016,1.0147037506103516,-0.00861513614654541,1.4167041778564453
2975,4.119540691375732,0.08893626183271408,0.5031800270080566,1.0150264501571655,-0.058090824633836746,1.481050968170166
2976,4.120339870452881,0.08928684145212173,0.502560019493103,1.0152863264083862,-0.026697305962443352,1.3840142488479614
2977,4.119706153869629,0.08701200038194656,0.49963998794555664,1.0152497291564941,-0.020504560321569443,1.4870023727416992
2978,4.120206356048584,0.08662890642881393,0.4988100230693817,1.0151289701461792,-0.0700136199593544,1.440386176109314
2979,4.120634078979492,0.08688368648290634,0.5001200437545776,1.015141248703003,-0.011553382501006126,1.4219633340835571
2980,4.120029449462891,0.08772382140159607,0.5006200075149536,1.0152041912078857,-0.04887187480926514,1.4285109043121338
2981,4.120238304138184,0.08715740591287613,0.5028800368309021,1.0154966115951538,0.009387935511767864,1.491811990737915
2982,4.1206841468811035,0.08892232924699783,0.5018700361251831,1.0156865119934082,-0.021112674847245216,1.4948070049285889
2983,4.1194682121276855,0.08702495694160461,0.5006300210952759,1.0157504081726074,-0.06507611274719238,1.3976373672485352
2984,4.120704650878906,0.08737128973007202,0.4985499978065491,1.0156030654907227,-0.02887154370546341,1.4284995794296265
2985,4.119566917419434,0.0871841236948967,0.5031099915504456,1.0159189701080322,0.028566936030983925,1.4298337697982788
2986,4.120431900024414,0.08547134697437286,0.4993800222873688,1.0158560276031494,0.005026883911341429,1.4225999116897583
2987,4.1206231117248535,0.08793013542890549,0.49988001585006714,1.0158438682556152,0.009112305007874966,1.4373151063919067
2988,4.120530128479004,0.08962307125329971,0.501520037651062,1.0159982442855835,0.00551327969878912,1.451717734336853
2989,4.1204609870910645,0.0885625034570694,0.5019400119781494,1.016195297241211,0.04780896380543709,1.4135960340499878
2990,4.121256351470947,0.08850176632404327,0.5002999901771545,1.016225814819336,0.04173489287495613,1.502379298210144
2991,4.119789123535156,0.08487079292535782,0.4958200454711914,1.0158010721206665,0.02192861959338188,1.4633986949920654
2992,4.120883941650391,0.08626428991556168,0.4963800311088562,1.015433430671692,-0.014379390515387058,1.4304815530776978
2993,4.120346546173096,0.08630029112100601,0.4943300187587738,1.0148576498031616,-0.027033546939492226,1.4532694816589355
2994,4.120498180389404,0.08713270723819733,0.4986100494861603,1.014716625213623,0.012976433150470257,1.4896540641784668
2995,4.120566368103027,0.08963211625814438,0.5020000338554382,1.014919638633728,-0.0511883981525898,1.4651511907577515
2996,4.120143413543701,0.08658593893051147,0.5007500052452087,1.0149956941604614,0.008462543599307537,1.4352689981460571
2997,4.119569301605225,0.08619332313537598,0.5001599788665771,1.0150119066238403,0.03315546736121178,1.4275668859481812
2998,4.120319366455078,0.08810585737228394,0.5016000270843506,1.0151742696762085,0.08602267503738403,1.4287292957305908
2999,4.120612621307373,0.08550825715065002,0.4992700517177582,1.015100121498108,0.0014471322065219283,1.466461181640625
